Name,Team,W,L,QS,ERA,G,GS,SV,HLD,BS,IP,TBF,H,R,ER,HR,BB,IBB,HBP,SO,K/9,BB/9,K/BB,HR/9,K%,BB%,K-BB%,AVG,WHIP,BABIP,LOB%,GB%,HR/FB,FIP,WAR,RA9-WAR,ADP,InterSD,InterSK,IntraSD,Vol,Skew,Dim,FPTS,FPTS/IP,SPTS,SPTS/IP,P10,P20,P30,P40,P50,P60,P70,P80,P90,TT10,TT20,TT30,TT40,TT50,TT60,TT70,TT80,TT90,NameASCII,PlayerId,MLBAMID
"Tarik Skubal","DET",14,5,,2.54348,32,32,0,0,,199,774,151,60,56,17,37,,6,244,11.0543,1.66304,6.64706,0.782609,0.315202,0.0474198,0.26778242737054825,0.206795,0.945652,0.285057,0.778364,,,2.46122,6.82219,6.81089,6.760000228881836,,,,,,,1229.9,6.180402010050252,1133,5.693467336683417,,,,,,,,,,,,,,,,,,,"Tarik Skubal","22267",669373
"Garrett Crochet","BOS",16,6,,2.78351,32,32,0,0,,199,809,164,67,62,19,53,,4,248,11.2317,2.39284,4.69388,0.879002,0.307076,0.0654206,0.24165553599596024,0.218391,1.09061,0.299107,0.790671,,,2.7716,5.93377,6.25696,11.90999984741211,,,,,,,1137.5,5.71608040201005,1073,5.391959798994975,,,,,,,,,,,,,,,,,,,"Garrett Crochet","27463",676979
"Paul Skenes","PIT",13,6,,2.75459,32,32,0,0,,182,727,145,60,56,16,47,,5,207,10.217,2.30384,4.43478,0.801336,0.284123,0.0640669,0.2200557291507721,0.214393,1.05175,0.284116,0.780312,,,2.87359,5.07359,5.9004,10.270000457763672,,,,,,,1031,5.664835164835165,960,5.274725274725275,,,,,,,,,,,,,,,,,,,"Paul Skenes","33677",694973
"Logan Webb","SFG",16,8,,3.05542,32,32,0,0,,203,831,186,75,69,15,43,,5,192,8.53719,1.88717,4.52381,0.673989,0.231425,0.0511571,0.18026796355843544,0.237726,1.12831,0.297012,0.741463,,,2.91547,5.07082,5.29358,59.97999954223633,,,,,,,1074.1,5.291133004926108,1060,5.221674876847291,,,,,,,,,,,,,,,,,,,"Logan Webb","17995",657277
"Cristopher Sánchez","PHI",11,7,,3.28099,32,32,0,0,,199,818,181,78,73,18,47,,7,192,8.682,2.12002,4.09524,0.807628,0.234973,0.057377,0.1775956228375435,0.236842,1.14414,0.294355,0.737885,,,3.18,4.74983,5.02268,25.65999984741211,,,,,,,1002.6,5.038190954773869,983,4.939698492462312,,,,,,,,,,,,,,,,,,,"Cristopher Sanchez","20778",650911
"Max Fried","NYY",14,9,,3.36842,31,31,0,0,,188,770,162,76,70,15,54,,7,171,8.21053,2.57895,3.18367,0.736842,0.222857,0.07,0.15285714715719223,0.227907,1.1462,0.28,0.719955,,,3.33981,4.18262,4.01688,50.779998779296875,,,,,,,944.5,5.023936170212766,904,4.808510638297872,,,,,,,,,,,,,,,,,,,"Max Fried","13743",608331
"Cole Ragans","KCR",10,7,,3.50847,29,29,0,0,,154,637,124,65,60,16,53,,4,193,11.2881,3.12712,3.60976,0.915254,0.302658,0.0838446,0.218813918530941,0.213483,1.15254,0.291228,0.721476,,,3.06734,4.02582,3.26763,46.599998474121094,,,,,,,835.4000000000002,5.424675324675326,777,5.045454545454546,,,,,,,,,,,,,,,,,,,"Cole Ragans","21846",666142
"Hunter Brown","HOU",14,7,,3.05903,31,31,0,0,,182,748,150,67,62,17,60,,7,193,9.55277,2.9517,3.23636,0.858676,0.258345,0.0798258,0.1785195916891098,0.219745,1.15086,0.281106,0.767878,,,3.34384,3.95141,4.68691,36.72999954223633,,,,,,,932.7,5.124725274725275,874,4.802197802197802,,,,,,,,,,,,,,,,,,,"Hunter Brown","25880",686613
"Chris Sale","ATL",12,5,,3.10345,28,28,0,0,,162,667,137,60,56,17,44,,10,195,10.826,2.45389,4.41176,0.938252,0.292398,0.0662768,0.22612084448337555,0.22293,1.11468,0.298701,0.769868,,,3.09504,3.84728,4.39642,38.939998626708984,,,,,,,861.5,5.317901234567901,817,5.04320987654321,,,,,,,,,,,,,,,,,,,"Chris Sale","10603",519242
"Bryan Woo","SEA",13,10,,3.33333,32,32,0,0,,193,766,159,78,72,24,41,,10,197,9.16667,1.88889,4.85294,1.11111,0.257009,0.0529595,0.20404982566833496,0.221667,1.03086,0.272289,0.733813,,,3.48082,3.82093,3.62182,35.709999084472656,,,,,,,960.6,4.97720207253886,894,4.632124352331606,,,,,,,,,,,,,,,,,,,"Bryan Woo","30279",693433
"Yoshinobu Yamamoto","LAD",12,6,,3.30765,26,26,0,0,,156,614,119,62,57,17,40,,5,167,9.60285,2.29401,4.18605,0.960285,0.271493,0.0648567,0.2066364884376526,0.209756,1.01956,0.266187,0.715259,,,3.24183,3.79603,3.68969,26.860000610351562,,,,,,,834.9000000000002,5.351923076923078,758,4.858974358974359,,,,,,,,,,,,,,,,,,,"Yoshinobu Yamamoto","33825",808967
"Dylan Cease","TOR",11,8,,3.60656,31,31,0,0,,169,707,140,73,68,19,66,,4,197,10.4918,3.49727,3,1.03825,0.278665,0.0928882,0.1857764944434166,0.219002,1.21433,0.285366,0.743945,,,3.54194,3.65815,3.12636,75,,,,,,,836.9000000000001,4.95207100591716,782,4.627218934911243,,,,,,,,,,,,,,,,,,,"Dylan Cease","18525",656302
"Framber Valdez","DET",15,9,,3.39429,31,31,0,0,,200,831,174,81,75,18,67,,9,185,8.33143,3.03429,2.74576,0.822857,0.222222,0.0809328,0.14128942042589188,0.231118,1.21143,0.283058,0.743671,,,3.62085,3.60459,4.38824,85.20999908447266,,,,,,,948.1999999999999,4.741,908,4.54,,,,,,,,,,,,,,,,,,,"Framber Valdez","17295",664285
"Sonny Gray","BOS",13,9,,3.74026,31,31,0,0,,176,735,168,79,73,22,47,,5,182,9.35065,2.3961,3.90244,1.11039,0.248062,0.0635659,0.18449611961841583,0.245,1.22078,0.304038,0.737299,,,3.53773,3.55186,3.32869,134.5500030517578,,,,,,,803.0000000000002,4.562500000000001,802,4.556818181818182,,,,,,,,,,,,,,,,,,,"Sonny Gray","12768",543243
"Jesús Luzardo","PHI",12,10,,3.98628,31,31,0,0,,176,732,156,85,78,23,54,,4,197,10.0499,2.75109,3.65306,1.17904,0.268769,0.0735736,0.19519518315792084,0.231648,1.19152,0.292978,0.705446,,,3.59677,3.49009,2.71533,73.52999877929688,,,,,,,833.9,4.738068181818182,801,4.551136363636363,,,,,,,,,,,,,,,,,,,"Jesus Luzardo","19959",666200
"Ranger Suarez","BOS",13,8,,3.48387,29,29,0,0,,166,702,161,70,64,15,48,,4,145,7.83871,2.6129,3,0.812903,0.206422,0.0688073,0.1376146748661995,0.247934,1.25806,0.298246,0.741163,,,3.51578,3.47528,3.61932,180.74000549316406,,,,,,,759.3000000000001,4.574096385542169,769,4.632530120481928,,,,,,,,,,,,,,,,,,,"Ranger Suarez","17277",624133
"George Kirby","SEA",13,8,,3.53419,31,31,0,0,,168,689,155,72,66,19,31,,7,166,8.89641,1.64523,5.40741,1.03588,0.241722,0.044702,0.19701986387372017,0.238179,1.10359,0.291667,0.718391,,,3.32471,3.43078,2.67643,66.19000244140625,,,,,,,824.5,4.907738095238095,811,4.8273809523809526,,,,,,,,,,,,,,,,,,,"George Kirby","25436",669923
"Andrew Abbott","CIN",9,8,,3.79518,29,29,0,0,,161,672,152,74,68,19,47,,4,144,8.0241,2.60241,3.08333,1.08434,0.214182,0.0694645,0.14471781998872757,0.244131,1.22892,0.288747,0.727273,,,3.85803,3.33715,3.11852,218.0800018310547,,,,,,,697.5,4.332298136645963,693,4.304347826086956,,,,,,,,,,,,,,,,,,,"Andrew Abbott","29911",671096
"Zack Wheeler","PHI",11,6,,3.42657,26,26,0,0,,159,647,136,65,60,17,43,,7,164,9.3007,2.44755,3.8,0.979021,0.253817,0.0667939,0.18702291697263718,0.227743,1.12665,0.285714,0.733652,,,3.43817,3.33365,3.71236,114.33000183105469,,,,,,,791.9000000000002,4.980503144654089,752,4.729559748427673,,,,,,,,,,,,,,,,,,,"Zack Wheeler","10310",554430
"Jacob deGrom","TEX",11,8,,3.48307,29,29,0,0,,162,643,133,68,63,22,39,,2,173,9.57844,2.17692,4.4,1.24395,0.268761,0.061082,0.20767886564135551,0.222015,1.06427,0.273481,0.738095,,,3.57052,3.27289,3.15428,48.790000915527344,,,,,,,805.3999999999999,4.971604938271604,747,4.611111111111111,,,,,,,,,,,,,,,,,,,"Jacob deGrom","10954",594798
"Kevin Gausman","TOR",12,10,,3.77079,31,31,0,0,,178,743,167,81,75,23,51,,2,173,8.7061,2.55083,3.41304,1.16451,0.232249,0.0680473,0.16420119255781174,0.242038,1.21996,0.291111,0.735469,,,3.76976,3.21267,2.84796,116.73999786376953,,,,,,,787.1000000000001,4.4219101123595514,778,4.370786516853933,,,,,,,,,,,,,,,,,,,"Kevin Gausman","14107",592332
"Aaron Nola","PHI",12,10,,4.25197,31,31,0,0,,179,745,171,91,85,26,44,,5,180,9.01933,2.19041,4.11765,1.28848,0.240964,0.0585198,0.18244406953454018,0.244936,1.19542,0.295039,0.690647,,,3.80801,3.20674,2.29859,213.30999755859375,,,,,,,773.2000000000002,4.319553072625699,770,4.301675977653631,,,,,,,,,,,,,,,,,,,"Aaron Nola","16149",605400
"MacKenzie Gore","TEX",11,9,,3.82372,29,29,0,0,,159,673,137,72,67,18,58,,9,182,10.3297,3.31008,3.12069,1.02727,0.270553,0.0866966,0.1838565245270729,0.225914,1.23018,0.292804,0.722749,,,3.59804,3.04929,2.51888,163.1699981689453,,,,,,,762,4.7924528301886795,724,4.553459119496855,,,,,,,,,,,,,,,,,,,"MacKenzie Gore","22201",669022
"Shane McClanahan","TBR",10,6,,3.31536,24,24,0,0,,135,547,115,53,50,16,36,,2,142,9.46092,2.42588,3.9,1.05121,0.26,0.0666667,0.19333332031965256,0.227273,1.12309,0.284722,0.758427,,,3.41366,3.02935,3.1796,202.33999633789062,,,,,,,673.2,4.986666666666667,637,4.718518518518518,,,,,,,,,,,,,,,,,,,"Shane McClanahan","21483",663556
"Spencer Strider","ATL",13,10,,3.86744,28,28,0,0,,156,655,133,73,67,19,52,,8,187,10.7502,3.0153,3.56522,1.11435,0.285217,0.08,0.2052173763513565,0.224138,1.18718,0.293255,0.711207,,,3.51387,2.98161,2.56224,106.55000305175781,,,,,,,768.9000000000001,4.9288461538461545,727,4.660256410256411,,,,,,,,,,,,,,,,,,,"Spencer Strider","27498",675911
"Joe Ryan","MIN",11,10,,3.7669,29,29,0,0,,162,656,140,73,68,24,37,,9,176,9.79395,2.08628,4.69444,1.3329,0.268254,0.0571429,0.21111112460494041,0.22906,1.09466,0.282443,0.725689,,,3.75329,2.97996,2.77527,79.66000366210938,,,,,,,753.5999999999999,4.651851851851851,712,4.395061728395062,,,,,,,,,,,,,,,,,,,"Joe Ryan","21390",657746
"Logan Gilbert","SEA",9,6,,3.42483,29,29,0,0,,160,645,133,66,61,21,39,,5,175,9.82533,2.18964,4.48718,1.17904,0.271318,0.0604651,0.2108527235686779,0.221298,1.07299,0.276543,0.743338,,,3.47824,2.97826,2.84452,35.2400016784668,,,,,,,797.9000000000001,4.986875,745,4.65625,,,,,,,,,,,,,,,,,,,"Logan Gilbert","22250",669302
"Sandy Alcantara","MIA",12,11,,3.99375,31,31,0,0,,189,785,175,91,84,20,52,,7,154,7.3125,2.475,2.95455,0.95625,0.196078,0.066365,0.12971341609954834,0.241436,1.2,0.281116,0.68371,,,3.82889,2.93954,2.92014,145.9199981689453,,,,,,,828.6000000000001,4.3841269841269845,816,4.317460317460317,,,,,,,,,,,,,,,,,,,"Sandy Alcantara","18684",645261
"Kyle Bradish","BAL",6,5,,3.51,26,26,0,0,,130,537,110,54,51,13,41,,6,137,9.54,2.88,3.3125,0.9,0.256039,0.0772947,0.17874398082494736,0.225464,1.17,0.287356,0.728155,,,3.42514,2.93363,2.58869,72.6500015258789,,,,,,,649.1,4.993076923076924,614,4.723076923076923,,,,,,,,,,,,,,,,,,,"Kyle Bradish","24586",680694
"Michael King","SDP",11,8,,3.55462,29,29,0,0,,156,660,135,67,62,18,59,,8,167,9.60504,3.40336,2.82222,1.05882,0.252988,0.0896414,0.16334663331508636,0.228381,1.2437,0.287097,0.755452,,,3.81581,2.88498,2.88379,126.52999877929688,,,,,,,715,4.583333333333333,679,4.352564102564102,,,,,,,,,,,,,,,,,,,"Michael King","19853",650633
"Kris Bubic","KCR",11,7,,3.56604,34,24,0,1,,140,596,130,60,56,13,46,,4,139,8.91509,2.9717,3,0.849057,0.233333,0.0777778,0.15555554628372192,0.237864,1.25472,0.296296,0.739496,,,3.45589,2.79686,2.77637,199.07000732421875,,,,,,,670.1,4.786428571428572,663,4.735714285714286,,,,,,,,,,,,,,,,,,,"Kris Bubic","21455",663460
"Tanner Bibee","CLE",12,10,,3.70909,31,31,0,0,,181,754,165,81,75,23,53,,8,168,8.34546,2.61818,3.1875,1.14545,0.223032,0.0699708,0.15306124091148376,0.237718,1.2,0.282276,0.735469,,,3.93514,2.79642,2.99209,186.02000427246094,,,,,,,780.5,4.3121546961325965,759,4.193370165745856,,,,,,,,,,,,,,,,,,,"Tanner Bibee","30134",676440
"Brandon Woodruff","MIL",10,7,,3.6074,28,28,0,0,,134,548,116,58,54,18,36,,6,143,9.61973,2.40493,4,1.20247,0.261306,0.0653266,0.19597987085580826,0.228261,1.13052,0.282869,0.740741,,,3.65929,2.79327,2.6196,124.94000244140625,,,,,,,628.5999999999999,4.691044776119402,596,4.447761194029851,,,,,,,,,,,,,,,,,,,"Brandon Woodruff","16162",605540
"José Soriano","LAA",11,10,,4.04779,31,31,0,0,,175,755,156,85,79,15,77,,12,163,8.41181,3.98454,2.11111,0.75896,0.21626,0.102439,0.1138211265206337,0.234317,1.33521,0.289673,0.698614,,,3.90112,2.68576,2.38805,339.0899963378906,,,,,,,763.9,4.365142857142857,739,4.222857142857142,,,,,,,,,,,,,,,,,,,"Jose Soriano","22100",667755
"Matthew Boyd","CHC",11,8,,3.83916,29,29,0,0,,160,666,148,74,68,19,45,,7,141,7.93007,2.51748,3.15,1.06993,0.212121,0.0673401,0.14478113502264023,0.240876,1.2028,0.283951,0.71525,,,3.88339,2.57917,2.53948,223.5800018310547,,,,,,,691.5,4.321875,679,4.24375,,,,,,,,,,,,,,,,,,,"Matthew Boyd","15440",571510
"Freddy Peralta","NYM",12,9,,3.86434,29,29,0,0,,156,649,129,73,67,20,59,,7,169,9.74487,3.4163,2.85246,1.1761,0.260479,0.0913174,0.16916166990995407,0.221667,1.20722,0.276543,0.722965,,,3.93787,2.54636,2.26394,56.939998626708984,,,,,,,713.0000000000001,4.570512820512821,660,4.230769230769231,,,,,,,,,,,,,,,,,,,"Freddy Peralta","18679",642547
"Nathan Eovaldi","TEX",10,10,,3.90566,29,29,0,0,,172,706,156,81,75,23,45,,6,156,8.15094,2.37736,3.42857,1.18868,0.220183,0.0642202,0.15596330910921097,0.237624,1.16981,0.278912,0.708812,,,3.94646,2.54586,2.39143,141.13999938964844,,,,,,,743.3000000000001,4.321511627906977,720,4.186046511627907,,,,,,,,,,,,,,,,,,,"Nathan Eovaldi","9132",543135
"Drew Rasmussen","TBR",9,7,,3.55523,31,31,0,0,,149,599,131,63,59,17,38,,4,127,7.63716,2.30432,3.31429,1.0534,0.211293,0.0637523,0.14754099398851395,0.235294,1.13387,0.275132,0.731523,,,3.81546,2.54174,3.00352,142.1199951171875,,,,,,,680.9000000000001,4.569798657718121,652,4.375838926174497,,,,,,,,,,,,,,,,,,,"Drew Rasmussen","25385",656876
"Blake Snell","LAD",9,6,,3.55597,24,24,0,0,,123,514,96,52,49,14,56,,2,155,11.3452,4.06397,2.79167,1.01599,0.301802,0.108108,0.19369369000196457,0.21066,1.23236,0.28629,0.753065,,,3.49262,2.52591,2.55519,145.69000244140625,,,,,,,624.4,5.076422764227642,569,4.626016260162602,,,,,,,,,,,,,,,,,,,"Blake Snell","13543",605483
"Steven Matz","TBR",6,6,,3.83562,37,23,0,1,,136,580,137,62,58,17,35,,4,126,8.35616,2.32877,3.58824,1.09589,0.217857,0.0607143,0.15714286640286446,0.252874,1.26332,0.302083,0.738162,,,3.72874,2.52129,2.01528,735.8699951171875,,,,,,,580.1000000000001,4.265441176470589,598,4.397058823529412,,,,,,,,,,,,,,,,,,,"Steven Matz","13361",571927
"Chase Burns","CIN",7,6,,3.78224,29,21,0,1,,107,444,94,49,45,14,29,,0,126,10.5731,2.40688,4.39286,1.20344,0.282759,0.0643678,0.2183908075094223,0.226044,1.14613,0.288889,0.717131,,,3.32616,2.49949,1.97151,98.58000183105469,,,,,,,544.2000000000002,5.085981308411217,522,4.878504672897196,,,,,,,,,,,,,,,,,,,"Chase Burns","35333",695505
"Nick Pivetta","SDP",10,10,,3.86538,29,29,0,0,,173,701,145,80,74,28,51,,4,188,9.80769,2.65385,3.69565,1.44231,0.268562,0.0726698,0.1958925873041153,0.2247,1.13462,0.273196,0.739437,,,4.00052,2.47824,2.57444,94.97000122070312,,,,,,,769.8000000000002,4.449710982658961,712,4.115606936416185,,,,,,,,,,,,,,,,,,,"Nick Pivetta","15454",601713
"Jack Flaherty","DET",11,10,,4.14013,29,29,0,0,,157,672,141,78,72,21,59,,8,175,10,3.3758,2.96226,1.21019,0.260365,0.0878939,0.17247097194194794,0.233886,1.27389,0.294278,0.71708,,,3.93485,2.43155,1.8895,214.94000244140625,,,,,,,685.9,4.368789808917198,661,4.210191082802548,,,,,,,,,,,,,,,,,,,"Jack Flaherty","17479",656427
"Braxton Ashcraft","PIT",9,9,,3.60671,47,23,0,1,,155,658,149,66,62,16,43,,7,141,8.21994,2.51631,3.26667,0.922647,0.214912,0.0657895,0.14912281185388565,0.244656,1.23952,0.294872,0.739796,,,3.61976,2.40969,2.8708,256.4800109863281,,,,,,,698.8000000000001,4.508387096774194,703,4.535483870967742,,,,,,,,,,,,,,,,,,,"Braxton Ashcraft","23793",677952
"Reid Detmers","LAA",9,9,,4.1161,34,24,0,1,,141,594,123,69,65,17,48,,7,160,10.2111,3.08707,3.30769,1.10818,0.269311,0.0814196,0.18789144605398178,0.228111,1.21372,0.292096,0.692568,,,3.65405,2.4059,1.64448,329.6300048828125,,,,,,,673.5,4.776595744680851,643,4.560283687943262,,,,,,,,,,,,,,,,,,,"Reid Detmers","27468",672282
"Brady Singer","CIN",11,12,,4.39024,31,31,0,0,,163,695,154,85,79,23,53,,11,157,8.67073,2.90854,2.98113,1.2622,0.225714,0.0757143,0.1499999836087227,0.243711,1.26829,0.29011,0.69397,,,4.20221,2.40124,2.14671,360.6700134277344,,,,,,,644.9000000000002,3.9564417177914124,638,3.914110429447853,,,,,,,,,,,,,,,,,,,"Brady Singer","25377",663903
"Mitch Keller","PIT",10,11,,4.02484,31,31,0,0,,171,730,167,83,76,20,51,,12,149,7.82609,2.68323,2.91667,1.06211,0.203488,0.0697674,0.13372093439102173,0.249603,1.27329,0.293617,0.711883,,,4.02955,2.3998,2.61835,543.719970703125,,,,,,,694.2,4.059649122807018,704,4.116959064327485,,,,,,,,,,,,,,,,,,,"Mitch Keller","17594",656605
"Jhoan Duran","PHI",9,3,,2.56372,70,0,29,3,,70,284,54,22,20,3,21,,4,85,10.9295,2.69865,4.05,0.404798,0.298893,0.0738007,0.22509226948022842,0.206478,1.06447,0.294479,0.748503,,,2.37052,2.39518,2.41131,41.66999816894531,,,,,,,592.7,8.467142857142857,563,8.042857142857143,,,,,,,,,,,,,,,,,,,"Jhoan Duran","21029",661395
"David Peterson","NYM",8,8,,4.06849,29,29,0,0,,157,682,150,76,71,14,62,,8,143,8.19863,3.57534,2.2931,0.80137,0.209119,0.091195,0.1179245114326477,0.245184,1.35616,0.298824,0.70634,,,3.80637,2.38295,2.00895,511.54998779296875,,,,,,,675.5999999999999,4.303184713375796,679,4.32484076433121,,,,,,,,,,,,,,,,,,,"David Peterson","20302",656849
"Carlos Rodón","NYY",11,9,,4.03712,28,28,0,0,,148,623,130,72,67,18,54,,6,150,9.11833,3.27146,2.78723,1.11369,0.241252,0.0865562,0.15469612181186676,0.230143,1.23743,0.281977,0.704942,,,3.924,2.38109,1.83559,198.63999938964844,,,,,,,655.8000000000001,4.431081081081081,626,4.22972972972973,,,,,,,,,,,,,,,,,,,"Carlos Rodon","16137",607074
"Jack Leiter","TEX",10,9,,4.04698,28,28,0,0,,147,613,124,71,66,17,58,,5,138,8.45638,3.56376,2.37288,1.02685,0.224719,0.094703,0.1300160437822342,0.225403,1.24161,0.271144,0.700993,,,4.02775,2.3665,1.85615,233.8699951171875,,,,,,,643.3,4.376190476190476,601,4.08843537414966,,,,,,,,,,,,,,,,,,,"Jack Leiter","30146",683004
"Luis Castillo","SEA",11,9,,3.77079,31,31,0,0,,177,734,162,81,74,24,50,,7,163,8.26248,2.55083,3.23913,1.21996,0.221726,0.0684524,0.1532737985253334,0.23871,1.19532,0.280624,0.735294,,,4.02238,2.35188,2.2415,173.16000366210938,,,,,,,748.3999999999999,4.22824858757062,728,4.112994350282486,,,,,,,,,,,,,,,,,,,"Luis Castillo","15689",622491
"Tyler Glasnow","LAD",6,5,,3.76068,24,24,0,0,,127,517,102,58,53,17,47,,1,148,10.5128,3.33333,3.15385,1.19658,0.286047,0.0906977,0.1953488290309906,0.217949,1.17759,0.280632,0.727969,,,3.66695,2.35097,2.17508,121.4800033569336,,,,,,,617.5000000000002,4.862204724409451,566,4.456692913385827,,,,,,,,,,,,,,,,,,,"Tyler Glasnow","14374",607192
"Clay Holmes","NYM",11,9,,3.90441,28,28,0,0,,151,660,153,71,66,12,52,,9,121,7.21324,3.11029,2.31915,0.727941,0.183811,0.079258,0.10455311834812164,0.254647,1.35294,0.301435,0.711744,,,3.7969,2.34575,2.15501,384.6199951171875,,,,,,,631.0000000000002,4.178807947019869,658,4.357615894039735,,,,,,,,,,,,,,,,,,,"Clay Holmes","13649",605280
"Michael Wacha","KCR",10,11,,4.10204,29,29,0,0,,159,665,154,78,72,19,46,,4,121,6.85714,2.63265,2.60465,1.10204,0.181818,0.0698052,0.11201298236846924,0.251318,1.26531,0.284738,0.708955,,,4.16235,2.33112,2.23351,628.9199829101562,,,,,,,634.5000000000001,3.99056603773585,640,4.0251572327044025,,,,,,,,,,,,,,,,,,,"Michael Wacha","14078",608379
"Nick Lodolo","CIN",9,8,,4.24466,28,28,0,0,,148,629,134,75,70,20,40,,20,151,9.15254,2.45394,3.72973,1.19381,0.24,0.0643478,0.1756521686911583,0.236538,1.17907,0.288462,0.675074,,,4.04155,2.32532,2.16314,124.26000213623047,,,,,,,622.8000000000001,4.208108108108108,602,4.0675675675675675,,,,,,,,,,,,,,,,,,,"Nick Lodolo","26378",666157
"Mason Miller","SDP",3,1,,2.47974,66,0,32,2,,66,256,37,19,18,6,24,,2,108,14.7326,3.20908,4.59091,0.875203,0.422594,0.0920502,0.3305439278483391,0.162791,0.923825,0.268519,0.802469,,,2.29235,2.29791,2.37875,29.579999923706055,,,,,,,624.4000000000001,9.460606060606063,558,8.454545454545455,,,,,,,,,,,,,,,,,,,"Mason Miller","31757",695243
"Bailey Ober","MIN",7,8,,4.22449,28,28,0,0,,150,618,145,76,70,23,35,,5,135,8.08163,2.08163,3.88235,1.40816,0.217822,0.0561056,0.16171616688370705,0.250441,1.19728,0.288835,0.702364,,,4.16915,2.2589,1.69271,290.0299987792969,,,,,,,600.1,4.000666666666667,601,4.006666666666667,,,,,,,,,,,,,,,,,,,"Bailey Ober","21224",641927
"Emmet Sheehan","LAD",8,6,,3.98864,42,24,0,1,,134,552,109,64,59,18,47,,6,154,10.3295,3.17045,3.25806,1.22727,0.278237,0.0853994,0.19283747673034668,0.219512,1.17045,0.27907,0.707657,,,3.80559,2.23561,1.77158,113.66999816894531,,,,,,,639.8,4.7746268656716415,589,4.395522388059701,,,,,,,,,,,,,,,,,,,"Emmet Sheehan","29839",686218
"Trevor Rogers","BAL",8,6,,3.94615,26,26,0,0,,135,569,130,64,59,16,41,,4,117,7.82308,2.76923,2.825,1.03846,0.205829,0.0728597,0.13296903669834137,0.247525,1.26923,0.291777,0.715278,,,3.91206,2.22745,1.82906,155.10000610351562,,,,,,,563.2,4.171851851851852,566,4.192592592592592,,,,,,,,,,,,,,,,,,,"Trevor Rogers","22286",669432
"Brandon Pfaadt","ARI",10,9,,4.12429,29,29,0,0,,160,678,161,79,73,21,35,,8,146,8.19209,1.9774,4.14286,1.18644,0.215134,0.0519288,0.16320474818348885,0.253566,1.22411,0.298925,0.700483,,,3.83821,2.2072,2.24139,669.8400268554688,,,,,,,670.1,4.188125,690,4.3125,,,,,,,,,,,,,,,,,,,"Brandon Pfaadt","27782",694297
"Shane Smith","CHW",7,8,,3.98065,29,29,0,0,,151,627,127,72,67,18,55,,12,146,8.70767,3.29648,2.64151,1.05736,0.232558,0.0880399,0.14451827853918076,0.227188,1.2094,0.276316,0.701058,,,4.07501,2.19688,2.13118,247.69000244140625,,,,,,,656.8000000000002,4.3496688741721865,612,4.052980132450331,,,,,,,,,,,,,,,,,,,"Shane Smith","31687",681343
"Gavin Williams","CLE",10,7,,3.59281,31,31,0,0,,160,672,136,69,64,19,66,,5,163,9.22156,3.71257,2.48387,1.07784,0.243286,0.0979463,0.14533964544534683,0.226148,1.26414,0.279188,0.758495,,,3.98011,2.18485,2.92662,139.2899932861328,,,,,,,709.6999999999999,4.435625,666,4.1625,,,,,,,,,,,,,,,,,,,"Gavin Williams","30122",668909
"Gerrit Cole","NYY",8,6,,3.91304,23,23,0,0,,137,563,121,64,60,19,39,,5,132,8.68696,2.58261,3.36364,1.25217,0.235169,0.0699153,0.16525422781705856,0.232184,1.16522,0.275974,0.716846,,,3.97861,2.17559,1.97911,251.36000061035156,,,,,,,597.5000000000001,4.36131386861314,570,4.160583941605839,,,,,,,,,,,,,,,,,,,"Gerrit Cole","13125",543037
"Jeffrey Springs","ATH",10,10,,4.11972,29,29,0,0,,157,658,153,77,72,23,49,,2,134,7.66901,2.78873,2.75,1.33099,0.203361,0.0739496,0.12941177189350128,0.251366,1.28169,0.287469,0.733945,,,4.32528,2.16875,2.19231,746.3099975585938,,,,,,,596.0999999999999,3.796815286624203,601,3.828025477707006,,,,,,,,,,,,,,,,,,,"Jeffrey Springs","17677",605488
"Joe Musgrove","SDP",9,9,,3.8699,28,28,0,0,,156,661,148,72,67,19,41,,15,139,8.03749,2.38148,3.375,1.09151,0.210937,0.0625,0.1484374850988388,0.245014,1.21279,0.289575,0.718816,,,4.01717,2.14701,2.33611,216.8300018310547,,,,,,,645.9000000000001,4.140384615384616,643,4.121794871794871,,,,,,,,,,,,,,,,,,,"Joe Musgrove","12970",605397
"Luis Severino","ATH",9,11,,4.458,29,29,0,0,,169,728,169,91,84,21,52,,12,132,7.04235,2.77818,2.53488,1.09835,0.18197,0.0717863,0.11018364131450653,0.254579,1.30653,0.290476,0.676359,,,4.29809,2.14453,1.54879,732.1699829101562,,,,,,,624.9000000000002,3.6976331360946757,644,3.8106508875739644,,,,,,,,,,,,,,,,,,,"Luis Severino","15890",622663
"Cade Smith","CLE",8,3,,2.71162,70,0,30,3,,70,284,50,23,21,5,22,,5,93,12.0086,2.84075,4.22727,0.645624,0.328622,0.0777385,0.25088340789079666,0.195312,1.033,0.28481,0.753846,,,2.56125,2.12272,2.04732,41.06999969482422,,,,,,,593.5,8.478571428571428,552,7.885714285714286,,,,,,,,,,,,,,,,,,,"Cade Smith","27867",671922
"Casey Mize","DET",9,8,,4.03937,28,28,0,0,,140,595,138,68,63,19,40,,4,126,8.07874,2.55118,3.16667,1.20472,0.211111,0.0666667,0.14444443583488464,0.25,1.26772,0.292683,0.721574,,,4.0249,2.07021,1.84563,273.8699951171875,,,,,,,563.5,4.025,573,4.0928571428571425,,,,,,,,,,,,,,,,,,,"Casey Mize","20492",663554
"Griffin Jax","TBR",6,3,,2.72727,68,0,12,10,,68,274,53,23,21,6,18,,2,91,12,2.31818,5.17647,0.818182,0.330827,0.0639098,0.26691728085279465,0.206478,1.0303,0.294118,0.771812,,,2.51392,2.05568,1.82262,158.50999450683594,,,,,,,513.6000000000001,7.55294117647059,484,7.117647058823529,,,,,,,,,,,,,,,,,,,"Griffin Jax","20253",643377
"Yusei Kikuchi","LAA",8,9,,4.32634,31,31,0,0,,161,708,164,84,78,24,62,,4,165,9.20108,3.47326,2.64912,1.34056,0.233025,0.087963,0.14506173878908157,0.255537,1.40149,0.309179,0.737798,,,4.26581,2.05444,1.60617,494.5799865722656,,,,,,,601.8000000000001,3.7378881987577643,625,3.8819875776397517,,,,,,,,,,,,,,,,,,,"Yusei Kikuchi","20633",579328
"Ryan Pepiot","TBR",11,10,,4.08234,31,31,0,0,,163,674,138,80,74,24,58,,9,162,8.91835,3.20307,2.78431,1.31891,0.240271,0.0862944,0.15397631376981735,0.227444,1.20028,0.271003,0.715288,,,4.29355,2.04833,2.11469,127.69000244140625,,,,,,,675.2,4.142331288343558,626,3.8404907975460123,,,,,,,,,,,,,,,,,,,"Ryan Pepiot","26221",686752
"Nick Martinez","TBR",11,10,,4.26074,47,21,0,1,,151,635,150,77,71,16,42,,5,114,6.81719,2.4909,2.73684,0.983248,0.17962,0.0656304,0.11398963630199432,0.255597,1.27458,0.292566,0.681818,,,3.98,2.03948,1.34467,736.219970703125,,,,,,,621.6000000000001,4.116556291390729,638,4.225165562913907,,,,,,,,,,,,,,,,,,,"Nick Martinez","12730",607259
"Zac Gallen","ARI",14,10,,3.81225,31,31,0,0,,179,745,161,82,76,23,58,,6,165,8.29422,2.93646,2.82456,1.13337,0.221763,0.0785124,0.1432507038116455,0.236802,1.22496,0.28125,0.731441,,,4.01092,2.02978,3.17084,226.77000427246094,,,,,,,761.1000000000003,4.2519553072625715,734,4.100558659217877,,,,,,,,,,,,,,,,,,,"Zac Gallen","19291",668678
"Reynaldo López","ATL",10,7,,3.57498,38,24,0,1,,138,570,121,59,55,15,48,,3,137,8.93744,3.1281,2.85714,0.983118,0.240385,0.0841346,0.1562499925494194,0.23219,1.22145,0.287313,0.743494,,,3.67138,2.01805,2.60178,296.3299865722656,,,,,,,647.1,4.689130434782609,620,4.492753623188406,,,,,,,,,,,,,,,,,,,"Reynaldo Lopez","16400",625643
"Shohei Ohtani","LAD",7,4,,3.56877,23,23,0,0,,114,462,84,50,45,16,44,,7,139,10.9294,3.45725,3.16129,1.22677,0.300613,0.095092,0.20552144199609756,0.203448,1.11524,0.265193,0.737265,,,3.81667,2.00528,2.17193,1.2599999904632568,,,,,,,553.4,4.8543859649122805,487,4.271929824561403,,,,,,,,,,,,,,,,,,,"Shohei Ohtani","19755",660271
"Jacob Misiorowski","MIL",9,7,,3.85604,32,24,0,1,,128,542,100,59,55,15,56,,10,156,10.9512,3.93316,2.78431,1.07969,0.287449,0.103239,0.18421052396297455,0.209677,1.2168,0.276978,0.718954,,,3.80352,2.00004,1.91262,120.58999633789062,,,,,,,620.7,4.84921875,563,4.3984375,,,,,,,,,,,,,,,,,,,"Jacob Misiorowski","31623",694819
"Brayan Bello","BOS",10,9,,4.02327,28,28,0,0,,149,640,143,72,67,16,53,,8,124,7.49541,3.19657,2.34483,0.936926,0.193732,0.0826211,0.1111111044883728,0.247244,1.3166,0.290456,0.711297,,,4.05369,1.99067,2.28816,436.05999755859375,,,,,,,599.0000000000002,4.020134228187921,602,4.040268456375839,,,,,,,,,,,,,,,,,,,"Brayan Bello","23920",678394
"Hunter Greene","CIN",5,4,,3.54745,15,15,0,0,,83,333,61,35,33,10,26,,8,97,10.4453,2.82482,3.69767,1.05109,0.290146,0.0784672,0.21167884021997452,0.203252,1.0438,0.264984,0.704809,,,3.55849,1.94862,1.9365,77.94000244140625,,,,,,,424.6,5.11566265060241,377,4.542168674698795,,,,,,,,,,,,,,,,,,,"Hunter Greene","22182",668881
"Eury Pérez","MIA",7,7,,4.09091,28,28,0,0,,117,476,99,57,53,16,39,,3,119,9.16364,3.02727,3.02703,1.22727,0.249443,0.0824054,0.16703785210847855,0.227384,1.18182,0.276596,0.697248,,,3.96241,1.92268,1.73772,82.4000015258789,,,,,,,523.6000000000003,4.475213675213677,489,4.17948717948718,,,,,,,,,,,,,,,,,,,"Eury Perez","27768",691587
"Merrill Kelly","ARI",10,7,,3.74756,28,28,0,0,,157,650,148,70,65,21,46,,2,136,7.7879,2.635,2.95556,1.22967,0.208791,0.0706436,0.13814756274223328,0.245763,1.23617,0.284404,0.753425,,,4.09805,1.91544,2.98421,260.6400146484375,,,,,,,646.7,4.119108280254777,640,4.076433121019108,,,,,,,,,,,,,,,,,,,"Merrill Kelly","11156",518876
"Nolan McLean","NYM",10,8,,3.9375,26,26,0,0,,142,610,126,67,62,15,55,,13,140,8.875,3.5,2.53571,0.9375,0.228663,0.0901771,0.13848631083965302,0.231884,1.27778,0.286076,0.711656,,,3.95458,1.91136,2.00182,89.47000122070312,,,,,,,614.6999999999999,4.32887323943662,591,4.161971830985915,,,,,,,,,,,,,,,,,,,"Nolan McLean","33703",690997
"Jacob Lopez","ATH",8,8,,3.9793,23,23,0,0,,120,510,105,57,53,16,47,,8,130,9.73659,3.55597,2.7381,1.18532,0.253863,0.0927152,0.16114789247512817,0.230198,1.26999,0.287273,0.727903,,,4.06646,1.88384,1.86568,527.8499755859375,,,,,,,513.2,4.276666666666667,487,4.058333333333334,,,,,,,,,,,,,,,,,,,"Jacob Lopez","25098",682052
"Grayson Rodriguez","LAA",6,7,,4.09514,23,23,0,0,,115,491,107,57,53,16,38,,5,121,9.40021,2.97828,3.15625,1.20993,0.245742,0.0778589,0.16788320243358612,0.24,1.26163,0.295019,0.712909,,,3.91073,1.88357,1.45159,261.6400146484375,,,,,,,489.00000000000006,4.252173913043479,480,4.173913043478261,,,,,,,,,,,,,,,,,,,"Grayson Rodriguez","24492",680570
"Shane Bieber","TOR",7,6,,3.65925,31,19,0,1,,118,484,111,51,48,15,27,,2,106,8.10261,2.091,3.875,1.13262,0.218824,0.0564706,0.16235294565558434,0.243108,1.17135,0.286689,0.7393,,,3.72565,1.87103,1.96372,309.9700012207031,,,,,,,529.1,4.483898305084746,524,4.440677966101695,,,,,,,,,,,,,,,,,,,"Shane Bieber","19427",669456
"Bubba Chandler","PIT",8,7,,3.88589,38,26,0,1,,135,578,122,63,58,15,51,,11,127,8.46569,3.40015,2.4898,0.971473,0.219031,0.0879713,0.13105925172567368,0.237425,1.28759,0.288089,0.719132,,,4.04493,1.86973,2.06065,154.25999450683594,,,,,,,569.3,4.217037037037037,552,4.088888888888889,,,,,,,,,,,,,,,,,,,"Bubba Chandler","29868",696149
"Bryce Miller","SEA",8,7,,4.02439,26,26,0,0,,139,571,123,66,62,18,41,,6,123,7.97561,2.63415,3.02778,1.17073,0.21499,0.0710059,0.14398423582315445,0.233906,1.17886,0.272727,0.701468,,,4.05384,1.86833,1.49707,250.27000427246094,,,,,,,592.4000000000001,4.261870503597123,566,4.071942446043166,,,,,,,,,,,,,,,,,,,"Bryce Miller","29837",682243
"Zebby Matthews","MIN",7,6,,3.92698,33,19,0,1,,112,478,111,53,49,16,27,,2,118,9.45681,2.16385,4.37037,1.28228,0.246862,0.0564854,0.19037656486034393,0.247216,1.22885,0.301587,0.735294,,,3.66051,1.86434,1.47996,293.55999755859375,,,,,,,496.4000000000002,4.432142857142859,505,4.508928571428571,,,,,,,,,,,,,,,,,,,"Zebby Matthews","31827",805673
"Aroldis Chapman","BOS",6,3,,2.92089,62,0,31,2,,62,254,44,21,20,5,28,,1,89,12.9615,4.01623,3.22727,0.730223,0.351485,0.108911,0.2425742745399475,0.195531,1.15619,0.298077,0.77821,,,2.70917,1.83699,1.88618,63.290000915527344,,,,,,,536.9,8.65967741935484,499,8.048387096774194,,,,,,,,,,,,,,,,,,,"Aroldis Chapman","10233",547973
"Ryne Nelson","ARI",9,6,,3.87653,38,28,0,1,,170,705,161,79,73,22,46,,5,139,7.3654,2.45513,3,1.16296,0.196891,0.0656304,0.13126077502965927,0.24581,1.22039,0.281481,0.725138,,,4.08273,1.83461,2.76152,261.8399963378906,,,,,,,697.8000000000001,4.104705882352942,693,4.076470588235294,,,,,,,,,,,,,,,,,,,"Ryne Nelson","26253",669194
"Foster Griffin","WSN",6,8,,4.31015,35,23,0,1,,140,594,137,72,67,19,40,,6,131,8.41505,2.56556,3.28,1.23147,0.22043,0.0672043,0.15322580933570862,0.250729,1.26568,0.297189,0.700637,,,4.03593,1.82585,1.44277,999,,,,,,,574.0999999999999,4.100714285714285,581,4.15,,,,,,,,,,,,,,,,,,,"Foster Griffin","16432",656492
"Justin Verlander","DET",7,7,,4.24084,26,26,0,0,,139,590,138,71,65,19,45,,5,113,7.33732,2.89454,2.53488,1.21167,0.191564,0.0755712,0.1159929633140564,0.255278,1.31638,0.291878,0.71618,,,4.33185,1.81175,1.47398,707.4299926757812,,,,,,,512.1000000000001,3.6841726618705044,524,3.7697841726618706,,,,,,,,,,,,,,,,,,,"Justin Verlander","8700",434378
"Chris Bassitt","BAL",11,9,,4.05298,37,29,0,1,,168,725,162,82,76,22,59,,12,153,8.22517,3.15894,2.60377,1.19205,0.211656,0.0812883,0.13036809116601944,0.248299,1.31788,0.293023,0.730994,,,4.3007,1.79795,1.93656,376.2099914550781,,,,,,,648.3999999999999,3.8595238095238087,651,3.875,,,,,,,,,,,,,,,,,,,"Chris Bassitt","12304",605135
"Dustin May","STL",10,11,,4.14783,36,26,0,1,,164,688,144,81,76,19,59,,14,147,8.06087,3.2087,2.5122,1.01739,0.213693,0.0850622,0.12863069772720337,0.234339,1.23478,0.279365,0.686591,,,4.14383,1.79475,1.90919,582.219970703125,,,,,,,684.5000000000001,4.173780487804879,652,3.975609756097561,,,,,,,,,,,,,,,,,,,"Dustin May","19716",669160
"Matthew Liberatore","STL",9,10,,4.10023,28,28,0,0,,143,608,138,71,65,16,45,,7,121,7.58542,2.80182,2.70732,1.02506,0.198214,0.0732143,0.1249999925494194,0.247563,1.27563,0.289406,0.70068,,,4.00074,1.79413,1.73126,661.97998046875,,,,,,,588.6000000000001,4.116083916083917,593,4.146853146853147,,,,,,,,,,,,,,,,,,,"Matthew Liberatore","22294",669461
"Spencer Schwellenbach","ATL",6,4,,3.39214,15,15,0,0,,91,364,81,37,34,11,17,,4,89,8.80513,1.65998,5.30435,1.0826,0.244,0.046,0.1980000026524067,0.235169,1.07458,0.286567,0.734513,,,3.41581,1.77778,2.09986,713.1500244140625,,,,,,,442.4999999999999,4.862637362637361,427,4.6923076923076925,,,,,,,,,,,,,,,,,,,"Spencer Schwellenbach","31846",680885
"Simeon Woods Richardson","MIN",6,6,,4.15818,32,24,0,1,,130,550,121,65,60,17,47,,3,119,8.24589,3.24197,2.54348,1.19812,0.216667,0.0851852,0.13148148357868195,0.242363,1.29209,0.285714,0.715297,,,4.18447,1.76802,1.45772,606.760009765625,,,,,,,530.3,4.079230769230769,521,4.007692307692308,,,,,,,,,,,,,,,,,,,"Simeon Woods Richardson","24494",680573
"Quinn Priester","MIL",9,7,,4.09091,24,24,0,0,,146,620,136,71,66,17,49,,7,125,7.74126,3.02098,2.5625,1.06993,0.202303,0.0789474,0.12335526943206787,0.240506,1.26573,0.280872,0.706107,,,4.11416,1.76191,2.02864,324.8399963378906,,,,,,,599.7,4.107534246575343,591,4.0479452054794525,,,,,,,,,,,,,,,,,,,"Quinn Priester","25977",682990
"Kyle Freeland","COL",8,11,,4.86667,29,29,0,0,,151,664,173,89,82,22,39,,6,112,6.66667,2.33333,2.85714,1.33333,0.168919,0.0591216,0.10979729890823364,0.278986,1.4,0.310185,0.68323,,,4.46847,1.75793,1.66435,999,,,,,,,486.00000000000006,3.2185430463576163,558,3.6953642384105962,,,,,,,,,,,,,,,,,,,"Kyle Freeland","16256",607536
"Cam Schlittler","NYY",8,7,,4.05594,23,23,0,0,,115,489,104,56,52,15,41,,5,117,9.16084,3.21678,2.84783,1.18881,0.239051,0.0839416,0.1551094874739647,0.233871,1.25874,0.284483,0.716353,,,4.02869,1.74941,1.42064,130.97000122070312,,,,,,,492.1,4.2791304347826085,476,4.139130434782609,,,,,,,,,,,,,,,,,,,"Cam Schlittler","32095",693645
"Shane Baz","BAL",9,9,,4.26752,28,28,0,0,,144,610,132,73,68,20,50,,8,142,8.8535,3.12102,2.83673,1.27389,0.232441,0.0819398,0.15050166100263596,0.238447,1.25973,0.28534,0.706667,,,4.21794,1.74117,1.45603,194.33999633789062,,,,,,,586.4000000000001,4.072222222222223,570,3.9583333333333335,,,,,,,,,,,,,,,,,,,"Shane Baz","22264",669358
"Edward Cabrera","CHC",8,6,,3.87692,26,26,0,0,,135,562,109,63,58,17,53,,8,144,9.62308,3.53077,2.72549,1.10769,0.256458,0.0940959,0.16236162930727005,0.217391,1.2,0.271341,0.711078,,,3.95821,1.73879,2.08239,177.49000549316406,,,,,,,611.5,4.529629629629629,559,4.140740740740741,,,,,,,,,,,,,,,,,,,"Edward Cabrera","21690",665795
"Taj Bradley","MIN",6,7,,4.2654,33,23,0,1,,130,549,121,67,61,17,45,,4,119,8.28707,3.10765,2.66667,1.15775,0.2176,0.0816,0.13599999994039536,0.242105,1.27962,0.286747,0.695813,,,4.083,1.73369,1.22983,547.6699829101562,,,,,,,533.3,4.102307692307692,524,4.030769230769231,,,,,,,,,,,,,,,,,,,"Taj Bradley","22543",671737
"Edwin Díaz","LAD",7,2,,2.9331,66,0,36,3,,66,267,46,24,22,7,23,,6,95,12.9674,3.08748,4.2,0.926244,0.355932,0.0847458,0.2711864337325096,0.194313,1.04631,0.289256,0.760456,,,2.87785,1.72304,1.69269,33.66999816894531,,,,,,,577.7,8.753030303030304,534,8.090909090909092,,,,,,,,,,,,,,,,,,,"Edwin Diaz","14710",621242
"Grant Taylor","CHW",5,5,,3.58047,80,3,5,15,,90,377,78,39,36,8,29,,0,98,9.76492,2.92948,3.33333,0.813743,0.258621,0.0775862,0.18103447556495667,0.224299,1.19349,0.288591,0.711864,,,3.11705,1.70099,1.06437,498.0199890136719,,,,,,,558.8,6.208888888888889,540,6,,,,,,,,,,,,,,,,,,,"Grant Taylor","33927",691799
"Michael McGreevy","STL",9,8,,3.91558,31,23,0,1,,132,552,132,62,57,15,31,,3,95,6.48701,2.1039,3.08333,0.993506,0.17236,0.0559006,0.11645962297916412,0.254545,1.23377,0.287212,0.709988,,,3.88838,1.68497,1.87362,727.2999877929688,,,,,,,541.1000000000001,4.0992424242424255,557,4.21969696969697,,,,,,,,,,,,,,,,,,,"Michael McGreevy","29869",700241
"Noah Cameron","KCR",8,8,,4.07643,26,26,0,0,,136,571,130,66,61,18,42,,5,117,7.7707,2.80255,2.77273,1.21019,0.205042,0.0739496,0.13109243661165237,0.247253,1.26681,0.28642,0.721785,,,4.19671,1.67792,1.98348,270.2200012207031,,,,,,,540.0000000000001,3.9705882352941186,539,3.963235294117647,,,,,,,,,,,,,,,,,,,"Noah Cameron","30184",702070
"Chad Patrick","MIL",7,8,,4.36765,26,26,0,0,,135,570,125,70,65,21,44,,6,131,8.73529,2.91176,3,1.38971,0.229565,0.0765217,0.1530434787273407,0.24,1.25,0.282258,0.704125,,,4.30425,1.67008,1.42967,310.0199890136719,,,,,,,527.7,3.9088888888888893,514,3.8074074074074074,,,,,,,,,,,,,,,,,,,"Chad Patrick","30113",694477
"Shota Imanaga","CHC",8,7,,3.96185,26,26,0,0,,141,576,131,67,62,25,32,,4,130,8.25385,2.04696,4.03226,1.58474,0.22482,0.0557554,0.16906475648283958,0.241843,1.15187,0.274194,0.745543,,,4.36037,1.6501,2.0481,165.86000061035156,,,,,,,547.3000000000001,3.8815602836879437,532,3.773049645390071,,,,,,,,,,,,,,,,,,,"Shota Imanaga","33829",684007
"Bryan Abreu","HOU",4,2,,2.7,68,0,5,13,,68,281,49,22,20,6,29,,4,93,12.3429,3.85714,3.2,0.771429,0.33218,0.103806,0.2283737063407898,0.196078,1.14286,0.287582,0.796089,,,2.96371,1.63173,1.92241,195.02999877929688,,,,,,,466.0000000000001,6.85294117647059,426,6.264705882352941,,,,,,,,,,,,,,,,,,,"Bryan Abreu","16609",650556
"Trey Yesavage","TOR",4,3,,3.88073,37,23,0,1,,110,460,90,52,48,12,48,,2,117,9.57798,3.88073,2.46809,0.990826,0.254945,0.103297,0.1516483649611473,0.219212,1.24771,0.276978,0.713087,,,3.78651,1.62867,1.38841,154.8000030517578,,,,,,,520.4,4.7309090909090905,482,4.381818181818182,,,,,,,,,,,,,,,,,,,"Trey Yesavage","35456",702056
"Davis Martin","CHW",7,9,,4.43816,28,28,0,0,,141,603,140,75,69,18,47,,7,110,7.0574,2.98302,2.36585,1.16411,0.183019,0.0773585,0.10566037893295288,0.254658,1.32579,0.289189,0.69209,,,4.38817,1.6137,1.19467,999,,,,,,,516.0000000000001,3.6595744680851072,529,3.75177304964539,,,,,,,,,,,,,,,,,,,"Davis Martin","21448",663436
"Cody Ponce","TOR",8,8,,4.1958,47,19,0,1,,141,594,131,71,66,21,44,,5,139,8.88112,2.7972,3.175,1.32867,0.233886,0.0736648,0.16022098809480667,0.240964,1.2432,0.286932,0.712144,,,4.1297,1.60239,1.20876,262.2099914550781,,,,,,,579.5000000000001,4.1099290780141855,567,4.0212765957446805,,,,,,,,,,,,,,,,,,,"Cody Ponce","17920",664074
"Braxton Garrett","MIA",7,5,,3.92585,31,23,0,1,,124,521,121,58,54,16,30,,9,106,7.75354,2.15921,3.59091,1.17775,0.204134,0.0568475,0.14728682860732079,0.251397,1.22137,0.292135,0.72479,,,4.06207,1.59697,1.98454,501.1400146484375,,,,,,,505.19999999999993,4.074193548387096,511,4.120967741935484,,,,,,,,,,,,,,,,,,,"Braxton Garrett","21844",666129
"Landen Roupp","SFG",7,7,,3.79137,31,23,0,1,,122,525,114,55,51,12,47,,4,115,8.48546,3.43029,2.47368,0.902708,0.219626,0.0887851,0.13084112107753754,0.24031,1.31394,0.293286,0.735043,,,3.78709,1.58435,1.84868,698.9199829101562,,,,,,,539.8000000000002,4.424590163934428,535,4.385245901639344,,,,,,,,,,,,,,,,,,,"Landen Roupp","30076",694738
"Joey Cantillo","CLE",8,5,,3.65094,54,21,0,1,,139,595,120,61,57,17,62,,4,155,10.0189,3.99057,2.51064,1.10377,0.261062,0.103982,0.15707963705062866,0.226368,1.30189,0.287823,0.767947,,,3.91816,1.56285,1.96735,276.8299865722656,,,,,,,623.5000000000001,4.485611510791368,590,4.244604316546763,,,,,,,,,,,,,,,,,,,"Joey Cantillo","23335",676282
"Roki Sasaki","LAD",6,5,,4.11489,38,18,0,1,,108,462,97,53,50,15,37,,8,124,10.34,3.05979,3.37931,1.26612,0.269231,0.0796703,0.1895604506134987,0.231003,1.23095,0.292237,0.714286,,,3.89715,1.55645,1.21091,252.8800048828125,,,,,,,479.50000000000006,4.439814814814816,462,4.277777777777778,,,,,,,,,,,,,,,,,,,"Roki Sasaki","35323",808963
"Cade Horton","CHC",8,7,,3.888,24,24,0,0,,121,495,105,56,52,15,36,,5,105,7.848,2.664,2.94595,1.152,0.212476,0.0721248,0.14035088568925858,0.231423,1.168,0.268786,0.711974,,,4.06314,1.55632,1.91588,183.4499969482422,,,,,,,524.9000000000001,4.33801652892562,497,4.107438016528926,,,,,,,,,,,,,,,,,,,"Cade Horton","31872",690990
"Devin Williams","NYM",7,4,,3.14136,64,0,32,3,,64,258,44,25,22,6,26,,3,88,12.4084,3.61257,3.43478,0.78534,0.341991,0.0995671,0.24242426455020905,0.190244,1.08202,0.280992,0.727273,,,2.87336,1.54616,1.25821,62.310001373291016,,,,,,,546.4,8.5375,503,7.859375,,,,,,,,,,,,,,,,,,,"Devin Williams","15816",642207
"Mike Burrows","HOU",4,4,,3.96226,34,24,0,1,,122,511,109,58,54,18,41,,4,123,9.0566,2.99191,3.02703,1.2938,0.24086,0.0795699,0.16129032522439957,0.233491,1.22192,0.280405,0.730634,,,4.0965,1.54248,1.5719,263.3399963378906,,,,,,,513.0000000000002,4.204918032786887,491,4.024590163934426,,,,,,,,,,,,,,,,,,,"Mike Burrows","24728",681347
"Jameson Taillon","CHC",10,8,,4.24466,28,28,0,0,,144,595,141,73,68,23,33,,3,111,6.96389,2.05601,3.3871,1.4591,0.186833,0.0551601,0.13167258352041245,0.251894,1.20855,0.276808,0.713213,,,4.44685,1.52155,1.61529,423.0299987792969,,,,,,,530.1000000000001,3.681250000000001,535,3.7152777777777777,,,,,,,,,,,,,,,,,,,"Jameson Taillon","11674",592791
"Pete Fairbanks","MIA",6,3,,3.18436,62,0,27,4,,62,253,51,24,22,5,22,,1,64,9.21788,3.18436,2.89474,0.670391,0.251142,0.086758,0.16438355296850204,0.221106,1.17318,0.285714,0.731707,,,3.17238,1.48608,1.43157,113,,,,,,,474.69999999999993,7.656451612903225,455,7.338709677419355,,,,,,,,,,,,,,,,,,,"Pete Fairbanks","17998",664126
"David Bednar","NYY",6,4,,3.23002,65,0,33,2,,65,266,51,25,23,7,21,,2,83,11.4519,2.93638,3.9,1.02773,0.310757,0.0796813,0.23107567429542542,0.209607,1.1093,0.284722,0.756014,,,3.15145,1.48319,1.32011,63.209999084472656,,,,,,,532.3,8.189230769230768,504,7.753846153846154,,,,,,,,,,,,,,,,,,,"David Bednar","19569",670280
"Eduardo Rodriguez","ARI",8,8,,4.15385,31,23,0,1,,131,565,132,65,60,18,46,,2,118,8.1,3.18462,2.54348,1.24615,0.208556,0.0819964,0.12655971199274063,0.255361,1.36154,0.298942,0.737813,,,4.24283,1.47982,1.69687,999,,,,,,,500.8000000000001,3.8229007633587795,517,3.946564885496183,,,,,,,,,,,,,,,,,,,"Eduardo Rodriguez","13164",593958
"Cristian Javier","HOU",8,9,,4.35165,28,28,0,0,,138,584,120,73,67,20,62,,5,132,8.6044,4.05495,2.12195,1.28571,0.225389,0.106218,0.11917097866535187,0.230994,1.31868,0.272727,0.707269,,,4.53074,1.4782,1.14854,513.780029296875,,,,,,,526.2,3.81304347826087,493,3.572463768115942,,,,,,,,,,,,,,,,,,,"Cristian Javier","17606",664299
"Garrett Whitlock","BOS",6,3,,3.16901,70,0,3,14,,70,287,60,27,25,7,18,,3,80,10.2676,2.28169,4.5,0.887324,0.278351,0.0618557,0.2164948582649231,0.225926,1.11268,0.296703,0.751445,,,3.02246,1.47029,1.5146,668.8400268554688,,,,,,,443.9,6.341428571428571,427,6.1,,,,,,,,,,,,,,,,,,,"Garrett Whitlock","20191",676477
"Cade Cavalli","WSN",6,8,,4.46872,26,26,0,0,,119,521,115,64,59,13,44,,12,104,7.86495,3.30685,2.37838,0.983118,0.199095,0.0837104,0.11538461595773697,0.248101,1.34062,0.293919,0.677258,,,4.20763,1.46412,1.07633,339.3999938964844,,,,,,,461.69999999999993,3.879831932773109,466,3.9159663865546217,,,,,,,,,,,,,,,,,,,"Cade Cavalli","27473",676917
"Robbie Ray","SFG",9,9,,4.04082,31,31,0,0,,168,708,155,81,75,25,60,,6,164,8.81633,3.2449,2.71698,1.34694,0.231884,0.0853462,0.14653784781694412,0.241563,1.28571,0.287154,0.745891,,,4.3052,1.4578,2.26452,168.83999633789062,,,,,,,662.7,3.9446428571428576,645,3.8392857142857144,,,,,,,,,,,,,,,,,,,"Robbie Ray","11486",592662
"Aaron Civale","ATH",7,7,,4.57197,24,24,0,0,,126,530,117,68,64,19,40,,7,110,7.87394,2.87865,2.73529,1.35466,0.207127,0.0757238,0.1314031109213829,0.242054,1.25118,0.276667,0.678119,,,4.47098,1.45112,1.13915,999,,,,,,,473.50000000000006,3.7579365079365084,462,3.6666666666666665,,,,,,,,,,,,,,,,,,,"Aaron Civale","19479",650644
"Adrian Houser","SFG",8,8,,4.11997,26,26,0,0,,146,630,150,72,67,15,48,,7,102,6.32202,2.98343,2.11905,0.923441,0.162409,0.0766423,0.08576643466949463,0.26,1.35754,0.29397,0.708713,,,4.20065,1.41582,1.79953,746.1900024414062,,,,,,,544.9000000000001,3.7321917808219185,574,3.9315068493150687,,,,,,,,,,,,,,,,,,,"Adrian Houser","12718",605288
"Seth Lugo","KCR",8,9,,4.28891,28,28,0,0,,158,675,156,81,75,24,53,,6,131,7.43857,3.01564,2.46667,1.34028,0.194056,0.0786713,0.11538460850715637,0.252874,1.31794,0.286445,0.724832,,,4.53499,1.40876,1.8671,487.3999938964844,,,,,,,553.4,3.5025316455696203,563,3.5632911392405062,,,,,,,,,,,,,,,,,,,"Seth Lugo","12447",607625
"Josh Hader","HOU",7,3,,3.12614,61,0,29,3,,61,243,41,23,21,8,23,,2,87,12.8336,3.45521,3.71429,1.15174,0.357798,0.0963303,0.261467881500721,0.189744,1.06033,0.272727,0.767635,,,3.20826,1.40698,1.33278,114.19000244140625,,,,,,,502.4000000000001,8.236065573770492,457,7.491803278688525,,,,,,,,,,,,,,,,,,,"Josh Hader","14212",623352
"Zach Eflin","BAL",9,10,,4.38169,34,24,0,1,,147,614,153,77,72,23,29,,4,110,6.74781,1.75268,3.85,1.40214,0.179907,0.046729,0.13317757472395897,0.264198,1.23661,0.291667,0.697897,,,4.3328,1.40383,1.11909,572.4199829101562,,,,,,,532.0999999999999,3.619727891156462,561,3.816326530612245,,,,,,,,,,,,,,,,,,,"Zach Eflin","13774",621107
"Jose Quintana","COL",9,9,,4.30966,26,26,0,0,,140,607,139,73,67,18,57,,6,101,6.46449,3.66321,1.76471,1.14924,0.165746,0.0939227,0.07182320952415466,0.25462,1.39665,0.283465,0.720839,,,4.69938,1.39647,2.4071,999,,,,,,,466.20000000000005,3.3300000000000005,479,3.4214285714285713,,,,,,,,,,,,,,,,,,,"Jose Quintana","11423",500779
"Andrés Muñoz","SEA",5,2,,2.78956,64,0,28,3,,64,257,44,22,20,5,24,,4,84,11.7455,3.37684,3.47826,0.734095,0.325203,0.0934959,0.23170733451843262,0.191781,1.06036,0.276119,0.758621,,,2.90675,1.39129,1.51487,41.279998779296875,,,,,,,533.7,8.3390625,491,7.671875,,,,,,,,,,,,,,,,,,,"Andres Munoz","20373",662253
"Will Warren","NYY",7,7,,4.47729,43,21,0,1,,129,557,121,70,64,18,48,,6,129,8.95458,3.3093,2.70588,1.23288,0.231156,0.0854271,0.14572864770889282,0.240741,1.30497,0.289817,0.686529,,,4.15893,1.38716,0.674768,339.260009765625,,,,,,,518.5999999999999,4.02015503875969,511,3.9612403100775193,,,,,,,,,,,,,,,,,,,"Will Warren","30182",701542
"Justin Steele","CHC",5,3,,3.52264,15,15,0,0,,79,329,72,33,31,9,21,,2,74,8.35764,2.4175,3.45714,0.966999,0.22366,0.064695,0.1589648798108101,0.237052,1.18189,0.286104,0.736607,,,3.57259,1.37653,1.63787,533.719970703125,,,,,,,365.7,4.629113924050633,357,4.518987341772152,,,,,,,,,,,,,,,,,,,"Justin Steele","17312",657006
"Dean Kremer","BAL",8,8,,4.27699,38,21,0,1,,136,572,133,70,64,19,41,,4,114,7.57637,2.74949,2.75556,1.2831,0.199357,0.0723473,0.12700964510440826,0.253054,1.28988,0.28972,0.709838,,,4.30282,1.36605,1.10833,999,,,,,,,523.9000000000001,3.852205882352942,530,3.8970588235294117,,,,,,,,,,,,,,,,,,,"Dean Kremer","19350",665152
"Abner Uribe","MIL",3,1,,3.07578,72,0,19,7,,72,296,50,27,25,5,33,,5,87,10.8321,4.14562,2.6129,0.668648,0.292419,0.111913,0.1805053949356079,0.195021,1.15899,0.270968,0.746479,,,3.29858,1.34938,1.70803,160.33999633789062,,,,,,,524.3000000000001,7.281944444444445,478,6.638888888888889,,,,,,,,,,,,,,,,,,,"Abner Uribe","25327",682842
"Slade Cecconi","CLE",7,10,,4.38148,28,28,0,0,,152,637,150,80,74,24,38,,6,127,7.5419,2.22666,3.3871,1.43655,0.19962,0.0589354,0.14068441092967987,0.253061,1.23703,0.284931,0.700787,,,4.39611,1.347,1.25724,707.8400268554688,,,,,,,561.5999999999999,3.6947368421052627,570,3.75,,,,,,,,,,,,,,,,,,,"Slade Cecconi","27500",677944
"Zack Littell","WSN",7,9,,4.68445,26,26,0,0,,150,630,158,84,78,26,30,,6,114,6.85101,1.81522,3.77419,1.581,0.181395,0.048062,0.13333333656191826,0.266447,1.25569,0.290948,0.689433,,,4.61855,1.3337,1.03175,731.7000122070312,,,,,,,499.40000000000003,3.3293333333333335,532,3.546666666666667,,,,,,,,,,,,,,,,,,,"Zack Littell","15823",641793
"Will Vest","DET",5,4,,3.33849,68,0,5,12,,68,282,59,27,25,5,21,,2,69,9.18083,2.78207,3.3,0.695518,0.246269,0.0746269,0.1716417893767357,0.227642,1.17465,0.291429,0.724638,,,3.11968,1.33051,1.21275,524,,,,,,,430.30000000000007,6.327941176470589,417,6.132352941176471,,,,,,,,,,,,,,,,,,,"Will Vest","19769",676684
"Bryce Elder","ATL",7,7,,4.38158,27,21,0,1,,125,533,122,66,61,15,41,,5,105,7.57895,2.96053,2.56,1.06579,0.196621,0.0768049,0.11981566995382309,0.25042,1.30921,0.291759,0.684695,,,4.09566,1.32683,1.3079,741.77001953125,,,,,,,499.3,3.9944,506,4.048,,,,,,,,,,,,,,,,,,,"Bryce Elder","27779",693821
"Tyler Mahle","SFG",7,7,,3.91753,26,26,0,0,,126,521,121,59,55,16,39,,1,99,7.1134,2.78351,2.55556,1.13402,0.190608,0.0745856,0.11602209508419037,0.251497,1.27148,0.287402,0.732218,,,4.15461,1.32566,1.88333,360.79998779296875,,,,,,,499.0000000000001,3.9603174603174613,500,3.9682539682539684,,,,,,,,,,,,,,,,,,,"Tyler Mahle","16358",641816
"Sean Burke","CHW",7,10,,4.65643,26,26,0,0,,140,609,132,78,72,21,62,,6,137,8.80356,4.00162,2.2,1.38238,0.22449,0.102041,0.12244896590709686,0.244259,1.39046,0.289086,0.708391,,,4.63069,1.31849,0.837025,999,,,,,,,504.50000000000006,3.603571428571429,497,3.55,,,,,,,,,,,,,,,,,,,"Sean Burke","29878",680732
"Andre Pallante","STL",8,9,,4.30147,24,24,0,0,,130,564,131,67,62,12,50,,4,91,6.35294,3.44118,1.84615,0.860294,0.162162,0.0878378,0.07432433217763901,0.255597,1.38971,0.290398,0.696721,,,4.20131,1.3183,1.32093,999,,,,,,,493.79999999999995,3.798461538461538,514,3.953846153846154,,,,,,,,,,,,,,,,,,,"Andre Pallante","26108",669467
"Sean Manaea","NYM",7,7,,4.51327,43,21,0,1,,136,574,126,74,68,21,42,,8,139,9.20354,2.74336,3.35484,1.41593,0.242991,0.0724299,0.17056074738502502,0.240409,1.22911,0.287823,0.682261,,,4.22658,1.31363,0.713642,273.4700012207031,,,,,,,552.5000000000001,4.062500000000001,539,3.963235294117647,,,,,,,,,,,,,,,,,,,"Sean Manaea","15873",640455
"José Alvarado","PHI",6,3,,3.34792,64,0,3,12,,64,270,53,25,24,6,27,,1,76,10.6346,3.74179,2.84211,0.787746,0.279793,0.0984456,0.18134716153144836,0.219653,1.24726,0.295652,0.758755,,,3.22266,1.3021,1.35129,999,,,,,,,392.99999999999994,6.140624999999999,373,5.828125,,,,,,,,,,,,,,,,,,,"Jose Alvarado","17780",621237
"Ryan Helsley","BAL",6,3,,3.27556,64,0,26,3,,64,264,53,26,23,7,22,,1,74,10.4506,3.11958,3.35,0.935875,0.281513,0.0840336,0.1974789798259735,0.221198,1.17851,0.291667,0.755034,,,3.25645,1.27107,1.06639,84.97000122070312,,,,,,,470.7,7.3546875,450,7.03125,,,,,,,,,,,,,,,,,,,"Ryan Helsley","18138",664854
"Logan Allen","CLE",7,8,,4.13496,29,21,0,1,,120,521,119,59,55,16,46,,4,100,7.49462,3.42426,2.18868,1.16296,0.191736,0.0876033,0.10413223505020142,0.252285,1.37114,0.290557,0.735826,,,4.3986,1.26958,1.32769,999,,,,,,,435.80000000000007,3.6316666666666673,446,3.716666666666667,,,,,,,,,,,,,,,,,,,"Logan Allen","27589",671106
"Adrian Morejon","SDP",8,6,,3.42466,68,0,3,13,,68,282,58,28,26,5,23,,1,67,8.90411,3.0137,2.95455,0.684932,0.238971,0.0808823,0.15808822959661484,0.2249,1.18721,0.284916,0.71831,,,3.19602,1.26451,1.00854,726.8499755859375,,,,,,,419.90000000000003,6.175000000000001,404,5.9411764705882355,,,,,,,,,,,,,,,,,,,"Adrian Morejon","20039",670970
"Trevor Megill","MIL",7,3,,3.13043,66,0,11,9,,66,275,55,24,23,7,23,,1,82,11.1522,3.13043,3.5625,0.978261,0.296875,0.0833333,0.2135416716337204,0.217143,1.17391,0.292035,0.787234,,,3.17861,1.26347,1.56577,140.0800018310547,,,,,,,442.30000000000007,6.701515151515153,422,6.393939393939394,,,,,,,,,,,,,,,,,,,"Trevor Megill","17722",656730
"Kyle Leahy","STL",6,6,,4.03448,53,15,0,1,,125,537,120,61,56,13,45,,4,108,7.75862,3.2069,2.41935,0.931034,0.201613,0.0833333,0.1182795837521553,0.245562,1.31034,0.291339,0.710059,,,3.92824,1.25043,1.19711,746.3099975585938,,,,,,,526.1,4.2088,529,4.232,,,,,,,,,,,,,,,,,,,"Kyle Leahy","24763",681517
"Luis Morales","ATH",7,8,,4.28924,33,19,0,1,,114,485,105,59,55,16,44,,4,104,8.20871,3.47576,2.3617,1.25719,0.215116,0.0910853,0.12403100728988647,0.24086,1.30649,0.281899,0.710059,,,4.38411,1.22764,1.09925,716.530029296875,,,,,,,441.79999999999995,3.8754385964912275,430,3.7719298245614037,,,,,,,,,,,,,,,,,,,"Luis Morales","32227",806960
"Jared Jones","PIT",5,6,,4.05322,24,18,0,1,,98,419,92,48,44,11,36,,6,88,8.10645,3.31627,2.44444,1.01331,0.210024,0.0859189,0.12410501390695572,0.244032,1.31013,0.291367,0.71048,,,4.08703,1.21773,1.37498,697.7899780273438,,,,,,,404.7000000000001,4.129591836734695,401,4.091836734693878,,,,,,,,,,,,,,,,,,,"Jared Jones","27863",683003
"Parker Messick","CLE",6,6,,3.9823,23,23,0,0,,112,481,106,53,49,15,38,,7,108,8.68866,3.04103,2.85714,1.23089,0.224719,0.0786517,0.14606741070747375,0.243802,1.28721,0.291066,0.741557,,,4.18904,1.20893,1.54232,299.45001220703125,,,,,,,449.70000000000016,4.015178571428573,446,3.982142857142857,,,,,,,,,,,,,,,,,,,"Parker Messick","31986",800048
"Kodai Senga","NYM",7,6,,3.81775,35,19,0,1,,115,489,99,52,49,14,52,,4,113,8.83739,4.10055,2.15517,1.06049,0.231054,0.107209,0.12384472042322159,0.229645,1.31972,0.280236,0.748299,,,4.1642,1.18721,1.60302,246.8800048828125,,,,,,,483.4,4.203478260869565,455,3.9565217391304346,,,,,,,,,,,,,,,,,,,"Kodai Senga","31838",673540
"Hunter Harvey","CHC",4,2,,2.83019,52,0,5,13,,52,208,41,17,16,4,13,,2,58,10,2.26415,4.41667,0.754717,0.277487,0.0628272,0.2146596983075142,0.214689,1.04822,0.283333,0.765766,,,2.88356,1.18338,1.266,746.3499755859375,,,,,,,377,7.25,356,6.846153846153846,,,,,,,,,,,,,,,,,,,"Hunter Harvey","15507",640451
"Tanner Scott","LAD",5,3,,3.50081,63,0,4,15,,63,261,51,27,25,6,23,,3,70,10.0648,3.35494,3,0.875203,0.269531,0.0898438,0.1796875298023224,0.217391,1.18314,0.283871,0.727554,,,3.42687,1.1673,0.907953,725.6300048828125,,,,,,,401.80000000000007,6.377777777777779,379,6.015873015873016,,,,,,,,,,,,,,,,,,,"Tanner Scott","17586",656945
"Matt Brash","SEA",4,3,,3.15789,63,0,3,12,,63,270,51,24,22,4,27,,3,76,10.8947,3.78947,2.875,0.631579,0.282787,0.0983607,0.18442624807357788,0.211982,1.22807,0.291667,0.745342,,,3.04742,1.15638,1.01804,736.5900268554688,,,,,,,409.4,6.498412698412698,388,6.158730158730159,,,,,,,,,,,,,,,,,,,"Matt Brash","25756",666374
"Matt Strahm","KCR",5,2,,3.24185,66,0,1,17,,66,266,53,26,24,7,19,,3,71,9.72556,2.62436,3.70588,0.926244,0.268085,0.0723404,0.19574467092752457,0.218605,1.09777,0.280822,0.73741,,,3.34097,1.14679,1.11086,731.9400024414062,,,,,,,413.50000000000006,6.265151515151516,388,5.878787878787879,,,,,,,,,,,,,,,,,,,"Matt Strahm","13799",621381
"Robby Snelling","MIA",5,5,,4.02439,16,16,0,0,,80,343,78,38,36,10,27,,2,72,8.12195,3.07317,2.64286,1.09756,0.209434,0.0792453,0.13018867373466492,0.247423,1.31707,0.292479,0.730496,,,4.01319,1.14158,1.28874,999,,,,,,,323.2,4.04,327,4.0875,,,,,,,,,,,,,,,,,,,"Robby Snelling","sa3020707",702281
"Anthony Kay","CHW",6,8,,4.66724,35,21,0,1,,134,581,136,75,69,20,51,,5,113,7.62316,3.42264,2.22727,1.32239,0.194831,0.0874751,0.10735585540533066,0.259341,1.40017,0.297059,0.701881,,,4.59581,1.139,0.669197,999,,,,,,,453.9999999999999,3.3880597014925367,472,3.5223880597014925,,,,,,,,,,,,,,,,,,,"Anthony Kay","20387",641743
"Max Meyer","MIA",7,9,,4.45545,34,24,0,1,,125,539,125,67,62,18,42,,4,109,7.8925,3.05516,2.58333,1.27298,0.202614,0.0784314,0.12418300658464432,0.253571,1.34371,0.293269,0.703704,,,4.32326,1.13634,1.11091,384.2900085449219,,,,,,,462.6,3.7008,475,3.8,,,,,,,,,,,,,,,,,,,"Max Meyer","27474",676974
"Logan Henderson","MIL",7,6,,4.1302,31,15,0,1,,84,350,75,41,38,12,26,,3,86,9.22092,2.78549,3.31034,1.34472,0.244898,0.0739796,0.17091838270425797,0.233333,1.20598,0.28,0.717345,,,4.05296,1.12594,0.950011,261.760009765625,,,,,,,368,4.380952380952381,353,4.2023809523809526,,,,,,,,,,,,,,,,,,,"Logan Henderson","31475",701656
"Dennis Santana","PIT",5,3,,3.41232,68,0,26,5,,68,277,58,28,26,5,21,,3,62,8.24645,2.8436,2.9,0.7109,0.224806,0.0775194,0.1472868099808693,0.229787,1.16904,0.284884,0.716418,,,3.4195,1.12176,1.33629,149.3699951171875,,,,,,,492.90000000000003,7.248529411764706,477,7.014705882352941,,,,,,,,,,,,,,,,,,,"Dennis Santana","17878",642701
"Ryan Weathers","NYY",6,6,,4.48471,37,19,0,1,,112,481,104,61,56,14,43,,4,99,7.95017,3.46546,2.29412,1.12118,0.206349,0.0899471,0.11640211939811707,0.240469,1.3137,0.281746,0.675944,,,4.24499,1.11085,0.584763,230.80999755859375,,,,,,,447.20000000000016,3.992857142857144,439,3.919642857142857,,,,,,,,,,,,,,,,,,,"Ryan Weathers","23796",677960
"Jeremiah Estrada","SDP",5,3,,3.35821,70,0,0,15,,70,289,52,28,26,8,28,,2,98,12.6269,3.62687,3.48148,1.07463,0.33935,0.0974729,0.2418772354722023,0.201613,1.14925,0.287671,0.759878,,,3.17991,1.10616,0.805443,596.6699829101562,,,,,,,450.40000000000003,6.434285714285715,412,5.885714285714286,,,,,,,,,,,,,,,,,,,"Jeremiah Estrada","22210",669093
"Kumar Rocker","TEX",5,7,,4.20908,38,16,0,1,,95,409,92,48,44,12,29,,4,86,8.17056,2.72352,3,1.11417,0.210191,0.0700637,0.14012740552425385,0.245675,1.27923,0.28972,0.696517,,,3.96045,1.09486,0.727129,741.5999755859375,,,,,,,393.2,4.138947368421053,396,4.168421052631579,,,,,,,,,,,,,,,,,,,"Kumar Rocker","31843",677958
"Rhett Lowder","CIN",5,7,,4.71028,31,21,0,1,,108,462,110,62,57,15,32,,6,81,6.72897,2.69159,2.5,1.26168,0.174672,0.069869,0.10480350255966187,0.259524,1.31776,0.289231,0.666667,,,4.52766,1.08465,0.799095,570.4000244140625,,,,,,,380.70000000000005,3.5250000000000004,397,3.675925925925926,,,,,,,,,,,,,,,,,,,"Rhett Lowder","33876",695076
"Mick Abel","MIN",7,8,,4.46154,35,23,0,1,,122,536,117,65,60,15,55,,5,111,8.23077,4.07692,2.01887,1.07692,0.207364,0.102713,0.10465117543935776,0.246725,1.4188,0.293769,0.703552,,,4.34881,1.05896,0.908861,458.29998779296875,,,,,,,460.1000000000002,3.7713114754098376,461,3.778688524590164,,,,,,,,,,,,,,,,,,,"Mick Abel","27756",690953
"Robert Garcia","TEX",7,4,,3.5506,64,0,20,6,,64,267,54,27,25,7,22,,2,70,9.87993,3.08748,3.2,0.926244,0.263375,0.0823045,0.181069977581501,0.221719,1.18353,0.284768,0.726073,,,3.40958,1.03149,0.909038,241.27999877929688,,,,,,,439.1,6.8609375,421,6.578125,,,,,,,,,,,,,,,,,,,"Robert Garcia","23363",676395
"Jacob Latz","TEX",3,3,,4.46097,51,11,0,1,,119,511,105,63,59,15,57,,3,115,8.69888,4.34944,2,1.11524,0.224784,0.112392,0.11239193379878998,0.232026,1.36307,0.279817,0.697917,,,4.33712,1.02518,0.548409,727.1699829101562,,,,,,,477.0999999999999,4.009243697478991,454,3.8151260504201683,,,,,,,,,,,,,,,,,,,"Jacob Latz","21306",656641
"Camilo Doval","NYY",5,3,,3.63919,64,0,2,14,,64,273,50,28,26,5,31,,4,75,10.4977,4.33904,2.41935,0.699844,0.273723,0.113139,0.16058393567800522,0.209205,1.25972,0.283019,0.716216,,,3.44618,1.02292,0.706811,712.9500122070312,,,,,,,393.1,6.1421875,366,5.71875,,,,,,,,,,,,,,,,,,,"Camilo Doval","21992",666808
"Ryan Walker","SFG",7,4,,3.24961,63,0,24,6,,63,266,54,25,23,5,20,,6,68,9.74882,2.82575,3.45,0.706436,0.256506,0.0743494,0.18215616047382355,0.226337,1.17739,0.295858,0.735294,,,3.21363,1.01924,1.21347,158.3000030517578,,,,,,,466.30000000000007,7.401587301587303,452,7.174603174603175,,,,,,,,,,,,,,,,,,,"Ryan Walker","20423",676254
"Lucas Giolito",,6,7,,4.65404,23,23,0,0,,115,501,115,65,60,18,45,,3,103,8.06264,3.47414,2.32075,1.37655,0.206376,0.0889262,0.11744966357946396,0.254174,1.38383,0.293671,0.703611,,,4.57723,1.00681,0.665277,664.5599975585938,,,,,,,392.6,3.413913043478261,403,3.5043478260869567,,,,,,,,,,,,,,,,,,,"Lucas Giolito","15474",608337
"Grant Holmes","ATL",8,6,,4.15584,35,19,0,1,,133,577,129,67,62,17,52,,8,123,8.31169,3.50649,2.37037,1.16883,0.213333,0.09,0.12333333492279053,0.249071,1.35642,0.295918,0.724816,,,4.3184,1.00472,1.48435,474.2200012207031,,,,,,,509.70000000000005,3.8323308270676697,514,3.8646616541353382,,,,,,,,,,,,,,,,,,,"Grant Holmes","16944",656550
"Michael Lorenzen","COL",6,10,,4.86296,26,26,0,0,,137,593,143,80,74,23,49,,5,106,6.97729,3.24197,2.15217,1.48003,0.179024,0.0831826,0.09584086388349533,0.26494,1.40172,0.293194,0.695187,,,4.92057,1.00286,1.57647,999,,,,,,,409.1000000000002,2.9861313868613153,436,3.1824817518248176,,,,,,,,,,,,,,,,,,,"Michael Lorenzen","14843",547179
"Tatsuya Imai","HOU",0,0,,4.64496,26,26,0,0,,104,448,100,57,54,16,38,,4,100,8.66188,3.3171,2.61128,1.40733,0.222491,0.0852039,0.13728752732276917,0.247199,1.33698,0.290146,0.705151,,,4.46756,0.986031,0.664105,999,,,,,,,386.79999999999995,3.719230769230769,386,3.7115384615384617,,,,,,,,,,,,,,,,,,,"Tatsuya Imai","sa3062955",837227
"Emilio Pagán","CIN",3,3,,3.94737,66,0,27,4,,66,263,53,31,29,9,22,,1,69,9.47368,3,3.15789,1.26316,0.264317,0.0837004,0.18061674386262894,0.222222,1.14035,0.273381,0.70632,,,3.90707,0.981122,0.852749,113.7699966430664,,,,,,,459.90000000000003,6.968181818181819,433,6.5606060606060606,,,,,,,,,,,,,,,,,,,"Emilio Pagan","14771",641941
"Max Scherzer","TOR",5,5,,4.23198,36,16,0,1,,102,421,96,52,48,18,28,,4,99,8.74608,2.44514,3.57692,1.59875,0.234257,0.0654912,0.16876573860645294,0.245232,1.21212,0.284047,0.726681,,,4.4413,0.960215,0.811863,717.6400146484375,,,,,,,389.80000000000007,3.821568627450981,382,3.7450980392156863,,,,,,,,,,,,,,,,,,,"Max Scherzer","3137",453286
"Kyle Harrison","MIL",4,3,,4.33636,32,18,0,1,,96,418,91,50,46,12,38,,6,94,8.75455,3.6,2.43182,1.14545,0.223849,0.0920502,0.13179916143417358,0.24356,1.34545,0.294118,0.708723,,,4.23514,0.943483,0.818124,672.5800170898438,,,,,,,386.20000000000005,4.022916666666667,384,4,,,,,,,,,,,,,,,,,,,"Kyle Harrison","27758",690986
"Graham Ashcraft","CIN",6,4,,3.81818,65,0,2,16,,65,280,60,30,28,5,23,,3,61,8.45455,3.13636,2.69565,0.681818,0.21831,0.0809859,0.13732396066188812,0.236434,1.27273,0.293194,0.701299,,,3.42302,0.9417,0.718351,999,,,,,,,381.5,5.869230769230769,378,5.815384615384615,,,,,,,,,,,,,,,,,,,"Graham Ashcraft","27552",668933
"Ian Seymour","TBR",6,7,,4.32477,43,13,0,1,,106,442,97,55,51,16,31,,7,101,8.57498,2.60978,3.28571,1.34217,0.227273,0.06917,0.15810277312994003,0.239741,1.20961,0.281818,0.687086,,,4.23704,0.941419,0.774599,439.5,,,,,,,427.40000000000015,4.032075471698114,414,3.9056603773584904,,,,,,,,,,,,,,,,,,,"Ian Seymour","27932",693855
"Raisel Iglesias","ATL",6,4,,3.51687,66,0,26,4,,66,265,56,28,26,8,16,,2,70,9.59147,2.23801,4.28571,1.11901,0.265487,0.0619469,0.20353981107473373,0.228571,1.10124,0.286713,0.727969,,,3.47261,0.934945,1.11183,100.47000122070312,,,,,,,476.4000000000001,7.21818181818182,458,6.9393939393939394,,,,,,,,,,,,,,,,,,,"Raisel Iglesias","17130",628452
"Fernando Cruz","NYY",5,4,,3.46856,61,0,1,16,,61,265,48,26,24,6,30,,4,83,12.2312,4.38134,2.79167,0.912779,0.313084,0.11215,0.20093458890914917,0.208556,1.27789,0.295652,0.75,,,3.37854,0.933464,0.653841,999,,,,,,,385.80000000000007,6.3245901639344275,360,5.901639344262295,,,,,,,,,,,,,,,,,,,"Fernando Cruz","7048",518585
"Jeff Hoffman","TOR",6,5,,3.37684,63,0,26,4,,63,257,48,26,24,8,24,,4,76,10.8646,3.37684,3.21739,1.17455,0.296,0.092,0.20399999618530273,0.210762,1.14192,0.276596,0.765306,,,3.73873,0.932174,1.01996,106.80000305175781,,,,,,,457.00000000000006,7.253968253968255,425,6.746031746031746,,,,,,,,,,,,,,,,,,,"Jeff Hoffman","17432",656546
"Cole Sands","MIN",5,4,,3.91304,68,0,3,13,,68,285,61,32,30,7,21,,4,67,8.86957,2.73913,3.2381,0.913043,0.235294,0.0726644,0.16262976825237274,0.234848,1.2029,0.291005,0.696721,,,3.56992,0.91863,0.507742,736.9199829101562,,,,,,,384.5,5.654411764705882,375,5.514705882352941,,,,,,,,,,,,,,,,,,,"Cole Sands","21461",663485
"Johan Oviedo","BOS",6,5,,4.28128,43,15,0,1,,97,416,87,50,46,12,41,,7,93,8.65564,3.81593,2.26829,1.11686,0.224096,0.0987952,0.12530121952295303,0.237057,1.32368,0.28626,0.701439,,,4.31404,0.914927,0.800273,573.9099731445312,,,,,,,390.00000000000006,4.020618556701032,375,3.865979381443299,,,,,,,,,,,,,,,,,,,"Johan Oviedo","22487",670912
"Jose A. Ferrer","SEA",4,3,,3.43706,70,0,3,16,,70,293,61,29,27,5,22,,4,67,8.65629,2.80057,3.09091,0.636492,0.22973,0.0743243,0.1554054170846939,0.22963,1.18812,0.28934,0.714286,,,3.23415,0.881635,0.644701,746.4000244140625,,,,,,,432.9,6.184285714285714,420,6,,,,,,,,,,,,,,,,,,,"Jose A. Ferrer","24017",678606
"Alex Vesia","LAD",5,3,,3.41021,61,0,1,18,,61,249,45,25,23,8,25,,3,78,11.5651,3.70675,3.12,1.18616,0.314516,0.100806,0.21370967477560043,0.204545,1.15321,0.276119,0.765306,,,3.66232,0.870003,0.884936,741.510009765625,,,,,,,385.0000000000001,6.311475409836067,350,5.737704918032787,,,,,,,,,,,,,,,,,,,"Alex Vesia","25007",681911
"Lance McCullers Jr.","HOU",6,5,,4.41041,33,19,0,1,,102,454,94,55,50,12,53,,8,101,8.95865,4.68606,1.91176,1.1026,0.223368,0.116838,0.10652920603752136,0.238095,1.43951,0.290503,0.71256,,,4.5287,0.868113,0.64929,999,,,,,,,385.80000000000007,3.7823529411764714,377,3.696078431372549,,,,,,,,,,,,,,,,,,,"Lance McCullers Jr.","14120",621121
"Kevin Ginkel","ARI",5,4,,3.42495,62,0,12,11,,62,262,54,25,24,5,25,,3,64,9.32347,3.61522,2.57895,0.761099,0.245,0.095,0.14999999105930328,0.22905,1.2685,0.293651,0.753676,,,3.49454,0.855772,1.26481,514.6699829101562,,,,,,,404.9,6.530645161290322,393,6.338709677419355,,,,,,,,,,,,,,,,,,,"Kevin Ginkel","19876",656464
"Robert Suarez","ATL",6,5,,3.6,67,0,8,11,,67,275,58,29,27,7,21,,2,66,8.83636,2.78182,3.17647,0.981818,0.238938,0.0752212,0.16371680796146393,0.231884,1.18182,0.285714,0.724382,,,3.62605,0.836566,0.96546,205.77999877929688,,,,,,,405.8999999999999,6.058208955223879,391,5.835820895522388,,,,,,,,,,,,,,,,,,,"Robert Suarez","30115",663158
"Robert Stephenson","LAA",2,4,,4.24242,60,0,13,9,,60,251,55,30,28,8,18,,2,67,10,2.72727,3.66667,1.21212,0.266129,0.0725806,0.19354837387800217,0.236842,1.21212,0.298701,0.690789,,,3.67386,0.822835,0.232371,514.7999877929688,,,,,,,377.6,6.293333333333334,371,6.183333333333334,,,,,,,,,,,,,,,,,,,"Robert Stephenson","13594",596112
"Edwin Uceta","TBR",5,4,,3.69166,62,0,12,10,,62,259,49,27,25,8,24,,5,76,11.075,3.43706,3.22222,1.14569,0.294915,0.0915254,0.20338983088731766,0.21374,1.17397,0.283133,0.738636,,,3.7292,0.820714,0.843589,476.42999267578125,,,,,,,398,6.419354838709677,371,5.983870967741935,,,,,,,,,,,,,,,,,,,"Edwin Uceta","20539",670955
"Patrick Sandoval","BOS",6,5,,4.20753,52,10,0,1,,92,411,92,46,43,8,41,,3,82,8.00456,4.00228,2,0.820981,0.199488,0.0997442,0.09974424540996552,0.252149,1.44812,0.304182,0.716753,,,3.97892,0.80929,0.693422,999,,,,,,,379.2000000000001,4.121739130434784,392,4.260869565217392,,,,,,,,,,,,,,,,,,,"Patrick Sandoval","19447",663776
"Richard Fitts","STL",6,7,,4.32,36,23,0,1,,121,514,121,63,58,17,35,,5,93,6.93,2.61,2.65517,1.26,0.181176,0.0682353,0.1129411906003952,0.255102,1.29,0.285714,0.703839,,,4.40514,0.804325,1.04276,741.719970703125,,,,,,,441.70000000000005,3.650413223140496,454,3.7520661157024793,,,,,,,,,,,,,,,,,,,"Richard Fitts","30160",690916
"Orion Kerkering","PHI",7,4,,3.46709,63,0,1,13,,63,265,53,26,24,6,22,,5,71,10.1124,3.17817,3.18182,0.866774,0.267176,0.0839695,0.18320608884096146,0.221277,1.1878,0.289308,0.731707,,,3.44011,0.802518,0.786803,999,,,,,,,372.6,5.914285714285715,355,5.634920634920635,,,,,,,,,,,,,,,,,,,"Orion Kerkering","31776",689147
"José Berríos","TOR",8,9,,4.51091,51,19,0,1,,141,609,144,77,71,23,43,,8,111,7.0574,2.76475,2.55263,1.45513,0.181989,0.0712946,0.11069418489933014,0.258197,1.32579,0.285714,0.713235,,,4.76004,0.797882,0.726346,674.9299926757812,,,,,,,459.10000000000014,3.256028368794327,479,3.397163120567376,,,,,,,,,,,,,,,,,,,"Jose Berrios","14168",621244
"Garrett Cleavinger","TBR",6,3,,3.29843,66,0,8,13,,66,267,50,26,24,8,23,,7,83,11.3089,3.14136,3.6,1.09948,0.310345,0.0862069,0.22413794696331024,0.208738,1.09948,0.283465,0.75188,,,3.57144,0.792782,1.04373,561.1300048828125,,,,,,,428.0000000000001,6.484848484848486,394,5.96969696969697,,,,,,,,,,,,,,,,,,,"Garrett Cleavinger","17897",664076
"Chase Dollander","COL",5,9,,5.08333,23,23,0,0,,106,471,106,65,60,16,47,,9,94,7.91667,4,1.97917,1.33333,0.198745,0.100418,0.09832635521888733,0.254157,1.43519,0.293548,0.671192,,,4.88514,0.78849,0.946164,741.52001953125,,,,,,,332.0000000000001,3.1320754716981143,342,3.2264150943396226,,,,,,,,,,,,,,,,,,,"Chase Dollander","33482",801403
"Chris Paddack","MIA",5,9,,5.09976,39,23,0,1,,137,585,147,84,77,25,35,,2,104,6.82362,2.29848,2.96875,1.65204,0.176909,0.0595903,0.11731843277812004,0.26839,1.3328,0.290909,0.667656,,,4.81909,0.774447,0.272434,999,,,,,,,425.1000000000002,3.1029197080291984,461,3.3649635036496353,,,,,,,,,,,,,,,,,,,"Chris Paddack","20099",663978
"Miles Mikolas","WSN",6,10,,4.85736,26,26,0,0,,134,575,149,79,73,23,31,,4,86,5.75944,2.08173,2.76667,1.5266,0.14955,0.0540541,0.09549549221992493,0.276392,1.34156,0.293269,0.684358,,,4.84678,0.759346,0.537956,999,,,,,,,388.29999999999995,2.8977611940298504,438,3.2686567164179103,,,,,,,,,,,,,,,,,,,"Miles Mikolas","9803",571945
"Robert Gasser","MIL",5,4,,3.98734,36,10,0,1,,72,308,67,35,32,9,23,,6,69,8.5443,2.8481,3,1.13924,0.222552,0.074184,0.14836794883012772,0.239344,1.24051,0.286364,0.714286,,,4.09716,0.758133,0.67471,999,,,,,,,302.9000000000001,4.206944444444446,298,4.138888888888889,,,,,,,,,,,,,,,,,,,"Robert Gasser","29812",688107
"Brandon Sproat","MIL",4,4,,4.19952,33,11,0,1,,76,327,69,38,35,9,29,,5,67,7.9646,3.40306,2.34043,1.01368,0.205224,0.0876866,0.11753731220960617,0.2375,1.29525,0.280899,0.693069,,,4.18099,0.747735,0.671492,731.6900024414062,,,,,,,308.29999999999995,4.05657894736842,299,3.9342105263157894,,,,,,,,,,,,,,,,,,,"Brandon Sproat","33850",687075
"Randy Vásquez","SDP",6,7,,4.68,36,24,0,1,,133,578,134,74,69,18,48,,10,89,6.048,3.24,1.86667,1.224,0.154128,0.0825688,0.07155963778495789,0.256619,1.368,0.279487,0.686141,,,4.85514,0.747371,0.612796,737,,,,,,,422.4000000000001,3.175939849624061,439,3.300751879699248,,,,,,,,,,,,,,,,,,,"Randy Vasquez","24719",681190
"Carlos Estévez","KCR",5,5,,3.94737,65,0,31,2,,65,266,56,31,29,7,23,,2,56,7.73684,3.15789,2.45,0.947368,0.2103,0.0858369,0.1244635134935379,0.232227,1.21053,0.275641,0.693069,,,3.94215,0.742951,0.566725,104.06999969482422,,,,,,,449.29999999999995,6.912307692307691,434,6.676923076923077,,,,,,,,,,,,,,,,,,,"Carlos Estevez","14542",608032
"Chris Martin","TEX",5,3,,3.31695,54,0,4,12,,54,223,52,21,20,7,11,,1,52,8.62408,1.76904,4.875,1.10565,0.232143,0.047619,0.1845238208770752,0.245283,1.15479,0.295652,0.775,,,3.47912,0.742357,0.827371,679.1300048828125,,,,,,,314.3,5.82037037037037,315,5.833333333333333,,,,,,,,,,,,,,,,,,,"Chris Martin","11847",455119
"Janson Junk","MIA",5,5,,4.36319,48,8,0,1,,87,367,91,46,42,11,18,,3,63,6.50781,1.84881,3.52,1.10929,0.171206,0.0486381,0.12256810069084167,0.263918,1.25719,0.295812,0.674242,,,4.00613,0.740717,0.46525,999,,,,,,,338.9,3.8954022988505743,359,4.126436781609195,,,,,,,,,,,,,,,,,,,"Janson Junk","23301",676083
"Jared Koenig","MIL",5,3,,3.625,65,0,1,15,,65,274,58,28,26,6,22,,3,64,8.875,3,2.95833,0.875,0.233553,0.0789474,0.15460525453090668,0.231047,1.22222,0.286432,0.7289,,,3.5518,0.738165,0.765332,999,,,,,,,374.40000000000003,5.760000000000001,365,5.615384615384615,,,,,,,,,,,,,,,,,,,"Jared Koenig","27517",657649
"Tomoyuki Sugano","COL",6,9,,4.87218,21,21,0,0,,117,504,133,68,63,22,27,,4,75,5.81955,2.09774,2.77419,1.69173,0.149826,0.054007,0.09581881389021873,0.282004,1.37594,0.296729,0.709459,,,5.07499,0.736106,1.37492,999,,,,,,,306.40000000000003,2.6188034188034193,356,3.0427350427350426,,,,,,,,,,,,,,,,,,,"Tomoyuki Sugano","35321",608372
"Lucas Erceg","KCR",6,6,,3.76364,62,0,2,13,,62,267,55,28,26,5,25,,6,59,8.50909,3.6,2.36364,0.654545,0.219409,0.092827,0.1265822872519493,0.233333,1.29091,0.292208,0.703364,,,3.66241,0.73561,0.721341,660.2100219726562,,,,,,,341.29999999999995,5.5048387096774185,332,5.354838709677419,,,,,,,,,,,,,,,,,,,"Lucas Erceg","19360",668674
"Daniel Palencia","CHC",6,3,,3.7435,67,0,30,4,,67,282,53,30,28,7,28,,5,74,9.98267,3.7435,2.66667,0.935875,0.263374,0.0987654,0.16460904479026794,0.213953,1.21317,0.275862,0.714286,,,3.72439,0.726924,0.780353,109.63999938964844,,,,,,,486.8999999999999,7.267164179104476,459,6.850746268656716,,,,,,,,,,,,,,,,,,,"Daniel Palencia","27914",694037
"Andrew Painter","PHI",4,6,,4.80221,31,18,0,1,,94,409,91,54,50,16,38,,1,92,8.85925,3.64305,2.43182,1.49034,0.225738,0.092827,0.13291139155626297,0.247086,1.37994,0.289474,0.697115,,,4.56108,0.72644,0.427521,999,,,,,,,333.19999999999993,3.5446808510638292,333,3.5425531914893615,,,,,,,,,,,,,,,,,,,"Andrew Painter","sa3017880",691725
"Jonathan Cannon","CHW",5,9,,4.84615,41,15,0,1,,106,463,111,62,57,15,37,,5,79,6.71538,3.11538,2.15556,1.31538,0.170775,0.0792254,0.09154929965734482,0.263056,1.39231,0.291771,0.680052,,,4.71975,0.720759,0.172829,999,,,,,,,347.30000000000007,3.2764150943396233,371,3.5,,,,,,,,,,,,,,,,,,,"Jonathan Cannon","31730",686563
"JoJo Romero","STL",7,3,,3.41379,64,0,12,9,,64,269,55,26,24,6,25,,2,63,8.84483,3.56897,2.47826,0.775862,0.233607,0.0942623,0.1393442526459694,0.22831,1.25862,0.286624,0.742424,,,3.58341,0.707381,1.06583,484.3500061035156,,,,,,,397.79999999999995,6.215624999999999,383,5.984375,,,,,,,,,,,,,,,,,,,"JoJo Romero","19574",668941
"Jimmy Herget","COL",2,2,,4.36364,77,0,2,15,,77,330,76,41,37,10,24,,6,72,8.45455,2.86364,2.95238,1.22727,0.219081,0.074205,0.14487633109092712,0.252918,1.30303,0.301075,0.694823,,,4.21089,0.695018,0.696787,999,,,,,,,373.20000000000005,4.846753246753248,379,4.922077922077922,,,,,,,,,,,,,,,,,,,"Jimmy Herget","17556",623474
"Seranthony Domínguez","CHW",4,4,,3.99645,63,0,20,6,,63,267,53,30,28,8,30,,2,72,10.2309,4.31616,2.37037,1.11901,0.267782,0.112971,0.15481171756982803,0.22381,1.31439,0.28777,0.732087,,,4.02324,0.688695,0.431932,199.77000427246094,,,,,,,402.00000000000006,6.380952380952382,383,6.079365079365079,,,,,,,,,,,,,,,,,,,"Seranthony Dominguez","19249",622554
"Tony Santillan","CIN",3,3,,4.23862,70,0,4,13,,70,301,60,35,33,8,32,,5,73,9.32496,4.09733,2.27586,0.989011,0.240876,0.105839,0.13503649830818176,0.229167,1.31868,0.287425,0.700809,,,4.09275,0.683974,0.548777,663.3499755859375,,,,,,,370.6,5.2942857142857145,353,5.042857142857143,,,,,,,,,,,,,,,,,,,"Tony Santillan","19926",663574
"Ryan Feltner","COL",4,6,,5.17241,34,16,0,1,,96,426,100,59,55,13,43,,4,78,7.33542,4.04389,1.81395,1.22257,0.18267,0.100703,0.08196720480918884,0.263158,1.49425,0.301038,0.673077,,,4.74433,0.680379,0.661359,999,,,,,,,309.5000000000001,3.2239583333333344,330,3.4375,,,,,,,,,,,,,,,,,,,"Ryan Feltner","21446",663372
"Ryan Weiss","HOU",5,6,,4.16912,47,10,0,1,,93,400,85,47,43,13,34,,7,95,9.19853,3.30882,2.78,1.25735,0.238014,0.0856164,0.1523972600698471,0.236641,1.27941,0.286885,0.719132,,,4.23072,0.673395,0.63024,999,,,,,,,378.30000000000007,4.0677419354838715,367,3.946236559139785,,,,,,,,,,,,,,,,,,,"Ryan Weiss","sa3007778",680802
"Dylan Lee","ATL",3,3,,3.50081,65,0,1,16,,65,263,56,27,25,9,19,,0,75,10.3566,2.62561,3.94444,1.3128,0.284,0.072,0.2120000123977661,0.228448,1.15073,0.289474,0.770548,,,3.60515,0.661787,0.931079,999,,,,,,,386.69999999999993,5.949230769230768,370,5.6923076923076925,,,,,,,,,,,,,,,,,,,"Dylan Lee","19996",669276
"Corbin Burnes","ARI",3,2,,3.19355,6,6,0,0,,40,164,34,15,14,4,12,,2,37,8.36129,2.7871,3,0.870968,0.227129,0.0757098,0.15141955763101578,0.227586,1.16129,0.27791,0.761006,,,3.5803,0.658696,1.07888,736.47998046875,,,,,,,190.4,4.76,180,4.5,,,,,,,,,,,,,,,,,,,"Corbin Burnes","19361",669203
"Gregory Soto","PIT",3,3,,3.81215,61,0,4,14,,61,268,54,28,26,4,26,,7,66,9.77901,3.81215,2.56522,0.662983,0.246862,0.0962343,0.15062762051820755,0.228571,1.30755,0.29932,0.703364,,,3.52188,0.657398,0.594925,746.2899780273438,,,,,,,370.80000000000007,6.078688524590165,362,5.934426229508197,,,,,,,,,,,,,,,,,,,"Gregory Soto","19677",642397
"Joe Boyle","TBR",4,5,,4.21006,29,11,0,1,,72,314,60,36,34,8,40,,4,80,10.0088,5.00441,2,1.03266,0.254545,0.127273,0.12727272510528564,0.221176,1.3857,0.283217,0.720461,,,4.25605,0.638613,0.645208,736.6500244140625,,,,,,,310.4000000000001,4.311111111111113,288,4,,,,,,,,,,,,,,,,,,,"Joe Boyle","29608",671212
"Jordan Leasure","CHW",5,6,,4.33929,64,0,5,10,,64,271,54,33,31,9,29,,2,74,10.4464,4.01786,2.6,1.28571,0.274262,0.105485,0.16877636313438416,0.22381,1.28571,0.284672,0.707237,,,4.11728,0.635854,0.0403023,675.8800048828125,,,,,,,342.5,5.3515625,323,5.046875,,,,,,,,,,,,,,,,,,,"Jordan Leasure","29950",673929
"Gage Jump","ATH",3,3,,4.16667,10,10,0,0,,43,182,41,21,20,6,13,,2,39,8.08333,2.75,2.93939,1.16667,0.211329,0.0718954,0.13943354040384293,0.244656,1.25926,0.287097,0.704467,,,4.07958,0.628522,0.609392,999,,,,,,,170.79999999999998,3.9720930232558134,170,3.953488372093023,,,,,,,,,,,,,,,,,,,"Gage Jump","sa3034986",695611
"Michael Soroka","ARI",7,7,,4.12214,52,11,2,1,,100,426,86,49,46,12,38,,10,98,8.83315,3.43511,2.57143,1.07961,0.231362,0.0899743,0.1413881704211235,0.228986,1.24318,0.278689,0.699797,,,4.17112,0.625936,0.861652,732.0700073242188,,,,,,,434.79999999999995,4.348,410,4.1,,,,,,,,,,,,,,,,,,,"Michael Soroka","18383",647336
"Brooks Raley","NYM",3,3,,3.78151,62,0,1,14,,62,255,52,28,26,5,21,,7,61,8.82353,3.02521,2.91667,0.756303,0.238095,0.0816327,0.15646258741617203,0.229008,1.17647,0.290323,0.687831,,,3.61133,0.615197,0.385612,999,,,,,,,361.09999999999997,5.824193548387096,344,5.548387096774194,,,,,,,,,,,,,,,,,,,"Brooks Raley","10061",548384
"Patrick Corbin",,4,6,,5.19647,16,16,0,0,,84,377,94,53,49,13,30,,2,69,7.36167,3.24779,2.26667,1.37129,0.182796,0.0806452,0.10215054452419281,0.272549,1.47554,0.308483,0.673443,,,4.63474,0.608043,-0.0370404,999,,,,,,,259.30000000000007,3.086904761904763,293,3.488095238095238,,,,,,,,,,,,,,,,,,,"Patrick Corbin","9323",571578
"Louis Varland","TOR",4,3,,3.64305,67,0,2,13,,67,279,61,30,27,8,18,,2,64,8.61086,2.4839,3.46667,1.07636,0.229581,0.0662252,0.16335538774728775,0.236277,1.18675,0.284768,0.731047,,,3.71471,0.593442,0.449565,736.0900268554688,,,,,,,368.79999999999995,5.504477611940298,361,5.388059701492537,,,,,,,,,,,,,,,,,,,"Louis Varland","27691",686973
"Luis Gil","NYY",5,6,,4.61046,51,11,0,1,,95,407,80,53,49,13,48,,4,95,8.93276,4.51441,1.97872,1.24867,0.2325,0.1175,0.11500000953674316,0.226361,1.34472,0.271605,0.686456,,,4.58658,0.590724,0.166559,354.79998779296875,,,,,,,373.1,3.927368421052632,344,3.6210526315789475,,,,,,,,,,,,,,,,,,,"Luis Gil","21052",661563
"J.T. Ginn","ATH",4,4,,4.41177,36,10,0,1,,74,320,69,39,36,10,27,,6,72,8.82353,3.35294,2.63158,1.23529,0.225734,0.0857788,0.1399548575282097,0.241814,1.31373,0.289753,0.699301,,,4.31161,0.58568,0.494473,746.010009765625,,,,,,,294.20000000000005,3.975675675675676,289,3.9054054054054053,,,,,,,,,,,,,,,,,,,"J.T. Ginn","27889",669372
"Drew Pomeranz","LAA",2,4,,4.125,58,0,3,11,,58,244,53,29,27,7,18,,6,59,9.1875,2.8125,3.26667,1.125,0.242574,0.0742574,0.16831683367490768,0.241758,1.22917,0.299213,0.6917,,,3.96847,0.58568,0.204961,736.3400268554688,,,,,,,310.3,5.3500000000000005,304,5.241379310344827,,,,,,,,,,,,,,,,,,,"Drew Pomeranz","11426",519141
"Alek Manoah","LAA",3,5,,4.65517,13,13,0,0,,66,287,63,37,34,8,27,,6,56,7.55172,3.62069,2.08571,1.13793,0.193634,0.0928382,0.10079575330018997,0.245509,1.34483,0.284,0.669291,,,4.58341,0.585232,0.404562,741.47998046875,,,,,,,239.2000000000001,3.624242424242426,239,3.621212121212121,,,,,,,,,,,,,,,,,,,"Alek Manoah","26410",666201
"Hurston Waldrep","ATL",5,4,,4.26932,11,11,0,0,,59,257,56,30,28,7,25,,2,53,8.05662,3.85616,2.08929,1.0329,0.205263,0.0982456,0.10701753944158554,0.243615,1.3772,0.289125,0.710692,,,4.2369,0.567432,0.722695,688.0599975585938,,,,,,,229.9,3.8966101694915256,229,3.8813559322033897,,,,,,,,,,,,,,,,,,,"Hurston Waldrep","33527",694462
"Cody Bradford","TEX",5,5,,4.42231,36,8,0,1,,69,288,67,37,34,10,16,,2,56,7.29084,2.03187,3.58824,1.31474,0.194888,0.0543131,0.1405750773847103,0.248299,1.19522,0.279279,0.670241,,,4.17099,0.556835,0.243546,999,,,,,,,275.40000000000003,3.9913043478260875,277,4.0144927536231885,,,,,,,,,,,,,,,,,,,"Cody Bradford","27597",674003
"Brad Lord","WSN",5,6,,4.61947,53,11,0,1,,102,440,103,57,52,13,33,,5,76,6.69027,2.9469,2.27027,1.11504,0.172485,0.0759754,0.09650924801826477,0.256757,1.33628,0.289017,0.669711,,,4.40062,0.555483,0.410453,999,,,,,,,369.1000000000001,3.618627450980393,383,3.7549019607843137,,,,,,,,,,,,,,,,,,,"Brad Lord","31972",695418
"Carmen Mlodzinski","PIT",5,5,,3.59299,53,3,0,4,,69,294,65,30,28,6,23,,3,60,7.79942,2.97955,2.61765,0.788705,0.203661,0.0778032,0.1258581131696701,0.243108,1.27556,0.292359,0.734797,,,3.6512,0.554746,0.686952,999,,,,,,,325.8,4.721739130434782,325,4.7101449275362315,,,,,,,,,,,,,,,,,,,"Carmen Mlodzinski","27572",669387
"Sean Newcomb","CHW",3,3,,3.99731,62,2,2,10,,70,304,67,34,31,7,27,,4,65,8.35801,3.51279,2.37931,0.847914,0.212963,0.0895062,0.12345679849386215,0.243986,1.34589,0.297674,0.709534,,,3.835,0.551482,0.267132,999,,,,,,,344.7,4.924285714285714,346,4.942857142857143,,,,,,,,,,,,,,,,,,,"Sean Newcomb","16943",656794
"Erick Fedde","CHW",6,8,,4.97238,28,18,0,1,,109,476,111,66,60,18,42,,3,85,7.03236,3.48066,2.02041,1.49171,0.179673,0.0889292,0.09074409306049347,0.258517,1.40489,0.28496,0.686406,,,4.95834,0.548022,0.0935955,999,,,,,,,335.6,3.0788990825688076,350,3.2110091743119265,,,,,,,,,,,,,,,,,,,"Erick Fedde","17425",607200
"Mark Leiter Jr.","ATH",7,5,,4.06571,64,0,6,13,,64,277,58,32,29,8,26,,5,71,9.97947,3.6961,2.7,1.10883,0.255924,0.0947867,0.1611374318599701,0.235294,1.31417,0.299213,0.719424,,,3.99756,0.54373,0.245208,721.9099731445312,,,,,,,355.40000000000003,5.5531250000000005,347,5.421875,,,,,,,,,,,,,,,,,,,"Mark Leiter Jr.","15551",643410
"Caleb Thielbar","CHC",6,3,,3.57616,66,0,1,15,,66,272,58,28,26,9,20,,0,68,9.33775,2.78146,3.35714,1.19205,0.251337,0.0748663,0.1764705628156662,0.231214,1.19205,0.283333,0.767544,,,3.70909,0.542712,0.648021,999,,,,,,,367.90000000000003,5.574242424242425,354,5.363636363636363,,,,,,,,,,,,,,,,,,,"Caleb Thielbar","10078",573204
"Hunter Barco","PIT",3,3,,4.2268,45,11,0,1,,79,349,75,40,37,10,33,,7,75,8.45361,3.71134,2.27778,1.13402,0.213542,0.09375,0.1197916641831398,0.244118,1.36312,0.291498,0.723938,,,4.40661,0.541729,0.58176,999,,,,,,,300.6,3.805063291139241,299,3.7848101265822787,,,,,,,,,,,,,,,,,,,"Hunter Barco","33174",682995
"Steven Okert","HOU",3,2,,3.71634,64,0,0,14,,64,261,52,29,26,9,22,,3,75,10.5027,3.07002,3.42105,1.29264,0.286344,0.0837004,0.20264316350221634,0.219512,1.14901,0.280303,0.738636,,,3.85327,0.539961,0.39439,999,,,,,,,358.70000000000005,5.604687500000001,334,5.21875,,,,,,,,,,,,,,,,,,,"Steven Okert","13580",595345
"David Festa","MIN",3,3,,4.22028,22,6,0,1,,47,199,44,23,22,6,16,,2,47,9.12759,3.14068,2.90625,1.17775,0.237852,0.0818414,0.1560102254152298,0.242254,1.2868,0.296,0.711462,,,3.98574,0.537443,0.418313,999,,,,,,,203.6,4.3319148936170215,201,4.276595744680851,,,,,,,,,,,,,,,,,,,"David Festa","30056",701581
"Drew Anderson","DET",5,5,,4.19084,60,5,0,9,,81,346,73,41,38,12,30,,4,91,10.0992,3.29771,3.0625,1.30534,0.263441,0.0860215,0.17741934210062027,0.234592,1.26718,0.293769,0.71736,,,4.0359,0.533263,0.31409,999,,,,,,,377.99999999999994,4.666666666666666,365,4.506172839506172,,,,,,,,,,,,,,,,,,,"Drew Anderson","15130",623454
"Bryan Baker","TBR",4,3,,3.94604,63,0,3,12,,63,259,53,30,28,8,22,,1,69,9.86509,3.18718,3.09524,1.21417,0.266393,0.0860656,0.180327869951725,0.225225,1.1973,0.281879,0.719064,,,3.80967,0.528766,0.281644,999,,,,,,,362.00000000000006,5.746031746031747,343,5.444444444444445,,,,,,,,,,,,,,,,,,,"Bryan Baker","19804",641329
"Hunter Dobbins","STL",4,4,,4.57433,31,13,0,1,,85,370,89,47,43,11,27,,4,58,6.17535,2.85896,2.16,1.14358,0.157895,0.0730994,0.08479531854391098,0.261981,1.35959,0.289157,0.688172,,,4.52014,0.527865,0.394871,999,,,,,,,289.30000000000007,3.4035294117647066,309,3.635294117647059,,,,,,,,,,,,,,,,,,,"Hunter Dobbins","30240",690928
"A.J. Minter","NYM",5,3,,3.52941,52,0,2,14,,52,212,44,22,20,6,17,,1,57,9.88235,3,3.29412,1.05882,0.269231,0.0817308,0.1874999776482582,0.226316,1.17647,0.289062,0.736434,,,3.52729,0.526815,0.589495,999,,,,,,,322.6,6.203846153846154,308,5.923076923076923,,,,,,,,,,,,,,,,,,,"A.J. Minter","18655",621345
"Hunter Gaddis","CLE",3,3,,3.65314,66,0,3,14,,66,275,58,29,27,8,21,,4,65,8.85609,2.87823,3.07692,1.10701,0.235988,0.0766962,0.15929203480482101,0.230519,1.19311,0.279817,0.73494,,,3.91004,0.526676,0.708041,746.280029296875,,,,,,,365.2000000000001,5.533333333333335,352,5.333333333333333,,,,,,,,,,,,,,,,,,,"Hunter Gaddis","25636",683769
"Blake Treinen","LAD",7,5,,4.09091,58,0,1,14,,58,255,54,28,26,7,21,,4,65,10.0909,3.27273,3.08333,1.09091,0.255172,0.0827586,0.17241380363702774,0.236641,1.30303,0.3,0.721925,,,3.7412,0.523458,0.253458,999,,,,,,,318.70000000000005,5.494827586206897,315,5.431034482758621,,,,,,,,,,,,,,,,,,,"Blake Treinen","12572",595014
"Eduard Bazardo","SEA",3,3,,3.54545,68,0,1,14,,68,280,58,29,27,7,23,,3,69,9.13636,3,3.04545,0.954545,0.246324,0.0808823,0.16544117778539658,0.226721,1.18182,0.283237,0.733138,,,3.61998,0.522346,0.415963,999,,,,,,,387.3,5.695588235294117,370,5.4411764705882355,,,,,,,,,,,,,,,,,,,"Eduard Bazardo","20997",660825
"Aaron Ashby","MIL",5,5,,3.95122,70,3,1,13,,85,381,75,41,37,7,45,,6,90,9.43902,4.71951,2,0.768293,0.234973,0.117486,0.11748634278774261,0.227129,1.40244,0.290179,0.722433,,,3.94001,0.522167,0.544584,999,,,,,,,431.9,5.081176470588235,418,4.91764705882353,,,,,,,,,,,,,,,,,,,"Aaron Ashby","23550",676879
"Jon Gray",,2,2,,4.46281,6,6,0,0,,33,142,32,18,17,4,10,,1,29,7.86305,2.76269,2.84615,1.16883,0.205556,0.0722222,0.13333333283662796,0.247734,1.27509,0.288618,0.680346,,,4.10326,0.517249,0.25521,999,,,,,,,136.80000000000007,4.145454545454547,138,4.181818181818182,,,,,,,,,,,,,,,,,,,"Jon Gray","14916",592351
"Shawn Armstrong","CLE",3,2,,3.70497,68,0,3,16,,68,282,61,30,28,8,20,,5,68,8.95369,2.62436,3.41176,1.08062,0.239669,0.0702479,0.1694214791059494,0.235294,1.18353,0.288462,0.726351,,,3.78694,0.502429,0.598181,999,,,,,,,386.20000000000005,5.679411764705883,376,5.529411764705882,,,,,,,,,,,,,,,,,,,"Shawn Armstrong","12857",542888
"Justin Sterner","ATH",3,3,,3.94604,65,0,8,10,,65,273,57,31,28,9,24,,4,67,9.25801,3.33895,2.77273,1.21417,0.24498,0.0883534,0.15662651509046555,0.233184,1.24789,0.285714,0.732484,,,4.14694,0.501874,0.515322,414.45001220703125,,,,,,,352.1,5.416923076923077,338,5.2,,,,,,,,,,,,,,,,,,,"Justin Sterner","27694",686993
"Andrew Kittredge","BAL",5,4,,3.57853,60,0,3,12,,60,246,57,26,24,8,14,,1,58,8.7674,2.14712,4.08333,1.25249,0.237864,0.0582524,0.1796116642653942,0.248705,1.19284,0.29927,0.756972,,,3.77132,0.501456,0.687244,741.2999877929688,,,,,,,331.40000000000003,5.523333333333334,330,5.5,,,,,,,,,,,,,,,,,,,"Andrew Kittredge","12828",552640
"Germán Márquez","SDP",6,11,,5.30769,34,23,0,1,,126,564,143,81,75,19,45,,4,89,6.30769,3.23077,1.95238,1.38462,0.157088,0.0804598,0.07662835717201233,0.277311,1.48718,0.303192,0.665323,,,4.91291,0.50052,-0.435666,999,,,,,,,361.90000000000003,2.8722222222222227,418,3.3174603174603177,,,,,,,,,,,,,,,,,,,"German Marquez","15038",608566
"Danny Coulombe",,2,1,,3.53808,44,0,0,0,,44,181,38,18,17,4,16,,1,43,8.84521,3.31695,2.66667,0.884521,0.239521,0.0898204,0.1497006118297577,0.231788,1.2285,0.28972,0.743243,,,3.62654,0.49813,0.570273,999,,,,,,,212.60000000000002,4.831818181818182,203,4.613636363636363,,,,,,,,,,,,,,,,,,,"Danny Coulombe","13293",543056
"Tyler Kinley","ATL",4,3,,3.94737,63,0,0,13,,63,265,53,30,28,8,27,,2,72,10.2632,3.78947,2.70833,1.10526,0.270833,0.1,0.1708333119750023,0.224299,1.26316,0.288732,0.723473,,,3.81935,0.494263,0.347982,999,,,,,,,339.00000000000006,5.380952380952382,320,5.079365079365079,,,,,,,,,,,,,,,,,,,"Tyler Kinley","18297",641755
"Stephen Kolek","KCR",4,4,,4.23285,36,8,0,1,,70,304,70,36,33,6,23,,5,48,6.17579,2.91442,2.11905,0.832691,0.158363,0.0747331,0.08362989127635956,0.254902,1.32614,0.288509,0.68299,,,4.16829,0.487992,0.55193,999,,,,,,,278.2,3.974285714285714,288,4.114285714285714,,,,,,,,,,,,,,,,,,,"Stephen Kolek","21487",663568
"Spencer Arrighetti","HOU",5,6,,4.36082,29,13,0,1,,84,368,76,44,41,12,39,,5,86,9.18557,4.17526,2.2,1.29897,0.234043,0.106383,0.12765958160161972,0.233871,1.36082,0.281853,0.720641,,,4.54751,0.483536,0.555815,680.0900268554688,,,,,,,320.4,3.814285714285714,308,3.6666666666666665,,,,,,,,,,,,,,,,,,,"Spencer Arrighetti","29921",681293
"Caden Dana","LAA",5,8,,4.91049,16,16,0,0,,82,357,78,48,45,13,36,,5,75,8.28644,3.91304,2.11765,1.38107,0.21135,0.0998043,0.11154597252607346,0.247241,1.3896,0.287462,0.682148,,,4.77197,0.473548,0.306748,999,,,,,,,271.1000000000001,3.3060975609756107,268,3.268292682926829,,,,,,,,,,,,,,,,,,,"Caden Dana","31508",702674
"Justin Wilson",,2,2,,3.78947,43,0,0,0,,43,194,43,19,18,5,17,,1,46,9.71053,3.55263,2.73333,0.947368,0.239766,0.0877193,0.1520467922091484,0.245161,1.39474,0.309091,0.759494,,,3.60882,0.455086,0.396856,999,,,,,,,182.89999999999998,4.253488372093023,188,4.372093023255814,,,,,,,,,,,,,,,,,,,"Justin Wilson","4301",458677
"Jakob Junis","TEX",3,3,,4.05634,65,0,1,14,,65,271,61,32,29,7,16,,4,55,7.60563,2.28169,3.33333,1.01408,0.202703,0.0608108,0.14189190417528152,0.244526,1.19718,0.286408,0.677507,,,3.83936,0.455042,0.107262,999,,,,,,,347.29999999999995,5.343076923076922,345,5.3076923076923075,,,,,,,,,,,,,,,,,,,"Jakob Junis","13619",596001
"John Schreiber","KCR",3,3,,3.96825,64,0,1,14,,64,269,58,30,28,7,23,,3,60,8.4127,3.1746,2.65,0.952381,0.222689,0.0840336,0.13865546137094498,0.237209,1.2522,0.288462,0.702875,,,3.85824,0.453998,0.39888,999,,,,,,,339.7,5.3078125,332,5.1875,,,,,,,,,,,,,,,,,,,"John Schreiber","20020",670167
"Jason Adam","SDP",5,4,,3.3996,60,0,1,15,,60,243,47,25,23,6,23,,6,61,9.12525,3.3996,2.68421,0.894632,0.25,0.0931373,0.1568627431988716,0.216667,1.15308,0.274194,0.72549,,,3.83096,0.442356,0.714651,999,,,,,,,348,5.8,322,5.366666666666666,,,,,,,,,,,,,,,,,,,"Jason Adam","11861",592094
"Bryan King","HOU",4,3,,3.61809,67,0,1,17,,67,278,59,29,27,9,19,,4,66,8.89447,2.56281,3.47059,1.20603,0.237903,0.0685484,0.16935484111309052,0.23348,1.17253,0.28125,0.748299,,,3.95591,0.437005,0.682479,999,,,,,,,367.69999999999993,5.488059701492536,354,5.2835820895522385,,,,,,,,,,,,,,,,,,,"Bryan King","25890",687911
"George Klassen","LAA",3,4,,4.67647,24,10,0,1,,57,251,56,32,30,8,24,,3,53,8.29412,3.70588,2.2381,1.23529,0.209821,0.09375,0.1160714328289032,0.249377,1.39216,0.293515,0.694444,,,4.45867,0.436741,0.239893,999,,,,,,,206.79999999999998,3.6280701754385962,210,3.6842105263157894,,,,,,,,,,,,,,,,,,,"George Klassen","sa3023440",691946
"Kirby Yates","LAA",4,5,,3.94919,56,0,4,12,,56,235,44,27,25,6,27,,4,67,10.8083,4.3649,2.47619,1.03926,0.285714,0.115385,0.17032966017723083,0.21519,1.27021,0.287129,0.708333,,,3.89726,0.43673,0.282618,293.739990234375,,,,,,,335.20000000000005,5.985714285714287,311,5.553571428571429,,,,,,,,,,,,,,,,,,,"Kirby Yates","9073",489446
"Connelly Early","BOS",3,2,,4.07202,17,5,0,1,,36,158,33,18,16,4,13,,3,37,9.14127,3.3241,2.75,0.99723,0.234043,0.0851064,0.1489361748099327,0.235714,1.28347,0.291946,0.703764,,,3.92923,0.43027,0.330817,267.4700012207031,,,,,,,161.40000000000003,4.483333333333334,158,4.388888888888889,,,,,,,,,,,,,,,,,,,"Connelly Early","33666",813349
"Victor Vodnik","COL",3,4,,4.10526,64,0,23,4,,64,282,61,31,29,7,31,,1,61,8.52632,4.42105,1.92857,0.947368,0.215139,0.111554,0.10358566045761108,0.243243,1.4386,0.296296,0.733696,,,4.13514,0.427469,1.04244,495.260009765625,,,,,,,385.9,6.0296875,386,6.03125,,,,,,,,,,,,,,,,,,,"Victor Vodnik","24614",680767
"Tyler Anderson","LAA",4,6,,4.84561,18,18,0,0,,97,423,99,57,52,16,39,,4,75,6.98337,3.6342,1.92157,1.49644,0.178182,0.0927273,0.0854545384645462,0.261134,1.42518,0.288,0.703851,,,5.07496,0.423709,0.352979,999,,,,,,,284.6,2.9340206185567013,298,3.0721649484536084,,,,,,,,,,,,,,,,,,,"Tyler Anderson","12880",542881
"Jordan Montgomery","TEX",2,3,,4.45545,18,6,0,1,,50,215,50,27,25,7,17,,1,42,7.66337,3.11881,2.45714,1.24752,0.196796,0.0800915,0.11670480668544769,0.255639,1.35644,0.294314,0.706985,,,4.36286,0.417559,0.303049,999,,,,,,,187.89999999999998,3.7579999999999996,193,3.86,,,,,,,,,,,,,,,,,,,"Jordan Montgomery","16511",656756
"Colin Rea","CHC",5,5,,4.3886,48,8,0,1,,87,370,87,46,43,12,25,,4,66,6.8192,2.56564,2.65789,1.28282,0.178445,0.0671378,0.11130742728710175,0.254789,1.28282,0.283582,0.699446,,,4.46297,0.40811,0.36633,745.8400268554688,,,,,,,319.00000000000006,3.6666666666666674,328,3.7701149425287355,,,,,,,,,,,,,,,,,,,"Colin Rea","12317",607067
"Justin Wrobleski","LAD",4,4,,4.41818,42,5,0,1,,67,288,65,36,33,10,21,,2,63,8.42727,2.86364,2.94286,1.30909,0.219616,0.0746269,0.14498934149742126,0.246512,1.28182,0.289389,0.699831,,,4.21695,0.408045,0.228759,708.22998046875,,,,,,,264.79999999999995,3.9522388059701488,266,3.970149253731343,,,,,,,,,,,,,,,,,,,"Justin Wrobleski","31204",680736
"Justin Topa","MIN",4,3,,4.04082,62,0,2,12,,62,270,63,30,28,5,19,,5,49,7.16327,2.7551,2.6,0.734694,0.183099,0.0704225,0.11267606168985367,0.257732,1.32653,0.304636,0.690236,,,3.76779,0.407935,0.224484,746.3699951171875,,,,,,,317.49999999999994,5.120967741935483,329,5.306451612903226,,,,,,,,,,,,,,,,,,,"Justin Topa","15145",623437
"Yennier Cano","BAL",5,3,,3.58209,60,0,1,13,,60,254,57,26,24,6,20,,2,53,7.91045,2.98507,2.65,0.895522,0.207843,0.0784314,0.12941177189350128,0.244635,1.27695,0.293103,0.74344,,,3.76532,0.405614,0.4701,999,,,,,,,319,5.316666666666666,319,5.316666666666666,,,,,,,,,,,,,,,,,,,"Yennier Cano","25911",666974
"Martín Pérez","ATL",2,2,,4.45794,8,8,0,0,,44,193,46,24,22,5,17,,1,33,6.72897,3.4486,1.95122,1.09346,0.171674,0.0879828,0.08369097113609314,0.263033,1.42056,0.297872,0.710015,,,4.45289,0.404739,0.376691,999,,,,,,,156.50000000000003,3.5568181818181825,167,3.7954545454545454,,,,,,,,,,,,,,,,,,,"Martin Perez","6902",527048
"Luke Weaver","NYM",4,4,,4.30435,67,0,4,14,,67,285,62,35,32,10,23,,2,74,9.91304,3.13043,3.16667,1.30435,0.258503,0.0816327,0.17687075585126877,0.238806,1.27536,0.296703,0.702703,,,3.94673,0.403214,-0.0824393,722.8800048828125,,,,,,,360.59999999999997,5.3820895522388055,354,5.2835820895522385,,,,,,,,,,,,,,,,,,,"Luke Weaver","16918",596133
"Gabe Speier","SEA",4,2,,3.46154,58,0,0,12,,58,239,48,25,22,7,18,,3,67,10.3846,2.76923,3.75,1.03846,0.280374,0.0747664,0.20560748875141144,0.220513,1.13462,0.286822,0.731225,,,3.4236,0.39058,0.246237,746.219970703125,,,,,,,337.3,5.81551724137931,318,5.482758620689655,,,,,,,,,,,,,,,,,,,"Gabe Speier","17170",642100
"Josiah Gray","WSN",5,6,,4.82282,18,18,0,0,,94,409,91,54,50,15,40,,6,84,8.08989,3.88937,2.08,1.47796,0.205941,0.0990099,0.1069306880235672,0.25,1.40017,0.286154,0.701625,,,4.95018,0.386013,0.51362,999,,,,,,,304.5,3.2393617021276597,305,3.24468085106383,,,,,,,,,,,,,,,,,,,"Josiah Gray","24580",680686
"Payton Tolle","BOS",2,2,,4.14706,23,5,0,1,,40,169,37,20,18,6,12,,1,42,9.35294,2.64706,3.53333,1.32353,0.24594,0.0696056,0.17633410543203354,0.238693,1.22549,0.288809,0.711538,,,3.93906,0.3832,0.304964,670.260009765625,,,,,,,175,4.375,171,4.275,,,,,,,,,,,,,,,,,,,"Payton Tolle","35466",801139
"Mason Englert","TBR",3,2,,3.96871,60,0,1,12,,60,251,56,29,26,8,16,,3,56,8.4495,2.43243,3.47368,1.1522,0.22449,0.0646259,0.15986395627260208,0.242647,1.2091,0.28934,0.70442,,,3.8606,0.374893,0.164822,999,,,,,,,308,5.133333333333334,304,5.066666666666666,,,,,,,,,,,,,,,,,,,"Mason Englert","22288",669438
"Griffin Canning","SDP",6,6,,4.76471,32,18,0,1,,105,451,103,60,56,17,41,,3,95,8.11765,3.52941,2.3,1.5,0.209567,0.0911162,0.11845102906227112,0.252525,1.37255,0.289199,0.70568,,,4.76259,0.371336,0.289669,999,,,,,,,362.09999999999997,3.4485714285714284,366,3.4857142857142858,,,,,,,,,,,,,,,,,,,"Griffin Canning","19867",656288
"Tanner Banks","PHI",3,3,,3.91935,62,0,0,12,,62,258,59,29,27,8,16,,2,57,8.27419,2.32258,3.5625,1.16129,0.22093,0.0620155,0.1589147299528122,0.245833,1.20968,0.291429,0.721003,,,3.84481,0.365569,0.328235,999,,,,,,,315,5.080645161290323,314,5.064516129032258,,,,,,,,,,,,,,,,,,,"Tanner Banks","16990",621383
"Hayden Birdsong","SFG",2,3,,4.46991,18,8,0,1,,48,208,43,26,24,6,23,,4,47,8.85387,4.29799,2.06,1.11748,0.225383,0.109409,0.11597372591495514,0.235589,1.37536,0.286219,0.699523,,,4.44364,0.36313,0.334871,999,,,,,,,186.60000000000002,3.8875000000000006,179,3.7291666666666665,,,,,,,,,,,,,,,,,,,"Hayden Birdsong","31635",806185
"Mason Montgomery","PIT",2,3,,3.84146,60,0,2,12,,60,259,54,28,26,7,24,,3,64,9.65854,3.62195,2.66667,0.987805,0.248588,0.0932203,0.15536724030971527,0.233439,1.30488,0.295455,0.730932,,,3.76928,0.362223,0.429358,999,,,,,,,322.5,5.375,314,5.233333333333333,,,,,,,,,,,,,,,,,,,"Mason Montgomery","29770",682254
"Jovani Morán","BOS",4,1,,3.74134,56,0,0,10,,56,242,49,25,23,5,25,,1,62,9.9769,3.94919,2.52632,0.831409,0.256684,0.101604,0.15508020669221878,0.227545,1.3164,0.295652,0.7393,,,3.50465,0.360782,0.332382,999,,,,,,,311.5000000000001,5.562500000000002,301,5.375,,,,,,,,,,,,,,,,,,,"Jovani Moran","20422",663558
"Kutter Crawford","BOS",5,6,,4.46991,56,6,0,7,,87,362,83,46,43,13,26,,3,74,7.73639,2.75072,2.8125,1.37536,0.205479,0.0730594,0.13242008537054062,0.248756,1.26075,0.283784,0.693431,,,4.43409,0.35615,0.310356,999,,,,,,,357.1000000000001,4.104597701149427,355,4.080459770114943,,,,,,,,,,,,,,,,,,,"Kutter Crawford","20531",676710
"Jake Irvin","WSN",6,9,,5.0096,34,19,0,1,,124,531,127,74,69,21,41,,6,90,6.5643,2.99424,2.19231,1.49712,0.169643,0.0773809,0.0922619178891182,0.262643,1.36276,0.285412,0.673839,,,4.97135,0.35421,0.325605,999,,,,,,,372.09999999999997,3.000806451612903,390,3.1451612903225805,,,,,,,,,,,,,,,,,,,"Jake Irvin","21504",663623
"Ben Brown","CHC",4,4,,4.10334,52,2,0,5,,60,253,53,30,27,7,21,,2,64,9.66565,3.1003,3.11765,1.09422,0.252983,0.0811456,0.171837717294693,0.230366,1.23607,0.287879,0.693916,,,3.69238,0.351325,0.137337,732.3400268554688,,,,,,,299.09999999999997,4.984999999999999,288,4.8,,,,,,,,,,,,,,,,,,,"Ben Brown","23590",676962
"Keegan Akin","BAL",4,3,,3.95604,66,0,3,16,,66,276,60,31,29,9,22,,1,66,9.04239,2.96703,3.04762,1.27159,0.240601,0.0789474,0.16165412962436676,0.237705,1.24019,0.28655,0.737952,,,3.99856,0.344887,0.332974,999,,,,,,,363.70000000000005,5.510606060606062,355,5.378787878787879,,,,,,,,,,,,,,,,,,,"Keegan Akin","19362",669211
"José Urquidy","PIT",5,7,,4.79663,37,15,0,1,,93,397,95,54,50,14,27,,4,68,6.56381,2.65077,2.47619,1.3885,0.171053,0.069079,0.10197368264198303,0.260714,1.31837,0.285714,0.6743,,,4.69194,0.34133,0.387935,999,,,,,,,316,3.3978494623655915,330,3.5483870967741935,,,,,,,,,,,,,,,,,,,"Jose Urquidy","18413",664353
"Greg Weissert","BOS",5,4,,4.09781,65,0,1,17,,65,277,61,32,30,8,23,,3,59,8.19562,3.18718,2.57143,1.06239,0.213439,0.083004,0.1304347664117813,0.244541,1.29848,0.291667,0.714286,,,4.06262,0.337374,0.360413,999,,,,,,,337,5.184615384615385,334,5.138461538461539,,,,,,,,,,,,,,,,,,,"Greg Weissert","20375",669711
"Justin Slaten","BOS",6,4,,4.00468,61,0,0,14,,61,257,56,30,27,7,23,,1,57,8.43091,3.37237,2.5,1.05386,0.222222,0.0888889,0.13333333283662796,0.239264,1.28806,0.288136,0.708333,,,3.97823,0.336547,0.272594,999,,,,,,,317.70000000000005,5.208196721311476,312,5.114754098360656,,,,,,,,,,,,,,,,,,,"Justin Slaten","25648",686580
"Tyler Rogers","TOR",6,3,,3.72129,74,0,2,18,,74,306,71,33,31,8,18,,3,50,6.06432,2.20521,2.75,0.964778,0.162963,0.0592593,0.10370370000600815,0.250996,1.2098,0.28,0.722543,,,4.05397,0.335961,0.630658,741.1900024414062,,,,,,,383.6,5.183783783783784,385,5.202702702702703,,,,,,,,,,,,,,,,,,,"Tyler Rogers","15541",643511
"Dietrich Enns","BAL",3,3,,3.9823,62,0,0,13,,62,273,66,30,27,8,19,,2,57,8.20354,2.70796,3.02941,1.11504,0.207243,0.0684105,0.13883300125598907,0.261438,1.36283,0.309942,0.744048,,,3.9316,0.335344,0.109659,999,,,,,,,291.79999999999995,4.7064516129032254,309,4.983870967741935,,,,,,,,,,,,,,,,,,,"Dietrich Enns","13932",608650
"Clayton Beeter","WSN",3,4,,4.17391,63,0,17,9,,63,273,53,32,29,7,34,,3,73,10.4348,4.82609,2.16216,1.04348,0.267559,0.123746,0.14381273090839386,0.223938,1.37681,0.292398,0.71599,,,4.06267,0.333475,0.231871,328.3800048828125,,,,,,,398.3,6.322222222222222,380,6.031746031746032,,,,,,,,,,,,,,,,,,,"Clayton Beeter","27494",690925
"Brock Burke","CIN",4,3,,4.25775,62,0,1,13,,62,264,60,31,29,8,19,,2,57,8.22186,2.78956,2.94737,1.17455,0.214559,0.0727969,0.14176244288682938,0.245833,1.27243,0.289773,0.703593,,,4.03236,0.331242,0.325704,999,,,,,,,312.4,5.038709677419354,314,5.064516129032258,,,,,,,,,,,,,,,,,,,"Brock Burke","17968",656271
"Yimi García","TOR",3,4,,4.0806,56,0,4,11,,56,237,48,27,25,7,21,,4,59,9.52141,3.4005,2.8,1.1335,0.25,0.0892857,0.1607142835855484,0.226667,1.23426,0.281553,0.714286,,,4.01675,0.32956,0.271919,999,,,,,,,310.50000000000006,5.5446428571428585,296,5.285714285714286,,,,,,,,,,,,,,,,,,,"Yimi Garcia","12095",554340
"Connor Prielipp","MIN",4,4,,4.12048,45,5,0,1,,59,261,58,29,27,6,21,,4,55,8.3494,3.25301,2.56667,0.975904,0.210959,0.0821918,0.12876711785793304,0.246201,1.33735,0.296296,0.711382,,,3.99056,0.328285,0.166149,999,,,,,,,251,4.254237288135593,256,4.338983050847458,,,,,,,,,,,,,,,,,,,"Connor Prielipp","sa3020808",687570
"Tyler Holton","DET",5,4,,3.59073,72,0,1,14,,72,284,62,32,29,9,18,,2,58,7.2973,2.20077,3.31579,1.1583,0.205212,0.0618892,0.14332246780395508,0.234266,1.10682,0.267606,0.722222,,,3.99743,0.326211,0.536585,999,,,,,,,377.90000000000015,5.248611111111114,360,5,,,,,,,,,,,,,,,,,,,"Tyler Holton","26231",663947
"José Buttó","SFG",4,3,,3.79913,64,0,2,13,,64,269,55,29,27,6,26,,4,58,8.12227,3.66812,2.21429,0.786026,0.214533,0.0968858,0.11764705181121826,0.229572,1.26638,0.280423,0.712468,,,3.86294,0.325054,0.614197,999,,,,,,,344.8,5.3875,330,5.15625,,,,,,,,,,,,,,,,,,,"Jose Butto","23313",676130
"Drew Thorpe","CHW",2,3,,4.85526,8,8,0,0,,41,177,43,24,22,6,15,,0,31,6.75,3.19737,2.11111,1.42105,0.174312,0.0825688,0.09174312651157379,0.263333,1.39474,0.290043,0.695067,,,4.75356,0.321913,0.132399,999,,,,,,,134.8,3.2878048780487807,144,3.5121951219512195,,,,,,,,,,,,,,,,,,,"Drew Thorpe","31967",689672
"Jordan Romano","LAA",5,5,,4.4226,63,0,3,12,,63,269,57,34,31,9,23,,5,68,9.72973,3.31695,2.93333,1.32678,0.252874,0.0862069,0.1666666716337204,0.237179,1.27764,0.292453,0.688073,,,4.21622,0.31018,-0.117302,737.0599975585938,,,,,,,322.30000000000007,5.115873015873017,313,4.968253968253968,,,,,,,,,,,,,,,,,,,"Jordan Romano","16122",605447
"Aaron Bummer","ATL",4,2,,3.75,60,0,0,12,,60,266,56,28,25,5,24,,6,62,9.375,3.5625,2.63158,0.75,0.234742,0.0892019,0.14553990215063095,0.238095,1.33333,0.303704,0.719178,,,3.63514,0.30702,0.297091,999,,,,,,,318.9,5.3149999999999995,317,5.283333333333333,,,,,,,,,,,,,,,,,,,"Aaron Bummer","16258",607481
"Ryan Bergert","KCR",2,2,,4.45631,28,8,0,1,,55,240,54,29,27,7,23,,2,46,7.51456,3.75728,2,1.13592,0.192394,0.0961969,0.09619686752557755,0.249377,1.38835,0.288079,0.705128,,,4.44582,0.305043,0.280379,999,,,,,,,201.49999999999997,3.663636363636363,205,3.727272727272727,,,,,,,,,,,,,,,,,,,"Ryan Bergert","29863",686701
"Trevor McDonald","SFG",4,4,,4.36154,34,8,0,1,,72,314,72,37,35,8,24,,7,56,6.99231,3.04615,2.29545,1.03846,0.177504,0.0773286,0.10017574578523636,0.253906,1.33846,0.290404,0.69281,,,4.39667,0.299677,0.390891,746.4400024414062,,,,,,,270.2000000000001,3.752777777777779,279,3.875,,,,,,,,,,,,,,,,,,,"Trevor McDonald","26448",686790
"JR Ritchie","ATL",2,2,,4.41251,6,6,0,0,,32,138,31,17,16,4,12,,2,28,7.83601,3.27134,2.39535,1.14117,0.201961,0.0843137,0.11764705926179886,0.246725,1.31868,0.288235,0.688889,,,4.36083,0.296588,0.318842,999,,,,,,,121.00000000000003,3.781250000000001,122,3.8125,,,,,,,,,,,,,,,,,,,"JR Ritchie","sa3020395",702275
"Kody Funderburk","MIN",4,4,,4.034,65,0,2,15,,65,284,60,31,29,6,27,,6,61,8.48532,3.7558,2.25926,0.834621,0.215548,0.0954064,0.12014134973287582,0.24,1.34467,0.295082,0.712468,,,3.98521,0.295538,0.353895,746.3099975585938,,,,,,,344.2,5.295384615384616,340,5.230769230769231,,,,,,,,,,,,,,,,,,,"Kody Funderburk","24993",681892
"Eric Orze","MIN",3,3,,4.04494,60,0,1,11,,60,260,54,29,27,7,27,,3,61,9.10112,4.04494,2.25,1.01124,0.233333,0.103704,0.12962962687015533,0.23431,1.34831,0.289941,0.727763,,,4.06612,0.293908,0.161893,999,,,,,,,298.5,4.975,290,4.833333333333333,,,,,,,,,,,,,,,,,,,"Eric Orze","27626",679358
"Andrew Nardi","MIA",4,3,,3.85714,56,0,0,10,,56,240,48,25,24,7,24,,3,67,10.7143,3.85714,2.77778,1.07143,0.277778,0.1,0.1777777597308159,0.225,1.28571,0.295238,0.744681,,,3.73037,0.287548,0.330492,999,,,,,,,296.50000000000006,5.2946428571428585,282,5.035714285714286,,,,,,,,,,,,,,,,,,,"Andrew Nardi","25942",677053
"Luis Medina","ATH",4,4,,4.72264,46,6,0,1,,70,314,67,40,37,7,34,,6,60,7.69115,4.31784,1.78125,0.944528,0.190635,0.107023,0.08361204713582993,0.245211,1.43928,0.28934,0.672854,,,4.49945,0.287115,0.104396,999,,,,,,,261.7,3.7385714285714284,263,3.757142857142857,,,,,,,,,,,,,,,,,,,"Luis Medina","21649",665622
"Erik Miller","SFG",5,4,,3.75746,62,0,2,15,,62,272,53,28,26,5,35,,2,64,9.30418,5.00994,1.85714,0.715706,0.235294,0.126697,0.10859726369380951,0.225131,1.41153,0.288889,0.733945,,,3.8906,0.286856,0.511057,999,,,,,,,346.49999999999994,5.588709677419354,332,5.354838709677419,,,,,,,,,,,,,,,,,,,"Erik Miller","26252",669062
"Nick Mears","KCR",4,5,,4.11531,60,0,0,12,,60,258,56,30,27,6,24,,1,55,8.23062,3.57853,2.3,0.894632,0.212963,0.0925926,0.12037038058042526,0.241026,1.33201,0.291667,0.7,,,3.85084,0.283244,0.133612,999,,,,,,,307.6,5.126666666666667,305,5.083333333333333,,,,,,,,,,,,,,,,,,,"Nick Mears","25376",683232
"Brusdar Graterol","LAD",3,1,,3.44681,46,0,0,5,,46,184,41,19,18,4,11,,1,37,7.2766,2.10638,3.45455,0.765957,0.202128,0.0585106,0.14361702650785446,0.238636,1.12766,0.283582,0.7173,,,3.39046,0.281663,0.237868,999,,,,,,,242.60000000000005,5.273913043478262,236,5.130434782608695,,,,,,,,,,,,,,,,,,,"Brusdar Graterol","20367",660813
"Clarke Schmidt","NYY",2,2,,4.19318,17,3,0,1,,31,133,29,16,15,4,11,,2,29,8.48864,3.17045,2.67742,1.125,0.220745,0.0824468,0.13829786330461502,0.238938,1.27273,0.285714,0.703934,,,4.13514,0.278818,0.128136,999,,,,,,,127.79999999999998,4.12258064516129,126,4.064516129032258,,,,,,,,,,,,,,,,,,,"Clarke Schmidt","19899",657376
"Juan Mejia","COL",2,4,,4.479,66,0,3,14,,66,293,60,36,33,8,31,,8,71,9.65785,4.19907,2.3,1.11975,0.242105,0.105263,0.13684210181236267,0.234818,1.36858,0.294118,0.690104,,,4.3793,0.276956,0.408108,999,,,,,,,330.0000000000001,5.000000000000002,322,4.878787878787879,,,,,,,,,,,,,,,,,,,"Juan Mejia","23237",675848
"Isaac Mattson","PIT",4,4,,4.07035,64,0,2,13,,64,274,57,31,29,8,30,,3,61,8.59296,4.22111,2.03571,1.05528,0.222656,0.109375,0.1132812574505806,0.235556,1.35678,0.285714,0.730337,,,4.30767,0.274538,0.512966,999,,,,,,,312.00000000000006,4.875000000000001,301,4.703125,,,,,,,,,,,,,,,,,,,"Isaac Mattson","20385",676755
"Ryne Stanek","STL",5,5,,4.125,60,0,5,12,,60,264,55,30,28,6,30,,1,60,9,4.5,2,0.9375,0.227488,0.113744,0.11374407261610031,0.236559,1.41667,0.293233,0.721311,,,4.0518,0.274161,0.104617,999,,,,,,,327.2,5.453333333333333,322,5.366666666666666,,,,,,,,,,,,,,,,,,,"Ryne Stanek","15947",592773
"Pierce Johnson","CIN",4,4,,4.40816,61,0,1,12,,61,265,59,32,30,9,25,,1,67,9.91837,3.67347,2.7,1.28571,0.253521,0.0938967,0.1596244052052498,0.244792,1.36735,0.305344,0.716783,,,4.07391,0.270909,0.124971,999,,,,,,,296.30000000000007,4.857377049180329,297,4.868852459016393,,,,,,,,,,,,,,,,,,,"Pierce Johnson","13435",572955
"Quinn Mathews","STL",2,2,,4.36634,8,8,0,0,,34,152,31,18,17,4,18,,2,33,8.82178,4.81188,1.83333,1.06931,0.22,0.12,0.09999997913837433,0.237852,1.45545,0.289286,0.721966,,,4.47177,0.269823,0.296657,999,,,,,,,127.80000000000004,3.758823529411766,124,3.6470588235294117,,,,,,,,,,,,,,,,,,,"Quinn Mathews","sa3023407",687273
"Tommy Nance","TOR",4,2,,3.80282,58,0,0,12,,58,249,56,27,25,7,18,,4,56,8.69215,2.7163,3.2,1.08652,0.225352,0.0704225,0.15492957830429077,0.246154,1.26761,0.297872,0.732601,,,3.85948,0.267409,0.211182,999,,,,,,,291.5,5.025862068965517,293,5.051724137931035,,,,,,,,,,,,,,,,,,,"Tommy Nance","19178",667297
"Taijuan Walker","PHI",5,7,,5.12912,50,16,0,1,,118,520,128,73,68,20,43,,5,82,6.25111,3.28584,1.90244,1.52271,0.158215,0.0831643,0.0750507190823555,0.270694,1.44256,0.291429,0.686854,,,5.17432,0.26738,0.0721667,999,,,,,,,318.40000000000003,2.698305084745763,354,3,,,,,,,,,,,,,,,,,,,"Taijuan Walker","11836",592836
"Jack Dreyer","LAD",2,2,,4.18291,54,0,0,12,,54,223,47,28,25,7,20,,1,55,9.17541,3.37331,2.72,1.21439,0.246377,0.0905797,0.1557970866560936,0.232,1.24438,0.283237,0.696023,,,4.01969,0.265044,0.00735634,999,,,,,,,286.3,5.301851851851852,274,5.074074074074074,,,,,,,,,,,,,,,,,,,"Jack Dreyer","30249",676263
"Jonah Tong","NYM",2,2,,4.0665,13,3,0,1,,25,107,22,12,11,3,10,,0,28,10.1279,3.68286,2.75,1.1509,0.262948,0.0956175,0.16733068972826004,0.227876,1.2873,0.288525,0.723077,,,3.82567,0.26157,0.214595,634.1599731445312,,,,,,,120.89999999999999,4.835999999999999,116,4.64,,,,,,,,,,,,,,,,,,,"Jonah Tong","32157",804636
"Riley O'Brien","STL",2,2,,3.87792,63,0,13,11,,63,275,53,29,27,6,29,,8,67,9.53321,4.20108,2.26923,0.807899,0.242798,0.106996,0.1358024850487709,0.22381,1.31059,0.287671,0.712121,,,3.96099,0.260823,0.593528,254.47000122070312,,,,,,,386.6000000000001,6.136507936507938,369,5.857142857142857,,,,,,,,,,,,,,,,,,,"Riley O'Brien","20348",676617
"Kenley Jansen","DET",5,4,,4.15094,60,0,23,4,,60,247,53,30,28,9,21,,1,58,8.67924,3.20755,2.70588,1.32075,0.234694,0.0867347,0.1479591727256775,0.235955,1.2369,0.28,0.711382,,,4.24625,0.25924,0.19001,137.97000122070312,,,,,,,376.49999999999994,6.2749999999999995,364,6.066666666666666,,,,,,,,,,,,,,,,,,,"Kenley Jansen","3096",445276
"Marcus Stroman",,3,3,,4.76296,10,10,0,0,,49,214,50,28,26,6,19,,2,34,6.25138,3.57222,1.75,1.19074,0.159091,0.0909091,0.0681818276643753,0.258427,1.41125,0.284698,0.683453,,,4.78894,0.258413,0.253681,999,,,,,,,163.8,3.342857142857143,172,3.510204081632653,,,,,,,,,,,,,,,,,,,"Marcus Stroman","13431",573186
"Tanner Gordon","COL",3,5,,5.31782,30,6,0,1,,55,242,65,35,33,10,13,,1,40,6.44584,2.0949,3.07692,1.69203,0.164271,0.0533881,0.110882967710495,0.283224,1.3966,0.304469,0.671406,,,4.89879,0.256986,0.155582,999,,,,,,,157,2.8545454545454545,187,3.4,,,,,,,,,,,,,,,,,,,"Tanner Gordon","27669",685299
"Taylor Rogers","MIN",4,4,,4.3326,61,0,19,6,,61,268,56,32,29,8,28,,5,65,9.64989,4.13567,2.33333,1.18162,0.243781,0.104478,0.13930349051952362,0.238636,1.37856,0.297521,0.714286,,,4.33864,0.254007,-0.0133644,414.44000244140625,,,,,,,357.4000000000001,5.859016393442625,351,5.754098360655738,,,,,,,,,,,,,,,,,,,"Taylor Rogers","13449",573124
"Phil Maton","CHC",5,3,,3.69643,65,0,4,14,,65,272,51,29,27,7,26,,8,67,9.32143,3.53571,2.63636,0.964286,0.247863,0.0940171,0.1538461372256279,0.214634,1.17857,0.269504,0.711806,,,4.01014,0.24988,0.716594,732.0499877929688,,,,,,,370.29999999999995,5.696923076923076,342,5.2615384615384615,,,,,,,,,,,,,,,,,,,"Phil Maton","18064",664208
"Troy Melton","DET",2,2,,4.18803,38,3,0,1,,51,214,49,25,24,7,15,,1,44,7.86325,2.64957,2.96774,1.28205,0.206742,0.0696629,0.1370786651968956,0.25,1.27255,0.288525,0.716814,,,4.17977,0.241874,0.160105,657.2999877929688,,,,,,,207.90000000000006,4.076470588235296,208,4.078431372549019,,,,,,,,,,,,,,,,,,,"Troy Melton","31807",675512
"Andrew Alvarez","WSN",2,3,,4.57258,33,5,0,1,,52,228,54,28,26,6,20,,3,38,6.67742,3.48387,1.91667,1.08871,0.16819,0.0877514,0.0804387629032135,0.261663,1.42742,0.295337,0.698718,,,4.5303,0.240191,0.177715,999,,,,,,,181.6,3.4923076923076923,193,3.7115384615384617,,,,,,,,,,,,,,,,,,,"Andrew Alvarez","29914",674841
"Jake Bird","NYY",3,2,,4.07355,53,0,0,10,,53,229,44,26,24,5,22,,6,58,9.92928,3.81895,2.6,0.891089,0.254902,0.0980392,0.1568627581000328,0.220149,1.25884,0.284153,0.681818,,,3.82821,0.235535,0.0540332,999,,,,,,,288.30000000000007,5.439622641509435,272,5.132075471698113,,,,,,,,,,,,,,,,,,,"Jake Bird","21267",656234
"Dauri Moreta",,2,2,,3.80769,34,0,0,0,,34,144,28,16,14,4,15,,2,38,10.0385,3.98077,2.52174,1.03846,0.263636,0.104545,0.15909089893102646,0.221649,1.26923,0.284615,0.729167,,,3.90437,0.232149,0.203095,999,,,,,,,154.60000000000002,4.5470588235294125,143,4.205882352941177,,,,,,,,,,,,,,,,,,,"Dauri Moreta","21101",664294
"Justin Lawrence","PIT",3,5,,3.96,58,0,1,12,,58,254,50,28,26,5,29,,7,60,9.36,4.5,2.08,0.72,0.237443,0.114155,0.12328767031431198,0.228723,1.36,0.295455,0.705128,,,3.95514,0.231074,0.243018,999,,,,,,,302.70000000000005,5.21896551724138,290,5,,,,,,,,,,,,,,,,,,,"Justin Lawrence","17639",664875
"Josh Sborz","TEX",3,5,,4.11429,60,0,0,11,,60,261,57,29,27,7,26,,0,58,8.74286,3.85714,2.26667,1.02857,0.223684,0.0986842,0.1249999925494194,0.240876,1.37143,0.292929,0.731132,,,3.96371,0.222582,0.0869683,999,,,,,,,291.7,4.861666666666666,291,4.85,,,,,,,,,,,,,,,,,,,"Josh Sborz","18323",622250
"Thomas White","MIA",1,1,,4.26456,5,5,0,0,,20,87,18,10,9,2,10,,2,20,9.32873,4.35341,2.14286,1.06614,0.233853,0.109131,0.12472160160541534,0.234694,1.39191,0.290909,0.716586,,,4.29012,0.222397,0.270989,999,,,,,,,80.60000000000001,4.03,78,3.9,,,,,,,,,,,,,,,,,,,"Thomas White","sa3023268",806258
"Calvin Faucher","MIA",4,5,,4,64,0,5,11,,64,283,60,31,28,7,30,,2,64,9,4.16667,2.16,1,0.225941,0.104603,0.12133891880512238,0.240566,1.40741,0.296053,0.739645,,,4.07958,0.222013,0.489532,999,,,,,,,332.5,5.1953125,330,5.15625,,,,,,,,,,,,,,,,,,,"Calvin Faucher","20116",676534
"Luis García","NYM",2,2,,4.09938,60,0,0,13,,60,266,60,30,27,5,25,,4,53,8.01242,3.72671,2.15,0.745342,0.200935,0.0934579,0.10747664421796799,0.251309,1.40787,0.305556,0.705128,,,3.85977,0.218619,0.0392409,999,,,,,,,297.5,4.958333333333333,306,5.1,,,,,,,,,,,,,,,,,,,"Luis Garcia","6984",472610
"Jordan Wicks","CHC",2,1,,4.02353,18,3,0,1,,29,123,28,14,13,4,9,,1,26,8.04706,2.75294,2.92308,1.16471,0.210526,0.0720222,0.13850415498018265,0.246246,1.27059,0.288618,0.723542,,,4.01749,0.216027,0.17859,999,,,,,,,118.60000000000004,4.089655172413794,119,4.103448275862069,,,,,,,,,,,,,,,,,,,"Jordan Wicks","30094",696136
"Travis Adams","MIN",4,4,,4.54639,53,3,0,4,,71,309,74,39,36,9,24,,2,55,6.95876,3.06186,2.27273,1.1134,0.177305,0.0780142,0.09929077327251434,0.260982,1.38144,0.296667,0.691126,,,4.31039,0.213697,0.11738,999,,,,,,,270.29999999999995,3.807042253521126,286,4.028169014084507,,,,,,,,,,,,,,,,,,,"Travis Adams","30180",701519
"Kyle Finnegan","DET",5,5,,4.07547,64,0,4,13,,64,270,62,31,29,8,23,,0,57,7.98113,3.22641,2.47368,1.18868,0.209821,0.0848214,0.1250000074505806,0.24878,1.32075,0.291391,0.730897,,,4.154,0.21328,0.270341,618.780029296875,,,,,,,331.00000000000006,5.171875000000001,333,5.203125,,,,,,,,,,,,,,,,,,,"Kyle Finnegan","15009",640448
"Tim Herrin","CLE",5,3,,3.53571,54,0,0,10,,54,230,44,23,21,5,25,,4,57,9.48214,4.17857,2.26923,0.803571,0.247899,0.109244,0.13865546137094498,0.221154,1.28571,0.284722,0.738462,,,3.79585,0.211548,0.3106,999,,,,,,,290.70000000000005,5.383333333333334,272,5.037037037037037,,,,,,,,,,,,,,,,,,,"Tim Herrin","25139",682120
"Gavin Stone","LAD",2,2,,4.66019,15,3,0,1,,29,123,28,16,15,4,10,,1,25,7.76699,3.1068,2.5,1.26214,0.200501,0.0802005,0.1203007623553276,0.252055,1.33765,0.290441,0.680529,,,4.33255,0.210758,0.132368,999,,,,,,,113.60000000000004,3.917241379310346,114,3.9310344827586206,,,,,,,,,,,,,,,,,,,"Gavin Stone","27792",694813
"Anthony Bender","MIA",5,4,,3.85439,61,0,1,12,,61,253,54,29,26,7,24,,4,57,8.47966,3.46895,2.44444,0.963597,0.226804,0.0927835,0.1340206190943718,0.236994,1.26338,0.290323,0.711538,,,3.99167,0.20555,0.367268,999,,,,,,,307.9000000000001,5.047540983606559,297,4.868852459016393,,,,,,,,,,,,,,,,,,,"Anthony Bender","19742",669622
"Keider Montero","DET",3,4,,4.51091,33,5,0,1,,55,236,54,30,27,8,19,,3,44,7.27567,3.12854,2.32558,1.30962,0.187266,0.0805243,0.10674156993627548,0.253608,1.34196,0.286104,0.703125,,,4.59835,0.20141,0.125308,999,,,,,,,194.20000000000002,3.530909090909091,197,3.581818181818182,,,,,,,,,,,,,,,,,,,"Keider Montero","22630",672456
"Scott Barlow","ATH",4,4,,4.29984,54,0,2,9,,54,232,45,28,26,6,28,,4,60,9.9341,4.59638,2.16129,1.03789,0.256705,0.118774,0.13793104141950607,0.225664,1.35091,0.289474,0.706371,,,4.15655,0.200001,0.0230781,999,,,,,,,278.8,5.162962962962963,262,4.851851851851852,,,,,,,,,,,,,,,,,,,"Scott Barlow","14993",605130
"Matt Svanson","STL",3,3,,3.76569,65,0,8,13,,65,276,59,29,27,7,23,,5,60,8.28452,3.13808,2.64,1.00418,0.216393,0.0819672,0.13442622125148773,0.237226,1.25523,0.285,0.736041,,,4.04169,0.19734,0.589675,670.5499877929688,,,,,,,369.5,5.684615384615385,362,5.569230769230769,,,,,,,,,,,,,,,,,,,"Matt Svanson","29629",694335
"Kyle Hurt","LAD",3,3,,4.77273,31,5,0,1,,47,208,43,27,25,6,25,,3,50,9.54545,4.77273,2,1.22727,0.238908,0.119454,0.11945392191410065,0.23622,1.43939,0.291429,0.691748,,,4.55938,0.192936,0.0517267,999,,,,,,,182.2,3.8765957446808508,177,3.765957446808511,,,,,,,,,,,,,,,,,,,"Kyle Hurt","27514",669165
"Hoby Milner","CHC",3,2,,4.01786,60,0,0,13,,60,254,58,29,27,6,17,,3,50,7.55357,2.57143,2.9375,0.964286,0.198312,0.0675105,0.13080169260501862,0.247706,1.25,0.290909,0.698052,,,3.86728,0.192111,0.161118,999,,,,,,,311.4,5.1899999999999995,314,5.233333333333333,,,,,,,,,,,,,,,,,,,"Hoby Milner","13346",571948
"Blade Tidwell","SFG",2,3,,4.32692,23,3,0,1,,38,166,37,20,18,5,15,,2,33,7.875,3.63462,2.16667,1.125,0.199561,0.0921053,0.10745613276958466,0.249389,1.38462,0.291803,0.715421,,,4.36591,0.188011,0.201734,999,,,,,,,142.5,3.75,144,3.789473684210526,,,,,,,,,,,,,,,,,,,"Blade Tidwell","31701",694918
"Angel Zerpa","MIL",4,3,,3.76119,60,0,0,12,,60,254,56,27,25,7,19,,3,55,8.19403,2.8209,2.90476,1.07463,0.214789,0.0739437,0.14084507524967194,0.238462,1.23881,0.282723,0.738162,,,3.94111,0.188,0.351258,999,,,,,,,304.29999999999995,5.071666666666666,301,5.016666666666667,,,,,,,,,,,,,,,,,,,"Angel Zerpa","22717",672582
"Ryan Thompson","ARI",6,3,,3.54486,64,0,1,16,,64,267,62,27,25,7,18,,3,52,7.28665,2.56017,2.84615,0.984683,0.193717,0.0680628,0.1256544589996338,0.25,1.24726,0.291045,0.76,,,3.92288,0.186654,0.882623,999,,,,,,,336.3,5.2546875,339,5.296875,,,,,,,,,,,,,,,,,,,"Ryan Thompson","16647",657044
"Brenan Hanifee","DET",3,3,,3.95315,58,0,0,11,,58,249,59,27,25,6,15,,3,42,6.45681,2.37189,2.72222,0.922401,0.167235,0.0614334,0.10580204427242279,0.257353,1.28843,0.291667,0.716113,,,3.95505,0.18648,0.23034,999,,,,,,,276,4.758620689655173,286,4.931034482758621,,,,,,,,,,,,,,,,,,,"Brenan Hanifee","22304",669724
"Emerson Hancock","SEA",4,4,,4.46281,48,6,0,1,,75,322,73,40,37,10,25,,4,59,7.06612,2.97521,2.375,1.26446,0.182342,0.0767754,0.10556621849536896,0.251055,1.31405,0.281768,0.695266,,,4.55662,0.185363,-0.0179254,999,,,,,,,277.2,3.6959999999999997,280,3.7333333333333334,,,,,,,,,,,,,,,,,,,"Emerson Hancock","27470",676106
"PJ Poulin","WSN",4,4,,4.27119,61,0,2,15,,61,266,57,31,29,7,26,,4,61,9,3.81356,2.36,1.0678,0.229572,0.0972763,0.13229572772979736,0.241228,1.35593,0.296296,0.712251,,,4.15209,0.18429,0.162877,999,,,,,,,319.1000000000001,5.231147540983608,316,5.180327868852459,,,,,,,,,,,,,,,,,,,"PJ Poulin","23394",676571
"Tyler Alexander","TEX",4,6,,4.84689,60,2,2,11,,68,287,69,39,36,11,17,,2,56,7.41288,2.28089,3.25,1.42555,0.194514,0.0598504,0.13466333597898483,0.256684,1.26716,0.288256,0.656566,,,4.4023,0.180909,-0.381656,999,,,,,,,297.5,4.375,306,4.5,,,,,,,,,,,,,,,,,,,"Tyler Alexander","17735",641302
"Caleb Ferguson","CIN",3,4,,4.52424,58,0,0,10,,58,252,54,31,29,6,22,,6,54,8.40215,3.39318,2.47619,0.969479,0.214876,0.0867769,0.12809918075799942,0.24186,1.31059,0.292994,0.665635,,,4.12257,0.180527,0.0562538,999,,,,,,,279,4.810344827586207,276,4.758620689655173,,,,,,,,,,,,,,,,,,,"Caleb Ferguson","19349",657571
"Ryan Gusto","MIA",3,4,,4.55696,41,3,0,1,,55,243,56,30,28,8,21,,2,46,7.53651,3.41772,2.20513,1.22687,0.190687,0.0864745,0.10421287268400192,0.257353,1.40214,0.295455,0.707395,,,4.48859,0.17797,0.128355,999,,,,,,,190.00000000000003,3.454545454545455,198,3.6,,,,,,,,,,,,,,,,,,,"Ryan Gusto","26440",687473
"Bailey Falter","KCR",4,4,,4.48859,53,5,0,4,,72,304,71,39,36,10,24,,1,50,6.31445,3.04311,2.075,1.21724,0.16501,0.0795229,0.08548706769943237,0.253796,1.32713,0.279005,0.690936,,,4.55525,0.177832,0.15953,999,,,,,,,266.20000000000005,3.697222222222223,271,3.763888888888889,,,,,,,,,,,,,,,,,,,"Bailey Falter","20070",663559
"Noah Schultz","CHW",1,1,,4.79049,5,5,0,0,,20,91,20,12,11,3,9,,2,18,7.84824,4.07701,1.925,1.12118,0.194937,0.101266,0.09367088228464127,0.248555,1.42695,0.290698,0.678119,,,4.67534,0.173364,0.0348089,999,,,,,,,62.099999999999994,3.1049999999999995,64,3.2,,,,,,,,,,,,,,,,,,,"Noah Schultz","sa3020949",702273
"Ryan Johnson","LAA",1,2,,4.24286,20,2,0,1,,25,111,26,13,12,3,8,,0,23,8.22857,2.82857,2.90909,1.15714,0.20915,0.0718954,0.13725490868091583,0.25,1.32857,0.293839,0.708955,,,3.92085,0.170802,0.0316183,999,,,,,,,106.5,4.26,112,4.48,,,,,,,,,,,,,,,,,,,"Ryan Johnson","35325",696270
"Jalen Beeks",,3,2,,3.70675,40,0,0,0,,40,173,38,18,16,4,16,,2,34,7.71005,3.55848,2.16667,0.889621,0.198473,0.0916031,0.10687023401260376,0.246808,1.35091,0.293785,0.747283,,,4.04123,0.168434,0.33221,999,,,,,,,162,4.05,162,4.05,,,,,,,,,,,,,,,,,,,"Jalen Beeks","17192",656222
"Chase Petty","CIN",3,5,,5.50552,31,5,0,1,,48,213,50,32,29,7,21,,2,36,6.72897,3.97621,1.69231,1.29992,0.167619,0.0990476,0.06857143342494965,0.260684,1.47833,0.289256,0.639148,,,4.97031,0.167499,-0.0446877,999,,,,,,,146.10000000000002,3.0437500000000006,156,3.25,,,,,,,,,,,,,,,,,,,"Chase Petty","30170",695534
"Matt Gage","SFG",2,2,,3.95794,56,0,0,10,,56,242,57,27,25,5,19,,1,44,7.05545,3.09751,2.27778,0.860421,0.181416,0.079646,0.10176991671323776,0.256039,1.35755,0.298137,0.71875,,,3.89995,0.164847,0.115777,999,,,,,,,272.70000000000005,4.869642857142858,283,5.053571428571429,,,,,,,,,,,,,,,,,,,"Matt Gage","17381",657424
"Erik Sabrowski","CLE",3,3,,3.94919,61,0,0,14,,61,265,48,30,27,7,38,,3,75,11.0162,5.61201,1.96296,1.03926,0.281915,0.143617,0.1382978856563568,0.213836,1.40878,0.287129,0.740741,,,4.19749,0.162598,0.110882,999,,,,,,,323.50000000000006,5.303278688524591,297,4.868852459016393,,,,,,,,,,,,,,,,,,,"Erik Sabrowski","24978",681870
"Brendon Little","TOR",3,3,,3.75602,54,0,0,10,,54,237,45,24,23,5,30,,3,60,9.9679,5.05618,1.97143,0.866774,0.252747,0.128205,0.12454214692115784,0.221277,1.39647,0.2875,0.750636,,,4.00191,0.162271,0.247112,999,,,,,,,282.1,5.224074074074075,266,4.925925925925926,,,,,,,,,,,,,,,,,,,"Brendon Little","21574",663893
"River Ryan","LAD",1,2,,4.92537,16,8,0,1,,40,180,40,24,22,6,18,,3,33,7.46269,4.02985,1.85185,1.34328,0.186567,0.100746,0.08582089096307755,0.253165,1.44279,0.286517,0.685484,,,4.95935,0.158313,0.0736719,666.5999755859375,,,,,,,125.19999999999999,3.13,129,3.225,,,,,,,,,,,,,,,,,,,"River Ryan","29514",689981
"Sam Hentges","SFG",2,2,,3.22148,44,0,0,1,,44,183,39,17,16,3,14,,1,41,8.45638,2.81879,3,0.604027,0.225806,0.0752688,0.1505376249551773,0.233918,1.20805,0.293651,0.742972,,,3.13514,0.157157,0.141432,999,,,,,,,228.30000000000004,5.188636363636364,222,5.045454545454546,,,,,,,,,,,,,,,,,,,"Sam Hentges","18548",656529
"Mitchell Parker","WSN",3,4,,4.70007,35,3,0,1,,49,214,51,28,26,6,18,,1,36,6.54199,3.30275,1.98077,1.14326,0.16748,0.0845528,0.08292683213949203,0.262032,1.40438,0.293182,0.684695,,,4.476,0.15702,0.0102866,999,,,,,,,175.20000000000002,3.575510204081633,186,3.795918367346939,,,,,,,,,,,,,,,,,,,"Mitchell Parker","27636",680730
"Tobias Myers","NYM",4,4,,4.37838,61,3,0,11,,75,322,76,39,36,10,24,,3,60,7.21622,2.91892,2.47222,1.21622,0.185804,0.0751566,0.11064719408750534,0.257403,1.34234,0.292537,0.710938,,,4.36937,0.155234,0.0886789,999,,,,,,,317.4,4.231999999999999,328,4.373333333333333,,,,,,,,,,,,,,,,,,,"Tobias Myers","22191",668964
"Carson Whisenhunt","SFG",1,2,,4.40784,15,3,0,1,,27,118,28,14,13,3,9,,1,21,6.97239,3.04541,2.28947,1.12199,0.178279,0.0778689,0.1004098430275917,0.257848,1.36242,0.292754,0.704648,,,4.32837,0.153608,0.118602,999,,,,,,,106.10000000000001,3.92962962962963,112,4.148148148148148,,,,,,,,,,,,,,,,,,,"Carson Whisenhunt","31676",687931
"A.J. Puk","ARI",4,2,,3.18718,42,0,7,1,,42,174,35,16,15,5,13,,3,52,11.231,2.88364,3.89474,1.06239,0.300813,0.0772358,0.22357724606990814,0.219731,1.14671,0.295775,0.773196,,,3.3375,0.151078,0.15938,999,,,,,,,253.3,6.030952380952381,240,5.714285714285714,,,,,,,,,,,,,,,,,,,"A.J. Puk","19343",640462
"Cristian Mena","ARI",1,1,,3.82979,16,2,0,1,,23,97,21,10,10,3,8,,1,22,8.56663,3.22508,2.65625,1.10862,0.222513,0.0837696,0.13874346017837524,0.239193,1.28779,0.286853,0.742972,,,4.0086,0.15098,0.204727,999,,,,,,,99.70000000000002,4.334782608695653,97,4.217391304347826,,,,,,,,,,,,,,,,,,,"Cristian Mena","27974",691441
"Elvis Alvarado","ATH",3,3,,4.06452,58,0,3,10,,58,250,51,28,26,7,26,,4,62,9.58065,4.06452,2.35714,1.16129,0.247191,0.104869,0.1423221006989479,0.229787,1.32258,0.285714,0.734463,,,4.23191,0.149927,0.20529,746.3400268554688,,,,,,,299.5,5.163793103448276,288,4.9655172413793105,,,,,,,,,,,,,,,,,,,"Elvis Alvarado","21662",665660
"Spencer Turnbull",,1,2,,5.03888,5,5,0,0,,23,102,24,14,13,3,9,,2,16,6.43857,3.77916,1.7037,1.11975,0.158076,0.0927835,0.06529209762811661,0.263566,1.47745,0.294118,0.668258,,,4.86142,0.146248,0.0363462,999,,,,,,,69.9,3.039130434782609,75,3.260869565217391,,,,,,,,,,,,,,,,,,,"Spencer Turnbull","16207",605513
"Kohl Drake","ARI",1,1,,4.18605,3,3,0,0,,15,66,15,8,7,2,6,,1,14,8.37209,3.30477,2.53333,1.21175,0.213483,0.0842697,0.12921348959207535,0.248447,1.34639,0.293617,0.729387,,,4.27345,0.141868,0.150403,999,,,,,,,54.400000000000006,3.626666666666667,56,3.7333333333333334,,,,,,,,,,,,,,,,,,,"Kohl Drake","sa3021723",684442
"José Suarez","ATL",2,3,,4.15553,44,2,0,1,,51,221,50,25,24,6,17,,2,48,8.52977,3.06197,2.78571,1.09356,0.219101,0.0786517,0.1404494270682335,0.249231,1.32442,0.299578,0.715789,,,3.94923,0.139973,0.071515,999,,,,,,,216.60000000000002,4.247058823529412,220,4.313725490196078,,,,,,,,,,,,,,,,,,,"Jose Suarez","19911",660761
"Joel Payamps","ATL",3,2,,3.98077,53,0,0,9,,53,224,51,25,23,6,16,,2,48,8.13462,2.76923,2.9375,1.03846,0.213636,0.0727273,0.1409090980887413,0.247525,1.26923,0.295302,0.711806,,,3.86591,0.13498,0.202593,999,,,,,,,263.80000000000007,4.977358490566039,265,5,,,,,,,,,,,,,,,,,,,"Joel Payamps","14332",606303
"Kevin Kelly","TBR",3,3,,3.81356,46,0,0,4,,46,190,41,21,19,5,10,,5,41,8.08475,1.98305,4.07692,1.0678,0.217213,0.0532787,0.16393442079424858,0.236607,1.11864,0.280488,0.69395,,,3.89785,0.13287,0.121488,999,,,,,,,225.30000000000004,4.897826086956522,218,4.739130434782608,,,,,,,,,,,,,,,,,,,"Kevin Kelly","25679",687330
"Tim Hill","NYY",4,4,,4.3021,66,0,0,15,,66,285,71,34,32,6,18,,3,35,4.81836,2.40918,2,0.860421,0.123894,0.0619469,0.06194690242409706,0.266667,1.33843,0.288136,0.68254,,,4.225,0.131043,-0.0387345,999,,,,,,,297.0000000000001,4.500000000000002,319,4.833333333333333,,,,,,,,,,,,,,,,,,,"Tim Hill","16814",657612
"Brent Headrick","NYY",2,2,,4.14286,50,0,0,5,,50,209,44,25,23,7,15,,2,52,9.28571,2.71429,3.42105,1.28571,0.247148,0.0722433,0.1749049499630928,0.232365,1.19048,0.281437,0.705128,,,3.97641,0.129994,-0.00552962,999,,,,,,,242.49999999999997,4.85,232,4.64,,,,,,,,,,,,,,,,,,,"Brent Headrick","27702",687396
"Keaton Winn","SFG",2,1,,4.12322,25,2,0,1,,31,132,31,15,14,3,9,,2,27,7.96209,2.70142,2.94737,0.995261,0.205128,0.0695971,0.13553113490343094,0.252,1.29542,0.299465,0.706371,,,3.89343,0.129865,0.10014,999,,,,,,,136.89999999999998,4.4161290322580635,141,4.548387096774194,,,,,,,,,,,,,,,,,,,"Keaton Winn","23499",676775
"Austin Peterson","CLE",1,2,,4.36754,15,3,0,1,,29,124,30,15,14,4,7,,1,21,6.58711,2.29117,2.875,1.36038,0.170686,0.0593692,0.11131726205348969,0.262948,1.30469,0.289003,0.713246,,,4.51938,0.129532,0.128617,999,,,,,,,109.40000000000003,3.7724137931034494,115,3.9655172413793105,,,,,,,,,,,,,,,,,,,"Austin Peterson","sa3020868",804926
"Tanner McDougal","CHW",1,1,,4.93519,15,5,0,1,,29,132,29,17,16,4,14,,2,26,7.89631,4.21735,1.87234,1.25623,0.195991,0.104677,0.09131403267383575,0.253165,1.4656,0.293515,0.690738,,,4.81011,0.125975,0.0377904,999,,,,,,,98.00000000000003,3.379310344827587,101,3.4827586206896552,,,,,,,,,,,,,,,,,,,"Tanner McDougal","sa3017471",701780
"Matt Festa","CLE",4,4,,4.09091,58,0,0,12,,58,245,52,28,26,7,21,,4,58,9,3.27273,2.75,1.14545,0.237069,0.0862069,0.15086206793785095,0.235577,1.25455,0.287671,0.709459,,,4.09877,0.123677,0.114156,999,,,,,,,296.90000000000003,5.11896551724138,288,4.9655172413793105,,,,,,,,,,,,,,,,,,,"Matt Festa","19330",670036
"Cade Povich","BAL",1,1,,4.29594,15,2,0,1,,21,92,21,11,10,3,8,,1,21,8.80668,3.22196,2.73333,1.21718,0.227778,0.0833333,0.14444444328546524,0.245935,1.3206,0.295455,0.710267,,,4.08183,0.121952,0.063166,999,,,,,,,82.9,3.947619047619048,85,4.0476190476190474,,,,,,,,,,,,,,,,,,,"Cade Povich","30055",700249
"Gregory Santos","SFG",3,1,,3.55814,54,0,6,6,,54,244,51,23,21,3,24,,4,50,8.37209,3.97674,2.10526,0.418605,0.206186,0.0979381,0.10824742168188095,0.238372,1.39535,0.3,0.734266,,,3.41421,0.119431,0.105889,999,,,,,,,300.1,5.557407407407408,301,5.574074074074074,,,,,,,,,,,,,,,,,,,"Gregory Santos","21894",666619
"Enyel De Los Santos","HOU",4,3,,4.00329,60,0,0,12,,60,250,53,29,27,9,21,,3,60,9.04448,3.11367,2.90476,1.33443,0.241107,0.083004,0.15810276567935944,0.235808,1.23558,0.283019,0.73718,,,4.23893,0.118699,0.130037,999,,,,,,,291.5,4.858333333333333,279,4.65,,,,,,,,,,,,,,,,,,,"Enyel De Los Santos","18403",660853
"Yoendrys Gómez","TBR",3,3,,4.4373,47,3,0,1,,58,249,52,31,29,9,24,,4,57,8.8746,3.76206,2.35897,1.35048,0.229426,0.0972569,0.13216957449913025,0.235955,1.31833,0.28,0.705996,,,4.56065,0.117009,-0.00317153,999,,,,,,,217.30000000000007,3.746551724137932,207,3.5689655172413794,,,,,,,,,,,,,,,,,,,"Yoendrys Gomez","22872",672782
"Ryan Brasier","TEX",1,1,,3.89189,48,0,0,4,,48,193,43,22,21,5,14,,1,39,7.2973,2.67568,2.72727,0.972973,0.201342,0.0738255,0.12751676887273788,0.240876,1.18919,0.281553,0.703125,,,3.89189,0.114306,0.0960928,999,,,,,,,230.90000000000003,4.810416666666668,224,4.666666666666667,,,,,,,,,,,,,,,,,,,"Ryan Brasier","5615",518489
"Brock Stewart","LAD",1,1,,4.00593,44,0,0,1,,44,188,38,21,20,5,18,,3,50,10.1484,3.73887,2.71429,1.06825,0.263889,0.0972222,0.166666679084301,0.226562,1.27596,0.290698,0.721925,,,3.8473,0.11345,0.0277595,999,,,,,,,206.3,4.6886363636363635,196,4.454545454545454,,,,,,,,,,,,,,,,,,,"Brock Stewart","16727",592779
"Ty Johnson","TBR",0,0,,4.21277,2,2,0,0,,8,33,7,4,4,1,3,,1,8,9,3.15957,2.84848,1.14894,0.234414,0.0822943,0.1521197035908699,0.233983,1.24468,0.284585,0.688623,,,4.13514,0.112255,0.0962273,999,,,,,,,32.7,4.0875,31,3.875,,,,,,,,,,,,,,,,,,,"Ty Johnson","sa3023410",694494
"Ben Joyce","LAA",2,1,,3.6933,48,0,10,0,,48,205,38,22,20,4,21,,6,56,10.4968,3.88769,2.7,0.777538,0.272727,0.10101,0.17171718925237656,0.215116,1.2311,0.289474,0.700389,,,3.6103,0.111061,0.0520733,713.7899780273438,,,,,,,288.20000000000005,6.004166666666667,269,5.604166666666667,,,,,,,,,,,,,,,,,,,"Ben Joyce","31461",690829
"Tyler Uberstine","BOS",1,1,,4.37934,10,2,0,1,,17,73,17,9,8,2,6,,1,15,7.86495,3.1281,2.51429,1.16187,0.200913,0.0799087,0.12100455909967422,0.253769,1.35055,0.296296,0.704584,,,4.25728,0.11022,0.0757443,999,,,,,,,70.00000000000001,4.11764705882353,72,4.235294117647059,,,,,,,,,,,,,,,,,,,"Tyler Uberstine","sa3017643",700413
"Bryse Wilson","PHI",1,2,,4.91081,13,3,0,1,,30,127,31,17,16,5,9,,1,20,6.23295,2.64428,2.35714,1.41658,0.160976,0.0682927,0.09268292039632797,0.267196,1.35362,0.289562,0.675926,,,4.80355,0.109166,0.147389,999,,,,,,,93.9,3.1300000000000003,99,3.3,,,,,,,,,,,,,,,,,,,"Bryse Wilson","19990",669060
"Jason Foley","SFG",2,2,,3.21429,32,0,0,1,,32,133,30,13,11,2,7,,1,27,7.55357,2.08929,3.61538,0.642857,0.201717,0.055794,0.14592275768518448,0.243119,1.17857,0.293413,0.728477,,,3.18871,0.108127,0.0826665,999,,,,,,,168.20000000000002,5.2562500000000005,168,5.25,,,,,,,,,,,,,,,,,,,"Jason Foley","19531",671345
"Mitch Bratt","ARI",0,0,,3.87863,2,2,0,0,,8,35,8,4,4,1,2,,0,7,7.83641,2.1372,3.66667,1.18734,0.205394,0.0560166,0.14937759563326836,0.250554,1.23131,0.290801,0.731092,,,3.92669,0.108014,0.106958,999,,,,,,,34.10000000000001,4.262500000000001,35,4.375,,,,,,,,,,,,,,,,,,,"Mitch Bratt","sa3017719",683352
"Tyler Wells","BAL",4,5,,4.44156,57,3,0,7,,70,284,65,37,34,13,18,,2,59,7.5974,2.33766,3.25,1.63636,0.207668,0.0638978,0.14376995712518692,0.247423,1.19481,0.273585,0.70442,,,4.6676,0.107873,0.0782248,999,,,,,,,275.1,3.93,267,3.8142857142857145,,,,,,,,,,,,,,,,,,,"Tyler Wells","20000",669330
"Joe Rock","TBR",1,1,,4.30178,14,2,0,1,,21,91,21,11,10,3,7,,1,17,7.16963,2.9522,2.42857,1.09653,0.183983,0.0757576,0.10822510719299316,0.255924,1.34021,0.29321,0.705128,,,4.25041,0.107356,0.0551683,999,,,,,,,77.9,3.7095238095238097,80,3.8095238095238093,,,,,,,,,,,,,,,,,,,"Joe Rock","30016",697812
"Cole Sulser","TBR",3,4,,4.26637,56,0,0,10,,56,239,56,29,27,8,19,,1,49,7.92325,3.0474,2.6,1.21896,0.206349,0.0793651,0.1269841268658638,0.254335,1.33183,0.296875,0.711462,,,4.21866,0.106317,-0.01243,999,,,,,,,248.40000000000012,4.435714285714288,254,4.535714285714286,,,,,,,,,,,,,,,,,,,"Cole Sulser","15256",642121
"Braydon Fisher","TOR",3,3,,3.70675,52,0,0,7,,52,222,42,23,21,6,25,,3,61,10.5272,4.29984,2.44828,1.03789,0.274131,0.111969,0.1621621549129486,0.215859,1.28501,0.281879,0.747801,,,3.87649,0.106093,0.0694396,999,,,,,,,267.8,5.15,248,4.769230769230769,,,,,,,,,,,,,,,,,,,"Braydon Fisher","24609",680755
"Brandon Williamson","CIN",3,5,,5.35443,40,10,0,1,,75,337,77,49,45,11,37,,4,57,6.83544,4.44304,1.53846,1.36709,0.169492,0.110169,0.05932203680276871,0.26045,1.51899,0.288703,0.668605,,,5.22374,0.104698,-0.0202166,999,,,,,,,214.5,2.86,227,3.026666666666667,,,,,,,,,,,,,,,,,,,"Brandon Williamson","25463",682227
"Eric Lauer","TOR",3,4,,4.25,50,2,0,4,,57,240,54,29,27,9,19,,2,51,8.08333,3,2.69444,1.41667,0.212254,0.0787746,0.13347920775413513,0.246411,1.28704,0.282895,0.729167,,,4.46847,0.104631,0.155375,999,,,,,,,225.69999999999996,3.9596491228070168,223,3.912280701754386,,,,,,,,,,,,,,,,,,,"Eric Lauer","19316",641778
"Sawyer Gipson-Long","DET",1,2,,4.33735,22,2,0,1,,28,119,28,15,14,4,7,,2,24,7.59036,2.28916,3.31579,1.3253,0.199367,0.0601266,0.13924050331115723,0.255973,1.25837,0.292237,0.699746,,,4.28641,0.104629,0.0869237,999,,,,,,,110.2,3.935714285714286,113,4.035714285714286,,,,,,,,,,,,,,,,,,,"Sawyer Gipson-Long","26048",687830
"David Morgan","SDP",3,2,,4.03448,58,0,0,12,,58,249,50,28,26,7,23,,5,61,9.46552,3.56897,2.65217,1.08621,0.24498,0.0923695,0.1526104435324669,0.226244,1.25862,0.281046,0.712025,,,4.04893,0.0998017,0.111237,999,,,,,,,299.1,5.156896551724138,285,4.913793103448276,,,,,,,,,,,,,,,,,,,"David Morgan","31616",688158
"Carlos Rodriguez","MIL",2,3,,4.55696,36,2,0,1,,43,186,40,23,22,6,18,,3,39,8.23759,3.68062,2.2381,1.22687,0.210291,0.0939597,0.11633110046386719,0.241206,1.34372,0.282759,0.692568,,,4.50807,0.0997856,-0.00285762,999,,,,,,,159.39999999999998,3.706976744186046,156,3.627906976744186,,,,,,,,,,,,,,,,,,,"Carlos Rodriguez","30161",692230
"Cooper Criswell","SEA",3,4,,4.23877,57,3,0,7,,71,307,70,36,33,9,23,,6,58,7.39321,2.85871,2.58621,1.08434,0.189873,0.0734177,0.11645570397377014,0.251397,1.3034,0.290441,0.704633,,,4.27424,0.0997132,0.112632,999,,,,,,,289.7,4.080281690140845,295,4.154929577464789,,,,,,,,,,,,,,,,,,,"Cooper Criswell","24975",681867
"Mike Vasil","CHW",4,4,,4.2333,79,0,1,15,,79,343,76,40,37,9,32,,5,64,7.28128,3.64064,2,1.01599,0.186147,0.0930736,0.09307359904050827,0.247573,1.36406,0.286624,0.709828,,,4.39572,0.0980097,0.0836533,999,,,,,,,358.30000000000007,4.535443037974685,360,4.556962025316456,,,,,,,,,,,,,,,,,,,"Mike Vasil","30105",678024
"Hagen Smith","CHW",0,1,,4.88372,3,3,0,0,,13,57,12,8,7,2,6,,2,12,8.57143,4.38538,1.95455,1.19601,0.217722,0.111392,0.10632910579442978,0.238235,1.38427,0.285124,0.665434,,,4.78519,0.0974861,0.00382708,999,,,,,,,40.39999999999999,3.107692307692307,39,3,,,,,,,,,,,,,,,,,,,"Hagen Smith","sa3025544",696146
"Jason Alexander","HOU",2,2,,4.66364,23,5,0,1,,44,192,46,25,23,7,15,,2,33,6.79091,3.10909,2.18421,1.39091,0.171134,0.0783505,0.09278351068496704,0.265306,1.40909,0.293255,0.708841,,,4.83514,0.0967443,0.152358,999,,,,,,,138.9,3.1568181818181817,148,3.3636363636363638,,,,,,,,,,,,,,,,,,,"Jason Alexander","19666",669920
"Wandy Peralta","SDP",3,3,,4.01372,57,0,0,10,,57,242,50,27,25,5,25,,3,49,7.7187,4.01372,1.92308,0.77187,0.201613,0.104839,0.09677419811487198,0.232877,1.32075,0.280488,0.7,,,4.02707,0.0931117,0.125315,999,,,,,,,284.29999999999995,4.987719298245613,274,4.807017543859649,,,,,,,,,,,,,,,,,,,"Wandy Peralta","14295",593974
"Bennett Sousa","HOU",3,2,,3.54486,52,0,0,7,,52,216,44,22,20,7,19,,1,58,10.0438,3.34792,3,1.18162,0.268421,0.0894737,0.17894736677408218,0.226744,1.22538,0.286957,0.777311,,,3.79159,0.0928046,0.101103,999,,,,,,,268.30000000000007,5.159615384615386,253,4.865384615384615,,,,,,,,,,,,,,,,,,,"Bennett Sousa","21345",656986
"Grant Wolfram","BAL",4,4,,4.33333,50,0,0,4,,50,223,48,26,24,6,23,,3,48,8.66667,4.16667,2.08,1,0.215768,0.103734,0.11203319579362869,0.244131,1.42593,0.296774,0.714286,,,4.20921,0.092253,-0.0619178,999,,,,,,,205.39999999999998,4.108,206,4.12,,,,,,,,,,,,,,,,,,,"Grant Wolfram","21623",664991
"Brandon Eisert","CHW",3,4,,4.17311,52,0,0,6,,52,224,50,26,24,6,18,,2,52,9.04173,3.19938,2.82609,1.11283,0.232975,0.0824373,0.1505376398563385,0.245059,1.31376,0.3,0.718157,,,3.93885,0.0917703,-0.0174606,999,,,,,,,249,4.788461538461538,250,4.8076923076923075,,,,,,,,,,,,,,,,,,,"Brandon Eisert","27668",685126
"Jonathan Pintaro","NYM",2,1,,4.09639,26,2,0,1,,31,136,29,15,14,3,12,,3,29,8.55422,3.61446,2.36667,0.963856,0.215805,0.0911854,0.12462005764245987,0.239726,1.33869,0.29108,0.709459,,,4.11238,0.0870619,0.118894,999,,,,,,,134.09999999999997,4.325806451612902,133,4.290322580645161,,,,,,,,,,,,,,,,,,,"Jonathan Pintaro","33980",702752
"Dane Dunning","SEA",1,1,,4.33628,14,2,0,1,,21,89,20,11,10,3,7,,1,18,7.87611,3.00885,2.61765,1.15044,0.203196,0.0776256,0.12557078152894974,0.248744,1.30777,0.290541,0.696864,,,4.22658,0.0845424,0.00227189,999,,,,,,,82.5,3.9285714285714284,82,3.9047619047619047,,,,,,,,,,,,,,,,,,,"Dane Dunning","19409",641540
"Trey Gibson","BAL",0,1,,4.52991,2,2,0,0,,8,34,7,4,4,1,3,,1,7,8.37607,3.24786,2.57895,1.19658,0.214442,0.083151,0.13129103183746338,0.243902,1.31054,0.288591,0.684122,,,4.34121,0.0840668,0.0866281,999,,,,,,,30.700000000000006,3.837500000000001,29,3.625,,,,,,,,,,,,,,,,,,,"Trey Gibson","sa3023250",694346
"Austin Gomber","TEX",0,1,,5.20439,2,2,0,0,,9,38,9,6,5,1,2,,0,7,6.64008,2.42273,2.74074,1.52542,0.173302,0.0632318,0.11007025092840195,0.263158,1.31605,0.285714,0.637708,,,4.70044,0.0835716,-0.0495212,999,,,,,,,38.90000000000001,4.322222222222224,40,4.444444444444445,,,,,,,,,,,,,,,,,,,"Austin Gomber","16561",596295
"Mason Barnett","ATH",1,1,,4.69992,20,2,0,1,,26,115,26,15,14,3,11,,2,22,7.71629,3.85814,2,1.12237,0.19469,0.0973451,0.09734513610601425,0.249004,1.40296,0.289894,0.685279,,,4.51472,0.0827076,-0.0225695,999,,,,,,,96.9,3.726923076923077,100,3.8461538461538463,,,,,,,,,,,,,,,,,,,"Mason Barnett","31741",686930
"Paul Blackburn","NYY",3,5,,4.95716,59,2,0,12,,65,286,68,39,36,10,23,,2,51,7.05018,3.19461,2.2069,1.32191,0.178771,0.0810056,0.09776535630226135,0.260736,1.39535,0.292,0.668724,,,4.65288,0.0816761,-0.435989,999,,,,,,,256.2,3.941538461538461,270,4.153846153846154,,,,,,,,,,,,,,,,,,,"Paul Blackburn","14739",621112
"Evan Phillips","LAD",2,1,,3.35196,28,0,0,1,,28,112,23,11,10,3,8,,1,30,9.55307,2.68156,3.5625,1.00559,0.265116,0.0744186,0.19069769978523254,0.22335,1.11732,0.283582,0.736434,,,3.47033,0.0816502,0.0908884,999,,,,,,,147.50000000000006,5.267857142857145,138,4.928571428571429,,,,,,,,,,,,,,,,,,,"Evan Phillips","17734",623465
"Jordan Hicks","CHW",3,4,,4.56164,54,0,0,9,,54,243,53,30,27,5,25,,5,49,8.13699,4.19178,1.94118,0.863014,0.20122,0.103659,0.09756097942590714,0.247387,1.43836,0.299065,0.682773,,,4.25842,0.0815476,-0.170309,999,,,,,,,244.3,4.524074074074075,249,4.611111111111111,,,,,,,,,,,,,,,,,,,"Jordan Hicks","19618",663855
"Hogan Harris","ATH",3,3,,4.20652,66,0,10,11,,66,288,60,33,31,8,32,,3,65,8.80435,4.40217,2,1.07609,0.224439,0.112219,0.1122194454073906,0.235795,1.3913,0.286853,0.728242,,,4.33079,0.0810869,0.336098,730.1599731445312,,,,,,,353.0000000000001,5.34848484848485,345,5.2272727272727275,,,,,,,,,,,,,,,,,,,"Hogan Harris","21520",663687
"Jonathan Loáisiga","ARI",2,1,,3.43511,44,0,0,4,,44,187,43,18,17,4,12,,2,36,7.32824,2.51908,2.90909,0.916031,0.191617,0.0658683,0.12574850767850876,0.246753,1.24682,0.288136,0.760369,,,3.82216,0.0794077,0.250434,999,,,,,,,210.60000000000002,4.786363636363637,214,4.863636363636363,,,,,,,,,,,,,,,,,,,"Jonathan Loaisiga","19753",642528
"Andre Granillo","WSN",3,4,,4.39791,55,0,0,10,,55,237,51,29,27,8,25,,1,54,8.79581,4.08377,2.15385,1.25654,0.226721,0.105263,0.12145749479532242,0.240909,1.37871,0.288462,0.722714,,,4.40913,0.0784248,-0.0166663,999,,,,,,,246.00000000000003,4.4727272727272736,241,4.381818181818182,,,,,,,,,,,,,,,,,,,"Andre Granillo","29542",701552
"Ian Hamilton","ATL",2,2,,3.61377,40,0,0,1,,40,171,35,18,16,4,18,,2,42,9.46463,3.95794,2.3913,0.860421,0.246637,0.103139,0.1434977650642395,0.232323,1.31931,0.297101,0.741935,,,3.70875,0.0779205,0.0643469,999,,,,,,,183.8,4.595000000000001,176,4.4,,,,,,,,,,,,,,,,,,,"Ian Hamilton","19261",641656
"Sam Aldegheri","LAA",2,3,,5.42787,6,6,0,0,,34,155,36,22,21,6,15,,3,26,6.74817,4.03423,1.67273,1.46699,0.166365,0.0994575,0.06690778583288193,0.265849,1.50774,0.291777,0.66879,,,5.31933,0.0757408,-0.0660561,999,,,,,,,82.20000000000002,2.4176470588235297,90,2.6470588235294117,,,,,,,,,,,,,,,,,,,"Sam Aldegheri","26443",691951
"McCade Brown","COL",1,1,,5.20661,11,3,0,1,,21,93,21,13,12,3,9,,2,20,8.50059,3.82527,2.22222,1.4876,0.212202,0.0954907,0.11671087890863419,0.257485,1.44038,0.3,0.673828,,,4.9179,0.0755482,0.101586,999,,,,,,,74.9,3.566666666666667,77,3.6666666666666665,,,,,,,,,,,,,,,,,,,"McCade Brown","30004",685326
"Christian Scott","NYM",2,2,,4.54976,32,2,0,1,,37,159,37,21,19,5,11,,2,32,7.81991,2.55924,3.05556,1.27962,0.204461,0.0669145,0.13754646480083466,0.251012,1.26382,0.289617,0.667656,,,4.28837,0.0745694,-0.0514607,999,,,,,,,145.10000000000002,3.921621621621622,149,4.027027027027027,,,,,,,,,,,,,,,,,,,"Christian Scott","30107",681035
"Sam Moll","CIN",2,2,,4.82927,50,0,0,4,,50,217,45,29,27,6,23,,5,49,8.78049,4.17073,2.10526,1.09756,0.224719,0.106742,0.11797752976417542,0.23871,1.36585,0.290909,0.653061,,,4.45221,0.0728331,-0.0925293,999,,,,,,,209.2,4.184,202,4.04,,,,,,,,,,,,,,,,,,,"Sam Moll","14874",594580
"Pedro Avila","CLE",2,3,,4.20664,32,2,0,1,,39,169,37,20,18,4,17,,2,32,7.41697,3.98524,1.86111,0.99631,0.188732,0.101408,0.08732394129037857,0.247619,1.40221,0.288703,0.719921,,,4.40205,0.0726254,0.134771,999,,,,,,,154.20000000000005,3.953846153846155,154,3.948717948717949,,,,,,,,,,,,,,,,,,,"Pedro Avila","18864",658648
"Gordon Graceffo","STL",3,4,,4.37435,58,0,0,12,,58,250,58,31,28,7,18,,2,46,7.16649,2.79214,2.56667,1.02378,0.185096,0.0721154,0.11298077553510666,0.253264,1.31334,0.291525,0.681004,,,4.04517,0.072351,-0.0988407,999,,,,,,,272.3,4.694827586206896,279,4.810344827586207,,,,,,,,,,,,,,,,,,,"Gordon Graceffo","29519",700669
"Rob Zastryzny","MIL",2,1,,4.18605,48,0,0,4,,48,206,46,24,22,6,16,,2,43,8.13953,3.02326,2.69231,1.16279,0.210843,0.0783133,0.132530115544796,0.245033,1.29199,0.288288,0.72093,,,4.16873,0.0721264,0.0303602,999,,,,,,,209.80000000000004,4.3708333333333345,210,4.375,,,,,,,,,,,,,,,,,,,"Rob Zastryzny","15094",642239
"Justin Martinez","ARI",2,1,,3.33895,22,0,0,1,,22,96,17,9,8,1,12,,2,27,11.231,5.00843,2.24242,0.607083,0.285714,0.127413,0.15830117464065552,0.20362,1.31535,0.286713,0.745856,,,3.43868,0.0709415,0.0644586,999,,,,,,,122.3,5.559090909090909,113,5.136363636363637,,,,,,,,,,,,,,,,,,,"Justin Martinez","24453",679885
"Ronel Blanco","HOU",1,1,,4.19945,10,2,0,1,,17,73,15,9,8,3,7,,0,17,8.64593,3.87008,2.23404,1.39982,0.227273,0.101732,0.12554112821817398,0.237288,1.32662,0.278351,0.742574,,,4.5807,0.0703662,0.0471559,999,,,,,,,66.9,3.935294117647059,63,3.7058823529411766,,,,,,,,,,,,,,,,,,,"Ronel Blanco","19407",669854
"Hayden Wesneski","HOU",2,2,,4.42432,24,2,0,1,,31,130,29,16,15,5,11,,1,28,8.26649,3.1436,2.62963,1.39715,0.216463,0.0823171,0.13414634764194489,0.241611,1.28072,0.27907,0.705596,,,4.48054,0.0666589,0.00963144,999,,,,,,,116.49999999999997,3.758064516129031,114,3.6774193548387095,,,,,,,,,,,,,,,,,,,"Hayden Wesneski","27581",669713
"Ryan Yarbrough","NYY",3,4,,4.58274,54,2,0,7,,63,268,61,35,32,10,19,,5,51,7.25601,2.67327,2.71429,1.40028,0.190635,0.0702341,0.12040133029222488,0.25,1.25884,0.279412,0.679348,,,4.69101,0.0655041,-0.0519279,999,,,,,,,242.60000000000005,3.8507936507936518,243,3.857142857142857,,,,,,,,,,,,,,,,,,,"Ryan Yarbrough","16502",642232
"Brant Hurter","DET",3,3,,3.8699,52,0,0,6,,52,221,49,24,22,6,15,,5,46,7.93826,2.57993,3.07692,0.992282,0.207254,0.0673575,0.13989638537168503,0.242165,1.22381,0.287356,0.71134,,,3.96204,0.0650829,0.044458,999,,,,,,,239.6,4.607692307692307,238,4.576923076923077,,,,,,,,,,,,,,,,,,,"Brant Hurter","30133",676428
"Alex Lange","KCR",4,4,,3.825,52,0,0,7,,52,226,42,23,22,4,30,,4,57,9.9,5.175,1.91304,0.675,0.252874,0.132184,0.12068966031074524,0.216216,1.375,0.287129,0.728346,,,3.86014,0.0640988,0.0947909,999,,,,,,,266.40000000000003,5.1230769230769235,248,4.769230769230769,,,,,,,,,,,,,,,,,,,"Alex Lange","19883",656638
"JT Brubaker","SFG",2,3,,4.35938,59,0,1,12,,59,261,61,31,29,6,22,,4,47,7.17188,3.375,2.125,0.984375,0.180212,0.0848057,0.09540636837482452,0.258824,1.40625,0.299492,0.698254,,,4.27576,0.0630047,-0.0606713,999,,,,,,,273.20000000000005,4.630508474576272,286,4.8474576271186445,,,,,,,,,,,,,,,,,,,"JT Brubaker","17578",664141
"Mason Black","KCR",3,4,,5,43,3,0,1,,55,244,55,33,30,8,24,,4,44,7.25,3.91667,1.85106,1.25,0.180498,0.0975104,0.08298753947019577,0.255269,1.44444,0.289231,0.674074,,,4.85736,0.0622285,-0.0661897,999,,,,,,,173.60000000000002,3.1563636363636367,179,3.2545454545454544,,,,,,,,,,,,,,,,,,,"Mason Black","30171",696131
"José Leclerc",,2,2,,4.23983,37,0,0,0,,37,161,32,19,17,5,19,,2,40,9.82869,4.62527,2.125,1.15632,0.251232,0.118227,0.13300494104623795,0.231638,1.39186,0.291667,0.724382,,,4.29145,0.0618607,0.0420038,999,,,,,,,146.10000000000002,3.9486486486486494,137,3.7027027027027026,,,,,,,,,,,,,,,,,,,"Jose Leclerc","14524",600917
"Braden Nett","ATH",1,2,,4.96552,19,3,0,1,,29,134,30,17,16,4,15,,2,25,7.55172,4.55172,1.65909,1.13793,0.183879,0.110831,0.07304786145687103,0.253602,1.51724,0.292776,0.686106,,,4.82479,0.0616842,-0.0361696,999,,,,,,,90.40000000000003,3.117241379310346,96,3.310344827586207,,,,,,,,,,,,,,,,,,,"Braden Nett","sa3020336",804556
"Mitch Farris","LAA",0,1,,4.88722,2,2,0,0,,8,36,8,5,5,1,4,,0,8,8.34587,3.83459,2.17647,1.35338,0.210626,0.0967742,0.11385199427604675,0.251586,1.42022,0.293605,0.690608,,,4.58877,0.0616533,-0.000945303,999,,,,,,,30.100000000000005,3.7625000000000006,31,3.875,,,,,,,,,,,,,,,,,,,"Mitch Farris","33628",815083
"Alan Rangel","PHI",1,1,,4.9512,13,2,0,1,,19,83,20,12,11,3,6,,0,16,7.50666,2.95475,2.54054,1.43744,0.193814,0.0762887,0.11752577871084213,0.26009,1.35759,0.293413,0.672926,,,4.58145,0.0614619,-0.0296692,999,,,,,,,69.69999999999999,3.668421052631578,74,3.8947368421052633,,,,,,,,,,,,,,,,,,,"Alan Rangel","19524",660604
"Jorge López",,2,2,,4.53237,30,0,0,0,,30,132,29,17,15,3,11,,4,25,7.55396,3.23741,2.33333,0.863309,0.191257,0.0819672,0.10928960889577866,0.251534,1.34293,0.298387,0.654762,,,4.14233,0.060229,-0.144353,999,,,,,,,114.69999999999999,3.823333333333333,116,3.8666666666666667,,,,,,,,,,,,,,,,,,,"Jorge Lopez","14527",605347
"Jacob Webb","CHC",4,3,,4.18966,54,0,0,11,,54,224,46,27,25,7,20,,3,52,8.68966,3.41379,2.54545,1.24138,0.232365,0.0912863,0.14107884466648102,0.226852,1.22414,0.269737,0.702341,,,4.29031,0.0594712,0.0534198,999,,,,,,,272.9,5.053703703703703,258,4.777777777777778,,,,,,,,,,,,,,,,,,,"Jacob Webb","19274",657097
"Yerry De los Santos","NYY",2,2,,4.05253,42,0,0,1,,42,180,39,20,19,4,16,,2,34,7.26079,3.37711,2.15,0.844278,0.187773,0.0873362,0.10043668746948242,0.241546,1.31332,0.283019,0.698413,,,3.97941,0.0581902,0.00818747,999,,,,,,,178.20000000000002,4.242857142857143,176,4.190476190476191,,,,,,,,,,,,,,,,,,,"Yerry De los Santos","21420",660787
"DJ Herz","WSN",1,2,,4.4836,19,2,0,1,,24,105,22,13,12,3,12,,1,24,8.96719,4.70231,1.90698,1.09356,0.224658,0.117808,0.106849305331707,0.236593,1.43378,0.288889,0.711538,,,4.47171,0.0563227,0.0248398,999,,,,,,,96.50000000000001,4.020833333333334,94,3.9166666666666665,,,,,,,,,,,,,,,,,,,"DJ Herz","26389",687792
"Thomas Harrington","PIT",1,1,,4.54369,12,2,0,1,,18,77,18,10,9,2,6,,1,14,6.90291,2.79612,2.46875,1.2233,0.17713,0.0717489,0.10538116097450256,0.261614,1.34951,0.294304,0.695142,,,4.44582,0.0553485,0.11352,999,,,,,,,72.80000000000003,4.044444444444446,75,4.166666666666667,,,,,,,,,,,,,,,,,,,"Thomas Harrington","31989",802419
"Jack Perkins","ATH",2,1,,3.88889,30,0,0,1,,30,127,25,14,13,3,13,,2,33,9.77778,3.77778,2.58824,1,0.25731,0.0994152,0.1578947678208351,0.221854,1.24691,0.282927,0.71267,,,3.88822,0.0537231,0.0317078,999,,,,,,,145.1,4.836666666666667,136,4.533333333333333,,,,,,,,,,,,,,,,,,,"Jack Perkins","31468",678022
"Cal Quantrill","TEX",0,1,,5.14286,2,2,0,0,,8,35,8,5,5,1,3,,0,6,6.65546,3.02521,2.2,1.36134,0.170874,0.0776699,0.09320388734340668,0.25641,1.34454,0.281768,0.637982,,,4.8074,0.0536428,-0.0132601,999,,,,,,,29.100000000000005,3.6375000000000006,30,3.75,,,,,,,,,,,,,,,,,,,"Cal Quantrill","19312",615698
"Marco Gonzales","SDP",0,0,,4.64496,2,2,0,0,,6,28,6,4,3,1,2,,0,6,8.66188,3.3171,2.61128,1.40733,0.222491,0.0852039,0.13728752732276917,0.247199,1.33698,0.290146,0.705151,,,4.46756,0.0536087,-0.035739,999,,,,,,,22.500000000000007,3.7500000000000013,23,3.8333333333333335,,,,,,,,,,,,,,,,,,,"Marco Gonzales","15467",594835
"Brennan Bernardino","COL",4,4,,4.40426,58,0,0,11,,58,257,56,31,28,6,28,,6,53,8.23404,4.40426,1.86957,0.957447,0.206731,0.110577,0.0961538627743721,0.25,1.44681,0.30303,0.704918,,,4.47556,0.0535622,0.261367,999,,,,,,,257.80000000000007,4.444827586206897,260,4.482758620689655,,,,,,,,,,,,,,,,,,,"Brennan Bernardino","16835",657514
"JP Sears","SDP",2,2,,4.67775,19,3,0,1,,33,138,31,18,17,6,10,,2,28,7.79626,2.61954,2.97619,1.68399,0.205255,0.0689655,0.13628900796175003,0.249104,1.25433,0.275862,0.698324,,,4.89536,0.0531205,0.0926579,999,,,,,,,113.80000000000004,3.4484848484848496,111,3.3636363636363638,,,,,,,,,,,,,,,,,,,"JP Sears","23429",676664
"Liam Hendriks","MIN",3,2,,4.43946,34,0,5,1,,34,149,32,18,17,5,14,,2,37,9.6861,3.63229,2.66667,1.21076,0.244898,0.0918367,0.15306124091148376,0.238636,1.34529,0.295082,0.697674,,,4.07684,0.0530931,-0.0394945,746.4400024414062,,,,,,,161.90000000000003,4.761764705882354,160,4.705882352941177,,,,,,,,,,,,,,,,,,,"Liam Hendriks","3548",521230
"Tink Hence","STL",0,0,,4.32314,2,2,0,0,,6,28,6,3,3,1,3,,0,6,8.25328,3.93013,2.1,1.17904,0.211409,0.100671,0.11073825508356094,0.240602,1.36827,0.283505,0.712531,,,4.40151,0.0522752,0.070463,999,,,,,,,19.500000000000007,3.2500000000000013,20,3.3333333333333335,,,,,,,,,,,,,,,,,,,"Tink Hence","sa3014709",693311
"Matt Waldron","SDP",0,1,,4.95726,2,2,0,0,,8,35,8,5,4,1,3,,0,7,7.35043,2.82051,2.60606,1.36752,0.188596,0.0723684,0.11622805148363113,0.255981,1.32953,0.287975,0.654762,,,4.55964,0.0520355,-0.0137804,999,,,,,,,31.100000000000005,3.8875000000000006,32,4,,,,,,,,,,,,,,,,,,,"Matt Waldron","25550",663362
"Landon Knack","LAD",1,1,,5.16393,16,2,0,1,,23,99,23,14,13,4,9,,1,20,7.7459,3.54098,2.1875,1.54918,0.198113,0.090566,0.10754716396331787,0.254697,1.39344,0.286119,0.668563,,,4.90563,0.0511074,0.00154454,999,,,,,,,75.2,3.2695652173913046,77,3.347826086956522,,,,,,,,,,,,,,,,,,,"Landon Knack","27487",689017
"Grant Anderson","MIL",3,4,,4.12322,56,0,0,10,,56,240,50,27,26,8,22,,4,59,9.52607,3.5545,2.68,1.27962,0.247232,0.0922509,0.1549815610051155,0.231405,1.27962,0.283133,0.730994,,,4.24098,0.0499386,0.148581,999,,,,,,,266.0000000000001,4.750000000000002,256,4.571428571428571,,,,,,,,,,,,,,,,,,,"Grant Anderson","20546",681982
"Sean Sullivan","COL",0,1,,5.3271,2,2,0,0,,8,36,9,5,5,1,2,,0,6,6.54206,2.61682,2.5,1.58879,0.167464,0.0669856,0.10047847777605057,0.27013,1.37072,0.291946,0.64695,,,5.0043,0.0491155,0.063128,999,,,,,,,29.500000000000007,3.687500000000001,33,4.125,,,,,,,,,,,,,,,,,,,"Sean Sullivan","sa3023162",807743
"Josh White","MIA",4,3,,3.98637,47,0,0,1,,47,200,42,22,21,6,18,,2,47,9.046,3.52641,2.56522,1.07325,0.236,0.092,0.14400000125169754,0.232143,1.27768,0.28481,0.720859,,,4.00396,0.0490493,0.0554201,999,,,,,,,202.8,4.314893617021277,195,4.148936170212766,,,,,,,,,,,,,,,,,,,"Josh White","sa3019953",687985
"Ben Kudrna","KCR",1,1,,4.84546,10,2,0,1,,16,70,16,9,8,2,7,,1,12,6.90927,4.03789,1.71111,1.07677,0.171492,0.100223,0.07126948982477188,0.253133,1.45563,0.287097,0.681115,,,4.65059,0.0489754,0.0754808,999,,,,,,,56.20000000000001,3.5125000000000006,58,3.625,,,,,,,,,,,,,,,,,,,"Ben Kudrna","sa3018253",695667
"Jared Lyons","CIN",0,1,,5.29412,2,2,0,0,,8,34,8,5,5,1,3,,0,6,6.84362,3.74462,1.82759,1.42037,0.172638,0.0944625,0.07817589491605759,0.264493,1.46341,0.292453,0.669746,,,5.00027,0.0485496,0.0269737,999,,,,,,,29.100000000000005,3.6375000000000006,30,3.75,,,,,,,,,,,,,,,,,,,"Jared Lyons","sa3020483",805723
"Shane Drohan","MIL",2,2,,4.62162,32,2,0,1,,37,161,36,20,19,4,16,,1,31,7.66216,4.01351,1.90909,1.09459,0.194444,0.101852,0.09259259700775146,0.25,1.41892,0.291667,0.692641,,,4.47297,0.0479501,-0.0273286,999,,,,,,,146.00000000000003,3.9459459459459465,148,4,,,,,,,,,,,,,,,,,,,"Shane Drohan","sa3014447",675660
"Evan Sisk","PIT",2,3,,4.02235,52,0,0,7,,52,229,47,25,23,5,23,,4,51,8.88268,4.02235,2.20833,0.837989,0.224576,0.101695,0.12288136035203934,0.235577,1.3594,0.293333,0.712121,,,3.93588,0.0479227,0.0454046,999,,,,,,,250.10000000000002,4.809615384615385,244,4.6923076923076925,,,,,,,,,,,,,,,,,,,"Evan Sisk","24995",681895
"Tim Mayza","PHI",2,1,,4.10188,31,0,0,1,,31,135,32,15,14,3,10,,1,27,7.72118,2.89544,2.66667,0.965147,0.197531,0.0740741,0.12345678359270096,0.255034,1.34048,0.300885,0.720721,,,3.859,0.0476278,0.022956,999,,,,,,,134.29999999999995,4.332258064516128,141,4.548387096774194,,,,,,,,,,,,,,,,,,,"Tim Mayza","15042",641835
"Steven Cruz","KCR",2,3,,4.13002,45,0,0,1,,45,193,40,22,21,4,20,,3,41,8.26004,3.95793,2.08696,0.860421,0.214286,0.102679,0.1116071417927742,0.232323,1.31931,0.282759,0.693548,,,4.0338,0.0473959,0.0185488,999,,,,,,,196.8,4.373333333333334,190,4.222222222222222,,,,,,,,,,,,,,,,,,,"Steven Cruz","23165",674444
"Jack Kochanowicz","LAA",3,4,,5.256,33,5,0,1,,53,236,57,34,31,7,20,,5,33,5.544,3.312,1.67391,1.224,0.138489,0.0827338,0.055755384266376495,0.268537,1.44,0.288889,0.646607,,,5.03914,0.0461145,-0.161543,999,,,,,,,152.90000000000003,2.8849056603773593,169,3.188679245283019,,,,,,,,,,,,,,,,,,,"Jack Kochanowicz","27688",686799
"Yaramil Hiraldo","BAL",1,1,,4.36742,38,0,0,1,,38,159,36,20,18,6,13,,0,39,9.20277,3.11958,2.95,1.40381,0.244813,0.0829876,0.1618257239460945,0.244344,1.2825,0.294118,0.716612,,,4.15767,0.045375,-0.0541712,999,,,,,,,156.79999999999998,4.126315789473684,155,4.078947368421052,,,,,,,,,,,,,,,,,,,"Yaramil Hiraldo","25215",682274
"Ryan Fernandez","STL",3,3,,4.11864,44,0,0,1,,44,190,40,22,20,5,19,,1,47,9.61017,3.9661,2.42308,1.0678,0.247059,0.101961,0.14509804546833038,0.232456,1.33898,0.291139,0.722543,,,3.9148,0.0453519,-0.0143345,999,,,,,,,198.10000000000002,4.502272727272728,193,4.386363636363637,,,,,,,,,,,,,,,,,,,"Ryan Fernandez","24862",681676
"Dax Fulton","MIA",2,2,,4.69806,20,2,0,1,,26,117,26,15,13,3,12,,2,21,7.3695,4.32958,1.70213,1.01331,0.181406,0.106576,0.07482992857694626,0.252577,1.48414,0.292929,0.694444,,,4.58857,0.0452791,0.0822341,999,,,,,,,91.9,3.534615384615385,95,3.6538461538461537,,,,,,,,,,,,,,,,,,,"Dax Fulton","sa3014535",690978
"Brandon Young","BAL",2,2,,4.53781,21,2,0,1,,26,114,27,14,13,4,8,,1,23,7.67107,2.70108,2.84,1.40456,0.198324,0.0698324,0.12849161028862,0.256798,1.32053,0.291498,0.708061,,,4.43165,0.0447186,-0.00233909,999,,,,,,,95.99999999999999,3.6923076923076916,101,3.8846153846153846,,,,,,,,,,,,,,,,,,,"Brandon Young","27819",687064
"Brody Hopkins","TBR",0,0,,4.72779,2,2,0,0,,7,31,7,4,4,1,3,,1,6,7.90831,4.12607,1.91667,1.20344,0.197849,0.103226,0.09462364763021469,0.244444,1.40401,0.284281,0.690738,,,4.83523,0.0443621,0.0339888,999,,,,,,,21.3,3.042857142857143,22,3.142857142857143,,,,,,,,,,,,,,,,,,,"Brody Hopkins","sa3023515",811315
"Félix Bautista","BAL",1,1,,3.37802,11,0,0,1,,11,45,8,4,4,1,5,,0,15,12.0643,4.10188,2.94118,0.965147,0.331126,0.112583,0.21854307502508163,0.195489,1.15281,0.278481,0.748663,,,3.29599,0.0440474,0.0409651,999,,,,,,,67.30000000000001,6.118181818181819,61,5.545454545454546,,,,,,,,,,,,,,,,,,,"Felix Bautista","20666",642585
"Casey Legumina","SEA",4,4,,4.1681,50,0,0,4,,50,216,46,25,23,6,20,,3,49,8.79931,3.5506,2.47826,1.08062,0.22619,0.0912698,0.1349206417798996,0.238938,1.32075,0.290123,0.714286,,,4.07853,0.0427857,-0.0804785,999,,,,,,,221.6,4.4319999999999995,217,4.34,,,,,,,,,,,,,,,,,,,"Casey Legumina","25921",668984
"Gabriel Hughes","COL",1,2,,5.01608,24,2,0,1,,29,128,32,17,16,4,11,,1,19,6.07717,3.27974,1.85294,1.25402,0.152542,0.0823245,0.07021791487932205,0.273936,1.46838,0.3,0.681818,,,4.78573,0.0423485,0.075531,999,,,,,,,88.20000000000003,3.0413793103448286,99,3.413793103448276,,,,,,,,,,,,,,,,,,,"Gabriel Hughes","sa3020661",687312
"Ty Madden","DET",1,1,,4.71429,19,2,0,1,,25,110,25,14,13,4,11,,1,22,7.82143,3.85714,2.02778,1.28571,0.196237,0.0967742,0.09946237504482269,0.255255,1.44048,0.294355,0.700576,,,4.64704,0.042283,0.0419085,999,,,,,,,82.80000000000001,3.3120000000000003,85,3.4,,,,,,,,,,,,,,,,,,,"Ty Madden","30140",680744
"Bryan Hudson","NYM",2,3,,4.35203,48,0,0,5,,48,206,44,25,23,6,21,,2,45,8.3559,4.00387,2.08696,1.04449,0.216216,0.103604,0.11261261254549026,0.238579,1.35397,0.286713,0.698052,,,4.23765,0.0418471,-0.054609,999,,,,,,,208.00000000000003,4.333333333333334,203,4.229166666666667,,,,,,,,,,,,,,,,,,,"Bryan Hudson","19924",663542
"Tyler Samaniego","BOS",4,3,,4.21488,46,0,0,4,,46,201,46,23,22,5,18,,3,38,7.43802,3.47107,2.14286,0.991736,0.188679,0.0880503,0.10062891989946365,0.251748,1.37741,0.293578,0.720721,,,4.23706,0.0415287,0.0561434,999,,,,,,,188.30000000000004,4.093478260869566,194,4.217391304347826,,,,,,,,,,,,,,,,,,,"Tyler Samaniego","sa3017876",701719
"Yuki Matsui","SDP",2,2,,4.15631,48,0,0,4,,48,205,42,24,22,6,23,,1,49,9.27176,4.31616,2.14815,1.11901,0.240664,0.112033,0.12863069027662277,0.230047,1.34991,0.283784,0.725076,,,4.18309,0.0413607,-0.00797201,999,,,,,,,214.20000000000005,4.462500000000001,204,4.25,,,,,,,,,,,,,,,,,,,"Yuki Matsui","33826",673513
"Zak Kent","MIN",1,2,,4.36266,28,0,0,1,,28,122,25,15,14,3,13,,1,27,8.72531,4.0395,2.16,0.969479,0.222222,0.102881,0.11934156715869904,0.231481,1.3465,0.282051,0.690691,,,4.05076,0.041323,-0.0379242,999,,,,,,,121.30000000000004,4.332142857142858,117,4.178571428571429,,,,,,,,,,,,,,,,,,,"Zak Kent","25703",687849
"Ryan Webb","CLE",0,1,,4.54369,2,2,0,0,,8,37,8,5,4,1,4,,1,7,7.68932,4.1068,1.87234,1.2233,0.191721,0.102397,0.08932462334632874,0.252475,1.4466,0.291391,0.718702,,,4.79533,0.0410082,-0.012187,999,,,,,,,25.100000000000005,3.1375000000000006,26,3.25,,,,,,,,,,,,,,,,,,,"Ryan Webb","sa3018280",669067
"AJ Blubaugh","HOU",3,3,,4.44926,42,2,0,1,,49,213,46,26,24,7,21,,2,45,8.19601,3.8248,2.14286,1.32697,0.21,0.098,0.1120000034570694,0.243848,1.37034,0.283077,0.71535,,,4.60955,0.040012,-0.0297299,746.3699951171875,,,,,,,181.9,3.712244897959184,179,3.6530612244897958,,,,,,,,,,,,,,,,,,,"AJ Blubaugh","31764",805123
"Pete Hansen","STL",0,0,,4.68908,2,2,0,0,,8,37,9,5,4,1,3,,0,6,6.27731,2.72269,2.30556,1.36134,0.159309,0.0690979,0.09021112322807312,0.26875,1.38655,0.292876,0.701001,,,4.74018,0.0394412,-0.00581692,999,,,,,,,26.500000000000007,3.312500000000001,30,3.75,,,,,,,,,,,,,,,,,,,"Pete Hansen","sa3020798",677337
"Brad Keller","PHI",4,4,,4.42804,68,0,2,16,,68,294,64,36,33,9,28,,3,62,8.19188,3.65314,2.24242,1.21771,0.210826,0.0940171,0.11680912226438522,0.245223,1.35301,0.28821,0.708245,,,4.43895,0.0381512,0.0766263,746.1500244140625,,,,,,,331.1,4.8691176470588236,328,4.823529411764706,,,,,,,,,,,,,,,,,,,"Brad Keller","15734",641745
"John King","MIA",3,2,,3.90566,52,0,0,7,,52,229,58,25,23,5,14,,1,31,5.43396,2.37736,2.28571,0.849057,0.137339,0.0600858,0.07725321874022484,0.270642,1.37736,0.298343,0.727273,,,4.00306,0.0366408,0.0413529,999,,,,,,,217.5,4.1826923076923075,240,4.615384615384615,,,,,,,,,,,,,,,,,,,"John King","22051",667463
"Huascar Brazobán","NYM",3,3,,4.25775,52,0,0,7,,52,227,48,26,25,5,25,,3,49,8.5155,4.25775,2,0.880914,0.216418,0.108209,0.10820896178483963,0.238298,1.38662,0.292398,0.704961,,,4.13024,0.0361851,-0.0266585,999,,,,,,,240.5,4.625,237,4.5576923076923075,,,,,,,,,,,,,,,,,,,"Huascar Brazoban","6107",623211
"Trevor Williams","WSN",1,2,,4.93151,24,2,0,1,,30,133,34,18,16,5,10,,1,23,6.9863,2.87671,2.42857,1.36986,0.175258,0.072165,0.10309278964996338,0.276119,1.44597,0.309179,0.691358,,,4.61154,0.0355499,-0.0559531,999,,,,,,,89.1,2.9699999999999998,102,3.4,,,,,,,,,,,,,,,,,,,"Trevor Williams","16977",592866
"Kyle Nicolas","CIN",2,2,,4.13514,42,0,0,1,,42,186,39,21,19,5,21,,3,41,8.75676,4.5,1.94595,0.972973,0.220183,0.11315,0.1070336401462555,0.238596,1.41892,0.292683,0.724947,,,4.2973,0.0349355,0.030539,999,,,,,,,161.9,3.854761904761905,159,3.7857142857142856,,,,,,,,,,,,,,,,,,,"Kyle Nicolas","27775",693312
"Luke Jackson",,3,3,,4.2,40,0,0,0,,40,173,36,20,19,4,19,,2,36,8.2,4.2,1.95238,1,0.210256,0.107692,0.10256410390138626,0.238372,1.37778,0.285714,0.709091,,,4.29069,0.0346535,0.106197,999,,,,,,,162.20000000000002,4.055000000000001,157,3.925,,,,,,,,,,,,,,,,,,,"Luke Jackson","11752",592426
"Jaden Hill","COL",2,3,,4.43532,40,0,0,1,,40,176,38,21,20,5,15,,6,41,9.24025,3.32649,2.77778,1.10883,0.233645,0.0841122,0.14953270554542542,0.243386,1.31417,0.300752,0.683453,,,4.22343,0.0345976,0.0475116,999,,,,,,,158.7,3.9675,158,3.95,,,,,,,,,,,,,,,,,,,"Jaden Hill","30250",677955
"Manuel Rodríguez","TBR",1,1,,4.00468,16,0,0,1,,16,68,15,8,7,1,6,,1,14,8.00937,3.16159,2.53333,0.843091,0.209945,0.0828729,0.127071812748909,0.240741,1.26464,0.291667,0.681818,,,3.90797,0.034391,-0.00384563,999,,,,,,,78.10000000000001,4.8812500000000005,78,4.875,,,,,,,,,,,,,,,,,,,"Manuel Rodriguez","20794",655889
"Doug Nikhazy","CLE",2,3,,4.5,27,2,0,1,,32,144,31,18,16,4,17,,1,29,8.1,4.7,1.7234,1.2,0.201995,0.117207,0.08478803187608719,0.247863,1.48889,0.290698,0.725256,,,4.73514,0.0338522,-0.0349491,999,,,,,,,115.00000000000003,3.593750000000001,116,3.625,,,,,,,,,,,,,,,,,,,"Doug Nikhazy","30142",680951
"James McArthur","KCR",2,2,,4.27646,33,0,0,1,,33,145,32,17,16,4,12,,2,30,8.16415,3.30454,2.47059,0.971922,0.206897,0.0837438,0.1231527030467987,0.245902,1.33909,0.294118,0.690909,,,4.02067,0.0338419,-0.0125007,999,,,,,,,133.80000000000007,4.0545454545454565,135,4.090909090909091,,,,,,,,,,,,,,,,,,,"James McArthur","21527",663704
"Jonathan Bowlan","PHI",3,3,,4.48319,56,0,0,10,,56,243,55,30,28,8,20,,2,54,8.63014,3.13823,2.75,1.34496,0.221264,0.0804598,0.14080459624528885,0.249211,1.3325,0.29386,0.709534,,,4.3182,0.0332349,-0.0161324,999,,,,,,,255.0000000000001,4.553571428571431,258,4.607142857142857,,,,,,,,,,,,,,,,,,,"Jonathan Bowlan","24607",680742
"Easton McGee","MIL",2,2,,4.06452,40,0,0,1,,40,168,37,19,18,5,11,,3,33,7.40323,2.46774,3,1.01613,0.195402,0.0651341,0.13026819378137589,0.241667,1.20968,0.28022,0.690184,,,3.97385,0.0329788,0.0265782,999,,,,,,,166.3,4.157500000000001,163,4.075,,,,,,,,,,,,,,,,,,,"Easton McGee","22176",668834
"Andrew Chafin","MIN",3,4,,4.46809,54,0,0,7,,54,241,51,29,27,6,29,,1,59,9.78723,4.89362,2,1.06383,0.243386,0.121693,0.12169311940670013,0.242424,1.48936,0.307018,0.714286,,,4.19897,0.032529,-0.0753238,999,,,,,,,249.20000000000002,4.614814814814815,248,4.592592592592593,,,,,,,,,,,,,,,,,,,"Andrew Chafin","12988",605177
"Jean Cabrera","PHI",0,1,,5.20184,2,2,0,0,,8,37,9,5,5,1,3,,1,6,6.93578,3.63303,1.90909,1.40367,0.172839,0.090535,0.08230451494455338,0.264368,1.45872,0.293413,0.673077,,,5.02504,0.0324763,0.0121836,999,,,,,,,23.500000000000007,2.937500000000001,27,3.375,,,,,,,,,,,,,,,,,,,"Jean Cabrera","sa3015433",691893
"John Klein","MIN",3,3,,4.67656,34,2,0,1,,41,181,41,23,21,6,15,,4,34,7.53977,3.24496,2.32353,1.24072,0.189904,0.0817308,0.10817307233810425,0.255376,1.36797,0.292857,0.685921,,,4.65157,0.0323952,-0.0120541,999,,,,,,,138.00000000000003,3.365853658536586,142,3.4634146341463414,,,,,,,,,,,,,,,,,,,"John Klein","sa3020405",804619
"Luis Gastelum","STL",2,2,,4.01786,28,0,0,1,,28,120,26,14,12,4,9,,2,28,9,2.89286,3.11111,1.125,0.232365,0.0746888,0.1576763466000557,0.236364,1.25,0.286624,0.714286,,,3.88514,0.0318303,-0.00912193,999,,,,,,,117.40000000000006,4.192857142857145,115,4.107142857142857,,,,,,,,,,,,,,,,,,,"Luis Gastelum","sa3020964",703725
"Ricky Tiedemann","TOR",1,1,,4.68085,12,2,0,1,,16,74,14,9,9,2,9,,2,16,8.93617,4.89362,1.82609,1.06383,0.221053,0.121053,0.09999998658895493,0.229814,1.41844,0.280702,0.679245,,,4.7427,0.0316989,-0.0676338,999,,,,,,,60.40000000000001,3.775000000000001,57,3.5625,,,,,,,,,,,,,,,,,,,"Ricky Tiedemann","sa3018096",694357
"Tyler Ferguson","ATH",3,3,,4.37601,52,0,1,6,,52,227,46,27,25,5,26,,4,51,8.75203,4.52188,1.93548,0.875203,0.223048,0.115242,0.10780669748783112,0.23176,1.37763,0.287425,0.691906,,,4.20483,0.0313711,-0.0276239,999,,,,,,,244.70000000000002,4.705769230769231,236,4.538461538461538,,,,,,,,,,,,,,,,,,,"Tyler Ferguson","19481",621053
"Welinton Herrera","COL",2,3,,4.35484,30,0,0,1,,30,132,29,15,15,4,12,,2,30,9.14516,3.62903,2.52,1.16129,0.230769,0.0915751,0.13919415324926376,0.242798,1.35484,0.296512,0.714286,,,4.23191,0.0312246,0.0559147,999,,,,,,,119.4,3.98,120,4,,,,,,,,,,,,,,,,,,,"Welinton Herrera","sa3016061",700327
"Mason Fluharty","TOR",3,2,,3.96411,42,0,0,1,,42,179,36,20,18,5,17,,3,45,9.69005,3.67047,2.64,1.17455,0.252874,0.0957854,0.15708813816308975,0.224138,1.25612,0.278481,0.729483,,,4.09762,0.031062,0.0114928,999,,,,,,,189.70000000000002,4.5166666666666675,179,4.261904761904762,,,,,,,,,,,,,,,,,,,"Mason Fluharty","31553",689254
"Antonio Senzatela","COL",5,8,,5.53846,60,8,0,6,,95,439,119,63,58,15,34,,5,55,5.19231,3.20192,1.62162,1.38462,0.124224,0.0766046,0.0476190522313118,0.297052,1.61538,0.315069,0.679945,,,5.19283,0.030365,0.126297,999,,,,,,,226.10000000000002,2.3800000000000003,297,3.126315789473684,,,,,,,,,,,,,,,,,,,"Antonio Senzatela","15488",622608
"Casey Lawrence","SEA",0,1,,4.98058,2,2,0,0,,9,39,11,5,5,1,2,,0,5,4.63107,1.92233,2.40909,1.48544,0.117778,0.0488889,0.06888889148831367,0.287736,1.39806,0.29661,0.682196,,,5.00892,0.0292448,0.0196816,999,,,,,,,29.70000000000001,3.300000000000001,36,4,,,,,,,,,,,,,,,,,,,"Casey Lawrence","11121",596271
"Chase Lee","TOR",1,1,,3.8806,25,0,0,1,,25,106,23,12,11,3,7,,2,25,8.95522,2.68657,3.33333,1.19403,0.235294,0.0705882,0.16470587253570557,0.236051,1.21061,0.284848,0.728155,,,3.96432,0.0290894,0.00386536,999,,,,,,,115.3,4.612,113,4.52,,,,,,,,,,,,,,,,,,,"Chase Lee","29574",695445
"Anthony Nunez","BAL",2,2,,4.08284,28,0,0,1,,28,119,23,14,13,3,12,,3,31,9.94083,3.72781,2.66667,1.06509,0.260465,0.0976744,0.1627906933426857,0.222222,1.2426,0.283465,0.695971,,,4.00299,0.0290777,-0.0168405,999,,,,,,,131.50000000000006,4.696428571428574,122,4.357142857142857,,,,,,,,,,,,,,,,,,,"Anthony Nunez","sa3010171",689296
"Paxton Schultz","WSN",2,4,,4.44156,46,0,0,1,,46,202,47,24,23,6,18,,1,41,8.06493,3.50649,2.3,1.16883,0.204142,0.0887574,0.11538462340831757,0.254902,1.4026,0.29956,0.712766,,,4.27799,0.0277337,-0.030107,999,,,,,,,173.40000000000003,3.769565217391305,181,3.9347826086956523,,,,,,,,,,,,,,,,,,,"Paxton Schultz","25501",687606
"Luke Little","CHC",1,1,,3.94737,18,0,0,1,,18,78,14,9,8,2,10,,2,21,10.2632,5.05263,2.03125,0.789474,0.263158,0.129555,0.1336032599210739,0.205742,1.31579,0.273381,0.705882,,,3.99479,0.0272531,-0.00484177,999,,,,,,,82.20000000000002,4.566666666666667,74,4.111111111111111,,,,,,,,,,,,,,,,,,,"Luke Little","28036",681432
"Bradgley Rodriguez","SDP",4,3,,4.09091,52,0,0,7,,52,225,46,26,24,6,23,,5,47,8.18182,3.92727,2.08333,0.981818,0.210084,0.10084,0.10924370586872101,0.23445,1.32727,0.281046,0.712074,,,4.31695,0.0268699,-0.0304053,999,,,,,,,229.4,4.411538461538462,220,4.230769230769231,,,,,,,,,,,,,,,,,,,"Bradgley Rodriguez","29107",699134
"Cody Laweryson","MIN",1,1,,4.26035,24,0,0,1,,24,103,24,12,11,3,8,,1,21,7.98817,2.84024,2.8125,1.2426,0.207373,0.0737327,0.13364055752754211,0.251256,1.30178,0.292517,0.711744,,,4.21995,0.0257467,-0.00622171,999,,,,,,,97.30000000000001,4.054166666666667,100,4.166666666666667,,,,,,,,,,,,,,,,,,,"Cody Laweryson","26429",689520
"Ben Casparius","LAD",4,4,,4.79554,55,0,0,13,,55,240,53,31,29,8,22,,3,52,8.58736,3.56877,2.40625,1.33829,0.21875,0.0909091,0.12784091383218765,0.246835,1.36307,0.290749,0.686695,,,4.49821,0.0252477,-0.183597,999,,,,,,,251.8,4.578181818181818,252,4.581818181818182,,,,,,,,,,,,,,,,,,,"Ben Casparius","30085",676508
"Ryan Watson","BOS",2,2,,4.15157,32,0,0,1,,32,138,32,16,15,4,11,,2,26,7.41351,2.9654,2.5,1.03789,0.191571,0.0766283,0.1149425283074379,0.256303,1.33443,0.298343,0.716292,,,4.1236,0.024757,0.0079116,999,,,,,,,121.40000000000002,3.7937500000000006,125,3.90625,,,,,,,,,,,,,,,,,,,"Ryan Watson","sa3015070",670245
"Gunnar Hoglund","ATH",3,4,,5,28,6,0,1,,55,238,59,33,30,10,16,,3,39,6.375,2.625,2.42857,1.625,0.163462,0.0673077,0.09615384787321091,0.268293,1.36111,0.286996,0.689223,,,5.10736,0.0242745,0.0306606,999,,,,,,,155.6,2.829090909090909,170,3.090909090909091,,,,,,,,,,,,,,,,,,,"Gunnar Hoglund","31318",680684
"Dylan Dodd","ATL",3,2,,4.11489,46,0,0,4,,46,195,47,23,21,6,11,,1,39,7.59672,2.21571,3.42857,1.26612,0.199446,0.0581717,0.14127424731850624,0.257396,1.26612,0.295276,0.723684,,,4.08473,0.0240364,0.0435701,999,,,,,,,202.40000000000003,4.4,210,4.565217391304348,,,,,,,,,,,,,,,,,,,"Dylan Dodd","29928",689266
"Kyle Backhus","PHI",4,5,,4.5,52,0,0,7,,52,228,48,28,26,6,21,,5,53,9.18,3.6,2.55,1.08,0.232877,0.0913242,0.14155251532793045,0.237113,1.32,0.291971,0.677083,,,4.15514,0.024005,-0.0467263,999,,,,,,,242.2,4.657692307692307,238,4.576923076923077,,,,,,,,,,,,,,,,,,,"Kyle Backhus","29615",679775
"Drey Jameson","ARI",5,3,,3.92338,59,0,3,11,,59,256,57,28,26,6,23,,3,51,7.84676,3.44782,2.27586,0.951123,0.201219,0.0884146,0.11280486732721329,0.247458,1.34742,0.294118,0.726872,,,4.07305,0.0237992,0.265806,746.4000244140625,,,,,,,297.6,5.04406779661017,300,5.084745762711864,,,,,,,,,,,,,,,,,,,"Drey Jameson","26260",686753
"Joe Jiménez","ATL",1,1,,4.22976,18,0,0,1,,18,77,16,9,8,2,7,,1,21,10.3394,3.5248,2.93333,1.17493,0.268293,0.0914634,0.1768292784690857,0.231293,1.27937,0.295918,0.714286,,,3.86621,0.0219866,0.00149827,999,,,,,,,89.00000000000003,4.944444444444446,86,4.777777777777778,,,,,,,,,,,,,,,,,,,"Joe Jimenez","15761",641729
"Sean Guenther","DET",1,1,,4.1087,14,0,0,1,,14,60,15,7,6,2,4,,1,10,6.45652,2.54348,2.53846,0.978261,0.166667,0.0656566,0.10101010650396347,0.262295,1.32609,0.296552,0.703704,,,4.09166,0.0211515,-0.00471475,999,,,,,,,49,3.5,53,3.7857142857142856,,,,,,,,,,,,,,,,,,,"Sean Guenther","20045",674944
"Justin Hagenman","NYM",1,1,,4.46281,27,0,0,1,,27,113,27,14,13,4,6,,1,24,7.86305,2.12515,3.7,1.38135,0.207865,0.0561798,0.15168537572026253,0.255255,1.23967,0.292683,0.691244,,,4.19771,0.0209615,-0.0295652,999,,,,,,,111.40000000000002,4.125925925925927,114,4.222222222222222,,,,,,,,,,,,,,,,,,,"Justin Hagenman","21546",663795
"DL Hall","MIL",2,2,,4.16268,52,0,0,6,,52,227,46,26,24,6,25,,2,52,9.04306,4.30622,2.1,1.00478,0.229927,0.109489,0.12043794989585876,0.232365,1.37161,0.28655,0.721785,,,4.15587,0.0207053,-0.00548938,999,,,,,,,238.4,4.584615384615384,229,4.403846153846154,,,,,,,,,,,,,,,,,,,"DL Hall","22207",669084
"Julian Fernández","WSN",2,2,,4.18994,38,0,0,1,,38,163,36,19,18,5,13,,1,37,8.71508,3.18436,2.73684,1.17318,0.226087,0.0826087,0.14347827434539795,0.244019,1.30354,0.293333,0.714286,,,4.06624,0.0204758,0.000309003,999,,,,,,,162.1,4.265789473684211,161,4.2368421052631575,,,,,,,,,,,,,,,,,,,"Julian Fernandez","18341",642759
"Franco Aleman","CLE",2,2,,3.95122,22,0,0,1,,22,96,19,10,10,3,10,,2,25,10.0976,3.95122,2.55556,1.09756,0.256983,0.100559,0.15642455965280533,0.227848,1.31707,0.28972,0.744681,,,4.01319,0.0200087,0.0190902,999,,,,,,,94.5,4.295454545454546,89,4.045454545454546,,,,,,,,,,,,,,,,,,,"Franco Aleman","sa3018178",680916
"Philip Abner","ARI",1,1,,4.05253,20,0,0,1,,20,88,19,10,9,2,8,,1,19,8.44278,3.54597,2.38095,1.01313,0.213675,0.0897436,0.12393162399530411,0.242857,1.35084,0.292208,0.72327,,,4.07322,0.0194485,0.00321996,999,,,,,,,89,4.45,89,4.45,,,,,,,,,,,,,,,,,,,"Philip Abner","33821",691769
"Garrett Hawkins","SDP",3,3,,4.17857,30,0,0,1,,30,129,27,15,14,4,12,,1,32,9.64286,3.53571,2.72727,1.28571,0.248963,0.0912863,0.1576763391494751,0.233945,1.30357,0.286667,0.728155,,,4.08156,0.0191612,-0.0175415,999,,,,,,,131.60000000000002,4.386666666666668,127,4.233333333333333,,,,,,,,,,,,,,,,,,,"Garrett Hawkins","sa3017383",678184
"Zach McCambley","PHI",3,3,,4.66071,48,0,0,4,,48,212,45,27,25,6,21,,4,48,9,4.01786,2.24,1.125,0.226721,0.101215,0.12550608068704605,0.239631,1.375,0.292208,0.684524,,,4.36728,0.0190912,-0.0904828,999,,,,,,,201.40000000000003,4.195833333333334,199,4.145833333333333,,,,,,,,,,,,,,,,,,,"Zach McCambley","sa3014478",685112
"Andrew Morris","MIN",1,1,,4.14,18,0,0,1,,18,77,18,9,8,2,5,,1,14,7.2,2.52,2.85714,1.08,0.186916,0.0654206,0.1214953139424324,0.256927,1.3,0.295082,0.706714,,,4.02514,0.0189915,-0.00466628,999,,,,,,,75.80000000000003,4.211111111111112,78,4.333333333333333,,,,,,,,,,,,,,,,,,,"Andrew Morris","sa3020569",702193
"Riley Cornelio","WSN",0,1,,5.19395,2,2,0,0,,7,34,8,5,4,1,3,,0,5,6.64144,4.08704,1.625,1.36235,0.163866,0.10084,0.06302522122859955,0.268235,1.53264,0.296073,0.687679,,,5.07459,0.0186381,-0.0547813,999,,,,,,,19.7,2.814285714285714,23,3.2857142857142856,,,,,,,,,,,,,,,,,,,"Riley Cornelio","sa3020830",683000
"Sammy Peralta","MIL",1,1,,4.05184,10,0,0,1,,10,42,9,5,5,1,3,,1,9,7.9809,2.57844,3.09524,1.10505,0.211039,0.0681818,0.1428571566939354,0.240283,1.21419,0.282297,0.693717,,,3.98098,0.0180026,-0.00105565,999,,,,,,,48.300000000000004,4.83,47,4.7,,,,,,,,,,,,,,,,,,,"Sammy Peralta","25589",671111
"Spencer Miles","TOR",1,1,,4.2,16,0,0,0,,16,71,15,9,7,2,6,,0,16,9,3.6,2.5,1.2,0.223881,0.0895522,0.13432835042476654,0.229508,1.33333,0.272727,0.697674,,,4.06847,0.0179733,-0.0384917,999,,,,,,,68.80000000000001,4.300000000000001,68,4.25,,,,,,,,,,,,,,,,,,,"Spencer Miles","sa3020475",693686
"Craig Yoho","MIL",3,2,,4.05253,42,0,0,1,,42,180,35,20,19,5,19,,4,45,9.62477,4.05253,2.375,1.01313,0.25,0.105263,0.1447368487715721,0.221106,1.2758,0.279412,0.704698,,,4.09198,0.0176994,0.0263642,999,,,,,,,183.3,4.364285714285715,170,4.0476190476190474,,,,,,,,,,,,,,,,,,,"Craig Yoho","33248",684974
"Ethan Roberts","CHC",3,2,,4.26637,42,0,0,1,,42,184,38,22,20,6,17,,4,44,9.34537,3.65688,2.55556,1.21896,0.237113,0.0927835,0.14432991296052933,0.232558,1.30926,0.283333,0.705645,,,4.30895,0.0176576,-0.0422834,999,,,,,,,167.2,3.9809523809523806,161,3.8333333333333335,,,,,,,,,,,,,,,,,,,"Ethan Roberts","24930",681799
"José Fermin","LAA",2,4,,4.36742,34,0,0,1,,34,144,29,18,16,5,15,,1,35,9.20277,4.05546,2.26923,1.24783,0.241803,0.106557,0.1352458894252777,0.231481,1.31716,0.281879,0.709877,,,4.34831,0.0162046,-0.0372126,999,,,,,,,140.70000000000002,4.1382352941176475,131,3.8529411764705883,,,,,,,,,,,,,,,,,,,"Jose Fermin","33908",820862
"Brady Basso","ATH",2,1,,4.21687,34,0,0,1,,34,145,34,17,16,5,11,,1,28,7.46988,2.89157,2.58333,1.20482,0.194969,0.0754717,0.11949683725833893,0.253425,1.31191,0.290909,0.714286,,,4.25963,0.0149761,0.00164365,999,,,,,,,125.70000000000002,3.6970588235294124,129,3.7941176470588234,,,,,,,,,,,,,,,,,,,"Brady Basso","25582",669620
"Dylan Ross","NYM",1,1,,4.11335,36,0,0,1,,36,154,31,18,16,5,17,,1,38,9.54296,4.27788,2.23077,1.15174,0.247863,0.111111,0.13675213605165482,0.227053,1.33455,0.28169,0.727848,,,4.1589,0.0148258,-0.0184559,999,,,,,,,150.30000000000004,4.175000000000001,141,3.9166666666666665,,,,,,,,,,,,,,,,,,,"Dylan Ross","sa3025659",697811
"Seth Halvorsen","COL",2,3,,4.5,42,0,0,1,,42,184,41,23,21,6,19,,2,40,8.59091,4.09091,2.1,1.22727,0.217617,0.103627,0.11398962885141373,0.251462,1.43182,0.300813,0.714286,,,4.49877,0.014818,0.0242801,699.2000122070312,,,,,,,151.4,3.604761904761905,153,3.642857142857143,,,,,,,,,,,,,,,,,,,"Seth Halvorsen","33294",678020
"Colin Holderman","CLE",3,2,,4.02128,42,0,0,1,,42,184,38,21,19,4,18,,4,40,8.61702,3.82979,2.25,0.957447,0.218447,0.0970874,0.1213592067360878,0.236264,1.34043,0.287879,0.714286,,,4.13514,0.0145744,-0.0235331,999,,,,,,,180.8,4.3047619047619055,176,4.190476190476191,,,,,,,,,,,,,,,,,,,"Colin Holderman","22361",670059
"Danny Young","ATL",1,1,,4.13514,20,0,0,1,,20,89,17,10,9,2,9,,4,22,9.97297,3.89189,2.5625,0.72973,0.25,0.097561,0.15243902802467346,0.221429,1.27027,0.291667,0.67757,,,3.91892,0.0137667,0.00166475,999,,,,,,,88.2,4.41,83,4.15,,,,,,,,,,,,,,,,,,,"Danny Young","18439",664849
"Kai-Wei Teng","HOU",3,4,,4.79722,48,2,0,1,,54,243,52,31,29,6,24,,8,48,7.92584,3.96292,2,1.04287,0.196891,0.0984456,0.0984456017613411,0.244048,1.3905,0.288,0.660377,,,4.61833,0.0137279,-0.1543,999,,,,,,,194.60000000000002,3.603703703703704,196,3.6296296296296298,,,,,,,,,,,,,,,,,,,"Kai-Wei Teng","24282",678906
"Carlos Hernández","CLE",1,1,,4.34483,18,0,0,1,,18,78,17,9,9,2,8,,1,17,8.53448,4.03448,2.11538,1.08621,0.218254,0.103175,0.1150793731212616,0.241071,1.37931,0.290123,0.712251,,,4.25583,0.013723,-0.0100856,999,,,,,,,75.40000000000002,4.18888888888889,75,4.166666666666667,,,,,,,,,,,,,,,,,,,"Carlos Hernandez","22713",672578
"Michael Fulmer","SFG",0,0,,3.90597,13,0,0,1,,13,56,12,6,6,2,5,,0,14,9.43942,3.74322,2.52174,1.13924,0.244726,0.0970464,0.14767932146787643,0.235849,1.32007,0.292517,0.743671,,,4.0393,0.0136836,0.0109098,999,,,,,,,57.39999999999999,4.415384615384615,56,4.3076923076923075,,,,,,,,,,,,,,,,,,,"Michael Fulmer","13218",605242
"Tristan Beck","SFG",1,1,,4.06524,21,0,0,1,,21,90,20,10,9,2,7,,1,17,7.45295,2.82309,2.64,1.01631,0.194118,0.0735294,0.12058822810649872,0.247588,1.2798,0.288136,0.704698,,,4.03852,0.0135622,0.00797035,999,,,,,,,92.80000000000001,4.419047619047619,93,4.428571428571429,,,,,,,,,,,,,,,,,,,"Tristan Beck","21584",663941
"Jedixson Paez","CHW",1,1,,4.44444,24,0,0,1,,24,103,25,13,12,4,5,,1,18,6.88889,2,3.44444,1.33333,0.179191,0.0520231,0.12716763094067574,0.261538,1.2716,0.290837,0.696056,,,4.30798,0.0127738,-0.0388507,999,,,,,,,85.40000000000003,3.558333333333335,90,3.75,,,,,,,,,,,,,,,,,,,"Jedixson Paez","sa3016264",699151
"Peyton Gray","TEX",2,2,,4.28571,16,0,0,1,,16,69,15,8,8,2,6,,1,16,9,3.14286,2.86364,1.28571,0.231618,0.0808823,0.1507352814078331,0.237903,1.28571,0.284091,0.716374,,,4.13514,0.0126567,-0.00952422,999,,,,,,,69.80000000000001,4.362500000000001,69,4.3125,,,,,,,,,,,,,,,,,,,"Peyton Gray","sa3008046",682608
"Ron Marinaccio","SDP",2,2,,4.17857,44,0,0,1,,44,189,37,22,20,6,20,,5,45,9.16071,4.01786,2.28,1.125,0.2375,0.104167,0.13333333283662796,0.22488,1.28571,0.275862,0.707395,,,4.38514,0.0124051,-0.0257276,999,,,,,,,174.60000000000002,3.9681818181818187,161,3.659090909090909,,,,,,,,,,,,,,,,,,,"Ron Marinaccio","23488",676760
"Drew Sommers","DET",1,1,,4.13969,24,0,0,1,,24,106,24,12,11,2,9,,2,20,7.6661,3.21976,2.38095,0.919932,0.19305,0.0810811,0.11196910589933395,0.248927,1.34583,0.293785,0.708215,,,4.08914,0.0122583,-0.00808242,999,,,,,,,101.60000000000002,4.233333333333334,105,4.375,,,,,,,,,,,,,,,,,,,"Drew Sommers","32026",805427
"Hayden Harris","ATL",3,3,,4.21277,50,0,0,6,,50,214,44,26,23,6,20,,4,55,9.95745,3.6383,2.73684,1.14894,0.258706,0.0945274,0.16417911648750305,0.230337,1.2766,0.291667,0.697674,,,4.05003,0.0115873,-0.0261849,999,,,,,,,243.79999999999998,4.8759999999999994,234,4.68,,,,,,,,,,,,,,,,,,,"Hayden Harris","31913",802686
"Lake Bachar","MIA",3,3,,4.21875,48,0,0,4,,48,206,44,24,22,7,20,,2,49,9.14062,3.79688,2.40741,1.26562,0.237226,0.0985401,0.13868612796068192,0.237705,1.32812,0.288235,0.732044,,,4.33826,0.0113192,0.0559733,999,,,,,,,202.70000000000002,4.222916666666667,197,4.104166666666667,,,,,,,,,,,,,,,,,,,"Lake Bachar","19222",669199
"Kendry Rojas","MIN",2,2,,4.35655,42,0,0,1,,42,186,42,22,20,5,17,,2,38,8.07556,3.61275,2.23529,1.06257,0.202128,0.0904255,0.11170212179422379,0.249258,1.39315,0.294821,0.711538,,,4.25674,0.0111984,-0.0415816,999,,,,,,,163.10000000000002,3.8833333333333337,168,4,,,,,,,,,,,,,,,,,,,"Kendry Rojas","sa3016746",696070
"Nick Sandlin","LAA",3,3,,4.40426,40,0,0,1,,40,167,34,21,20,6,18,,3,42,9.38298,4.02128,2.33333,1.34043,0.25,0.107143,0.1428571417927742,0.232558,1.29787,0.284483,0.703125,,,4.51812,0.0106006,-0.0383964,999,,,,,,,158.79999999999998,3.9699999999999998,147,3.675,,,,,,,,,,,,,,,,,,,"Nick Sandlin","20517",680704
"Porter Hodge","CHC",2,2,,4.16268,28,0,0,1,,28,122,22,14,13,3,15,,2,32,10.3349,4.88038,2.11765,1.00478,0.263736,0.124542,0.13919415324926376,0.212766,1.33971,0.275641,0.714286,,,4.10802,0.0100949,-0.00753165,999,,,,,,,130.10000000000002,4.646428571428572,118,4.214285714285714,,,,,,,,,,,,,,,,,,,"Porter Hodge","26413",687863
"Josh Staumont","CIN",1,1,,5.02146,12,0,0,1,,12,55,11,7,7,1,7,,1,11,8.49785,5.40773,1.57143,0.772532,0.207547,0.132075,0.07547171413898468,0.241758,1.54506,0.298507,0.662651,,,4.29393,0.00970157,-0.0202993,999,,,,,,,49.90000000000001,4.158333333333334,49,4.083333333333333,,,,,,,,,,,,,,,,,,,"Josh Staumont","18335",622251
"Derek Law","ARI",2,2,,4.13969,24,0,0,1,,24,103,24,12,11,2,9,,1,19,7.20613,3.21976,2.2381,0.919932,0.185771,0.083004,0.10276678949594498,0.256522,1.36286,0.299435,0.712291,,,4.03803,0.00933963,0.00386396,999,,,,,,,102.60000000000002,4.275000000000001,106,4.416666666666667,,,,,,,,,,,,,,,,,,,"Derek Law","13133",571882
"Nick Raquet","STL",3,3,,4.26316,32,0,0,1,,32,140,32,16,15,4,11,,2,26,7.26316,3,2.42105,1.10526,0.184739,0.0763052,0.10843373835086823,0.252212,1.33333,0.289017,0.70997,,,4.32812,0.00923163,-0.0104251,999,,,,,,,121.40000000000002,3.7937500000000006,125,3.90625,,,,,,,,,,,,,,,,,,,"Nick Raquet","20333",675919
"Colin Selby","BAL",2,3,,4.24318,45,0,0,1,,45,195,41,23,21,6,20,,2,47,9.37965,4.01985,2.33333,1.11663,0.24,0.102857,0.1371428370475769,0.23871,1.36476,0.296296,0.708333,,,4.15251,0.00828113,-0.0427419,999,,,,,,,184.6,4.102222222222222,179,3.977777777777778,,,,,,,,,,,,,,,,,,,"Colin Selby","24986",681882
"Chase Silseth","LAA",2,3,,4.36364,52,0,0,6,,52,225,48,28,25,7,23,,2,53,9.13636,3.95455,2.31034,1.22727,0.234266,0.101399,0.13286714255809784,0.240157,1.36364,0.292135,0.710594,,,4.33211,0.00817205,-0.071254,999,,,,,,,228.90000000000003,4.401923076923078,224,4.3076923076923075,,,,,,,,,,,,,,,,,,,"Chase Silseth","30074",681217
"Coleman Crow","MIL",1,1,,4.11489,24,0,0,1,,21,89,20,10,10,3,6,,1,18,7.80774,2.74326,2.84615,1.16061,0.203857,0.0716253,0.13223140686750412,0.241692,1.24267,0.280488,0.706402,,,4.20196,0.00813545,0.0131775,999,,,,,,,85.5,4.071428571428571,85,4.0476190476190474,,,,,,,,,,,,,,,,,,,"Coleman Crow","sa3015142",689441
"AJ Smith-Shawver","ATL",0,0,,3.90335,8,0,0,1,,8,35,7,4,3,1,3,,0,9,9.81413,3.56877,2.75,1.11524,0.250712,0.0911681,0.15954415500164032,0.233438,1.31351,0.292237,0.73913,,,3.82906,0.00801488,0.000665899,999,,,,,,,41.7,5.2125,40,5,,,,,,,,,,,,,,,,,,,"AJ Smith-Shawver","29960",700363
"Kervin Castro","NYY",2,2,,4.637,34,0,0,1,,34,150,30,19,18,4,17,,2,33,8.64169,4.42623,1.95238,1.05386,0.218085,0.111702,0.10638298839330673,0.230303,1.38173,0.277311,0.673077,,,4.35293,0.00799533,-0.0810391,999,,,,,,,137.40000000000003,4.041176470588236,131,3.8529411764705883,,,,,,,,,,,,,,,,,,,"Kervin Castro","21656",665645
"Michel Otañez","TEX",1,1,,4.26637,18,0,0,1,,18,80,14,9,9,2,10,,2,22,11.1738,5.07901,2.2,1.0158,0.280612,0.127551,0.15306124091148376,0.210843,1.3544,0.283019,0.698113,,,4.15094,0.0071963,-0.0107147,999,,,,,,,84.20000000000002,4.677777777777779,76,4.222222222222222,,,,,,,,,,,,,,,,,,,"Michel Otanez","22533",671305
"RJ Petit","COL",1,2,,4.63588,14,0,0,1,,14,62,14,8,7,2,5,,1,12,7.83304,3.35702,2.33333,1.11901,0.196787,0.0843373,0.11244980245828629,0.255605,1.38544,0.299401,0.68915,,,4.39624,0.007094,-0.00086362,999,,,,,,,52.6,3.757142857142857,54,3.857142857142857,,,,,,,,,,,,,,,,,,,"RJ Petit","sa3017848",696275
"Richard Lovelady","WSN",0,0,,4.27646,8,0,0,1,,8,35,8,4,4,1,3,,1,7,8.35853,2.91577,2.86667,0.971922,0.21393,0.0746269,0.13930349051952362,0.243094,1.2743,0.293233,0.673077,,,3.97747,0.00672964,0.0000650533,999,,,,,,,32.10000000000001,4.012500000000001,33,4.125,,,,,,,,,,,,,,,,,,,"Richard Lovelady","19337",663992
"Jose Espada","BAL",1,1,,4.58491,15,0,0,1,,15,65,14,8,8,2,7,,0,15,9,4.41509,2.03846,1.18868,0.229437,0.112554,0.11688312143087387,0.240196,1.41509,0.291667,0.705521,,,4.38042,0.00645761,-0.0246712,999,,,,,,,63.00000000000001,4.2,62,4.133333333333334,,,,,,,,,,,,,,,,,,,"Jose Espada","21131",664744
"Connor Brogdon","CLE",3,3,,4.24958,52,0,0,7,,52,226,49,26,25,8,22,,2,54,9.40978,3.79427,2.48,1.36594,0.24031,0.0968992,0.14341086149215698,0.242424,1.36594,0.29375,0.745614,,,4.38303,0.00620553,-0.0291363,999,,,,,,,222.99999999999997,4.288461538461538,220,4.230769230769231,,,,,,,,,,,,,,,,,,,"Connor Brogdon","21205",641401
"Edgardo Henriquez","LAD",2,3,,4.66523,40,0,0,1,,40,178,35,22,21,5,20,,3,43,9.71922,4.47084,2.17391,1.16631,0.242718,0.11165,0.13106794655323029,0.22905,1.38229,0.284553,0.683453,,,4.40943,0.00609725,-0.0638037,999,,,,,,,164.5,4.1125,156,3.9,,,,,,,,,,,,,,,,,,,"Edgardo Henriquez","26944",683618
"Ryan Borucki","CHW",1,1,,4.16894,21,0,0,1,,21,92,19,10,10,2,10,,2,21,8.82834,4.16894,2.11765,0.980926,0.223602,0.10559,0.1180124282836914,0.235714,1.3624,0.29,0.720721,,,4.3068,0.00530829,0.00842261,999,,,,,,,91.4,4.352380952380953,89,4.238095238095238,,,,,,,,,,,,,,,,,,,"Ryan Borucki","16350",621366
"Brendan Beck","NYY",1,1,,4.41818,12,0,0,1,,12,50,12,6,6,2,3,,0,9,7.03636,2.37273,2.96552,1.30909,0.186147,0.0627706,0.12337660789489746,0.2529,1.25455,0.282675,0.692042,,,4.30786,0.00462611,-0.00661708,999,,,,,,,46.000000000000014,3.8333333333333344,47,3.9166666666666665,,,,,,,,,,,,,,,,,,,"Brendan Beck","sa3020680",694341
"Carter Baumler","TEX",1,3,,4.62162,52,0,0,7,,52,228,48,30,27,6,25,,1,45,7.78378,4.37838,1.77778,0.972973,0.197531,0.111111,0.08641975373029709,0.237762,1.40541,0.280374,0.668103,,,4.35135,0.00317975,-0.155679,999,,,,,,,226.2,4.35,222,4.269230769230769,,,,,,,,,,,,,,,,,,,"Carter Baumler","sa3014480",691945
"Wade Miley",,1,2,,5.65445,5,5,0,0,,21,93,23,15,13,3,8,,1,12,5.18325,3.29843,1.57143,1.41361,0.132,0.084,0.04800000041723251,0.274336,1.44852,0.288043,0.625,,,5.28173,0.00280846,-0.172768,999,,,,,,,55.7,2.6523809523809527,63,3,,,,,,,,,,,,,,,,,,,"Wade Miley","8779",489119
"Kolby Allard","CLE",0,0,,4.09568,14,0,0,1,,14,60,15,7,6,2,4,,0,11,6.93116,2.73046,2.53846,1.26021,0.179348,0.0706522,0.10869565606117249,0.260997,1.34189,0.292776,0.743381,,,4.36034,0.00266819,-0.00784438,999,,,,,,,54,3.857142857142857,58,4.142857142857143,,,,,,,,,,,,,,,,,,,"Kolby Allard","18694",663465
"Hunter Stratton","ATL",1,1,,4.24528,24,0,0,1,,24,103,23,12,11,3,9,,2,22,8.32076,3.22641,2.57895,1.18868,0.214912,0.0833333,0.1315789371728897,0.24878,1.32075,0.295302,0.714286,,,4.30495,0.00229642,0.0019977,999,,,,,,,95.90000000000002,3.995833333333334,96,4,,,,,,,,,,,,,,,,,,,"Hunter Stratton","23455",676702
"Alex Carrillo","NYM",1,2,,4.57275,20,0,0,1,,20,88,18,11,10,3,9,,1,21,9.35335,4.15704,2.25,1.24711,0.236842,0.105263,0.1315789446234703,0.233533,1.36259,0.284483,0.6917,,,4.45153,0.00187764,-0.0416221,999,,,,,,,80.3,4.015,77,3.85,,,,,,,,,,,,,,,,,,,"Alex Carrillo","26463",692024
"Luis Perales","WSN",1,2,,4.39024,20,0,0,1,,20,90,18,11,10,2,10,,2,21,9.45591,4.5591,2.07407,1.01313,0.233333,0.1125,0.12083333730697632,0.230769,1.40713,0.287671,0.705706,,,4.29836,0.00179214,-0.030253,999,,,,,,,86.60000000000001,4.33,84,4.2,,,,,,,,,,,,,,,,,,,"Luis Perales","sa3014677",691384
"Gus Varland","WSN",1,1,,4.5614,24,0,0,1,,24,109,24,13,12,3,11,,2,24,8.94737,4.21053,2.125,1.05263,0.218884,0.103004,0.11587981879711151,0.24878,1.46199,0.304054,0.705706,,,4.30473,0.00163194,-0.0302397,999,,,,,,,91.30000000000001,3.804166666666667,94,3.9166666666666665,,,,,,,,,,,,,,,,,,,"Gus Varland","24737",681402
"Austin Warren","NYM",4,4,,4.52611,46,0,0,1,,46,198,44,25,23,6,18,,4,42,8.18182,3.48162,2.35,1.21857,0.210762,0.0896861,0.12107621878385544,0.246231,1.33462,0.289655,0.692568,,,4.46976,0.00144373,-0.0863524,999,,,,,,,174.20000000000002,3.786956521739131,174,3.782608695652174,,,,,,,,,,,,,,,,,,,"Austin Warren","24937",681810
"Seth Martinez","BOS",1,1,,4.34608,22,0,0,1,,22,96,21,12,11,3,9,,2,19,7.60563,3.62173,2.1,1.08652,0.194444,0.0925926,0.10185185074806213,0.25,1.36821,0.291667,0.704698,,,4.4631,0.000852388,-0.0242737,999,,,,,,,80.30000000000001,3.6500000000000004,80,3.6363636363636362,,,,,,,,,,,,,,,,,,,"Seth Martinez","21045",661527
"K.C. Hunt","MIL",0,0,,4.48706,6,0,0,1,,6,26,6,3,3,1,2,,0,5,8.02493,3.02013,2.65714,1.29434,0.208989,0.0786517,0.13033706694841385,0.245098,1.29434,0.283333,0.692982,,,4.28566,0.000614285,-0.00063339,999,,,,,,,24.500000000000007,4.083333333333335,25,4.166666666666667,,,,,,,,,,,,,,,,,,,"K.C. Hunt","sa3022937",687268
"John Brebbia","COL",3,3,,4.98741,50,0,0,4,,50,222,54,30,28,9,19,,3,48,8.61461,3.4005,2.53333,1.5869,0.215909,0.0852273,0.1306818202137947,0.27044,1.46096,0.315789,0.705394,,,4.79761,0.000576155,-0.0284724,999,,,,,,,164.9,3.298,179,3.58,,,,,,,,,,,,,,,,,,,"John Brebbia","12777",605154
"Bryce Montes de Oca","WSN",0,0,,4.5,6,0,0,1,,6,28,5,3,3,0,4,,1,7,9.96429,6.10714,1.63158,0.642857,0.238462,0.146154,0.0923076719045639,0.224299,1.53571,0.297297,0.696517,,,4.31371,0.000225019,0.00004879,999,,,,,,,34.400000000000006,5.733333333333334,33,5.5,,,,,,,,,,,,,,,,,,,"Bryce Montes de Oca","21319",656755
"Daison Acosta","SDP",0,0,,0,0,0,0,0,,0,0,0,0,0,0,0,,0,0,0,0,0,0,0,0,0,0,0,0,1,,,3.13514,0,0,999,,,,,,,0,,0,,,,,,,,,,,,,,,,,,,,"Daison Acosta","sa944989",670897
"Mitch Spence","KCR",1,1,,4.48859,16,0,0,1,,16,69,17,9,8,2,5,,1,13,7.07523,2.66272,2.65714,1.21724,0.181996,0.0684931,0.11350293457508087,0.259023,1.32713,0.292818,0.690936,,,4.33547,-0.0000254197,-0.0287526,999,,,,,,,61.60000000000001,3.8500000000000005,66,4.125,,,,,,,,,,,,,,,,,,,"Mitch Spence","27707",687765
"Trevor Stephan","CLE",1,2,,4.12214,16,0,0,1,,16,70,15,8,7,2,6,,1,15,8.47328,3.43511,2.46667,1.14504,0.216374,0.0877193,0.12865497171878815,0.248366,1.3486,0.297297,0.73913,,,4.28017,-0.000156282,-0.008965,999,,,,,,,67.80000000000001,4.237500000000001,67,4.1875,,,,,,,,,,,,,,,,,,,"Trevor Stephan","19932",663986
"Trent Thornton","CHC",1,1,,4.2,22,0,0,1,,22,92,21,11,10,3,6,,1,18,7.4,2.6,2.84615,1.2,0.196809,0.0691489,0.12765956670045853,0.242775,1.22222,0.276923,0.686695,,,4.22403,-0.000291162,-0.00591772,999,,,,,,,90.30000000000001,4.104545454545455,90,4.090909090909091,,,,,,,,,,,,,,,,,,,"Trent Thornton","17948",663423
"Chen Zhong-Ao Zhuang","ATH",0,1,,4.54847,8,0,0,1,,8,34,8,4,4,1,2,,0,6,6.85998,2.08782,3.28571,1.41674,0.179687,0.0546875,0.1249999888241291,0.261954,1.27589,0.289189,0.690738,,,4.4276,-0.000393173,0.00038674,999,,,,,,,36.10000000000001,4.512500000000001,37,4.625,,,,,,,,,,,,,,,,,,,"Chen Zhong-Ao Zhuang","sa3018174",800018
"Scott Effross","DET",1,1,,4.57627,12,0,0,1,,12,52,13,7,6,1,3,,0,8,5.88378,2.61501,2.25,1.08959,0.151685,0.0674157,0.08426967263221741,0.266667,1.35593,0.293233,0.673469,,,4.34579,-0.00041056,-0.0347365,999,,,,,,,53.70000000000002,4.475000000000001,58,4.833333333333333,,,,,,,,,,,,,,,,,,,"Scott Effross","18384",664123
"Alexis Díaz","TEX",3,4,,4.86,44,0,0,1,,44,189,33,26,24,4,25,,6,43,8.82,5.04,1.75,0.9,0.227907,0.130233,0.0976744145154953,0.211111,1.32,0.261905,0.627119,,,4.57514,-0.000834974,-0.150781,732.1500244140625,,,,,,,187.60000000000002,4.263636363636365,165,3.75,,,,,,,,,,,,,,,,,,,"Alexis Diaz","21132",664747
"Chris Devenski","PIT",1,1,,4.29545,18,0,0,1,,18,76,18,9,9,2,5,,0,15,7.36364,2.65909,2.76923,1.22727,0.192513,0.0695187,0.12299466133117676,0.260116,1.31818,0.29771,0.705645,,,4.22605,-0.000875684,0.00531718,999,,,,,,,80.80000000000003,4.488888888888891,83,4.611111111111111,,,,,,,,,,,,,,,,,,,"Chris Devenski","12763",606965
"A.J. Causey","ATH",1,2,,4.479,13,0,0,1,,13,56,13,7,6,2,5,,1,11,7.27838,3.35925,2.16667,1.11975,0.18638,0.0860215,0.10035841912031174,0.247012,1.33748,0.282723,0.681818,,,4.44151,-0.00124257,-0.0144186,999,,,,,,,45.8,3.523076923076923,47,3.6153846153846154,,,,,,,,,,,,,,,,,,,"A.J. Causey","sa3028661",822067
"Ryan Lambert","NYM",0,1,,4.5283,12,0,0,1,,12,53,10,7,6,2,6,,1,13,10,4.71698,2.12,1.13208,0.252381,0.119048,0.13333331793546677,0.225275,1.38365,0.284553,0.694444,,,4.30914,-0.0012431,-0.037439,999,,,,,,,47.20000000000002,3.933333333333335,43,3.5833333333333335,,,,,,,,,,,,,,,,,,,"Ryan Lambert","sa3025613",822038
"Bryan Hoeing","SDP",1,0,,4.30435,10,0,0,1,,10,43,10,5,5,1,3,,0,7,6.65217,2.86957,2.31818,1.04348,0.173469,0.0748299,0.09863946586847305,0.251852,1.30435,0.28436,0.685279,,,4.2076,-0.00139093,-0.00584718,999,,,,,,,44.7,4.470000000000001,46,4.6,,,,,,,,,,,,,,,,,,,"Bryan Hoeing","26304",663773
"Joey Gerber","NYM",0,0,,4.42623,14,0,0,1,,14,60,13,8,7,2,5,,1,13,8.43091,2.95082,2.85714,1.26464,0.217391,0.076087,0.14130434393882751,0.244048,1.28806,0.286885,0.686695,,,4.21242,-0.00160757,-0.0384935,999,,,,,,,57.20000000000003,4.085714285714288,56,4,,,,,,,,,,,,,,,,,,,"Joey Gerber","24591",680702
"Tyler Gilbert","CHW",1,2,,4.89474,31,0,0,1,,31,136,31,18,17,4,13,,1,27,7.89474,3.63158,2.17391,1.26316,0.2,0.092,0.10799999535083771,0.253333,1.40351,0.293413,0.668605,,,4.5211,-0.00171082,-0.0871587,999,,,,,,,115.6,3.729032258064516,119,3.838709677419355,,,,,,,,,,,,,,,,,,,"Tyler Gilbert","17964",656457
"Chris Roycroft","STL",3,3,,4.47833,40,0,0,1,,40,179,40,22,20,4,19,,2,32,7.22311,4.18941,1.72414,0.866774,0.179211,0.103943,0.07526882737874985,0.251012,1.46067,0.293194,0.690073,,,4.32294,-0.00207606,-0.0750856,999,,,,,,,147.8,3.6950000000000003,153,3.825,,,,,,,,,,,,,,,,,,,"Chris Roycroft","31261",688297
"Cam Booser","TBR",1,1,,4.53089,8,0,0,1,,8,35,8,4,4,1,4,,0,8,9.47368,4.11899,2.3,1.44165,0.239583,0.104167,0.1354166716337204,0.247059,1.41876,0.299145,0.727969,,,4.62255,-0.0022196,-0.00192282,999,,,,,,,34.10000000000001,4.262500000000001,35,4.375,,,,,,,,,,,,,,,,,,,"Cam Booser","16061",592155
"Colton Gordon","HOU",1,1,,4.35246,26,0,0,1,,26,112,26,14,13,4,8,,1,22,7.67213,2.65574,2.88889,1.40164,0.198473,0.0687023,0.12977098673582077,0.255187,1.30328,0.289694,0.717523,,,4.4876,-0.00222655,-0.0431174,999,,,,,,,96.6,3.715384615384615,99,3.8076923076923075,,,,,,,,,,,,,,,,,,,"Colton Gordon","31312",676467
"Elmer Rodríguez","NYY",0,0,,4.59544,6,0,0,1,,6,26,6,3,3,1,2,,0,5,7.8476,3.74705,2.09434,1.27258,0.201452,0.0961888,0.10526314377784729,0.242424,1.35899,0.278689,0.696888,,,4.54912,-0.00250783,-0.00330854,999,,,,,,,24.500000000000007,4.083333333333335,25,4.166666666666667,,,,,,,,,,,,,,,,,,,"Elmer Rodriguez","sa3019459",695684
"Collin Snider","CHC",1,1,,4.52611,14,0,0,1,,14,61,14,8,7,2,5,,1,11,7.31141,3.13346,2.33333,1.21857,0.186667,0.08,0.10666666179895401,0.25,1.33462,0.283871,0.692568,,,4.4891,-0.0028562,-0.0346379,999,,,,,,,50.6,3.6142857142857143,52,3.7142857142857144,,,,,,,,,,,,,,,,,,,"Collin Snider","23307",676092
"Dylan Smith","DET",1,2,,4.5,23,0,0,1,,23,100,23,12,12,3,9,,1,20,7.71429,3.53571,2.18182,1.125,0.196721,0.0901639,0.10655736923217773,0.25,1.375,0.290909,0.699405,,,4.33156,-0.00296968,-0.0231662,999,,,,,,,87.50000000000001,3.804347826086957,90,3.9130434782608696,,,,,,,,,,,,,,,,,,,"Dylan Smith","30145",681916
"Jhancarlos Lara","ATL",1,1,,4.2464,12,0,0,1,,12,54,10,6,6,1,7,,1,14,10.2621,5.19004,1.97727,0.943644,0.252907,0.127907,0.125,0.223368,1.42857,0.290816,0.715746,,,4.30158,-0.00353694,0.000998849,999,,,,,,,58.500000000000014,4.875000000000001,55,4.583333333333333,,,,,,,,,,,,,,,,,,,"Jhancarlos Lara","sa3019367",702910
"Nate Pearson","HOU",2,3,,4.47514,50,0,0,4,,50,221,47,27,25,7,23,,3,51,9.11602,4.14365,2.2,1.32597,0.229167,0.104167,0.1250000074505806,0.240566,1.39963,0.288591,0.725309,,,4.5716,-0.00372904,-0.101741,999,,,,,,,201.7,4.034,199,3.98,,,,,,,,,,,,,,,,,,,"Nate Pearson","20160",663878
"Yosver Zulueta","SEA",1,1,,4.1791,24,0,0,1,,24,105,20,12,11,2,12,,3,26,9.85075,4.47761,2.2,0.895522,0.250951,0.114068,0.13688213378190994,0.221239,1.3267,0.285714,0.698324,,,4.08041,-0.00374498,-0.0348194,999,,,,,,,112.00000000000003,4.666666666666668,105,4.375,,,,,,,,,,,,,,,,,,,"Yosver Zulueta","27765",691172
"Tucker Davidson","PHI",1,1,,4.76671,8,0,0,1,,8,35,8,5,4,1,3,,0,6,7.26356,3.2913,2.2069,1.24842,0.183908,0.0833333,0.10057470947504044,0.262658,1.41236,0.298755,0.693582,,,4.53488,-0.00379513,-0.0277572,999,,,,,,,33.10000000000001,4.137500000000001,34,4.25,,,,,,,,,,,,,,,,,,,"Tucker Davidson","19871",656353
"Eli Morgan","KCR",1,1,,4.29545,24,0,0,1,,24,100,22,13,11,3,8,,1,21,7.77273,3.06818,2.53333,1.22727,0.206522,0.0815217,0.1249999850988388,0.244048,1.27273,0.282258,0.693277,,,4.2715,-0.00410402,-0.0281822,999,,,,,,,102.50000000000001,4.270833333333334,100,4.166666666666667,,,,,,,,,,,,,,,,,,,"Eli Morgan","20203",669212
"Nick Burdi","NYM",0,0,,4.5,8,0,0,1,,8,35,7,4,4,1,4,,1,9,9.75,4.75,2.05263,1,0.245283,0.119497,0.1257861778140068,0.227941,1.38889,0.290323,0.698198,,,4.32958,-0.00412661,-0.0041013,999,,,,,,,35.7,4.4625,34,4.25,,,,,,,,,,,,,,,,,,,"Nick Burdi","16074",595897
"Jose Corniell","TEX",1,1,,4.64627,10,0,0,1,,10,43,9,6,5,2,3,,1,9,8.43212,2.92543,2.88235,1.37667,0.219731,0.0762332,0.1434977725148201,0.236453,1.24283,0.273973,0.669145,,,4.39709,-0.00429316,-0.0370779,999,,,,,,,36,3.6,34,3.4,,,,,,,,,,,,,,,,,,,"Jose Corniell","27984",692030
"David Sandlin","CHW",1,1,,4.61802,12,0,0,1,,12,52,13,7,6,2,4,,0,9,7.08096,3.07868,2.3,1.33409,0.180157,0.078329,0.10182768106460571,0.264957,1.40251,0.297398,0.706107,,,4.58325,-0.00451626,-0.0347228,999,,,,,,,40.40000000000002,3.3666666666666685,44,3.6666666666666665,,,,,,,,,,,,,,,,,,,"David Sandlin","sa3020606",689818
"Colin Poche","DET",1,1,,4.4665,10,0,0,1,,10,42,9,5,5,1,4,,0,9,8.26303,3.79653,2.17647,1.33995,0.218935,0.100592,0.11834319680929184,0.243421,1.33995,0.284404,0.701754,,,4.4999,-0.00475725,-0.00336768,999,,,,,,,48.300000000000004,4.83,47,4.7,,,,,,,,,,,,,,,,,,,"Colin Poche","19403",621363
"Valente Bellozo","COL",0,1,,4.68367,10,0,0,1,,10,43,11,6,5,2,3,,0,7,6.42857,2.93878,2.1875,1.46939,0.165094,0.0754717,0.08962263911962509,0.267352,1.38776,0.290429,0.713028,,,4.90044,-0.00478283,-0.00826737,999,,,,,,,29.799999999999997,2.9799999999999995,33,3.3,,,,,,,,,,,,,,,,,,,"Valente Bellozo","23899",678368
"Tyson Neighbors","BAL",0,1,,4.58824,12,0,0,1,,12,52,11,7,6,2,5,,1,12,8.82353,3.52941,2.5,1.23529,0.22831,0.0913242,0.13698629289865494,0.237113,1.29412,0.284672,0.676157,,,4.42925,-0.00502842,-0.0383943,999,,,,,,,45.600000000000016,3.800000000000001,44,3.6666666666666665,,,,,,,,,,,,,,,,,,,"Tyson Neighbors","sa3025569",695695
"Lou Trivino","PHI",1,1,,4.81395,20,0,0,1,,20,90,20,12,11,3,9,,1,18,8.16279,3.97674,2.05263,1.25581,0.201031,0.0979382,0.10309275984764099,0.255814,1.46512,0.299213,0.695971,,,4.67002,-0.00515497,-0.054606,999,,,,,,,69.1,3.4549999999999996,71,3.55,,,,,,,,,,,,,,,,,,,"Lou Trivino","15043",642152
"Javier Assad","CHC",3,2,,4.05561,54,2,0,7,,61,260,57,30,27,8,24,,3,48,7.07574,3.53787,2,1.12176,0.183036,0.0915179,0.0915178582072258,0.246269,1.34228,0.28013,0.730706,,,4.50618,-0.00523513,0.17721,999,,,,,,,247.80000000000013,4.062295081967215,244,4,,,,,,,,,,,,,,,,,,,"Javier Assad","21741",665871
"Tom Cosgrove","HOU",1,1,,4.62012,13,0,0,1,,13,57,11,7,7,2,6,,1,12,8.50103,4.43532,1.91667,1.10883,0.216981,0.113208,0.1037735864520073,0.229508,1.35524,0.274809,0.677083,,,4.63411,-0.00533336,-0.0215587,999,,,,,,,49.99999999999999,3.846153846153846,46,3.5384615384615383,,,,,,,,,,,,,,,,,,,"Tom Cosgrove","23443",676680
"Yoniel Curet","PHI",0,1,,5.58862,2,2,0,0,,6,29,6,4,4,1,3,,1,6,8.15006,4.54075,1.79487,1.51358,0.19943,0.111111,0.0883190855383873,0.25,1.47477,0.285714,0.647182,,,5.4896,-0.0056032,-0.0149727,999,,,,,,,16.500000000000007,2.7500000000000013,17,2.8333333333333335,,,,,,,,,,,,,,,,,,,"Yoniel Curet","sa3015446",692414
"Jeff Criswell","COL",0,1,,4.65718,12,0,0,1,,12,53,13,7,6,2,5,,0,11,8.15006,3.84217,2.12121,1.39715,0.204082,0.0962099,0.10787172615528107,0.262987,1.47477,0.30531,0.730453,,,4.70047,-0.00574032,-0.00456977,999,,,,,,,41.40000000000002,3.4500000000000015,45,3.75,,,,,,,,,,,,,,,,,,,"Jeff Criswell","27608",676105
"Jhony Brito","SDP",1,1,,4.32815,18,0,0,1,,18,78,18,9,9,2,6,,1,14,6.87412,3.05516,2.25,1.14569,0.177049,0.0786885,0.09836066514253616,0.25448,1.34371,0.287037,0.703884,,,4.36569,-0.00609278,-0.0105249,999,,,,,,,72.80000000000003,4.044444444444446,75,4.166666666666667,,,,,,,,,,,,,,,,,,,"Jhony Brito","25386",666745
"Dom Hamel","NYY",0,1,,4.90909,8,0,0,1,,8,35,8,5,4,1,3,,0,7,7.97727,3.78409,2.10811,1.22727,0.202597,0.0961039,0.1064935028553009,0.244898,1.375,0.284585,0.662188,,,4.56695,-0.00647391,-0.035397,999,,,,,,,35.10000000000001,4.387500000000001,36,4.5,,,,,,,,,,,,,,,,,,,"Dom Hamel","30153",687589
"Adbert Alzolay","NYM",2,4,,4.25,42,0,0,1,,42,177,40,21,20,6,13,,4,37,8,2.75,2.90909,1.25,0.210526,0.0723684,0.1381578966975212,0.246377,1.25,0.287129,0.710526,,,4.32958,-0.00729179,-0.0215318,999,,,,,,,160,3.8095238095238093,159,3.7857142857142856,,,,,,,,,,,,,,,,,,,"Adbert Alzolay","17859",640470
"Michael Darrell-Hicks","PIT",0,1,,4.63122,8,0,0,1,,8,35,8,4,4,1,3,,1,6,7.1012,3.08748,2.3,1.08062,0.178295,0.0775194,0.10077519714832306,0.258621,1.37221,0.296089,0.683761,,,4.45589,-0.00730507,0.00236319,999,,,,,,,30.100000000000005,3.7625000000000006,31,3.875,,,,,,,,,,,,,,,,,,,"Michael Darrell-Hicks","31501",690382
"Reiver Sanmartin","SFG",1,1,,4.12698,17,0,0,1,,17,74,18,8,8,2,5,,1,12,6.34921,2.69841,2.35294,0.952381,0.161943,0.0688259,0.09311740845441818,0.264317,1.35802,0.298343,0.714286,,,4.15806,-0.00732187,0.00943798,999,,,,,,,64.40000000000002,3.7882352941176483,69,4.0588235294117645,,,,,,,,,,,,,,,,,,,"Reiver Sanmartin","19754",665665
"Emiliano Teodo","TEX",1,1,,4.70489,14,0,0,1,,14,63,13,8,7,2,8,,1,14,8.8027,4.85666,1.8125,1.06239,0.218868,0.120755,0.09811320900917053,0.231441,1.43339,0.280488,0.678191,,,4.5348,-0.00778457,-0.0395284,999,,,,,,,50.20000000000003,3.585714285714288,49,3.5,,,,,,,,,,,,,,,,,,,"Emiliano Teodo","sa3015158",693713
"Michael Petersen","MIA",1,1,,4.33962,28,0,0,1,,28,122,28,15,14,4,11,,1,26,8.49057,3.39623,2.5,1.32075,0.217391,0.0869565,0.1304347887635231,0.251337,1.36268,0.296296,0.724638,,,4.41396,-0.00782705,-0.0240604,999,,,,,,,105.20000000000006,3.7571428571428593,108,3.857142857142857,,,,,,,,,,,,,,,,,,,"Michael Petersen","20827",656848
"Henry Baez","ATH",0,0,,4.46991,10,0,0,1,,10,44,10,5,5,1,4,,1,7,6.36103,3.26648,1.94737,1.11748,0.16087,0.0826087,0.0782608613371849,0.258454,1.38491,0.287462,0.701893,,,4.65376,-0.0080249,0.000483425,999,,,,,,,38.7,3.87,40,4,,,,,,,,,,,,,,,,,,,"Henry Baez","sa3016584",692013
"Duncan Davitt","CHW",1,1,,4.824,20,0,0,1,,20,87,21,12,11,3,6,,1,15,6.84,2.736,2.5,1.296,0.175601,0.0702403,0.10536044090986252,0.262626,1.344,0.293194,0.672269,,,4.59114,-0.00804614,-0.0680241,999,,,,,,,69.5,3.475,74,3.7,,,,,,,,,,,,,,,,,,,"Duncan Davitt","sa3020394",701474
"Héctor Neris","KCR",2,3,,4.5,22,0,0,1,,22,95,20,12,11,3,11,,1,23,9.45,4.5,2.1,1.35,0.242775,0.115607,0.12716762721538544,0.238411,1.4,0.291262,0.714286,,,4.63514,-0.00851987,-0.0283279,999,,,,,,,87.9,3.9954545454545456,85,3.8636363636363638,,,,,,,,,,,,,,,,,,,"Hector Neris","11804",593576
"Tate Kuehner","MIL",1,1,,4.5,12,0,0,1,,12,54,11,6,6,1,6,,1,11,8.4375,4.6875,1.8,1.03125,0.209302,0.116279,0.09302324801683426,0.238606,1.44792,0.286765,0.703883,,,4.53097,-0.00876745,-0.00126678,999,,,,,,,52.90000000000001,4.408333333333334,52,4.333333333333333,,,,,,,,,,,,,,,,,,,"Tate Kuehner","sa3023099",804249
"Bobby Miller","LAD",1,1,,5.03696,22,0,0,1,,22,96,21,13,12,3,10,,1,21,8.45829,3.89652,2.17073,1.23548,0.214458,0.0987952,0.11566264927387238,0.245946,1.39388,0.291045,0.659051,,,4.46565,-0.00878138,-0.0624004,999,,,,,,,84.30000000000001,3.8318181818181825,84,3.8181818181818183,,,,,,,,,,,,,,,,,,,"Bobby Miller","27483",676272
"Marc Church","TEX",2,3,,4.80712,32,0,0,1,,32,143,29,18,17,4,17,,1,32,9.08012,4.80712,1.88889,1.06825,0.225166,0.119205,0.10596027225255966,0.234848,1.45401,0.287234,0.691244,,,4.35175,-0.00886006,-0.0814814,999,,,,,,,126.20000000000002,3.9437500000000005,122,3.8125,,,,,,,,,,,,,,,,,,,"Marc Church","26353",687847
"Paul Sewald","ARI",3,3,,4.6594,58,0,9,10,,58,240,52,33,30,9,19,,3,57,8.82834,2.94278,3,1.47139,0.236842,0.0789474,0.15789474546909332,0.23913,1.22616,0.28125,0.655738,,,4.44304,-0.00918974,-0.260252,557.9400024414062,,,,,,,316.30000000000007,5.45344827586207,306,5.275862068965517,,,,,,,,,,,,,,,,,,,"Paul Sewald","13892",623149
"Jake Eder","WSN",1,1,,4.92102,11,0,0,1,,11,49,11,7,6,1,4,,1,9,7.10814,3.60875,1.9697,1.20292,0.178082,0.090411,0.08767124265432358,0.257669,1.42163,0.292,0.669291,,,4.71472,-0.00963057,-0.0452365,999,,,,,,,47.50000000000001,4.318181818181819,49,4.454545454545454,,,,,,,,,,,,,,,,,,,"Jake Eder","27590",671109
"Lyon Richardson","CIN",1,1,,4.86486,18,0,0,1,,18,80,17,10,10,2,9,,1,16,7.78378,4.37838,1.77778,1.09459,0.195719,0.110092,0.08562690764665604,0.247387,1.44595,0.28972,0.677966,,,4.60811,-0.00965032,-0.0159951,999,,,,,,,70.40000000000002,3.9111111111111123,70,3.888888888888889,,,,,,,,,,,,,,,,,,,"Lyon Richardson","24581",680689
"Francis Peña","SDP",1,1,,4.47316,8,0,0,1,,8,36,8,4,4,1,4,,0,7,7.51491,4.29423,1.75,1.07356,0.185841,0.106195,0.07964601367712021,0.246231,1.45129,0.284768,0.712074,,,4.62619,-0.00984203,-0.00467774,999,,,,,,,32.10000000000001,4.012500000000001,33,4.125,,,,,,,,,,,,,,,,,,,"Francis Pena","sa3019374",800212
"Ken Waldichuk","WSN",1,1,,4.83617,10,0,0,1,,10,45,9,6,5,1,5,,1,10,8.61075,4.36435,1.97297,1.17955,0.214706,0.108824,0.10588234663009644,0.242424,1.42857,0.28972,0.684211,,,4.61613,-0.00986671,-0.0302192,999,,,,,,,44.300000000000004,4.430000000000001,43,4.3,,,,,,,,,,,,,,,,,,,"Ken Waldichuk","27681",686610
"Yohan Ramírez","PIT",3,4,,4.36742,56,0,0,10,,56,248,49,29,27,6,24,,12,59,9.51473,3.89948,2.44,0.935875,0.238281,0.0976562,0.1406250149011612,0.232877,1.31716,0.296053,0.680473,,,4.29631,-0.0103928,0.059237,999,,,,,,,263.20000000000005,4.700000000000001,252,4.5,,,,,,,,,,,,,,,,,,,"Yohan Ramirez","19444",670990
"Ryder Ryan","LAD",1,1,,4.5234,10,0,0,1,,10,45,11,5,5,1,4,,1,7,6.55113,3.89948,1.68,1.09185,0.162162,0.0965251,0.06563705950975418,0.265217,1.49047,0.298343,0.721785,,,4.76425,-0.0105412,-0.000673912,999,,,,,,,36.1,3.6100000000000003,40,4,,,,,,,,,,,,,,,,,,,"Ryder Ryan","19891",656924
"Tanner Rainey","DET",0,0,,4.53237,13,0,0,1,,13,57,12,7,7,2,7,,1,13,9.28057,4.53237,2.04762,1.29496,0.236264,0.115385,0.12087910622358322,0.238994,1.41487,0.290909,0.711462,,,4.59797,-0.0105971,-0.0197787,999,,,,,,,46.39999999999999,3.5692307692307685,45,3.4615384615384617,,,,,,,,,,,,,,,,,,,"Tanner Rainey","17610",663432
"Osvaldo Bido","NYY",1,1,,4.74725,16,0,0,1,,16,71,16,9,8,2,7,,2,14,8.01099,3.95604,2.025,1.28571,0.200495,0.0990099,0.10148514807224274,0.250704,1.41758,0.291188,0.694946,,,4.82744,-0.0108501,-0.0399592,999,,,,,,,57.20000000000001,3.5750000000000006,59,3.6875,,,,,,,,,,,,,,,,,,,"Osvaldo Bido","23150",674370
"Konnor Pilkington","DET",0,1,,4.8169,8,0,0,1,,8,36,8,5,4,1,4,,0,8,8.61972,4.94366,1.74359,1.14085,0.213836,0.122642,0.09119496494531631,0.243636,1.49296,0.292929,0.695931,,,4.68443,-0.0108775,-0.0332915,999,,,,,,,34.10000000000001,4.262500000000001,35,4.375,,,,,,,,,,,,,,,,,,,"Konnor Pilkington","21453",663455
"Julian Aguiar","CIN",1,2,,5.42169,26,2,0,1,,32,141,34,21,19,5,10,,3,21,6.01314,2.85871,2.10345,1.47864,0.15212,0.0723192,0.07980050891637802,0.269231,1.39102,0.288194,0.641509,,,5.15047,-0.0109874,-0.0709782,999,,,,,,,93.9,2.934375,102,3.1875,,,,,,,,,,,,,,,,,,,"Julian Aguiar","30031",687924
"Angel Chivilli","NYY",1,2,,4.75113,26,0,0,1,,26,115,27,15,14,4,9,,2,24,8.28054,3.25792,2.54167,1.35747,0.208191,0.0819113,0.12627986073493958,0.256604,1.38763,0.298969,0.692308,,,4.52277,-0.0110252,-0.07654,999,,,,,,,91.99999999999999,3.538461538461538,97,3.730769230769231,,,,,,,,,,,,,,,,,,,"Angel Chivilli","26790",683409
"Zack Thompson","STL",1,1,,4.56164,12,0,0,1,,12,53,11,7,6,1,6,,1,12,8.75342,4.56164,1.91892,1.10959,0.218462,0.113846,0.10461538285017014,0.242958,1.45205,0.294118,0.706638,,,4.4776,-0.0111043,-0.0348565,999,,,,,,,54.90000000000001,4.575000000000001,54,4.5,,,,,,,,,,,,,,,,,,,"Zack Thompson","25918",668868
"Eric Cerantola","KCR",0,1,,4.64088,12,0,0,1,,12,53,11,7,6,2,6,,1,12,9.11602,4.64088,1.96429,1.16022,0.227273,0.115702,0.11157025396823883,0.23445,1.41805,0.285714,0.699405,,,4.60843,-0.0117002,-0.0290145,999,,,,,,,42.600000000000016,3.550000000000001,41,3.4166666666666665,,,,,,,,,,,,,,,,,,,"Eric Cerantola","sa3017914",672021
"Max Lazar","PHI",2,2,,4.66071,38,0,0,1,,38,163,39,21,20,5,12,,1,30,7.07143,2.73214,2.58824,1.28571,0.183333,0.0708333,0.11250000447034836,0.256757,1.32143,0.288235,0.684713,,,4.38514,-0.0117138,-0.0502305,999,,,,,,,143.29999999999998,3.771052631578947,150,3.9473684210526314,,,,,,,,,,,,,,,,,,,"Max Lazar","23426",676661
"Andrew Sears","DET",0,0,,5.09969,6,0,0,1,,6,27,6,4,3,1,2,,1,5,7.17733,3.58867,2,1.32214,0.178824,0.0894118,0.08941176533699036,0.254642,1.40609,0.285714,0.664336,,,4.96095,-0.0125713,-0.0325208,999,,,,,,,21.500000000000007,3.5833333333333344,22,3.6666666666666665,,,,,,,,,,,,,,,,,,,"Andrew Sears","sa3023133",808825
"Eric Torres","BAL",0,0,,5.58923,6,0,0,1,,6,29,6,4,4,1,3,,0,6,8.37549,4.49478,1.86338,1.37851,0.192943,0.103545,0.08939865231513977,0.254136,1.58204,0.292628,0.659426,,,4.95482,-0.0126346,-0.0345843,999,,,,,,,23.500000000000007,3.916666666666668,24,4,,,,,,,,,,,,,,,,,,,"Eric Torres","sa3017262",701539
"Grant Holman","ARI",1,1,,4.42623,17,0,0,1,,17,73,17,9,8,2,6,,1,15,7.79859,3.16159,2.46667,1.26464,0.201087,0.0815217,0.11956522613763809,0.251497,1.33489,0.290323,0.699588,,,4.42319,-0.012811,-0.0123541,999,,,,,,,70.00000000000001,4.11764705882353,72,4.235294117647059,,,,,,,,,,,,,,,,,,,"Grant Holman","30002",680880
"Ronan Kopp","LAD",1,1,,4.83333,16,0,0,1,,16,72,14,9,9,2,10,,1,17,9.83333,5.83333,1.68571,1.16667,0.241803,0.143443,0.09836067259311676,0.227053,1.51852,0.283688,0.706371,,,4.69069,-0.0129883,-0.0316032,999,,,,,,,62.40000000000001,3.900000000000001,59,3.6875,,,,,,,,,,,,,,,,,,,"Ronan Kopp","sa3017751",691947
"Jake Miller","CLE",1,1,,4.47419,10,0,0,1,,10,44,11,5,5,1,4,,0,7,6.36711,3.2696,1.94737,1.20459,0.159483,0.0818965,0.07758620381355286,0.260664,1.41491,0.287425,0.716511,,,4.66477,-0.0132656,-0.00560313,999,,,,,,,39.1,3.91,43,4.3,,,,,,,,,,,,,,,,,,,"Jake Miller","sa3018171",681313
"Zach Maxwell","CIN",1,2,,4.7619,40,0,0,1,,40,176,36,23,21,6,22,,1,42,9.52381,4.92063,1.93548,1.26984,0.24,0.124,0.11599999666213989,0.233945,1.44621,0.286667,0.706215,,,4.54607,-0.0134121,-0.058042,999,,,,,,,147.6,3.69,141,3.525,,,,,,,,,,,,,,,,,,,"Zach Maxwell","31610",687209
"Randy Dobnak","SEA",1,1,,4.24273,10,0,0,1,,10,44,10,5,5,1,4,,1,7,6.4995,3.34002,1.94595,0.992979,0.16476,0.0846682,0.08009153604507446,0.256345,1.38415,0.289389,0.709625,,,4.41899,-0.0135098,-0.0145081,999,,,,,,,38.7,3.87,40,4,,,,,,,,,,,,,,,,,,,"Randy Dobnak","23798",677976
"Jesse Scholtens","TBR",1,1,,4.51783,36,0,0,1,,36,156,37,19,18,5,12,,1,30,7.49009,2.97226,2.52,1.30779,0.192073,0.0762195,0.11585365980863571,0.259136,1.36063,0.295154,0.707763,,,4.42972,-0.0135546,-0.0393022,999,,,,,,,133.70000000000005,3.7138888888888903,140,3.888888888888889,,,,,,,,,,,,,,,,,,,"Jesse Scholtens","19205",669947
"Joe Ross","ARI",0,0,,4.44444,12,0,0,1,,12,53,12,6,6,1,5,,1,10,7.14286,3.49206,2.04545,1.11111,0.180723,0.0883534,0.09236948192119598,0.25,1.37566,0.284884,0.703812,,,4.47552,-0.0139765,0.00193198,999,,,,,,,51.30000000000001,4.275000000000001,53,4.416666666666667,,,,,,,,,,,,,,,,,,,"Joe Ross","12972",605452
"Prelander Berroa","CHW",1,2,,4.66667,33,0,0,1,,33,148,31,18,17,4,20,,1,35,9.5,5.33333,1.78125,1.16667,0.234568,0.131687,0.10288065671920776,0.239234,1.51852,0.296552,0.720222,,,4.5981,-0.0140327,-0.0572552,999,,,,,,,125.40000000000006,3.800000000000002,124,3.757575757575758,,,,,,,,,,,,,,,,,,,"Prelander Berroa","22932",672860
"Vince Velasquez","CHC",0,1,,4.47833,8,0,0,1,,8,35,8,4,4,1,4,,0,8,8.66774,4.04494,2.14286,1.44462,0.218978,0.10219,0.1167883351445198,0.25,1.42857,0.293103,0.733333,,,4.74027,-0.0140747,-0.0021519,999,,,,,,,34.10000000000001,4.262500000000001,35,4.375,,,,,,,,,,,,,,,,,,,"Vince Velasquez","11189",592826
"Dale Stanavich","MIA",1,1,,4.41176,14,0,0,1,,14,63,13,7,7,2,7,,1,13,8.47059,4.76471,1.77778,1.05882,0.208696,0.117391,0.09130434691905975,0.241206,1.47059,0.289655,0.720721,,,4.60572,-0.0140831,0.00300438,999,,,,,,,51.20000000000003,3.6571428571428592,50,3.5714285714285716,,,,,,,,,,,,,,,,,,,"Dale Stanavich","sa3019833",689359
"Yariel Rodríguez","TOR",1,1,,4.25676,36,0,0,1,,36,154,31,18,17,5,17,,2,35,8.63513,4.25676,2.02857,1.21622,0.224684,0.110759,0.11392403393983841,0.231884,1.33784,0.276923,0.717647,,,4.5946,-0.0141031,-0.0168875,999,,,,,,,141.30000000000004,3.925000000000001,132,3.6666666666666665,,,,,,,,,,,,,,,,,,,"Yariel Rodriguez","33838",684320
"Evan Reifert","TBR",1,1,,4.69055,10,0,0,1,,10,45,8,6,5,1,6,,2,11,9.96743,5.27687,1.88889,1.17264,0.246377,0.130435,0.11594204604625702,0.226087,1.43322,0.285714,0.703125,,,4.86152,-0.0147806,-0.0328844,999,,,,,,,42.900000000000006,4.290000000000001,39,3.9,,,,,,,,,,,,,,,,,,,"Evan Reifert","sa3014860",682126
"Tayler Scott","ATL",1,1,,4.56954,10,0,0,1,,10,45,10,6,5,1,5,,0,9,8.34437,4.37086,1.90909,1.19205,0.207921,0.108911,0.0990099087357521,0.252809,1.47903,0.3,0.716724,,,4.59209,-0.0148087,-0.0293315,999,,,,,,,42.7,4.2700000000000005,44,4.4,,,,,,,,,,,,,,,,,,,"Tayler Scott","13652",605463
"Jake Bloss","TOR",0,1,,4.77762,8,0,0,1,,8,36,8,5,4,1,3,,0,6,6.97274,3.87374,1.8,1.42037,0.174194,0.0967742,0.07741937041282654,0.258065,1.46341,0.285047,0.715935,,,4.97158,-0.0151316,-0.0345895,999,,,,,,,33.10000000000001,4.137500000000001,34,4.25,,,,,,,,,,,,,,,,,,,"Jake Bloss","33168",814005
"Carson Seymour","SFG",1,1,,4.22819,15,0,0,1,,15,66,15,8,7,2,5,,1,12,7.16203,3.279,2.18421,1.03547,0.181619,0.083151,0.09846828877925873,0.254854,1.37104,0.293375,0.713154,,,4.3336,-0.0151515,-0.0210477,999,,,,,,,57.400000000000006,3.826666666666667,59,3.933333333333333,,,,,,,,,,,,,,,,,,,"Carson Seymour","30084",693313
"Luis Curvelo","TEX",2,2,,4.88246,34,0,0,1,,34,148,32,20,18,5,14,,2,30,7.97468,3.74322,2.13043,1.30199,0.20332,0.0954357,0.10788381844758987,0.242991,1.35624,0.280255,0.673981,,,4.70837,-0.0158865,-0.1137,999,,,,,,,122.90000000000002,3.6147058823529417,121,3.5588235294117645,,,,,,,,,,,,,,,,,,,"Luis Curvelo","24710",681168
"Corbin Martin","CHC",1,1,,4.68582,10,0,0,1,,10,44,9,6,5,1,5,,0,9,8.24057,4.68582,1.75862,1.13106,0.206478,0.117409,0.08906882256269455,0.240741,1.45422,0.28481,0.702247,,,4.60731,-0.0160793,-0.033494,999,,,,,,,45.300000000000004,4.53,44,4.4,,,,,,,,,,,,,,,,,,,"Corbin Martin","19884",656686
"Rafael Montero","NYY",1,1,,4.56389,24,0,0,1,,24,105,22,13,12,3,13,,1,22,8.21501,4.74645,1.73077,1.09533,0.208333,0.12037,0.08796297013759613,0.244681,1.46045,0.291971,0.707547,,,4.59558,-0.0164145,-0.0444212,999,,,,,,,89.50000000000001,3.7291666666666674,87,3.625,,,,,,,,,,,,,,,,,,,"Rafael Montero","12760",606160
"Matt Pushard","STL",4,4,,4.16667,52,0,0,7,,52,222,50,26,24,7,19,,2,45,7.83333,3.33333,2.35,1.16667,0.203463,0.0865801,0.11688310652971268,0.248804,1.33333,0.290323,0.723473,,,4.3018,-0.0164155,-0.0169407,999,,,,,,,223.70000000000005,4.301923076923078,224,4.3076923076923075,,,,,,,,,,,,,,,,,,,"Matt Pushard","sa3019955",690155
"Shane Murphy","CHW",1,1,,4.84615,17,0,0,1,,17,73,19,10,9,3,4,,0,11,5.88462,1.99038,2.95652,1.55769,0.153153,0.0518018,0.10135136172175407,0.27381,1.32692,0.290419,0.682624,,,4.76975,-0.0168227,-0.0517311,999,,,,,,,53.50000000000001,3.147058823529412,60,3.5294117647058822,,,,,,,,,,,,,,,,,,,"Shane Murphy","sa3020389",690294
"Nolan Hoffman","PHI",1,1,,4.9556,12,0,0,1,,12,54,12,7,7,2,5,,1,12,8.63233,3.99645,2.16,1.27886,0.214286,0.0992064,0.115079365670681,0.248869,1.42096,0.295597,0.668605,,,4.71595,-0.0169252,-0.0268305,999,,,,,,,43.000000000000014,3.5833333333333344,44,3.6666666666666665,,,,,,,,,,,,,,,,,,,"Nolan Hoffman","23381",676510
"Wilber Dotel","PIT",1,1,,4.60916,14,0,0,1,,14,62,14,8,7,2,5,,1,11,6.95418,3.39623,2.04762,1.21294,0.174797,0.0853659,0.08943089097738266,0.257336,1.40162,0.289474,0.696296,,,4.66254,-0.0178639,-0.0257053,999,,,,,,,50.6,3.6142857142857143,52,3.7142857142857144,,,,,,,,,,,,,,,,,,,"Wilber Dotel","sa3015163",696062
"Will Klein","LAD",3,4,,4.79574,52,0,0,8,,52,236,46,30,28,6,32,,3,54,9.43162,5.59503,1.68571,0.959147,0.231373,0.137255,0.0941176563501358,0.230415,1.50977,0.289474,0.691906,,,4.44952,-0.0179848,-0.12547,999,,,,,,,226.4,4.353846153846154,217,4.173076923076923,,,,,,,,,,,,,,,,,,,"Will Klein","27787",694361
"Jake Bennett","BOS",1,1,,4.68053,24,0,0,1,,24,105,26,14,12,3,8,,1,16,6.15156,2.94205,2.09091,1.20357,0.156463,0.0748299,0.08163265138864517,0.266667,1.39673,0.293023,0.687961,,,4.57644,-0.0181796,-0.0533256,999,,,,,,,82.10000000000002,3.4208333333333343,90,3.75,,,,,,,,,,,,,,,,,,,"Jake Bennett","sa3020737",687562
"Josh Simpson","SEA",1,1,,4.5,16,0,0,1,,16,71,15,9,8,2,9,,1,16,9.16667,4.83333,1.89655,1,0.229167,0.120833,0.10833334922790527,0.236715,1.44444,0.294521,0.704023,,,4.37588,-0.0191876,-0.0559866,999,,,,,,,60.80000000000001,3.8000000000000007,60,3.75,,,,,,,,,,,,,,,,,,,"Josh Simpson","25957",681006
"Rico Garcia","BAL",2,2,,4.39024,56,0,0,10,,56,245,53,29,27,8,26,,1,59,9.45591,4.22139,2.24,1.35084,0.240343,0.107296,0.1330472156405449,0.241546,1.40713,0.293706,0.736677,,,4.44846,-0.0193822,-0.0611627,999,,,,,,,255.2000000000001,4.557142857142859,253,4.517857142857143,,,,,,,,,,,,,,,,,,,"Rico Garcia","20023",670329
"Jackson Kowar","BAL",1,1,,4.73684,21,0,0,1,,21,95,20,12,11,3,10,,2,20,8.42105,4.38596,1.92,1.22807,0.206897,0.107759,0.09913792461156845,0.246305,1.46199,0.290541,0.705521,,,4.73358,-0.0196161,-0.0594393,999,,,,,,,74.5,3.5476190476190474,74,3.5238095238095237,,,,,,,,,,,,,,,,,,,"Jackson Kowar","21549",663804
"Guillo Zuñiga","SEA",0,1,,4.70455,8,0,0,1,,8,35,7,5,4,1,4,,1,7,7.97727,4.29545,1.85714,1.22727,0.201031,0.108247,0.09278350323438644,0.242604,1.40909,0.282258,0.690298,,,4.83968,-0.0198097,-0.0442126,999,,,,,,,31.700000000000006,3.962500000000001,30,3.75,,,,,,,,,,,,,,,,,,,"Guillo Zuniga","19588",670871
"Daniel Espino","CLE",1,1,,4.27259,23,0,0,0,,23,101,21,12,11,4,12,,0,25,9.92343,4.68606,2.11765,1.37825,0.25,0.118056,0.1319444477558136,0.237154,1.43951,0.292398,0.75,,,4.5287,-0.0198187,-0.0285132,999,,,,,,,80.4,3.4956521739130437,77,3.347826086956522,,,,,,,,,,,,,,,,,,,"Daniel Espino","sa3011495",682982
"Lazaro Estrada","TOR",1,1,,4.66742,21,0,0,1,,21,91,21,12,11,3,7,,1,18,7.71139,2.84104,2.71429,1.42052,0.197917,0.0729167,0.1250000074505806,0.253561,1.31905,0.287356,0.687885,,,4.58948,-0.0200469,-0.0562981,999,,,,,,,79.9,3.804761904761905,82,3.9047619047619047,,,,,,,,,,,,,,,,,,,"Lazaro Estrada","24914",681751
"Riley Martin","CHC",1,1,,4.42105,20,0,0,1,,20,89,17,11,10,2,12,,1,21,9.47368,5.21053,1.81818,1.10526,0.237154,0.130435,0.10671937465667725,0.225806,1.4386,0.28,0.720222,,,4.5211,-0.020106,-0.036303,999,,,,,,,86.2,4.3100000000000005,81,4.05,,,,,,,,,,,,,,,,,,,"Riley Martin","sa3017601",702303
"Robinson Ortiz","SEA",2,2,,4.43787,40,0,0,1,,40,177,35,21,20,4,21,,3,39,8.87574,4.7929,1.85185,0.887574,0.223214,0.120536,0.102678582072258,0.227979,1.40039,0.282609,0.6875,,,4.27912,-0.0202063,-0.0909073,999,,,,,,,165.8,4.1450000000000005,158,3.95,,,,,,,,,,,,,,,,,,,"Robinson Ortiz","sa3004006",673662
"Cameron Foster","BAL",2,2,,4.47514,32,0,0,1,,32,141,33,17,16,5,12,,1,28,7.9558,3.48066,2.28571,1.32597,0.200837,0.0878661,0.11297070235013962,0.258065,1.41805,0.298137,0.729483,,,4.49794,-0.0208923,-0.0505504,999,,,,,,,110.50000000000001,3.4531250000000004,116,3.625,,,,,,,,,,,,,,,,,,,"Cameron Foster","sa3020735",671382
"Angel Bastardo","TOR",1,1,,4.44156,23,0,0,1,,23,102,22,12,11,3,10,,1,21,8.06493,4.09091,1.97143,1.28571,0.202346,0.102639,0.0997067466378212,0.247525,1.42857,0.286996,0.729387,,,4.68059,-0.0212757,-0.0263314,999,,,,,,,89.10000000000001,3.8739130434782614,89,3.869565217391304,,,,,,,,,,,,,,,,,,,"Angel Bastardo","sa3009716",682785
"Caleb Kilian","SFG",1,1,,4.60882,18,0,0,1,,18,80,19,10,9,2,6,,1,13,6.40114,3.20057,2,1.02418,0.160256,0.0801282,0.08012820780277252,0.265957,1.42248,0.299107,0.686937,,,4.47226,-0.0213327,-0.0376593,999,,,,,,,68.20000000000002,3.7888888888888896,73,4.055555555555555,,,,,,,,,,,,,,,,,,,"Caleb Kilian","26213",668873
"Chris Murphy","CHW",2,2,,4.60026,40,0,0,1,,40,177,38,22,20,5,20,,3,35,7.78506,4.48231,1.73684,1.0616,0.195846,0.11276,0.0830860584974289,0.245734,1.44168,0.288991,0.698152,,,4.66856,-0.0218199,-0.0749756,999,,,,,,,140.7,3.5174999999999996,140,3.5,,,,,,,,,,,,,,,,,,,"Chris Murphy","26214",669684
"Daniel Lynch IV","KCR",2,3,,4.34738,59,0,0,11,,59,256,61,31,28,8,20,,2,45,6.93731,3.05242,2.27273,1.20247,0.177305,0.0780142,0.09929078072309494,0.259067,1.36691,0.291946,0.714286,,,4.47121,-0.0223261,0.00077165,999,,,,,,,247.60000000000005,4.196610169491526,259,4.389830508474576,,,,,,,,,,,,,,,,,,,"Daniel Lynch IV","21537",663738
"Brycen Mautz","STL",1,1,,4.64183,16,0,0,1,,16,70,16,9,8,2,6,,1,13,7.39255,3.18052,2.32432,1.2894,0.187773,0.080786,0.10698691010475159,0.256039,1.36581,0.290735,0.696721,,,4.61556,-0.0224397,-0.0362096,999,,,,,,,61.20000000000001,3.8250000000000006,63,3.9375,,,,,,,,,,,,,,,,,,,"Brycen Mautz","sa3020710",802408
"Chayce McDermott","BAL",2,2,,4.67089,24,0,0,1,,24,106,23,13,12,3,12,,1,23,8.77215,4.44304,1.97436,1.25316,0.22063,0.111748,0.10888252407312393,0.245098,1.44304,0.293578,0.709939,,,4.62881,-0.0227666,-0.0457134,999,,,,,,,91.90000000000002,3.8291666666666675,92,3.8333333333333335,,,,,,,,,,,,,,,,,,,"Chayce McDermott","29866",694646
"Craig Kimbrel","NYM",2,3,,4.4,34,0,0,1,,34,148,29,18,17,5,19,,2,40,10.6,5,2.12,1.2,0.270408,0.127551,0.1428571492433548,0.22619,1.4,0.293578,0.714286,,,4.37958,-0.0233482,-0.0488502,999,,,,,,,135.70000000000002,3.9911764705882358,126,3.7058823529411766,,,,,,,,,,,,,,,,,,,"Craig Kimbrel","6655",518886
"Tyson Miller","CHW",1,1,,5.32544,15,0,0,1,,15,67,15,9,9,2,7,,1,13,7.63314,4.43787,1.72,1.2426,0.189427,0.110132,0.07929515093564987,0.252525,1.47929,0.290541,0.659509,,,4.94973,-0.0236936,-0.0510181,999,,,,,,,53.400000000000006,3.5600000000000005,55,3.6666666666666665,,,,,,,,,,,,,,,,,,,"Tyson Miller","19976",668338
"Ty Adcock","SDP",1,1,,4.33428,26,0,0,1,,26,113,25,13,13,4,10,,1,24,8.15864,3.56941,2.28571,1.27479,0.20915,0.0915033,0.11764706671237946,0.246377,1.35977,0.287129,0.731707,,,4.43825,-0.0241713,-0.0152027,999,,,,,,,97.19999999999999,3.738461538461538,97,3.730769230769231,,,,,,,,,,,,,,,,,,,"Ty Adcock","25651",686654
"Daysbel Hernández","ATL",2,3,,4.46953,33,0,0,1,,33,146,28,18,16,4,19,,2,35,9.54853,5.28217,1.80769,1.0158,0.239796,0.132653,0.1071428656578064,0.227545,1.4447,0.286957,0.701754,,,4.44439,-0.0242039,-0.0426857,999,,,,,,,133.20000000000005,4.036363636363638,124,3.757575757575758,,,,,,,,,,,,,,,,,,,"Daysbel Hernandez","20271",678226
"Nick Anderson","ATH",1,1,,4.79419,24,0,0,1,,24,106,25,14,13,4,10,,1,22,8.28087,3.7046,2.23529,1.52542,0.20765,0.0928962,0.1147540956735611,0.260606,1.45278,0.3,0.717131,,,4.80584,-0.0248728,-0.0588258,999,,,,,,,78.40000000000003,3.266666666666668,83,3.4583333333333335,,,,,,,,,,,,,,,,,,,"Nick Anderson","18337",623433
"Tyler Mattison","DET",1,1,,4.82574,11,0,0,1,,11,49,11,6,6,2,6,,0,10,8.20375,4.58445,1.78947,1.44772,0.204819,0.114458,0.09036143869161606,0.253425,1.50134,0.292453,0.714286,,,5.01181,-0.0249234,-0.0190968,999,,,,,,,34.2,3.1090909090909093,35,3.1818181818181817,,,,,,,,,,,,,,,,,,,"Tyler Mattison","sa3018117",694331
"Ryan Loutos","SEA",1,1,,4.5,25,0,0,1,,25,109,25,13,12,3,10,,1,21,7.71429,3.69643,2.08696,1.125,0.195918,0.0938776,0.10204081237316132,0.25,1.39286,0.290909,0.703812,,,4.38514,-0.0249242,-0.0527145,999,,,,,,,96.1,3.844,99,3.96,,,,,,,,,,,,,,,,,,,"Ryan Loutos","29521",702795
"Peter Lambert","HOU",0,0,,5.58923,12,0,0,1,,12,58,13,8,7,2,6,,1,11,8.37549,4.49478,1.86338,1.37851,0.192943,0.103545,0.08939865231513977,0.254136,1.58204,0.292628,0.659426,,,4.95482,-0.024937,-0.0670361,999,,,,,,,35.40000000000002,2.9500000000000015,39,3.25,,,,,,,,,,,,,,,,,,,"Peter Lambert","17969",663567
"Josh Ekness","MIA",1,2,,4.64088,22,0,0,1,,22,99,21,12,11,2,10,,4,20,8.12155,4.14365,1.96,0.994475,0.2,0.102041,0.09795918315649033,0.241706,1.39963,0.288462,0.680473,,,4.64527,-0.0250772,-0.025326,999,,,,,,,85.60000000000002,3.890909090909092,86,3.909090909090909,,,,,,,,,,,,,,,,,,,"Josh Ekness","sa3023204",694795
"Jack Neely","CHC",1,0,,4.57627,16,0,0,1,,16,71,14,9,8,2,8,,1,17,9.37046,4.57627,2.04762,1.30751,0.234973,0.114754,0.12021858245134354,0.232704,1.40436,0.281818,0.705645,,,4.68477,-0.0250986,-0.0351972,999,,,,,,,68.4,4.275,65,4.0625,,,,,,,,,,,,,,,,,,,"Jack Neely","30106",680891
"Luinder Avila","KCR",2,3,,4.46097,42,0,0,1,,42,185,40,22,21,5,18,,3,36,7.69517,3.90335,1.97143,1.00372,0.194366,0.0985916,0.09577463567256927,0.245223,1.38786,0.288136,0.694165,,,4.39908,-0.0253818,-0.0268336,999,,,,,,,158.3,3.7690476190476194,158,3.761904761904762,,,,,,,,,,,,,,,,,,,"Luinder Avila","24452",679883
"Chase Shugart","PHI",3,3,,4.77612,42,0,0,1,,42,182,42,24,22,6,16,,2,33,7.16418,3.43284,2.08696,1.34328,0.183908,0.0881226,0.09578543901443481,0.255319,1.37645,0.286517,0.681818,,,4.77693,-0.0258169,-0.0790421,999,,,,,,,143.8,3.423809523809524,148,3.5238095238095237,,,,,,,,,,,,,,,,,,,"Chase Shugart","21544",663767
"Brandan Bidois","PIT",3,4,,4.3125,42,0,0,1,,42,185,38,22,20,5,21,,2,40,8.625,4.5,1.91667,1.125,0.218009,0.113744,0.10426539927721024,0.237838,1.41667,0.285714,0.721476,,,4.46847,-0.0258384,-0.0175404,999,,,,,,,165.5,3.9404761904761907,160,3.8095238095238093,,,,,,,,,,,,,,,,,,,"Brandan Bidois","sa3015277",684049
"Kaleb Ort","LAA",1,1,,5.03356,13,0,0,1,,13,57,12,8,7,2,7,,0,13,8.65772,4.83221,1.79167,1.4094,0.220513,0.123077,0.09743589907884598,0.241176,1.45414,0.283333,0.688406,,,4.92485,-0.0258717,-0.0480882,999,,,,,,,49.39999999999999,3.7999999999999994,48,3.6923076923076925,,,,,,,,,,,,,,,,,,,"Kaleb Ort","20061",672391
"Domingo Gonzalez","SEA",1,1,,4.44634,18,0,0,1,,18,79,17,10,9,2,8,,2,16,7.97274,3.98637,2,1.07325,0.202335,0.101167,0.10116731375455856,0.24,1.36286,0.283133,0.698006,,,4.54911,-0.0262246,-0.0589069,999,,,,,,,70.40000000000002,3.9111111111111123,70,3.888888888888889,,,,,,,,,,,,,,,,,,,"Domingo Gonzalez","sa3007495",682445
"Kendall Graveman",,2,2,,4.33428,36,0,0,0,,36,163,36,18,17,4,18,,2,33,8.15864,4.58924,1.77778,1.01983,0.2,0.1125,0.08750001341104507,0.25,1.50142,0.298077,0.738397,,,4.49491,-0.0264159,0.0955771,999,,,,,,,129.60000000000005,3.6000000000000014,134,3.7222222222222223,,,,,,,,,,,,,,,,,,,"Kendall Graveman","15514",608665
"Andrew Walters","CLE",2,2,,4.15704,38,0,0,1,,38,164,31,19,18,5,20,,3,45,10.6005,4.7806,2.21739,1.24711,0.272727,0.122995,0.14973262697458267,0.217391,1.33949,0.278846,0.725806,,,4.38225,-0.0267033,-0.0212919,999,,,,,,,164.1,4.318421052631579,150,3.9473684210526314,,,,,,,,,,,,,,,,,,,"Andrew Walters","33834",689958
"Blas Castaño","SEA",0,1,,4.71028,9,0,0,1,,9,40,9,5,5,1,3,,1,6,6.2243,3.28037,1.89744,1.17757,0.155789,0.0821053,0.0736842155456543,0.259434,1.39252,0.285714,0.680062,,,4.8828,-0.026787,-0.0294535,999,,,,,,,34.90000000000001,3.877777777777779,36,4,,,,,,,,,,,,,,,,,,,"Blas Castano","26117",680604
"Joey Lucchesi","SFG",2,1,,4.22425,38,0,0,1,,38,165,39,19,18,4,14,,1,27,6.45372,3.28553,1.96429,1.05606,0.165165,0.0840841,0.0810810774564743,0.260726,1.39505,0.292887,0.720339,,,4.3998,-0.0269894,-0.0138773,999,,,,,,,143.6,3.7789473684210524,151,3.973684210526316,,,,,,,,,,,,,,,,,,,"Joey Lucchesi","19320",664192
"Scott Blewett","STL",1,1,,4.38356,24,0,0,1,,24,105,25,13,12,3,9,,1,17,6.43836,3.28767,1.95833,1.09589,0.163763,0.0836237,0.08013938367366791,0.260536,1.4003,0.291262,0.705446,,,4.47456,-0.0272671,-0.038866,999,,,,,,,83.70000000000002,3.4875000000000007,89,3.7083333333333335,,,,,,,,,,,,,,,,,,,"Scott Blewett","16427",656240
"Alek Jacob","SDP",1,2,,4.73684,35,0,0,1,,35,152,33,20,18,5,15,,3,31,8.05263,3.78947,2.125,1.26316,0.205645,0.0967742,0.1088709756731987,0.242009,1.35088,0.28125,0.683891,,,4.69654,-0.0275424,-0.0990837,999,,,,,,,123.7,3.5342857142857143,122,3.4857142857142858,,,,,,,,,,,,,,,,,,,"Alek Jacob","29628",689690
"Adam Macko","TOR",1,1,,4.75561,18,0,0,1,,18,80,17,10,10,3,8,,2,16,7.84676,3.92338,2,1.30779,0.197015,0.0985075,0.09850747138261795,0.247458,1.40026,0.284404,0.695364,,,4.86565,-0.0277234,-0.0394466,999,,,,,,,58.10000000000001,3.2277777777777783,57,3.1666666666666665,,,,,,,,,,,,,,,,,,,"Adam Macko","sa3011555",671936
"Juan Morillo","ARI",2,1,,4.18605,30,0,0,1,,30,138,29,15,14,3,17,,1,29,8.56237,5.13742,1.66667,0.951374,0.207373,0.124424,0.08294931054115295,0.244681,1.54334,0.297101,0.742424,,,4.44592,-0.0277698,0.00482994,999,,,,,,,117.69999999999999,3.923333333333333,119,3.966666666666667,,,,,,,,,,,,,,,,,,,"Juan Morillo","21924",666661
"Andrew Hoffmann","ARI",3,2,,4.05405,34,0,0,1,,34,149,34,17,15,4,13,,1,31,8.10811,3.4749,2.33333,1.1583,0.205882,0.0882353,0.11764706671237946,0.250814,1.37709,0.295154,0.741935,,,4.28057,-0.0278014,0.00547394,999,,,,,,,138.00000000000003,4.058823529411765,142,4.176470588235294,,,,,,,,,,,,,,,,,,,"Andrew Hoffmann","29633",694851
"Yilber Díaz","ARI",1,1,,4.1637,23,0,0,1,,23,102,21,11,11,3,11,,1,22,8.64769,4.48399,1.92857,1.06762,0.217158,0.112601,0.10455764830112457,0.238532,1.42349,0.288136,0.735849,,,4.39255,-0.0278449,0.0188524,999,,,,,,,90.70000000000002,3.9434782608695658,88,3.8260869565217392,,,,,,,,,,,,,,,,,,,"Yilber Diaz","29271",700270
"Austin Love","STL",1,2,,4.52119,22,0,0,1,,22,97,22,12,11,3,10,,1,19,7.62951,3.95604,1.92857,1.1303,0.191489,0.0992908,0.09219858050346375,0.252,1.42857,0.292553,0.701754,,,4.57941,-0.0281064,-0.0382053,999,,,,,,,77.7,3.5318181818181817,80,3.6363636363636362,,,,,,,,,,,,,,,,,,,"Austin Love","sa3017609",676153
"Joel Hurtado","LAA",0,1,,5.51839,8,0,0,1,,8,36,9,5,5,1,3,,1,5,5.41806,3.81271,1.42105,1.40468,0.132029,0.0929095,0.039119817316532135,0.277473,1.54961,0.293919,0.670017,,,5.46513,-0.0283584,-0.0319063,999,,,,,,,25.500000000000007,3.187500000000001,29,3.625,,,,,,,,,,,,,,,,,,,"Joel Hurtado","sa3019774",805871
"Yunior Marte","CIN",0,1,,5.4047,16,0,0,1,,16,73,17,10,10,3,8,,1,14,7.75457,4.22976,1.83333,1.40992,0.189655,0.103448,0.08620690554380417,0.261438,1.51436,0.298246,0.665323,,,5.09336,-0.0284599,-0.046241,999,,,,,,,42.3,2.64375,46,2.875,,,,,,,,,,,,,,,,,,,"Yunior Marte","14416",628708
"Karson Milbrandt","MIA",0,1,,5,12,0,0,1,,12,55,12,7,7,2,6,,1,10,7.5,4.8,1.5625,1.2,0.183374,0.117359,0.06601467728614807,0.251412,1.52222,0.28839,0.690516,,,5.03514,-0.0294682,-0.0273868,999,,,,,,,36.000000000000014,3.0000000000000013,37,3.0833333333333335,,,,,,,,,,,,,,,,,,,"Karson Milbrandt","sa3020659",703596
"Jose Franco","CIN",1,1,,5.48276,14,0,0,1,,14,63,14,9,9,2,7,,1,12,7.86207,4.34483,1.80952,1.55172,0.194872,0.107692,0.08717948943376541,0.258721,1.50575,0.29249,0.672727,,,5.2156,-0.0303994,-0.0476207,999,,,,,,,46.6,3.3285714285714287,48,3.4285714285714284,,,,,,,,,,,,,,,,,,,"Jose Franco","sa3008714",683742
"James Karinchak","ATL",2,1,,4.35835,30,0,0,1,,30,129,25,16,15,4,17,,1,35,10.46,5.23002,2,1.30751,0.269663,0.134831,0.13483145833015442,0.222222,1.40436,0.282828,0.725806,,,4.51528,-0.0310428,-0.027819,999,,,,,,,127.80000000000001,4.260000000000001,118,3.933333333333333,,,,,,,,,,,,,,,,,,,"James Karinchak","20151",675916
"Génesis Cabrera","PHI",0,1,,4.99044,16,0,0,1,,16,69,16,9,9,3,7,,1,15,8.26004,3.95793,2.08696,1.54876,0.211454,0.101322,0.11013215780258179,0.253731,1.41491,0.291667,0.700326,,,5.02806,-0.0318638,-0.0258576,999,,,,,,,49.9,3.11875,51,3.1875,,,,,,,,,,,,,,,,,,,"Genesis Cabrera","17490",650893
"Hunter Bigge","TBR",1,3,,4.28571,52,0,0,7,,52,230,48,26,25,7,26,,1,52,9.07563,4.53782,2,1.2605,0.227848,0.113924,0.1139240562915802,0.23741,1.42857,0.285714,0.75,,,4.5357,-0.0321467,-0.0124983,999,,,,,,,224.90000000000003,4.325000000000001,220,4.230769230769231,,,,,,,,,,,,,,,,,,,"Hunter Bigge","26259",685801
"Walbert Urena","LAA",1,1,,5.40152,12,0,0,1,,12,55,13,8,7,2,6,,1,9,6.46661,4.64074,1.39344,1.21724,0.157407,0.112963,0.04444444179534912,0.26327,1.56382,0.291892,0.664207,,,5.20614,-0.0322913,-0.0628392,999,,,,,,,31.40000000000002,2.6166666666666685,35,2.9166666666666665,,,,,,,,,,,,,,,,,,,"Walbert Urena","sa3018298",700712
"Alex Hoppe","SEA",1,1,,4.42373,22,0,0,1,,22,97,21,12,11,3,10,,1,21,8.38983,4.27119,1.96429,1.22034,0.210728,0.10728,0.10344827175140381,0.246753,1.44068,0.291667,0.731707,,,4.55887,-0.0328074,-0.0647374,999,,,,,,,84.30000000000001,3.8318181818181825,84,3.8181818181818183,,,,,,,,,,,,,,,,,,,"Alex Hoppe","sa3020836",695380
"Seth Johnson","PHI",1,2,,5.03587,18,0,0,1,,18,80,18,11,10,3,9,,0,16,8.13486,4.26112,1.90909,1.42037,0.202572,0.106109,0.09646301716566086,0.256318,1.49211,0.295566,0.699774,,,4.84245,-0.0329451,-0.0550663,999,,,,,,,58.500000000000014,3.250000000000001,60,3.3333333333333335,,,,,,,,,,,,,,,,,,,"Seth Johnson","26020",686751
"Tayler Saucedo","LAA",1,2,,4.86487,32,0,0,1,,32,144,32,18,17,4,15,,3,29,8.10811,4.32432,1.875,1.08108,0.2,0.106667,0.09333332628011703,0.251908,1.47147,0.298969,0.691244,,,4.60661,-0.0330738,-0.0672307,999,,,,,,,112.40000000000002,3.5125000000000006,116,3.625,,,,,,,,,,,,,,,,,,,"Tayler Saucedo","17888",642048
"Dylan Coleman","NYY",1,1,,5.35411,10,0,0,1,,10,47,8,7,6,1,8,,1,10,8.92351,7.13881,1.25,1.01983,0.212121,0.169697,0.04242423176765442,0.227273,1.64306,0.27957,0.667939,,,5.42975,-0.0332363,-0.0671271,999,,,,,,,37.900000000000006,3.7900000000000005,34,3.4,,,,,,,,,,,,,,,,,,,"Dylan Coleman","22276",669395
"Hunter Strickland","LAA",1,1,,5.05855,16,0,0,1,,16,70,16,10,9,2,7,,1,12,6.74473,4.21546,1.6,1.26464,0.171123,0.106952,0.06417112052440643,0.260606,1.47541,0.291339,0.677656,,,5.00867,-0.0335628,-0.0638126,999,,,,,,,56.20000000000001,3.5125000000000006,58,3.625,,,,,,,,,,,,,,,,,,,"Hunter Strickland","7836",519326
"Marco Raya","MIN",1,1,,4.88298,22,0,0,1,,22,99,22,13,12,3,11,,2,18,7.46809,4.30851,1.73333,1.14894,0.184397,0.106383,0.07801418751478195,0.253369,1.47872,0.291815,0.687398,,,4.79471,-0.0341626,-0.0667759,999,,,,,,,69.7,3.1681818181818184,72,3.272727272727273,,,,,,,,,,,,,,,,,,,"Marco Raya","sa3014550",694397
"Beau Brieske","DET",3,3,,4.81034,50,0,0,4,,50,216,48,29,27,7,22,,1,41,7.44828,4.03448,1.84615,1.24138,0.191235,0.103586,0.087649405002594,0.25,1.41379,0.285714,0.677966,,,4.66962,-0.0342009,-0.192329,999,,,,,,,188.09999999999997,3.761999999999999,188,3.76,,,,,,,,,,,,,,,,,,,"Beau Brieske","26079",689225
"Packy Naughton","STL",0,0,,5.58923,14,0,0,1,,14,68,15,10,9,2,7,,1,13,8.37549,4.49478,1.86338,1.37851,0.192943,0.103545,0.08939865976572037,0.254136,1.58204,0.292628,0.659426,,,4.95482,-0.0346299,-0.0964709,999,,,,,,,46.00000000000003,3.285714285714288,50,3.5714285714285716,,,,,,,,,,,,,,,,,,,"Packy Naughton","23292",676050
"Michael Tonkin","MIN",2,1,,4.47419,33,0,0,0,,33,142,32,18,16,4,11,,4,30,8.08795,3.09751,2.61111,1.20459,0.208889,0.08,0.12888889014720917,0.253731,1.31931,0.29932,0.692568,,,4.45445,-0.0346488,-0.0806604,999,,,,,,,126.80000000000005,3.842424242424244,128,3.878787878787879,,,,,,,,,,,,,,,,,,,"Michael Tonkin","10315",543859
"Connor Phillips","CIN",3,4,,4.91741,56,0,0,7,,56,248,50,33,31,8,29,,4,59,9.49174,4.68869,2.02439,1.25794,0.238506,0.117816,0.12068966031074524,0.232558,1.41042,0.285024,0.679916,,,4.6345,-0.0348042,-0.104342,999,,,,,,,233.0000000000001,4.160714285714287,223,3.982142857142857,,,,,,,,,,,,,,,,,,,"Connor Phillips","27649",683175
"Drew Smith","WSN",1,2,,4.78992,21,0,0,1,,21,92,20,12,11,4,10,,1,21,9.07563,4.28571,2.11765,1.51261,0.230769,0.108974,0.12179486453533173,0.246377,1.42857,0.291667,0.704225,,,4.81581,-0.0348602,-0.0453785,999,,,,,,,67.2,3.2,66,3.142857142857143,,,,,,,,,,,,,,,,,,,"Drew Smith","17755",622098
"Garrett Acton","MIA",1,1,,4.87427,20,0,0,1,,20,88,20,12,11,3,9,,0,19,8.3559,4.17795,2,1.39265,0.210526,0.105263,0.10526315867900848,0.256158,1.47002,0.29932,0.709877,,,4.74055,-0.0360011,-0.0555574,999,,,,,,,74.1,3.7049999999999996,76,3.8,,,,,,,,,,,,,,,,,,,"Garrett Acton","27583",670183
"Logan Gillaspie","SDP",1,1,,4.63122,24,0,0,1,,24,105,25,13,12,3,8,,1,17,6.48371,3.08748,2.1,1.23499,0.164706,0.0784314,0.08627451211214066,0.261803,1.38937,0.289617,0.702006,,,4.61026,-0.0364131,-0.0455545,999,,,,,,,86.70000000000002,3.6125000000000007,92,3.8333333333333335,,,,,,,,,,,,,,,,,,,"Logan Gillaspie","22461",670810
"Griff McGarry","WSN",2,2,,4.68053,52,0,0,7,,52,236,45,29,27,6,33,,4,59,10.2972,5.75037,1.7907,1.06984,0.252459,0.140984,0.11147542297840118,0.225681,1.50074,0.290698,0.701559,,,4.53187,-0.0364952,-0.0907707,999,,,,,,,229,4.403846153846154,217,4.173076923076923,,,,,,,,,,,,,,,,,,,"Griff McGarry","sa3017130",676046
"Keegan Thompson","COL",3,4,,4.76726,55,0,0,9,,55,241,53,32,29,8,25,,4,52,8.52327,4.04494,2.10714,1.30016,0.216117,0.102564,0.11355310678482056,0.25,1.41252,0.296512,0.689655,,,4.70817,-0.0365769,0.0452667,999,,,,,,,223.8,4.069090909090909,224,4.072727272727272,,,,,,,,,,,,,,,,,,,"Keegan Thompson","19795",624522
"Juan Sanchez","SFG",0,0,,5.58923,14,0,0,1,,14,68,15,10,9,2,7,,1,13,8.37549,4.49478,1.86338,1.37851,0.192943,0.103545,0.08939865976572037,0.254136,1.58204,0.292628,0.659426,,,4.95482,-0.0388572,-0.0972334,999,,,,,,,46.00000000000003,3.285714285714288,50,3.5714285714285716,,,,,,,,,,,,,,,,,,,"Juan Sanchez","sa3005444",678738
"Gavin Hollowell","CHC",1,2,,4.68085,30,0,0,1,,30,133,27,17,16,4,15,,3,29,8.7234,4.46809,1.95238,1.06383,0.218085,0.111702,0.10638297349214554,0.233129,1.3948,0.282051,0.673077,,,4.50629,-0.0389621,-0.0698365,999,,,,,,,110.60000000000001,3.686666666666667,106,3.533333333333333,,,,,,,,,,,,,,,,,,,"Gavin Hollowell","25427",668970
"Brent Suter","LAA",1,2,,4.71204,60,0,0,12,,60,259,63,34,31,8,19,,2,46,6.911,2.82723,2.44444,1.25654,0.178138,0.0728745,0.10526316612958908,0.264317,1.36126,0.297143,0.688623,,,4.46149,-0.0395455,-0.235108,999,,,,,,,258.8,4.3133333333333335,273,4.55,,,,,,,,,,,,,,,,,,,"Brent Suter","13942",608718
"Jaden Woods","PIT",1,2,,4.88136,16,0,0,1,,16,73,16,9,9,2,8,,2,13,7.47458,4.27119,1.75,1.22034,0.182156,0.104089,0.07806692272424698,0.25641,1.49153,0.293785,0.690104,,,5.01649,-0.0396087,-0.0251344,999,,,,,,,52.20000000000001,3.2625000000000006,54,3.375,,,,,,,,,,,,,,,,,,,"Jaden Woods","sa3023064",692243
"Walker Buehler","SDP",2,4,,5.32951,27,5,0,1,,47,210,50,30,28,9,18,,3,39,7.56447,3.52436,2.14634,1.63324,0.188034,0.0876068,0.10042735189199448,0.264286,1.45177,0.29393,0.677831,,,5.18862,-0.0398548,-0.181674,999,,,,,,,126.10000000000002,2.682978723404256,137,2.9148936170212765,,,,,,,,,,,,,,,,,,,"Walker Buehler","19374",621111
"Zach Pop","PHI",1,2,,5.13648,24,0,0,1,,24,107,26,15,14,4,8,,2,18,6.92308,3.12655,2.21429,1.33995,0.173184,0.0782123,0.09497205913066864,0.265432,1.41439,0.296,0.658436,,,4.79767,-0.0403618,-0.0832715,999,,,,,,,70.80000000000004,2.9500000000000015,78,3.25,,,,,,,,,,,,,,,,,,,"Zach Pop","20185",647315
"Cole Wilcox","SEA",2,2,,4.56907,28,0,0,1,,28,123,28,15,14,3,11,,2,21,6.90673,3.40024,2.03125,1.06257,0.175202,0.0862534,0.08894878625869751,0.254491,1.38135,0.289575,0.68932,,,4.44564,-0.040453,-0.0734686,999,,,,,,,104.50000000000001,3.7321428571428577,108,3.857142857142857,,,,,,,,,,,,,,,,,,,"Cole Wilcox","27481",677961
"Steven Wilson","TBR",2,2,,4.72796,43,0,0,1,,43,180,37,24,23,7,19,,2,42,8.78049,4.05253,2.16667,1.5197,0.233184,0.107623,0.12556055188179016,0.234694,1.31332,0.274074,0.696864,,,4.89874,-0.040455,-0.0867811,999,,,,,,,160.90000000000003,3.7418604651162797,149,3.4651162790697674,,,,,,,,,,,,,,,,,,,"Steven Wilson","20353",621051
"Carson Palmquist","COL",1,2,,5.2568,26,0,0,1,,26,118,26,16,15,4,13,,2,24,8.429,4.53172,1.86,1.45015,0.206667,0.111111,0.09555555135011673,0.258312,1.52064,0.301418,0.684292,,,5.13916,-0.0413664,-0.0321744,999,,,,,,,82.6,3.1769230769230767,85,3.269230769230769,,,,,,,,,,,,,,,,,,,"Carson Palmquist","31612",687223
"Kyle Hart","SDP",2,2,,4.57197,40,0,0,1,,40,173,40,22,20,6,14,,3,36,8.04327,3.04798,2.63889,1.35466,0.206074,0.0780911,0.12798265367746353,0.253589,1.33584,0.29316,0.702341,,,4.51801,-0.0426891,-0.0863898,999,,,,,,,143.2,3.5799999999999996,147,3.675,,,,,,,,,,,,,,,,,,,"Kyle Hart","19646",606996
"Troy Taylor","SEA",2,2,,4.61101,34,0,0,1,,34,150,32,19,17,5,15,,3,32,8.5389,4.09867,2.08333,1.19545,0.214592,0.103004,0.11158797889947891,0.240196,1.3852,0.285714,0.696203,,,4.61521,-0.0427793,-0.114895,999,,,,,,,120.90000000000002,3.555882352941177,119,3.5,,,,,,,,,,,,,,,,,,,"Troy Taylor","31883",700187
"Rolddy Muñoz","ATL",1,1,,4.63588,22,0,0,1,,22,99,21,12,11,3,11,,2,20,7.9929,4.47602,1.78571,1.11901,0.19685,0.110236,0.08661418408155441,0.247748,1.47425,0.290909,0.710383,,,4.68043,-0.0428812,-0.0284571,999,,,,,,,76.30000000000001,3.4681818181818187,76,3.4545454545454546,,,,,,,,,,,,,,,,,,,"Rolddy Munoz","27407",691548
"Cam Sanders","PIT",1,3,,4.83333,40,0,0,1,,40,184,37,23,21,4,25,,4,39,8.66667,5.66667,1.52941,1,0.209677,0.137097,0.07258066534996033,0.239234,1.55556,0.291391,0.701058,,,4.82032,-0.0452971,-0.0776829,999,,,,,,,145.60000000000002,3.6400000000000006,143,3.575,,,,,,,,,,,,,,,,,,,"Cam Sanders","23479",676742
"Lucas Sims","CHW",0,1,,6.38298,8,0,0,1,,8,37,7,6,6,1,6,,2,8,8.7234,6.59574,1.32258,1.48936,0.208122,0.15736,0.05076141655445099,0.240506,1.63121,0.281818,0.625,,,6.11386,-0.0453988,-0.0632978,999,,,,,,,24.700000000000006,3.087500000000001,23,2.875,,,,,,,,,,,,,,,,,,,"Lucas Sims","13470",608371
"Jayden Murray","HOU",1,1,,4.58771,30,0,0,1,,30,132,29,17,15,4,12,,3,25,7.55622,3.64318,2.07407,1.21439,0.190476,0.0918367,0.09863945841789246,0.25,1.37931,0.287179,0.692695,,,4.73933,-0.0455506,-0.0758764,999,,,,,,,106.4,3.546666666666667,107,3.566666666666667,,,,,,,,,,,,,,,,,,,"Jayden Murray","26482",681151
"Taylor Clarke","ARI",2,2,,4.27788,52,0,0,7,,52,221,53,27,25,8,15,,2,40,6.91042,2.63254,2.625,1.31627,0.181034,0.0689655,0.11206895858049393,0.261682,1.31627,0.292683,0.723684,,,4.48797,-0.0456283,-0.0218333,999,,,,,,,205.59999999999997,3.953846153846153,213,4.096153846153846,,,,,,,,,,,,,,,,,,,"Taylor Clarke","17611",664199
"Zack Kelly","BOS",3,3,,4.47602,58,0,0,12,,58,253,53,31,29,7,29,,4,56,8.63233,4.47602,1.92857,1.11901,0.219512,0.113821,0.10569106042385101,0.238318,1.4032,0.287582,0.708092,,,4.53833,-0.0458224,-0.00313392,999,,,,,,,266.3,4.591379310344828,260,4.482758620689655,,,,,,,,,,,,,,,,,,,"Zack Kelly","20349",677161
"Spencer Bivens","SFG",3,4,,4.32815,70,0,0,14,,70,306,72,37,34,8,23,,5,51,6.61952,2.92786,2.26087,1.01839,0.168285,0.0744337,0.09385113418102264,0.259786,1.35785,0.294118,0.695755,,,4.32326,-0.0478805,-0.0928309,999,,,,,,,306.40000000000003,4.377142857142857,320,4.571428571428571,,,,,,,,,,,,,,,,,,,"Spencer Bivens","30226",702352
"Victor Mederos","LAA",1,2,,5.12054,24,0,0,1,,24,108,25,15,14,3,10,,3,18,6.68274,3.73192,1.7907,1.30183,0.16453,0.0918803,0.07264956831932068,0.264563,1.46577,0.29375,0.671756,,,5.15057,-0.0480189,-0.0957189,999,,,,,,,76.70000000000002,3.195833333333334,82,3.4166666666666665,,,,,,,,,,,,,,,,,,,"Victor Mederos","31533",682989
"Paul Gervase","LAD",2,2,,4.86911,33,0,0,1,,33,145,29,20,18,5,17,,2,36,9.73822,4.71204,2.06667,1.41361,0.247012,0.119522,0.12749003618955612,0.230415,1.39616,0.280822,0.682493,,,4.79308,-0.0487683,-0.108707,999,,,,,,,126.30000000000004,3.8272727272727285,119,3.606060606060606,,,,,,,,,,,,,,,,,,,"Paul Gervase","31571",801434
"Bailey Horn","DET",2,2,,4.61101,32,0,0,1,,32,142,31,18,16,4,16,,1,29,8.19734,4.61101,1.77778,1.19545,0.205128,0.115385,0.08974360674619675,0.24878,1.48008,0.293333,0.718475,,,4.69111,-0.0487902,-0.0722654,999,,,,,,,118.00000000000003,3.687500000000001,119,3.71875,,,,,,,,,,,,,,,,,,,"Bailey Horn","27753",690544
"Cionel Pérez","WSN",2,1,,4.59574,57,0,1,11,,57,257,55,32,29,5,32,,4,49,7.65957,4.97872,1.53846,0.765957,0.188679,0.122642,0.06603773683309555,0.245902,1.51064,0.294964,0.688073,,,4.39046,-0.0490982,-0.167194,999,,,,,,,256.29999999999995,4.496491228070175,259,4.543859649122807,,,,,,,,,,,,,,,,,,,"Cionel Perez","19614",672335
"Noah Song","BOS",0,1,,5.31729,16,0,0,1,,16,73,17,10,9,2,8,,1,13,7.28665,4.72648,1.54167,1.37856,0.177033,0.114833,0.062200963497161865,0.263736,1.57549,0.297101,0.691318,,,5.27956,-0.0497881,-0.0551214,999,,,,,,,52.60000000000001,3.2875000000000005,57,3.5625,,,,,,,,,,,,,,,,,,,"Noah Song","sa3011695",679977
"Luis Mey","CIN",2,4,,5.26415,34,0,0,1,,34,157,31,22,20,4,22,,3,33,8.83019,5.77358,1.52941,1.18868,0.213115,0.139344,0.07377049326896667,0.239024,1.56604,0.287671,0.669399,,,5.0974,-0.0515423,-0.119735,999,,,,,,,116.80000000000004,3.43529411764706,113,3.323529411764706,,,,,,,,,,,,,,,,,,,"Luis Mey","25620",682825
"Christian Roa","HOU",2,2,,4.387,24,0,0,1,,24,107,22,13,12,3,13,,2,23,8.64106,4.91876,1.75676,1.19646,0.215232,0.122517,0.09271522611379623,0.239382,1.46233,0.286486,0.729167,,,4.84858,-0.0516646,-0.0421804,999,,,,,,,88.50000000000001,3.6875000000000004,86,3.5833333333333335,,,,,,,,,,,,,,,,,,,"Christian Roa","27662",685005
"Sam Bachman","LAA",3,4,,4.5666,50,0,0,4,,50,225,50,27,25,5,24,,4,42,7.61099,4.37632,1.73913,0.951374,0.187793,0.107981,0.0798121988773346,0.252688,1.47992,0.297872,0.698413,,,4.53049,-0.0522513,-0.0776705,999,,,,,,,194.5,3.89,201,4.02,,,,,,,,,,,,,,,,,,,"Sam Bachman","29754",696147
"Albert Suárez","BAL",1,2,,4.86218,25,0,0,1,,25,111,28,15,14,4,9,,1,20,7.24366,3.27453,2.21212,1.48842,0.181141,0.0818859,0.09925558418035507,0.271739,1.46637,0.303571,0.714286,,,4.83304,-0.0532001,-0.0928774,999,,,,,,,77.00000000000001,3.0800000000000005,87,3.48,,,,,,,,,,,,,,,,,,,"Albert Suarez","6175",544150
"Peyton Pallette","CLE",2,2,,4.40758,48,0,0,4,,48,209,43,26,24,7,21,,4,49,9.09953,3.98104,2.28571,1.27962,0.231884,0.101449,0.1304347887635231,0.234568,1.34281,0.282353,0.70442,,,4.52534,-0.0557936,-0.110031,999,,,,,,,196.3,4.089583333333334,188,3.9166666666666665,,,,,,,,,,,,,,,,,,,"Peyton Pallette","sa3020742",688883
"Joey Estes","ATH",2,3,,5.11765,42,0,0,1,,42,181,44,26,24,7,12,,3,29,6.17647,2.55882,2.41379,1.5,0.159453,0.0660592,0.09339407831430435,0.263682,1.32353,0.28254,0.647482,,,5.01749,-0.0565358,-0.147534,999,,,,,,,127.30000000000001,3.0309523809523813,136,3.238095238095238,,,,,,,,,,,,,,,,,,,"Joey Estes","26257",683155
"Luis Guerrero","TBR",1,1,,4.86,22,0,0,1,,22,97,20,13,12,3,12,,2,19,7.92,5.04,1.57143,1.26,0.199095,0.126697,0.07239821553230286,0.238095,1.46,0.275362,0.696203,,,5.11514,-0.0569698,-0.0662917,999,,,,,,,73.9,3.3590909090909093,71,3.227272727272727,,,,,,,,,,,,,,,,,,,"Luis Guerrero","31184",692285
"Tejay Antone","CIN",1,1,,5.76355,22,0,0,1,,22,102,24,15,14,3,11,,2,16,6.65025,4.4335,1.5,1.33005,0.159574,0.106383,0.05319150537252426,0.268293,1.57635,0.296875,0.647482,,,5.35189,-0.0573818,-0.0992804,999,,,,,,,60.50000000000001,2.7500000000000004,68,3.090909090909091,,,,,,,,,,,,,,,,,,,"Tejay Antone","16233",622088
"Gavin Collyer","TEX",1,3,,5.31197,26,0,0,1,,26,119,23,17,15,4,15,,4,26,9.10624,5.31197,1.71429,1.21417,0.220588,0.128676,0.09191177785396576,0.231441,1.48398,0.279503,0.651042,,,5.0407,-0.0584547,-0.139458,999,,,,,,,82.39999999999999,3.169230769230769,77,2.9615384615384617,,,,,,,,,,,,,,,,,,,"Gavin Collyer","sa3011742",686560
"Jayvien Sandridge","LAA",2,2,,4.90909,26,0,0,1,,26,119,22,15,14,4,18,,2,29,10.0227,6.34091,1.58065,1.22727,0.242574,0.153465,0.0891089141368866,0.22619,1.56818,0.283186,0.709571,,,4.99877,-0.0607326,-0.0659904,999,,,,,,,87.99999999999999,3.384615384615384,80,3.076923076923077,,,,,,,,,,,,,,,,,,,"Jayvien Sandridge","25158",682144
"Scott Alexander","SFG",2,2,,4.19825,32,0,0,0,,32,141,35,16,15,4,11,,2,22,6.29738,3.14869,2,1.04956,0.15894,0.0794702,0.0794702023267746,0.270073,1.42857,0.302752,0.737327,,,4.47624,-0.0622957,0.0849575,999,,,,,,,101.60000000000002,3.1750000000000007,113,3.53125,,,,,,,,,,,,,,,,,,,"Scott Alexander","10591",518397
"Eduarniel Núñez","ATH",3,4,,4.61538,50,0,0,4,,50,227,44,28,26,6,32,,5,51,9.23077,5.68047,1.625,1.06509,0.226087,0.13913,0.08695651590824127,0.233161,1.51874,0.288889,0.714286,,,4.81167,-0.0624636,-0.105777,999,,,,,,,188.79999999999998,3.776,179,3.58,,,,,,,,,,,,,,,,,,,"Eduarniel Nunez","23162",674384
"Kyle Keller","BOS",0,0,,5.58923,34,0,0,1,,34,164,37,23,21,5,17,,2,32,8.37549,4.49478,1.86338,1.37851,0.192943,0.103545,0.08939865231513977,0.254136,1.58204,0.292628,0.659426,,,4.95482,-0.0657198,-0.168155,999,,,,,,,104.90000000000002,3.0852941176470594,116,3.411764705882353,,,,,,,,,,,,,,,,,,,"Kyle Keller","18890",664918
"Ryan Harbin","PIT",1,1,,4.80663,26,0,0,1,,26,120,24,15,14,3,17,,2,26,8.95028,5.8011,1.54286,1.16022,0.215139,0.139442,0.07569721341133118,0.241706,1.58379,0.293333,0.721785,,,5.03201,-0.0657268,-0.051977,999,,,,,,,92.1,3.542307692307692,90,3.4615384615384617,,,,,,,,,,,,,,,,,,,"Ryan Harbin","sa3011733",689877
"Dan Altavilla","MIN",1,1,,4.98845,26,0,0,1,,26,116,26,16,14,4,13,,2,20,7.06697,4.57275,1.54545,1.24711,0.176166,0.11399,0.062176160514354706,0.257485,1.50115,0.291339,0.689046,,,5.16747,-0.0662976,-0.0981783,999,,,,,,,74.6,2.869230769230769,77,2.9615384615384617,,,,,,,,,,,,,,,,,,,"Dan Altavilla","16507",656186
"Justin Bruihl","STL",3,3,,4.26035,54,0,0,10,,54,236,52,28,26,6,20,,6,48,7.98817,3.37278,2.36842,1.06509,0.202703,0.0855856,0.11711711436510086,0.248731,1.34122,0.294521,0.704698,,,4.37774,-0.0666724,-0.0263105,999,,,,,,,248.60000000000002,4.6037037037037045,250,4.62962962962963,,,,,,,,,,,,,,,,,,,"Justin Bruihl","23779",677865
"Ryan Rolison","CHC",1,2,,4.64516,36,0,0,1,,36,157,37,20,19,5,13,,1,27,6.82258,3.33871,2.04348,1.30645,0.174074,0.0851852,0.08888889104127884,0.256098,1.3871,0.284211,0.694823,,,4.66739,-0.0666879,-0.0715034,999,,,,,,,124.70000000000003,3.46388888888889,131,3.638888888888889,,,,,,,,,,,,,,,,,,,"Ryan Rolison","22200",669020
"Alexander Alberto","CHW",1,3,,5.4,36,0,0,1,,36,165,35,23,22,4,19,,5,32,7.875,4.725,1.66667,1.125,0.191257,0.114754,0.0765027403831482,0.25,1.5,0.293103,0.641509,,,5.03514,-0.0669215,-0.164904,999,,,,,,,122.20000000000005,3.3944444444444457,124,3.4444444444444446,,,,,,,,,,,,,,,,,,,"Alexander Alberto","sa3015986",693739
"T.J. McFarland",,1,1,,4.54006,24,0,0,0,,24,107,26,13,12,3,8,,1,16,5.87537,2.93769,2,1.06825,0.146667,0.0733333,0.07333333045244217,0.270073,1.42433,0.297297,0.707547,,,4.5298,-0.0675174,-0.0484963,999,,,,,,,78.10000000000002,3.2541666666666678,86,3.5833333333333335,,,,,,,,,,,,,,,,,,,"T.J. McFarland","3237",519008
"Juan Burgos","ARI",2,1,,4.63087,27,0,0,1,,27,121,27,15,14,4,13,,2,21,7.04698,4.22819,1.66667,1.20805,0.175,0.105,0.07000000774860382,0.257143,1.47651,0.291045,0.711806,,,4.99196,-0.0698583,-0.0408371,999,,,,,,,81.40000000000002,3.0148148148148155,84,3.111111111111111,,,,,,,,,,,,,,,,,,,"Juan Burgos","27271",686228
"Samy Natera Jr.","LAA",1,2,,5.4,22,0,0,1,,22,100,21,14,13,4,14,,2,22,9.16364,5.56364,1.64706,1.47273,0.223108,0.135458,0.0876493901014328,0.245283,1.56364,0.292517,0.681199,,,5.35332,-0.0698857,-0.0952494,999,,,,,,,59.00000000000001,2.681818181818182,58,2.6363636363636362,,,,,,,,,,,,,,,,,,,"Samy Natera Jr.","sa3020862",696519
"Mike Clevinger","PIT",2,3,,4.96288,32,2,0,1,,37,163,39,22,21,6,15,,2,28,6.87169,3.53128,1.94595,1.4316,0.173913,0.089372,0.08454106003046036,0.266129,1.44221,0.294737,0.695652,,,5.01212,-0.071344,-0.0331252,745.510009765625,,,,,,,107.6,2.908108108108108,116,3.135135135135135,,,,,,,,,,,,,,,,,,,"Mike Clevinger","12808",605182
"Scott McGough",,1,1,,5.21739,24,0,0,0,,24,107,25,15,14,4,10,,0,22,8.19876,3.91304,2.09524,1.49068,0.204651,0.0976744,0.10697674006223679,0.259067,1.46998,0.297872,0.685619,,,4.83286,-0.0758679,-0.270793,999,,,,,,,77.40000000000003,3.2250000000000014,82,3.4166666666666665,,,,,,,,,,,,,,,,,,,"Scott McGough","12056",543518
"Tayron Guerrero","BOS",0,0,,5.58923,40,0,0,1,,40,193,43,27,25,6,20,,3,37,8.37549,4.49478,1.86338,1.37851,0.192943,0.103545,0.08939865976572037,0.254136,1.58204,0.292628,0.659426,,,4.95482,-0.0773174,-0.196121,999,,,,,,,119.39999999999999,2.985,131,3.275,,,,,,,,,,,,,,,,,,,"Tayron Guerrero","11691",594027
"William Kempner","MIA",1,3,,5.11545,24,0,0,1,,24,109,23,15,14,3,14,,3,22,8.31261,5.11545,1.625,1.27886,0.203125,0.125,0.0781250149011612,0.24537,1.50977,0.288462,0.677507,,,5.26657,-0.0775844,-0.0844563,999,,,,,,,77.90000000000002,3.245833333333334,78,3.25,,,,,,,,,,,,,,,,,,,"William Kempner","sa3020527",687531
"Cade Winquest","NYY",1,2,,5.5516,30,0,0,1,,30,134,31,20,19,5,12,,2,23,6.83274,3.62989,1.88235,1.49466,0.169761,0.0901857,0.07957560569047928,0.258929,1.43535,0.282946,0.641026,,,5.23478,-0.0805191,-0.170972,999,,,,,,,87.9,2.93,93,3.1,,,,,,,,,,,,,,,,,,,"Cade Winquest","sa3020805",685464
"Tyler Phillips","MIA",3,3,,4.31633,68,0,3,15,,68,295,70,35,33,8,24,,2,49,6.52041,3.12245,2.08824,1.10204,0.167059,0.08,0.08705881983041763,0.260309,1.37755,0.291803,0.71066,,,4.41065,-0.0807364,0.185289,999,,,,,,,317.80000000000007,4.673529411764707,331,4.867647058823529,,,,,,,,,,,,,,,,,,,"Tyler Phillips","20629",663969
"Bradley Blalock","MIA",1,2,,5.25068,26,0,0,1,,26,116,28,16,15,4,11,,1,17,5.98906,3.69189,1.62222,1.39471,0.14898,0.0918367,0.05714285373687744,0.271493,1.5041,0.292614,0.679887,,,5.13149,-0.0809923,-0.0840914,999,,,,,,,72.39999999999999,2.7846153846153845,80,3.076923076923077,,,,,,,,,,,,,,,,,,,"Bradley Blalock","26419",687134
"Anthony Banda","MIN",3,2,,4.66071,56,0,0,10,,56,246,54,31,29,8,25,,3,53,8.51786,4.01786,2.12,1.28571,0.215447,0.101626,0.11382114142179489,0.247706,1.41071,0.292994,0.707965,,,4.59942,-0.0815456,-0.157693,999,,,,,,,237.6000000000001,4.242857142857145,238,4.25,,,,,,,,,,,,,,,,,,,"Anthony Banda","14706",607455
"Enmanuel De Jesus","DET",0,0,,5.58923,42,0,0,1,,42,203,45,29,26,6,21,,3,39,8.37549,4.49478,1.86338,1.37851,0.192943,0.103545,0.08939866721630096,0.254136,1.58204,0.292628,0.659426,,,4.95482,-0.0831382,-0.257703,999,,,,,,,130,3.0952380952380953,142,3.380952380952381,,,,,,,,,,,,,,,,,,,"Enmanuel De Jesus","18554",646241
"Michael Kelly","ATH",4,4,,4.17073,60,0,3,11,,60,259,57,31,28,7,26,,3,50,7.46341,3.95122,1.88889,1.09756,0.19209,0.101695,0.0903954729437828,0.248408,1.39024,0.288136,0.72,,,4.52538,-0.086799,0.0789636,999,,,,,,,281.7,4.694999999999999,281,4.683333333333334,,,,,,,,,,,,,,,,,,,"Michael Kelly","12791",547184
"Luis Peralta","COL",1,3,,5.57223,34,0,0,1,,34,159,34,23,21,5,22,,3,34,8.94934,5.74109,1.55882,1.35084,0.212,0.136,0.07600001990795135,0.251185,1.63227,0.3,0.672823,,,5.29273,-0.0912929,-0.0972417,999,,,,,,,98.70000000000002,2.9029411764705886,102,3,,,,,,,,,,,,,,,,,,,"Luis Peralta","24203",678821
"Carlos Vargas","SEA",3,3,,4.24658,56,0,0,10,,56,245,55,29,26,6,20,,3,42,6.71233,3.28767,2.04167,0.958904,0.170732,0.0836237,0.08710801601409912,0.250965,1.35464,0.285714,0.694444,,,4.30713,-0.0965321,-0.17578,999,,,,,,,252.60000000000002,4.510714285714286,257,4.589285714285714,,,,,,,,,,,,,,,,,,,"Carlos Vargas","22915",672841
"Orlando Ribalta","WSN",1,1,,4.95868,48,0,0,4,,48,218,48,29,26,7,26,,3,45,8.42975,4.95868,1.7,1.23967,0.206061,0.121212,0.08484848588705063,0.251748,1.5427,0.298077,0.693878,,,4.87067,-0.0998062,-0.212969,999,,,,,,,163.3,3.4020833333333336,168,3.5,,,,,,,,,,,,,,,,,,,"Orlando Ribalta","26247",687377
"George Soriano","STL",2,2,,4.64849,50,0,0,4,,50,217,47,28,26,7,20,,4,49,8.78049,3.6155,2.42857,1.29125,0.224422,0.0924092,0.1320132091641426,0.241636,1.33429,0.287958,0.683544,,,4.51247,-0.100232,-0.141742,999,,,,,,,203.7,4.074,201,4.02,,,,,,,,,,,,,,,,,,,"George Soriano","21863",666277
"Michael Kopech",,3,3,,4.42977,42,0,0,0,,42,180,35,22,21,7,22,,3,45,9.72389,4.7539,2.04545,1.40456,0.252101,0.123249,0.1288515254855156,0.224026,1.35654,0.273171,0.727848,,,4.76779,-0.104797,-0.0008612,999,,,,,,,148.70000000000002,3.5404761904761908,134,3.1904761904761907,,,,,,,,,,,,,,,,,,,"Michael Kopech","17282",656629
"Joel Peguero","SFG",3,3,,4.41818,50,0,4,4,,50,221,50,26,25,5,22,,3,38,6.87273,3.92727,1.75,0.981818,0.17284,0.0987654,0.07407408952713013,0.25463,1.43636,0.291667,0.708215,,,4.49877,-0.123054,-0.0419638,999,,,,,,,215.5,4.31,222,4.44,,,,,,,,,,,,,,,,,,,"Joel Peguero","21951",666711
"Ryan Zeferjahn","LAA",4,4,,4.58182,57,0,1,9,,57,252,49,31,29,8,31,,6,65,10.3091,4.90909,2.1,1.30909,0.259259,0.123457,0.1358024626970291,0.227053,1.4,0.286765,0.714286,,,4.69877,-0.131388,-0.111937,999,,,,,,,255.99999999999997,4.491228070175438,241,4.228070175438597,,,,,,,,,,,,,,,,,,,"Ryan Zeferjahn","25420",666171
"Tommy Kahnle",,2,3,,4.65839,48,0,0,0,,48,208,44,27,25,6,25,,2,42,7.82609,4.65839,1.68,1.11801,0.200957,0.119617,0.08133971691131592,0.241758,1.42857,0.283582,0.693069,,,4.68793,-0.137516,-0.208671,739.8499755859375,,,,,,,170.00000000000003,3.5416666666666674,165,3.4375,,,,,,,,,,,,,,,,,,,"Tommy Kahnle","11384",592454
"Jackson Rutledge","WSN",3,3,,4.91639,59,0,2,12,,59,263,61,35,32,9,24,,5,49,7.42475,3.61204,2.05556,1.30435,0.185,0.09,0.0950000062584877,0.261236,1.43813,0.297398,0.685921,,,4.84082,-0.157869,-0.387251,999,,,,,,,236.30000000000004,4.005084745762712,247,4.186440677966102,,,,,,,,,,,,,,,,,,,"Jackson Rutledge","26215",671131
"Chad Green",,2,3,,4.69974,41,0,0,0,,41,179,43,24,21,7,14,,1,34,7.51958,3.05483,2.46154,1.64491,0.191617,0.0778443,0.11377245932817459,0.261438,1.38381,0.289474,0.717593,,,4.9367,-0.16965,-0.28259,999,,,,,,,128.50000000000006,3.134146341463416,137,3.341463414634146,,,,,,,,,,,,,,,,,,,"Chad Green","15552",643338
"Zach Agnos","COL",3,4,,4.94279,60,0,4,11,,60,257,60,36,33,10,23,,1,48,7.20824,3.50114,2.05882,1.44165,0.187166,0.0909091,0.09625668078660965,0.260355,1.39588,0.291339,0.683594,,,4.85138,-0.185552,0.00442631,999,,,,,,,253,4.216666666666667,258,4.3,,,,,,,,,,,,,,,,,,,"Zach Agnos","31552",688642
"Kade Strowd","ARI",3,3,,4.27788,60,0,2,12,,60,261,57,31,29,8,26,,3,56,8.39122,3.94881,2.125,1.15174,0.214286,0.10084,0.11344537138938904,0.246445,1.3894,0.294118,0.725076,,,4.41484,-0.204292,0.10127,999,,,,,,,280.40000000000003,4.673333333333334,279,4.65,,,,,,,,,,,,,,,,,,,"Kade Strowd","26191",669704
"Cade Gibson","MIA",4,4,,4.3962,60,0,0,12,,60,265,59,32,29,7,24,,7,46,6.96065,3.54138,1.96552,1.09905,0.175385,0.0892308,0.08615384250879288,0.253472,1.38399,0.288288,0.704698,,,4.68195,-0.218157,-0.00479476,999,,,,,,,251.49999999999997,4.191666666666666,256,4.266666666666667,,,,,,,,,,,,,,,,,,,"Cade Gibson","31815",806188
"Roddery Muñoz","HOU",3,4,,4.65882,54,0,0,10,,54,236,49,30,28,10,26,,3,57,9.42353,4.34118,2.17073,1.58824,0.239892,0.110512,0.12938004732131958,0.236196,1.38824,0.279279,0.721649,,,4.92337,-0.240758,-0.1882,999,,,,,,,216.20000000000002,4.003703703703704,207,3.8333333333333335,,,,,,,,,,,,,,,,,,,"Roddery Munoz","25311",682610
"Wikelman González","CHW",1,3,,5.34918,45,0,0,3,,45,207,44,29,27,7,27,,3,43,8.55869,5.48291,1.56098,1.47103,0.20712,0.132686,0.07443365454673767,0.250951,1.5899,0.292553,0.69869,,,5.40854,-0.243569,-0.319764,999,,,,,,,140.5,3.1222222222222222,142,3.1555555555555554,,,,,,,,,,,,,,,,,,,"Wikelman Gonzalez","26641",682790
"Brandyn Garcia","ARI",4,4,,4.39024,56,0,1,10,,56,253,55,30,27,6,25,,8,47,7.61836,4.00287,1.90323,1.033,0.187302,0.0984127,0.08888889104127884,0.248175,1.42037,0.289855,0.70615,,,4.69898,-0.269668,-0.0291997,999,,,,,,,237.60000000000002,4.242857142857143,242,4.321428571428571,,,,,,,,,,,,,,,,,,,"Brandyn Garcia","33568",805299
"Cole Winn","TEX",3,4,,4.81928,63,0,6,11,,63,277,57,36,34,8,33,,3,52,7.46988,4.6988,1.58974,1.08434,0.18845,0.118541,0.06990882009267807,0.237762,1.4324,0.274419,0.677966,,,4.76834,-0.358908,-0.54997,999,,,,,,,289.6000000000001,4.596825396825398,281,4.4603174603174605,,,,,,,,,,,,,,,,,,,"Cole Winn","22113",668390
"Cole Henry","WSN",1,3,,5.17454,64,0,16,8,,64,286,57,39,37,9,37,,11,62,8.68583,5.17454,1.67857,1.29363,0.215596,0.12844,0.08715595304965973,0.236264,1.45791,0.28125,0.669935,,,5.29119,-0.682412,-0.702112,737.0900268554688,,,,,,,306.70000000000005,4.792187500000001,295,4.609375,,,,,,,,,,,,,,,,,,,"Cole Henry","27570",669371