Name,Team,W,L,QS,ERA,G,GS,SV,HLD,BS,IP,TBF,H,R,ER,HR,BB,IBB,HBP,SO,K/9,BB/9,K/BB,HR/9,K%,BB%,K-BB%,AVG,WHIP,BABIP,LOB%,GB%,HR/FB,FIP,WAR,RA9-WAR,ADP,InterSD,InterSK,IntraSD,Vol,Skew,Dim,FPTS,FPTS/IP,SPTS,SPTS/IP,P10,P20,P30,P40,P50,P60,P70,P80,P90,TT10,TT20,TT30,TT40,TT50,TT60,TT70,TT80,TT90,NameASCII,PlayerId,MLBAMID
"Cristopher Sánchez","PHI",8,3,13,2.96891,20,20,0,0,,126,514,111,45,42,9,28,,3,130,9.27866,2.01842,4.59699,0.675057,0.252791,0.0549906,0.1978006772696972,0.230489,1.10619,0.296623,0.746744,,,2.77247,3.58988,3.50881,24.75,,,,,,,700.1,5.556349206349206,680,5.396825396825397,,,,,,,,,,,,,,,,,,,"Cristopher Sanchez","20778",650911
"Tarik Skubal","DET",7,2,10,2.56389,15,15,0,0,,91,358,71,28,26,7,16,,3,110,10.874,1.5643,6.95134,0.730767,0.307115,0.0441807,0.2629343867301941,0.210093,0.957245,0.287853,0.767685,,,2.35768,3.16456,3.11101,7.019999980926514,,,,,,,565.6999999999999,6.216483516483516,527,5.791208791208791,,,,,,,,,,,,,,,,,,,"Tarik Skubal","22267",669373
"Paul Skenes","PIT",9,4,13,2.792,20,20,0,0,,110,441,88,37,34,10,27,,4,126,10.3732,2.2129,4.6876,0.798212,0.286431,0.0611039,0.22532683610916138,0.214557,1.04816,0.285667,0.769445,,,2.8051,3.12622,3.32524,9.649999618530273,,,,,,,621.2,5.647272727272727,579,5.263636363636364,,,,,,,,,,,,,,,,,,,"Paul Skenes","33677",694973
"Logan Webb","SFG",9,5,12,3.21548,19,19,0,0,,116,479,108,45,41,9,26,,4,109,8.44471,2.03849,4.14262,0.665976,0.227107,0.0548221,0.17228513956069946,0.241603,1.16207,0.301244,0.730984,,,2.96614,2.73717,2.60421,57.189998626708984,,,,,,,594.9000000000001,5.12844827586207,591,5.094827586206897,,,,,,,,,,,,,,,,,,,"Logan Webb","17995",657277
"Chris Sale","ATL",9,4,11,3.17077,18,18,0,0,,105,430,91,40,37,10,28,,8,125,10.7479,2.40138,4.47573,0.890608,0.290411,0.0648859,0.22552558779716492,0.230018,1.13415,0.310136,0.754519,,,3.02553,2.5275,2.57507,39.36000061035156,,,,,,,559.4,5.327619047619048,537,5.114285714285714,,,,,,,,,,,,,,,,,,,"Chris Sale","10603",519242
"Jesús Luzardo","PHI",8,6,11,3.77952,20,20,0,0,,115,479,102,53,48,13,34,,4,129,10.0823,2.67544,3.76845,1.04927,0.26908,0.0714034,0.19767694175243378,0.232191,1.18733,0.297895,0.713658,,,3.36825,2.50991,1.86851,70.58999633789062,,,,,,,569.9000000000001,4.955652173913045,550,4.782608695652174,,,,,,,,,,,,,,,,,,,"Jesus Luzardo","19959",666200
"Bryan Woo","SEA",8,5,11,3.33108,19,19,0,0,,111,443,92,45,41,12,23,,5,112,9.13596,1.83958,4.96632,0.995312,0.253567,0.0510573,0.2025092914700508,0.220557,1.03241,0.272941,0.717999,,,3.25816,2.50819,2.16204,34.77000045776367,,,,,,,574.6000000000001,5.176576576576577,539,4.8558558558558556,,,,,,,,,,,,,,,,,,,"Bryan Woo","30279",693433
"Dylan Cease","TOR",7,4,11,3.47389,19,19,0,0,,104,435,84,44,40,11,41,,3,128,11.0855,3.50705,3.16093,0.969206,0.294806,0.0932656,0.20154071599245071,0.215097,1.19822,0.289662,0.743392,,,3.297,2.49891,2.11451,74.7699966430664,,,,,,,539.9,5.191346153846154,501,4.8173076923076925,,,,,,,,,,,,,,,,,,,"Dylan Cease","18525",656302
"Kevin Gausman","TOR",8,6,11,3.65486,20,20,0,0,,114,476,108,50,46,14,30,,1,112,8.83905,2.34443,3.77023,1.08876,0.235223,0.0623896,0.17283335328102112,0.24177,1.20391,0.293831,0.737038,,,3.53108,2.35641,2.12598,112.94999694824219,,,,,,,521.5999999999999,4.575438596491227,519,4.552631578947368,,,,,,,,,,,,,,,,,,,"Kevin Gausman","14107",592332
"Hunter Brown","HOU",7,4,11,3.03177,17,17,0,0,,97,401,79,36,33,8,33,,3,108,9.9738,3.07793,3.24043,0.77773,0.268449,0.0828437,0.18560538440942764,0.216163,1.15295,0.283359,0.76242,,,3.13991,2.31048,2.54198,36.189998626708984,,,,,,,522.0000000000001,5.3814432989690735,489,5.041237113402062,,,,,,,,,,,,,,,,,,,"Hunter Brown","25880",686613
"Jacob Misiorowski","MIL",8,4,10,3.3389,23,18,0,0,,100,409,73,40,37,10,38,,8,131,11.8612,3.44784,3.44017,0.91353,0.321356,0.0934127,0.22794289886951447,0.202294,1.11899,0.285976,0.732678,,,3.17692,2.28432,2.07991,114.13999938964844,,,,,,,551.2,5.5120000000000005,494,4.94,,,,,,,,,,,,,,,,,,,"Jacob Misiorowski","31623",694819
"Zack Wheeler","PHI",8,5,10,3.54963,18,18,0,0,,109,448,95,47,43,12,29,,5,113,9.32543,2.42855,3.83992,1.01989,0.251729,0.0655559,0.18617315590381622,0.229624,1.14352,0.286351,0.725801,,,3.43816,2.26576,2.1189,110.48999786376953,,,,,,,535.9999999999999,4.917431192660549,513,4.706422018348624,,,,,,,,,,,,,,,,,,,"Zack Wheeler","10310",554430
"Shane McClanahan","TBR",8,4,11,3.18734,18,18,0,0,,94,387,80,36,33,9,27,,2,98,9.37456,2.62401,3.57261,0.865595,0.252904,0.0707896,0.18211433291435242,0.224267,1.14577,0.283789,0.752457,,,3.19942,2.24764,2.38882,182.99000549316406,,,,,,,485.9,5.169148936170212,462,4.914893617021277,,,,,,,,,,,,,,,,,,,"Shane McClanahan","21483",663556
"Yoshinobu Yamamoto","LAD",8,4,9,3.50094,16,16,0,0,,96,385,76,41,37,11,24,,3,102,9.58561,2.22563,4.30691,1.01336,0.265396,0.061621,0.20377544313669205,0.212472,1.04042,0.266332,0.699605,,,3.27756,2.2372,1.81332,26.639999389648438,,,,,,,500.5000000000001,5.213541666666668,460,4.791666666666667,,,,,,,,,,,,,,,,,,,"Yoshinobu Yamamoto","33825",808967
"Ranger Suarez","BOS",8,5,10,3.52033,18,18,0,0,,102,432,99,43,40,9,31,,3,91,8.07592,2.73774,2.94985,0.773891,0.211108,0.0715656,0.13954206556081772,0.249376,1.2814,0.303621,0.737492,,,3.42223,2.21049,2.31107,183.97999572753906,,,,,,,466.70000000000005,4.575490196078432,473,4.637254901960785,,,,,,,,,,,,,,,,,,,"Ranger Suarez","17277",624133
"Joe Ryan","MIN",7,5,10,3.62275,18,18,0,0,,96,391,83,42,39,12,22,,6,106,9.91678,2.03134,4.88189,1.15962,0.271251,0.0555627,0.2156883366405964,0.228379,1.08777,0.288215,0.716607,,,3.43691,2.10407,1.86186,78.52999877929688,,,,,,,475.00000000000006,4.947916666666667,452,4.708333333333333,,,,,,,,,,,,,,,,,,,"Joe Ryan","21390",657746
"George Kirby","SEA",7,6,10,3.70119,19,19,0,0,,106,435,100,47,43,11,21,,4,99,8.41905,1.80608,4.6615,0.970968,0.227147,0.0487282,0.17841863259673119,0.244344,1.14902,0.29616,0.703436,,,3.3461,2.09231,1.60491,64.58000183105469,,,,,,,512.1000000000001,4.831132075471699,510,4.811320754716981,,,,,,,,,,,,,,,,,,,"George Kirby","25436",669923
"Garrett Crochet","BOS",7,3,8,3.05176,13,13,0,0,,77,318,66,29,26,8,21,,3,95,11.0703,2.47116,4.4798,0.944364,0.299387,0.0668305,0.23255671560764313,0.225006,1.12932,0.304332,0.774365,,,2.93637,2.08632,2.12542,12.239999771118164,,,,,,,417.80000000000007,5.425974025974027,399,5.181818181818182,,,,,,,,,,,,,,,,,,,"Garrett Crochet","27463",676979
"Braxton Ashcraft","PIT",6,5,9,3.4601,22,17,0,0,,100,419,95,42,39,10,26,,5,99,8.89591,2.37156,3.75107,0.900787,0.23623,0.0629768,0.1732536479830742,0.245423,1.21255,0.30555,0.740995,,,3.37919,2.04209,1.97585,239.36000061035156,,,,,,,475,4.75,475,4.75,,,,,,,,,,,,,,,,,,,"Braxton Ashcraft","23793",677952
"Reid Detmers","LAA",6,6,8,4.08975,24,17,0,0,,99,414,86,49,45,11,34,,5,113,10.3159,3.05638,3.37521,1.02048,0.273586,0.0810576,0.19252844899892807,0.230022,1.21253,0.299578,0.681919,,,3.46866,1.98151,1.28995,350.4599914550781,,,,,,,482.69999999999993,4.875757575757575,461,4.656565656565657,,,,,,,,,,,,,,,,,,,"Reid Detmers","27468",672282
"Gerrit Cole","NYY",7,6,10,4.04762,19,19,0,0,,114,472,102,55,51,16,32,,4,108,8.54744,2.55389,3.34684,1.29311,0.228628,0.0683116,0.16031618416309357,0.234502,1.18392,0.275564,0.707264,,,4.01776,1.97304,1.56415,232.89999389648438,,,,,,,489.59999999999997,4.294736842105263,470,4.12280701754386,,,,,,,,,,,,,,,,,,,"Gerrit Cole","13125",543037
"Jacob deGrom","TEX",7,5,10,3.67396,18,18,0,0,,99,400,83,44,40,15,23,,1,110,10.0008,2.09978,4.76278,1.39127,0.274595,0.0576544,0.21694084629416466,0.220572,1.07212,0.269687,0.734374,,,3.62187,1.9094,1.74477,50.0099983215332,,,,,,,480.3,4.851515151515152,448,4.525252525252525,,,,,,,,,,,,,,,,,,,"Jacob deGrom","10954",594798
"Sonny Gray","BOS",7,5,10,3.83198,18,18,0,0,,99,421,98,46,42,12,28,,4,99,8.97197,2.50604,3.58014,1.05219,0.235273,0.0657162,0.1695569008588791,0.251578,1.26473,0.309762,0.728328,,,3.57962,1.87707,1.79525,138.08999633789062,,,,,,,432.2,4.365656565656566,441,4.454545454545454,,,,,,,,,,,,,,,,,,,"Sonny Gray","12768",543243
"Chase Burns","CIN",5,5,7,3.88822,20,15,0,0,,79,330,71,37,34,11,23,,0,94,10.7186,2.6231,4.08624,1.21729,0.286216,0.0700439,0.21617251634597778,0.230325,1.18271,0.297245,0.71789,,,3.354,1.86278,1.23889,109.72000122070312,,,,,,,383.69999999999993,4.856962025316455,371,4.69620253164557,,,,,,,,,,,,,,,,,,,"Chase Burns","35333",695505
"Framber Valdez","DET",7,6,10,3.82454,19,19,0,0,,116,494,108,54,49,11,41,,6,101,7.7838,3.1409,2.47821,0.817595,0.203773,0.0822257,0.12154685705900192,0.241315,1.27628,0.289734,0.708712,,,3.75929,1.85086,1.87801,81.13999938964844,,,,,,,503.3000000000001,4.3387931034482765,498,4.293103448275862,,,,,,,,,,,,,,,,,,,"Framber Valdez","17295",664285
"Max Fried","NYY",6,3,8,3.32991,13,13,0,0,,79,327,69,32,29,6,23,,3,71,8.07441,2.63678,3.06223,0.660148,0.217105,0.0708976,0.14620712399482727,0.229016,1.1643,0.281559,0.717905,,,3.2457,1.84283,1.74828,50.04999923706055,,,,,,,395.4000000000001,5.005063291139241,381,4.822784810126582,,,,,,,,,,,,,,,,,,,"Max Fried","13743",608331
"Nick Martinez","TBR",7,7,9,3.92048,23,18,0,0,,109,460,110,51,47,11,28,,4,77,6.41152,2.30901,2.77674,0.875086,0.168232,0.0605861,0.10764554888010025,0.257441,1.27187,0.29292,0.702958,,,3.81467,1.83111,1.66888,738.3400268554688,,,,,,,443.29999999999995,4.06697247706422,460,4.220183486238532,,,,,,,,,,,,,,,,,,,"Nick Martinez","12730",607259
"Shohei Ohtani","LAD",6,3,9,3.12747,15,15,0,0,,78,316,56,29,27,8,28,,6,93,10.735,3.24795,3.30515,0.917461,0.29404,0.088964,0.20507578551769257,0.198248,1.07907,0.264714,0.749031,,,3.34433,1.82878,1.95563,1.2699999809265137,,,,,,,417.20000000000005,5.348717948717949,370,4.743589743589744,,,,,,,,,,,,,,,,,,,"Shohei Ohtani","19755",660271
"Aaron Nola","PHI",6,7,9,4.38042,19,19,0,0,,108,453,105,57,52,16,27,,2,108,9.03802,2.28153,3.96139,1.35658,0.239323,0.060414,0.1789092980325222,0.24746,1.22381,0.296292,0.686002,,,3.87941,1.81735,1.0132,205.52999877929688,,,,,,,458.4000000000001,4.244444444444445,461,4.268518518518518,,,,,,,,,,,,,,,,,,,"Aaron Nola","16149",605400
"Mason Miller","SDP",2,0,0,2.04982,42,0,20,1,,42,165,22,10,10,3,16,,1,74,15.6064,3.40166,4.58788,0.680331,0.445317,0.0970638,0.3482531011104584,0.149431,0.899596,0.265318,0.821442,,,1.82734,1.75924,1.79291,27.860000610351562,,,,,,,417.70000000000005,9.945238095238096,372,8.857142857142858,,,,,,,,,,,,,,,,,,,"Mason Miller","31757",695243
"José Soriano","LAA",6,7,9,4.14253,19,19,0,0,,106,459,94,53,49,9,49,,7,107,9.03659,4.18267,2.16048,0.742561,0.232363,0.107552,0.12481158971786499,0.233041,1.34768,0.296216,0.687709,,,3.7647,1.74783,1.38598,321.80999755859375,,,,,,,475.30000000000007,4.483962264150944,459,4.330188679245283,,,,,,,,,,,,,,,,,,,"Jose Soriano","22100",667755
"Sandy Alcantara","MIA",6,7,9,4.22417,19,19,0,0,,117,489,112,60,55,13,31,,5,92,7.09455,2.42434,2.92638,0.99279,0.188108,0.0642801,0.12382790446281433,0.246638,1.22569,0.284007,0.66793,,,3.9002,1.74306,1.25704,144.57000732421875,,,,,,,490.7000000000002,4.194017094017096,492,4.205128205128205,,,,,,,,,,,,,,,,,,,"Sandy Alcantara","18684",645261
"Cam Schlittler","NYY",6,4,8,3.56868,15,15,0,0,,78,325,68,34,31,8,24,,3,83,9.5637,2.74664,3.48197,0.936558,0.25607,0.0735418,0.18252841383218765,0.228686,1.17592,0.290311,0.723059,,,3.3574,1.73571,1.45665,116.62999725341797,,,,,,,387.00000000000006,4.961538461538463,371,4.756410256410256,,,,,,,,,,,,,,,,,,,"Cam Schlittler","32095",693645
"Andrew Abbott","CIN",5,5,9,4.25325,18,18,0,0,,98,422,98,51,46,12,33,,2,84,7.72269,2.9741,2.59665,1.11912,0.199926,0.076994,0.12293239682912827,0.251933,1.32377,0.293536,0.704621,,,4.05117,1.71681,1.15318,221.92999267578125,,,,,,,385.8,3.936734693877551,397,4.051020408163265,,,,,,,,,,,,,,,,,,,"Andrew Abbott","29911",671096
"Drew Rasmussen","TBR",6,4,11,3.66769,20,20,0,0,,97,397,87,43,39,12,24,,3,84,7.85371,2.20142,3.56757,1.09842,0.212301,0.0595086,0.152792289853096,0.234085,1.14333,0.273034,0.720204,,,3.75772,1.69598,1.82511,132.36000061035156,,,,,,,431.00000000000006,4.443298969072165,416,4.288659793814433,,,,,,,,,,,,,,,,,,,"Drew Rasmussen","25385",656876
"Kyle Bradish","BAL",5,4,9,3.82876,18,18,0,0,,91,387,81,42,39,9,35,,4,94,9.24681,3.4231,2.7013,0.922458,0.242463,0.0897581,0.15270530432462692,0.231428,1.26398,0.290574,0.715377,,,3.63857,1.68499,1.43453,72.95999908447266,,,,,,,423.0999999999999,4.649450549450548,409,4.4945054945054945,,,,,,,,,,,,,,,,,,,"Kyle Bradish","24586",680694
"Spencer Strider","ATL",7,6,8,4.091,17,17,0,0,,93,393,81,46,42,13,34,,4,115,11.1041,3.265,3.40095,1.21597,0.292828,0.0861017,0.20672599226236343,0.228277,1.23312,0.300862,0.707911,,,3.59423,1.66539,1.13048,124.86000061035156,,,,,,,433.70000000000005,4.663440860215054,412,4.43010752688172,,,,,,,,,,,,,,,,,,,"Spencer Strider","27498",675911
"Davis Martin","CHW",5,6,9,3.92943,17,17,0,0,,91,386,87,43,40,9,28,,4,79,7.73937,2.76637,2.79766,0.925209,0.203669,0.0727999,0.13086941838264465,0.244844,1.25457,0.290586,0.702293,,,3.7807,1.65048,1.40582,999,,,,,,,398.49999999999994,4.379120879120879,400,4.395604395604396,,,,,,,,,,,,,,,,,,,"Davis Martin","21448",663436
"Carlos Rodón","NYY",8,6,9,4.07059,19,19,0,0,,100,426,88,49,45,12,40,,4,104,9.29232,3.61711,2.56899,1.03186,0.24299,0.0945859,0.1484045460820198,0.229372,1.27533,0.285171,0.702994,,,3.85221,1.63762,1.29334,202.3000030517578,,,,,,,439.59999999999997,4.396,420,4.2,,,,,,,,,,,,,,,,,,,"Carlos Rodon","16137",607074
"Logan Gilbert","SEA",6,4,10,3.64841,18,18,0,0,,98,401,85,43,40,14,24,,4,106,9.71693,2.21223,4.39236,1.28663,0.264509,0.0602203,0.20428915321826935,0.226945,1.10792,0.279156,0.735083,,,3.65118,1.63466,1.53442,37.150001525878906,,,,,,,460,4.6938775510204085,436,4.448979591836735,,,,,,,,,,,,,,,,,,,"Logan Gilbert","22250",669302
"MacKenzie Gore","TEX",5,5,8,4.07188,16,16,0,0,,85,361,75,42,38,9,34,,4,95,10.0774,3.57352,2.82002,0.944631,0.263034,0.0932737,0.16976017504930496,0.231872,1.28014,0.301152,0.695701,,,3.57355,1.61807,1.05089,164.82000732421875,,,,,,,399.29999999999995,4.697647058823529,384,4.517647058823529,,,,,,,,,,,,,,,,,,,"MacKenzie Gore","22201",669022
"Trey Yesavage","TOR",3,2,9,3.69203,17,17,0,0,,74,311,59,33,30,7,32,,1,79,9.62357,3.9573,2.43185,0.799944,0.253579,0.104274,0.1493048146367073,0.213579,1.24209,0.274562,0.712377,,,3.49985,1.60324,1.31872,194.2899932861328,,,,,,,367.1,4.960810810810811,338,4.5675675675675675,,,,,,,,,,,,,,,,,,,"Trey Yesavage","35456",702056
"Freddy Peralta","NYM",7,6,10,3.96728,19,19,0,0,,100,421,85,48,44,13,39,,4,107,9.66645,3.49867,2.7629,1.16366,0.255221,0.0923745,0.16284675896167755,0.223498,1.23354,0.277698,0.716751,,,3.92126,1.57116,1.17202,56.36000061035156,,,,,,,444.1,4.441,416,4.16,,,,,,,,,,,,,,,,,,,"Freddy Peralta","18679",642547
"Jhoan Duran","PHI",6,1,0,2.3877,42,0,19,1,,42,169,31,12,11,2,12,,2,54,11.6632,2.66237,4.38077,0.419836,0.322071,0.0735193,0.24855175614356995,0.203174,1.04306,0.300006,0.771862,,,2.15548,1.56503,1.56456,41.84000015258789,,,,,,,370.6,8.823809523809524,349,8.30952380952381,,,,,,,,,,,,,,,,,,,"Jhoan Duran","21029",661395
"Mitch Keller","PIT",6,6,10,3.96027,19,19,0,0,,104,444,103,50,46,11,32,,6,89,7.7271,2.74175,2.81831,0.988442,0.201251,0.0714084,0.12984275817871094,0.254549,1.29817,0.301122,0.716418,,,3.90298,1.5632,1.48688,518.6300048828125,,,,,,,430.49999999999994,4.139423076923077,441,4.240384615384615,,,,,,,,,,,,,,,,,,,"Mitch Keller","17594",656605
"Payton Tolle","BOS",4,3,8,3.89159,15,15,0,0,,73,304,66,34,31,9,21,,3,78,9.69181,2.61745,3.70276,1.13986,0.257755,0.0696114,0.18814314156770706,0.237321,1.20329,0.297506,0.714723,,,3.59511,1.55636,1.31422,673,,,,,,,341.9,4.683561643835616,332,4.5479452054794525,,,,,,,,,,,,,,,,,,,"Payton Tolle","35466",801139
"Gavin Williams","CLE",7,5,11,3.59621,19,19,0,0,,103,434,88,45,41,13,39,,4,111,9.64512,3.39117,2.84419,1.12776,0.254895,0.0896196,0.16527526080608368,0.224951,1.22974,0.280433,0.754441,,,3.82704,1.54727,1.91036,144.74000549316406,,,,,,,466.50000000000006,4.529126213592233,439,4.262135922330097,,,,,,,,,,,,,,,,,,,"Gavin Williams","30122",668909
"Cade Smith","CLE",4,1,0,2.51242,42,0,20,1,,42,168,31,13,12,3,11,,2,57,12.1127,2.42076,5.00369,0.56276,0.338262,0.0676026,0.2706596702337265,0.199126,0.996815,0.296116,0.762567,,,2.19509,1.53818,1.40114,39.90999984741211,,,,,,,372.30000000000007,8.864285714285716,350,8.333333333333334,,,,,,,,,,,,,,,,,,,"Cade Smith","27867",671922
"Shane Bieber","TOR",5,4,8,3.65925,19,15,0,0,,84,347,79,37,34,11,20,,2,76,8.10261,2.091,3.875,1.13262,0.218824,0.0564706,0.16235294938087463,0.243108,1.17135,0.286689,0.7393,,,3.69376,1.53809,1.56576,474.0400085449219,,,,,,,366.9,4.367857142857143,363,4.321428571428571,,,,,,,,,,,,,,,,,,,"Shane Bieber","19427",669456
"Michael Wacha","KCR",6,7,9,4.2422,18,18,0,0,,101,430,98,52,48,12,32,,3,83,7.41031,2.82713,2.62115,1.08768,0.19364,0.0738761,0.11976386606693268,0.248628,1.28541,0.287079,0.692577,,,4.06407,1.52452,1.26234,609.2899780273438,,,,,,,406.00000000000006,4.019801980198021,410,4.0594059405940595,,,,,,,,,,,,,,,,,,,"Michael Wacha","14078",608379
"Hunter Greene","CIN",4,3,7,3.61314,12,12,0,0,,69,278,51,30,28,8,22,,7,80,10.4453,2.82482,3.69767,1.05109,0.289091,0.0781818,0.21090908348560333,0.204453,1.05109,0.266458,0.699013,,,3.5266,1.52318,1.41607,444.32000732421875,,,,,,,352.6,5.110144927536232,314,4.550724637681159,,,,,,,,,,,,,,,,,,,"Hunter Greene","22182",668881
"Grant Taylor","CHW",3,2,0,3.10126,50,1,5,7,,53,219,45,20,18,4,17,,0,62,10.607,2.90788,3.64769,0.651945,0.284081,0.0778799,0.20620150119066238,0.22161,1.17088,0.301155,0.744607,,,2.65712,1.47361,1.30091,506.67999267578125,,,,,,,352.00000000000006,6.641509433962265,339,6.39622641509434,,,,,,,,,,,,,,,,,,,"Grant Taylor","33927",691799
"Kyle Harrison","MIL",5,4,9,3.88021,17,17,0,0,,83,350,71,39,36,10,30,,5,95,10.2862,3.26851,3.14706,1.11086,0.272702,0.0866529,0.18604878336191177,0.225834,1.2141,0.290813,0.715909,,,3.69131,1.45187,1.17202,446.55999755859375,,,,,,,391.6,4.718072289156627,370,4.457831325301205,,,,,,,,,,,,,,,,,,,"Kyle Harrison","27758",690986
"Kris Bubic","KCR",5,4,7,3.73754,18,13,0,0,,74,318,69,33,31,6,29,,2,76,9.18678,3.50083,2.62417,0.759286,0.237529,0.0905156,0.14701297879219055,0.240761,1.32362,0.306196,0.723534,,,3.40464,1.44887,1.34008,190.69000244140625,,,,,,,353.4000000000001,4.775675675675677,351,4.743243243243243,,,,,,,,,,,,,,,,,,,"Kris Bubic","21455",663460
"Michael King","SDP",6,5,10,3.79778,18,18,0,0,,97,415,88,45,41,12,39,,6,101,9.38421,3.60017,2.6066,1.10927,0.243828,0.0935424,0.15028544515371323,0.236247,1.30201,0.293636,0.746678,,,3.99517,1.43411,1.28248,129.55999755859375,,,,,,,408.40000000000003,4.210309278350516,396,4.082474226804123,,,,,,,,,,,,,,,,,,,"Michael King","19853",650633
"Taj Bradley","MIN",5,5,8,4.14351,17,17,0,0,,89,379,83,44,41,11,32,,3,87,8.85702,3.27769,2.70221,1.09541,0.230729,0.0853853,0.1453438475728035,0.239839,1.293,0.291707,0.706015,,,3.89508,1.42711,1.19592,492.4599914550781,,,,,,,376.49999999999994,4.230337078651685,371,4.168539325842697,,,,,,,,,,,,,,,,,,,"Taj Bradley","22543",671737
"Matthew Boyd","CHC",6,5,8,3.88406,16,16,0,0,,86,361,80,40,37,11,24,,3,81,8.45094,2.50068,3.37946,1.1219,0.224795,0.066518,0.15827659517526627,0.240717,1.20722,0.287686,0.714755,,,3.79467,1.42469,1.21285,212.75999450683594,,,,,,,374.0999999999999,4.349999999999999,368,4.27906976744186,,,,,,,,,,,,,,,,,,,"Matthew Boyd","15440",571510
"Tanner Bibee","CLE",6,6,10,3.98301,19,19,0,0,,106,447,100,51,47,15,31,,4,98,8.30748,2.60612,3.18768,1.28013,0.219626,0.0688982,0.15072747319936752,0.243395,1.23326,0.285022,0.727395,,,4.08319,1.42188,1.46593,188.6300048828125,,,,,,,430.9000000000001,4.065094339622642,426,4.018867924528302,,,,,,,,,,,,,,,,,,,"Tanner Bibee","30134",676440
"Cole Ragans","KCR",4,5,7,4.26101,15,15,0,0,,76,323,66,39,36,11,31,,2,96,11.3487,3.66351,3.09776,1.24465,0.296614,0.0957513,0.200862854719162,0.22566,1.26967,0.29889,0.701686,,,3.6649,1.41542,0.962662,48.15999984741211,,,,,,,348.4999999999999,4.585526315789473,330,4.342105263157895,,,,,,,,,,,,,,,,,,,"Cole Ragans","21846",666142
"Dustin May","STL",7,7,8,3.91525,26,16,0,0,,106,443,94,50,46,11,35,,8,93,7.90093,2.93988,2.6875,0.908781,0.209784,0.0780592,0.13172487914562225,0.235405,1.2168,0.281597,0.691761,,,3.87022,1.39938,1.2905,414.6700134277344,,,,,,,461.70000000000016,4.355660377358492,444,4.188679245283019,,,,,,,,,,,,,,,,,,,"Dustin May","19716",669160
"Landen Roupp","SFG",6,5,9,3.57639,16,16,0,0,,81,347,74,35,32,7,33,,2,82,9.07615,3.61142,2.51318,0.75028,0.235633,0.0937588,0.14187385141849518,0.235272,1.30661,0.298225,0.735085,,,3.46532,1.39159,1.40889,690.0999755859375,,,,,,,379.9,4.690123456790123,373,4.604938271604938,,,,,,,,,,,,,,,,,,,"Landen Roupp","30076",694738
"Michael Soroka","ARI",8,5,9,3.70044,21,17,0,0,,96,399,83,43,39,10,32,,8,93,8.77408,2.98249,2.94186,0.930584,0.23344,0.0793512,0.15408899635076523,0.232329,1.20511,0.287176,0.715042,,,3.74419,1.37466,1.61427,710.3599853515625,,,,,,,437.6000000000001,4.5583333333333345,416,4.333333333333333,,,,,,,,,,,,,,,,,,,"Michael Soroka","18383",647336
"Jack Leiter","TEX",6,6,8,4.10715,17,17,0,0,,92,386,78,45,42,11,36,,4,90,8.8563,3.56236,2.48608,1.11582,0.233421,0.0938913,0.13952990621328354,0.224369,1.24392,0.271011,0.698733,,,4.05422,1.35074,1.18509,230.7100067138672,,,,,,,402.7,4.377173913043478,377,4.0978260869565215,,,,,,,,,,,,,,,,,,,"Jack Leiter","30146",683004
"Max Meyer","MIA",5,4,9,3.81924,17,17,0,0,,82,350,76,38,35,9,30,,4,83,9.03535,3.24362,2.78558,1.01798,0.235961,0.0847082,0.15125292539596558,0.239419,1.28182,0.295918,0.730381,,,3.784,1.34815,1.29875,281.45001220703125,,,,,,,362.5,4.420731707317073,357,4.353658536585366,,,,,,,,,,,,,,,,,,,"Max Meyer","27474",676974
"Casey Mize","DET",5,4,8,3.88901,15,15,0,0,,74,315,72,35,32,9,22,,3,69,8.34378,2.60193,3.20676,1.05008,0.219171,0.0683465,0.150824174284935,0.24865,1.26,0.298584,0.720659,,,3.7418,1.34714,1.13926,289.6499938964844,,,,,,,312.70000000000005,4.225675675675676,316,4.27027027027027,,,,,,,,,,,,,,,,,,,"Casey Mize","20492",663554
"Tyler Glasnow","LAD",3,2,7,3.7803,13,13,0,0,,67,277,54,31,28,9,24,,1,81,10.9125,3.24392,3.36398,1.2056,0.292857,0.0870565,0.2058001235127449,0.21233,1.16139,0.274964,0.723756,,,3.52375,1.34698,1.00565,113.73999786376953,,,,,,,331.69999999999993,4.950746268656715,305,4.552238805970149,,,,,,,,,,,,,,,,,,,"Tyler Glasnow","14374",607192
"Zebby Matthews","MIN",5,5,7,4.15259,20,15,0,0,,79,335,80,40,37,12,19,,2,83,9.44311,2.1871,4.31765,1.31869,0.248185,0.0574816,0.1907038390636444,0.255342,1.25352,0.312846,0.717289,,,3.72006,1.33788,0.966946,488.6400146484375,,,,,,,332,4.20253164556962,342,4.329113924050633,,,,,,,,,,,,,,,,,,,"Zebby Matthews","31827",805673
"Parker Messick","CLE",5,4,9,3.79088,17,17,0,0,,85,358,79,39,36,10,28,,4,84,8.95916,2.93424,3.05331,1.11397,0.235459,0.077116,0.15834319591522217,0.241341,1.25547,0.294909,0.737059,,,3.85116,1.32912,1.37535,294.17999267578125,,,,,,,372.6,4.383529411764706,367,4.317647058823529,,,,,,,,,,,,,,,,,,,"Parker Messick","31986",800048
"Shane Baz","BAL",6,6,9,4.25429,18,18,0,0,,96,410,89,49,46,12,35,,5,93,8.66426,3.26817,2.6511,1.1233,0.226104,0.0852868,0.14081715047359467,0.240061,1.28632,0.289463,0.694969,,,4.03674,1.32131,1.02382,186.92999267578125,,,,,,,397.4000000000001,4.139583333333334,390,4.0625,,,,,,,,,,,,,,,,,,,"Shane Baz","22264",669358
"Nathan Eovaldi","TEX",7,7,9,4.13738,18,18,0,0,,107,447,100,54,49,16,28,,6,100,8.39213,2.33257,3.5978,1.36366,0.224216,0.0623201,0.16189540550112724,0.241755,1.18925,0.281759,0.705709,,,4.14279,1.31718,1.20636,132.50999450683594,,,,,,,433,4.046728971962617,425,3.97196261682243,,,,,,,,,,,,,,,,,,,"Nathan Eovaldi","9132",543135
"Will Warren","NYY",5,5,7,4.27391,22,16,0,0,,88,375,82,46,42,11,31,,3,90,9.12512,3.11568,2.92878,1.12733,0.238732,0.0815127,0.15721961110830307,0.240081,1.27394,0.294475,0.689772,,,3.85184,1.31486,0.871195,285.04998779296875,,,,,,,380.7000000000001,4.3261363636363654,375,4.261363636363637,,,,,,,,,,,,,,,,,,,"Will Warren","30182",701542
"Nolan McLean","NYM",6,5,9,3.95137,18,18,0,0,,98,414,86,47,43,11,38,,10,102,9.40152,3.47027,2.70916,1.03077,0.246293,0.0909111,0.15538155287504196,0.23468,1.26727,0.295306,0.713735,,,3.95602,1.31054,1.15286,87.29000091552734,,,,,,,426.30000000000007,4.3500000000000005,407,4.153061224489796,,,,,,,,,,,,,,,,,,,"Nolan McLean","33703",690997
"Justin Wrobleski","LAD",5,5,5,4.25625,24,12,0,0,,87,368,85,45,41,10,25,,3,75,7.74588,2.59239,2.98793,1.02757,0.203233,0.0680182,0.13521526008844376,0.250256,1.26704,0.294442,0.680097,,,3.83465,1.30749,0.773552,650.3499755859375,,,,,,,365.80000000000007,4.204597701149426,371,4.264367816091954,,,,,,,,,,,,,,,,,,,"Justin Wrobleski","31204",680736
"Trevor Rogers","BAL",5,5,8,4.25539,17,17,0,0,,87,371,86,45,41,11,27,,3,73,7.58244,2.83742,2.6723,1.09758,0.197452,0.0738884,0.12356331199407578,0.251181,1.2994,0.29191,0.695923,,,4.05012,1.2961,0.86722,146.07000732421875,,,,,,,340.9,3.918390804597701,348,4,,,,,,,,,,,,,,,,,,,"Trevor Rogers","22286",669432
"Ben Brown","CHC",5,4,4,3.68944,35,9,0,0,,82,344,72,37,34,8,27,,3,89,9.74685,3.00746,3.24089,0.852316,0.258645,0.0798066,0.17883794754743576,0.230001,1.21226,0.296727,0.710097,,,3.27641,1.29432,0.914572,733.6500244140625,,,,,,,409.2000000000001,4.990243902439025,394,4.804878048780488,,,,,,,,,,,,,,,,,,,"Ben Brown","23590",676962
"Brandon Woodruff","MIL",4,3,7,3.83084,13,13,0,0,,64,265,57,30,27,9,17,,3,67,9.38101,2.36775,3.96199,1.21157,0.252686,0.0637776,0.1889086440205574,0.232603,1.15208,0.28521,0.71545,,,3.67787,1.2861,0.911404,143.82000732421875,,,,,,,288.70000000000005,4.510937500000001,277,4.328125,,,,,,,,,,,,,,,,,,,"Brandon Woodruff","16162",605540
"Jack Flaherty","DET",5,6,8,4.33903,17,17,0,0,,86,372,79,45,42,12,36,,5,98,10.1643,3.69772,2.74879,1.21917,0.262853,0.0956251,0.1672283038496971,0.237283,1.31909,0.301532,0.703934,,,4.01229,1.28475,0.881831,209,,,,,,,356.4,4.144186046511628,347,4.034883720930233,,,,,,,,,,,,,,,,,,,"Jack Flaherty","17479",656427
"Cade Cavalli","WSN",4,4,8,4.01121,17,17,0,0,,80,342,74,39,36,7,29,,9,76,8.54561,3.25832,2.6227,0.788742,0.223322,0.0851493,0.1381722092628479,0.243397,1.28083,0.303593,0.687644,,,3.77413,1.27969,1.01144,305.2200012207031,,,,,,,351.5,4.39375,347,4.3375,,,,,,,,,,,,,,,,,,,"Cade Cavalli","27473",676917
"Aroldis Chapman","BOS",4,1,0,2.70837,39,0,19,1,,39,161,28,13,12,2,17,,1,56,12.9594,4.03675,3.21036,0.574813,0.346467,0.107922,0.2385449931025505,0.19587,1.16932,0.301874,0.779904,,,2.48198,1.27406,1.25977,64.55000305175781,,,,,,,348.2,8.928205128205128,326,8.35897435897436,,,,,,,,,,,,,,,,,,,"Aroldis Chapman","10233",547973
"Sean Burke","CHW",4,6,8,4.3357,17,17,0,0,,95,410,90,50,46,13,38,,5,91,8.60571,3.60295,2.38852,1.19778,0.221532,0.0927488,0.1287834271788597,0.24428,1.34451,0.292194,0.708757,,,4.2743,1.27339,0.945475,748.5599975585938,,,,,,,362.1,3.8115789473684214,359,3.778947368421053,,,,,,,,,,,,,,,,,,,"Sean Burke","29878",680732
"Logan Henderson","MIL",6,5,6,3.96387,22,14,0,0,,74,308,65,36,33,10,22,,2,79,9.59428,2.7169,3.53134,1.25851,0.256977,0.0727703,0.18420616537332535,0.228449,1.1744,0.280351,0.710862,,,3.77609,1.26707,0.822826,413.3999938964844,,,,,,,341.6,4.616216216216216,326,4.405405405405405,,,,,,,,,,,,,,,,,,,"Logan Henderson","31475",701656
"Bryce Elder","ATL",6,5,8,4.22161,17,17,0,0,,95,406,93,49,45,10,31,,3,82,7.71006,2.9111,2.6485,0.975656,0.200815,0.075822,0.12499260157346725,0.249495,1.29808,0.294501,0.687618,,,3.87795,1.24695,0.949117,740.5499877929688,,,,,,,400.2,4.212631578947368,407,4.28421052631579,,,,,,,,,,,,,,,,,,,"Bryce Elder","27779",693821
"Seth Lugo","KCR",5,5,9,4.13821,18,18,0,0,,103,441,102,51,47,14,33,,3,86,7.48058,2.91799,2.56361,1.19137,0.193968,0.0756619,0.11830564588308334,0.252803,1.31791,0.290285,0.722352,,,4.22507,1.23174,1.49068,493.1000061035156,,,,,,,388.8,3.774757281553398,397,3.854368932038835,,,,,,,,,,,,,,,,,,,"Seth Lugo","12447",607625
"Griffin Jax","TBR",5,4,6,3.68631,21,12,0,0,,58,242,50,26,24,7,19,,1,72,11.0609,2.87236,3.85079,1.01217,0.296013,0.0768705,0.21914199739694595,0.223896,1.17228,0.299995,0.716446,,,3.13161,1.21429,0.906313,149.2100067138672,,,,,,,297.1,5.122413793103449,283,4.879310344827586,,,,,,,,,,,,,,,,,,,"Griffin Jax","20253",643377
"Bryce Miller","SEA",5,4,7,3.97719,26,15,0,0,,92,380,82,44,41,12,25,,3,82,8.08516,2.49872,3.23571,1.14227,0.216742,0.0669844,0.1497580111026764,0.234658,1.17656,0.275174,0.697008,,,3.89847,1.20775,0.889971,341.6000061035156,,,,,,,400.00000000000006,4.347826086956522,384,4.173913043478261,,,,,,,,,,,,,,,,,,,"Bryce Miller","29837",682243
"Emmet Sheehan","LAD",4,3,6,4.29775,21,14,0,0,,74,309,64,39,36,11,24,,4,84,10.1223,2.94282,3.43966,1.32554,0.270322,0.0785898,0.1917319819331169,0.226988,1.18453,0.28343,0.680213,,,3.91647,1.18882,0.663051,111.20999908447266,,,,,,,329.9,4.4581081081081075,311,4.202702702702703,,,,,,,,,,,,,,,,,,,"Emmet Sheehan","29839",686218
"Noah Cameron","KCR",4,5,8,4.0843,16,16,0,0,,84,355,81,41,38,11,26,,2,73,7.86404,2.7407,2.86935,1.18469,0.20615,0.0718453,0.13430431485176086,0.2472,1.27034,0.287489,0.715496,,,4.06151,1.16896,1.27542,298,,,,,,,337.69999999999993,4.020238095238095,339,4.035714285714286,,,,,,,,,,,,,,,,,,,"Noah Cameron","30184",702070
"Sean Manaea","NYM",4,4,6,4.4707,21,13,0,0,,93,392,86,50,46,13,30,,6,95,9.25194,2.93187,3.15565,1.30027,0.24333,0.0771092,0.16622047871351242,0.24161,1.25134,0.293824,0.67812,,,4.10693,1.15383,0.449604,423.3599853515625,,,,,,,386.70000000000005,4.158064516129032,378,4.064516129032258,,,,,,,,,,,,,,,,,,,"Sean Manaea","15873",640455
"Eduardo Rodriguez","ARI",6,5,9,4.05144,17,17,0,0,,94,407,95,46,42,12,34,,1,81,7.7803,3.24104,2.40056,1.13028,0.198971,0.0828853,0.11608587950468063,0.255625,1.37585,0.298361,0.73877,,,4.12054,1.14432,1.21824,738.219970703125,,,,,,,358,3.8085106382978724,371,3.9468085106382977,,,,,,,,,,,,,,,,,,,"Eduardo Rodriguez","13164",593958
"Michael McGreevy","STL",6,6,8,4.06307,24,17,0,0,,100,422,102,49,45,12,24,,2,72,6.4643,2.18627,2.95677,1.0767,0.169704,0.0573952,0.11230900138616562,0.258298,1.2695,0.289158,0.706699,,,3.99593,1.12682,1.06091,715.3800048828125,,,,,,,393.2,3.932,410,4.1,,,,,,,,,,,,,,,,,,,"Michael McGreevy","29869",700241
"Trevor Megill","MIL",4,1,0,2.77593,40,0,12,4,,40,165,32,14,12,3,13,,1,52,11.5532,2.9644,3.89732,0.727865,0.312875,0.0802794,0.23259519785642624,0.211601,1.12194,0.298904,0.779886,,,2.65917,1.11688,1.03301,137.6999969482422,,,,,,,313.90000000000003,7.847500000000001,299,7.475,,,,,,,,,,,,,,,,,,,"Trevor Megill","17722",656730
"Jared Jones","PIT",4,5,7,4.23075,21,15,0,0,,82,351,79,42,38,10,31,,5,75,8.25057,3.36951,2.4486,1.07856,0.212743,0.0868837,0.1258595734834671,0.24874,1.33875,0.297324,0.706923,,,4.12407,1.0967,0.77107,714.77001953125,,,,,,,320.4000000000001,3.907317073170733,322,3.926829268292683,,,,,,,,,,,,,,,,,,,"Jared Jones","27863",683003
"Jeffrey Springs","ATH",5,7,8,4.48781,17,17,0,0,,93,399,93,50,46,15,30,,2,81,7.83645,2.89888,2.70326,1.42794,0.202916,0.0750633,0.12785270065069199,0.253193,1.3224,0.288099,0.709272,,,4.44516,1.09433,0.944503,722.25,,,,,,,327.90000000000003,3.5258064516129037,336,3.6129032258064515,,,,,,,,,,,,,,,,,,,"Jeffrey Springs","17677",605488
"Kumar Rocker","TEX",5,5,7,4.27842,23,16,0,0,,83,358,82,43,39,9,30,,3,74,8.05274,3.23574,2.48869,1.01757,0.20735,0.0833172,0.12403328716754913,0.251796,1.3455,0.30018,0.698092,,,3.98172,1.09195,0.772586,720.72998046875,,,,,,,339.3,4.087951807228916,347,4.180722891566265,,,,,,,,,,,,,,,,,,,"Kumar Rocker","31843",677958
"Matthew Liberatore","STL",5,6,8,4.28549,17,17,0,0,,91,386,89,47,43,11,29,,3,79,7.86412,2.86971,2.74038,1.12673,0.204823,0.0747426,0.13008081912994385,0.250089,1.29758,0.292856,0.695002,,,4.04091,1.03968,0.775039,410.2300109863281,,,,,,,368.69999999999993,4.051648351648351,374,4.1098901098901095,,,,,,,,,,,,,,,,,,,"Matthew Liberatore","22294",669461
"Nick Lodolo","CIN",4,6,7,4.74491,17,17,0,0,,91,383,86,52,48,14,27,,13,91,9.05645,2.69057,3.366,1.36681,0.238169,0.0707574,0.16741205751895905,0.251984,1.2524,0.305292,0.653351,,,4.38874,1.02746,0.622347,127.94999694824219,,,,,,,339.6,3.731868131868132,335,3.681318681318681,,,,,,,,,,,,,,,,,,,"Nick Lodolo","26378",666157
"Chris Bassitt","BAL",6,7,8,4.37803,18,18,0,0,,100,434,103,53,48,12,35,,9,84,7.58042,3.19832,2.37013,1.11318,0.193351,0.0815784,0.1117730364203453,0.263715,1.38792,0.308147,0.707278,,,4.34888,1.02408,0.867963,359.3599853515625,,,,,,,360.59999999999997,3.606,380,3.8,,,,,,,,,,,,,,,,,,,"Chris Bassitt","12304",605135
"Janson Junk","MIA",4,5,6,4.46272,18,13,0,0,,78,332,85,42,39,10,16,,2,57,6.56195,1.8798,3.49077,1.19038,0.17129,0.0490696,0.12222087755799294,0.269766,1.29306,0.301468,0.68065,,,4.07704,1.02279,0.610808,999,,,,,,,293.20000000000005,3.7589743589743594,320,4.102564102564102,,,,,,,,,,,,,,,,,,,"Janson Junk","23301",676083
"Grayson Rodriguez","LAA",4,6,6,4.6573,15,15,0,0,,74,320,72,42,38,11,28,,3,77,9.31411,3.36861,2.76497,1.2847,0.239882,0.0867576,0.15312422066926956,0.247352,1.3398,0.30185,0.68189,,,4.12155,1.02166,0.47245,397.1099853515625,,,,,,,286.1,3.8662162162162166,288,3.891891891891892,,,,,,,,,,,,,,,,,,,"Grayson Rodriguez","24492",680570
"Steven Matz","TBR",4,5,6,4.44089,22,15,0,0,,82,354,85,44,40,12,25,,2,74,8.09408,2.79568,2.89521,1.33925,0.208129,0.0718875,0.13624191284179688,0.261286,1.35121,0.303905,0.712997,,,4.25463,1.01738,0.780774,712.989990234375,,,,,,,305.20000000000005,3.7219512195121958,321,3.9146341463414633,,,,,,,,,,,,,,,,,,,"Steven Matz","13361",571927
"David Bednar","NYY",4,2,0,3.33427,41,0,20,1,,41,168,32,16,15,4,14,,1,49,10.8822,3.10631,3.50325,0.827005,0.293377,0.0837445,0.209633007645607,0.213136,1.14284,0.28907,0.729791,,,3.01584,0.999875,0.845224,64.05999755859375,,,,,,,328.00000000000006,8.000000000000002,310,7.560975609756097,,,,,,,,,,,,,,,,,,,"David Bednar","19569",670280
"Gage Jump","ATH",5,5,7,4.05738,14,14,0,0,,64,268,61,31,29,8,19,,4,57,8.06142,2.63841,3.05541,1.07207,0.212501,0.0695493,0.14295216649770737,0.247029,1.24632,0.293298,0.700566,,,3.93012,0.992711,0.989518,999,,,,,,,261.6,4.0875,261,4.078125,,,,,,,,,,,,,,,,,,,"Gage Jump","35418",695611
"Kyle Leahy","STL",5,7,6,4.38085,32,14,0,0,,110,471,107,58,53,13,39,,5,95,7.78189,3.24085,2.40119,1.04399,0.201036,0.0837235,0.1173122227191925,0.249678,1.3325,0.293895,0.686618,,,4.10098,0.99085,0.618789,733.6699829101562,,,,,,,433.90000000000003,3.944545454545455,439,3.9909090909090907,,,,,,,,,,,,,,,,,,,"Kyle Leahy","24763",681517
"Bailey Ober","MIN",4,5,7,4.47071,15,15,0,0,,80,338,80,43,40,13,19,,3,68,7.59296,2.17421,3.49228,1.46487,0.200473,0.0574046,0.1430683471262455,0.254506,1.24141,0.286462,0.692098,,,4.3713,0.985855,0.728203,494.3399963378906,,,,,,,294.1,3.6762500000000005,301,3.7625,,,,,,,,,,,,,,,,,,,"Bailey Ober","21224",641927
"Foster Griffin","WSN",4,6,7,4.69603,17,17,0,0,,93,397,93,53,48,15,28,,6,90,8.71023,2.71352,3.20993,1.44558,0.226035,0.0704175,0.155617855489254,0.257385,1.30982,0.303931,0.684515,,,4.34805,0.980897,0.404872,999,,,,,,,339.90000000000003,3.6548387096774198,348,3.7419354838709675,,,,,,,,,,,,,,,,,,,"Foster Griffin","16432",656492
"Luis Castillo","SEA",6,5,6,3.92354,29,14,0,0,,95,401,89,45,42,13,29,,5,89,8.41885,2.76573,3.04399,1.25309,0.222141,0.0729769,0.14916399121284485,0.242116,1.24088,0.285608,0.733324,,,4.10761,0.96371,0.99368,171.0500030517578,,,,,,,387.70000000000005,4.081052631578948,382,4.021052631578947,,,,,,,,,,,,,,,,,,,"Luis Castillo","15689",622491
"Adrian Morejon","SDP",5,3,0,3.32192,42,0,1,9,,42,173,36,17,15,3,13,,1,44,9.42741,2.76241,3.41275,0.658157,0.25334,0.0742332,0.17910631746053696,0.224406,1.16152,0.290765,0.717869,,,2.93845,0.944564,0.588039,735.8499755859375,,,,,,,267.30000000000007,6.364285714285716,258,6.142857142857143,,,,,,,,,,,,,,,,,,,"Adrian Morejon","20039",670970
"Shota Imanaga","CHC",6,6,8,4.28864,18,18,0,0,,98,407,92,51,47,19,23,,3,94,8.57617,2.07829,4.12656,1.72472,0.230027,0.0557432,0.17428422719240189,0.242739,1.17252,0.274258,0.723897,,,4.47919,0.941092,0.814321,157.92999267578125,,,,,,,362.3,3.6969387755102043,353,3.6020408163265305,,,,,,,,,,,,,,,,,,,"Shota Imanaga","33829",684007
"Blake Snell","LAD",4,2,5,3.59807,9,9,0,0,,45,189,35,19,18,5,20,,1,56,11.3866,4.09134,2.78309,0.992751,0.299195,0.107505,0.19169019907712936,0.211028,1.24713,0.286637,0.743644,,,3.42581,0.93546,0.872419,178.41000366210938,,,,,,,229.5,5.1,209,4.644444444444445,,,,,,,,,,,,,,,,,,,"Blake Snell","13543",605483
"Andre Pallante","STL",6,7,8,4.40134,17,17,0,0,,91,398,92,49,45,9,35,,3,68,6.68536,3.42653,1.95106,0.88836,0.170501,0.0873889,0.0831119567155838,0.256774,1.39182,0.294684,0.686212,,,4.15779,0.929231,0.571064,999,,,,,,,345.49999999999994,3.796703296703296,360,3.956043956043956,,,,,,,,,,,,,,,,,,,"Andre Pallante","26108",669467
"Edward Cabrera","CHC",5,4,8,4.08957,17,17,0,0,,88,371,75,43,40,12,34,,5,90,9.24734,3.49991,2.64216,1.21842,0.243607,0.0921997,0.15140699595212936,0.22653,1.24451,0.275508,0.711485,,,4.13019,0.927506,1.02123,174.72000122070312,,,,,,,371.6,4.222727272727273,347,3.9431818181818183,,,,,,,,,,,,,,,,,,,"Edward Cabrera","21690",665795
"Alex Vesia","LAD",3,1,0,3.18666,38,0,3,8,,38,159,28,15,14,4,17,,2,50,11.6581,3.86427,3.0169,0.838166,0.313243,0.103829,0.2094133347272873,0.197568,1.15365,0.277122,0.751305,,,3.13106,0.927354,0.665062,743.4199829101562,,,,,,,249.2,6.557894736842105,228,6,,,,,,,,,,,,,,,,,,,"Alex Vesia","25007",681911
"Bubba Chandler","PIT",4,6,6,4.3088,23,15,0,0,,80,347,73,42,38,9,37,,5,78,8.79633,4.13888,2.12529,1.05653,0.224874,0.105809,0.11906572431325912,0.239002,1.37355,0.29188,0.705559,,,4.24485,0.926929,0.736466,150.00999450683594,,,,,,,321.5,4.01875,313,3.9125,,,,,,,,,,,,,,,,,,,"Bubba Chandler","29868",696149
"J.T. Ginn","ATH",4,5,6,4.58467,21,16,0,0,,84,364,81,47,43,11,33,,7,82,8.79669,3.57965,2.45741,1.18569,0.225823,0.0918944,0.13392814993858337,0.248915,1.35564,0.301611,0.684713,,,4.30085,0.909357,0.640414,748.3499755859375,,,,,,,319.69999999999993,3.8059523809523803,321,3.8214285714285716,,,,,,,,,,,,,,,,,,,"J.T. Ginn","27889",669372
"Connelly Early","BOS",5,5,7,4.3883,15,15,0,0,,75,320,71,40,36,10,27,,7,75,9.06821,3.30138,2.74679,1.16395,0.235132,0.0856023,0.14952973276376724,0.247177,1.31195,0.303634,0.691456,,,4.15374,0.902778,0.844989,266.4800109863281,,,,,,,295.4,3.9386666666666663,293,3.9066666666666667,,,,,,,,,,,,,,,,,,,"Connelly Early","33666",813349
"Christian Scott","NYM",2,2,6,4.22155,14,14,0,0,,63,268,58,32,30,7,22,,6,62,8.84063,3.2001,2.76261,1.01605,0.231723,0.0838783,0.1478448361158371,0.240212,1.26714,0.295841,0.682806,,,3.93888,0.898073,0.552035,748.5700073242188,,,,,,,269.3,4.2746031746031745,264,4.190476190476191,,,,,,,,,,,,,,,,,,,"Christian Scott","30107",681035
"Brady Singer","CIN",5,8,7,5.04124,18,18,0,0,,94,406,96,57,53,16,31,,6,85,8.12647,2.9278,2.77562,1.5004,0.209354,0.0754259,0.13392791897058487,0.25948,1.34308,0.298335,0.661661,,,4.63653,0.891019,0.33528,388.25,,,,,,,308.19999999999993,3.2787234042553184,321,3.4148936170212765,,,,,,,,,,,,,,,,,,,"Brady Singer","25377",663903
"Tyler Phillips","MIA",3,3,6,4.14592,18,12,0,0,,85,371,86,42,39,9,33,,3,65,6.90715,3.51244,1.96648,0.915721,0.175763,0.0893795,0.08638358116149902,0.25603,1.40067,0.295286,0.715257,,,4.15124,0.890873,1.00117,999,,,,,,,316.69999999999993,3.7258823529411758,330,3.8823529411764706,,,,,,,,,,,,,,,,,,,"Tyler Phillips","20629",663969
"Raisel Iglesias","ATL",3,1,0,3.13802,40,0,18,1,,40,162,33,15,14,4,9,,1,44,9.8279,2.06537,4.75843,0.893445,0.27106,0.0569643,0.21409618854522705,0.218881,1.05483,0.281481,0.737939,,,2.98334,0.889253,0.902627,100.62000274658203,,,,,,,313,7.825,300,7.5,,,,,,,,,,,,,,,,,,,"Raisel Iglesias","17130",628452
"Tatsuya Imai","HOU",4,4,7,4.26813,14,14,0,0,,72,310,64,37,34,11,30,,3,81,10.0984,3.68671,2.73913,1.36248,0.262307,0.0957631,0.16654444485902786,0.232512,1.30055,0.289074,0.721173,,,4.16486,0.880432,0.775262,999,,,,,,,294.1,4.084722222222222,280,3.888888888888889,,,,,,,,,,,,,,,,,,,"Tatsuya Imai","37124",837227
"Joey Cantillo","CLE",4,4,6,4.11133,22,14,0,0,,75,327,68,37,34,9,36,,1,79,9.4639,4.26487,2.21904,1.08985,0.241564,0.10886,0.13270413875579834,0.234122,1.37774,0.291208,0.729347,,,4.05161,0.872288,0.844118,270.80999755859375,,,,,,,314.5,4.193333333333333,305,4.066666666666666,,,,,,,,,,,,,,,,,,,"Joey Cantillo","23335",676282
"Roki Sasaki","LAD",4,4,5,4.52406,21,13,0,0,,74,318,70,41,37,12,27,,5,83,10.0359,3.27598,3.06349,1.44949,0.260293,0.0849661,0.17532692104578018,0.245028,1.30717,0.30396,0.703329,,,4.27107,0.871922,0.406622,289.7200012207031,,,,,,,288,3.891891891891892,284,3.8378378378378377,,,,,,,,,,,,,,,,,,,"Roki Sasaki","35323",808963
"Devin Williams","NYM",5,3,0,3.28456,40,0,17,3,,40,162,26,16,14,3,18,,2,55,12.4625,4.10582,3.03533,0.792155,0.337421,0.111165,0.22625627368688583,0.183892,1.11945,0.269557,0.725502,,,2.96936,0.869845,0.646815,59.470001220703125,,,,,,,338.5,8.4625,308,7.7,,,,,,,,,,,,,,,,,,,"Devin Williams","15816",642207
"Slade Cecconi","CLE",5,6,8,4.34045,17,17,0,0,,91,386,91,48,44,14,24,,4,76,7.47244,2.36387,3.1611,1.35609,0.19634,0.0621114,0.13422904536128044,0.254606,1.26206,0.288256,0.701971,,,4.31176,0.867796,0.825561,584.5599975585938,,,,,,,332.6,3.6549450549450553,341,3.7472527472527473,,,,,,,,,,,,,,,,,,,"Slade Cecconi","27500",677944
"Josh Hader","HOU",4,2,0,3.20739,38,0,19,1,,38,155,26,15,14,5,15,,1,54,12.8663,3.55087,3.62343,1.144,0.351381,0.0969748,0.254406675696373,0.189232,1.0829,0.269708,0.768592,,,3.18909,0.862448,0.769611,124.38999938964844,,,,,,,311.1,8.186842105263159,284,7.473684210526316,,,,,,,,,,,,,,,,,,,"Josh Hader","14212",623352
"Jack Perkins","ATH",4,3,3,3.66008,32,7,0,0,,67,280,56,29,27,6,26,,7,72,9.65749,3.48808,2.76871,0.846315,0.255802,0.0923903,0.16341142356395721,0.224617,1.22025,0.290803,0.714872,,,3.64285,0.858475,0.840403,999,,,,,,,321.4,4.797014925373134,302,4.507462686567164,,,,,,,,,,,,,,,,,,,"Jack Perkins","31468",678022
"Zac Gallen","ARI",8,7,9,4.1258,19,19,0,0,,107,455,102,53,49,15,34,,4,92,7.68491,2.84925,2.69717,1.25206,0.201563,0.0747313,0.12683141976594925,0.245009,1.26875,0.281015,0.717389,,,4.25412,0.856625,1.3209,222.69000244140625,,,,,,,412.1000000000001,3.851401869158879,410,3.8317757009345796,,,,,,,,,,,,,,,,,,,"Zac Gallen","19291",668678
"Merrill Kelly","ARI",6,6,9,4.18872,18,18,0,0,,103,440,103,52,48,15,33,,1,84,7.33304,2.86741,2.55738,1.32901,0.190216,0.0743795,0.11583684384822845,0.252672,1.31681,0.284637,0.730513,,,4.39189,0.842648,1.171,284.17999267578125,,,,,,,375.90000000000003,3.6495145631067962,386,3.7475728155339807,,,,,,,,,,,,,,,,,,,"Merrill Kelly","11156",518876
"Stephen Kolek","KCR",4,5,6,4.35336,21,14,0,0,,81,346,82,42,39,8,25,,6,57,6.37535,2.78063,2.29278,0.909254,0.16497,0.071952,0.09301777184009552,0.260969,1.33083,0.296446,0.67687,,,4.13467,0.842509,0.858294,999,,,,,,,308.8,3.812345679012346,322,3.9753086419753085,,,,,,,,,,,,,,,,,,,"Stephen Kolek","21487",663568
"Quinn Priester","MIL",4,3,5,4.09091,10,10,0,0,,63,270,59,31,29,8,21,,3,55,7.74126,3.02098,2.5625,1.06993,0.202303,0.0789474,0.12335525453090668,0.240506,1.26573,0.280872,0.706107,,,4.08227,0.840155,0.742721,592.1400146484375,,,,,,,252.40000000000006,4.006349206349207,249,3.9523809523809526,,,,,,,,,,,,,,,,,,,"Quinn Priester","25977",682990
"Anthony Kay","CHW",3,6,6,4.79719,15,15,0,0,,84,371,88,49,45,12,33,,6,70,7.43192,3.5256,2.10799,1.30906,0.187792,0.0890858,0.09870600700378418,0.263741,1.4292,0.301109,0.693418,,,4.73334,0.822756,0.36883,717.8599853515625,,,,,,,268.2,3.1928571428571426,287,3.4166666666666665,,,,,,,,,,,,,,,,,,,"Anthony Kay","20387",641743
"Rhett Lowder","CIN",4,5,5,4.60131,19,13,0,0,,68,292,68,38,35,8,23,,3,53,6.98182,3.0754,2.27022,1.0312,0.180106,0.0793342,0.10077164322137833,0.254551,1.3417,0.291435,0.665362,,,4.17758,0.815323,0.499647,552.219970703125,,,,,,,256.00000000000006,3.764705882352942,264,3.8823529411764706,,,,,,,,,,,,,,,,,,,"Rhett Lowder","33876",695076
"Andrew Painter","PHI",4,5,6,4.9118,21,16,0,0,,81,352,81,48,44,13,30,,1,75,8.34002,3.3393,2.49754,1.42016,0.21313,0.0853359,0.12779371440410614,0.253974,1.37688,0.294876,0.677934,,,4.4637,0.813614,0.218152,999,,,,,,,285.9,3.5296296296296292,293,3.617283950617284,,,,,,,,,,,,,,,,,,,"Andrew Painter","30091",691725
"Tanner Scott","LAD",4,2,0,3.42662,39,0,10,6,,39,161,32,16,15,4,12,,1,46,10.5526,2.86294,3.68592,1.01288,0.285145,0.0773607,0.2077847719192505,0.217419,1.13472,0.284945,0.737727,,,3.28928,0.811523,0.639099,712.8099975585938,,,,,,,283.20000000000005,7.261538461538462,270,6.923076923076923,,,,,,,,,,,,,,,,,,,"Tanner Scott","17586",656945
"Garrett Whitlock","BOS",3,2,0,3.24427,36,0,1,8,,36,148,31,14,13,4,10,,1,42,10.4348,2.3768,4.39024,0.898548,0.283107,0.0644854,0.2186213731765747,0.225141,1.11868,0.297551,0.742524,,,2.98086,0.80433,0.801559,624.97998046875,,,,,,,224.60000000000005,6.238888888888891,216,6,,,,,,,,,,,,,,,,,,,"Garrett Whitlock","20191",676477
"Gregory Soto","PIT",3,2,0,3.52749,40,0,16,2,,40,173,35,17,16,3,18,,4,47,10.4683,3.92,2.67049,0.584068,0.271605,0.101706,0.16989871859550476,0.231922,1.30401,0.319308,0.72372,,,3.23429,0.793926,0.625767,728.4099731445312,,,,,,,284.1,7.102500000000001,277,6.925,,,,,,,,,,,,,,,,,,,"Gregory Soto","19677",642397
"Braxton Garrett","MIA",3,3,4,4.10871,18,10,0,0,,57,241,55,28,26,7,17,,4,50,7.85385,2.73891,2.86751,1.04545,0.205532,0.0716761,0.13385562598705292,0.251637,1.27755,0.29772,0.700792,,,4.00278,0.790405,0.59093,604.1099853515625,,,,,,,229.69999999999993,4.029824561403507,231,4.052631578947368,,,,,,,,,,,,,,,,,,,"Braxton Garrett","21844",666129
"Brayan Bello","BOS",5,5,5,4.33132,18,12,0,0,,75,325,75,39,36,9,27,,4,62,7.36729,3.1833,2.31436,1.05191,0.189503,0.0818813,0.10762125998735428,0.254869,1.35256,0.295605,0.697648,,,4.18711,0.773588,0.858203,421.4100036621094,,,,,,,280.3,3.7373333333333334,289,3.8533333333333335,,,,,,,,,,,,,,,,,,,"Brayan Bello","23920",678394
"Ryan Weathers","NYY",3,4,4,4.51487,22,11,0,0,,68,291,64,37,34,10,24,,2,69,9.12019,3.19734,2.85243,1.29756,0.237762,0.0833542,0.15440751612186432,0.240839,1.28886,0.290346,0.684061,,,4.10763,0.764868,0.406059,232.55999755859375,,,,,,,273.80000000000007,4.026470588235295,270,3.9705882352941178,,,,,,,,,,,,,,,,,,,"Ryan Weathers","23796",677960
"Bryan Baker","TBR",2,2,0,3.77866,42,0,19,2,,42,176,36,19,18,5,16,,1,47,10.1479,3.41837,2.96865,1.02873,0.268109,0.0903133,0.17779547721147537,0.222727,1.229,0.285856,0.722785,,,3.51283,0.763836,0.516279,999,,,,,,,301.70000000000005,7.1833333333333345,291,6.928571428571429,,,,,,,,,,,,,,,,,,,"Bryan Baker","19804",641329
"Connor Prielipp","MIN",4,4,6,4.17005,22,14,0,0,,63,275,62,32,29,8,25,,4,62,8.75551,3.54789,2.46781,1.08112,0.223857,0.0907107,0.13314620405435562,0.252175,1.37321,0.307922,0.721621,,,4.10992,0.757438,0.656335,999,,,,,,,243.60000000000008,3.866666666666668,248,3.9365079365079363,,,,,,,,,,,,,,,,,,,"Connor Prielipp","31857",687570
"Fernando Cruz","NYY",4,2,0,3.58046,40,0,1,9,,40,170,32,17,16,4,20,,3,53,12.1264,4.55498,2.66223,0.860117,0.312827,0.117505,0.19532155990600586,0.218481,1.32215,0.314327,0.748705,,,3.36707,0.755777,0.562664,999,,,,,,,241.60000000000002,6.040000000000001,226,5.65,,,,,,,,,,,,,,,,,,,"Fernando Cruz","7048",518585
"Spencer Arrighetti","HOU",6,7,7,4.28364,22,16,0,0,,89,386,79,46,42,11,44,,8,91,9.21988,4.43227,2.08017,1.10963,0.235024,0.112983,0.12204103171825409,0.23653,1.38437,0.293021,0.715506,,,4.42136,0.753594,0.856962,728.3099975585938,,,,,,,343.9,3.8640449438202245,328,3.6853932584269664,,,,,,,,,,,,,,,,,,,"Spencer Arrighetti","29921",681293
"Tanner Gordon","COL",3,6,4,5.14138,27,12,0,0,,80,347,92,50,46,14,18,,2,62,6.93115,2.05237,3.37714,1.57153,0.177262,0.0524889,0.12477356940507889,0.2809,1.37888,0.309693,0.66813,,,4.57574,0.749113,0.360667,999,,,,,,,244.60000000000002,3.0575,282,3.525,,,,,,,,,,,,,,,,,,,"Tanner Gordon","27669",685299
"Pete Fairbanks","MIA",4,3,0,3.48651,37,0,17,2,,37,155,31,16,14,3,14,,2,41,9.96342,3.34538,2.97826,0.824224,0.265754,0.0892312,0.17652254551649094,0.218678,1.19018,0.285706,0.724224,,,3.34836,0.747424,0.523129,111.45999908447266,,,,,,,283.30000000000007,7.656756756756758,273,7.378378378378378,,,,,,,,,,,,,,,,,,,"Pete Fairbanks","17998",664126
"Luis Severino","ATH",3,4,5,4.57627,11,11,0,0,,62,267,61,34,32,8,22,,4,54,7.81181,3.19473,2.44521,1.14762,0.201527,0.0824167,0.11910988390445709,0.252797,1.33835,0.295686,0.677394,,,4.27598,0.747188,0.564938,642.52001953125,,,,,,,231.79999999999998,3.7387096774193544,236,3.806451612903226,,,,,,,,,,,,,,,,,,,"Luis Severino","15890",622663
"Mick Abel","MIN",4,4,4,4.09178,16,10,0,0,,57,244,53,28,26,6,23,,3,55,8.81034,3.6145,2.4375,0.980908,0.227012,0.0931331,0.1338789090514183,0.243137,1.33974,0.299272,0.71226,,,3.92364,0.746882,0.642851,298.7799987792969,,,,,,,242.19999999999993,4.249122807017542,239,4.192982456140351,,,,,,,,,,,,,,,,,,,"Mick Abel","27756",690953
"David Peterson","NYM",3,3,3,3.99204,26,7,0,0,,60,259,58,29,27,5,24,,3,55,8.22643,3.54602,2.3199,0.688422,0.211069,0.0909819,0.12008729577064514,0.248487,1.36011,0.307037,0.70069,,,3.59731,0.739744,0.442718,452.0400085449219,,,,,,,260.7,4.345,264,4.4,,,,,,,,,,,,,,,,,,,"David Peterson","20302",656849
"Dean Kremer","BAL",4,5,6,4.44537,17,13,0,0,,75,322,75,40,37,12,24,,2,67,7.99461,2.83508,2.81989,1.39892,0.207642,0.073635,0.13400746881961823,0.252447,1.30888,0.289793,0.707433,,,4.37037,0.735552,0.639446,999,,,,,,,268.4,3.5786666666666664,275,3.6666666666666665,,,,,,,,,,,,,,,,,,,"Dean Kremer","19350",665152
"Andrés Muñoz","SEA",4,2,0,3.08767,39,0,16,2,,39,158,27,15,13,4,14,,3,52,12.0292,3.28721,3.65938,0.893711,0.330677,0.0903643,0.2403125762939453,0.192659,1.05974,0.274421,0.745975,,,3.03248,0.735507,0.702738,41.189998626708984,,,,,,,310.20000000000005,7.953846153846155,284,7.282051282051282,,,,,,,,,,,,,,,,,,,"Andres Munoz","20373",662253
"Louis Varland","TOR",3,2,0,3.2838,41,0,15,3,,41,169,36,16,15,4,11,,1,42,9.22332,2.49178,3.70149,0.954564,0.247775,0.0669392,0.1808357611298561,0.231595,1.16362,0.289357,0.755591,,,3.35394,0.731822,0.858463,999,,,,,,,295.6,7.209756097560976,288,7.024390243902439,,,,,,,,,,,,,,,,,,,"Louis Varland","27691",686973
"Robert Suarez","ATL",4,2,0,3.31562,41,0,3,8,,41,168,35,16,15,4,11,,1,40,8.80304,2.48235,3.54626,0.809223,0.238034,0.0671227,0.1709115356206894,0.226636,1.13852,0.28219,0.72887,,,3.22353,0.727974,0.768115,214.39999389648438,,,,,,,254.20000000000005,6.200000000000001,244,5.951219512195122,,,,,,,,,,,,,,,,,,,"Robert Suarez","30115",663158
"Matt Brash","SEA",3,2,0,3.1155,38,0,3,8,,38,160,32,14,13,2,15,,3,44,10.4587,3.63354,2.87838,0.540121,0.274955,0.0955242,0.17943070083856583,0.22492,1.2485,0.309718,0.74903,,,2.97094,0.725728,0.731157,733.280029296875,,,,,,,254.39999999999998,6.694736842105263,245,6.447368421052632,,,,,,,,,,,,,,,,,,,"Matt Brash","25756",666374
"Garrett Cleavinger","TBR",4,2,0,3.41535,41,0,2,9,,41,170,31,17,16,4,16,,4,52,11.3876,3.42744,3.32246,0.918952,0.307985,0.0926977,0.21528711169958115,0.20607,1.1279,0.285643,0.726348,,,3.34885,0.716698,0.688232,505.4800109863281,,,,,,,263.6,6.429268292682927,243,5.926829268292683,,,,,,,,,,,,,,,,,,,"Garrett Cleavinger","17897",664076
"Yusei Kikuchi","LAA",2,3,5,4.38068,10,10,0,0,,51,223,52,27,25,7,20,,1,52,9.21072,3.53596,2.60487,1.27275,0.233191,0.0895212,0.1436699628829956,0.257334,1.41404,0.313814,0.727739,,,4.15643,0.699269,0.516213,506.57000732421875,,,,,,,197.10000000000008,3.8647058823529425,205,4.019607843137255,,,,,,,,,,,,,,,,,,,"Yusei Kikuchi","20633",579328
"Troy Melton","DET",3,3,4,4.23484,27,10,0,0,,66,281,66,34,31,9,20,,1,55,7.51438,2.69658,2.78663,1.19925,0.195644,0.0702082,0.12543626874685287,0.253299,1.30041,0.290843,0.708308,,,4.11533,0.693955,0.549404,743.22998046875,,,,,,,253.1000000000001,3.8348484848484863,260,3.9393939393939394,,,,,,,,,,,,,,,,,,,"Troy Melton","31807",675512
"Kyle Freeland","COL",4,8,6,5.22815,17,17,0,0,,87,383,102,55,50,15,24,,4,67,6.94703,2.46369,2.81977,1.54697,0.174878,0.0620185,0.11285918578505516,0.287006,1.44753,0.31847,0.676209,,,4.76639,0.689309,0.498638,999,,,,,,,244.10000000000008,2.8057471264367826,290,3.3333333333333335,,,,,,,,,,,,,,,,,,,"Kyle Freeland","16256",607536
"Zack Littell","WSN",4,7,7,4.78313,16,16,0,0,,93,402,103,54,50,16,22,,3,68,6.52524,2.08216,3.13387,1.57535,0.168714,0.0538356,0.11487838625907898,0.273436,1.33365,0.296134,0.694453,,,4.72693,0.68277,0.309907,709.4099731445312,,,,,,,284.6000000000001,3.0602150537634416,318,3.4193548387096775,,,,,,,,,,,,,,,,,,,"Zack Littell","15823",641793
"Abner Uribe","MIL",3,1,0,3.16604,42,0,5,6,,42,175,30,16,15,3,19,,3,49,10.4389,4.1173,2.53538,0.689453,0.279242,0.110138,0.16910361498594284,0.197697,1.17647,0.267621,0.742689,,,3.32983,0.68243,0.81494,167.27999877929688,,,,,,,276.90000000000003,6.592857142857143,252,6,,,,,,,,,,,,,,,,,,,"Abner Uribe","25327",682842
"Ryan Helsley","BAL",3,2,0,3.22569,31,0,14,3,,31,128,25,12,11,3,12,,0,36,10.7023,3.44671,3.10507,0.824213,0.284482,0.0916183,0.19286321103572845,0.216467,1.2016,0.290697,0.756506,,,3.11018,0.658384,0.64838,85.58999633789062,,,,,,,245.5,7.919354838709677,234,7.548387096774194,,,,,,,,,,,,,,,,,,,"Ryan Helsley","18138",664854
"Ryne Nelson","ARI",4,4,8,4.29671,16,16,0,0,,90,382,89,47,43,14,25,,3,75,7.47943,2.49026,3.00348,1.42486,0.196372,0.0653816,0.13099052757024765,0.251775,1.26528,0.282684,0.715146,,,4.41598,0.652037,0.864924,251.42999267578125,,,,,,,328.4,3.6488888888888886,334,3.7111111111111112,,,,,,,,,,,,,,,,,,,"Ryne Nelson","26253",669194
"Emerson Hancock","SEA",4,4,5,4.28108,35,13,0,0,,89,379,87,46,43,13,26,,5,79,7.95297,2.64777,3.00364,1.28772,0.208564,0.0694371,0.1391271874308586,0.250511,1.26832,0.290391,0.703443,,,4.24091,0.65065,0.397895,733.4199829101562,,,,,,,337.50000000000006,3.792134831460675,341,3.831460674157303,,,,,,,,,,,,,,,,,,,"Emerson Hancock","27470",676106
"Dylan Lee","ATL",2,1,0,3.06799,39,0,1,9,,39,159,33,14,13,5,10,,0,47,10.7756,2.3359,4.61304,1.0867,0.293715,0.0636705,0.23004429787397385,0.219833,1.09861,0.287466,0.783245,,,3.05698,0.649088,0.772744,999,,,,,,,246.3,6.315384615384616,235,6.0256410256410255,,,,,,,,,,,,,,,,,,,"Dylan Lee","19996",669276
"Justin Verlander","DET",3,5,6,4.76079,14,14,0,0,,73,315,74,42,38,12,26,,3,61,7.58562,3.16522,2.39655,1.44921,0.194323,0.0810842,0.11323831230401993,0.257706,1.36927,0.290877,0.694414,,,4.6771,0.643184,0.375016,658.8499755859375,,,,,,,235.20000000000002,3.221917808219178,244,3.3424657534246576,,,,,,,,,,,,,,,,,,,"Justin Verlander","8700",434378
"Carmen Mlodzinski","PIT",4,3,2,3.56861,38,4,1,6,,58,248,56,25,23,5,19,,2,50,7.70653,2.97778,2.58801,0.791843,0.200936,0.0776411,0.12329517304897308,0.247273,1.2936,0.296612,0.737005,,,3.63858,0.641843,0.692621,745.6199951171875,,,,,,,288.1,4.967241379310345,291,5.017241379310345,,,,,,,,,,,,,,,,,,,"Carmen Mlodzinski","27572",669387
"Joe Musgrove","SDP",3,3,4,3.8699,8,8,0,0,,46,194,43,21,20,6,12,,5,41,8.03749,2.38148,3.375,1.09151,0.210938,0.0625,0.1484375,0.245014,1.21279,0.289575,0.718816,,,3.98527,0.64059,0.645334,385.6199951171875,,,,,,,185.8,4.039130434782609,183,3.9782608695652173,,,,,,,,,,,,,,,,,,,"Joe Musgrove","12970",605397
"Spencer Schwellenbach","ATL",2,1,3,3.39214,5,5,0,0,,31,124,27,13,12,4,6,,1,30,8.80513,1.65998,5.30435,1.0826,0.244,0.046,0.1980000026524067,0.235169,1.07458,0.286567,0.734513,,,3.38392,0.640162,0.626735,743.1900024414062,,,,,,,149,4.806451612903226,142,4.580645161290323,,,,,,,,,,,,,,,,,,,"Spencer Schwellenbach","31846",680885
"Kodai Senga","NYM",4,4,6,4.03036,13,13,0,0,,65,280,57,31,29,8,30,,2,65,9.01124,4.19568,2.14774,1.17663,0.231763,0.10791,0.12385300546884537,0.230485,1.34682,0.278897,0.739019,,,4.29837,0.63439,0.78322,223.52000427246094,,,,,,,268.40000000000003,4.1292307692307695,255,3.923076923076923,,,,,,,,,,,,,,,,,,,"Kodai Senga","31838",673540
"Randy Vásquez","SDP",4,6,8,4.6625,18,18,0,0,,92,397,93,52,48,13,31,,6,66,6.42677,3.05104,2.10642,1.23665,0.165366,0.0785058,0.08686006814241409,0.259501,1.35468,0.286785,0.681036,,,4.67413,0.631213,0.244671,721.1699829101562,,,,,,,300.1000000000001,3.261956521739131,312,3.391304347826087,,,,,,,,,,,,,,,,,,,"Randy Vasquez","24719",681190
"Kevin Ginkel","ARI",3,2,0,3.50041,38,0,1,8,,38,161,34,16,15,3,13,,1,41,9.68225,3.13399,3.08943,0.764388,0.255458,0.0826876,0.17277011275291443,0.23179,1.23642,0.300717,0.728103,,,3.19384,0.630258,0.552482,556.52001953125,,,,,,,232.9,6.128947368421053,228,6,,,,,,,,,,,,,,,,,,,"Kevin Ginkel","19876",656464
"José A. Ferrer","SEA",2,1,0,3.32863,40,0,2,10,,40,166,36,16,15,3,11,,3,39,8.60839,2.38028,3.61654,0.563751,0.232242,0.0642167,0.1680256500840187,0.233481,1.14853,0.296831,0.703711,,,3.00083,0.6184,0.484581,999,,,,,,,251.50000000000003,6.2875000000000005,247,6.175,,,,,,,,,,,,,,,,,,,"Jose A. Ferrer","24017",678606
"Robbie Ray","SFG",5,6,9,4.38497,19,19,0,0,,101,434,95,53,49,16,40,,3,99,8.85069,3.55826,2.48736,1.43444,0.22811,0.0917076,0.1364026516675949,0.242801,1.33849,0.285875,0.725242,,,4.48868,0.607622,0.760784,166.44000244140625,,,,,,,372.60000000000014,3.6891089108910906,366,3.623762376237624,,,,,,,,,,,,,,,,,,,"Robbie Ray","11486",592662
"Orion Kerkering","PHI",4,3,0,3.56613,39,0,1,9,,39,164,33,17,15,4,14,,3,43,10.0505,3.33634,3.01242,0.849626,0.265418,0.0881078,0.17731008678674698,0.228596,1.23117,0.300061,0.728366,,,3.42675,0.602799,0.419798,999,,,,,,,229.60000000000002,5.887179487179488,219,5.615384615384615,,,,,,,,,,,,,,,,,,,"Orion Kerkering","31776",689147
"Will Vest","DET",4,2,0,3.48708,38,0,2,9,,38,158,33,16,15,3,12,,1,39,9.18934,2.86259,3.21014,0.736392,0.24478,0.0762521,0.1685282438993454,0.230037,1.19861,0.293112,0.717178,,,3.1551,0.597466,0.497323,485.7300109863281,,,,,,,243.5,6.407894736842105,236,6.2105263157894735,,,,,,,,,,,,,,,,,,,"Will Vest","19769",676684
"Colin Rea","CHC",5,5,5,4.5318,20,13,0,0,,83,355,84,45,42,12,25,,4,65,7.00782,2.70653,2.58923,1.33048,0.182133,0.0703427,0.11179041862487793,0.25684,1.30981,0.286858,0.691386,,,4.50663,0.588636,0.463913,748.260009765625,,,,,,,291.20000000000005,3.5084337349397594,302,3.63855421686747,,,,,,,,,,,,,,,,,,,"Colin Rea","12317",607067
"Aaron Civale","ATH",3,6,6,5.07735,15,15,0,0,,76,329,79,47,43,13,23,,3,63,7.43543,2.74055,2.71311,1.58929,0.191702,0.0706574,0.12104421854019165,0.261697,1.34234,0.290662,0.665805,,,4.77803,0.582316,0.189343,748.5800170898438,,,,,,,245.1,3.225,259,3.4078947368421053,,,,,,,,,,,,,,,,,,,"Aaron Civale","19479",650644
"Clay Holmes","NYM",3,2,3,3.8378,11,6,0,0,,38,164,38,18,16,3,13,,2,32,7.57667,3.09349,2.44923,0.690087,0.195107,0.0796604,0.11544634401798248,0.255911,1.34698,0.308675,0.712693,,,3.59979,0.580646,0.488513,330.6300048828125,,,,,,,164.5,4.328947368421052,170,4.473684210526316,,,,,,,,,,,,,,,,,,,"Clay Holmes","13649",605280
"Andrew Alvarez","WSN",3,4,4,4.45542,36,10,0,0,,77,336,79,41,38,9,29,,3,61,7.1573,3.40711,2.10069,1.07064,0.181643,0.0864679,0.09517473727464676,0.26104,1.41129,0.300385,0.701505,,,4.32505,0.575189,0.381643,999,,,,,,,279.70000000000005,3.632467532467533,294,3.8181818181818183,,,,,,,,,,,,,,,,,,,"Andrew Alvarez","29914",674841
"Jeremiah Estrada","SDP",3,2,0,3.38225,39,0,0,8,,39,161,29,16,15,4,17,,1,54,12.49,3.90816,3.19588,1.04755,0.332324,0.103985,0.22833853214979172,0.203543,1.19084,0.289298,0.761128,,,3.2174,0.573369,0.352128,623.5800170898438,,,,,,,250.00000000000003,6.410256410256411,229,5.871794871794871,,,,,,,,,,,,,,,,,,,"Jeremiah Estrada","22210",669093
"Mike Burrows","HOU",3,3,6,4.4368,14,14,0,0,,68,292,64,37,34,11,24,,3,66,8.62367,3.19191,2.70173,1.48321,0.224602,0.0831328,0.14146938920021057,0.242699,1.29478,0.28187,0.713246,,,4.50684,0.571675,0.525708,237.9499969482422,,,,,,,252.50000000000003,3.7132352941176476,248,3.6470588235294117,,,,,,,,,,,,,,,,,,,"Mike Burrows","24728",681347
"Chad Patrick","MIL",3,3,3,4.3159,34,7,0,0,,65,277,61,34,31,9,23,,2,61,8.40159,3.13385,2.68092,1.18177,0.21928,0.081793,0.13748715072870255,0.242267,1.28672,0.287358,0.694063,,,4.09311,0.568665,0.328709,288.6499938964844,,,,,,,258.70000000000005,3.980000000000001,255,3.923076923076923,,,,,,,,,,,,,,,,,,,"Chad Patrick","30113",694477
"Hurston Waldrep","ATL",4,4,5,4.26932,10,10,0,0,,52,226,49,27,25,6,22,,2,46,8.05662,3.85616,2.08929,1.0329,0.205263,0.0982456,0.10701753944158554,0.243615,1.3772,0.289125,0.710692,,,4.205,0.562928,0.501319,999,,,,,,,203.6,3.9153846153846152,202,3.8846153846153846,,,,,,,,,,,,,,,,,,,"Hurston Waldrep","33527",694462
"José Alvarado","PHI",3,2,0,3.47086,38,0,0,8,,38,159,32,16,15,3,15,,2,45,10.7569,3.53758,3.04074,0.786129,0.283725,0.0933078,0.190417118370533,0.223738,1.23362,0.304409,0.732845,,,3.21534,0.561231,0.390734,746.0700073242188,,,,,,,232.10000000000002,6.1078947368421055,222,5.842105263157895,,,,,,,,,,,,,,,,,,,"Jose Alvarado","17780",621237
"Mark Leiter Jr.","ATH",3,3,0,3.88762,40,0,5,7,,40,168,36,19,17,4,15,,3,43,9.74113,3.36965,2.89085,0.972926,0.254092,0.0878952,0.16619627177715302,0.238359,1.28415,0.305241,0.719128,,,3.67276,0.558643,0.37735,727.989990234375,,,,,,,238.20000000000002,5.955,233,5.825,,,,,,,,,,,,,,,,,,,"Mark Leiter Jr.","15551",643410
"Aaron Ashby","MIL",4,3,0,3.61297,44,1,2,10,,49,213,42,21,20,3,25,,3,55,10.0579,4.59345,2.18963,0.632809,0.257317,0.117516,0.1398007720708847,0.226759,1.3656,0.3038,0.733332,,,3.49699,0.558247,0.440752,999,,,,,,,292.50000000000006,5.969387755102042,282,5.755102040816326,,,,,,,,,,,,,,,,,,,"Aaron Ashby","23550",676879
"Shane Smith","CHW",2,3,4,4.19346,9,9,0,0,,44,187,38,22,21,5,18,,4,43,8.74293,3.61529,2.41832,1.07631,0.230025,0.0951177,0.13490736484527588,0.227967,1.25176,0.276918,0.687337,,,4.19795,0.558108,0.554869,245.5399932861328,,,,,,,185.3,4.211363636363637,175,3.977272727272727,,,,,,,,,,,,,,,,,,,"Shane Smith","31687",681343
"Jakob Junis","TEX",2,1,0,3.86061,39,0,4,7,,39,161,36,18,17,4,10,,2,32,7.45623,2.19899,3.39076,0.813071,0.199882,0.058949,0.14093264564871788,0.243463,1.17896,0.289132,0.677163,,,3.53853,0.556024,0.333859,999,,,,,,,221.80000000000004,5.687179487179488,219,5.615384615384615,,,,,,,,,,,,,,,,,,,"Jakob Junis","13619",596001
"Joe Boyle","TBR",3,3,3,4.1949,24,7,0,0,,51,222,42,26,24,5,28,,3,57,10.0455,4.95358,2.02793,0.92221,0.256033,0.126254,0.12977954745292664,0.221568,1.38188,0.287684,0.706743,,,4.02326,0.542319,0.454049,713.1400146484375,,,,,,,227.70000000000005,4.464705882352942,211,4.137254901960785,,,,,,,,,,,,,,,,,,,"Joe Boyle","29608",671212
"Eury Pérez","MIA",2,3,4,4.3667,9,9,0,0,,40,167,34,21,19,6,15,,2,43,9.7085,3.40593,2.85047,1.34221,0.255962,0.0897964,0.16616521030664444,0.226993,1.2394,0.27751,0.690873,,,4.14896,0.541229,0.380501,78.6500015258789,,,,,,,168.79999999999998,4.22,157,3.925,,,,,,,,,,,,,,,,,,,"Eury Perez","27768",691587
"Chase Dollander","COL",3,5,3,5.04993,16,10,0,0,,59,259,59,36,33,8,25,,5,55,8.34154,3.88019,2.14977,1.25035,0.210751,0.0980343,0.11271712183952332,0.256532,1.42628,0.304329,0.662769,,,4.61123,0.537976,0.416764,743.4400024414062,,,,,,,204.80000000000004,3.471186440677967,211,3.5762711864406778,,,,,,,,,,,,,,,,,,,"Chase Dollander","33482",801403
"Logan Allen","CLE",3,4,4,4.30809,24,9,0,0,,63,274,63,33,30,8,24,,2,54,7.76015,3.45023,2.24917,1.19784,0.197798,0.0879428,0.10985540598630905,0.255501,1.39024,0.296655,0.722594,,,4.36412,0.537946,0.446891,999,,,,,,,234.00000000000006,3.7142857142857153,241,3.8253968253968256,,,,,,,,,,,,,,,,,,,"Logan Allen","27589",671106
"Ryan Gusto","MIA",3,4,3,4.55804,20,9,0,0,,59,257,61,32,30,8,22,,2,49,7.54328,3.3465,2.25408,1.20131,0.191225,0.0848353,0.10639018565416336,0.262477,1.41466,0.302974,0.703845,,,4.39209,0.532115,0.358598,999,,,,,,,205.60000000000005,3.4847457627118654,217,3.6779661016949152,,,,,,,,,,,,,,,,,,,"Ryan Gusto","26440",687473
"Ryan Feltner","COL",3,5,5,5.39773,20,15,0,0,,74,329,78,48,44,11,33,,3,61,7.48962,3.97705,1.88321,1.3281,0.185936,0.0987337,0.08720273524522781,0.266302,1.50664,0.303852,0.657468,,,4.78938,0.522446,0.268116,999,,,,,,,223.5,3.02027027027027,241,3.2567567567567566,,,,,,,,,,,,,,,,,,,"Ryan Feltner","21446",663372
"Michael Lorenzen","COL",4,7,6,4.98927,23,16,0,0,,90,398,97,54,50,15,33,,4,67,6.69886,3.25017,2.06108,1.47273,0.169235,0.0821097,0.08712495863437653,0.268166,1.43285,0.294018,0.689742,,,4.94686,0.516096,0.688237,999,,,,,,,252.3,2.8033333333333337,278,3.088888888888889,,,,,,,,,,,,,,,,,,,"Michael Lorenzen","14843",547179
"Justin Steele","CHC",2,1,3,3.52264,5,5,0,0,,27,112,25,11,11,3,7,,1,25,8.35764,2.4175,3.45714,0.966999,0.22366,0.064695,0.1589648649096489,0.237052,1.18189,0.286104,0.736607,,,3.5407,0.508287,0.552208,605.5,,,,,,,123.9,4.5888888888888895,122,4.518518518518518,,,,,,,,,,,,,,,,,,,"Justin Steele","17312",657006
"Tomoyuki Sugano","COL",4,8,7,5.06186,18,18,0,0,,94,419,115,58,53,17,25,,3,58,5.51306,2.34116,2.35484,1.60955,0.138083,0.0586379,0.07944490760564804,0.293131,1.47504,0.30898,0.705257,,,5.07781,0.505068,0.663206,999,,,,,,,219.5,2.3351063829787235,281,2.9893617021276597,,,,,,,,,,,,,,,,,,,"Tomoyuki Sugano","35321",608372
"Peter Lambert","HOU",0,0,4,4.04607,18,9,0,0,,45,195,41,22,20,6,17,,2,43,8.61911,3.36745,2.55954,1.11017,0.220596,0.0861859,0.13441002368927002,0.230116,1.27614,0.274295,0.715602,,,4.0564,0.500724,0.475401,999,,,,,,,181.6,4.035555555555556,176,3.911111111111111,,,,,,,,,,,,,,,,,,,"Peter Lambert","17969",663567
"Adrian Houser","SFG",4,6,6,4.51356,21,15,0,0,,87,380,92,47,44,10,30,,4,60,6.24488,3.14407,1.98624,1.07206,0.158607,0.0798528,0.07875386625528336,0.267037,1.41146,0.298001,0.696028,,,4.45627,0.499217,0.453083,743.219970703125,,,,,,,299.6000000000001,3.443678160919541,323,3.7126436781609193,,,,,,,,,,,,,,,,,,,"Adrian Houser","12718",605288
"Brandon Pfaadt","ARI",3,3,3,4.43605,25,8,0,0,,63,266,63,34,31,9,16,,3,57,8.1915,2.33666,3.50564,1.26057,0.21455,0.0612013,0.15334827452898026,0.257917,1.27271,0.303373,0.684507,,,4.0466,0.49836,0.323373,588.5999755859375,,,,,,,248.70000000000005,3.9476190476190482,255,4.0476190476190474,,,,,,,,,,,,,,,,,,,"Brandon Pfaadt","27782",694297
"Walker Buehler","SDP",3,4,5,4.54014,17,12,0,0,,66,289,66,36,34,9,25,,4,58,7.84144,3.44691,2.27492,1.21362,0.200188,0.0879977,0.11219000816345215,0.255968,1.38308,0.29826,0.698951,,,4.44925,0.493751,0.188611,740.9299926757812,,,,,,,235.1000000000001,3.562121212121214,242,3.6666666666666665,,,,,,,,,,,,,,,,,,,"Walker Buehler","19374",621111
"Tyler Mahle","SFG",3,3,5,4.20551,11,11,0,0,,54,232,52,28,25,8,19,,0,47,7.80118,3.15327,2.474,1.24869,0.203166,0.0821204,0.12104546278715134,0.242513,1.2982,0.278723,0.715866,,,4.24753,0.487746,0.441068,322.7200012207031,,,,,,,203.00000000000006,3.7592592592592604,203,3.759259259259259,,,,,,,,,,,,,,,,,,,"Tyler Mahle","16358",641816
"Jacob Latz","TEX",1,1,0,4.30215,42,1,12,4,,47,203,42,24,23,6,21,,1,47,8.9188,3.96485,2.24947,1.06518,0.230259,0.102362,0.12789755314588547,0.231719,1.33093,0.282465,0.696295,,,4.0435,0.481633,0.127859,730.9299926757812,,,,,,,268.8,5.719148936170213,261,5.553191489361702,,,,,,,,,,,,,,,,,,,"Jacob Latz","21306",656641
"Noah Schultz","CHW",2,4,5,4.8922,13,13,0,0,,53,235,52,31,29,6,26,,6,47,7.98026,4.3738,1.82456,1.06729,0.199902,0.109562,0.09034038335084915,0.255026,1.46518,0.303639,0.673,,,4.65961,0.481541,0.221081,999,,,,,,,181.20000000000005,3.418867924528303,185,3.490566037735849,,,,,,,,,,,,,,,,,,,"Noah Schultz","32056",702273
"Brandon Sproat","MIL",3,4,4,4.61577,20,11,0,0,,63,271,59,35,32,8,26,,5,59,8.40999,3.70923,2.26731,1.20216,0.216487,0.0954816,0.12100502848625183,0.243993,1.34539,0.290065,0.680196,,,4.44526,0.477896,0.266612,528.2000122070312,,,,,,,239.40000000000006,3.800000000000001,236,3.746031746031746,,,,,,,,,,,,,,,,,,,"Brandon Sproat","33850",687075
"Sam Hentges","SFG",2,1,0,3.5375,37,0,1,8,,37,159,33,16,15,2,16,,1,37,8.87726,3.78348,2.34632,0.540498,0.231162,0.0985211,0.1326410099864006,0.229672,1.29465,0.294987,0.716533,,,3.29251,0.47344,0.269047,999,,,,,,,223.39999999999998,6.037837837837837,219,5.918918918918919,,,,,,,,,,,,,,,,,,,"Sam Hentges","18548",656529
"Tyler Rogers","TOR",3,2,0,3.56045,44,0,1,9,,44,184,43,19,17,4,11,,2,29,6.01791,2.28932,2.62869,0.743786,0.159697,0.0607515,0.098945502191782,0.249372,1.22623,0.282656,0.716977,,,3.70965,0.470341,0.589742,743.280029296875,,,,,,,224.60000000000002,5.104545454545455,228,5.181818181818182,,,,,,,,,,,,,,,,,,,"Tyler Rogers","15541",643511
"Nick Pivetta","SDP",2,2,3,3.82973,5,5,0,0,,29,118,24,13,12,4,9,,1,32,9.91349,2.72154,3.6426,1.35095,0.267261,0.073371,0.1938900575041771,0.222429,1.14652,0.272868,0.73047,,,3.83085,0.468511,0.433141,96.01000213623047,,,,,,,137.00000000000003,4.724137931034484,127,4.379310344827586,,,,,,,,,,,,,,,,,,,"Nick Pivetta","15454",601713
"Jeff Hoffman","TOR",5,2,0,3.16027,37,0,3,7,,37,149,27,14,13,4,13,,3,47,11.5131,3.1364,3.67081,1.09092,0.313905,0.0855138,0.22839094698429108,0.204263,1.09469,0.27744,0.770834,,,3.3868,0.463868,0.546178,99.63999938964844,,,,,,,243.40000000000003,6.578378378378379,222,6,,,,,,,,,,,,,,,,,,,"Jeff Hoffman","17432",656546
"Brandon Young","BAL",2,3,3,4.59096,16,9,0,0,,50,217,52,28,26,7,16,,1,42,7.55355,2.86119,2.64,1.309,0.194061,0.0735079,0.12055298686027527,0.260873,1.35699,0.298042,0.695811,,,4.34071,0.462203,0.233867,999,,,,,,,181.7,3.634,192,3.84,,,,,,,,,,,,,,,,,,,"Brandon Young","27819",687064
"Cristian Javier","HOU",3,4,5,4.60213,12,12,0,0,,57,249,51,32,29,8,28,,3,54,8.4367,4.40822,1.91386,1.31256,0.215466,0.112582,0.10288407653570175,0.233077,1.37919,0.272102,0.700739,,,4.72858,0.46089,0.343256,470.2799987792969,,,,,,,205.79999999999998,3.6105263157894734,196,3.43859649122807,,,,,,,,,,,,,,,,,,,"Cristian Javier","17606",664299
"Lucas Giolito","SDP",4,5,7,4.48742,16,16,0,0,,82,354,76,45,41,14,34,,3,76,8.36561,3.72686,2.24468,1.54248,0.215978,0.0962179,0.11976044625043869,0.238145,1.333,0.271067,0.723696,,,4.80765,0.458651,0.353878,728.47998046875,,,,,,,278.0000000000001,3.3902439024390256,269,3.2804878048780486,,,,,,,,,,,,,,,,,,,"Lucas Giolito","15474",608337
"Brooks Raley","NYM",2,2,0,3.87936,38,0,1,10,,38,160,32,18,16,3,15,,4,39,9.26361,3.43482,2.69697,0.728599,0.245964,0.0912003,0.1547640785574913,0.224093,1.21167,0.288805,0.676616,,,3.53941,0.455665,0.119232,999,,,,,,,227.10000000000002,5.976315789473685,217,5.7105263157894735,,,,,,,,,,,,,,,,,,,"Brooks Raley","10061",548384
"Dennis Santana","PIT",3,3,0,3.7893,39,0,2,8,,39,165,34,18,16,3,14,,2,35,8.05831,3.30699,2.43675,0.786905,0.212454,0.0871877,0.1252666935324669,0.231549,1.24564,0.281419,0.701543,,,3.71417,0.447219,0.361353,150.50999450683594,,,,,,,227.30000000000004,5.828205128205129,220,5.641025641025641,,,,,,,,,,,,,,,,,,,"Dennis Santana","17878",642701
"Daniel Palencia","CHC",3,2,0,3.7444,40,0,20,1,,40,167,33,18,17,4,16,,2,45,10.0836,3.60914,2.79392,0.999829,0.266297,0.0953131,0.17098399251699448,0.221525,1.23101,0.285819,0.72413,,,3.68851,0.438801,0.36759,91.05999755859375,,,,,,,301,7.525,288,7.2,,,,,,,,,,,,,,,,,,,"Daniel Palencia","27914",694037
"Trevor McDonald","SFG",4,4,5,4.24219,19,11,0,0,,69,295,69,35,32,8,22,,7,56,7.35986,2.9045,2.53395,1.06587,0.190772,0.0752866,0.1154855266213417,0.258616,1.31982,0.300983,0.699709,,,4.30058,0.438245,0.556552,748.5800170898438,,,,,,,257.80000000000007,3.736231884057972,266,3.8550724637681157,,,,,,,,,,,,,,,,,,,"Trevor McDonald","26448",686790
"Mason Englert","TBR",2,2,1,4.0925,34,3,0,3,,49,206,48,24,22,6,12,,2,44,8.00193,2.28762,3.49793,1.13907,0.211801,0.0605504,0.15125028416514397,0.25004,1.22944,0.294202,0.69867,,,3.86262,0.43239,0.347588,999,,,,,,,222,4.530612244897959,225,4.591836734693878,,,,,,,,,,,,,,,,,,,"Mason Englert","22288",669438
"Patrick Corbin","TOR",3,5,4,5.46609,17,12,0,0,,65,291,76,43,39,10,22,,2,51,7.0936,3.11684,2.2759,1.39108,0.175538,0.0771292,0.09840889275074005,0.286361,1.52245,0.322829,0.660225,,,4.68491,0.421321,-0.250974,999,,,,,,,190.4,2.9292307692307693,225,3.4615384615384617,,,,,,,,,,,,,,,,,,,"Patrick Corbin","9323",571578
"Reynaldo López","ATL",4,3,2,3.81605,37,5,0,4,,58,247,52,27,25,7,22,,1,58,9.024,3.33204,2.70825,1.08083,0.236242,0.0872304,0.14901160448789597,0.233949,1.27156,0.286176,0.734695,,,3.83375,0.419786,0.423094,302.9100036621094,,,,,,,270.90000000000003,4.670689655172414,262,4.517241379310345,,,,,,,,,,,,,,,,,,,"Reynaldo Lopez","16400",625643
"Luke Weaver","NYM",3,2,0,4.03094,41,0,4,8,,41,175,38,20,19,5,14,,1,45,9.88042,3.04871,3.24085,1.17115,0.258953,0.0799028,0.17905045300722122,0.238997,1.2636,0.30083,0.718289,,,3.70844,0.402372,0.0722188,733.510009765625,,,,,,,240.10000000000002,5.85609756097561,237,5.780487804878049,,,,,,,,,,,,,,,,,,,"Luke Weaver","16918",596133
"Riley O'Brien","STL",3,2,0,3.55613,41,0,17,3,,41,174,35,18,16,3,17,,5,43,9.5388,3.7354,2.55362,0.682117,0.249144,0.0975648,0.15157898515462875,0.232868,1.27933,0.306114,0.724368,,,3.59649,0.399617,0.437949,264.0400085449219,,,,,,,292.50000000000006,7.134146341463416,283,6.902439024390244,,,,,,,,,,,,,,,,,,,"Riley O'Brien","20348",676617
"Kirby Yates","LAA",3,3,0,3.88726,37,0,10,5,,37,158,30,18,16,4,18,,3,45,10.9236,4.23109,2.58175,1.01353,0.285645,0.11064,0.17500460892915726,0.215639,1.26922,0.288515,0.719478,,,3.76999,0.399425,0.270415,269.42999267578125,,,,,,,243.60000000000002,6.583783783783784,230,6.216216216216216,,,,,,,,,,,,,,,,,,,"Kirby Yates","9073",489446
"Keaton Winn","SFG",2,2,0,3.99283,40,1,11,6,,44,187,43,21,19,4,14,,2,39,7.98251,2.8733,2.77817,0.859966,0.207793,0.0747951,0.1329982429742813,0.25135,1.29944,0.303249,0.70107,,,3.67768,0.396723,0.214643,999,,,,,,,273.6,6.218181818181819,277,6.295454545454546,,,,,,,,,,,,,,,,,,,"Keaton Winn","23499",676775
"Danny Coulombe","BOS",2,1,0,3.65683,38,0,1,8,,38,164,35,17,15,3,15,,1,35,8.2874,3.66228,2.26291,0.704945,0.213666,0.094421,0.1192452609539032,0.241108,1.33914,0.297809,0.729978,,,3.60951,0.396063,0.369288,999,,,,,,,212.3,5.586842105263158,210,5.526315789473684,,,,,,,,,,,,,,,,,,,"Danny Coulombe","13293",543056
"Erik Sabrowski","CLE",2,1,0,3.45136,33,0,1,9,,33,141,23,14,13,3,20,,1,47,12.8347,5.61257,2.28678,0.881776,0.330249,0.144417,0.18583282828330994,0.193105,1.33045,0.285006,0.765634,,,3.49826,0.395397,0.39385,999,,,,,,,219.50000000000006,6.651515151515153,198,6,,,,,,,,,,,,,,,,,,,"Erik Sabrowski","24978",681870
"Keider Montero","DET",2,3,3,4.49024,15,7,0,0,,46,198,47,25,23,6,15,,2,36,7.14574,2.95703,2.41653,1.26659,0.183985,0.0761362,0.10784893482923508,0.258658,1.34918,0.292212,0.700324,,,4.45349,0.393842,0.299342,999,,,,,,,165.40000000000003,3.5956521739130443,173,3.760869565217391,,,,,,,,,,,,,,,,,,,"Keider Montero","22630",672456
"Enyel De Los Santos","HOU",2,2,0,3.63638,39,0,1,10,,39,161,33,17,16,5,12,,1,39,9.01502,2.8049,3.21402,1.10747,0.241513,0.0751436,0.16636965423822403,0.22751,1.17571,0.277202,0.734011,,,3.74841,0.385154,0.421583,999,,,,,,,225.3,5.776923076923077,214,5.487179487179487,,,,,,,,,,,,,,,,,,,"Enyel De Los Santos","18403",660853
"Max Scherzer","TOR",3,4,4,4.74297,18,12,0,0,,63,267,62,36,33,12,19,,3,57,8.18705,2.73407,2.99446,1.75707,0.213718,0.0713712,0.14234694093465805,0.25148,1.28679,0.280949,0.704479,,,4.86452,0.384347,0.310398,546.9299926757812,,,,,,,205.40000000000003,3.2603174603174607,207,3.2857142857142856,,,,,,,,,,,,,,,,,,,"Max Scherzer","3137",453286
"Anthony Bender","MIA",3,2,0,3.49126,38,0,2,8,,38,162,34,16,15,4,15,,3,39,9.08274,3.39946,2.67181,0.826897,0.239104,0.0894914,0.14961302280426025,0.23076,1.24804,0.2915,0.738236,,,3.6268,0.379871,0.560724,999,,,,,,,209.6,5.515789473684211,204,5.368421052631579,,,,,,,,,,,,,,,,,,,"Anthony Bender","19742",669622
"David Festa","MIN",2,2,2,4.22028,18,5,0,0,,37,158,35,19,17,5,13,,2,37,9.12759,3.14068,2.90625,1.17775,0.237852,0.0818414,0.156010240316391,0.242254,1.2868,0.296,0.711462,,,3.95384,0.37984,0.292839,999,,,,,,,150.3,4.062162162162163,149,4.027027027027027,,,,,,,,,,,,,,,,,,,"David Festa","30056",701581
"Brent Headrick","NYY",2,2,0,3.95784,38,0,0,9,,38,157,33,18,17,5,12,,1,41,9.72064,2.80183,3.46939,1.09596,0.259205,0.0747119,0.18449264764785767,0.230579,1.19227,0.289899,0.699038,,,3.56492,0.379509,0.175445,999,,,,,,,212.89999999999998,5.602631578947368,204,5.368421052631579,,,,,,,,,,,,,,,,,,,"Brent Headrick","27702",687396
"Rico Garcia","BAL",2,2,0,3.97621,40,0,4,7,,40,174,36,19,18,5,18,,1,45,10.0884,4.08957,2.46686,1.13141,0.259324,0.105123,0.1542009711265564,0.23113,1.3451,0.293431,0.739783,,,3.90204,0.376627,0.263057,999,,,,,,,221.9,5.5475,216,5.4,,,,,,,,,,,,,,,,,,,"Rico Garcia","20023",670329
"Lucas Erceg","KCR",4,4,0,4.08544,40,0,11,5,,40,173,37,20,18,3,19,,3,37,8.27576,4.21702,1.96247,0.678341,0.210877,0.107455,0.10342169553041458,0.240931,1.3896,0.29904,0.697923,,,3.85696,0.365137,0.264347,490.70001220703125,,,,,,,245.90000000000003,6.147500000000001,244,6.1,,,,,,,,,,,,,,,,,,,"Lucas Erceg","19360",668674
"Bryan Hudson","CHW",2,3,0,4.31043,41,0,1,9,,41,177,39,21,20,4,17,,2,39,8.67322,3.78328,2.29251,0.848529,0.221814,0.0967559,0.12505818903446198,0.246261,1.37233,0.305475,0.686706,,,3.83826,0.362058,0.0781304,999,,,,,,,214.80000000000004,5.2390243902439035,215,5.2439024390243905,,,,,,,,,,,,,,,,,,,"Bryan Hudson","19924",663542
"Martín Pérez","ATL",3,3,3,4.24845,17,7,0,0,,48,208,49,24,23,6,18,,2,38,7.15358,3.31099,2.16056,1.10366,0.18204,0.0842559,0.09778390824794769,0.260538,1.39959,0.298799,0.721952,,,4.32697,0.351742,0.436523,999,,,,,,,170.00000000000003,3.5416666666666674,178,3.7083333333333335,,,,,,,,,,,,,,,,,,,"Martin Perez","6902",527048
"Braydon Fisher","TOR",2,2,0,3.63905,38,0,1,9,,38,161,31,17,15,4,17,,2,43,10.3277,4.03958,2.55663,0.983126,0.270251,0.105706,0.1645447164773941,0.218913,1.26852,0.2856,0.743124,,,3.73379,0.350047,0.356058,999,,,,,,,221.4,5.826315789473685,208,5.473684210526316,,,,,,,,,,,,,,,,,,,"Braydon Fisher","24609",680755
"Grant Holmes","ATL",4,4,4,4.57341,29,11,0,0,,79,343,77,43,40,12,33,,3,75,8.6323,3.7229,2.3187,1.38543,0.220007,0.0948836,0.12512321025133133,0.249356,1.38737,0.293634,0.712564,,,4.55025,0.35002,0.355599,369.45001220703125,,,,,,,278.8,3.529113924050633,281,3.5569620253164556,,,,,,,,,,,,,,,,,,,"Grant Holmes","16944",656550
"Sean Newcomb","CHW",1,1,0,3.82927,40,0,1,7,,40,170,38,18,17,3,14,,3,36,8.27821,3.22388,2.56778,0.791542,0.214232,0.0834308,0.1308007761836052,0.250102,1.32318,0.307666,0.717227,,,3.71248,0.348549,0.308659,999,,,,,,,214.3,5.3575,215,5.375,,,,,,,,,,,,,,,,,,,"Sean Newcomb","16943",656794
"Hunter Dobbins","STL",3,4,3,4.6853,34,9,0,0,,73,318,77,41,38,9,25,,3,52,6.41795,3.07242,2.08889,1.15094,0.16377,0.0784003,0.08536927402019501,0.264576,1.39049,0.294862,0.680697,,,4.5067,0.344873,0.117144,999,,,,,,,249.30000000000007,3.415068493150686,268,3.671232876712329,,,,,,,,,,,,,,,,,,,"Hunter Dobbins","30240",690928
"David Sandlin","CHW",3,5,3,5.00351,15,8,0,0,,52,227,56,31,29,8,18,,1,43,7.47194,3.15986,2.36464,1.48391,0.188471,0.0797039,0.10876718908548355,0.269217,1.43673,0.303132,0.690308,,,4.70354,0.344366,0.0513046,999,,,,,,,169.79999999999998,3.265384615384615,185,3.5576923076923075,,,,,,,,,,,,,,,,,,,"David Sandlin","31743",689818
"Tyler Alexander","TEX",3,5,1,4.74365,41,3,1,9,,56,239,57,32,30,8,15,,2,46,7.42052,2.4258,3.059,1.29519,0.19408,0.0634457,0.13063450157642365,0.256885,1.2816,0.292176,0.656123,,,4.25055,0.340725,-0.168664,999,,,,,,,249.8,4.460714285714286,258,4.607142857142857,,,,,,,,,,,,,,,,,,,"Tyler Alexander","17735",641302
"Corbin Burnes","ARI",1,1,2,3.19355,3,3,0,0,,19,76,16,7,7,2,6,,1,17,8.36129,2.7871,3,0.870968,0.227129,0.0757098,0.15141955763101578,0.227586,1.16129,0.27791,0.761006,,,3.54841,0.339874,0.499034,738.0999755859375,,,,,,,87.4,4.6000000000000005,82,4.315789473684211,,,,,,,,,,,,,,,,,,,"Corbin Burnes","19361",669203
"Bryan King","HOU",2,2,0,3.6838,40,0,2,8,,40,167,36,18,16,4,12,,4,37,8.36008,2.75914,3.02996,0.992049,0.222655,0.0734843,0.14917031675577164,0.237332,1.20241,0.287191,0.72275,,,3.87025,0.337933,0.431491,748.469970703125,,,,,,,221.20000000000002,5.53,216,5.4,,,,,,,,,,,,,,,,,,,"Bryan King","25890",687911
"JoJo Romero","STL",3,2,0,3.56244,40,0,4,8,,40,171,35,17,16,4,16,,2,41,9.04572,3.57841,2.52786,0.829016,0.237328,0.0938849,0.14344295114278793,0.228744,1.26231,0.287954,0.734161,,,3.65476,0.332595,0.479132,479.0799865722656,,,,,,,235.8,5.8950000000000005,228,5.7,,,,,,,,,,,,,,,,,,,"JoJo Romero","19574",668941
"Evan Sisk","PIT",1,1,0,3.71706,37,0,1,8,,37,160,33,17,15,3,16,,3,39,9.42308,3.97304,2.37176,0.72133,0.243386,0.102618,0.14076769351959229,0.234689,1.32714,0.304354,0.722853,,,3.63502,0.327106,0.238916,999,,,,,,,209.10000000000002,5.651351351351352,204,5.513513513513513,,,,,,,,,,,,,,,,,,,"Evan Sisk","24995",681895
"Walbert Ureña","LAA",3,5,5,5.12062,14,14,0,0,,67,300,68,41,38,8,35,,4,53,7.18007,4.73317,1.51697,1.11369,0.176903,0.116616,0.06028692424297333,0.258979,1.54161,0.297278,0.674655,,,4.87967,0.323932,0.1445,999,,,,,,,209.59999999999997,3.1283582089552233,220,3.283582089552239,,,,,,,,,,,,,,,,,,,"Walbert Urena","29357",700712
"Matt Strahm","KCR",2,2,0,3.81506,37,0,1,8,,37,155,32,17,16,5,12,,2,38,9.23975,2.78223,3.32099,1.12205,0.24719,0.0744328,0.1727575659751892,0.229812,1.18057,0.282797,0.7155,,,3.75459,0.319813,0.296178,720.1400146484375,,,,,,,200.10000000000002,5.408108108108109,191,5.162162162162162,,,,,,,,,,,,,,,,,,,"Matt Strahm","13799",621381
"Hunter Gaddis","CLE",2,2,0,3.77297,40,0,1,9,,40,167,36,18,17,5,13,,2,39,8.69884,2.92884,2.97006,1.10489,0.230599,0.0776413,0.15295793861150742,0.234767,1.22045,0.283596,0.729348,,,3.90317,0.317111,0.415491,999,,,,,,,214.9,5.3725000000000005,209,5.225,,,,,,,,,,,,,,,,,,,"Hunter Gaddis","25636",683769
"Mason Montgomery","PIT",2,2,0,3.8894,38,0,1,9,,38,165,35,18,17,4,16,,2,43,10.1678,3.7131,2.73836,1.01266,0.263355,0.0961726,0.16718248277902603,0.234525,1.31245,0.303443,0.729671,,,3.66492,0.31683,0.238073,748.4400024414062,,,,,,,214,5.631578947368421,211,5.552631578947368,,,,,,,,,,,,,,,,,,,"Mason Montgomery","29770",682254
"Jaden Hill","COL",2,2,0,4.3577,38,0,2,8,,38,163,34,20,18,4,16,,4,41,9.66543,3.79714,2.54545,0.946088,0.249894,0.0981727,0.15172141790390015,0.238984,1.32199,0.307264,0.677292,,,3.9158,0.315549,0.248251,999,,,,,,,207.6,5.463157894736842,202,5.315789473684211,,,,,,,,,,,,,,,,,,,"Jaden Hill","30250",677955
"Jacob Lopez","ATH",3,4,2,4.7204,22,6,0,0,,47,206,44,27,25,7,22,,2,47,9.01446,4.14209,2.17631,1.3807,0.22908,0.105261,0.12381934374570847,0.242868,1.39849,0.289801,0.699825,,,4.6215,0.310937,0.160909,409.239990234375,,,,,,,169.30000000000004,3.602127659574469,166,3.5319148936170213,,,,,,,,,,,,,,,,,,,"Jacob Lopez","25098",682052
"Jonathan Loáisiga","ARI",2,1,0,3.37748,38,0,1,10,,38,159,37,15,14,3,10,,2,30,7.10033,2.48438,2.85799,0.764425,0.186574,0.0652817,0.12129256874322891,0.252899,1.26322,0.29781,0.747447,,,3.60469,0.307951,0.591288,999,,,,,,,217.10000000000002,5.713157894736843,220,5.7894736842105265,,,,,,,,,,,,,,,,,,,"Jonathan Loaisiga","19753",642528
"Mason Fluharty","TOR",2,2,0,3.60623,35,0,1,7,,35,146,29,15,14,3,14,,2,39,10.136,3.53987,2.86337,0.874678,0.26787,0.0935506,0.1743195652961731,0.222444,1.22784,0.291646,0.7257,,,3.47255,0.306554,0.257867,999,,,,,,,209.70000000000002,5.991428571428572,199,5.685714285714286,,,,,,,,,,,,,,,,,,,"Mason Fluharty","31553",689254
"Drew Anderson","DET",3,3,0,4.19501,40,1,1,7,,45,191,40,23,21,6,17,,2,51,10.3203,3.35985,3.07165,1.27531,0.269839,0.0878483,0.1819905862212181,0.234758,1.27194,0.298063,0.712859,,,3.91703,0.298448,0.106101,999,,,,,,,233.2,5.182222222222222,225,5,,,,,,,,,,,,,,,,,,,"Drew Anderson","15130",623454
"Camilo Doval","NYY",2,2,0,3.90728,38,0,1,8,,38,161,31,18,17,4,16,,2,42,9.91342,3.67314,2.6989,0.882771,0.262349,0.097206,0.16514281928539276,0.21782,1.22295,0.282042,0.691818,,,3.54858,0.295359,0.130414,663.6500244140625,,,,,,,218.4,5.747368421052632,205,5.394736842105263,,,,,,,,,,,,,,,,,,,"Camilo Doval","21992",666808
"A.J. Minter","NYM",4,2,0,3.46669,36,0,0,8,,36,149,30,15,14,4,12,,1,40,10.1639,2.98488,3.40513,1.01027,0.272174,0.0799307,0.19224365055561066,0.22151,1.17315,0.285158,0.742588,,,3.35496,0.294912,0.236484,999,,,,,,,212.20000000000005,5.894444444444446,201,5.583333333333333,,,,,,,,,,,,,,,,,,,"A.J. Minter","18655",621345
"Eduard Bazardo","SEA",2,2,0,3.57015,38,0,1,8,,38,158,33,16,15,4,13,,2,37,8.73617,3.03785,2.87578,0.87739,0.232519,0.0808545,0.15166498720645905,0.228286,1.20368,0.281978,0.723862,,,3.57077,0.293005,0.287251,999,,,,,,,212.2,5.584210526315789,204,5.368421052631579,,,,,,,,,,,,,,,,,,,"Eduard Bazardo","20997",660825
"Jack Kochanowicz","LAA",3,6,4,5.20416,23,13,0,0,,76,340,81,48,44,10,32,,7,50,5.93651,3.77211,1.57379,1.12779,0.14846,0.0943324,0.05412711948156357,0.269447,1.48023,0.29678,0.652751,,,4.92798,0.288177,0.0236153,999,,,,,,,211.79999999999998,2.786842105263158,233,3.0657894736842106,,,,,,,,,,,,,,,,,,,"Jack Kochanowicz","27688",686799
"Cole Sands","MIN",2,2,0,4.10979,34,0,4,6,,34,145,32,17,16,4,11,,2,34,8.77121,2.79616,3.13688,1.1057,0.231635,0.0738425,0.15779265016317368,0.240672,1.236,0.292093,0.695158,,,3.8392,0.279118,0.154011,735.4400024414062,,,,,,,192.20000000000005,5.6529411764705895,191,5.617647058823529,,,,,,,,,,,,,,,,,,,"Cole Sands","21461",663485
"Jordan Montgomery","TEX",1,2,1,4.72277,10,4,0,0,,30,130,30,17,16,4,11,,1,24,7.30693,3.20792,2.27778,1.15842,0.187215,0.0821918,0.10502282530069351,0.255639,1.36634,0.292763,0.676127,,,4.31117,0.275774,0.178633,999,,,,,,,106.80000000000001,3.5600000000000005,110,3.6666666666666665,,,,,,,,,,,,,,,,,,,"Jordan Montgomery","16511",656756
"Ian Seymour","TBR",3,3,1,4.33101,43,2,1,10,,53,222,49,28,25,8,17,,3,52,8.85708,2.88383,3.07129,1.31343,0.233582,0.0760535,0.15752870589494705,0.240349,1.2414,0.286863,0.692642,,,4.1762,0.272726,0.249067,521.1400146484375,,,,,,,255.40000000000006,4.818867924528303,250,4.716981132075472,,,,,,,,,,,,,,,,,,,"Ian Seymour","27932",693855
"Taylor Rogers","MIN",3,3,0,4.14201,37,0,2,9,,37,160,36,18,17,4,15,,3,36,8.71444,3.60197,2.41935,0.955361,0.223197,0.092255,0.13094251602888107,0.249938,1.36582,0.308164,0.711117,,,3.9711,0.271933,0.197574,415.510009765625,,,,,,,195.00000000000003,5.270270270270271,197,5.324324324324325,,,,,,,,,,,,,,,,,,,"Taylor Rogers","13449",573124
"Gus Varland","WSN",2,2,0,4.40782,39,0,4,7,,39,173,39,21,19,4,18,,2,38,8.65452,4.16174,2.07955,0.874911,0.217278,0.104483,0.11279435455799103,0.253588,1.45281,0.313761,0.699063,,,4.00443,0.268651,-0.122794,999,,,,,,,202.00000000000003,5.179487179487181,207,5.3076923076923075,,,,,,,,,,,,,,,,,,,"Gus Varland","24737",681402
"Eric Orze","MIN",2,2,0,3.82851,35,0,1,7,,35,153,32,16,15,3,17,,1,35,8.9737,4.28202,2.09567,0.75106,0.2293,0.109416,0.11988376826047897,0.234349,1.37493,0.295942,0.725341,,,3.72859,0.267604,0.192906,999,,,,,,,187.90000000000003,5.368571428571429,185,5.285714285714286,,,,,,,,,,,,,,,,,,,"Eric Orze","27626",679358
"Robert Gasser","MIL",2,2,1,4.33592,19,4,0,0,,33,142,31,18,16,4,12,,4,32,8.61772,3.09714,2.78248,1.17897,0.225054,0.0808826,0.14417146891355515,0.246821,1.28341,0.297492,0.69067,,,4.23855,0.267326,0.117146,748.5800170898438,,,,,,,130.40000000000006,3.9515151515151534,129,3.909090909090909,,,,,,,,,,,,,,,,,,,"Robert Gasser","29812",688107
"Colin Holderman","CLE",3,2,0,3.65237,36,0,0,9,,36,154,32,16,15,3,14,,2,38,9.46591,3.51366,2.69403,0.825972,0.247316,0.0918014,0.15551426261663437,0.233768,1.27831,0.299896,0.728113,,,3.55629,0.266208,0.210132,999,,,,,,,210.30000000000007,5.841666666666669,205,5.694444444444445,,,,,,,,,,,,,,,,,,,"Colin Holderman","22361",670059
"Jake Irvin","WSN",3,4,4,4.8099,17,10,0,0,,59,256,60,34,32,9,21,,3,49,7.39564,3.1593,2.34091,1.44449,0.190018,0.0811727,0.10884515196084976,0.257034,1.35728,0.288395,0.685491,,,4.77535,0.265161,0.171186,999,,,,,,,195.90000000000003,3.320338983050848,204,3.457627118644068,,,,,,,,,,,,,,,,,,,"Jake Irvin","21504",663623
"Justin Sterner","ATH",2,2,0,4.07945,38,0,3,7,,38,159,34,19,17,5,13,,2,38,9.13729,3.0698,2.97651,1.12285,0.240962,0.0809545,0.16000740975141525,0.235337,1.24052,0.288854,0.701627,,,3.86898,0.262579,0.147244,547.0499877929688,,,,,,,205.29999999999998,5.402631578947368,199,5.2368421052631575,,,,,,,,,,,,,,,,,,,"Justin Sterner","27694",686993
"Juan Mejia","COL",2,2,0,4.43268,38,0,4,6,,38,168,35,21,19,4,19,,4,41,9.51616,4.3759,2.17467,0.993655,0.24211,0.111332,0.13077827543020248,0.240112,1.39158,0.305419,0.692178,,,4.21368,0.261572,0.170013,748.510009765625,,,,,,,198,5.2105263157894735,195,5.131578947368421,,,,,,,,,,,,,,,,,,,"Juan Mejia","23237",675848
"Caleb Thielbar","CHC",3,3,0,4.20532,37,0,1,10,,37,158,34,19,17,5,13,,0,38,9.13918,3.23958,2.8211,1.17398,0.239864,0.085025,0.15483906120061874,0.232483,1.26049,0.28233,0.698228,,,3.84792,0.25788,-0.0353196,999,,,,,,,205.9,5.564864864864865,202,5.45945945945946,,,,,,,,,,,,,,,,,,,"Caleb Thielbar","10078",573204
"Gabe Speier","SEA",3,2,0,3.46575,37,0,0,8,,37,151,31,15,14,4,11,,3,42,10.2692,2.81492,3.64815,0.96437,0.276378,0.0757584,0.20061958581209183,0.224153,1.15217,0.2933,0.732024,,,3.36533,0.257634,0.265051,999,,,,,,,218.00000000000003,5.891891891891893,207,5.594594594594595,,,,,,,,,,,,,,,,,,,"Gabe Speier","17170",642100
"JR Ritchie","ATL",2,3,4,4.61516,9,9,0,0,,44,189,42,24,22,6,18,,4,38,7.93551,3.63509,2.18303,1.19154,0.203781,0.093348,0.11043336987495422,0.248317,1.3575,0.290575,0.682602,,,4.52059,0.256177,0.308371,999,,,,,,,152.60000000000002,3.4681818181818187,152,3.4545454545454546,,,,,,,,,,,,,,,,,,,"JR Ritchie","31760",702275
"Bradgley Rodriguez","SDP",2,2,0,3.6933,35,0,0,6,,35,147,30,16,14,2,14,,2,33,8.46785,3.59696,2.35417,0.588789,0.222902,0.0946842,0.12821809947490692,0.226571,1.25065,0.285697,0.694181,,,3.46722,0.254378,0.0829845,999,,,,,,,198.39999999999998,5.668571428571428,191,5.457142857142857,,,,,,,,,,,,,,,,,,,"Bradgley Rodriguez","29107",699134
"Bryan Abreu","HOU",2,2,0,3.63166,38,0,1,8,,38,164,29,17,15,4,22,,3,51,12.1101,5.1309,2.36023,1.0204,0.311826,0.132117,0.1797090619802475,0.206965,1.33014,0.292164,0.761077,,,3.81453,0.242797,0.288929,181.6999969482422,,,,,,,220.6,5.8052631578947365,202,5.315789473684211,,,,,,,,,,,,,,,,,,,"Bryan Abreu","16609",650556
"Kevin Kelly","TBR",3,3,0,3.79045,39,0,1,9,,39,159,35,18,16,4,9,,4,33,7.70474,2.06453,3.73196,0.989697,0.208303,0.0558161,0.15248733013868332,0.241786,1.14332,0.285716,0.692902,,,3.81034,0.239018,0.266228,999,,,,,,,216.40000000000003,5.548717948717949,211,5.410256410256411,,,,,,,,,,,,,,,,,,,"Kevin Kelly","25679",687330
"Alex Lange","KCR",2,2,0,3.96148,38,0,4,8,,38,166,32,18,17,3,21,,3,41,9.83815,5.1038,1.92761,0.670472,0.249469,0.129419,0.12005054950714111,0.223977,1.40481,0.296675,0.712312,,,3.8102,0.237955,0.310273,999,,,,,,,223.09999999999997,5.871052631578946,213,5.605263157894737,,,,,,,,,,,,,,,,,,,"Alex Lange","19883",656638
"Alan Rangel","PHI",1,2,1,5.04148,13,4,0,0,,29,128,31,18,17,5,10,,1,25,7.53794,2.99511,2.51675,1.41874,0.192945,0.0766643,0.11628033965826035,0.260651,1.37294,0.294623,0.663108,,,4.52835,0.233115,-0.00526751,999,,,,,,,89.50000000000003,3.086206896551725,97,3.3448275862068964,,,,,,,,,,,,,,,,,,,"Alan Rangel","19524",660604
"Lance McCullers Jr.","HOU",2,3,3,4.66149,15,7,0,0,,39,173,36,22,20,5,21,,3,39,9.0778,4.75948,1.90731,1.22168,0.227399,0.119225,0.10817408561706543,0.24275,1.46094,0.295454,0.706554,,,4.63789,0.231053,0.12598,999,,,,,,,139.50000000000003,3.5769230769230775,136,3.4871794871794872,,,,,,,,,,,,,,,,,,,"Lance McCullers Jr.","14120",621121
"Cody Bradford","TEX",2,2,1,4.5,17,3,0,0,,30,124,29,16,15,4,7,,1,24,7.22368,2.01316,3.58824,1.30263,0.193038,0.0537975,0.13924050331115723,0.249158,1.19737,0.28,0.661376,,,4.12956,0.226864,0.0820868,999,,,,,,,121.4,4.046666666666667,122,4.066666666666666,,,,,,,,,,,,,,,,,,,"Cody Bradford","27597",674003
"Griffin Canning","SDP",4,6,6,4.93137,19,15,0,0,,79,347,78,47,44,14,33,,2,74,8.40628,3.76602,2.23214,1.58038,0.213668,0.0957235,0.11794498562812805,0.249844,1.39991,0.285902,0.696952,,,4.84727,0.223419,-0.00501128,999,,,,,,,252.60000000000002,3.19746835443038,256,3.240506329113924,,,,,,,,,,,,,,,,,,,"Griffin Canning","19867",656288
"Paul Sewald","ARI",3,3,0,4.00909,39,0,16,3,,39,163,35,19,17,6,12,,2,41,9.4975,2.83038,3.35556,1.36802,0.252345,0.0752023,0.17714310437440872,0.234208,1.20798,0.284348,0.7273,,,4.06942,0.221147,0.211609,389.9100036621094,,,,,,,255.8,6.55897435897436,249,6.384615384615385,,,,,,,,,,,,,,,,,,,"Paul Sewald","13892",623149
"Jonah Tong","NYM",2,2,1,4.25388,12,3,0,0,,23,99,21,12,11,3,10,,0,25,9.95854,3.88496,2.56336,1.15085,0.25649,0.10006,0.15642987936735153,0.234221,1.33718,0.29549,0.71098,,,3.89635,0.219244,0.141078,722.8099975585938,,,,,,,98.70000000000002,4.291304347826087,96,4.173913043478261,,,,,,,,,,,,,,,,,,,"Jonah Tong","32157",804636
"Seranthony Domínguez","CHW",3,4,0,4.34321,39,0,13,3,,39,168,33,20,19,6,19,,2,45,10.4882,4.40346,2.38182,1.33819,0.269383,0.1131,0.15628297626972198,0.226428,1.34709,0.286583,0.722214,,,4.31817,0.218222,0.101938,194.19000244140625,,,,,,,233,5.9743589743589745,221,5.666666666666667,,,,,,,,,,,,,,,,,,,"Seranthony Dominguez","19249",622554
"Emilio Pagán","CIN",2,2,0,4.43569,31,0,10,4,,31,131,28,17,15,5,10,,1,31,9.05156,3.02128,2.99593,1.51064,0.240004,0.0801099,0.15989414602518082,0.230482,1.21818,0.269137,0.694134,,,4.3587,0.217631,-0.0257193,111.94000244140625,,,,,,,190.09999999999997,6.132258064516128,185,5.967741935483871,,,,,,,,,,,,,,,,,,,"Emilio Pagan","14771",641941
"Tyler Kinley","ATL",3,3,0,4.19796,38,0,0,8,,38,161,33,19,18,5,15,,1,43,10.3318,3.63505,2.84226,1.26578,0.269801,0.0949248,0.17487626522779465,0.228911,1.27717,0.290003,0.712942,,,3.95551,0.217548,0.0608535,999,,,,,,,203.89999999999998,5.3657894736842096,195,5.131578947368421,,,,,,,,,,,,,,,,,,,"Tyler Kinley","18297",641755
"Shawn Armstrong","CLE",2,1,0,3.6812,38,0,1,9,,38,161,34,17,16,5,13,,3,41,9.57231,3.10006,3.08779,1.1004,0.252319,0.0817152,0.17060378938913345,0.235724,1.24078,0.295828,0.744376,,,3.80398,0.214827,0.278131,748.469970703125,,,,,,,206.29999999999998,5.428947368421052,200,5.2631578947368425,,,,,,,,,,,,,,,,,,,"Shawn Armstrong","12857",542888
"Jose Quintana","COL",1,2,2,4.93841,6,6,0,0,,30,136,34,18,16,4,13,,1,19,5.59504,3.90946,1.43115,1.15816,0.137492,0.0960707,0.0414213165640831,0.277813,1.55926,0.301996,0.69816,,,4.95013,0.214421,0.256586,999,,,,,,,80.4,2.68,94,3.1333333333333333,,,,,,,,,,,,,,,,,,,"Jose Quintana","11423",500779
"Justin Slaten","BOS",3,3,0,4.16445,39,0,1,10,,39,168,36,20,18,5,15,,1,40,9.12857,3.43975,2.65385,1.17415,0.237009,0.0893076,0.1477009877562523,0.238307,1.30614,0.290401,0.714901,,,3.97788,0.213553,0.163343,999,,,,,,,210.50000000000003,5.397435897435898,207,5.3076923076923075,,,,,,,,,,,,,,,,,,,"Justin Slaten","25648",686580
"Caden Dana","LAA",2,3,2,4.91049,6,6,0,0,,30,132,29,18,17,5,13,,2,28,8.28644,3.91304,2.11765,1.38107,0.21135,0.0998043,0.11154599487781525,0.247241,1.3896,0.287462,0.682148,,,4.74007,0.211849,0.0987834,999,,,,,,,96.1,3.203333333333333,96,3.2,,,,,,,,,,,,,,,,,,,"Caden Dana","31508",702674
"Steven Okert","HOU",1,1,0,3.76811,38,0,0,8,,38,156,31,17,16,5,14,,2,41,9.80009,3.25224,3.01333,1.21417,0.261393,0.0867454,0.17464739829301834,0.221474,1.19086,0.275462,0.734315,,,3.9404,0.210086,0.221202,999,,,,,,,205.1,5.397368421052631,191,5.026315789473684,,,,,,,,,,,,,,,,,,,"Steven Okert","13580",595345
"Kade Morris","ATH",2,3,2,4.75422,17,6,0,0,,43,186,44,24,22,6,13,,4,29,6.2069,2.83932,2.18605,1.25459,0.157454,0.0720268,0.08542714267969131,0.261993,1.3573,0.286713,0.675505,,,4.74668,0.209909,0.174498,999,,,,,,,136.99999999999997,3.1860465116279064,144,3.3488372093023258,,,,,,,,,,,,,,,,,,,"Kade Morris","sa3023206",695034
"Yennier Cano","BAL",3,2,0,3.50114,36,0,0,7,,36,152,34,15,14,3,11,,1,32,7.91259,2.68205,2.95021,0.823533,0.208331,0.0706156,0.13771504908800125,0.245519,1.25185,0.295897,0.737717,,,3.53974,0.207805,0.248057,999,,,,,,,197.10000000000005,5.475000000000001,197,5.472222222222222,,,,,,,,,,,,,,,,,,,"Yennier Cano","25911",666974
"Brennan Bernardino","COL",3,3,0,4.13244,37,0,1,7,,37,163,36,19,17,3,16,,4,33,7.93221,3.8019,2.08638,0.795747,0.201972,0.0968052,0.10516712069511414,0.252931,1.39411,0.307553,0.704561,,,4.05618,0.207319,0.236755,999,,,,,,,182.29999999999998,4.927027027027027,185,5,,,,,,,,,,,,,,,,,,,"Brennan Bernardino","16835",657514
"Coleman Crow","MIL",1,1,1,4.25049,14,3,0,0,,26,111,26,13,12,3,8,,2,21,7.34275,2.65248,2.76825,1.15362,0.192388,0.0694979,0.12288989871740341,0.252711,1.27442,0.290352,0.695067,,,4.22973,0.206648,0.0908739,999,,,,,,,99.9,3.8423076923076924,103,3.9615384615384617,,,,,,,,,,,,,,,,,,,"Coleman Crow","27926",689441
"Tyler Holton","DET",3,2,0,3.74044,37,0,1,7,,37,152,32,17,15,5,9,,1,31,7.43837,2.26638,3.28205,1.08753,0.202362,0.0616573,0.1407051607966423,0.227912,1.11896,0.261184,0.702488,,,3.85963,0.206586,0.24954,999,,,,,,,194.10000000000002,5.245945945945946,185,5,,,,,,,,,,,,,,,,,,,"Tyler Holton","26231",663947
"Jacob Webb","CHC",2,2,0,4.01007,38,0,1,8,,38,161,32,19,17,5,14,,1,39,9.05663,3.30288,2.74204,1.1781,0.240566,0.0877325,0.15283335745334625,0.223376,1.21078,0.270008,0.707015,,,4.00902,0.200525,0.0415481,999,,,,,,,206.5,5.434210526315789,195,5.131578947368421,,,,,,,,,,,,,,,,,,,"Jacob Webb","19274",657097
"Erik Miller","SFG",2,2,0,3.5754,38,0,4,8,,38,167,31,16,15,3,23,,1,43,10.1298,5.43363,1.86429,0.672735,0.255126,0.136849,0.11827684938907623,0.219679,1.43332,0.29302,0.753766,,,3.72998,0.199048,0.397096,999,,,,,,,229.70000000000002,6.044736842105263,217,5.7105263157894735,,,,,,,,,,,,,,,,,,,"Erik Miller","26252",669062
"Carson Whisenhunt","SFG",2,2,2,4.40784,12,5,0,0,,30,133,31,16,15,4,11,,1,24,7.21282,3.2057,2.25,1.12199,0.184426,0.0819672,0.10245902091264725,0.254505,1.36242,0.291176,0.704648,,,4.29648,0.198739,0.158109,999,,,,,,,104.20000000000002,3.473333333333334,110,3.6666666666666665,,,,,,,,,,,,,,,,,,,"Carson Whisenhunt","31676",687931
"Tim Herrin","CLE",2,2,0,3.76227,35,0,0,7,,35,151,30,16,15,2,17,,3,36,9.28756,4.4705,2.07752,0.600688,0.239252,0.115162,0.12408947199583054,0.225223,1.33895,0.293652,0.710206,,,3.6282,0.19715,0.14071,999,,,,,,,196.39999999999998,5.611428571428571,189,5.4,,,,,,,,,,,,,,,,,,,"Tim Herrin","25139",682120
"Will Klein","LAD",2,2,0,4.28157,37,0,2,8,,37,161,32,19,17,3,19,,2,38,9.38656,4.72041,1.98851,0.803012,0.23805,0.119713,0.11833716183900833,0.231514,1.40593,0.296143,0.693849,,,3.89902,0.196479,-0.0115824,999,,,,,,,208.7,5.64054054054054,201,5.4324324324324325,,,,,,,,,,,,,,,,,,,"Will Klein","27787",694361
"Andrew Morris","MIN",2,2,0,4.05917,36,0,2,7,,36,153,36,17,16,4,10,,1,29,7.23673,2.64642,2.73454,0.954894,0.187797,0.068676,0.11912093311548233,0.258141,1.31539,0.300439,0.707162,,,3.84973,0.196247,0.204519,999,,,,,,,186.60000000000005,5.1833333333333345,191,5.305555555555555,,,,,,,,,,,,,,,,,,,"Andrew Morris","31891",702193
"Didier Fuentes","ATL",3,3,0,4.05552,36,1,0,6,,39,166,37,19,18,5,13,,3,39,9.08129,2.95161,3.07673,1.13988,0.238217,0.0774253,0.16079122573137283,0.244139,1.26296,0.300043,0.71217,,,3.94956,0.193551,0.108012,600.4400024414062,,,,,,,184.90000000000003,4.741025641025642,184,4.717948717948718,,,,,,,,,,,,,,,,,,,"Didier Fuentes","30661",800311
"Michael Petersen","MIA",1,1,0,4.00032,38,0,1,9,,38,164,36,18,17,5,16,,2,37,8.8711,3.68885,2.40484,1.08495,0.227402,0.0945598,0.1328417807817459,0.245429,1.36161,0.299891,0.73646,,,4.06907,0.192351,0.226191,999,,,,,,,187.1,4.923684210526315,186,4.894736842105263,,,,,,,,,,,,,,,,,,,"Michael Petersen","20827",656848
"Spencer Miles","TOR",2,2,1,3.78782,34,2,0,4,,41,174,37,19,17,5,15,,0,41,9.0312,3.2856,2.74872,1.14575,0.236054,0.085878,0.15017645806074142,0.234993,1.27823,0.285232,0.746147,,,3.84648,0.186879,0.184237,999,,,,,,,198.70000000000005,4.846341463414635,193,4.7073170731707314,,,,,,,,,,,,,,,,,,,"Spencer Miles","31621",693686
"Jameson Taillon","CHC",4,7,7,5.0666,18,18,0,0,,94,402,98,58,53,20,26,,2,76,7.29717,2.43851,2.99247,1.89662,0.189628,0.0633684,0.12625932693481445,0.260905,1.30929,0.279764,0.687577,,,5.10906,0.185979,-0.114349,504.4700012207031,,,,,,,262.8,2.795744680851064,278,2.9574468085106385,,,,,,,,,,,,,,,,,,,"Jameson Taillon","11674",592791
"Kendry Rojas","MIN",1,2,1,4.46472,22,3,0,0,,31,137,31,17,15,3,13,,2,28,8.20992,3.83649,2.13996,0.952628,0.207863,0.0971344,0.1107289120554924,0.254083,1.41761,0.307081,0.691963,,,4.11553,0.18357,0.138112,999,,,,,,,122.89999999999998,3.9645161290322575,127,4.096774193548387,,,,,,,,,,,,,,,,,,,"Kendry Rojas","29423",696070
"Scott Barlow","ATH",2,2,0,4.27124,39,0,3,9,,39,170,34,20,18,4,20,,4,42,9.67962,4.67364,2.07111,1.01781,0.246597,0.119065,0.12753190845251083,0.231206,1.3852,0.294463,0.708591,,,4.27108,0.179648,0.131958,999,,,,,,,214.00000000000003,5.487179487179488,206,5.282051282051282,,,,,,,,,,,,,,,,,,,"Scott Barlow","14993",605130
"Kai-Wei Teng","HOU",3,5,2,4.88295,34,6,0,0,,58,254,53,34,32,8,28,,7,56,8.66863,4.27901,2.02585,1.16826,0.220636,0.108911,0.11172576993703842,0.242983,1.39303,0.29358,0.663173,,,4.63174,0.178236,0.0006046,999,,,,,,,200.00000000000006,3.4482758620689666,193,3.3275862068965516,,,,,,,,,,,,,,,,,,,"Kai-Wei Teng","24282",678906
"Hunter Barco","PIT",1,2,2,4.55272,23,5,0,0,,39,170,38,21,20,5,18,,4,36,8.43582,4.13588,2.03967,1.15701,0.212813,0.104337,0.10847591608762741,0.253036,1.43248,0.303823,0.704699,,,4.57781,0.178184,0.111761,999,,,,,,,134.3,3.443589743589744,136,3.4871794871794872,,,,,,,,,,,,,,,,,,,"Hunter Barco","33174",682995
"Andrew Kittredge","BAL",3,2,0,3.82309,38,0,1,9,,38,159,37,17,16,6,9,,1,37,8.8406,2.22712,3.96951,1.37158,0.234423,0.0590559,0.1753670908510685,0.247388,1.21875,0.293352,0.752963,,,3.91201,0.177607,0.338126,745.8499755859375,,,,,,,196.2,5.163157894736842,197,5.184210526315789,,,,,,,,,,,,,,,,,,,"Andrew Kittredge","12828",552640
"Ryne Stanek","STL",2,3,0,4.15917,38,0,1,8,,38,167,33,19,17,4,21,,1,41,9.68966,5.02336,1.92892,0.874163,0.244057,0.126525,0.11753177642822266,0.229023,1.43468,0.293726,0.717921,,,3.9651,0.177422,0.0081576,745.9000244140625,,,,,,,199.2,5.242105263157894,191,5.026315789473684,,,,,,,,,,,,,,,,,,,"Ryne Stanek","15947",592773
"Joel Kuhnel","ATH",2,2,0,4.09917,33,0,1,6,,33,143,36,17,15,3,8,,2,23,6.16572,2.05144,3.00556,0.934545,0.160119,0.0532743,0.10684461891651154,0.272889,1.31638,0.307721,0.701372,,,3.95295,0.177397,0.041805,999,,,,,,,158.70000000000005,4.80909090909091,171,5.181818181818182,,,,,,,,,,,,,,,,,,,"Joel Kuhnel","19995",669270
"Jonathan Cannon","CHW",2,3,1,4.97582,16,4,0,0,,34,150,36,20,19,5,12,,2,26,6.80153,3.27458,2.07707,1.31866,0.172156,0.0828839,0.0892719179391861,0.266955,1.42417,0.297687,0.675304,,,4.75,0.176382,0.048734,999,,,,,,,106.50000000000003,3.1323529411764715,115,3.3823529411764706,,,,,,,,,,,,,,,,,,,"Jonathan Cannon","31730",686563
"Huascar Brazobán","NYM",2,2,0,4.20774,38,0,1,8,,38,164,34,19,18,3,17,,2,36,8.61827,4.16752,2.06796,0.829458,0.220281,0.106521,0.11376021802425385,0.238387,1.37503,0.295336,0.695704,,,3.95069,0.172427,-0.0159182,999,,,,,,,207.9,5.471052631578948,203,5.342105263157895,,,,,,,,,,,,,,,,,,,"Huascar Brazoban","6107",623211
"Shane Drohan","MIL",3,3,1,4.10582,39,2,0,6,,46,198,42,23,21,6,19,,1,45,8.79307,3.59716,2.44444,1.14077,0.228765,0.0935858,0.13517945259809494,0.234095,1.29874,0.282192,0.716025,,,4.08765,0.172005,0.156542,999,,,,,,,211.40000000000003,4.595652173913044,206,4.478260869565218,,,,,,,,,,,,,,,,,,,"Shane Drohan","27814",675660
"Tobias Myers","NYM",2,2,1,4.54848,28,3,0,0,,40,173,42,22,20,6,12,,1,33,7.43133,2.7783,2.67478,1.30924,0.191428,0.0715677,0.11986008286476135,0.261006,1.3461,0.296968,0.697426,,,4.35921,0.169641,-0.0226188,999,,,,,,,140,3.5,149,3.725,,,,,,,,,,,,,,,,,,,"Tobias Myers","22191",668964
"Brandon Eisert","CHW",2,3,0,4.22488,35,0,0,6,,35,148,33,18,16,4,13,,1,35,9.10348,3.2768,2.77816,1.07363,0.235714,0.0848454,0.1508685126900673,0.245417,1.31781,0.302841,0.701735,,,3.84634,0.168904,0.0146287,999,,,,,,,176,5.0285714285714285,175,5,,,,,,,,,,,,,,,,,,,"Brandon Eisert","27668",685126
"Mason Barnett","ATH",1,2,1,4.78289,25,4,0,0,,41,182,41,24,22,5,18,,3,35,7.70353,3.92766,1.96135,1.18273,0.19451,0.0991713,0.0953385978937149,0.254984,1.43143,0.29627,0.684424,,,4.59448,0.168105,0.0446035,999,,,,,,,142.30000000000004,3.470731707317074,147,3.5853658536585367,,,,,,,,,,,,,,,,,,,"Mason Barnett","31741",686930
"Sam Moll","CIN",2,2,0,4.61198,38,0,2,8,,38,165,33,21,19,4,19,,4,40,9.39869,4.43903,2.11728,0.97275,0.240754,0.113709,0.12704511731863022,0.232136,1.36268,0.293618,0.665099,,,4.19626,0.167796,-0.0534379,999,,,,,,,199.2,5.242105263157894,191,5.026315789473684,,,,,,,,,,,,,,,,,,,"Sam Moll","14874",594580
"Patrick Sandoval","BOS",1,1,1,4.20753,12,2,0,0,,20,91,20,10,10,2,9,,1,18,8.00456,4.00228,2,0.820981,0.199488,0.0997442,0.09974424540996552,0.252149,1.44812,0.304182,0.716753,,,3.94703,0.167445,0.149922,999,,,,,,,77.4,3.87,80,4,,,,,,,,,,,,,,,,,,,"Patrick Sandoval","19447",663776
"Jason Adam","SDP",3,2,0,3.6671,40,0,1,10,,40,165,33,18,16,4,14,,4,37,8.35613,3.12884,2.67068,0.992683,0.223929,0.0838471,0.14008190482854843,0.223497,1.17696,0.269106,0.717891,,,3.98703,0.167139,0.236993,999,,,,,,,226,5.65,213,5.325,,,,,,,,,,,,,,,,,,,"Jason Adam","11861",592094
"Cade Povich","BAL",1,2,1,4.55335,13,3,0,0,,25,109,25,14,13,4,9,,1,24,8.49705,3.38582,2.5096,1.29406,0.217591,0.0867037,0.1308877170085907,0.25184,1.3674,0.297555,0.701035,,,4.29357,0.164016,0.121137,999,,,,,,,88.80000000000001,3.5520000000000005,91,3.64,,,,,,,,,,,,,,,,,,,"Cade Povich","30055",700249
"Daniel Lynch IV","KCR",2,2,0,4.09409,39,0,2,8,,39,168,38,19,18,5,14,,2,34,7.74644,3.11279,2.48858,1.07313,0.200372,0.0805165,0.11985570192337036,0.25149,1.32727,0.295021,0.717733,,,4.11162,0.158956,0.306683,999,,,,,,,190.3,4.87948717948718,192,4.923076923076923,,,,,,,,,,,,,,,,,,,"Daniel Lynch IV","21537",663738
"Ty Johnson","TBR",1,1,1,4.18163,2,2,0,0,,11,46,10,5,5,1,4,,1,11,8.93347,3.13622,2.84848,1.14044,0.233831,0.0820896,0.15174130350351334,0.233333,1.23548,0.283465,0.688623,,,4.09585,0.158101,0.194071,999,,,,,,,50.10000000000001,4.554545454545456,49,4.454545454545454,,,,,,,,,,,,,,,,,,,"Ty Johnson","sa3023410",694494
"Caleb Ferguson","CIN",2,2,0,4.54455,36,0,1,7,,36,155,34,20,18,4,13,,4,35,8.60871,3.31737,2.59504,0.904737,0.222839,0.0858711,0.13696793466806412,0.249077,1.3209,0.307915,0.654182,,,3.90441,0.155706,-0.0568028,999,,,,,,,180.80000000000004,5.022222222222223,180,5,,,,,,,,,,,,,,,,,,,"Caleb Ferguson","19349",657571
"Kyle Hurt","LAD",2,2,0,4.4866,40,0,1,10,,40,173,35,22,20,5,20,,2,45,10.2939,4.52613,2.27434,1.1816,0.262077,0.115232,0.14684471487998962,0.232099,1.38569,0.297218,0.702089,,,4.20474,0.152843,-0.18578,999,,,,,,,212.5,5.3125,204,5.1,,,,,,,,,,,,,,,,,,,"Kyle Hurt","27514",669165
"Calvin Faucher","MIA",3,3,0,3.93501,37,0,1,8,,37,163,34,17,16,3,20,,1,38,9.29256,4.99045,1.86207,0.757172,0.231903,0.124541,0.10736263543367386,0.238319,1.47673,0.30442,0.736959,,,3.87954,0.15243,0.229544,999,,,,,,,198.49999999999997,5.364864864864864,196,5.297297297297297,,,,,,,,,,,,,,,,,,,"Calvin Faucher","20116",676534
"Grant Wolfram","BAL",2,2,0,3.6221,31,0,0,3,,31,131,28,13,12,3,12,,2,32,9.42579,3.42866,2.74912,0.799617,0.244549,0.0889556,0.15559371560811996,0.242386,1.30807,0.311765,0.735515,,,3.53671,0.152326,0.136627,999,,,,,,,153.7,4.958064516129032,150,4.838709677419355,,,,,,,,,,,,,,,,,,,"Grant Wolfram","21623",664991
"Brock Burke","CIN",2,3,0,4.52404,39,0,2,10,,39,171,39,21,20,5,16,,1,37,8.5349,3.66517,2.32865,1.15309,0.217409,0.0933624,0.12404613941907883,0.25069,1.39004,0.300526,0.696852,,,4.19685,0.151364,0.00960818,999,,,,,,,198.70000000000002,5.094871794871795,203,5.205128205128205,,,,,,,,,,,,,,,,,,,"Brock Burke","17968",656271
"Peyton Gray","TEX",3,3,0,4.34772,33,0,1,6,,33,142,31,18,16,5,12,,1,35,9.338,3.23949,2.88255,1.25014,0.243877,0.0846044,0.15927210450172424,0.238588,1.28048,0.291458,0.695564,,,4.02243,0.149301,-0.0805204,999,,,,,,,162.10000000000005,4.912121212121214,160,4.848484848484849,,,,,,,,,,,,,,,,,,,"Peyton Gray","25310",682608
"River Ryan","LAD",1,1,2,4.76726,5,5,0,0,,20,87,19,11,10,3,9,,1,17,7.94543,4.04494,1.96429,1.30016,0.2,0.101818,0.0981818288564682,0.246914,1.41252,0.284916,0.689655,,,4.75654,0.146054,0.11989,675.5399780273438,,,,,,,65.69999999999999,3.2849999999999993,65,3.25,,,,,,,,,,,,,,,,,,,"River Ryan","29514",689981
"Ethan Pecko","HOU",1,1,1,3.90032,2,2,0,0,,10,41,9,4,4,1,3,,0,9,8.58072,3.21777,2.66667,1.1701,0.222785,0.0835443,0.13924051076173782,0.240997,1.30011,0.287356,0.746124,,,3.99165,0.144665,0.228587,999,,,,,,,47.300000000000004,4.73,46,4.6,,,,,,,,,,,,,,,,,,,"Ethan Pecko","sa3022997",814490
"Jesse Scholtens","TBR",1,2,1,4.87152,11,3,0,0,,26,114,28,15,14,4,9,,1,22,7.52914,2.92935,2.57025,1.49292,0.192167,0.0747661,0.11740134656429291,0.265851,1.38533,0.299569,0.691165,,,4.68672,0.142105,0.00844362,999,,,,,,,84.39999999999999,3.2461538461538457,92,3.5384615384615383,,,,,,,,,,,,,,,,,,,"Jesse Scholtens","19205",669947
"Brad Lord","WSN",3,3,1,4.48916,44,2,1,8,,54,230,54,29,27,7,17,,4,42,6.97312,2.79395,2.4958,1.09175,0.180515,0.0723275,0.10818729549646378,0.259889,1.32676,0.296904,0.678165,,,4.27521,0.141776,-0.11267,999,,,,,,,231.1,4.279629629629629,237,4.388888888888889,,,,,,,,,,,,,,,,,,,"Brad Lord","31972",695418
"Juan Morillo","ARI",2,2,0,3.71772,37,0,0,8,,37,163,34,17,15,3,19,,2,39,9.47417,4.61724,2.05191,0.794771,0.239306,0.116626,0.12268039584159851,0.237461,1.42312,0.305314,0.749618,,,3.84475,0.138071,0.168981,999,,,,,,,195.49999999999997,5.283783783783783,193,5.216216216216216,,,,,,,,,,,,,,,,,,,"Juan Morillo","21924",666661
"Jared Koenig","MIL",2,1,0,3.67786,30,0,0,3,,30,128,28,13,12,3,10,,1,30,9.02882,3.10956,2.90357,0.855128,0.237246,0.0817083,0.15553750842809677,0.236961,1.25599,0.297171,0.722907,,,3.49071,0.136515,0.0995698,748.489990234375,,,,,,,151.3,5.043333333333334,150,5,,,,,,,,,,,,,,,,,,,"Jared Koenig","27517",657649
"Erick Fedde","CHW",2,6,4,5.59704,11,11,0,0,,62,280,70,42,39,11,25,,2,45,6.46272,3.63404,1.77839,1.61071,0.15981,0.0898627,0.06994781643152237,0.276746,1.52806,0.298635,0.666993,,,5.28621,0.134714,-0.262112,999,,,,,,,150.49999999999994,2.4274193548387086,176,2.838709677419355,,,,,,,,,,,,,,,,,,,"Erick Fedde","17425",607200
"Thomas White","MIA",0,1,1,4.26456,3,3,0,0,,12,53,11,6,6,1,6,,1,13,9.41757,4.44225,2.12,1.06614,0.235556,0.111111,0.12444444745779037,0.232143,1.39191,0.288321,0.716586,,,4.2681,0.133846,0.144561,999,,,,,,,52.90000000000001,4.408333333333334,52,4.333333333333333,,,,,,,,,,,,,,,,,,,"Thomas White","sa3023268",806258
"Blake Treinen","LAD",4,3,0,4.27857,34,0,1,7,,34,148,33,18,16,4,14,,2,36,9.48556,3.64407,2.60301,1.09871,0.243053,0.0933738,0.1496795043349266,0.247043,1.36104,0.309563,0.709423,,,3.98018,0.127797,-0.0622271,999,,,,,,,173.60000000000002,5.105882352941177,175,5.147058823529412,,,,,,,,,,,,,,,,,,,"Blake Treinen","12572",595014
"Anthony Nunez","BAL",3,3,0,4.0882,37,0,1,7,,37,155,32,18,17,4,14,,3,41,10.0462,3.55292,2.82759,1.09149,0.26374,0.0932739,0.1704661175608635,0.229056,1.25593,0.293361,0.701738,,,3.86556,0.125825,0.0830529,999,,,,,,,205.40000000000003,5.551351351351352,197,5.324324324324325,,,,,,,,,,,,,,,,,,,"Anthony Nunez","25796",689296
"Cole Sulser","TBR",2,2,0,4.25094,36,0,1,8,,36,153,35,18,17,4,12,,1,30,7.58803,3.1385,2.41772,1.0859,0.195898,0.081026,0.1148722693324089,0.250657,1.33604,0.291301,0.704846,,,4.08026,0.125273,0.0747918,999,,,,,,,184.20000000000005,5.116666666666668,186,5.166666666666667,,,,,,,,,,,,,,,,,,,"Cole Sulser","15256",642121
"Yimi García","TOR",2,2,0,4.0806,33,0,0,6,,33,140,28,16,15,4,12,,2,35,9.52141,3.4005,2.8,1.1335,0.25,0.0892857,0.160714291036129,0.226667,1.23426,0.281553,0.714286,,,3.98486,0.125266,0.0731262,999,,,,,,,174.20000000000005,5.27878787878788,165,5,,,,,,,,,,,,,,,,,,,"Yimi Garcia","12095",554340
"Ryan Walker","SFG",3,2,0,3.58715,32,0,0,3,,32,134,28,14,13,3,11,,3,33,9.46744,3.22022,2.94,0.762118,0.249375,0.0848214,0.1645534336566925,0.234383,1.24419,0.303083,0.720443,,,3.40976,0.117853,0.0867431,144.55999755859375,,,,,,,163.10000000000002,5.096875000000001,157,4.90625,,,,,,,,,,,,,,,,,,,"Ryan Walker","20423",676254
"Sam Bachman","LAA",2,3,0,4.40066,39,0,4,7,,39,173,37,21,19,4,20,,3,38,8.75994,4.60019,1.90426,0.868653,0.219718,0.115383,0.10433527827262878,0.24568,1.45653,0.305546,0.700049,,,4.15677,0.117818,-0.0231521,999,,,,,,,198.20000000000005,5.0820512820512835,198,5.076923076923077,,,,,,,,,,,,,,,,,,,"Sam Bachman","29754",696147
"Jonathan Bowlan","PHI",2,2,0,4.34572,36,0,0,7,,36,156,36,19,18,5,12,,1,35,8.68235,2.99391,2.9,1.23279,0.224887,0.0775471,0.14733947068452835,0.251042,1.31795,0.300488,0.704241,,,4.04936,0.116921,-0.0279458,999,,,,,,,170.30000000000004,4.730555555555557,174,4.833333333333333,,,,,,,,,,,,,,,,,,,"Jonathan Bowlan","24607",680742
"Luinder Avila","KCR",2,2,1,4.54911,23,3,4,0,,35,156,34,19,18,4,17,,2,31,7.76507,4.24285,1.83015,1.02023,0.195999,0.107094,0.0889047160744667,0.248298,1.43263,0.292862,0.693306,,,4.44376,0.113435,0.135981,999,,,,,,,146.4,4.182857142857143,148,4.228571428571429,,,,,,,,,,,,,,,,,,,"Luinder Avila","24452",679883
"Johan Oviedo","BOS",1,1,1,4.46298,16,2,0,0,,23,101,22,13,12,3,10,,2,23,8.73475,3.82928,2.28105,1.23471,0.223839,0.09813,0.12570898234844208,0.244794,1.36342,0.293978,0.703811,,,4.45846,0.112623,0.151695,536.780029296875,,,,,,,86.10000000000001,3.7434782608695656,86,3.739130434782609,,,,,,,,,,,,,,,,,,,"Johan Oviedo","22487",670912
"Jordan Wicks","CHC",1,1,1,4.08604,13,2,0,0,,19,83,19,10,9,3,6,,1,17,8.00056,2.66082,3.0068,1.1675,0.209252,0.0695928,0.13965897262096405,0.2508,1.27939,0.29411,0.715907,,,3.98918,0.112013,0.09042,999,,,,,,,67.29999999999998,3.542105263157894,69,3.6315789473684212,,,,,,,,,,,,,,,,,,,"Jordan Wicks","30094",696136
"Jake Bird","NYY",2,1,0,4.09017,31,0,0,3,,31,130,26,15,14,3,12,,4,34,9.97684,3.5874,2.78108,0.901697,0.262368,0.0943404,0.1680278405547142,0.22948,1.24902,0.300437,0.680978,,,3.74639,0.111784,0.0349612,999,,,,,,,156.89999999999998,5.0612903225806445,148,4.774193548387097,,,,,,,,,,,,,,,,,,,"Jake Bird","21267",656234
"Dylan Dodd","ATL",2,2,0,4.04051,37,0,0,7,,37,155,37,18,16,5,9,,1,32,7.89776,2.20362,3.584,1.23403,0.207308,0.0578426,0.14946521073579788,0.257101,1.26466,0.299023,0.724037,,,3.92985,0.111684,0.0789828,999,,,,,,,178.10000000000002,4.813513513513514,182,4.918918918918919,,,,,,,,,,,,,,,,,,,"Dylan Dodd","29928",689266
"Hoby Milner","CHC",1,1,0,4.1092,35,0,0,7,,35,150,35,18,16,4,10,,2,27,6.94427,2.473,2.80804,0.905294,0.181943,0.0647937,0.11714940518140793,0.256339,1.27602,0.296878,0.686876,,,3.87238,0.111553,-0.0398057,999,,,,,,,164.8,4.708571428571429,169,4.828571428571428,,,,,,,,,,,,,,,,,,,"Hoby Milner","13346",571948
"Brycen Mautz","STL",2,3,2,4.7014,25,5,0,0,,43,186,43,24,22,6,16,,3,35,7.36362,3.40625,2.1618,1.17879,0.187611,0.0867845,0.10082602500915527,0.259151,1.39359,0.297898,0.682344,,,4.50146,0.105958,0.0333223,999,,,,,,,145.59999999999997,3.386046511627906,150,3.488372093023256,,,,,,,,,,,,,,,,,,,"Brycen Mautz","31910",802408
"Clayton Beeter","WSN",2,2,0,4.29407,38,0,16,3,,38,169,33,20,18,5,22,,2,46,10.6842,5.10716,2.092,1.06229,0.270204,0.129161,0.14104339480400085,0.223761,1.41316,0.294088,0.716837,,,4.10538,0.105417,-0.0533357,307.1400146484375,,,,,,,245.89999999999998,6.471052631578947,237,6.2368421052631575,,,,,,,,,,,,,,,,,,,"Clayton Beeter","27494",690925
"Quinn Mathews","STL",1,1,1,4.35341,8,3,0,0,,18,80,16,9,9,2,10,,1,18,8.97335,4.79763,1.87037,1.06614,0.224444,0.12,0.10444442927837372,0.235897,1.44126,0.288809,0.719814,,,4.42605,0.10303,0.0612784,999,,,,,,,70.00000000000003,3.8888888888888906,67,3.7222222222222223,,,,,,,,,,,,,,,,,,,"Quinn Mathews","sa3023407",687273
"Chase Silseth","LAA",2,2,0,4.30566,38,0,2,9,,38,166,35,20,18,5,18,,2,39,9.35415,4.36527,2.14286,1.07623,0.237557,0.11086,0.12669701874256134,0.238019,1.40005,0.296211,0.713952,,,4.17165,0.102911,0.0291697,999,,,,,,,192.7,5.071052631578947,189,4.973684210526316,,,,,,,,,,,,,,,,,,,"Chase Silseth","30074",681217
"Edgardo Henriquez","LAD",2,2,0,4.55791,33,0,0,6,,33,144,30,18,17,4,16,,3,34,9.33251,4.38938,2.12615,0.999429,0.237245,0.111584,0.12566064298152924,0.239409,1.39579,0.301332,0.681531,,,4.20622,0.101559,-0.0965556,999,,,,,,,152.00000000000006,4.606060606060608,148,4.484848484848484,,,,,,,,,,,,,,,,,,,"Edgardo Henriquez","26944",683618
"Zach Agnos","COL",1,2,1,5.02713,24,3,0,0,,39,169,40,23,22,6,14,,1,30,7.10969,3.3209,2.14089,1.4265,0.180701,0.0844045,0.09629657119512558,0.26108,1.40507,0.290591,0.674399,,,4.79349,0.100151,0.0971047,743.47998046875,,,,,,,125.80000000000001,3.2256410256410257,132,3.3846153846153846,,,,,,,,,,,,,,,,,,,"Zach Agnos","31552",688642
"Cody Laweryson","MIN",2,2,0,4.26622,30,0,0,3,,30,129,30,16,14,4,10,,2,28,8.30236,2.90292,2.86,1.07408,0.215789,0.0754505,0.1403380036354065,0.252414,1.30472,0.302823,0.693959,,,3.96122,0.0972544,-0.027208,999,,,,,,,126.80000000000001,4.2266666666666675,130,4.333333333333333,,,,,,,,,,,,,,,,,,,"Cody Laweryson","26429",689520
"Jake Bennett","BOS",1,1,1,4.82797,9,4,0,0,,21,93,23,12,11,3,7,,1,14,5.94968,2.90849,2.04563,1.1833,0.150749,0.0736935,0.077055923640728,0.274387,1.42292,0.30113,0.677912,,,4.622,0.0953071,0.122793,999,,,,,,,62.7,2.9857142857142858,70,3.3333333333333335,,,,,,,,,,,,,,,,,,,"Jake Bennett","31959",687562
"Tyler Wells","BAL",2,2,0,4.38692,37,0,1,8,,37,155,34,20,18,6,10,,1,33,7.89099,2.31201,3.41304,1.46595,0.211369,0.0619297,0.14943915233016014,0.239092,1.18057,0.26944,0.683176,,,4.32161,0.0950904,-0.0903767,748.469970703125,,,,,,,181.6,4.908108108108108,177,4.783783783783784,,,,,,,,,,,,,,,,,,,"Tyler Wells","20000",669330
"Ron Marinaccio","SDP",1,2,0,4.33224,37,0,0,8,,37,158,32,20,18,5,15,,3,36,8.65918,3.56434,2.42939,1.11963,0.22718,0.0935131,0.13366708904504776,0.230582,1.26389,0.277696,0.679687,,,4.21032,0.0947297,-0.157552,999,,,,,,,179.10000000000002,4.840540540540541,170,4.594594594594595,,,,,,,,,,,,,,,,,,,"Ron Marinaccio","23488",676760
"A.J. Puk","ARI",3,2,0,3.18718,32,0,5,3,,32,133,27,12,11,4,10,,2,40,11.231,2.88364,3.89474,1.06239,0.300813,0.0772358,0.22357721626758575,0.219731,1.14671,0.295775,0.773196,,,3.30561,0.0944939,0.112868,748.5,,,,,,,198.40000000000003,6.200000000000001,189,5.90625,,,,,,,,,,,,,,,,,,,"A.J. Puk","19343",640462
"Clarke Schmidt","NYY",1,1,0,4.19318,6,1,0,0,,10,45,10,5,5,1,4,,1,10,8.48864,3.17045,2.67742,1.125,0.220745,0.0824468,0.13829787820577621,0.238938,1.27273,0.285714,0.703934,,,4.10324,0.0914109,0.0852465,999,,,,,,,40.7,4.07,42,4.2,,,,,,,,,,,,,,,,,,,"Clarke Schmidt","19899",657376
"Carson Seymour","SFG",2,2,1,4.18803,14,2,0,0,,23,102,23,12,11,3,9,,2,19,7.17949,3.33333,2.15385,1.02564,0.182213,0.0845987,0.0976138785481453,0.255422,1.37702,0.294671,0.717629,,,4.29983,0.0892431,0.0491101,999,,,,,,,78.50000000000001,3.41304347826087,81,3.5217391304347827,,,,,,,,,,,,,,,,,,,"Carson Seymour","30084",693313
"Miles Mikolas","WSN",3,6,5,5.53211,13,13,0,0,,72,314,83,48,44,14,19,,2,47,5.94769,2.33434,2.54792,1.77507,0.150559,0.0590911,0.09146804735064507,0.28435,1.42697,0.298748,0.659374,,,5.19496,0.0880168,-0.336837,999,,,,,,,175.80000000000007,2.4416666666666678,209,2.9027777777777777,,,,,,,,,,,,,,,,,,,"Miles Mikolas","9803",571945
"Ryan Johnson","LAA",1,1,0,4.65082,14,1,0,0,,18,79,19,10,9,3,7,,0,16,8.17239,3.27305,2.49688,1.25808,0.207671,0.0831723,0.12449850142002106,0.259792,1.40189,0.304707,0.696572,,,4.2329,0.0866887,-0.0284706,999,,,,,,,57.90000000000001,3.2166666666666672,62,3.4444444444444446,,,,,,,,,,,,,,,,,,,"Ryan Johnson","35325",696270
"Hogan Harris","ATH",2,2,0,4.1677,41,0,9,7,,41,179,36,21,19,5,22,,2,42,9.2056,4.88297,1.88525,0.99697,0.232273,0.123205,0.10906711965799332,0.232461,1.42883,0.289479,0.726584,,,4.27082,0.0858782,0.190631,618.1699829101562,,,,,,,233.30000000000004,5.6902439024390254,225,5.487804878048781,,,,,,,,,,,,,,,,,,,"Hogan Harris","21520",663687
"Chris Paddack","CIN",1,2,1,5.1737,19,3,0,0,,32,139,35,20,18,6,9,,1,25,7.07814,2.44785,2.89158,1.75783,0.181595,0.0628015,0.11879375576972961,0.271099,1.36473,0.294333,0.677993,,,4.96951,0.0858349,-0.0254467,748.510009765625,,,,,,,92,2.875,102,3.1875,,,,,,,,,,,,,,,,,,,"Chris Paddack","20099",663978
"Jack Wenninger","NYM",1,1,1,4.6644,6,2,0,0,,14,63,15,8,7,2,5,,1,12,7.49363,3.21155,2.33333,1.29992,0.191033,0.0818713,0.10916179418563843,0.255365,1.36788,0.290598,0.69242,,,4.51361,0.0853284,0.049957,999,,,,,,,46,3.2857142857142856,50,3.5714285714285716,,,,,,,,,,,,,,,,,,,"Jack Wenninger","sa3023282",811307
"Drew Thorpe","CHW",1,1,1,4.81095,2,2,0,0,,10,44,11,6,5,2,4,,0,8,6.80574,3.16819,2.14815,1.40808,0.176292,0.0820669,0.09422492235898972,0.261589,1.38201,0.288793,0.695067,,,4.68082,0.0850979,0.0277597,999,,,,,,,24.799999999999997,2.4799999999999995,28,2.8,,,,,,,,,,,,,,,,,,,"Drew Thorpe","31967",689672
"Elmer Rodríguez","NYY",1,1,1,4.67412,11,2,0,0,,19,83,18,11,10,2,8,,1,16,7.62015,3.93317,1.9374,1.12291,0.193828,0.100045,0.09378302842378616,0.247277,1.39971,0.286792,0.681778,,,4.457,0.084879,0.00133903,748.5700073242188,,,,,,,74.2,3.905263157894737,74,3.8947368421052633,,,,,,,,,,,,,,,,,,,"Elmer Rodriguez","31811",695684
"Jason Foley","SFG",1,1,0,3.21429,26,0,0,0,,26,107,24,10,9,2,6,,1,22,7.55357,2.25,3.35714,0.642857,0.201717,0.0600858,0.1416308991611004,0.24424,1.19643,0.295181,0.732899,,,3.21039,0.084783,0.0729691,999,,,,,,,128.4,4.938461538461539,127,4.884615384615385,,,,,,,,,,,,,,,,,,,"Jason Foley","19531",671345
"Austin Peterson","CLE",1,1,1,4.34679,9,2,0,0,,18,75,19,9,8,3,4,,1,13,6.55582,2.20903,2.96774,1.35392,0.170055,0.0573013,0.11275415495038033,0.265347,1.30641,0.291878,0.715318,,,4.45716,0.0832817,0.100837,999,,,,,,,57.90000000000001,3.2166666666666672,62,3.4444444444444446,,,,,,,,,,,,,,,,,,,"Austin Peterson","sa3020868",804926
"Jack Dreyer","LAD",1,1,0,4.05567,31,0,0,4,,31,128,26,15,14,4,11,,1,32,9.35816,3.17843,2.94427,1.13164,0.248448,0.0843833,0.1640642136335373,0.225284,1.21177,0.277005,0.697044,,,3.78004,0.0819777,-0.00262491,999,,,,,,,156.6,5.051612903225807,147,4.741935483870968,,,,,,,,,,,,,,,,,,,"Jack Dreyer","30249",676263
"Blade Tidwell","SFG",1,1,0,4.29713,15,1,0,0,,20,86,19,10,9,2,8,,1,18,8.11614,3.65705,2.21932,1.03015,0.206366,0.0929865,0.11337995529174805,0.253868,1.39948,0.303435,0.710521,,,4.1612,0.0804827,0.0480916,999,,,,,,,83,4.15,83,4.15,,,,,,,,,,,,,,,,,,,"Blade Tidwell","31701",694918
"Josiah Gray","WSN",1,1,2,4.81733,4,4,0,0,,20,88,20,12,11,3,9,,1,18,8.18182,3.82328,2.14,1.52931,0.208577,0.0974659,0.111111119389534,0.25,1.39337,0.285714,0.705882,,,4.94691,0.0779634,0.0284665,999,,,,,,,65.1,3.255,67,3.35,,,,,,,,,,,,,,,,,,,"Josiah Gray","24580",680686
"Casey Legumina","TBR",2,3,0,4.56986,34,0,0,7,,34,150,36,19,17,4,12,,2,29,7.71907,3.25932,2.36831,1.06488,0.196427,0.0829399,0.11348739266395569,0.263064,1.39752,0.309834,0.686437,,,4.21776,0.0778986,-0.0847559,999,,,,,,,152.80000000000004,4.494117647058824,162,4.764705882352941,,,,,,,,,,,,,,,,,,,"Casey Legumina","25921",668984
"Tanner Banks","PHI",2,1,0,3.86758,32,0,0,4,,32,135,30,15,14,4,10,,1,30,8.43839,2.73007,3.09091,0.992752,0.222591,0.0720147,0.1505761295557022,0.241708,1.24204,0.292131,0.712515,,,3.64788,0.0773475,0.0223215,999,,,,,,,152.60000000000002,4.768750000000001,151,4.71875,,,,,,,,,,,,,,,,,,,"Tanner Banks","16990",621383
"Isaac Mattson","PIT",2,2,0,3.79086,31,0,0,3,,31,133,27,14,13,3,15,,2,28,8.37265,4.28574,1.95361,0.85052,0.214141,0.109613,0.10452770441770554,0.234952,1.37319,0.287324,0.737664,,,4.05072,0.0767402,0.0922659,999,,,,,,,139.29999999999995,4.493548387096773,133,4.290322580645161,,,,,,,,,,,,,,,,,,,"Isaac Mattson","20385",676755
"Sawyer Gipson-Long","DET",1,1,0,4.33735,8,1,0,0,,13,53,12,7,6,2,3,,1,11,7.59036,2.28916,3.31579,1.20482,0.199367,0.0601266,0.13924050703644753,0.25256,1.24498,0.290909,0.683544,,,4.08049,0.0746485,-0.00225491,999,,,,,,,50.39999999999999,3.8769230769230765,49,3.769230769230769,,,,,,,,,,,,,,,,,,,"Sawyer Gipson-Long","26048",687830
"Edwin Díaz","LAD",2,1,0,3.27005,17,0,0,0,,17,70,12,7,6,2,7,,2,25,12.9003,3.48206,3.7048,0.95082,0.350524,0.0946135,0.2559104338288307,0.198321,1.10331,0.294577,0.741441,,,3.04043,0.0712075,0.0371147,33,,,,,,,93.00000000000001,5.470588235294119,82,4.823529411764706,,,,,,,,,,,,,,,,,,,"Edwin Diaz","14710",621242
"Codi Heuer","CLE",2,1,0,3.70183,29,0,0,3,,29,125,28,13,12,3,11,,2,29,9.06535,3.54315,2.55856,1.05337,0.233105,0.091108,0.14199721068143845,0.247452,1.34753,0.306481,0.760725,,,4.00943,0.0709353,0.0857935,999,,,,,,,135.90000000000003,4.686206896551726,137,4.724137931034483,,,,,,,,,,,,,,,,,,,"Codi Heuer","23293",676051
"Josh Stephan","TEX",1,1,1,4.93278,11,2,0,0,,19,82,19,11,10,3,5,,1,13,6.32885,2.606,2.42857,1.303,0.162291,0.0668258,0.09546539187431335,0.25974,1.32368,0.283828,0.654982,,,4.63375,0.0707098,-0.000694726,999,,,,,,,62.29999999999999,3.278947368421052,64,3.3684210526315788,,,,,,,,,,,,,,,,,,,"Josh Stephan","sa3015286",695776
"Pierce Johnson","CIN",2,2,0,4.62464,30,0,0,3,,30,131,30,17,15,4,12,,0,32,9.60582,3.52946,2.72161,1.30577,0.244051,0.0896715,0.15437955409288406,0.253474,1.39728,0.312401,0.702375,,,4.07862,0.0704026,-0.0613767,999,,,,,,,134.8,4.493333333333334,138,4.6,,,,,,,,,,,,,,,,,,,"Pierce Johnson","13435",572955
"Luis Medina","ATH",2,3,0,4.73825,37,1,1,7,,41,181,39,24,22,4,20,,3,36,7.95471,4.29881,1.85045,0.892386,0.201098,0.108675,0.09242253750562668,0.246835,1.42515,0.297083,0.663045,,,4.29416,0.0698187,-0.11395,999,,,,,,,188.80000000000004,4.604878048780488,189,4.609756097560975,,,,,,,,,,,,,,,,,,,"Luis Medina","21649",665622
"Cal Quantrill","TEX",2,3,1,5.07237,33,2,0,4,,41,179,42,25,23,6,14,,2,30,6.62289,3.06796,2.15873,1.25397,0.170148,0.0788187,0.09132964164018631,0.259693,1.36058,0.288518,0.641752,,,4.6379,0.0696472,-0.0408961,999,,,,,,,148.40000000000003,3.619512195121952,155,3.7804878048780486,,,,,,,,,,,,,,,,,,,"Cal Quantrill","19312",615698
"Tim Hill","NYY",3,3,0,4.32355,40,0,1,11,,40,173,44,21,19,4,10,,2,22,4.99167,2.25392,2.21466,0.93225,0.128862,0.0581858,0.07067588716745377,0.273652,1.34608,0.296529,0.685987,,,4.24135,0.0696417,-0.0217961,999,,,,,,,189.4,4.735,205,5.125,,,,,,,,,,,,,,,,,,,"Tim Hill","16814",657612
"Evan Phillips","LAD",2,1,0,3.35196,21,0,0,0,,21,83,17,9,8,2,6,,1,22,9.55307,2.68156,3.5625,1.00559,0.265116,0.0744186,0.19069769978523254,0.22335,1.11732,0.283582,0.736434,,,3.43844,0.0696146,0.0346987,999,,,,,,,109.60000000000001,5.219047619047619,102,4.857142857142857,,,,,,,,,,,,,,,,,,,"Evan Phillips","17734",623465
"Hunter Harvey","CHC",2,1,0,3.23684,18,0,0,0,,18,75,15,7,7,2,5,,1,20,9.98648,2.27334,4.39286,0.974291,0.273028,0.0621526,0.2108749784529209,0.221863,1.08942,0.285273,0.744774,,,3.1682,0.0687799,0.0494242,748.530029296875,,,,,,,91.60000000000002,5.08888888888889,86,4.777777777777778,,,,,,,,,,,,,,,,,,,"Hunter Harvey","15507",640451
"Chad Dallas","TOR",0,0,0,4.20395,14,1,0,0,,17,76,15,9,8,2,7,,1,16,8.73959,3.93335,2.22192,1.05609,0.215632,0.0970475,0.11858447641134262,0.226626,1.34584,0.270887,0.702621,,,4.16616,0.0686555,0.0299053,999,,,,,,,70.20000000000002,4.129411764705884,67,3.9411764705882355,,,,,,,,,,,,,,,,,,,"Chad Dallas","30158",689149
"Jovani Morán","BOS",2,2,0,4.15825,33,0,0,5,,33,144,30,17,15,3,16,,1,38,10.3913,4.24644,2.44706,0.911736,0.26559,0.108534,0.15705548971891403,0.232954,1.36848,0.30671,0.706211,,,3.6056,0.0683492,-0.000084123,999,,,,,,,174.30000000000004,5.281818181818183,171,5.181818181818182,,,,,,,,,,,,,,,,,,,"Jovani Moran","20422",663558
"Mitchell Parker","WSN",2,4,1,4.91946,34,2,0,4,,43,189,45,26,24,6,16,,1,32,6.77615,3.26933,2.07264,1.22789,0.171801,0.0828898,0.08891113102436066,0.263576,1.41699,0.295094,0.671177,,,4.52484,0.0680248,-0.130105,999,,,,,,,156.39999999999998,3.637209302325581,166,3.86046511627907,,,,,,,,,,,,,,,,,,,"Mitchell Parker","27636",680730
"DL Hall","MIL",1,1,0,4.19261,37,0,0,7,,37,164,32,19,17,3,21,,2,39,9.32891,5.13139,1.81801,0.835572,0.234568,0.129025,0.10554331541061401,0.229595,1.44354,0.291832,0.713469,,,4.0819,0.0674006,-0.0228723,999,,,,,,,190.7,5.154054054054054,183,4.945945945945946,,,,,,,,,,,,,,,,,,,"DL Hall","22207",669084
"Mitch Bratt","ARI",1,1,0,3.90265,7,1,0,0,,11,48,11,5,5,2,3,,1,10,7.80531,2.23009,3.5,1.19469,0.20332,0.0580913,0.14522821828722954,0.25167,1.24779,0.291667,0.733333,,,3.9705,0.0673566,0.110467,999,,,,,,,36.20000000000001,3.290909090909092,37,3.3636363636363638,,,,,,,,,,,,,,,,,,,"Mitch Bratt","sa3017719",683352
"Hayden Harris","ATL",2,2,0,3.99577,31,0,0,3,,31,130,26,15,14,4,12,,3,36,10.4651,3.61522,2.89474,1.14165,0.272277,0.0940594,0.1782178282737732,0.223464,1.24736,0.288136,0.711462,,,3.88549,0.0658445,0.0303394,999,,,,,,,151.6,4.890322580645161,142,4.580645161290323,,,,,,,,,,,,,,,,,,,"Hayden Harris","31913",802686
"José Suarez","ATH",2,1,0,4.00567,32,0,1,4,,32,138,30,16,14,3,12,,1,30,8.53762,3.4892,2.44687,0.916608,0.22113,0.0903726,0.13075780123472214,0.241158,1.31863,0.29507,0.709882,,,3.81871,0.0641645,0.00789645,999,,,,,,,163.9,5.121875,163,5.09375,,,,,,,,,,,,,,,,,,,"Jose Suarez","19911",660761
"Travis Adams","MIN",2,3,1,4.7422,30,2,0,0,,41,178,43,23,21,6,14,,2,33,7.35023,3.15122,2.33251,1.30584,0.186711,0.0800476,0.10666389763355255,0.265051,1.40656,0.301371,0.692878,,,4.52116,0.0641455,0.0551605,999,,,,,,,135.8,3.31219512195122,145,3.5365853658536586,,,,,,,,,,,,,,,,,,,"Travis Adams","30180",701519
"Hagen Smith","CHW",0,0,1,4.83763,2,2,0,0,,8,35,7,5,4,1,4,,1,8,8.66741,4.33371,2,1.20941,0.217722,0.108861,0.10886076092720032,0.240469,1.39978,0.288066,0.674677,,,4.73818,0.0630312,0.00262098,999,,,,,,,29.700000000000006,3.712500000000001,28,3.5,,,,,,,,,,,,,,,,,,,"Hagen Smith","sa3025544",696146
"Gavin Stone","LAD",0,0,0,4.66019,1,1,0,0,,5,22,5,3,3,1,2,,0,4,7.86408,3.1068,2.53125,1.26214,0.2025,0.08,0.12250000238418579,0.251366,1.33765,0.290441,0.680529,,,4.27908,0.062552,0.0056999,999,,,,,,,13.7,2.7399999999999998,14,2.8,,,,,,,,,,,,,,,,,,,"Gavin Stone","27792",694813
"Trey Gibson","BAL",1,1,1,4.77615,11,2,0,0,,19,82,19,11,10,3,7,,1,17,7.90301,3.41791,2.31224,1.22583,0.202713,0.0876696,0.1150432825088501,0.253775,1.36257,0.296178,0.670491,,,4.49492,0.0624893,-0.00098137,999,,,,,,,64.29999999999998,3.3842105263157887,66,3.473684210526316,,,,,,,,,,,,,,,,,,,"Trey Gibson","33794",694346
"Greg Weissert","BOS",2,2,0,4.32313,37,0,0,8,,37,160,36,20,18,5,13,,2,35,8.45595,3.21431,2.63072,1.229,0.219062,0.0832708,0.1357913389801979,0.247398,1.31803,0.293579,0.706316,,,4.21437,0.0624276,0.00692307,999,,,,,,,175.70000000000002,4.748648648648649,177,4.783783783783784,,,,,,,,,,,,,,,,,,,"Greg Weissert","20375",669711
"Tucker Davidson","PHI",0,0,0,4.90909,1,1,0,0,,6,28,7,4,4,1,2,,0,5,7.24675,3.38961,2.13793,1.16883,0.181287,0.0847953,0.09649121761322021,0.26129,1.42857,0.298319,0.677083,,,4.42792,0.0618402,-0.0217359,999,,,,,,,17.90000000000001,2.9833333333333347,21,3.5,,,,,,,,,,,,,,,,,,,"Tucker Davidson","19871",656353
"Luis Gil","NYY",2,3,1,5.09418,20,4,0,0,,35,154,32,22,20,6,18,,2,35,8.84632,4.61344,1.91751,1.56888,0.223771,0.116699,0.10707220435142517,0.237248,1.41919,0.274873,0.684131,,,5.11742,0.0613343,-0.0862899,376.5,,,,,,,111.99999999999999,3.1999999999999997,107,3.057142857142857,,,,,,,,,,,,,,,,,,,"Luis Gil","21052",661563
"Ben Joyce","LAA",1,0,0,3.6933,22,0,4,0,,22,94,18,10,9,2,10,,3,26,10.4968,3.88769,2.7,0.777538,0.272727,0.10101,0.17171718180179596,0.215116,1.2311,0.289474,0.700389,,,3.57841,0.0603768,0.030499,738.6500244140625,,,,,,,124.40000000000002,5.654545454545455,117,5.318181818181818,,,,,,,,,,,,,,,,,,,"Ben Joyce","31461",690829
"Robert Garcia","TEX",2,2,0,3.7216,21,0,0,0,,21,88,18,9,9,2,8,,1,23,9.83689,3.41648,2.87925,0.850897,0.259489,0.0901241,0.16936521232128143,0.225473,1.23662,0.291751,0.712833,,,3.37971,0.0602171,0.0385819,232.1199951171875,,,,,,,103.00000000000001,4.904761904761905,98,4.666666666666667,,,,,,,,,,,,,,,,,,,"Robert Garcia","23363",676395
"Kutter Crawford","BOS",1,1,0,4.46991,8,1,0,0,,13,56,13,7,7,2,4,,1,11,7.73639,2.75072,2.8125,1.37536,0.205479,0.0730594,0.1324201002717018,0.248756,1.26075,0.283784,0.693431,,,4.40219,0.0601098,0.0757729,999,,,,,,,44.8,3.446153846153846,46,3.5384615384615383,,,,,,,,,,,,,,,,,,,"Kutter Crawford","20531",676710
"Zach Thornton","NYM",1,1,1,4.88481,8,2,0,0,,15,66,16,9,8,2,5,,1,12,6.89544,2.87868,2.39535,1.19387,0.177144,0.0739535,0.10319089144468307,0.264119,1.35969,0.298593,0.655668,,,4.45952,0.0581341,-0.00316125,999,,,,,,,50.800000000000004,3.386666666666667,55,3.6666666666666665,,,,,,,,,,,,,,,,,,,"Zach Thornton","33891",804267
"Antwone Kelly","PIT",0,1,1,4.54639,9,2,0,0,,15,68,16,8,8,2,6,,0,12,6.86598,3.43299,2,1.20619,0.173302,0.086651,0.08665104955434799,0.260309,1.42268,0.292359,0.709516,,,4.52593,0.0580556,0.0818563,999,,,,,,,50.800000000000004,3.386666666666667,55,3.6666666666666665,,,,,,,,,,,,,,,,,,,"Antwone Kelly","sa3015489",699008
"Brenan Hanifee","DET",1,1,0,4.19291,34,0,0,6,,34,147,37,17,16,4,9,,1,24,6.35427,2.44395,2.6,0.988205,0.1641,0.0631155,0.10098471492528915,0.267481,1.33931,0.301617,0.702538,,,4.05013,0.0578066,0.0486896,999,,,,,,,148.20000000000005,4.358823529411766,160,4.705882352941177,,,,,,,,,,,,,,,,,,,"Brenan Hanifee","22304",669724
"Austin Voth","MIN",0,0,0,3.98415,1,1,0,0,,4,17,4,2,2,0,1,,0,4,8.57186,3.1455,2.72512,1.13139,0.222645,0.0817012,0.1409441977739334,0.231529,1.24881,0.275688,0.721209,,,4.01335,0.0577862,0.0514534,999,,,,,,,24.200000000000003,6.050000000000001,25,6.25,,,,,,,,,,,,,,,,,,,"Austin Voth","15047",608723
"Brody Hopkins","TBR",0,1,1,4.8,2,2,0,0,,9,40,8,5,5,1,4,,1,8,7.88571,4.2,1.87755,1.2,0.197425,0.10515,0.09227467328310013,0.244444,1.40952,0.284281,0.67757,,,4.82705,0.0570685,0.06646,999,,,,,,,34.500000000000014,3.833333333333335,33,3.6666666666666665,,,,,,,,,,,,,,,,,,,"Brody Hopkins","sa3023515",811315
"Dane Dunning","SEA",0,0,0,4.36634,1,1,0,0,,6,26,6,3,3,1,2,,0,5,7.84158,3.11881,2.51429,1.15842,0.200913,0.0799087,0.12100456655025482,0.24937,1.32673,0.290541,0.699482,,,4.25176,0.0568069,0.0538337,999,,,,,,,20.500000000000007,3.416666666666668,21,3.5,,,,,,,,,,,,,,,,,,,"Dane Dunning","19409",641540
"Tim Mayza","PHI",1,1,0,4.15156,34,0,0,6,,34,146,35,17,16,5,10,,1,32,8.40118,2.76606,3.03723,1.28004,0.216956,0.0714321,0.14552394300699234,0.258406,1.3317,0.305399,0.733106,,,4.10047,0.0554662,0.0386177,999,,,,,,,154.10000000000002,4.532352941176471,160,4.705882352941177,,,,,,,,,,,,,,,,,,,"Tim Mayza","15042",641835
"Chase Petty","CIN",1,2,0,5.57702,12,2,0,0,,19,85,20,13,12,3,8,,1,14,6.45225,3.90807,1.65101,1.3311,0.16065,0.0973045,0.06334588676691055,0.267025,1.49764,0.293656,0.638542,,,5.03251,0.0545024,-0.0741701,999,,,,,,,52.69999999999999,2.7736842105263153,57,3,,,,,,,,,,,,,,,,,,,"Chase Petty","30170",695534
"Brock Stewart","LAD",1,0,0,4.00545,20,0,7,0,,20,83,17,9,9,2,8,,1,23,10.3976,3.81089,2.72839,1.03506,0.270936,0.0993023,0.17163363099098206,0.22801,1.28603,0.297507,0.713123,,,3.73055,0.054502,0.0195489,999,,,,,,,133.2,6.659999999999999,128,6.4,,,,,,,,,,,,,,,,,,,"Brock Stewart","16727",592779
"Simeon Woods Richardson","TOR",1,1,0,4.66324,18,1,0,0,,22,96,22,12,11,3,9,,1,18,7.37118,3.53296,2.0864,1.24104,0.187819,0.0900205,0.0977984294295311,0.253915,1.3932,0.28913,0.691587,,,4.51721,0.0528096,-0.0389061,664.0399780273438,,,,,,,74.7,3.3954545454545455,77,3.5,,,,,,,,,,,,,,,,,,,"Simeon Woods Richardson","24494",680573
"Cam Booser","TBR",2,3,0,4.25386,33,0,0,5,,33,144,31,17,16,4,14,,1,34,9.38757,3.93384,2.38636,1.18015,0.239959,0.100554,0.13940463960170746,0.24043,1.37186,0.296141,0.722143,,,4.09862,0.0521971,-0.0164279,999,,,,,,,157.40000000000006,4.769696969696971,156,4.7272727272727275,,,,,,,,,,,,,,,,,,,"Cam Booser","16061",592155
"Spencer Turnbull",,0,1,1,5.03888,2,2,0,0,,10,45,10,6,6,1,4,,1,7,6.43857,3.77916,1.7037,1.11975,0.158076,0.0927835,0.06529209017753601,0.263566,1.47745,0.294118,0.668258,,,4.82953,0.0516638,0.0211799,999,,,,,,,34.7,3.47,36,3.6,,,,,,,,,,,,,,,,,,,"Spencer Turnbull","16207",605513
"Hayden Wesneski","HOU",1,1,0,4.42432,10,1,0,0,,15,65,14,8,8,2,5,,1,14,8.26649,3.1436,2.62963,1.39715,0.216463,0.0823171,0.1341463401913643,0.241611,1.28072,0.27907,0.705596,,,4.44865,0.0514426,0.0554557,999,,,,,,,60.00000000000001,4.000000000000001,59,3.933333333333333,,,,,,,,,,,,,,,,,,,"Hayden Wesneski","27581",669713
"Chris Martin","TEX",2,2,0,3.88123,22,0,0,0,,22,90,22,10,9,3,4,,1,19,8.11479,1.74008,4.66346,1.13774,0.21655,0.0464354,0.1701144129037857,0.254593,1.19517,0.301144,0.713446,,,3.62936,0.0511894,0.0225448,638.3599853515625,,,,,,,91.7,4.168181818181818,94,4.2727272727272725,,,,,,,,,,,,,,,,,,,"Chris Martin","11847",455119
"Paxton Schultz","WSN",2,2,0,4.30776,29,0,0,3,,29,128,30,15,14,4,11,,1,27,8.39388,3.464,2.42317,1.09941,0.213673,0.0881788,0.1254938244819641,0.255281,1.39348,0.30608,0.714312,,,4.06789,0.0511117,-0.0252838,999,,,,,,,117.40000000000003,4.048275862068967,123,4.241379310344827,,,,,,,,,,,,,,,,,,,"Paxton Schultz","25501",687606
"Cooper Criswell","SEA",2,2,0,4.233,35,1,0,6,,40,169,39,20,19,5,12,,3,33,7.61662,2.7411,2.77867,1.05989,0.198378,0.0713934,0.12698502093553543,0.255933,1.29849,0.300109,0.694464,,,4.08923,0.050882,-0.0450135,999,,,,,,,178.1,4.4525,180,4.5,,,,,,,,,,,,,,,,,,,"Cooper Criswell","24975",681867
"Justin Martinez","ARI",2,1,0,3.33895,19,0,0,0,,19,81,14,7,7,1,10,,2,23,11.231,5.00843,2.24242,0.607083,0.285714,0.127413,0.15830117464065552,0.20362,1.31535,0.286713,0.745856,,,3.40679,0.0492049,0.0709382,999,,,,,,,101.89999999999998,5.363157894736841,92,4.842105263157895,,,,,,,,,,,,,,,,,,,"Justin Martinez","24453",679885
"Tommy Nance","TOR",1,1,0,3.59941,20,0,0,0,,20,83,18,9,8,2,7,,1,20,9.37466,3.04455,3.07917,0.938735,0.24474,0.0794826,0.165257528424263,0.243763,1.28196,0.307988,0.74586,,,3.53033,0.0489962,0.0255956,999,,,,,,,92.60000000000001,4.630000000000001,90,4.5,,,,,,,,,,,,,,,,,,,"Tommy Nance","19178",667297
"Dax Fulton","MIA",2,3,1,4.7353,20,3,0,0,,32,142,33,18,17,4,16,,2,26,7.3745,4.43775,1.66176,1.07681,0.182659,0.109919,0.07274045050144196,0.260403,1.51724,0.302115,0.700392,,,4.67857,0.0478765,0.0794092,999,,,,,,,99.80000000000003,3.118750000000001,106,3.3125,,,,,,,,,,,,,,,,,,,"Dax Fulton","27757",690978
"Graham Ashcraft","CIN",1,1,0,4.09068,15,0,0,0,,15,64,14,7,7,1,6,,1,15,9.10164,3.69693,2.46194,0.68893,0.23534,0.0955914,0.13974905759096146,0.237076,1.3237,0.302713,0.681985,,,3.41483,0.0477678,0.0181833,999,,,,,,,71.30000000000001,4.753333333333334,71,4.733333333333333,,,,,,,,,,,,,,,,,,,"Graham Ashcraft","27552",668933
"Brad Keller","PHI",2,3,0,4.4549,41,0,2,8,,41,176,39,22,20,6,16,,2,38,8.47127,3.56039,2.37931,1.25227,0.217786,0.0915334,0.12625297904014587,0.246027,1.35061,0.291243,0.703038,,,4.35006,0.0476206,-0.066772,745.9099731445312,,,,,,,192.20000000000002,4.687804878048781,191,4.658536585365853,,,,,,,,,,,,,,,,,,,"Brad Keller","15734",641745
"Grant Anderson","MIL",2,2,0,4.23527,38,0,1,8,,38,164,35,20,18,5,15,,2,38,8.95814,3.45878,2.58997,1.25496,0.232631,0.0898198,0.14281078428030014,0.239726,1.30593,0.288661,0.715237,,,4.22783,0.0473562,-0.0674827,999,,,,,,,190.7,5.018421052631578,187,4.921052631578948,,,,,,,,,,,,,,,,,,,"Grant Anderson","20546",681982
"John Schreiber","KCR",2,2,0,4.49604,36,0,0,7,,36,156,35,20,18,4,14,,2,32,7.90578,3.47854,2.27273,1.10681,0.203423,0.0895059,0.11391665041446686,0.24807,1.34908,0.291643,0.684911,,,4.25899,0.0469085,-0.0532073,999,,,,,,,170.20000000000005,4.727777777777779,172,4.777777777777778,,,,,,,,,,,,,,,,,,,"John Schreiber","20020",670167
"Yuki Matsui","SDP",1,1,0,3.96936,34,0,0,5,,34,148,29,16,15,4,17,,1,36,9.52266,4.49343,2.11924,0.937653,0.244333,0.115293,0.12904015183448792,0.224899,1.35512,0.284374,0.724183,,,3.91642,0.0468209,-0.00565639,999,,,,,,,165.00000000000003,4.852941176470589,156,4.588235294117647,,,,,,,,,,,,,,,,,,,"Yuki Matsui","33826",673513
"Orlando Ribalta","WSN",1,1,0,4.49837,36,0,1,7,,36,161,35,20,18,4,18,,2,33,8.22981,4.6142,1.78358,0.946945,0.205165,0.11503,0.0901351273059845,0.249273,1.48541,0.300946,0.704076,,,4.30653,0.0452853,-0.135544,999,,,,,,,165.20000000000005,4.58888888888889,167,4.638888888888889,,,,,,,,,,,,,,,,,,,"Orlando Ribalta","26247",687377
"Ronel Blanco","HOU",1,1,0,4.19945,6,1,0,0,,11,46,10,5,5,2,5,,0,10,8.64593,3.87008,2.23404,1.39982,0.227273,0.101732,0.12554112076759338,0.237288,1.32662,0.278351,0.742574,,,4.54881,0.045058,0.0873093,999,,,,,,,35.800000000000004,3.254545454545455,34,3.090909090909091,,,,,,,,,,,,,,,,,,,"Ronel Blanco","19407",669854
"Kohl Drake","ARI",0,0,0,4.23792,1,1,0,0,,5,21,5,2,2,1,2,,0,4,8.25279,3.34572,2.46667,1.22677,0.209632,0.0849858,0.1246458888053894,0.250784,1.36307,0.294872,0.729387,,,4.30523,0.044389,0.112604,999,,,,,,,13.7,2.7399999999999998,14,2.8,,,,,,,,,,,,,,,,,,,"Kohl Drake","sa3021723",684442
"Karson Milbrandt","MIA",1,2,2,4.98339,15,5,0,0,,30,134,29,18,16,4,16,,2,25,7.57475,4.78405,1.58333,1.19601,0.185366,0.117073,0.06829268485307693,0.250704,1.51717,0.28839,0.690516,,,4.97478,0.0438696,0.00910358,999,,,,,,,93.4,3.1133333333333337,94,3.1333333333333333,,,,,,,,,,,,,,,,,,,"Karson Milbrandt","sa3020659",703596
"Ryan Fernandez","STL",2,2,0,4.07481,33,0,0,5,,33,141,29,16,15,4,15,,0,38,10.3097,4.05425,2.54294,1.05709,0.265307,0.10433,0.1609761342406273,0.230804,1.33955,0.298027,0.721141,,,3.73612,0.0430583,-0.0122331,999,,,,,,,170.60000000000005,5.169696969696972,164,4.96969696969697,,,,,,,,,,,,,,,,,,,"Ryan Fernandez","24862",681676
"Jimmy Herget","COL",1,1,0,4.49777,32,0,0,4,,32,136,32,17,16,5,10,,2,30,8.55696,2.7887,3.06844,1.33603,0.222023,0.0723569,0.1496659591794014,0.256837,1.31107,0.304665,0.696003,,,4.28376,0.0428937,0.0165347,999,,,,,,,132.10000000000002,4.128125000000001,135,4.21875,,,,,,,,,,,,,,,,,,,"Jimmy Herget","17556",623474
"Adam Seminaris","PHI",0,0,0,4.83971,1,1,0,0,,5,24,6,3,3,1,2,,0,4,6.04964,2.97828,2.03125,1.20993,0.151515,0.0745921,0.07692307978868484,0.274112,1.44778,0.300633,0.689655,,,4.59239,0.0425162,0.0117628,999,,,,,,,11.1,2.2199999999999998,14,2.8,,,,,,,,,,,,,,,,,,,"Adam Seminaris","sa3015010",694372
"Trenton Denholm","CLE",1,1,0,4.51209,7,1,0,0,,12,53,13,7,6,2,3,,0,8,6.04297,2.41719,2.5,1.28917,0.154959,0.0619835,0.0929752066731453,0.268889,1.35184,0.292479,0.699844,,,4.53565,0.0420786,0.0690932,999,,,,,,,37.40000000000002,3.1166666666666685,41,3.4166666666666665,,,,,,,,,,,,,,,,,,,"Trenton Denholm","sa3018139",671143
"Wilber Dotel","PIT",2,3,1,4.52467,28,2,0,0,,35,153,36,19,18,5,13,,2,28,7.25925,3.36797,2.15538,1.16068,0.184649,0.0856692,0.09898030757904053,0.260845,1.40105,0.299188,0.700199,,,4.46147,0.0410078,0.024773,999,,,,,,,114.9,3.282857142857143,121,3.4571428571428573,,,,,,,,,,,,,,,,,,,"Wilber Dotel","28901",696062
"Keegan Thompson","COL",1,2,0,4.91531,33,0,0,5,,33,145,34,20,18,5,14,,2,30,8.10781,3.73198,2.17252,1.27579,0.204716,0.0942294,0.11048623919487,0.25946,1.42995,0.30432,0.679104,,,4.6069,0.0406462,-0.0599027,999,,,,,,,126.30000000000004,3.8272727272727285,132,4,,,,,,,,,,,,,,,,,,,"Keegan Thompson","19795",624522
"Brent Suter","LAA",1,1,0,4.31211,36,0,0,7,,36,157,38,19,17,5,12,,1,29,7.20286,2.99102,2.40816,1.13944,0.18424,0.0765065,0.10773365944623947,0.262085,1.37718,0.300103,0.713701,,,4.22007,0.0401,-0.00720376,999,,,,,,,153.10000000000002,4.252777777777778,162,4.5,,,,,,,,,,,,,,,,,,,"Brent Suter","13942",608718
"José Urquidy","PIT",1,2,0,4.44645,17,1,0,0,,21,90,22,11,10,3,6,,1,15,6.42792,2.49095,2.58051,1.24547,0.166065,0.0643538,0.10171167552471161,0.266136,1.33741,0.294393,0.699852,,,4.42026,0.0390296,-0.0213524,999,,,,,,,70.3,3.3476190476190473,75,3.5714285714285716,,,,,,,,,,,,,,,,,,,"Jose Urquidy","18413",664353
"Nestor German","BAL",0,0,0,4.75073,1,1,0,0,,5,21,5,3,3,1,2,,0,4,7.82991,3.07918,2.54286,1.4956,0.204128,0.0802752,0.12385322898626328,0.2525,1.32942,0.285714,0.695187,,,4.5793,0.0387977,0.00900709,999,,,,,,,13.7,2.7399999999999998,14,2.8,,,,,,,,,,,,,,,,,,,"Nestor German","sa3023517",815148
"John King","MIA",2,2,0,4.04833,35,0,1,7,,35,155,39,17,16,4,11,,2,26,6.4806,2.85384,2.27083,0.939389,0.164446,0.0724165,0.09202929586172104,0.273288,1.41446,0.311187,0.729722,,,4.11002,0.0386525,0.0890871,999,,,,,,,154.4,4.411428571428572,169,4.828571428571428,,,,,,,,,,,,,,,,,,,"John King","22051",667463
"Yorman Gómez","CLE",1,1,0,4.41667,14,1,0,0,,20,88,20,11,10,3,8,,1,16,7.33333,3.58333,2.04651,1.25,0.185263,0.0905263,0.09473684430122375,0.254673,1.40741,0.289231,0.725191,,,4.58473,0.0378449,0.116614,999,,,,,,,64.1,3.2049999999999996,66,3.3,,,,,,,,,,,,,,,,,,,"Yorman Gomez","sa3015931",691414
"Taylor Clarke","ARI",2,2,0,4.04419,39,0,0,9,,39,166,40,19,17,5,10,,2,28,6.50247,2.3896,2.72115,1.10289,0.169469,0.0622784,0.10719067230820656,0.261937,1.29997,0.293766,0.719192,,,4.19337,0.0367751,0.124067,999,,,,,,,179.10000000000002,4.592307692307693,186,4.769230769230769,,,,,,,,,,,,,,,,,,,"Taylor Clarke","17611",664199
"Mitch Spence","KCR",1,1,0,4.70721,16,1,0,0,,20,89,22,12,11,3,7,,1,15,6.76756,2.97445,2.27523,1.25527,0.172816,0.0759553,0.09686044603586197,0.26584,1.38605,0.297504,0.686561,,,4.55409,0.0363627,0.0731848,999,,,,,,,59.89999999999999,2.9949999999999997,67,3.35,,,,,,,,,,,,,,,,,,,"Mitch Spence","27707",687765
"Jonathan Pintaro","NYM",2,2,0,4.18789,33,0,0,5,,33,145,32,17,16,4,14,,3,32,8.61327,3.78593,2.27507,0.954619,0.219764,0.0965966,0.12316766381263733,0.250438,1.38267,0.30809,0.710505,,,4.10849,0.0358443,-0.0503605,999,,,,,,,144.80000000000007,4.38787878787879,146,4.424242424242424,,,,,,,,,,,,,,,,,,,"Jonathan Pintaro","33980",702752
"Seth Halvorsen","COL",1,2,0,4.70707,34,0,1,6,,34,153,34,19,18,4,18,,1,32,8.40168,4.77619,1.75908,1.04036,0.208224,0.118371,0.08985282480716705,0.250398,1.51075,0.301743,0.698533,,,4.4466,0.0356109,0.0525105,712.510009765625,,,,,,,150.00000000000003,4.411764705882354,154,4.529411764705882,,,,,,,,,,,,,,,,,,,"Seth Halvorsen","33294",678020
"DJ Herz","WSN",1,1,0,4.5,7,1,0,0,,10,45,9,5,5,1,5,,1,10,9,4.71951,1.90698,1.09756,0.225275,0.118132,0.1071428582072258,0.237342,1.43902,0.290179,0.711538,,,4.44471,0.0345914,0.0423213,999,,,,,,,40.300000000000004,4.03,39,3.9,,,,,,,,,,,,,,,,,,,"DJ Herz","26389",687792
"Anthony Banda","MIN",1,1,0,4.36006,34,0,1,6,,34,149,33,18,16,3,16,,3,32,8.56636,4.22239,2.0288,0.906376,0.216132,0.106532,0.10959987342357635,0.250915,1.43147,0.30963,0.701208,,,4.21472,0.032631,-0.0159716,999,,,,,,,164.90000000000003,4.850000000000001,167,4.911764705882353,,,,,,,,,,,,,,,,,,,"Anthony Banda","14706",607455
"Tanner McDougal","CHW",0,0,0,4.88648,1,1,0,0,,4,18,4,2,2,1,2,,0,4,7.90721,4.08687,1.93478,1.24383,0.196468,0.101545,0.09492272883653641,0.250627,1.44126,0.290541,0.688291,,,4.74194,0.0313544,0.0504417,999,,,,,,,8.9,2.225,9,2.25,,,,,,,,,,,,,,,,,,,"Tanner McDougal","sa3017471",701780
"Germán Márquez","SDP",2,4,2,5.47719,21,6,0,0,,46,201,49,30,28,8,17,,2,35,6.92732,3.28974,2.10573,1.6095,0.174558,0.0828963,0.09166128933429718,0.268753,1.44319,0.293608,0.65533,,,5.08744,0.0305742,-0.253575,743.3200073242188,,,,,,,127.60000000000002,2.7739130434782613,139,3.0217391304347827,,,,,,,,,,,,,,,,,,,"German Marquez","15038",608566
"Tyron Guerrero","BOS",0,0,0,4.27177,29,0,0,3,,29,131,26,15,14,3,13,,2,28,8.79135,4.17645,2.10498,1.03285,0.213608,0.101477,0.11213026195764542,0.225174,1.37578,0.269481,0.697556,,,4.21331,0.0298485,0.0221987,999,,,,,,,133.10000000000002,4.589655172413794,129,4.448275862068965,,,,,,,,,,,,,,,,,,,"Tyron Guerrero","11691",594027
"McCade Brown","COL",0,0,0,5.18824,1,1,0,0,,4,18,4,2,2,1,2,,0,4,8.57647,3.81176,2.25,1.48235,0.21372,0.0949868,0.11873351037502289,0.255952,1.43529,0.298755,0.673828,,,4.85619,0.0298293,0.0708427,999,,,,,,,8.9,2.225,9,2.25,,,,,,,,,,,,,,,,,,,"McCade Brown","30004",685326
"Vince Velasquez","CHC",0,0,0,4.53062,1,1,0,0,,5,20,4,3,2,1,2,,0,5,8.80293,3.86776,2.27597,1.38134,0.224518,0.0986468,0.12587077170610428,0.244829,1.38361,0.289526,0.715674,,,4.52366,0.0297748,0.00193086,999,,,,,,,18.299999999999997,3.6599999999999993,16,3.2,,,,,,,,,,,,,,,,,,,"Vince Velasquez","11189",592826
"Joey Gerber","NYM",1,1,0,4.25021,28,0,0,0,,28,121,27,15,13,4,9,,1,27,8.58533,2.89755,2.96296,1.18048,0.224487,0.0757645,0.14872296899557114,0.246244,1.27828,0.294852,0.698827,,,3.99755,0.0296993,-0.0610968,999,,,,,,,111.80000000000005,3.9928571428571447,112,4,,,,,,,,,,,,,,,,,,,"Joey Gerber","24591",680702
"Trevor Richards","CHW",0,1,0,5.30727,28,0,0,2,,28,123,28,18,16,4,12,,0,28,8.94636,3.78926,2.36098,1.43022,0.22517,0.0953716,0.12979844957590103,0.25633,1.44069,0.304694,0.656466,,,4.49117,0.0281047,-0.183079,999,,,,,,,113.20000000000006,4.042857142857145,116,4.142857142857143,,,,,,,,,,,,,,,,,,,"Trevor Richards","19309",670950
"Keegan Akin","BAL",2,2,0,4.18744,34,0,0,5,,34,145,32,17,16,5,11,,0,34,8.92418,2.95293,3.02214,1.34026,0.233526,0.0772718,0.15625430643558502,0.242192,1.27379,0.288246,0.720976,,,4.08029,0.0278168,-0.0134402,999,,,,,,,161.90000000000003,4.761764705882354,160,4.705882352941177,,,,,,,,,,,,,,,,,,,"Keegan Akin","19362",669211
"Gabriel Hughes","COL",1,1,0,4.97872,14,1,0,0,,18,78,19,11,10,2,6,,1,12,6.12766,3.25532,1.88235,1.24468,0.154217,0.0819277,0.07228916138410568,0.272487,1.45745,0.299003,0.681818,,,4.72027,0.0277431,-0.0403737,999,,,,,,,62.200000000000024,3.455555555555557,67,3.7222222222222223,,,,,,,,,,,,,,,,,,,"Gabriel Hughes","sa3020661",687312
"Trevor Williams","WSN",1,1,0,4.93151,14,1,0,0,,18,82,21,11,10,3,6,,1,14,6.9863,2.87671,2.42857,1.36986,0.175258,0.072165,0.10309277474880219,0.276119,1.44597,0.309179,0.691358,,,4.57965,0.0273443,-0.0457029,999,,,,,,,48.70000000000001,2.705555555555556,58,3.2222222222222223,,,,,,,,,,,,,,,,,,,"Trevor Williams","16977",592866
"Ryan Webb","CLE",0,0,0,4.54369,1,1,0,0,,5,24,5,3,3,1,2,,0,5,7.68932,4.1068,1.87234,1.2233,0.191304,0.102174,0.0891304463148117,0.251852,1.4466,0.290429,0.718702,,,4.76344,0.0270129,0.00975955,999,,,,,,,15.7,3.1399999999999997,16,3.2,,,,,,,,,,,,,,,,,,,"Ryan Webb","sa3018280",669067
"George Klassen","LAA",0,0,0,4.99352,1,1,0,0,,4,19,4,3,2,1,2,,0,4,8.34489,4.18016,1.99631,1.24942,0.210005,0.105196,0.10480821132659912,0.252028,1.44352,0.298093,0.6728,,,4.64488,0.0267104,-0.0419327,999,,,,,,,8.9,2.225,9,2.25,,,,,,,,,,,,,,,,,,,"George Klassen","33464",691946
"Ryan Thompson","ARI",2,2,0,3.72453,30,0,0,3,,30,126,29,13,12,3,8,,1,23,6.91713,2.55988,2.70213,0.966764,0.181092,0.0670182,0.11407351493835449,0.254185,1.27938,0.292115,0.734775,,,3.952,0.0266121,0.111441,748.4299926757812,,,,,,,140.7,4.6899999999999995,142,4.733333333333333,,,,,,,,,,,,,,,,,,,"Ryan Thompson","16647",657044
"Bennett Sousa","HOU",1,1,0,3.89609,18,0,0,0,,18,77,16,9,8,2,8,,0,20,10.1016,3.86689,2.61233,1.12429,0.26302,0.100684,0.16233636438846588,0.22551,1.2904,0.286362,0.734962,,,3.83385,0.0259933,-0.00468276,999,,,,,,,83.00000000000003,4.6111111111111125,80,4.444444444444445,,,,,,,,,,,,,,,,,,,"Bennett Sousa","21345",656986
"Pete Hansen","STL",0,0,0,4.68908,1,1,0,0,,5,23,6,3,3,1,2,,0,4,6.27731,2.72269,2.30556,1.36134,0.159309,0.0690979,0.09021113812923431,0.26875,1.38655,0.292876,0.701001,,,4.70829,0.0255129,0.00087233,999,,,,,,,11.1,2.2199999999999998,14,2.8,,,,,,,,,,,,,,,,,,,"Pete Hansen","sa3020798",677337
"Austin Warren","NYM",3,3,0,4.31977,35,0,0,6,,35,149,32,18,17,4,14,,2,33,8.61745,3.63102,2.37329,1.05697,0.222535,0.0937665,0.1287684515118599,0.242347,1.331,0.294324,0.693726,,,4.14088,0.0252101,-0.0613243,999,,,,,,,168.60000000000002,4.817142857142858,165,4.714285714285714,,,,,,,,,,,,,,,,,,,"Austin Warren","24937",681810
"Ethan Roberts","CHC",2,1,0,4.06977,29,0,0,3,,29,126,27,14,13,3,12,,3,28,8.68416,3.73228,2.32677,0.969805,0.223844,0.0962038,0.1276405304670334,0.243269,1.33862,0.299479,0.713192,,,4.11223,0.0251408,0.0132846,999,,,,,,,130.5,4.5,129,4.448275862068965,,,,,,,,,,,,,,,,,,,"Ethan Roberts","24930",681799
"Nick Mears","KCR",2,2,0,4.5316,26,0,0,0,,26,112,25,14,13,3,12,,0,23,8.11275,4.06274,1.99687,0.904247,0.205884,0.103104,0.10278058052062988,0.244523,1.40782,0.294194,0.679096,,,4.00749,0.0248848,-0.0225284,999,,,,,,,100.5,3.8653846153846154,101,3.8846153846153846,,,,,,,,,,,,,,,,,,,"Nick Mears","25376",683232
"Matt Waldron","SDP",1,1,0,5.06794,7,1,0,0,,11,50,12,7,6,2,4,,1,10,7.47533,2.83706,2.63488,1.42513,0.192604,0.0730976,0.1195061057806015,0.261555,1.345,0.295581,0.65247,,,4.62661,0.024751,-0.0423618,999,,,,,,,30.600000000000005,2.781818181818182,34,3.090909090909091,,,,,,,,,,,,,,,,,,,"Matt Waldron","25550",663362
"Julian Fernández","WSN",1,1,0,4.42007,20,0,0,0,,20,84,19,10,10,2,7,,1,19,8.6993,3.28413,2.64889,1.08011,0.225101,0.0849793,0.14012152701616287,0.245854,1.32212,0.298274,0.683038,,,3.93198,0.0245422,-0.0102331,999,,,,,,,88,4.4,88,4.4,,,,,,,,,,,,,,,,,,,"Julian Fernandez","18341",642759
"Edwin Uceta","TBR",1,1,0,3.69165,10,0,0,0,,10,42,8,4,4,1,4,,1,13,11.075,3.43706,3.22222,1.14569,0.294915,0.0915254,0.20338983088731766,0.21374,1.17397,0.283133,0.738636,,,3.6973,0.0239629,0.0301967,572.6900024414062,,,,,,,51.900000000000006,5.19,48,4.8,,,,,,,,,,,,,,,,,,,"Edwin Uceta","20539",670955
"Craig Yoho","MIL",2,1,0,4.05253,25,0,0,0,,25,108,21,12,11,3,11,,2,27,9.79362,4.05253,2.41667,1.01313,0.253275,0.104803,0.14847160130739212,0.22,1.2758,0.279412,0.704698,,,4.02257,0.0237156,-0.0000241174,999,,,,,,,108.5,4.34,101,4.04,,,,,,,,,,,,,,,,,,,"Craig Yoho","33248",684974
"Gregory Santos","SFG",1,0,0,3.81608,16,0,0,0,,16,71,16,7,7,1,7,,1,14,7.65933,4.18926,1.82833,0.395552,0.191644,0.104819,0.08682473748922348,0.257317,1.47141,0.319137,0.716748,,,3.56672,0.0236527,0.0176509,999,,,,,,,68.5,4.28125,71,4.4375,,,,,,,,,,,,,,,,,,,"Gregory Santos","21894",666619
"Phil Maton","CHC",2,2,0,4.0361,38,0,1,8,,38,159,31,18,17,4,15,,5,39,9.29437,3.67664,2.52795,1.02763,0.246186,0.0973856,0.14880041033029556,0.22226,1.22158,0.278297,0.691447,,,4.13215,0.0232836,0.120941,743.3800048828125,,,,,,,206.4,5.431578947368421,193,5.078947368421052,,,,,,,,,,,,,,,,,,,"Phil Maton","18064",664208
"Elvis Alvarado","ATH",2,2,0,4.1949,31,0,0,3,,31,134,28,16,14,4,15,,2,32,9.27603,4.29031,2.16209,1.13151,0.236776,0.109513,0.12726345658302307,0.236111,1.37832,0.291446,0.725013,,,4.27928,0.0228813,0.0149621,748.52001953125,,,,,,,132.39999999999998,4.2709677419354835,128,4.129032258064516,,,,,,,,,,,,,,,,,,,"Elvis Alvarado","21662",665660
"Bailey Falter","KCR",1,1,0,4.77413,13,1,0,0,,17,74,17,10,9,3,6,,0,12,6.29146,3.05293,2.0608,1.33126,0.16191,0.0785667,0.08334329724311829,0.256216,1.35451,0.278391,0.677974,,,4.69264,0.0227779,-0.00476863,999,,,,,,,50.7,2.9823529411764707,52,3.0588235294117645,,,,,,,,,,,,,,,,,,,"Bailey Falter","20070",663559
"Yerry De los Santos","NYY",1,1,0,4.21758,25,0,0,0,,25,106,23,13,12,2,10,,1,20,7.35018,3.51656,2.09016,0.907963,0.189568,0.0906954,0.09887290745973587,0.24483,1.3412,0.286578,0.693215,,,4.05925,0.0222709,-0.0240817,999,,,,,,,107.60000000000001,4.304,106,4.24,,,,,,,,,,,,,,,,,,,"Yerry De los Santos","21420",660787
"Adam Macko","TOR",2,2,0,4.6524,30,1,0,0,,34,147,33,19,17,4,14,,3,30,7.88706,3.64714,2.16253,1.18557,0.201378,0.0931211,0.10825648903846741,0.253695,1.38237,0.297307,0.68491,,,4.56344,0.0209844,-0.00495696,999,,,,,,,125.60000000000004,3.6941176470588246,127,3.735294117647059,,,,,,,,,,,,,,,,,,,"Adam Macko","25590",671936
"Sammy Peralta","COL",1,1,0,5.76678,16,0,0,0,,16,73,20,11,10,2,5,,1,13,7.52377,3.03298,2.48066,1.1433,0.182993,0.0737678,0.10922478139400482,0.30307,1.5984,0.354593,0.634914,,,4.30154,0.0205162,-0.0596008,999,,,,,,,49.80000000000001,3.1125000000000007,62,3.875,,,,,,,,,,,,,,,,,,,"Sammy Peralta","25589",671111
"Joey Estes","ATH",1,2,1,5.01466,16,2,0,0,,24,103,25,14,13,4,7,,2,16,6.15836,2.55132,2.41379,1.4956,0.15873,0.0657596,0.09297052770853043,0.262376,1.31965,0.280757,0.656475,,,4.98008,0.0201839,0.0157493,999,,,,,,,68.40000000000003,2.8500000000000014,73,3.0416666666666665,,,,,,,,,,,,,,,,,,,"Joey Estes","26257",683155
"Will Dion","CLE",1,1,0,4.10219,22,0,0,0,,22,94,22,11,10,3,7,,1,18,7.52918,2.9351,2.56522,1.11662,0.194359,0.0757669,0.11859171092510223,0.255744,1.33672,0.296404,0.72336,,,4.10111,0.0200057,-0.00780244,999,,,,,,,80.7,3.6681818181818184,83,3.772727272727273,,,,,,,,,,,,,,,,,,,"Will Dion","30061",702021
"Sam Aldegheri","LAA",1,3,0,5.40192,20,2,0,0,,29,130,31,19,17,4,13,,2,22,6.92265,4.12467,1.67835,1.36441,0.171622,0.102256,0.06936600804328918,0.267209,1.51494,0.298341,0.662114,,,5.11807,0.0196523,-0.089951,999,,,,,,,83.80000000000004,2.8896551724137947,92,3.1724137931034484,,,,,,,,,,,,,,,,,,,"Sam Aldegheri","26443",691951
"Riley Cornelio","WSN",2,4,2,5.23562,17,7,0,0,,42,192,47,27,25,6,20,,1,32,6.71217,4.2018,1.59745,1.34703,0.164438,0.102938,0.06150037795305252,0.272729,1.56882,0.302793,0.688966,,,5.04214,0.0184949,-0.0981957,999,,,,,,,115.8,2.757142857142857,133,3.1666666666666665,,,,,,,,,,,,,,,,,,,"Riley Cornelio","31953",683000
"Ryan Ramsey","KCR",0,1,0,5.12903,1,1,0,0,,6,26,6,4,3,1,3,,1,4,6.87097,4.06452,1.69048,1.25806,0.169451,0.100239,0.069212406873703,0.258152,1.47312,0.288732,0.673401,,,5.03873,0.0183311,-0.00977734,999,,,,,,,12.500000000000005,2.0833333333333344,13,2.1666666666666665,,,,,,,,,,,,,,,,,,,"Ryan Ramsey","sa3020605",687547
"Franco Aleman","CLE",2,3,0,4.47438,27,0,0,0,,27,116,25,14,13,4,12,,2,29,9.6654,3.9584,2.44175,1.21058,0.24641,0.100915,0.1454945132136345,0.244895,1.38219,0.306053,0.705101,,,4.23482,0.0182941,-0.0250205,999,,,,,,,101.60000000000002,3.762962962962964,99,3.6666666666666665,,,,,,,,,,,,,,,,,,,"Franco Aleman","30195",680916
"Joe Mantiply","TOR",0,0,0,4.05075,9,0,0,0,,9,36,9,4,4,1,2,,0,7,7.60935,2.20067,3.45775,0.976353,0.199175,0.0576025,0.14157232269644737,0.260372,1.2776,0.306794,0.70033,,,3.65427,0.0182664,0.013069,999,,,,,,,38.90000000000001,4.322222222222224,40,4.444444444444445,,,,,,,,,,,,,,,,,,,"Joe Mantiply","14857",573009
"Félix Bautista","BAL",0,0,0,3.37802,5,0,0,0,,5,20,3,2,2,1,2,,0,7,12.0643,4.10188,2.94118,0.965147,0.331126,0.112583,0.21854304522275925,0.195489,1.15282,0.278481,0.748663,,,3.2641,0.0178841,0.013649,999,,,,,,,24.900000000000002,4.98,20,4,,,,,,,,,,,,,,,,,,,"Felix Bautista","20666",642585
"Julian Aguiar","CIN",1,1,0,5.29989,10,1,0,0,,14,61,15,9,8,2,4,,1,10,6.28135,2.74809,2.28571,1.47219,0.159601,0.0698254,0.08977555483579636,0.26776,1.37405,0.289199,0.647619,,,4.97893,0.0172166,-0.0212977,999,,,,,,,45,3.2142857142857144,49,3.5,,,,,,,,,,,,,,,,,,,"Julian Aguiar","30031",687924
"Ty Madden","DET",1,1,0,4.73853,27,1,0,0,,31,135,31,18,16,4,13,,1,28,8.11839,3.68861,2.20093,1.2755,0.20588,0.0935422,0.11233806610107422,0.254758,1.4109,0.297794,0.691645,,,4.49749,0.0171874,-0.0503118,999,,,,,,,113.6,3.664516129032258,117,3.774193548387097,,,,,,,,,,,,,,,,,,,"Ty Madden","30140",680744
"Jordan Romano","COL",1,1,0,4.44693,9,0,0,0,,9,37,8,5,4,1,3,,1,10,10.1163,3.45769,2.92574,1.26668,0.26262,0.0897618,0.17285805195569992,0.240646,1.30295,0.304732,0.692535,,,4.07132,0.0171063,-0.00134163,688.9600219726562,,,,,,,41.500000000000014,4.6111111111111125,40,4.444444444444445,,,,,,,,,,,,,,,,,,,"Jordan Romano","16122",605447
"Michael Grove","TBR",1,1,0,4.67938,19,0,0,0,,19,83,19,11,10,3,6,,1,18,8.57886,2.9636,2.89474,1.24783,0.22,0.076,0.14400000125169754,0.25,1.31716,0.29697,0.679012,,,4.14311,0.0169784,-0.0459852,999,,,,,,,69.29999999999998,3.6473684210526307,71,3.736842105263158,,,,,,,,,,,,,,,,,,,"Michael Grove","23221",675627
"Chase Solesky","TBR",1,1,0,5.07753,15,1,0,0,,19,83,21,12,11,3,7,,1,13,6.11534,3.21731,1.90076,1.41627,0.154049,0.0810457,0.07300298660993576,0.270957,1.44763,0.292732,0.679856,,,4.95249,0.0163982,-0.0449505,999,,,,,,,51.09999999999999,2.6894736842105256,58,3.0526315789473686,,,,,,,,,,,,,,,,,,,"Chase Solesky","25480",686678
"Tyler Samaniego","BOS",1,1,0,3.98767,20,0,0,0,,20,86,19,10,9,2,8,,1,17,7.64752,3.58869,2.131,0.8149,0.196788,0.0923452,0.10444282740354538,0.246838,1.34983,0.295434,0.709876,,,3.97561,0.0156124,0.0088658,999,,,,,,,81,4.05,81,4.05,,,,,,,,,,,,,,,,,,,"Tyler Samaniego","30081",701719
"Tyler Davis","CHW",2,4,0,4.72431,38,0,1,7,,38,171,37,22,20,4,20,,1,36,8.42747,4.73517,1.77976,1.04286,0.209825,0.117895,0.09192986786365509,0.246002,1.4903,0.295873,0.692528,,,4.3669,0.0152663,-0.173339,999,,,,,,,177.8,4.678947368421053,180,4.7368421052631575,,,,,,,,,,,,,,,,,,,"Tyler Davis","34847",699823
"Javier Assad","CHC",1,1,0,4.22953,13,1,0,0,,18,76,17,9,8,2,7,,1,14,6.94377,3.39816,2.04339,1.17293,0.179008,0.0876032,0.09140452742576599,0.24798,1.34462,0.279108,0.717461,,,4.48544,0.0148159,-0.00759136,999,,,,,,,68.40000000000002,3.800000000000001,68,3.7777777777777777,,,,,,,,,,,,,,,,,,,"Javier Assad","21741",665871
"Braden Nett","ATH",1,1,0,4.94845,11,1,0,0,,14,64,14,8,8,2,7,,1,12,7.52577,4.53608,1.65909,1.13402,0.183417,0.110553,0.07286431640386581,0.252874,1.51203,0.291667,0.686106,,,4.78709,0.0141274,0.0283962,999,,,,,,,42.6,3.042857142857143,44,3.142857142857143,,,,,,,,,,,,,,,,,,,"Braden Nett","sa3020336",804556
"Enmanuel De Jesus","DET",0,0,0,4.27177,34,0,0,4,,34,154,31,18,16,4,16,,2,33,8.79135,4.17646,2.10498,1.03285,0.213608,0.101477,0.11213024705648422,0.225174,1.37578,0.269481,0.697556,,,4.21331,0.013856,-0.0350056,999,,,,,,,149.80000000000004,4.405882352941178,146,4.294117647058823,,,,,,,,,,,,,,,,,,,"Enmanuel De Jesus","18554",646241
"Brusdar Graterol","LAD",0,0,0,3.49892,4,0,0,0,,4,15,3,2,1,0,1,,0,3,7.19222,2.13823,3.36364,0.777538,0.2,0.0594595,0.14054052904248238,0.236994,1.12311,0.280303,0.711207,,,3.40562,0.0137035,-0.00235389,999,,,,,,,24.8,6.2,23,5.75,,,,,,,,,,,,,,,,,,,"Brusdar Graterol","20367",660813
"Rob Zastryzny","MIL",1,1,0,4.0806,21,0,0,0,,21,91,20,10,10,3,7,,1,19,7.93451,2.9471,2.69231,1.1335,0.208333,0.077381,0.130952388048172,0.24183,1.25945,0.283186,0.72093,,,4.1108,0.0135701,0.00248976,999,,,,,,,80.5,3.8333333333333335,80,3.8095238095238093,,,,,,,,,,,,,,,,,,,"Rob Zastryzny","15094",642239
"Michel Otañez","TEX",1,1,0,4.32494,16,0,0,0,,16,71,12,8,8,2,9,,2,20,11.3272,5.14874,2.2,1.02975,0.283505,0.128866,0.15463916957378387,0.207317,1.35011,0.278846,0.692308,,,4.13299,0.0124412,-0.00622709,999,,,,,,,69.60000000000001,4.3500000000000005,61,3.8125,,,,,,,,,,,,,,,,,,,"Michel Otanez","22533",671305
"Paul Blackburn","NYY",2,2,0,4.80198,33,0,0,6,,33,143,34,19,17,4,12,,1,25,6.88913,3.38385,2.03589,1.13335,0.174928,0.0859224,0.0890057384967804,0.260929,1.41004,0.295654,0.672824,,,4.44797,0.0121494,-0.148377,999,,,,,,,141.60000000000005,4.290909090909093,148,4.484848484848484,,,,,,,,,,,,,,,,,,,"Paul Blackburn","14739",621112
"Ian Hamilton","ATL",0,0,0,3.74498,7,0,0,0,,7,32,7,3,3,1,3,,0,8,9.4656,4.15374,2.27881,0.849278,0.242773,0.106535,0.13623802363872528,0.233635,1.35702,0.298174,0.738608,,,3.72433,0.0117952,0.0124958,999,,,,,,,28.300000000000015,4.042857142857145,29,4.142857142857143,,,,,,,,,,,,,,,,,,,"Ian Hamilton","19261",641656
"Kyle Finnegan","DET",2,3,0,4.39908,38,0,4,7,,38,169,38,20,19,5,17,,0,32,7.42935,4.08841,1.81717,1.05325,0.187671,0.103276,0.08439468592405319,0.247508,1.43051,0.286235,0.709908,,,4.33644,0.0117013,0.0163757,639.030029296875,,,,,,,181.89999999999998,4.786842105263157,186,4.894736842105263,,,,,,,,,,,,,,,,,,,"Kyle Finnegan","15009",640448
"Dylan Smith","SFG",2,2,0,4.49483,31,0,0,0,,31,134,32,17,15,3,11,,1,26,7.56199,3.36101,2.24992,0.990037,0.191938,0.0853091,0.10662932693958282,0.26098,1.40919,0.306693,0.690206,,,4.07947,0.011586,-0.0750813,999,,,,,,,125.29999999999997,4.041935483870967,132,4.258064516129032,,,,,,,,,,,,,,,,,,,"Dylan Smith","30145",681916
"Luke Little","CHC",1,1,0,4.18003,21,0,0,0,,21,90,16,10,10,2,12,,2,23,10.0223,5.18988,1.93113,0.900724,0.256673,0.132913,0.12375941872596741,0.214547,1.36127,0.280157,0.701331,,,4.2216,0.011212,-0.000847089,999,,,,,,,93.20000000000002,4.438095238095239,83,3.9523809523809526,,,,,,,,,,,,,,,,,,,"Luke Little","28036",681432
"Brant Hurter","DET",1,0,0,3.97393,8,0,0,0,,8,34,8,4,4,1,3,,1,7,7.85474,2.84581,2.76011,0.905136,0.205973,0.0746251,0.13134828954935074,0.248178,1.269,0.297373,0.699393,,,3.85923,0.0107155,-0.00107013,999,,,,,,,28.100000000000005,3.5125000000000006,29,3.625,,,,,,,,,,,,,,,,,,,"Brant Hurter","30133",676428
"Dietrich Enns","BAL",0,0,0,4.17738,7,0,0,0,,7,30,7,3,3,1,2,,0,6,8.29173,3.18761,2.60124,1.08668,0.209434,0.0805132,0.12892093509435654,0.267534,1.42769,0.320735,0.733465,,,3.98942,0.0102176,0.0128236,999,,,,,,,27.3,3.9,28,4,,,,,,,,,,,,,,,,,,,"Dietrich Enns","13932",608650
"Taylor Rashi","ARI",1,1,0,3.98886,14,0,0,0,,14,59,13,7,6,1,6,,0,14,8.96739,3.81318,2.35168,0.991194,0.228586,0.0972009,0.1313847303390503,0.246164,1.38537,0.304107,0.733947,,,3.89879,0.0100352,-0.0049864,999,,,,,,,67.50000000000003,4.821428571428574,67,4.785714285714286,,,,,,,,,,,,,,,,,,,"Taylor Rashi","26344",688497
"Joe Rock","CHW",1,1,0,4.30178,11,0,0,0,,11,48,11,6,5,1,4,,1,9,7.42268,3.03655,2.44444,1.09653,0.190065,0.0777538,0.11231102049350739,0.253555,1.34021,0.292835,0.705128,,,4.1904,0.00989699,-0.01667,999,,,,,,,43.50000000000001,3.954545454545455,45,4.090909090909091,,,,,,,,,,,,,,,,,,,"Joe Rock","30016",697812
"Danny Young","ATL",0,0,0,4.13514,9,0,0,0,,9,38,7,4,4,1,4,,2,9,9.97297,3.89189,2.5625,0.72973,0.248485,0.0969697,0.1515151560306549,0.22695,1.2973,0.298969,0.684932,,,3.88703,0.00989695,0.0116061,999,,,,,,,36.10000000000001,4.011111111111112,32,3.5555555555555554,,,,,,,,,,,,,,,,,,,"Danny Young","18439",664849
"Najer Victor","LAA",0,0,0,4.27177,16,0,0,0,,16,73,14,8,8,2,7,,1,16,8.79135,4.17645,2.10498,1.03285,0.213608,0.101477,0.11213026195764542,0.225174,1.37578,0.269481,0.697556,,,4.21331,0.00952449,0.0000921058,999,,,,,,,65.4,4.0875,62,3.875,,,,,,,,,,,,,,,,,,,"Najer Victor","sa3025330",695402
"Garrett Hawkins","SDP",2,2,0,4.15631,17,0,0,0,,17,76,16,9,8,2,7,,0,19,9.59147,3.67673,2.6087,1.27886,0.245902,0.0942623,0.15163936465978622,0.236364,1.33215,0.289474,0.736677,,,4.09792,0.00901922,-0.0349934,999,,,,,,,76.60000000000002,4.505882352941178,76,4.470588235294118,,,,,,,,,,,,,,,,,,,"Garrett Hawkins","sa3017383",678184
"Easton McGee","MIL",1,0,0,3.99362,10,0,0,0,,10,42,9,5,4,1,3,,1,8,7.53024,2.53172,2.97436,0.999704,0.200094,0.067273,0.1328210085630417,0.243368,1.21504,0.28476,0.691551,,,3.9082,0.00860994,-0.006273,999,,,,,,,42.300000000000004,4.23,41,4.1,,,,,,,,,,,,,,,,,,,"Easton McGee","22176",668834
"Braydon Tucker","PHI",0,0,0,5.52538,1,1,0,0,,6,25,6,4,3,1,2,,0,3,5.31287,2.97521,1.78571,1.4876,0.131579,0.0736842,0.05789472907781601,0.280347,1.4758,0.294326,0.654649,,,5.27562,0.00832746,-0.0217359,999,,,,,,,16.500000000000007,2.7500000000000013,17,2.8333333333333335,,,,,,,,,,,,,,,,,,,"Braydon Tucker","sa3023249",685319
"Andrew Nardi","MIA",1,1,0,4.02049,7,0,0,0,,7,32,6,4,3,1,3,,0,9,11.0637,4.01549,2.75524,1.2215,0.286026,0.103812,0.1822146698832512,0.228867,1.31698,0.301284,0.737742,,,3.88793,0.00830386,-0.0173615,999,,,,,,,32.90000000000001,4.700000000000002,31,4.428571428571429,,,,,,,,,,,,,,,,,,,"Andrew Nardi","25942",677053
"Ryan Watson","BOS",1,1,0,4.54566,26,0,0,0,,26,114,27,14,13,3,10,,1,22,7.46037,3.29887,2.26149,1.18494,0.189571,0.0838255,0.1057453602552414,0.262533,1.40473,0.302791,0.701191,,,4.41142,0.00829629,-0.0178496,999,,,,,,,96.3,3.7038461538461536,102,3.923076923076923,,,,,,,,,,,,,,,,,,,"Ryan Watson","27853",670245
"JT Brubaker","SFG",1,1,0,4.46737,35,0,0,8,,35,157,36,19,18,4,15,,2,29,7.33255,3.86252,1.89838,0.92772,0.18416,0.0970089,0.08715120702981949,0.259901,1.4561,0.304557,0.698713,,,4.23217,0.00762535,-0.133473,999,,,,,,,155.20000000000002,4.434285714285715,162,4.628571428571429,,,,,,,,,,,,,,,,,,,"JT Brubaker","17578",664141
"Colin Selby","BAL",1,1,0,4.24318,12,0,0,0,,12,53,11,6,6,2,5,,1,13,9.37965,4.01985,2.33333,1.11663,0.24,0.102857,0.1371428444981575,0.23871,1.36476,0.296296,0.708333,,,4.12061,0.00738067,-0.00474362,999,,,,,,,43.600000000000016,3.6333333333333346,42,3.5,,,,,,,,,,,,,,,,,,,"Colin Selby","24986",681882
"Dylan Ross","NYM",0,0,0,4.09091,15,0,0,0,,15,63,13,7,7,2,7,,0,16,9.49091,4.25455,2.23077,1.14545,0.248927,0.111588,0.1373390480875969,0.228155,1.32727,0.283688,0.727848,,,4.12143,0.00732727,0.000437715,999,,,,,,,63.60000000000001,4.24,60,4,,,,,,,,,,,,,,,,,,,"Dylan Ross","sa3025659",697811
"Jordan Hicks","CHW",1,2,0,4.88474,25,0,0,0,,25,111,24,15,13,2,13,,2,23,8.27074,4.79872,1.72353,0.799787,0.204987,0.118935,0.08605262637138367,0.252517,1.51107,0.310335,0.664276,,,4.25222,0.00730899,-0.0790522,999,,,,,,,99,3.96,100,4,,,,,,,,,,,,,,,,,,,"Jordan Hicks","19618",663855
"Carter Baumler","TEX",0,1,0,4.90892,17,0,0,0,,17,76,16,10,9,2,9,,1,16,8.23495,4.67852,1.76016,0.988954,0.208108,0.118232,0.08987582474946976,0.236088,1.42564,0.283059,0.6548,,,4.3817,0.0072305,-0.0527966,999,,,,,,,61.600000000000016,3.6235294117647068,61,3.588235294117647,,,,,,,,,,,,,,,,,,,"Carter Baumler","30231",691945
"AJ Smith-Shawver","ATL",0,0,0,3.90335,5,0,0,0,,5,21,4,2,2,1,2,,0,5,9.81413,3.56877,2.75,1.11524,0.250712,0.0911681,0.15954415500164032,0.233438,1.31351,0.292237,0.73913,,,3.79717,0.0070751,0.0134009,999,,,,,,,18.299999999999997,3.6599999999999993,16,3.2,,,,,,,,,,,,,,,,,,,"AJ Smith-Shawver","29960",700363
"Jack Anderson","BOS",1,1,0,4.47298,11,0,0,0,,11,49,12,6,6,2,3,,0,9,7.28514,2.50626,2.90678,1.25313,0.187255,0.0644201,0.1228349506855011,0.267276,1.35595,0.304364,0.702603,,,4.16876,0.00697241,-0.00980384,999,,,,,,,34.60000000000001,3.1454545454545464,38,3.4545454545454546,,,,,,,,,,,,,,,,,,,"Jack Anderson","30086",681252
"Sean Guenther","DET",0,0,0,4.02128,6,0,0,0,,6,26,6,3,3,1,2,,0,4,6.51064,2.48936,2.61538,0.957447,0.168317,0.0643564,0.10396040230989456,0.256684,1.29787,0.290541,0.703704,,,3.99686,0.00687506,-0.000802595,999,,,,,,,18.500000000000007,3.0833333333333344,19,3.1666666666666665,,,,,,,,,,,,,,,,,,,"Sean Guenther","20045",674944
"José Fermin","LAA",2,2,0,4.65612,26,0,0,0,,26,112,23,14,13,3,13,,1,27,9.5637,4.70346,2.03333,1.12159,0.242748,0.119384,0.12336378544569016,0.231069,1.40159,0.288283,0.683923,,,4.31864,0.00665628,-0.0300306,999,,,,,,,107.7,4.142307692307693,103,3.9615384615384617,,,,,,,,,,,,,,,,,,,"Jose Fermin","33908",820862
"Kyle Backhus","PHI",1,1,0,4.4313,10,0,0,0,,10,42,9,5,5,1,4,,1,10,9.20187,3.27305,2.8114,1.17715,0.238644,0.0848845,0.15375999361276627,0.245928,1.31061,0.302585,0.687743,,,4.06028,0.00648566,-0.00260722,999,,,,,,,43.300000000000004,4.33,42,4.2,,,,,,,,,,,,,,,,,,,"Kyle Backhus","29615",679775
"Alex McFarlane","PHI",0,0,0,4.27177,11,0,0,0,,11,51,10,6,5,1,5,,1,11,8.79135,4.17646,2.10498,1.03285,0.213608,0.101477,0.11213027685880661,0.225174,1.37578,0.269481,0.697556,,,4.21331,0.00603261,-0.0181106,999,,,,,,,47.10000000000001,4.281818181818182,46,4.181818181818182,,,,,,,,,,,,,,,,,,,"Alex McFarlane","sa3020633",686934
"Matt Festa","CLE",2,2,0,4.45735,31,0,0,5,,31,133,29,17,16,5,11,,3,33,9.37991,3.15254,2.97535,1.29876,0.245898,0.082645,0.1632530614733696,0.240296,1.26443,0.294087,0.683453,,,4.19726,0.0059464,-0.0572219,999,,,,,,,136.49999999999997,4.403225806451612,134,4.32258064516129,,,,,,,,,,,,,,,,,,,"Matt Festa","19330",670036
"Drew Sommers","DET",1,1,0,4.38578,21,0,0,0,,21,93,21,11,10,2,8,,2,18,7.73868,3.46715,2.232,0.915328,0.197392,0.0884373,0.10895473510026932,0.257842,1.38724,0.307843,0.688879,,,4.11565,0.00553718,-0.0180443,999,,,,,,,82.20000000000002,3.914285714285715,85,4.0476190476190474,,,,,,,,,,,,,,,,,,,"Drew Sommers","32026",805427
"Justin Hagenman","NYM",0,0,0,4.37722,7,0,0,0,,7,31,8,4,4,1,2,,0,6,7.79359,2.13523,3.65,1.28114,0.204482,0.0560224,0.14845938608050346,0.257485,1.25741,0.297189,0.695067,,,4.04037,0.00537786,-0.0232134,999,,,,,,,24.7,3.5285714285714285,28,4,,,,,,,,,,,,,,,,,,,"Justin Hagenman","21546",663795
"Kody Funderburk","MIN",1,2,0,4.2976,25,0,0,0,,25,113,25,13,12,2,13,,2,23,8.19024,4.56805,1.79294,0.795378,0.204231,0.113908,0.09032268822193146,0.252842,1.48442,0.310104,0.709481,,,4.20913,0.00416398,-0.016598,748.510009765625,,,,,,,96.4,3.8560000000000003,100,4,,,,,,,,,,,,,,,,,,,"Kody Funderburk","24993",681892
"Michael Kelly","ATH",1,1,0,4.50959,15,0,0,0,,15,65,15,8,7,2,7,,1,13,7.79914,4.23279,1.84255,0.936617,0.196108,0.106433,0.08967520296573639,0.250711,1.44921,0.298184,0.693951,,,4.26601,0.00406952,-0.0111727,999,,,,,,,49.400000000000006,3.293333333333334,51,3.4,,,,,,,,,,,,,,,,,,,"Michael Kelly","12791",547184
"Matt Gage","SFG",1,1,0,4.19323,22,0,0,0,,22,96,23,11,10,2,9,,0,18,7.53276,3.50725,2.14777,0.952141,0.191026,0.0889419,0.10208453238010406,0.257346,1.41317,0.302438,0.716757,,,4.01789,0.00355868,-0.0196101,999,,,,,,,87.40000000000002,3.9727272727272736,93,4.2272727272727275,,,,,,,,,,,,,,,,,,,"Matt Gage","17381",657424
"Derek Law","ARI",1,1,0,3.81356,10,0,0,0,,10,45,10,5,4,1,4,,0,8,7.01695,3.20339,2.19048,0.915254,0.181102,0.0826772,0.09842520207166672,0.255411,1.35593,0.296089,0.740223,,,4.03545,0.00347654,-0.00356172,999,,,,,,,39.7,3.97,41,4.1,,,,,,,,,,,,,,,,,,,"Derek Law","13133",571882
"Yosver Zulueta","SEA",0,0,0,4.00329,7,0,0,0,,7,32,6,4,3,1,4,,1,8,9.9341,4.44811,2.23333,0.889621,0.254753,0.114068,0.14068443328142166,0.216814,1.30148,0.281046,0.708215,,,4.00934,0.00302711,-0.0248249,999,,,,,,,24.900000000000013,3.557142857142859,23,3.2857142857142856,,,,,,,,,,,,,,,,,,,"Yosver Zulueta","27765",691172
"Grant Holman","PHI",1,0,0,4.00468,7,0,0,0,,7,32,7,4,3,1,3,,0,6,7.37705,3.37237,2.1875,1.05386,0.190217,0.0869565,0.10326086729764938,0.246988,1.33489,0.285714,0.72,,,4.25079,0.00295563,-0.0170376,999,,,,,,,24.3,3.4714285714285715,25,3.5714285714285716,,,,,,,,,,,,,,,,,,,"Grant Holman","30002",680880
"Daniel Duarte","NYM",0,0,0,4.27177,17,0,0,0,,17,76,15,9,8,2,8,,1,16,8.79135,4.17645,2.10498,1.03285,0.213608,0.101477,0.11213026940822601,0.225174,1.37578,0.269481,0.697556,,,4.21331,0.00292061,-0.0336805,999,,,,,,,67.20000000000002,3.9529411764705893,64,3.764705882352941,,,,,,,,,,,,,,,,,,,"Daniel Duarte","17480",650960
"Richard Lovelady","WSN",2,3,0,4.92641,34,0,0,6,,34,153,36,20,19,4,15,,3,32,8.42628,3.95401,2.13107,0.960319,0.209758,0.0984285,0.11132954061031342,0.268056,1.49108,0.328066,0.667888,,,4.2375,0.00265948,-0.197192,999,,,,,,,142.80000000000004,4.200000000000001,152,4.470588235294118,,,,,,,,,,,,,,,,,,,"Richard Lovelady","19337",663992
"Ryan Lambert","NYM",1,0,0,4.52716,22,0,0,0,,22,97,19,12,11,3,12,,1,25,10.1408,4.88934,2.07407,1.08652,0.256881,0.123853,0.13302752375602722,0.223404,1.38833,0.285714,0.693069,,,4.23,0.00251465,-0.0548238,999,,,,,,,87.5,3.977272727272727,82,3.727272727272727,,,,,,,,,,,,,,,,,,,"Ryan Lambert","sa3025613",822038
"Victor Vodnik","COL",1,2,0,4.48729,24,0,0,0,,24,110,24,13,12,3,13,,1,22,8.1932,4.87444,1.68085,0.944926,0.20209,0.120231,0.08185939490795135,0.252553,1.53279,0.304605,0.715,,,4.38747,0.00192333,0.0055465,496.760009765625,,,,,,,80.30000000000001,3.3458333333333337,83,3.4583333333333335,,,,,,,,,,,,,,,,,,,"Victor Vodnik","24614",680767
"Joel Payamps","ATL",0,0,0,4.06924,6,0,0,0,,6,26,6,3,3,1,2,,0,6,8.48311,2.94081,2.88462,1.15936,0.221503,0.0767877,0.1447152942419052,0.245978,1.2846,0.293706,0.718263,,,3.97669,0.00177699,-0.00261159,999,,,,,,,22.500000000000007,3.7500000000000013,23,3.8333333333333335,,,,,,,,,,,,,,,,,,,"Joel Payamps","14332",606303
"Brooks Kriske","ATH",0,0,0,4.71932,9,0,0,0,,9,38,8,5,5,1,4,,0,10,9.94687,4.48057,2.22,1.38002,0.251219,0.113162,0.13805720955133438,0.239511,1.42181,0.296491,0.705671,,,4.51114,0.0016541,-0.0126288,999,,,,,,,41.500000000000014,4.6111111111111125,40,4.444444444444445,,,,,,,,,,,,,,,,,,,"Brooks Kriske","21189",621139
"Jake Woodford","MIL",2,1,0,4.13471,33,0,0,4,,33,138,31,16,15,4,10,,2,25,6.82792,2.78428,2.45231,1.09055,0.179905,0.0733616,0.10654371231794357,0.244766,1.25285,0.276425,0.695608,,,4.24817,0.00162139,-0.00504846,999,,,,,,,144.40000000000006,4.375757575757578,143,4.333333333333333,,,,,,,,,,,,,,,,,,,"Jake Woodford","18674",663765
"Hunter Bigge","TBR",1,1,0,4.41035,23,0,0,0,,23,103,22,12,11,3,13,,0,23,8.84902,5.17584,1.70968,1.05187,0.218949,0.128064,0.09088434278964996,0.241663,1.51641,0.294964,0.72721,,,4.44266,0.00157493,-0.0160353,999,,,,,,,83.10000000000001,3.61304347826087,83,3.608695652173913,,,,,,,,,,,,,,,,,,,"Hunter Bigge","26259",685801
"Reiver Sanmartin","SFG",1,1,0,4.12698,11,0,0,0,,11,48,11,5,5,1,3,,1,8,6.50794,2.69841,2.41176,0.952381,0.165992,0.0688259,0.09716598689556122,0.259912,1.34039,0.294444,0.710059,,,4.0909,0.00119683,0.00612966,999,,,,,,,44.50000000000001,4.045454545454546,46,4.181818181818182,,,,,,,,,,,,,,,,,,,"Reiver Sanmartin","19754",665665
"Riley Martin","CHC",1,1,0,4.38459,10,0,0,0,,10,43,9,5,5,1,5,,0,10,9.55074,4.82123,1.98098,1.1136,0.241371,0.121845,0.11952686309814453,0.232055,1.42047,0.289606,0.714319,,,4.34058,0.00119513,-0.00793518,999,,,,,,,43.300000000000004,4.33,42,4.2,,,,,,,,,,,,,,,,,,,"Riley Martin","29934",702303
"Hunter Stratton","ATL",1,1,0,4.34515,28,0,0,0,,28,121,27,15,14,4,10,,2,26,8.47395,3.23776,2.61722,1.19286,0.21893,0.0836498,0.13528060168027878,0.250912,1.32957,0.299982,0.703483,,,4.24963,0.00116395,-0.0430159,999,,,,,,,103.80000000000005,3.707142857142859,104,3.7142857142857144,,,,,,,,,,,,,,,,,,,"Hunter Stratton","23455",676702
"Kenley Jansen","DET",2,3,0,4.59074,31,0,13,3,,31,131,27,17,16,5,13,,1,32,9.35383,3.68183,2.54054,1.54949,0.242974,0.0956386,0.1473352164030075,0.232188,1.30325,0.273531,0.704952,,,4.54217,0.0011249,-0.0866282,133.02000427246094,,,,,,,196.7,6.34516129032258,189,6.096774193548387,,,,,,,,,,,,,,,,,,,"Kenley Jansen","3096",445276
"Liam Hendriks","CHC",1,0,0,4.43946,9,0,0,0,,9,38,8,5,4,1,4,,0,9,9.6861,4.03587,2.4,1.21076,0.24,0.1,0.14000000059604645,0.247191,1.43498,0.306452,0.719424,,,4.17948,0.00110749,-0.0228597,746.1699829101562,,,,,,,39.500000000000014,4.38888888888889,38,4.222222222222222,,,,,,,,,,,,,,,,,,,"Liam Hendriks","3548",521230
"Carlos Estévez","KCR",1,1,0,4.41177,17,0,0,0,,17,73,16,9,8,2,7,,1,14,7.51543,3.51574,2.13765,1.20987,0.195845,0.0916167,0.1042279452085495,0.236045,1.29667,0.268953,0.689103,,,4.45703,0.00103731,-0.0101732,120.08999633789062,,,,,,,63.600000000000016,3.741176470588236,63,3.7058823529411766,,,,,,,,,,,,,,,,,,,"Carlos Estevez","14542",608032
"Drey Jameson","ARI",1,1,0,3.94521,12,0,0,0,,12,54,12,6,5,1,5,,1,11,7.76712,3.57534,2.17241,0.986301,0.198113,0.091195,0.10691824555397034,0.248252,1.36986,0.293023,0.731982,,,4.11694,0.000706043,-0.00427406,999,,,,,,,49.30000000000001,4.108333333333334,51,4.25,,,,,,,,,,,,,,,,,,,"Drey Jameson","26260",686753
"Luis Perales","WSN",1,1,0,4.52514,13,0,0,0,,13,57,12,7,6,1,6,,1,13,9.21788,4.52514,2.03704,1.00559,0.229167,0.1125,0.11666667461395264,0.235577,1.41527,0.292517,0.695266,,,4.29505,0.000604797,-0.0221325,999,,,,,,,57.7,4.438461538461539,57,4.384615384615385,,,,,,,,,,,,,,,,,,,"Luis Perales","sa3014677",691384
"Jake Cousins","LAD",0,0,0,4.37838,6,0,0,0,,6,26,5,3,3,1,3,,1,7,10.4595,4.37838,2.38889,1.21622,0.27044,0.113208,0.15723270922899246,0.220588,1.2973,0.284091,0.707317,,,4.40054,0.000546885,-0.00353084,999,,,,,,,21.10000000000001,3.516666666666668,19,3.1666666666666665,,,,,,,,,,,,,,,,,,,"Jake Cousins","21620",664776
"Bobby Miller","LAD",0,1,0,5.03696,8,0,0,0,,8,35,8,5,4,1,3,,0,8,8.55333,3.89652,2.19512,1.23548,0.216346,0.0985577,0.11778846383094788,0.245283,1.39388,0.291045,0.659051,,,4.41264,0.00040743,-0.0356026,999,,,,,,,33.10000000000001,4.137500000000001,34,4.25,,,,,,,,,,,,,,,,,,,"Bobby Miller","27483",676272
"Lake Bachar","MIA",1,2,0,4.26877,33,0,0,4,,33,142,30,17,16,5,14,,2,36,9.77916,3.80782,2.56818,1.33658,0.252163,0.0981875,0.15397588163614273,0.237325,1.33289,0.292975,0.726538,,,4.28704,0.000199163,-0.0252702,999,,,,,,,144.70000000000005,4.3848484848484865,140,4.242424242424242,,,,,,,,,,,,,,,,,,,"Lake Bachar","19222",669199
"Cameron Foster","BAL",1,1,0,4.51522,13,0,0,0,,13,60,14,7,7,2,6,,0,12,7.88139,3.80525,2.07119,1.23832,0.197678,0.0954421,0.10223625600337982,0.259839,1.45993,0.302048,0.7217,,,4.45622,0.000174944,-0.0205972,999,,,,,,,41.199999999999996,3.169230769230769,45,3.4615384615384617,,,,,,,,,,,,,,,,,,,"Cameron Foster","31942",671382
"Manuel Rodríguez","TBR",0,0,,0,0,0,0,0,,0,0,0,0,0,0,0,,0,0,0,0,0,0,0,0,0,0,0,0,1,,,3.10324,0,0,999,,,,,,,0,,0,,,,,,,,,,,,,,,,,,,,"Manuel Rodriguez","20794",655889
"JP Sears","SDP",1,1,0,4.74012,10,1,0,0,,14,59,13,8,7,3,4,,1,12,7.79626,2.68191,2.90698,1.68399,0.204918,0.0704918,0.13442623615264893,0.249104,1.26126,0.275862,0.693481,,,4.88426,-0.000182876,-0.0299778,999,,,,,,,41.90000000000002,2.992857142857144,40,2.857142857142857,,,,,,,,,,,,,,,,,,,"JP Sears","23429",676664
"José Leclerc","SDP",1,0,0,4.23983,11,0,0,0,,11,49,10,6,5,1,6,,0,12,9.82869,4.62527,2.125,1.15632,0.251232,0.118227,0.13300491869449615,0.231638,1.39186,0.291667,0.724382,,,4.25956,-0.000305731,-0.0282849,999,,,,,,,49.10000000000001,4.463636363636365,48,4.363636363636363,,,,,,,,,,,,,,,,,,,"Jose Leclerc","14524",600917
"Jordan Leasure","CHW",0,1,0,4.96997,9,0,0,0,,9,37,8,5,5,2,4,,0,10,10.1563,4.06012,2.50147,1.62884,0.260757,0.104241,0.15651585906744003,0.233633,1.34998,0.282868,0.683693,,,4.64026,-0.000545352,-0.0163927,717.510009765625,,,,,,,29.200000000000006,3.2444444444444454,27,3,,,,,,,,,,,,,,,,,,,"Jordan Leasure","29950",673929
"Chen Zhong-Ao Zhuang","ATH",0,0,0,4.61157,6,0,0,0,,6,26,6,3,3,1,1,,0,5,6.7686,2.08264,3.25,1.41322,0.177043,0.0544747,0.12256810069084167,0.261411,1.27273,0.287634,0.682889,,,4.43382,-0.000559125,0.00148059,999,,,,,,,23.500000000000007,3.916666666666668,24,4,,,,,,,,,,,,,,,,,,,"Chen Zhong-Ao Zhuang","sa3018174",800018
"Charlie Beilenson","SEA",0,0,0,4.27788,5,0,0,0,,5,21,5,3,2,1,2,,0,4,8.06216,3.29068,2.45,1.15174,0.207627,0.0847458,0.12288135290145874,0.242991,1.31627,0.28481,0.707395,,,4.18186,-0.000902644,-0.0223182,999,,,,,,,13.7,2.7399999999999998,14,2.8,,,,,,,,,,,,,,,,,,,"Charlie Beilenson","sa3025590",810897
"Ryan Yarbrough","NYY",1,1,0,4.47553,32,0,0,4,,32,136,31,17,16,4,10,,3,26,7.28235,2.84542,2.55932,1.24427,0.19079,0.0745471,0.11624285578727722,0.249889,1.27499,0.283975,0.679158,,,4.49434,-0.000955112,-0.0419109,999,,,,,,,136.00000000000003,4.250000000000001,137,4.28125,,,,,,,,,,,,,,,,,,,"Ryan Yarbrough","16502",642232
"Philip Abner","ARI",1,1,0,4.09485,25,0,0,0,,25,110,24,13,12,3,10,,2,24,8.48176,3.56264,2.38075,1.1478,0.217436,0.0913306,0.12610504776239395,0.250147,1.36279,0.300266,0.733163,,,4.28251,-0.00101875,-0.0242644,999,,,,,,,97.69999999999999,3.9079999999999995,98,3.92,,,,,,,,,,,,,,,,,,,"Philip Abner","33821",691769
"Carlos Rodriguez","MIL",1,1,0,4.63945,19,0,0,0,,19,82,18,11,10,3,8,,1,17,8.17097,3.71339,2.2004,1.21775,0.20984,0.0953644,0.11447588354349136,0.245154,1.35635,0.288068,0.682163,,,4.47718,-0.00112381,-0.0585325,999,,,,,,,63.89999999999999,3.3631578947368417,63,3.3157894736842106,,,,,,,,,,,,,,,,,,,"Carlos Rodriguez","30161",692230
"Rafael Montero","NYY",0,0,0,4.52716,4,0,0,0,,4,16,3,2,2,0,2,,0,3,8.32998,4.70825,1.76923,1.08652,0.212963,0.12037,0.09259258955717087,0.239362,1.42857,0.286765,0.702875,,,4.5117,-0.00126981,-0.00138349,999,,,,,,,21.8,5.45,20,5,,,,,,,,,,,,,,,,,,,"Rafael Montero","12760",606160
"Prelander Berroa","CHW",0,0,0,4.5,5,0,0,0,,5,22,5,3,2,1,3,,0,5,9.5,5.33333,1.78125,1.16667,0.234568,0.131687,0.10288067162036896,0.239234,1.51852,0.296552,0.734072,,,4.56621,-0.00172401,-0.0158104,999,,,,,,,12.7,2.54,13,2.6,,,,,,,,,,,,,,,,,,,"Prelander Berroa","22932",672860
"Adbert Alzolay","NYM",1,1,0,4.28571,12,0,0,0,,12,52,12,6,6,2,4,,1,11,8.06723,2.77311,2.90909,1.2605,0.211921,0.0728477,0.13907285034656525,0.248175,1.2605,0.29,0.710526,,,4.30773,-0.00183732,-0.0124963,999,,,,,,,40.000000000000014,3.3333333333333344,41,3.4166666666666665,,,,,,,,,,,,,,,,,,,"Adbert Alzolay","17859",640470
"Brendon Little","TOR",1,1,0,4.21672,23,0,0,0,,23,103,20,12,11,3,13,,1,26,10.2101,5.10507,2,1.12337,0.256543,0.128272,0.12827168405056,0.230001,1.44333,0.294639,0.736303,,,4.29595,-0.00209242,-0.021442,748.52001953125,,,,,,,91.30000000000001,3.9695652173913047,86,3.739130434782609,,,,,,,,,,,,,,,,,,,"Brendon Little","21574",663893
"Kervin Castro","NYY",1,2,0,4.61207,21,0,0,0,,21,92,19,12,11,2,10,,1,19,8.26832,4.29209,1.92641,1.02193,0.210127,0.109077,0.10104980319738388,0.240076,1.40115,0.287731,0.679558,,,4.30891,-0.00226403,-0.0533849,999,,,,,,,86.4,4.114285714285715,84,4,,,,,,,,,,,,,,,,,,,"Kervin Castro","21656",665645
"Brandon Williamson","CIN",1,1,0,5.44773,15,1,0,0,,18,82,19,12,11,3,9,,1,14,7.00175,4.66783,1.5,1.32444,0.172506,0.115004,0.057502083480358124,0.261135,1.54237,0.29266,0.661828,,,5.22898,-0.00238915,-0.034972,748.4500122070312,,,,,,,44.90000000000001,2.4944444444444454,49,2.7222222222222223,,,,,,,,,,,,,,,,,,,"Brandon Williamson","25463",682227
"Bruce Zimmermann","STL",0,1,0,4.55191,8,0,0,0,,8,36,9,5,4,1,2,,0,6,6.06921,2.15617,2.81481,1.19787,0.155419,0.0552147,0.10020450502634048,0.27451,1.35759,0.30163,0.689394,,,4.28337,-0.00244424,-0.0381798,999,,,,,,,29.500000000000007,3.687500000000001,33,4.125,,,,,,,,,,,,,,,,,,,"Bruce Zimmermann","20370",669145
"Garrett Acton","MIN",1,1,0,4.51686,16,0,0,0,,16,69,15,9,8,2,7,,0,16,9.19135,4.14106,2.21957,1.30316,0.232572,0.104783,0.12778938561677933,0.245193,1.41652,0.296797,0.717581,,,4.41476,-0.00261662,-0.0311553,999,,,,,,,65.80000000000001,4.112500000000001,65,4.0625,,,,,,,,,,,,,,,,,,,"Garrett Acton","27583",670183
"Jhony Brito","SDP",1,1,0,4.30986,16,0,0,0,,16,70,16,8,8,2,5,,0,13,6.97183,3.04225,2.29167,1.14085,0.179739,0.0784314,0.10130719095468521,0.253571,1.33803,0.287037,0.703884,,,4.30043,-0.00269924,-0.0178343,999,,,,,,,63.20000000000001,3.9500000000000006,65,4.0625,,,,,,,,,,,,,,,,,,,"Jhony Brito","25386",666745
"Eduardo Rivera","BOS",1,1,0,4.65137,15,0,0,0,,15,66,14,8,8,2,8,,1,14,8.3335,4.55496,1.82955,1.13874,0.208844,0.114151,0.09469339996576309,0.246526,1.46187,0.293591,0.700621,,,4.56635,-0.00309197,-0.00804373,999,,,,,,,51.00000000000001,3.4000000000000004,50,3.3333333333333335,,,,,,,,,,,,,,,,,,,"Eduardo Rivera","31280",700842
"Carlos Vargas","SEA",0,0,0,4.27259,6,0,0,0,,6,27,6,3,3,1,2,,0,5,6.75345,3.30781,2.04167,0.964778,0.170732,0.0836237,0.08710801601409912,0.250965,1.36294,0.285714,0.694444,,,4.28242,-0.00322187,-0.00740766,999,,,,,,,20.500000000000007,3.416666666666668,21,3.5,,,,,,,,,,,,,,,,,,,"Carlos Vargas","22915",672841
"Paul Gervase","LAD",1,2,0,4.65623,26,0,0,0,,26,112,23,14,13,4,13,,2,28,9.85121,4.50226,2.18806,1.33052,0.251135,0.114775,0.13635992258787155,0.232411,1.38168,0.287668,0.697478,,,4.53381,-0.00349049,-0.0464031,999,,,,,,,94.39999999999999,3.6307692307692303,89,3.423076923076923,,,,,,,,,,,,,,,,,,,"Paul Gervase","31571",801434
"Pedro Avila","CLE",1,1,0,4.1625,11,0,0,0,,11,48,10,5,5,1,5,,1,9,7.3125,3.825,1.91176,1.0125,0.185714,0.0971429,0.08857143670320511,0.246795,1.3875,0.285714,0.721545,,,4.36574,-0.00357868,0.0116202,999,,,,,,,43.10000000000001,3.918181818181819,42,3.8181818181818183,,,,,,,,,,,,,,,,,,,"Pedro Avila","18864",658648
"Brady Basso","ATH",1,1,0,4.44899,19,0,0,0,,19,80,19,10,9,3,6,,0,15,7.32934,2.93605,2.49632,1.27373,0.188489,0.0755066,0.11298225820064545,0.25891,1.35356,0.294091,0.706445,,,4.37218,-0.00361406,-0.0101934,999,,,,,,,66.29999999999998,3.4894736842105254,68,3.5789473684210527,,,,,,,,,,,,,,,,,,,"Brady Basso","25582",669620
"Tate Kuehner","MIL",0,0,0,4.43861,6,0,0,0,,6,28,6,3,3,1,3,,0,6,8.49948,4.62749,1.83673,1.03882,0.20979,0.114219,0.09557110071182251,0.238606,1.44806,0.286765,0.709625,,,4.47785,-0.00364213,-0.0037638,999,,,,,,,19.500000000000007,3.2500000000000013,20,3.3333333333333335,,,,,,,,,,,,,,,,,,,"Tate Kuehner","sa3023099",804249
"Ryan Borucki","SFG",0,0,0,4.34568,5,0,0,0,,5,21,5,3,2,1,2,,0,4,7.91175,3.64705,2.16935,0.999998,0.203036,0.0935927,0.1094430536031723,0.249637,1.36045,0.297616,0.693512,,,4.29932,-0.0037472,-0.0202087,999,,,,,,,13.7,2.7399999999999998,14,2.8,,,,,,,,,,,,,,,,,,,"Ryan Borucki","16350",621366
"Chase Lee","TOR",0,1,0,4.39748,10,0,0,0,,10,42,9,5,5,2,3,,1,9,8.73852,3.05915,2.85652,1.38327,0.227389,0.0796033,0.1477852389216423,0.247927,1.29816,0.29359,0.708286,,,4.37419,-0.00393819,-0.00264524,999,,,,,,,32,3.2,30,3,,,,,,,,,,,,,,,,,,,"Chase Lee","29574",695445
"Chris Murphy","CHW",1,1,0,4.72441,22,0,0,0,,22,99,21,13,12,3,11,,2,20,7.92325,4.61292,1.71762,1.04795,0.197908,0.115222,0.08268590271472931,0.249641,1.47796,0.295767,0.690051,,,4.59953,-0.00394673,-0.0635491,999,,,,,,,72.30000000000001,3.286363636363637,72,3.272727272727273,,,,,,,,,,,,,,,,,,,"Chris Murphy","26214",669684
"Andry Lara","WSN",0,0,0,4.92857,4,0,0,0,,4,17,4,2,2,0,1,,0,2,6,3.64286,1.64706,1.07143,0.146982,0.0892388,0.057742781937122345,0.269565,1.5119,0.297491,0.681416,,,4.60324,-0.00400447,-0.00204663,999,,,,,,,20.200000000000003,5.050000000000001,21,5.25,,,,,,,,,,,,,,,,,,,"Andry Lara","27967",691251
"Emiliano Teodo","TEX",0,1,0,4.67337,10,0,0,0,,10,44,9,6,5,1,5,,1,10,8.74372,4.82412,1.8125,1.05528,0.218045,0.120301,0.09774436056613922,0.234783,1.44054,0.284848,0.682415,,,4.49353,-0.00440783,-0.0346509,999,,,,,,,40.300000000000004,4.03,39,3.9,,,,,,,,,,,,,,,,,,,"Emiliano Teodo","sa3015158",693713
"Zach Pop","PHI",0,0,0,4.93326,6,0,0,0,,6,27,6,4,3,1,2,,0,5,7.13855,3.17665,2.24719,1.17786,0.181699,0.0808559,0.10084278136491776,0.264542,1.39866,0.302041,0.660549,,,4.4556,-0.00440839,-0.0317707,999,,,,,,,20.500000000000007,3.416666666666668,21,3.5,,,,,,,,,,,,,,,,,,,"Zach Pop","20185",647315
"Eric Reyzelman","NYY",0,0,0,4.60465,7,0,0,0,,7,32,7,4,4,1,4,,0,8,9.2093,4.81395,1.91304,1.25581,0.234043,0.12234,0.11170212179422379,0.233129,1.4186,0.283186,0.703422,,,4.61487,-0.00462744,-0.017795,999,,,,,,,25.300000000000015,3.6142857142857165,26,3.7142857142857144,,,,,,,,,,,,,,,,,,,"Eric Reyzelman","sa3020611",801432
"Connor Brogdon","CLE",0,0,0,4.63569,5,0,0,0,,5,21,5,3,2,1,2,,0,5,9.43383,3.504,2.69231,1.62895,0.240795,0.0894382,0.15135690569877625,0.25213,1.37788,0.300029,0.727455,,,4.65667,-0.00465719,-0.0171214,999,,,,,,,15.7,3.1399999999999997,16,3.2,,,,,,,,,,,,,,,,,,,"Connor Brogdon","21205",641401
"Max Kranick","WSN",0,0,0,4.68983,9,0,0,0,,9,39,9,5,5,1,3,,0,7,6.92308,2.6799,2.58333,1.33995,0.180233,0.0697674,0.11046512424945831,0.257862,1.31514,0.286885,0.672646,,,4.46801,-0.0048788,-0.0200655,999,,,,,,,35.90000000000001,3.9888888888888903,37,4.111111111111111,,,,,,,,,,,,,,,,,,,"Max Kranick","22175",668820
"Andrew Walters","CLE",1,1,0,4.15704,18,0,0,0,,18,78,15,9,8,3,10,,1,21,10.6005,4.7806,2.21739,1.24711,0.272727,0.122995,0.14973262697458267,0.217391,1.33949,0.278846,0.725806,,,4.35036,-0.00490378,-0.00638382,999,,,,,,,66.30000000000001,3.683333333333334,60,3.3333333333333335,,,,,,,,,,,,,,,,,,,"Andrew Walters","33834",689958
"Michael Darrell-Hicks","PIT",1,1,0,4.47684,10,0,0,0,,10,43,10,5,5,1,3,,1,8,7.1012,3.08748,2.3,1.08062,0.179687,0.078125,0.1015624925494194,0.256522,1.35506,0.293785,0.693642,,,4.424,-0.00519253,-0.00219466,999,,,,,,,39.7,3.97,41,4.1,,,,,,,,,,,,,,,,,,,"Michael Darrell-Hicks","31501",690382
"Max Lazar","PHI",1,1,0,4.63588,27,0,0,0,,27,116,28,15,14,4,9,,0,21,6.87389,2.87744,2.38889,1.27886,0.178423,0.0746888,0.10373444110155106,0.261261,1.34991,0.292398,0.694444,,,4.43539,-0.00535032,-0.0527324,999,,,,,,,92.80000000000003,3.437037037037038,98,3.6296296296296298,,,,,,,,,,,,,,,,,,,"Max Lazar","23426",676661
"James Karinchak","ATL",2,1,0,4.18605,24,0,0,0,,24,105,20,13,11,3,14,,1,30,11.093,5.23256,2.12,1.25581,0.286486,0.135135,0.15135134756565094,0.220126,1.39535,0.29,0.736434,,,4.26604,-0.00540149,-0.0412607,999,,,,,,,103.70000000000002,4.320833333333334,96,4,,,,,,,,,,,,,,,,,,,"James Karinchak","20151",675916
"Brendan Beck","NYY",1,1,0,4.60091,10,0,0,0,,10,42,10,5,5,1,3,,0,8,6.99309,2.51429,2.78134,1.34877,0.183036,0.0658086,0.11722750961780548,0.254648,1.28011,0.28334,0.676861,,,4.44306,-0.00554908,-0.00345873,999,,,,,,,42.7,4.2700000000000005,44,4.4,,,,,,,,,,,,,,,,,,,"Brendan Beck","33043",694341
"Shane Murphy","CHW",0,0,0,4.86017,6,0,0,0,,6,26,7,4,3,1,1,,0,4,5.90164,1.99614,2.95652,1.5622,0.153846,0.0520362,0.10180996358394623,0.272727,1.32112,0.289157,0.679785,,,4.74259,-0.0055575,-0.0309376,999,,,,,,,18.90000000000001,3.1500000000000017,22,3.6666666666666665,,,,,,,,,,,,,,,,,,,"Shane Murphy","sa3020389",690294
"John Brebbia","COL",0,0,0,4.80916,10,0,0,0,,10,43,10,6,5,2,3,,0,9,8.70229,3.20611,2.71429,1.60305,0.218391,0.0804598,0.13793103396892548,0.265823,1.42494,0.309735,0.714286,,,4.7063,-0.00556761,-0.0136079,999,,,,,,,32.4,3.2399999999999998,33,3.3,,,,,,,,,,,,,,,,,,,"John Brebbia","12777",605154
"Brandon Leibrandt","CIN",0,0,0,5.28677,7,0,0,0,,7,33,8,5,4,1,2,,0,5,6.55156,2.8444,2.30332,1.55027,0.165372,0.0717971,0.09357447922229767,0.276615,1.43714,0.300962,0.667767,,,4.93361,-0.00565588,-0.0423197,999,,,,,,,22.7,3.242857142857143,26,3.7142857142857144,,,,,,,,,,,,,,,,,,,"Brandon Leibrandt","16135",605335
"Nolan Hoffman","PHI",1,2,0,5.05997,22,0,0,0,,22,98,22,14,12,3,10,,2,21,8.41819,3.97449,2.11806,1.21443,0.211728,0.0999634,0.11176460236310959,0.25914,1.44575,0.309921,0.664081,,,4.61514,-0.00581136,-0.0965628,999,,,,,,,74.7,3.3954545454545455,77,3.5,,,,,,,,,,,,,,,,,,,"Nolan Hoffman","23381",676510
"Jared Shuster","STL",1,1,0,4.61514,14,0,0,0,,14,61,15,8,7,1,5,,0,9,6.03136,3.27335,1.84257,0.944786,0.152894,0.0829787,0.06991502642631531,0.263685,1.42049,0.294438,0.67773,,,4.25374,-0.0058254,-0.04342,999,,,,,,,55.30000000000001,3.9500000000000006,60,4.285714285714286,,,,,,,,,,,,,,,,,,,"Jared Shuster","27472",694363
"Ronan Kopp","LAD",0,0,0,4.77148,7,0,0,0,,7,33,6,4,4,1,5,,0,8,9.70749,5.92322,1.63889,1.15174,0.238866,0.145749,0.09311740100383759,0.229665,1.53565,0.286713,0.714286,,,4.69374,-0.00616746,-0.0196309,999,,,,,,,24.900000000000013,3.557142857142859,23,3.2857142857142856,,,,,,,,,,,,,,,,,,,"Ronan Kopp","sa3017751",691947
"Jonathan Hernández","LAD",1,1,0,4.56964,28,0,0,3,,28,121,26,15,14,3,14,,1,26,8.37817,4.47231,1.87335,1.06031,0.210997,0.112631,0.09836582094430923,0.24335,1.44019,0.291944,0.696569,,,4.38033,-0.00639411,-0.0548929,999,,,,,,,121.70000000000005,4.346428571428573,120,4.285714285714286,,,,,,,,,,,,,,,,,,,"Jonathan Hernandez","17464",642546
"Jack Neely","CHC",0,0,0,4.5,5,0,0,0,,5,21,4,3,2,1,2,,0,5,9.64286,4.5,2.14286,1.28571,0.244565,0.11413,0.1304347887635231,0.226415,1.35714,0.277778,0.699588,,,4.60324,-0.00673019,-0.0196308,999,,,,,,,18.299999999999997,3.6599999999999993,16,3.2,,,,,,,,,,,,,,,,,,,"Jack Neely","30106",680891
"Ty Adcock","SDP",1,1,0,4.28571,14,0,0,0,,14,59,13,7,7,2,5,,0,12,8.06723,3.52941,2.28571,1.2605,0.20915,0.0915033,0.11764705926179886,0.246377,1.34454,0.287129,0.731707,,,4.39176,-0.00676566,-0.015605,999,,,,,,,54.2,3.8714285714285714,53,3.7857142857142856,,,,,,,,,,,,,,,,,,,"Ty Adcock","25651",686654
"Thomas Harrington","PIT",1,1,0,4.51302,15,0,0,0,,15,64,15,8,7,2,5,,1,11,6.85632,2.77724,2.46875,1.21504,0.175947,0.0712695,0.10467706620693207,0.259709,1.3404,0.291536,0.695142,,,4.40508,-0.00681648,-0.0185109,999,,,,,,,51.400000000000006,3.426666666666667,53,3.533333333333333,,,,,,,,,,,,,,,,,,,"Thomas Harrington","31989",802419
"Ricky Tiedemann","TOR",0,0,0,4.60465,7,0,0,0,,7,30,6,4,3,1,4,,1,7,9,5.02326,1.79167,1.04651,0.222798,0.124352,0.0984455943107605,0.226994,1.4186,0.278261,0.685185,,,4.7079,-0.007288,-0.0171513,999,,,,,,,22.900000000000013,3.271428571428573,21,3,,,,,,,,,,,,,,,,,,,"Ricky Tiedemann","sa3018096",694357
"Landon Knack","LAD",0,0,0,5.23771,5,0,0,0,,5,21,5,3,3,1,2,,0,4,7.7459,3.54098,2.1875,1.54918,0.198488,0.0907372,0.10775046050548553,0.25523,1.39344,0.286932,0.661451,,,4.87374,-0.00737791,-0.0184197,999,,,,,,,13.7,2.7399999999999998,14,2.8,,,,,,,,,,,,,,,,,,,"Landon Knack","27487",689017
"Yohan Ramírez","PIT",2,3,0,4.41564,35,0,0,7,,35,153,32,19,17,4,16,,7,38,9.68709,4.06619,2.38235,0.976682,0.248748,0.104413,0.1443350985646248,0.245241,1.35112,0.318587,0.681984,,,4.34126,-0.00750823,-0.065839,999,,,,,,,161.60000000000002,4.617142857142857,158,4.514285714285714,,,,,,,,,,,,,,,,,,,"Yohan Ramirez","19444",670990
"Chayce McDermott","LAD",1,1,0,4.75824,11,0,0,0,,11,48,10,6,6,2,6,,1,11,8.92293,4.58964,1.94414,1.38332,0.225128,0.115798,0.10933025181293488,0.239405,1.43012,0.284043,0.704115,,,4.79949,-0.00771413,-0.0220162,999,,,,,,,31.800000000000004,2.890909090909091,30,2.727272727272727,,,,,,,,,,,,,,,,,,,"Chayce McDermott","29866",694646
"Ryan Weiss","HOU",1,1,0,4.62381,15,0,0,0,,15,63,14,8,7,2,6,,1,15,9.12238,3.84653,2.37158,1.43457,0.233326,0.0983839,0.13494177907705307,0.244313,1.37018,0.291663,0.707699,,,4.60379,-0.00777042,-0.0192426,725.9600219726562,,,,,,,59.00000000000001,3.933333333333334,58,3.8666666666666667,,,,,,,,,,,,,,,,,,,"Ryan Weiss","24621",680802
"Alex Hoppe","SEA",1,1,0,4.26799,32,0,0,4,,32,140,31,16,15,4,15,,1,30,8.57168,4.23822,2.02247,1.04765,0.216264,0.106931,0.10933347791433334,0.246727,1.4315,0.298877,0.722128,,,4.24349,-0.00780494,-0.0395075,999,,,,,,,135.00000000000003,4.218750000000001,136,4.25,,,,,,,,,,,,,,,,,,,"Alex Hoppe","31880",695380
"Lazaro Estrada","TOR",0,1,0,4.80533,9,0,0,0,,9,39,9,5,5,1,3,,1,8,7.54677,2.81878,2.67732,1.38688,0.194879,0.0727888,0.1220899149775505,0.259749,1.3352,0.29501,0.674294,,,4.53415,-0.00835469,-0.0176989,999,,,,,,,34.90000000000001,3.877777777777779,36,4,,,,,,,,,,,,,,,,,,,"Lazaro Estrada","24914",681751
"Ben Casparius","LAD",1,1,0,4.96024,13,0,0,0,,13,59,13,8,7,2,6,,1,13,8.65006,3.94598,2.19212,1.36068,0.219313,0.100046,0.11926677078008652,0.249316,1.40989,0.294618,0.676688,,,4.60432,-0.00841476,-0.0540268,999,,,,,,,42.8,3.292307692307692,44,3.3846153846153846,,,,,,,,,,,,,,,,,,,"Ben Casparius","30085",676508
"Zack Kelly","BOS",1,1,0,4.4274,25,0,0,0,,25,109,23,13,12,3,12,,2,23,8.42516,4.4126,1.90934,1.03042,0.213598,0.11187,0.10172774642705917,0.240878,1.41101,0.290875,0.700634,,,4.40036,-0.00842693,-0.00362521,999,,,,,,,92.3,3.6919999999999997,90,3.6,,,,,,,,,,,,,,,,,,,"Zack Kelly","20349",677161
"Joe La Sorsa","BOS",1,1,0,4.24084,21,0,0,0,,21,92,22,11,10,3,7,,1,15,6.43979,2.98429,2.15789,1.09948,0.165323,0.0766129,0.08870967477560043,0.262222,1.36126,0.293785,0.718475,,,4.4645,-0.00846649,-0.00539426,999,,,,,,,67.3,3.2047619047619045,72,3.4285714285714284,,,,,,,,,,,,,,,,,,,"Joe La Sorsa","25481",686747
"Jeff Criswell","COL",1,1,0,4.65718,18,0,0,0,,18,82,19,10,9,3,8,,0,17,8.26649,3.9586,2.08824,1.39715,0.206395,0.0988372,0.10755813121795654,0.25974,1.47477,0.302222,0.730453,,,4.68151,-0.00857543,-0.00268325,999,,,,,,,56.90000000000001,3.161111111111112,61,3.388888888888889,,,,,,,,,,,,,,,,,,,"Jeff Criswell","27608",676105
"Carlos Lagrange","NYY",1,1,0,4.74593,15,0,0,0,,15,65,13,8,8,2,8,,1,15,9.31927,4.65964,2,1.20805,0.236324,0.118162,0.11816191673278809,0.225888,1.37104,0.275735,0.680713,,,4.58934,-0.00864145,-0.0206071,999,,,,,,,55.60000000000001,3.7066666666666674,52,3.466666666666667,,,,,,,,,,,,,,,,,,,"Carlos Lagrange","sa3019390",801739
"Hayden Juenger","TOR",1,1,0,4.54981,12,0,0,0,,12,53,12,7,6,1,5,,1,10,7.43154,3.94097,1.88571,1.08377,0.188803,0.100123,0.08868037164211273,0.249166,1.40564,0.288422,0.692085,,,4.48571,-0.00919918,-0.0337457,999,,,,,,,47.30000000000001,3.9416666666666678,49,4.083333333333333,,,,,,,,,,,,,,,,,,,"Hayden Juenger","29640",696522
"Matt Svanson","STL",1,1,0,4.1768,28,0,0,0,,28,119,26,14,13,4,11,,2,26,8.32137,3.42121,2.43229,1.1404,0.215681,0.0886738,0.12700675427913666,0.244252,1.31647,0.291005,0.712883,,,4.26147,-0.00923783,-0.023836,528.7999877929688,,,,,,,103.40000000000006,3.6928571428571453,101,3.607142857142857,,,,,,,,,,,,,,,,,,,"Matt Svanson","29629",694335
"Austin Love","STL",1,1,0,4.52119,15,0,0,0,,15,67,15,8,8,2,7,,1,13,7.48823,3.95604,1.89286,0.989011,0.187279,0.0989399,0.08833921700716019,0.247012,1.41287,0.287958,0.685786,,,4.37483,-0.00936247,-0.0285677,999,,,,,,,49.400000000000006,3.293333333333334,51,3.4,,,,,,,,,,,,,,,,,,,"Austin Love","sa3017609",676153
"Eduarniel Núñez","BAL",0,0,0,4.83101,6,0,0,0,,6,28,5,4,3,1,4,,1,6,9.30418,5.72565,1.625,1.07356,0.226087,0.13913,0.08695653080940247,0.233161,1.53082,0.288889,0.699708,,,4.79311,-0.0100802,-0.0329849,999,,,,,,,16.100000000000005,2.683333333333334,14,2.3333333333333335,,,,,,,,,,,,,,,,,,,"Eduarniel Nunez","23162",674384
"Brian Fitzpatrick","MIL",1,1,0,4.70515,16,0,0,0,,16,72,16,9,9,2,7,,1,15,8.0901,4.08189,1.98195,1.29677,0.204733,0.103299,0.10143420100212097,0.247774,1.42012,0.28778,0.699167,,,4.64726,-0.0102201,-0.0411524,999,,,,,,,58.20000000000001,3.6375000000000006,60,3.75,,,,,,,,,,,,,,,,,,,"Brian Fitzpatrick","31624",702153
"Jackson Rutledge","PHI",0,1,0,4.95995,12,0,0,0,,12,55,13,7,7,2,5,,1,10,7.50019,3.77239,1.98818,1.2753,0.188511,0.0948158,0.09369506686925888,0.263912,1.4522,0.30325,0.680459,,,4.7977,-0.0105066,-0.0335263,999,,,,,,,32.40000000000002,2.7000000000000015,36,3,,,,,,,,,,,,,,,,,,,"Jackson Rutledge","26215",671131
"Christian Roa","CHC",0,1,0,4.55202,6,0,0,0,,6,27,6,3,3,1,3,,1,6,8.77788,4.98443,1.76106,1.17994,0.219199,0.12447,0.09472900629043579,0.243581,1.47587,0.295243,0.716625,,,4.84926,-0.0107424,-0.00476111,999,,,,,,,16.500000000000007,2.7500000000000013,17,2.8333333333333335,,,,,,,,,,,,,,,,,,,"Christian Roa","27662",685005
"Josh White","MIA",2,2,0,4.35544,23,0,0,0,,23,100,21,12,11,3,10,,1,24,9.13526,3.96279,2.30526,1.18188,0.234706,0.101813,0.1328926756978035,0.2383,1.35086,0.291336,0.706798,,,4.29131,-0.0108031,-0.0222459,999,,,,,,,93.70000000000002,4.073913043478262,91,3.9565217391304346,,,,,,,,,,,,,,,,,,,"Josh White","31738",687985
"Beau Burrows","PIT",1,1,0,4.52514,13,0,0,0,,13,60,14,7,7,2,6,,1,11,7.2067,4.18994,1.72,1.00559,0.179167,0.104167,0.07499999552965164,0.254717,1.47114,0.294479,0.708215,,,4.51851,-0.0109553,-0.018066,999,,,,,,,36.199999999999996,2.7846153846153845,40,3.076923076923077,,,,,,,,,,,,,,,,,,,"Beau Burrows","18873",663366
"Wilian Bormie","TEX",0,0,0,5.05263,5,0,0,0,,5,22,5,3,3,1,3,,0,5,8.68421,4.89474,1.77419,1.42105,0.213178,0.120155,0.09302325546741486,0.245536,1.50877,0.2875,0.694823,,,5.01553,-0.0109584,-0.0173255,999,,,,,,,12.7,2.54,13,2.6,,,,,,,,,,,,,,,,,,,"Wilian Bormie","sa3020327",693781
"Bailey Horn","DET",1,1,0,4.61101,10,0,0,0,,10,46,10,6,5,1,5,,0,9,8.19734,4.61101,1.77778,1.19545,0.204255,0.114894,0.08936169743537903,0.247573,1.48008,0.291391,0.718475,,,4.65922,-0.0110497,-0.0316324,999,,,,,,,38.7,3.87,40,4,,,,,,,,,,,,,,,,,,,"Bailey Horn","27753",690544
"Kade Strowd","ARI",1,1,0,3.94881,26,0,0,0,,26,114,24,12,11,3,12,,1,24,8.39122,4.27788,1.96154,0.987203,0.2125,0.108333,0.104166679084301,0.241706,1.40768,0.292208,0.74344,,,4.25498,-0.0111648,0.0215984,999,,,,,,,102.1,3.9269230769230767,100,3.8461538461538463,,,,,,,,,,,,,,,,,,,"Kade Strowd","26191",669704
"Daniel Espino","CLE",1,2,0,4.29851,23,0,0,0,,23,102,21,12,11,3,12,,0,26,10.0746,4.70149,2.14286,1.34328,0.253378,0.118243,0.13513514399528503,0.234615,1.43284,0.291429,0.743902,,,4.41668,-0.0115081,-0.023598,999,,,,,,,94.70000000000002,4.1173913043478265,92,4,,,,,,,,,,,,,,,,,,,"Daniel Espino","sa3011495",682982
"C.J. Culpepper","MIN",0,0,0,4.82806,11,0,0,0,,11,49,11,6,6,1,5,,1,8,6.9326,4.20908,1.64706,0.990371,0.170732,0.103659,0.06707317382097244,0.253472,1.4718,0.290179,0.678497,,,4.64382,-0.0117538,-0.0157686,999,,,,,,,38.50000000000001,3.5000000000000004,40,3.6363636363636362,,,,,,,,,,,,,,,,,,,"C.J. Culpepper","sa3020563",690217
"Duncan Davitt","CHW",1,1,0,4.85231,15,0,0,0,,15,64,16,9,8,2,5,,1,11,6.91652,2.79019,2.47887,1.29685,0.177375,0.0715549,0.10582056641578674,0.267039,1.36711,0.299739,0.67024,,,4.56165,-0.0118678,-0.0474313,999,,,,,,,48.800000000000004,3.2533333333333334,53,3.533333333333333,,,,,,,,,,,,,,,,,,,"Duncan Davitt","31886",701474
"Zach Brzykcy","MIA",1,1,0,4.62527,26,0,0,0,,26,113,24,14,13,3,13,,2,26,9.05782,4.43255,2.04348,1.15632,0.229268,0.112195,0.1170731782913208,0.240223,1.41328,0.293651,0.694444,,,4.43087,-0.0121802,-0.0384197,999,,,,,,,100.1,3.8499999999999996,98,3.769230769230769,,,,,,,,,,,,,,,,,,,"Zach Brzykcy","27783",694350
"Jack Ralston","MIA",1,1,0,4.59184,12,0,0,0,,12,56,11,7,6,1,8,,0,13,9.55102,5.69388,1.67742,1.10204,0.233184,0.139013,0.09417042136192322,0.236842,1.55102,0.295455,0.724852,,,4.59304,-0.0122494,-0.0340921,999,,,,,,,49.90000000000001,4.158333333333334,49,4.083333333333333,,,,,,,,,,,,,,,,,,,"Jack Ralston","sa3011296",667652
"Logan Gillaspie","SDP",0,1,0,4.73684,10,0,0,0,,10,44,11,6,5,1,4,,0,7,6.63158,3.15789,2.1,1.26316,0.167331,0.0796813,0.0876493975520134,0.262009,1.40351,0.290503,0.697674,,,4.61202,-0.0123981,-0.0430544,999,,,,,,,35.1,3.5100000000000002,39,3.9,,,,,,,,,,,,,,,,,,,"Logan Gillaspie","22461",670810
"Josh Walker","BAL",1,1,0,4.65867,18,0,0,0,,18,82,19,10,9,3,8,,1,18,8.61715,4.13403,2.08444,1.35964,0.215317,0.103297,0.11202006787061691,0.257307,1.47377,0.304648,0.721816,,,4.66499,-0.0125947,-0.0379911,999,,,,,,,55.90000000000001,3.105555555555556,60,3.3333333333333335,,,,,,,,,,,,,,,,,,,"Josh Walker","23617",677020
"Zach McCambley","CIN",1,2,0,4.58307,28,0,0,0,,28,123,26,16,14,4,14,,2,28,8.83589,4.42826,1.99534,1.13758,0.223388,0.111955,0.11143337190151215,0.24367,1.42155,0.296739,0.697447,,,4.52357,-0.012622,-0.0529421,999,,,,,,,98.40000000000006,3.5142857142857165,96,3.4285714285714284,,,,,,,,,,,,,,,,,,,"Zach McCambley","27666",685112
"Zak Kent","WSN",1,1,0,4.86088,23,0,0,0,,23,103,23,14,13,3,10,,1,22,8.38746,4.00173,2.09596,1.20585,0.21093,0.100636,0.11029327660799026,0.255251,1.4464,0.303559,0.68265,,,4.46207,-0.0129245,-0.0887544,999,,,,,,,84.50000000000001,3.6739130434782616,87,3.782608695652174,,,,,,,,,,,,,,,,,,,"Zak Kent","25703",687849
"Alexis Díaz","TEX",1,1,0,5.07042,11,0,0,0,,11,48,8,7,6,1,6,,2,11,8.69215,5.25151,1.65517,0.905433,0.224299,0.135514,0.08878503739833832,0.214689,1.34809,0.266129,0.616667,,,4.7129,-0.0129633,-0.050291,999,,,,,,,46.30000000000001,4.20909090909091,40,3.6363636363636362,,,,,,,,,,,,,,,,,,,"Alexis Diaz","21132",664747
"Doug Nikhazy","CHC",0,1,0,5.17336,8,0,0,0,,8,37,9,5,5,1,4,,0,7,7.94924,5.01785,1.58419,1.15283,0.191735,0.12103,0.07070506364107132,0.268289,1.6347,0.315978,0.69391,,,4.77701,-0.012987,-0.0376133,999,,,,,,,25.500000000000007,3.187500000000001,29,3.625,,,,,,,,,,,,,,,,,,,"Doug Nikhazy","30142",680951
"Tayler Saucedo","LAA",1,1,0,4.77494,27,0,0,0,,27,119,27,16,14,3,12,,3,26,8.60372,4.14864,2.07386,1.03716,0.215907,0.104108,0.1117982417345047,0.257551,1.45494,0.315171,0.678923,,,4.39446,-0.0130359,-0.0749885,999,,,,,,,99.7,3.6925925925925926,103,3.814814814814815,,,,,,,,,,,,,,,,,,,"Tayler Saucedo","17888",642048
"Drew Smith","MIN",1,1,0,4.5,10,0,0,0,,10,42,9,5,5,2,4,,1,10,9.25,4,2.3125,1.5,0.237179,0.102564,0.13461539149284363,0.246377,1.38889,0.294737,0.745192,,,4.71436,-0.0130698,-0.000571574,999,,,,,,,31,3.1,29,2.9,,,,,,,,,,,,,,,,,,,"Drew Smith","17755",622098
"Joel Peguero","SFG",0,0,0,4.37011,9,0,0,0,,9,38,9,5,4,1,4,,1,6,6.55439,3.86474,1.69595,0.861733,0.16505,0.0973201,0.06772948801517487,0.260261,1.44753,0.298705,0.70023,,,4.39294,-0.0130934,-0.0238296,999,,,,,,,27.900000000000013,3.1000000000000014,29,3.2222222222222223,,,,,,,,,,,,,,,,,,,"Joel Peguero","21951",666711
"Chris Devenski","PIT",1,1,0,4.4474,24,0,0,0,,24,105,26,13,12,4,7,,1,20,7.29,2.54883,2.86014,1.31897,0.188639,0.0659543,0.1226842850446701,0.261761,1.32735,0.296003,0.704189,,,4.30339,-0.0132859,-0.0356856,999,,,,,,,76.80000000000004,3.2000000000000015,84,3.5,,,,,,,,,,,,,,,,,,,"Chris Devenski","12763",606965
"Wandy Peralta","SDP",1,1,0,4.09898,31,0,0,3,,31,135,28,15,14,3,14,,2,25,7.27531,4.05918,1.79231,0.822245,0.186624,0.104125,0.08249906450510025,0.239731,1.36466,0.282437,0.703143,,,4.23542,-0.0132996,-0.00371621,999,,,,,,,133.7,4.312903225806451,130,4.193548387096774,,,,,,,,,,,,,,,,,,,"Wandy Peralta","14295",593974
"Ken Waldichuk","WSN",0,0,0,5.37694,5,0,0,0,,5,22,5,3,3,1,2,,0,5,8.5504,4.48723,1.90549,1.40041,0.212511,0.111525,0.10098569095134735,0.256763,1.49762,0.302823,0.662796,,,4.96498,-0.0134735,-0.0179659,999,,,,,,,15.7,3.1399999999999997,16,3.2,,,,,,,,,,,,,,,,,,,"Ken Waldichuk","27681",686610
"Nick Raquet","BAL",2,3,0,4.90874,21,0,0,0,,21,91,22,12,11,3,7,,2,18,7.58858,3.11171,2.43871,1.35083,0.192075,0.0787608,0.11331422626972198,0.271401,1.42125,0.311638,0.683999,,,4.64925,-0.0135665,-0.0545582,999,,,,,,,70.3,3.3476190476190473,75,3.5714285714285716,,,,,,,,,,,,,,,,,,,"Nick Raquet","20333",675919
"Gordon Graceffo","STL",2,3,0,4.46725,37,0,0,8,,37,158,37,20,18,4,12,,1,28,6.90252,3.02779,2.27972,1.02338,0.177541,0.0778784,0.09966260194778442,0.258065,1.35448,0.295123,0.681809,,,4.17211,-0.013896,-0.129641,999,,,,,,,177.40000000000003,4.794594594594596,182,4.918918918918919,,,,,,,,,,,,,,,,,,,"Gordon Graceffo","29519",700669
"Jake Bloss","TOR",0,1,0,4.74378,7,0,0,0,,7,33,8,4,4,1,3,,0,6,6.98389,3.95315,1.76667,1.44949,0.17377,0.0983607,0.07540982961654663,0.259124,1.47877,0.285714,0.724299,,,5.00661,-0.0142443,-0.0171513,999,,,,,,,21.7,3.1,25,3.5714285714285716,,,,,,,,,,,,,,,,,,,"Jake Bloss","33168",814005
"Alimber Santa","HOU",1,1,0,4.18866,30,0,0,3,,30,134,28,15,14,3,16,,1,29,8.65431,4.7605,1.81794,0.967173,0.217107,0.119424,0.09768220782279968,0.240577,1.45616,0.294338,0.727789,,,4.30209,-0.0145234,0.0131548,999,,,,,,,131.3,4.376666666666667,130,4.333333333333333,,,,,,,,,,,,,,,,,,,"Alimber Santa","28846",695001
"George Soriano","STL",1,2,0,4.59199,38,0,2,10,,38,165,36,21,20,5,15,,3,36,8.50775,3.5559,2.39257,1.16015,0.219541,0.0917592,0.12778141349554062,0.245084,1.33455,0.293785,0.675829,,,4.30636,-0.0146691,-0.232659,999,,,,,,,194.1,5.1078947368421055,193,5.078947368421052,,,,,,,,,,,,,,,,,,,"George Soriano","21863",666277
"Tristan Beck","SFG",1,1,0,4.31718,34,0,0,6,,34,147,34,18,16,4,11,,2,27,7.06556,2.81269,2.51203,1.14054,0.18334,0.072985,0.11035537719726562,0.25594,1.31637,0.291362,0.697986,,,4.2599,-0.0148596,-0.085334,999,,,,,,,153.00000000000003,4.500000000000001,157,4.617647058823529,,,,,,,,,,,,,,,,,,,"Tristan Beck","21584",663941
"Charlie Barnes","LAD",0,1,0,5.66956,10,0,0,0,,10,44,11,7,6,2,3,,1,8,7.3645,2.9965,2.4577,1.65565,0.183786,0.0747797,0.10900627076625824,0.28383,1.48404,0.316746,0.651703,,,5.04842,-0.0152374,-0.0673182,999,,,,,,,24.799999999999997,2.4799999999999995,28,2.8,,,,,,,,,,,,,,,,,,,"Charlie Barnes","19865",656212
"Daysbel Hernández","ATL",1,2,0,4.46953,21,0,0,0,,21,92,18,11,10,2,12,,1,22,9.54853,5.28217,1.80769,1.0158,0.239796,0.132653,0.1071428507566452,0.227545,1.4447,0.286957,0.701754,,,4.4125,-0.0154276,-0.0245689,999,,,,,,,89.00000000000001,4.238095238095239,84,4,,,,,,,,,,,,,,,,,,,"Daysbel Hernandez","20271",678226
"Alex Carrillo","NYM",1,1,0,4.70455,10,0,0,0,,10,43,9,6,5,2,5,,1,10,9.40909,4.29545,2.19048,1.43182,0.239583,0.109375,0.130208320915699,0.238095,1.38636,0.286957,0.703125,,,4.71688,-0.0155499,-0.0421889,999,,,,,,,28,2.8,26,2.6,,,,,,,,,,,,,,,,,,,"Alex Carrillo","26463",692024
"Cody Bolton","HOU",0,0,0,4.72867,7,0,0,0,,7,32,7,4,4,1,4,,0,7,8.20252,4.82584,1.69971,1.26626,0.20366,0.119821,0.08383960276842117,0.249611,1.50339,0.292803,0.713627,,,4.91039,-0.0157252,-0.0171167,999,,,,,,,23.300000000000015,3.3285714285714305,24,3.4285714285714284,,,,,,,,,,,,,,,,,,,"Cody Bolton","23265",675989
"Craig Kimbrel","TBR",2,2,0,4.57152,28,0,0,0,,28,123,25,15,14,4,14,,2,31,10.1072,4.63788,2.17927,1.26205,0.255826,0.117391,0.13843535631895065,0.235672,1.4117,0.297668,0.707254,,,4.43905,-0.0158131,-0.0313457,999,,,,,,,107.00000000000006,3.8214285714285734,102,3.642857142857143,,,,,,,,,,,,,,,,,,,"Craig Kimbrel","6655",518886
"Josh Ekness","MIA",1,1,0,4.5387,16,0,0,0,,16,70,15,9,8,2,8,,2,16,8.80623,4.45259,1.97778,0.932923,0.222919,0.112712,0.11020723730325699,0.246433,1.41618,0.307785,0.682916,,,4.44452,-0.0158644,-0.0353471,999,,,,,,,56.80000000000001,3.5500000000000007,56,3.5,,,,,,,,,,,,,,,,,,,"Josh Ekness","33785",694795
"Alek Jacob","SDP",1,1,0,4.78126,20,0,0,0,,20,86,18,12,11,3,9,,2,19,8.48539,3.91418,2.16786,1.23017,0.217942,0.100533,0.11740867793560028,0.24356,1.35463,0.290373,0.668102,,,4.64406,-0.0160078,-0.0861088,999,,,,,,,69.3,3.465,66,3.3,,,,,,,,,,,,,,,,,,,"Alek Jacob","29628",689690
"Troy Taylor","SEA",1,1,0,4.70019,10,0,0,0,,10,43,9,5,5,1,4,,1,9,8.52998,4.00387,2.13043,1.21857,0.213974,0.100437,0.11353712528944016,0.238806,1.37331,0.282759,0.686275,,,4.59261,-0.0163246,-0.0123461,999,,,,,,,41.300000000000004,4.130000000000001,40,4,,,,,,,,,,,,,,,,,,,"Troy Taylor","31883",700187
"Spencer Bivens","SFG",1,1,0,4.29173,13,0,0,0,,13,56,13,7,6,2,4,,1,10,6.69004,3.02945,2.20833,1.13604,0.169872,0.0769231,0.09294871240854263,0.261484,1.37447,0.294118,0.714286,,,4.47772,-0.0163852,-0.0274165,999,,,,,,,42.8,3.292307692307692,44,3.3846153846153846,,,,,,,,,,,,,,,,,,,"Spencer Bivens","30226",702352
"Mike Clevinger","PIT",1,1,0,4.56177,11,0,0,0,,11,48,11,6,6,2,4,,1,8,6.9377,3.6114,1.92105,1.23548,0.176329,0.0917874,0.08454106748104095,0.25876,1.41499,0.291228,0.708117,,,4.70831,-0.0163975,-0.017619,748.0900268554688,,,,,,,29.200000000000003,2.6545454545454548,30,2.727272727272727,,,,,,,,,,,,,,,,,,,"Mike Clevinger","12808",605182
"Scott Blewett","STL",1,1,0,4.31784,24,0,0,0,,24,104,24,13,11,3,9,,1,17,6.47676,3.23838,2,1.07946,0.16609,0.083045,0.08304497599601746,0.258555,1.37931,0.289855,0.705446,,,4.3926,-0.0164643,-0.052007,999,,,,,,,82.30000000000001,3.429166666666667,85,3.5416666666666665,,,,,,,,,,,,,,,,,,,"Scott Blewett","16427",656240
"Steven Wilson","TBR",0,0,0,4.72795,11,0,0,0,,11,48,10,6,6,2,5,,1,11,8.78049,4.05253,2.16667,1.5197,0.232143,0.107143,0.125,0.233503,1.31332,0.272059,0.696864,,,4.86685,-0.0167439,-0.0155462,999,,,,,,,34.800000000000004,3.163636363636364,33,3,,,,,,,,,,,,,,,,,,,"Steven Wilson","20353",621051
"Jake Eder","LAD",1,1,0,4.91722,9,0,0,0,,9,40,9,5,5,1,4,,1,7,6.95964,3.72382,1.86895,1.39494,0.176875,0.0946385,0.08223631232976913,0.25518,1.40594,0.282846,0.683018,,,5.02301,-0.0167703,-0.020827,999,,,,,,,29.900000000000013,3.3222222222222237,31,3.4444444444444446,,,,,,,,,,,,,,,,,,,"Jake Eder","27590",671109
"David Morgan","SDP",1,1,0,4.29932,30,0,0,0,,30,129,27,16,14,4,14,,3,31,9.29552,4.06381,2.28739,1.10831,0.239153,0.104553,0.13460025191307068,0.236621,1.34435,0.294081,0.704049,,,4.27512,-0.0169004,-0.0655182,999,,,,,,,113.60000000000001,3.786666666666667,109,3.6333333333333333,,,,,,,,,,,,,,,,,,,"David Morgan","31616",688158
"Logan VanWey","HOU",1,1,0,4.49633,22,0,0,0,,22,99,20,12,11,3,12,,2,23,9.20786,4.83237,1.90545,1.15977,0.231169,0.12132,0.10984957963228226,0.240288,1.45072,0.296093,0.714537,,,4.60079,-0.0172844,-0.0363755,999,,,,,,,77.9,3.540909090909091,75,3.409090909090909,,,,,,,,,,,,,,,,,,,"Logan VanWey","31884",701121
"Kyle Hart","SDP",1,2,0,4.35905,26,0,0,0,,26,113,26,14,13,4,9,,2,23,7.93304,3.02377,2.62356,1.22906,0.204772,0.0780513,0.12672066688537598,0.256509,1.33544,0.299786,0.706998,,,4.34007,-0.017313,-0.0610464,999,,,,,,,88.6,3.4076923076923076,91,3.5,,,,,,,,,,,,,,,,,,,"Kyle Hart","19646",606996
"Colton Gordon","HOU",1,1,0,4.73536,13,0,0,0,,13,57,14,8,7,2,4,,1,11,7.70528,2.71988,2.83295,1.62183,0.198393,0.0700305,0.12836219370365143,0.263763,1.34705,0.295608,0.708049,,,4.7959,-0.0173553,-0.0491152,999,,,,,,,42.199999999999996,3.2461538461538457,46,3.5384615384615383,,,,,,,,,,,,,,,,,,,"Colton Gordon","31312",676467
"Evan Fitterer","SDP",0,1,0,4.90731,7,0,0,0,,7,34,8,4,4,1,4,,1,6,6.77208,4.31843,1.56818,1.17775,0.16707,0.106538,0.06053268164396286,0.254848,1.4831,0.285714,0.687919,,,5.00074,-0.0179763,-0.023793,999,,,,,,,15.7,2.242857142857143,19,2.7142857142857144,,,,,,,,,,,,,,,,,,,"Evan Fitterer","sa3011433",683157
"Misael Tamarez","SDP",0,0,0,5.04,7,0,0,0,,7,31,7,4,4,1,3,,0,5,7.2,4.32,1.66667,1.32,0.179641,0.107784,0.07185628265142441,0.255102,1.48,0.286996,0.690377,,,5.00991,-0.018195,-0.023793,999,,,,,,,22.3,3.185714285714286,23,3.2857142857142856,,,,,,,,,,,,,,,,,,,"Misael Tamarez","sa3009632",685377
"Andre Granillo","WSN",1,1,0,4.98498,17,0,0,0,,17,76,17,10,9,3,8,,1,16,8.27449,4.44865,1.86,1.32188,0.206385,0.11096,0.09542541205883026,0.252336,1.48296,0.295179,0.689647,,,4.78385,-0.0182781,-0.0549629,999,,,,,,,49.7,2.923529411764706,51,3,,,,,,,,,,,,,,,,,,,"Andre Granillo","29542",701552
"Yoniel Curet","DET",0,0,0,5.76,5,0,0,0,,5,22,5,3,3,1,3,,1,4,8.28,4.68,1.76923,1.44,0.201754,0.114035,0.08771929889917374,0.248276,1.48,0.287081,0.626327,,,5.42324,-0.0183502,-0.0158162,999,,,,,,,7.699999999999999,1.5399999999999998,8,1.6,,,,,,,,,,,,,,,,,,,"Yoniel Curet","sa3015446",692414
"Justin Lawrence","MIN",2,2,0,4.63674,33,0,1,4,,33,145,30,18,17,4,18,,5,36,10.0093,5.07007,1.9742,1.0123,0.250024,0.126646,0.12337808310985565,0.243154,1.46991,0.31716,0.6933,,,4.50053,-0.0183942,-0.0473059,999,,,,,,,141.00000000000006,4.272727272727274,137,4.151515151515151,,,,,,,,,,,,,,,,,,,"Justin Lawrence","17639",664875
"Miguel Ullola","HOU",1,1,0,4.60381,11,0,0,0,,11,49,10,6,6,2,6,,1,11,9.20762,5.14544,1.78947,1.26379,0.229213,0.12809,0.10112360119819641,0.233596,1.46439,0.283019,0.719937,,,4.80836,-0.018752,-0.0181878,999,,,,,,,31.800000000000004,2.890909090909091,30,2.727272727272727,,,,,,,,,,,,,,,,,,,"Miguel Ullola","sa3016504",699044
"John Klein","MIN",1,2,0,4.89239,22,0,0,0,,22,98,23,13,12,3,9,,2,19,7.49911,3.44027,2.1798,1.27951,0.190176,0.0872448,0.10293165594339371,0.264651,1.41322,0.304366,0.677286,,,4.74241,-0.0189287,-0.0616095,999,,,,,,,71.10000000000001,3.2318181818181824,76,3.4545454545454546,,,,,,,,,,,,,,,,,,,"John Klein","32155",804619
"Andrew Hoffmann","ARI",1,1,0,4.3707,21,0,0,0,,21,92,21,11,10,3,9,,1,19,8.17251,3.71821,2.19797,1.16076,0.207074,0.0942114,0.11286235600709915,0.254848,1.41445,0.301636,0.718532,,,4.33216,-0.019738,-0.0228353,999,,,,,,,71.9,3.423809523809524,74,3.5238095238095237,,,,,,,,,,,,,,,,,,,"Andrew Hoffmann","29633",694851
"Connor Seabold","TOR",1,2,0,4.88938,31,0,0,3,,31,133,32,18,17,4,10,,3,26,7.67496,3.06597,2.50327,1.3224,0.195892,0.0782542,0.1176375225186348,0.266505,1.38472,0.307458,0.673627,,,4.61494,-0.0198422,-0.114039,999,,,,,,,121.99999999999999,3.9354838709677415,128,4.129032258064516,,,,,,,,,,,,,,,,,,,"Connor Seabold","19695",657756
"Burch Smith","DET",1,1,0,4.85844,15,0,0,0,,15,65,15,9,8,2,6,,0,14,8.49049,3.88416,2.18593,1.3858,0.211528,0.0967678,0.11475975066423416,0.263629,1.48726,0.310177,0.708107,,,4.58447,-0.019876,-0.0474486,999,,,,,,,57.400000000000006,3.826666666666667,59,3.933333333333333,,,,,,,,,,,,,,,,,,,"Burch Smith","12784",572143
"Nate Pearson","HOU",1,2,0,4.64156,34,0,0,6,,34,149,32,19,17,5,16,,2,35,9.17937,4.25524,2.15719,1.36623,0.231498,0.107315,0.12418356537818909,0.24692,1.43105,0.297683,0.714368,,,4.61179,-0.0199092,-0.104234,999,,,,,,,146.90000000000003,4.320588235294118,145,4.264705882352941,,,,,,,,,,,,,,,,,,,"Nate Pearson","20160",663878
"Cole Winn","TEX",1,2,0,4.6906,30,0,0,3,,30,129,27,17,15,3,14,,2,26,7.92128,4.33567,1.827,1.02446,0.201599,0.110344,0.09125504642724991,0.238684,1.39619,0.282183,0.670822,,,4.42651,-0.0203464,-0.0960907,999,,,,,,,130.89999999999998,4.363333333333332,127,4.233333333333333,,,,,,,,,,,,,,,,,,,"Cole Winn","22113",668390
"Yilber Díaz","ARI",1,1,0,4.19355,14,0,0,0,,14,63,13,7,7,2,7,,1,14,8.60215,4.51613,1.90476,1.1828,0.215633,0.113208,0.10242587327957153,0.243077,1.44564,0.290598,0.748106,,,4.54888,-0.0205101,-0.0049864,999,,,,,,,49.20000000000003,3.5142857142857165,48,3.4285714285714284,,,,,,,,,,,,,,,,,,,"Yilber Diaz","29271",700270
"Cole Wilcox","SEA",1,1,0,4.55285,13,0,0,0,,13,59,13,7,7,2,6,,1,11,7.3545,3.93899,1.8671,1.01264,0.185965,0.0996006,0.08636394888162613,0.254268,1.42647,0.296129,0.690816,,,4.44771,-0.020994,-0.0322759,999,,,,,,,38.8,2.9846153846153842,40,3.076923076923077,,,,,,,,,,,,,,,,,,,"Cole Wilcox","27481",677961
"Anthony Molina","ATL",0,1,0,4.94619,13,0,0,0,,13,59,15,8,7,2,4,,0,9,6.07026,2.74298,2.21302,1.24976,0.153529,0.0693752,0.08415336906909943,0.276635,1.43027,0.303096,0.673946,,,4.53334,-0.021303,-0.0516188,999,,,,,,,38.599999999999994,2.969230769230769,45,3.4615384615384617,,,,,,,,,,,,,,,,,,,"Anthony Molina","26952",683627
"Luis Morales","ATH",1,2,0,4.79179,26,0,0,0,,26,113,25,15,14,4,11,,1,23,8.14148,3.94212,2.06525,1.38907,0.20688,0.100172,0.10670837759971619,0.246869,1.40211,0.284489,0.694241,,,4.70239,-0.0223186,-0.0528888,735.3200073242188,,,,,,,88.19999999999999,3.392307692307692,88,3.3846153846153846,,,,,,,,,,,,,,,,,,,"Luis Morales","32227",806960
"Angel Chivilli","NYY",1,1,0,5.08849,19,0,0,0,,19,80,18,11,10,3,7,,1,18,8.89371,3.46602,2.56597,1.55249,0.228679,0.08912,0.13955944776535034,0.249129,1.34841,0.292243,0.662977,,,4.73329,-0.0226201,-0.0526665,999,,,,,,,68.89999999999999,3.6263157894736837,68,3.5789473684210527,,,,,,,,,,,,,,,,,,,"Angel Chivilli","26790",683409
"Jason Alexander","HOU",1,1,0,4.88336,17,1,0,0,,21,93,23,12,11,3,8,,1,16,6.77208,3.29254,2.0568,1.46261,0.170185,0.082743,0.08744238317012787,0.272397,1.4556,0.300502,0.705018,,,4.97325,-0.0231111,-0.0232627,999,,,,,,,63.7,3.0333333333333337,71,3.380952380952381,,,,,,,,,,,,,,,,,,,"Jason Alexander","19666",669920
"Max Rajcic","STL",1,1,0,5.00441,12,1,0,0,,16,71,17,10,9,2,6,,1,11,5.95763,3.17741,1.875,1.3504,0.150602,0.0803213,0.07028111815452576,0.265033,1.40335,0.285714,0.673077,,,5.02734,-0.0235101,-0.0555041,999,,,,,,,50.60000000000001,3.1625000000000005,55,3.4375,,,,,,,,,,,,,,,,,,,"Max Rajcic","sa3020746",691008
"Jalen Beeks","TEX",2,3,0,4.6248,37,0,1,7,,37,160,36,21,19,5,15,,1,32,7.87551,3.54084,2.22419,1.22206,0.202209,0.0909134,0.11129514873027802,0.247698,1.3584,0.287421,0.684627,,,4.41351,-0.0235207,-0.192032,999,,,,,,,167.70000000000002,4.532432432432433,169,4.5675675675675675,,,,,,,,,,,,,,,,,,,"Jalen Beeks","17192",656222
"Juan Burgos","ARI",0,1,0,4.67269,9,0,0,0,,9,39,9,5,4,1,4,,1,7,7.51693,4.26637,1.7619,1.21896,0.185,0.105,0.07999999821186066,0.257143,1.48984,0.295455,0.711806,,,4.88654,-0.0238334,-0.0185239,999,,,,,,,29.900000000000013,3.3222222222222237,31,3.4444444444444446,,,,,,,,,,,,,,,,,,,"Juan Burgos","27271",686228
"Robinson Ortiz","SEA",2,2,0,4.38134,27,0,0,0,,27,121,23,14,13,3,15,,3,27,8.94523,4.92901,1.81481,0.912779,0.221719,0.122172,0.09954751282930374,0.227513,1.41988,0.281481,0.698413,,,4.38113,-0.0239293,-0.0495868,999,,,,,,,103.10000000000001,3.818518518518519,96,3.5555555555555554,,,,,,,,,,,,,,,,,,,"Robinson Ortiz","sa3004006",673662
"Tyler Ferguson","CHC",1,2,0,4.87879,24,0,0,0,,24,107,22,14,13,3,12,,2,24,8.74066,4.46192,1.95894,1.07296,0.221584,0.113114,0.10847008973360062,0.240146,1.41005,0.292649,0.66028,,,4.4379,-0.0244537,-0.0817794,999,,,,,,,89.50000000000001,3.7291666666666674,87,3.625,,,,,,,,,,,,,,,,,,,"Tyler Ferguson","19481",621053
"Marco Raya","MIN",1,1,0,4.93548,15,0,0,0,,15,66,15,9,8,2,7,,1,12,7.54839,4.45161,1.69565,1.16129,0.185714,0.109524,0.07619046419858932,0.253406,1.49462,0.292419,0.687398,,,4.81292,-0.024596,-0.0460904,999,,,,,,,47.400000000000006,3.1600000000000006,49,3.2666666666666666,,,,,,,,,,,,,,,,,,,"Marco Raya","sa3014550",694397
"PJ Poulin","WSN",2,2,0,4.66035,28,0,0,0,,28,125,28,16,15,4,14,,2,27,8.61514,4.36169,1.97519,1.17971,0.215686,0.109198,0.10648820549249649,0.252017,1.46522,0.303111,0.70404,,,4.53429,-0.0246465,-0.0760927,999,,,,,,,91.20000000000006,3.2571428571428593,94,3.357142857142857,,,,,,,,,,,,,,,,,,,"PJ Poulin","23394",676571
"Luis Curvelo","TEX",1,2,0,5.18453,27,0,0,0,,27,117,26,17,16,4,11,,2,24,7.87364,3.53902,2.22481,1.42658,0.202272,0.0909166,0.11135517060756683,0.249126,1.35605,0.284064,0.643574,,,4.79503,-0.0247495,-0.11792,999,,,,,,,92.00000000000003,3.4074074074074083,92,3.4074074074074074,,,,,,,,,,,,,,,,,,,"Luis Curvelo","24710",681168
"Yariel Rodríguez","TOR",1,1,0,4.61651,27,0,0,0,,27,118,24,15,14,4,13,,2,26,8.76946,4.50436,1.94688,1.31074,0.222972,0.114528,0.10844423621892929,0.235377,1.39713,0.27925,0.703615,,,4.72953,-0.0250472,-0.0530968,999,,,,,,,95.20000000000002,3.5259259259259266,90,3.3333333333333335,,,,,,,,,,,,,,,,,,,"Yariel Rodriguez","33838",684320
"Ben Peoples","CHW",1,1,0,4.92063,16,0,0,0,,16,73,16,10,9,2,8,,1,14,7.61905,4.60317,1.65517,1.26984,0.18677,0.11284,0.07392995804548264,0.257778,1.53439,0.295858,0.699208,,,4.93746,-0.0250669,-0.0625962,999,,,,,,,53.20000000000001,3.3250000000000006,55,3.4375,,,,,,,,,,,,,,,,,,,"Ben Peoples","sa3011784",687239
"Eli Morgan","KCR",1,1,0,4.67963,28,0,0,0,,28,122,28,16,15,4,10,,1,24,7.83324,3.26742,2.39738,1.39828,0.200885,0.0837936,0.11709152907133102,0.254815,1.36365,0.291355,0.696667,,,4.59982,-0.0253754,-0.0515178,999,,,,,,,100.2,3.5785714285714287,103,3.6785714285714284,,,,,,,,,,,,,,,,,,,"Eli Morgan","20203",669212
"Kyle Nicolas","BAL",1,1,0,5.24011,15,0,0,0,,15,66,14,9,9,2,9,,1,15,9.1437,5.41772,1.68774,1.2247,0.22482,0.133208,0.09161245822906494,0.244295,1.54339,0.298101,0.673027,,,4.8365,-0.0260779,-0.0520847,999,,,,,,,50.00000000000001,3.333333333333334,49,3.2666666666666666,,,,,,,,,,,,,,,,,,,"Kyle Nicolas","27775",693312
"Taijuan Walker","LAA",1,2,0,5.54667,13,2,0,0,,22,96,24,14,13,4,8,,1,15,6.26319,3.42761,1.82727,1.70134,0.156257,0.0855138,0.07074322551488876,0.275151,1.48947,0.292471,0.669148,,,5.44233,-0.0261394,-0.045256,748.25,,,,,,,54.20000000000001,2.4636363636363643,61,2.772727272727273,,,,,,,,,,,,,,,,,,,"Taijuan Walker","11836",592836
"Dan Altavilla","KCR",0,0,0,4.98845,10,0,0,0,,10,43,10,6,5,1,5,,1,8,7.27483,4.57275,1.59091,1.24711,0.182292,0.114583,0.0677083432674408,0.259036,1.50115,0.296,0.689046,,,5.08939,-0.0262474,-0.0267975,999,,,,,,,33.7,3.37,35,3.5,,,,,,,,,,,,,,,,,,,"Dan Altavilla","16507",656186
"Trent Thornton","CHC",2,2,0,4.53079,31,0,0,4,,31,130,30,17,15,4,10,,1,23,6.85147,2.87611,2.3822,1.23477,0.178735,0.0750292,0.10370533913373947,0.249835,1.29464,0.278883,0.677912,,,4.43338,-0.0267078,-0.0717797,999,,,,,,,131.2,4.232258064516128,132,4.258064516129032,,,,,,,,,,,,,,,,,,,"Trent Thornton","17948",663423
"Chase Shugart","PHI",2,2,0,4.69422,30,0,0,3,,30,129,30,17,15,5,11,,2,25,7.67695,3.30288,2.32432,1.37248,0.196323,0.0844645,0.11185841262340546,0.258336,1.37635,0.295299,0.69606,,,4.69269,-0.0272447,-0.0883275,999,,,,,,,105.5,3.5166666666666666,108,3.6,,,,,,,,,,,,,,,,,,,"Chase Shugart","21544",663767
"Mike Paredes","MIN",1,1,0,4.74603,17,0,0,0,,17,74,18,10,9,2,6,,1,12,6.25992,3.07568,2.03529,1.26646,0.158426,0.0778394,0.08058669418096542,0.270219,1.42679,0.297036,0.694103,,,4.66621,-0.0274862,-0.0462449,999,,,,,,,57.40000000000002,3.3764705882352954,62,3.6470588235294117,,,,,,,,,,,,,,,,,,,"Mike Paredes","30187",702474
"AJ Blubaugh","HOU",2,2,0,4.57025,31,0,0,4,,31,138,30,17,16,5,14,,1,28,8.14042,4.10176,1.98462,1.30224,0.206611,0.104106,0.1025046780705452,0.24466,1.4072,0.284102,0.709959,,,4.64196,-0.0276052,-0.0540326,748.5399780273438,,,,,,,116.89999999999998,3.770967741935483,117,3.774193548387097,,,,,,,,,,,,,,,,,,,"AJ Blubaugh","31764",805123
"Cam Sanders","PIT",1,1,0,4.78334,21,0,0,0,,21,94,19,12,11,2,13,,2,21,9.05769,5.64181,1.60546,1.07796,0.222358,0.138501,0.08385664224624634,0.243042,1.55072,0.300587,0.70354,,,4.82207,-0.0279877,-0.0501334,999,,,,,,,78.4,3.7333333333333334,76,3.619047619047619,,,,,,,,,,,,,,,,,,,"Cam Sanders","23479",676742
"Domingo Gonzalez","SEA",1,1,0,4.31896,20,0,0,0,,20,88,19,11,10,2,9,,2,18,8.19534,4.07794,2.00968,1.01291,0.208927,0.10396,0.10496632009744644,0.245415,1.38786,0.29515,0.704095,,,4.39386,-0.0285034,-0.0571137,999,,,,,,,77,3.85,77,3.85,,,,,,,,,,,,,,,,,,,"Domingo Gonzalez","25241",682445
"Rolddy Muñoz","ATL",0,1,0,4.8107,11,0,0,0,,11,50,11,6,6,1,6,,1,10,7.94813,4.61641,1.72171,1.19998,0.19623,0.113973,0.08225606381893158,0.259434,1.52953,0.304358,0.706346,,,4.81616,-0.0287604,-0.0201906,999,,,,,,,39.50000000000001,3.5909090909090917,41,3.727272727272727,,,,,,,,,,,,,,,,,,,"Rolddy Munoz","27407",691548
"Valente Bellozo","COL",0,1,0,5.63134,11,0,0,0,,11,49,13,7,7,2,4,,0,8,6.22396,3.1719,1.96222,1.81366,0.154425,0.0786993,0.07572577893733978,0.284045,1.51401,0.300362,0.676926,,,5.50636,-0.0288217,-0.0258143,999,,,,,,,27.000000000000007,2.454545454545455,33,3,,,,,,,,,,,,,,,,,,,"Valente Bellozo","23899",678368
"Mason Black","KCR",1,2,0,4.9008,30,0,0,3,,30,132,30,18,16,4,13,,2,25,7.46717,3.84371,1.9427,1.22914,0.188296,0.0969248,0.09137086570262909,0.258572,1.43803,0.297055,0.678637,,,4.70894,-0.0313668,-0.107825,999,,,,,,,111.80000000000001,3.726666666666667,115,3.8333333333333335,,,,,,,,,,,,,,,,,,,"Mason Black","30171",696131
"Seth Johnson","PHI",1,1,0,5.02231,16,0,0,0,,16,72,16,10,9,2,8,,0,14,8.12725,4.58489,1.77262,1.35641,0.200651,0.113195,0.08745628595352173,0.256953,1.52886,0.298156,0.699847,,,4.85574,-0.0315192,-0.0647749,999,,,,,,,56.20000000000001,3.5125000000000006,58,3.625,,,,,,,,,,,,,,,,,,,"Seth Johnson","26020",686751
"Cameron Weston","BAL",1,2,0,4.93851,25,1,0,0,,30,130,30,18,16,4,12,,3,25,7.567,3.57726,2.11531,1.32991,0.19233,0.0909227,0.10140688717365265,0.258736,1.40322,0.295996,0.674371,,,4.79586,-0.0318287,-0.0926132,999,,,,,,,99.80000000000001,3.326666666666667,103,3.433333333333333,,,,,,,,,,,,,,,,,,,"Cameron Weston","31696",687721
"Victor Mederos","ATL",1,1,0,5.11613,12,0,0,0,,12,54,13,8,7,2,5,,1,9,6.55003,3.7929,1.72692,1.23826,0.164333,0.0951598,0.06917332112789154,0.267761,1.46369,0.298855,0.665423,,,5.04488,-0.0319089,-0.0662638,999,,,,,,,30.40000000000002,2.533333333333335,34,2.8333333333333335,,,,,,,,,,,,,,,,,,,"Victor Mederos","31533",682989
"Tyler Gilbert","CHW",1,2,0,5.3432,32,0,0,4,,32,142,33,21,19,5,13,,1,29,8.05987,3.71564,2.16917,1.45273,0.202516,0.093361,0.10915514081716537,0.261271,1.45142,0.30059,0.657811,,,4.75154,-0.0320942,-0.155072,999,,,,,,,121.50000000000001,3.7968750000000004,127,3.96875,,,,,,,,,,,,,,,,,,,"Tyler Gilbert","17964",656457
"Jayden Murray","HOU",1,1,0,4.61077,24,0,0,0,,24,106,24,13,12,3,11,,2,19,7.23205,3.94673,1.83242,1.07342,0.183217,0.0999866,0.08323058485984802,0.254277,1.41865,0.293634,0.688512,,,4.64049,-0.03218,-0.0369047,999,,,,,,,77.30000000000001,3.2208333333333337,80,3.3333333333333335,,,,,,,,,,,,,,,,,,,"Jayden Murray","26482",681151
"Carson Palmquist","WSN",0,1,0,5.2568,12,0,0,0,,12,56,12,8,7,2,6,,1,11,8.429,4.53172,1.86,1.45015,0.206208,0.110865,0.095343679189682,0.257653,1.52064,0.300353,0.684292,,,5.10727,-0.032432,-0.0674551,999,,,,,,,34.000000000000014,2.8333333333333344,35,2.9166666666666665,,,,,,,,,,,,,,,,,,,"Carson Palmquist","31612",687223
"Gavin Hollowell","CHC",1,1,0,5.08835,16,0,0,0,,16,70,14,10,9,2,9,,1,16,9.22991,4.93387,1.87072,1.18188,0.231892,0.123959,0.10793368518352509,0.237727,1.44743,0.292455,0.659154,,,4.67908,-0.033438,-0.0752267,999,,,,,,,59.40000000000001,3.712500000000001,56,3.5,,,,,,,,,,,,,,,,,,,"Gavin Hollowell","25427",668970
"Connor Phillips","CIN",1,2,0,5.28988,22,0,0,0,,22,102,20,14,13,3,14,,2,24,9.58799,5.78484,1.65743,1.22274,0.235203,0.141908,0.09329520165920258,0.239131,1.55201,0.29733,0.670534,,,4.92002,-0.034381,-0.0833839,999,,,,,,,73.9,3.3590909090909093,71,3.227272727272727,,,,,,,,,,,,,,,,,,,"Connor Phillips","27649",683175
"Eric Lauer","LAD",2,3,0,5.58791,25,2,0,0,,34,150,38,23,21,7,12,,1,29,7.68499,3.20766,2.39582,1.90255,0.192144,0.0801995,0.11194425821304321,0.275017,1.47457,0.302204,0.678509,,,5.27818,-0.0353674,-0.232753,720.5399780273438,,,,,,,85.70000000000003,2.5205882352941185,98,2.8823529411764706,,,,,,,,,,,,,,,,,,,"Eric Lauer","19316",641778
"Samy Natera Jr.","LAA",0,1,0,5.33214,12,0,0,0,,12,56,11,8,7,2,8,,1,13,9.37163,5.6553,1.65714,1.45422,0.228346,0.137795,0.09055118262767792,0.242991,1.56194,0.292517,0.685484,,,5.2756,-0.0353955,-0.0597135,999,,,,,,,34.60000000000001,2.883333333333334,33,2.75,,,,,,,,,,,,,,,,,,,"Samy Natera Jr.","sa3020862",696519
"Ricky Vanasco","DET",1,2,0,5.00063,20,0,0,0,,20,88,19,12,11,3,11,,1,19,8.58681,5.00897,1.71429,1.36457,0.21214,0.123748,0.08839161694049835,0.248083,1.52413,0.291987,0.701438,,,4.9578,-0.036309,-0.0632648,999,,,,,,,63.699999999999996,3.1849999999999996,63,3.15,,,,,,,,,,,,,,,,,,,"Ricky Vanasco","23391",676568
"Tyler Zuber","MIA",1,1,0,4.71429,28,0,0,0,,28,126,28,16,15,4,14,,1,26,8.35714,4.5,1.85714,1.28571,0.207447,0.111702,0.09574467688798904,0.253012,1.5,0.297521,0.714286,,,4.67467,-0.0363503,-0.069446,999,,,,,,,92.20000000000006,3.292857142857145,95,3.392857142857143,,,,,,,,,,,,,,,,,,,"Tyler Zuber","20379",676604
"Carlos Carrasco","ATL",1,1,0,5.44991,15,0,0,0,,15,66,18,10,9,3,5,,1,11,6.83202,2.90861,2.34889,1.55078,0.168734,0.0718357,0.09689877182245255,0.29366,1.53216,0.325433,0.677,,,4.97085,-0.0365722,-0.0828298,999,,,,,,,31.299999999999997,2.0866666666666664,40,2.6666666666666665,,,,,,,,,,,,,,,,,,,"Carlos Carrasco","6632",471911
"Tyler Schweitzer","CHW",1,1,0,5.02331,20,0,0,0,,20,90,22,12,11,3,8,,0,14,6.32438,3.46315,1.82619,1.36052,0.158174,0.086614,0.07155963033437729,0.27084,1.47836,0.295997,0.688138,,,4.87788,-0.0366025,-0.0632418,999,,,,,,,57.89999999999999,2.8949999999999996,65,3.25,,,,,,,,,,,,,,,,,,,"Tyler Schweitzer","31920",805326
"Mitch Farris","LAA",1,2,0,5.23678,33,0,0,4,,33,146,34,21,19,5,14,,1,31,8.41427,3.80646,2.21053,1.44488,0.210856,0.0953874,0.11546890437602997,0.260455,1.46182,0.303582,0.670427,,,4.65605,-0.0371665,-0.134626,999,,,,,,,127.30000000000004,3.8575757575757588,133,4.03030303030303,,,,,,,,,,,,,,,,,,,"Mitch Farris","33628",815083
"Jose Franco","CIN",1,1,0,5.6697,19,0,0,0,,19,84,19,13,12,3,10,,1,17,7.97632,4.66805,1.7087,1.47587,0.196301,0.114883,0.08141785860061646,0.259779,1.54362,0.297374,0.653612,,,5.17056,-0.0393115,-0.0983854,999,,,,,,,55.29999999999999,2.910526315789473,57,3,,,,,,,,,,,,,,,,,,,"Jose Franco","27014",683742
"Justin Bruihl","STL",1,2,0,4.45716,34,0,0,7,,34,148,33,18,17,3,14,,5,29,7.57725,3.77697,2.00617,0.827669,0.193494,0.0964494,0.09704478830099106,0.254579,1.38294,0.305733,0.67345,,,4.3169,-0.0394653,-0.0819827,999,,,,,,,157.90000000000003,4.644117647058825,160,4.705882352941177,,,,,,,,,,,,,,,,,,,"Justin Bruihl","23779",677865
"Chris Roycroft","STL",2,2,0,4.62177,31,0,0,3,,31,141,32,18,16,3,16,,1,25,7.19205,4.49816,1.59889,0.927198,0.178008,0.111333,0.06667548418045044,0.25902,1.52123,0.301978,0.699381,,,4.48151,-0.0397078,-0.148111,999,,,,,,,120.29999999999997,3.8806451612903214,127,4.096774193548387,,,,,,,,,,,,,,,,,,,"Chris Roycroft","31261",688297
"Zach Maxwell","CIN",1,2,0,5.17056,32,0,0,4,,32,146,31,20,19,5,19,,1,35,9.64152,5.24411,1.83854,1.42028,0.237918,0.129406,0.1085120439529419,0.241508,1.52537,0.293495,0.690648,,,4.81031,-0.0399404,-0.110691,999,,,,,,,120.70000000000002,3.7718750000000005,121,3.78125,,,,,,,,,,,,,,,,,,,"Zach Maxwell","31610",687209
"Bradley Blalock","MIA",1,1,0,5.22212,15,0,0,0,,15,65,16,9,9,2,6,,0,10,5.95648,3.6718,1.62222,1.38713,0.148374,0.0914634,0.05691056698560715,0.27027,1.49592,0.29096,0.679887,,,5.08874,-0.0404933,-0.0501752,999,,,,,,,46.800000000000004,3.12,51,3.4,,,,,,,,,,,,,,,,,,,"Bradley Blalock","26419",687134
"Cionel Pérez","NYM",2,2,0,4.57024,30,0,0,3,,30,132,27,16,15,3,17,,1,25,7.54016,5.04858,1.49352,0.806044,0.188001,0.125878,0.06212344765663147,0.24086,1.48733,0.286702,0.686789,,,4.42254,-0.0428857,-0.0791468,999,,,,,,,122.89999999999999,4.096666666666667,119,3.966666666666667,,,,,,,,,,,,,,,,,,,"Cionel Perez","19614",672335
"Alec Gamboa","BOS",1,2,0,5.00875,17,0,0,0,,17,80,19,11,10,2,9,,1,11,5.88555,4.78298,1.23052,1.02492,0.14236,0.115691,0.02666895091533661,0.272899,1.62966,0.302275,0.696993,,,4.984,-0.044557,-0.0653219,999,,,,,,,43.80000000000002,2.576470588235295,51,3,,,,,,,,,,,,,,,,,,,"Alec Gamboa","26227",687941
"Brandan Bidois","PIT",1,3,0,4.84545,32,0,0,4,,32,141,30,19,17,5,16,,1,32,8.95209,4.61662,1.9391,1.45009,0.224332,0.115689,0.10864356905221939,0.243733,1.45982,0.287919,0.708624,,,4.85585,-0.0467656,-0.0979183,999,,,,,,,126.30000000000001,3.9468750000000004,124,3.875,,,,,,,,,,,,,,,,,,,"Brandan Bidois","28052",684049
"Albert Suárez","BAL",1,2,0,5.22802,28,0,0,0,,28,127,32,18,16,5,11,,1,22,6.964,3.5369,1.96896,1.4822,0.17156,0.0871324,0.08442758023738861,0.280606,1.54294,0.311829,0.69457,,,4.93313,-0.0490035,-0.133744,999,,,,,,,70.50000000000001,2.5178571428571432,83,2.9642857142857144,,,,,,,,,,,,,,,,,,,"Albert Suarez","6175",544150
"Wilkin Ramos","SFG",2,3,0,4.52065,33,0,0,5,,33,147,32,18,17,3,17,,3,26,7.13142,4.50853,1.58176,0.779778,0.177984,0.112523,0.06546128541231155,0.254533,1.48456,0.300457,0.688488,,,4.4076,-0.0497135,-0.076875,999,,,,,,,136.10000000000002,4.124242424242425,138,4.181818181818182,,,,,,,,,,,,,,,,,,,"Wilkin Ramos","23988",678576
"Tejay Antone","CIN",1,2,0,5.43732,37,0,1,8,,37,166,38,25,23,5,17,,4,33,7.9231,3.97639,1.99254,1.21666,0.19853,0.0996368,0.09889322519302368,0.262548,1.46407,0.308218,0.633339,,,4.72216,-0.0505837,-0.405888,999,,,,,,,153.5,4.148648648648648,160,4.324324324324325,,,,,,,,,,,,,,,,,,,"Tejay Antone","16233",622088
"Luis Peralta","CHC",1,1,0,5.57223,13,0,0,0,,13,63,13,9,8,2,9,,2,13,8.78049,5.74109,1.52941,1.35084,0.208,0.136,0.07199999690055847,0.252381,1.63227,0.3,0.672823,,,5.35465,-0.0510196,-0.0880692,999,,,,,,,30.799999999999997,2.369230769230769,32,2.4615384615384617,,,,,,,,,,,,,,,,,,,"Luis Peralta","24203",678821
"Drew Pomeranz","LAA",2,3,0,4.87889,35,0,1,7,,35,154,35,21,19,6,14,,4,35,8.76155,3.6163,2.42279,1.44918,0.223508,0.092252,0.1312556341290474,0.254898,1.38288,0.302117,0.685681,,,4.76958,-0.0510849,-0.242975,735.6199951171875,,,,,,,143.2,4.091428571428571,146,4.171428571428572,,,,,,,,,,,,,,,,,,,"Drew Pomeranz","11426",519141
"TJ Shook","COL",2,3,0,5.09204,31,0,0,2,,31,136,33,19,17,4,12,,3,23,6.83506,3.48454,1.96154,1.20619,0.170852,0.0871013,0.08375120162963867,0.27508,1.47884,0.311422,0.66903,,,4.75617,-0.0517474,-0.0613778,999,,,,,,,103.39999999999999,3.3354838709677415,112,3.6129032258064515,,,,,,,,,,,,,,,,,,,"TJ Shook","27567",669298
"Gavin Collyer","TEX",1,2,0,5.22665,25,0,0,0,,25,112,23,16,14,3,16,,4,25,9.00855,5.74006,1.56942,1.10874,0.22118,0.140932,0.08024874329566956,0.245078,1.55032,0.303674,0.667041,,,5.10899,-0.0531592,-0.117056,999,,,,,,,78.3,3.1319999999999997,76,3.04,,,,,,,,,,,,,,,,,,,"Gavin Collyer","26349",686560
"Luis Mey","CIN",1,3,0,5.49882,26,0,0,0,,26,120,25,17,16,4,18,,3,28,9.64908,6.06594,1.5907,1.31194,0.233683,0.146906,0.08677694201469421,0.246085,1.60977,0.305639,0.672737,,,5.20987,-0.0547415,-0.11176,999,,,,,,,71.19999999999999,2.738461538461538,71,2.730769230769231,,,,,,,,,,,,,,,,,,,"Luis Mey","25620",682825
"Hunter Parks","CIN",0,1,0,6.31879,11,0,0,0,,11,53,11,9,8,2,7,,1,9,7.17268,5.97723,1.2,1.537,0.167331,0.139442,0.027888447046279907,0.258373,1.6888,0.28481,0.641361,,,6.12032,-0.0564162,-0.0991473,999,,,,,,,22.200000000000003,2.0181818181818185,23,2.090909090909091,,,,,,,,,,,,,,,,,,,"Hunter Parks","sa3017640",688609
"Josh Simpson","SEA",2,2,0,4.84836,26,0,0,0,,26,113,24,15,14,4,13,,2,28,9.93034,4.66269,2.12975,1.37225,0.249981,0.117376,0.1326049268245697,0.240116,1.43619,0.298172,0.695687,,,4.64928,-0.0582387,-0.0968014,999,,,,,,,91.79999999999998,3.53076923076923,89,3.423076923076923,,,,,,,,,,,,,,,,,,,"Josh Simpson","25957",681006
"Wikelman González","CHW",1,1,0,5.3973,19,0,0,0,,19,88,19,12,11,3,12,,1,18,8.63568,5.53223,1.56098,1.48426,0.208469,0.13355,0.07491856813430786,0.249042,1.58921,0.290323,0.695364,,,5.3971,-0.0583136,-0.0780749,999,,,,,,,51.29999999999999,2.6999999999999993,53,2.789473684210526,,,,,,,,,,,,,,,,,,,"Wikelman Gonzalez","26641",682790
"Wyatt Mills","LAD",1,1,0,5.58101,15,0,0,0,,15,66,15,10,9,2,8,,2,13,7.70241,5.05856,1.52265,1.35718,0.189248,0.124289,0.06495936959981918,0.259474,1.55202,0.298779,0.654771,,,5.47292,-0.0584742,-0.0858161,999,,,,,,,43.400000000000006,2.8933333333333335,45,3,,,,,,,,,,,,,,,,,,,"Wyatt Mills","20010",670090
"Ryan Zeferjahn","LAA",2,3,0,4.70991,37,0,0,8,,37,164,31,21,20,5,21,,5,42,10.1953,5.18015,1.96815,1.11082,0.257813,0.130993,0.12682074308395386,0.228293,1.41547,0.295721,0.681306,,,4.58678,-0.0631356,-0.119525,999,,,,,,,169.70000000000002,4.586486486486487,158,4.27027027027027,,,,,,,,,,,,,,,,,,,"Ryan Zeferjahn","25420",666171
"Eric Cerantola","KCR",1,1,0,5.01228,24,0,0,0,,24,109,23,15,14,4,14,,2,25,9.25782,5.08528,1.82051,1.34738,0.230281,0.126492,0.10378853976726532,0.242912,1.49134,0.294725,0.691238,,,4.95288,-0.0632692,-0.0818806,999,,,,,,,70.60000000000004,2.941666666666668,70,2.9166666666666665,,,,,,,,,,,,,,,,,,,"Eric Cerantola","30128",672021
"Yovanny Cruz","NYY",1,2,0,5.05662,26,0,0,0,,26,114,24,16,15,4,13,,4,25,8.82701,4.58727,1.92424,1.33795,0.222538,0.11565,0.10688825696706772,0.24613,1.43383,0.295393,0.671555,,,5.03198,-0.065155,-0.100925,999,,,,,,,79.79999999999998,3.0692307692307685,77,2.9615384615384617,,,,,,,,,,,,,,,,,,,"Yovanny Cruz","22622",672442
"Tommy Kahnle","BOS",2,2,0,4.57186,36,0,0,7,,36,157,34,20,18,4,18,,1,30,7.57981,4.62385,1.63929,1.08991,0.190107,0.115969,0.07413748651742935,0.244447,1.46124,0.283714,0.703789,,,4.65554,-0.0659654,-0.036886,748.510009765625,,,,,,,159.80000000000004,4.43888888888889,159,4.416666666666667,,,,,,,,,,,,,,,,,,,"Tommy Kahnle","11384",592454
"Cade Gibson","MIA",2,2,0,4.44572,32,0,0,3,,32,139,32,17,16,4,13,,4,26,7.33816,3.58732,2.04558,1.09357,0.186656,0.0912482,0.0954076424241066,0.259975,1.40077,0.301801,0.701939,,,4.592,-0.0705713,-0.0391708,999,,,,,,,117.40000000000002,3.6687500000000006,121,3.78125,,,,,,,,,,,,,,,,,,,"Cade Gibson","31815",806188
"Michael Kopech",,1,1,0,4.42977,17,0,0,0,,17,74,14,9,9,3,9,,1,19,9.72389,4.7539,2.04545,1.40456,0.252101,0.123249,0.1288515254855156,0.224026,1.35654,0.273171,0.727848,,,4.7359,-0.0709236,-0.0167507,999,,,,,,,60.50000000000001,3.558823529411765,54,3.176470588235294,,,,,,,,,,,,,,,,,,,"Michael Kopech","17282",656629
"Blas Castaño","COL",1,2,0,6.39866,26,0,2,0,,26,120,34,20,18,4,10,,3,17,6.13066,3.58139,1.71181,1.38659,0.145464,0.0849769,0.06048741936683655,0.317087,1.71709,0.350405,0.628952,,,5.31145,-0.0768805,-0.153614,999,,,,,,,59.79999999999998,2.2999999999999994,83,3.1923076923076925,,,,,,,,,,,,,,,,,,,"Blas Castano","26117",680604
"Trevor Martin","TBR",1,2,0,5.34241,27,0,0,0,,27,120,30,18,16,5,9,,2,22,7.24948,3.11111,2.33019,1.71209,0.183041,0.078552,0.10448896139860153,0.272592,1.43325,0.299711,0.675306,,,5.19797,-0.0831295,-0.135909,999,,,,,,,71.30000000000001,2.6407407407407413,81,3,,,,,,,,,,,,,,,,,,,"Trevor Martin","31878",694680
"Beau Brieske","DET",1,2,0,5.23674,32,0,0,3,,32,141,32,20,18,5,15,,1,27,7.65791,4.30064,1.78065,1.44279,0.191514,0.107553,0.08396076411008835,0.252207,1.47359,0.284458,0.673362,,,4.96994,-0.0869258,-0.180811,999,,,,,,,110.10000000000001,3.4406250000000003,113,3.53125,,,,,,,,,,,,,,,,,,,"Beau Brieske","26079",689225
"Brandyn Garcia","ARI",2,2,0,4.39568,36,0,0,7,,36,156,34,19,17,3,16,,6,31,7.69178,3.89886,1.97283,0.815795,0.19582,0.0992584,0.09656116366386414,0.255307,1.39571,0.308657,0.681608,,,4.35578,-0.0870315,-0.0387664,999,,,,,,,165.10000000000002,4.586111111111112,165,4.583333333333333,,,,,,,,,,,,,,,,,,,"Brandyn Garcia","33568",805299
"Nick Davila","SEA",1,2,0,4.77533,29,0,0,3,,29,129,31,17,16,4,11,,1,20,6.03462,3.2858,1.83658,1.1251,0.1527,0.0831439,0.06955613940954208,0.266163,1.42833,0.293273,0.679478,,,4.57639,-0.0917514,-0.169076,999,,,,,,,100.80000000000004,3.4758620689655184,109,3.7586206896551726,,,,,,,,,,,,,,,,,,,"Nick Davila","27741",689546
"Steven Cruz","KCR",1,2,0,5.13086,34,0,0,6,,34,148,31,21,19,5,17,,2,35,9.35278,4.49197,2.08211,1.4622,0.235876,0.113287,0.12258918583393097,0.241351,1.43031,0.289366,0.673929,,,4.77913,-0.0978083,-0.194303,999,,,,,,,146.50000000000003,4.308823529411765,142,4.176470588235294,,,,,,,,,,,,,,,,,,,"Steven Cruz","23165",674444
"Shaun Anderson","LAA",1,2,0,5.45864,31,0,0,3,,31,136,36,20,19,5,10,,1,21,6.24499,2.80562,2.22589,1.58083,0.156286,0.0702127,0.08607291430234909,0.284245,1.47592,0.306411,0.663946,,,5.03141,-0.10529,-0.197213,999,,,,,,,95.29999999999998,3.0741935483870964,111,3.5806451612903225,,,,,,,,,,,,,,,,,,,"Shaun Anderson","19453",641312
"Yoendrys Gómez","MIN",1,2,0,4.90052,39,0,8,6,,39,170,38,23,21,6,18,,3,39,9.06248,4.06866,2.22739,1.364,0.229056,0.102836,0.12621992081403732,0.251053,1.42185,0.302558,0.686137,,,4.65917,-0.110802,-0.335205,999,,,,,,,195,5,196,5.0256410256410255,,,,,,,,,,,,,,,,,,,"Yoendrys Gomez","22872",672782
"Beck Way","KCR",1,3,0,5.53223,32,0,0,4,,32,148,32,21,20,4,18,,5,21,6.07196,5.12744,1.18421,1.07946,0.144695,0.122187,0.022508032619953156,0.258555,1.58921,0.285714,0.654008,,,5.47206,-0.125083,-0.138331,999,,,,,,,93.40000000000002,2.9187500000000006,97,3.03125,,,,,,,,,,,,,,,,,,,"Beck Way","sa3014462",694360
"Ryan Rolison","CHC",2,2,0,4.77481,34,0,0,6,,34,150,35,20,18,5,14,,0,27,7.23168,3.59963,2.00901,1.32959,0.183002,0.0910909,0.09191152453422546,0.257334,1.42353,0.289405,0.696028,,,4.65624,-0.140367,-0.223139,999,,,,,,,135.10000000000002,3.9735294117647064,141,4.147058823529412,,,,,,,,,,,,,,,,,,,"Ryan Rolison","22200",669020
"Robby Ahlstrom","TEX",1,2,0,4.98273,36,0,1,7,,36,162,36,22,20,5,19,,2,33,8.06319,4.61153,1.74848,1.22974,0.200953,0.11493,0.08602308481931686,0.250323,1.48732,0.29289,0.683274,,,4.77861,-0.153879,-0.286691,999,,,,,,,147.30000000000004,4.091666666666668,151,4.194444444444445,,,,,,,,,,,,,,,,,,,"Robby Ahlstrom","30167",695239
"Antonio Senzatela","COL",2,4,0,5.32163,43,1,10,5,,47,215,58,30,28,7,17,,2,30,5.65928,3.1752,1.78234,1.25182,0.138449,0.0776782,0.06077084690332413,0.295977,1.57914,0.322103,0.67641,,,4.84913,-0.157133,-0.29293,999,,,,,,,183.90000000000003,3.912765957446809,217,4.617021276595745,,,,,,,,,,,,,,,,,,,"Antonio Senzatela","15488",622608
"William Kempner","MIA",2,3,0,5.00187,34,0,0,6,,34,153,32,21,19,5,19,,5,33,8.71285,4.89924,1.77841,1.22481,0.217133,0.122094,0.0950392559170723,0.248994,1.48508,0.30092,0.680534,,,4.97757,-0.202664,-0.248295,999,,,,,,,124.90000000000002,3.6735294117647066,123,3.6176470588235294,,,,,,,,,,,,,,,,,,,"William Kempner","31615",687531
"Caleb Kilian","SFG",2,3,0,4.81259,38,0,8,6,,38,170,40,22,21,5,15,,2,33,7.62076,3.53625,2.15504,1.16961,0.191908,0.0890508,0.10285713523626328,0.264829,1.44338,0.307875,0.683463,,,4.43632,-0.2261,-0.417591,999,,,,,,,194.7,5.123684210526315,204,5.368421052631579,,,,,,,,,,,,,,,,,,,"Caleb Kilian","26213",668873
"Tony Santillan","CIN",2,3,0,5.28196,42,0,5,7,,42,187,40,27,25,8,20,,3,44,9.30196,4.30967,2.15839,1.63014,0.234822,0.108795,0.1260269433259964,0.245427,1.42628,0.289646,0.67226,,,5.01413,-0.239764,-0.578457,718.1199951171875,,,,,,,180.39999999999998,4.295238095238095,178,4.238095238095238,,,,,,,,,,,,,,,,,,,"Tony Santillan","19926",663574
"Cole Henry","WSN",1,2,0,5.47691,37,0,2,9,,37,166,34,25,23,6,21,,6,38,9.09285,5.18759,1.75281,1.47176,0.22647,0.129204,0.09726575016975403,0.243655,1.48625,0.291495,0.655994,,,5.38941,-0.413664,-0.727071,736.2100219726562,,,,,,,152.6,4.124324324324324,148,4,,,,,,,,,,,,,,,,,,,"Cole Henry","27570",669371