Name,Team,G,PA,AB,H,1B,2B,3B,HR,R,RBI,BB,IBB,SO,HBP,SF,SH,GDP,SB,CS,AVG,BB%,K%,BB/K,OBP,SLG,wOBA,OPS,ISO,Spd,BABIP,UBR,wSB,wRC,wRAA,wRC+,BsR,Fld,Off,Def,WAR,ADP,InterSD,InterSK,IntraSD,Vol,Skew,Dim,FPTS,FPTS/G,SPTS,SPTS/G,P10,P20,P30,P40,P50,P60,P70,P80,P90,TT10,TT20,TT30,TT40,TT50,TT60,TT70,TT80,TT90,NameASCII,PlayerId,MLBAMID
"Bobby Witt Jr.","KCR",64,277,250,72,43,15,3,11,40,36,23,2,48,2,2,0,,16,4,0.288031,0.0820909,0.173153,0.474095,0.349682,0.498186,0.363326,0.847869,0.210156,7.00172,0.317298,0,1.26544,43.4033,10.3858,130.29,1.26544,4.87912,11.120658159255981,7.843012094497681,2.91604,3.0999999046325684,,,,,,,411.4,6.428125,411.4,6.428125,,,,,,,,,,,,,,,,,,,"Bobby Witt Jr.","25764",677951
"Pete Crow-Armstrong","CHC",64,275,247,66,39,12,3,12,41,39,20,1,69,5,2,2,,14,4,0.266659,0.0711218,0.250025,0.284459,0.330885,0.483925,0.3511,0.81481,0.217266,7.48298,0.320328,0,0.995753,40.4225,7.59579,123.531,0.995753,6.77102,8.829687297344208,7.753271102905273,2.58578,32.939998626708984,,,,,,,377.7,5.9015625,377.7,5.9015625,,,,,,,,,,,,,,,,,,,"Pete Crow-Armstrong","27769",691718
"Juan Soto","NYM",63,274,221,61,35,9,1,16,42,42,51,4,45,1,2,0,,8,2,0.276038,0.184569,0.163067,1.13185,0.410684,0.537483,0.405015,0.948167,0.261444,4.95472,0.280207,0,0.421084,52.222,19.5448,161.183,0.421084,-2.20274,20.69750079512596,-5.462002515792847,2.44532,4.650000095367432,,,,,,,468.4,7.434920634,468.4,7.434920634,,,,,,,,,,,,,,,,,,,"Juan Soto","20123",665742
"Shohei Ohtani","LAD",63,274,231,66,35,11,2,18,50,48,38,7,65,2,2,0,,9,2,0.286277,0.139897,0.238767,0.585913,0.390399,0.579558,0.406082,0.969957,0.293281,6.32469,0.323599,0,0.738743,52.4592,19.782,159.138,0.738743,0,20.33720225095749,-6.844444274902344,2.26899,1.2699999809265137,,,,,,,482.6,7.66031746,482.6,7.66031746,,,,,,,,,,,,,,,,,,,"Shohei Ohtani","19755",660271
"Yordan Alvarez","HOU",58,253,215,64,36,12,0,16,37,41,33,6,44,3,2,0,,1,0,0.299362,0.132508,0.175225,0.756212,0.399053,0.57543,0.410073,0.974482,0.276068,2.29408,0.311404,0,-0.317788,49.2542,19.0835,166.193,-0.317788,-0.0345937,19.361975729465485,-6.033050674945116,2.25995,33.38999938964844,,,,,,,438.5,7.560344827,438.5,7.560344827,,,,,,,,,,,,,,,,,,,"Yordan Alvarez","19556",670541
"Kevin McGonigle","DET",64,278,241,64,40,14,2,7,39,32,34,0,37,2,1,0,,6,2,0.263868,0.12276,0.133932,0.916586,0.357879,0.431934,0.348791,0.789813,0.168066,5.38074,0.284539,0,0.124431,40.327,7.15471,123.057,0.124431,1.18432,7.661348216235638,3.5210527181625366,2.13344,999,,,,,,,349,5.453125,349,5.453125,,,,,,,,,,,,,,,,,,,"Kevin McGonigle","33572",805808
"Wyatt Langford","TEX",59,255,225,61,36,12,2,12,36,36,26,1,57,2,1,0,,8,2,0.269049,0.103715,0.22279,0.465527,0.349238,0.48985,0.362192,0.839088,0.220801,5.80476,0.310178,0,0.625575,39.7382,9.33029,133.983,0.625575,3.59451,10.808563113212585,1.030308723449707,2.11636,37.75,,,,,,,369.2,6.257627118,369.2,6.257627118,,,,,,,,,,,,,,,,,,,"Wyatt Langford","33333",694671
"Junior Caminero","TBR",66,286,258,70,41,12,0,17,39,48,25,2,53,1,2,0,,2,1,0.273054,0.0872899,0.186362,0.468388,0.338653,0.520087,0.366534,0.85874,0.247033,3.03646,0.281899,0,-0.207836,45.6538,11.4913,134.665,-0.207836,-2.33332,11.461861222982407,-1.651835322380066,2.0245,16.479999542236328,,,,,,,407.6,6.175757575,407.6,6.175757575,,,,,,,,,,,,,,,,,,,"Junior Caminero","28163",691406
"Elly De La Cruz","CIN",65,279,249,67,40,13,3,11,43,38,26,2,76,1,2,0,,16,4,0.268052,0.09481,0.273073,0.347196,0.339565,0.475363,0.351089,0.814929,0.207312,7.44783,0.341461,0,1.13727,41.0233,7.7066,116.924,1.13727,1.09812,6.85573422908783,3.774045944213867,1.99702,8.449999809265137,,,,,,,384.6,5.916923076,384.6,5.916923076,,,,,,,,,,,,,,,,,,,"Elly De La Cruz","26668",682829
"Francisco Lindor","NYM",63,271,240,61,38,11,1,10,39,33,24,1,49,5,1,0,,8,2,0.252423,0.0904019,0.181263,0.498734,0.331435,0.43376,0.334874,0.765195,0.181336,5.94669,0.277937,0,0.64292,36.2502,3.91338,114.14,0.64292,2.30057,5.280286371707916,4.9996397495269775,1.93452,25.350000381469727,,,,,,,329.8,5.234920634,329.8,5.234920634,,,,,,,,,,,,,,,,,,,"Francisco Lindor","12916",596019
"Gunnar Henderson","BAL",63,274,244,62,37,12,2,11,38,33,26,1,60,3,1,0,,7,2,0.254985,0.093228,0.217721,0.4282,0.331068,0.456406,0.341395,0.787475,0.201421,5.99638,0.293241,0,0.322512,38.0814,5.40419,119.668,0.322512,-0.232018,6.655738055706024,2.7013156712055206,1.93381,12.510000228881836,,,,,,,347.5,5.515873015,347.5,5.515873015,,,,,,,,,,,,,,,,,,,"Gunnar Henderson","26289",683002
"Corbin Carroll","ARI",63,272,237,61,32,12,6,10,44,36,30,1,60,4,2,1,,12,2,0.255806,0.109144,0.221846,0.491981,0.345954,0.487835,0.358736,0.833789,0.232028,8.04749,0.29912,0,1.19608,41.6841,9.20292,125.906,1.19608,3.25364,9.730032086372375,0.4619717597961426,1.92962,14.100000381469727,,,,,,,386.8,6.139682539,386.8,6.139682539,,,,,,,,,,,,,,,,,,,"Corbin Carroll","25878",682998
"Fernando Tatis Jr.","SDP",65,281,247,68,45,13,1,9,40,33,29,2,56,3,2,0,,12,4,0.274049,0.104209,0.200358,0.520115,0.354449,0.446218,0.349184,0.800666,0.172169,5.49348,0.31781,0,0.468348,40.8367,7.31889,124.171,0.468348,3.75613,8.684786766767502,0.8714053630828857,1.89396,14.010000228881836,,,,,,,369.4,5.683076923,369.4,5.683076923,,,,,,,,,,,,,,,,,,,"Fernando Tatis Jr.","19709",665487
"Julio Rodríguez","SEA",57,245,223,60,39,10,1,10,34,33,18,1,54,3,1,0,,9,2,0.268087,0.0735065,0.219649,0.334654,0.330586,0.457326,0.340939,0.787911,0.189238,5.29983,0.309567,0,0.556228,34.0236,4.75026,124.502,0.556228,1.131,7.624181628227234,1.9254447221755981,1.85047,9.489999771118164,,,,,,,316.2,5.547368421,316.2,5.547368421,,,,,,,,,,,,,,,,,,,"Julio Rodriguez","23697",677594
"Cal Raleigh","SEA",59,239,207,45,23,8,0,14,29,37,29,3,69,1,2,0,,2,1,0.215593,0.121533,0.288488,0.421275,0.31419,0.450391,0.32886,0.764581,0.234797,2.7629,0.246302,0,-0.169567,30.7888,2.28377,116.165,-0.169567,2.6872,4.371065095067024,5.1927549839019775,1.82869,18.729999542236328,,,,,,,290.8,4.928813559,290.8,4.928813559,,,,,,,,,,,,,,,,,,,"Cal Raleigh","21534",663728
"Geraldo Perdomo","ARI",64,275,230,60,42,11,2,5,38,29,36,0,35,3,2,4,,10,3,0.259943,0.12919,0.128256,1.00728,0.363369,0.394747,0.338953,0.758116,0.134804,5.77211,0.283791,0,0.163858,37.7103,4.88353,112.638,0.163858,1.53424,4.371305346488953,4.48099946975708,1.80363,76.7699966430664,,,,,,,323.9,5.0609375,323.9,5.0609375,,,,,,,,,,,,,,,,,,,"Geraldo Perdomo","22799",672695
"James Wood","WSN",63,274,233,62,34,14,1,13,43,39,38,3,80,2,1,0,,7,2,0.267075,0.138031,0.291492,0.473533,0.371244,0.505191,0.376206,0.876434,0.238116,5.16891,0.347338,0,0.150636,45.8186,13.1414,138.616,0.150636,-0.301395,12.948234662413597,-4.416210174560547,1.76709,37.790000915527344,,,,,,,410.4,6.514285714,410.4,6.514285714,,,,,,,,,,,,,,,,,,,"James Wood","29518",695578
"Ben Rice","NYY",63,272,237,61,32,12,1,16,41,43,30,1,60,4,2,0,,2,1,0.25969,0.110049,0.221262,0.497368,0.34936,0.522988,0.373711,0.872349,0.263299,3.99191,0.280298,0,-0.257832,44.9106,12.4886,141.654,-0.257832,-0.380407,13.050307303667068,-5.756949931383133,1.7173,53.189998626708984,,,,,,,398.5,6.325396825,398.5,6.325396825,,,,,,,,,,,,,,,,,,,"Ben Rice","29576",700250
"Cody Bellinger","NYY",60,261,232,61,39,12,2,9,35,38,25,1,38,1,2,0,,6,2,0.264517,0.095026,0.147147,0.64579,0.335561,0.445605,0.339507,0.781165,0.181088,5.19886,0.279942,0,-0.021913,35.8428,4.74376,118.044,-0.021913,4.46333,5.507945084944367,2.0645594596862793,1.70558,80.98999786376953,,,,,,,324.2,5.403333333,324.2,5.403333333,,,,,,,,,,,,,,,,,,,"Cody Bellinger","15998",641355
"Mookie Betts","LAD",61,262,231,61,39,12,1,10,38,35,28,1,31,2,1,0,,3,1,0.2645,0.106555,0.118204,0.901449,0.345819,0.445753,0.345326,0.791573,0.181253,4.07182,0.268661,0,-0.193238,37.3318,6.01616,118.389,-0.193238,-0.230686,5.64705827832222,2.5804252922534943,1.69862,60.58000183105469,,,,,,,338,5.540983606,338,5.540983606,,,,,,,,,,,,,,,,,,,"Mookie Betts","13611",605141
"JJ Wetherholt","STL",62,267,233,60,45,8,1,6,35,29,26,1,43,7,1,0,,6,1,0.256786,0.0989923,0.16003,0.618585,0.34725,0.379636,0.32549,0.726885,0.122849,5.06463,0.288585,0,0.592189,33.7391,1.82517,106.706,0.592189,4.3007,2.7627578377723694,5.297613739967346,1.69826,999,,,,,,,295.9,4.772580645,295.9,4.772580645,,,,,,,,,,,,,,,,,,,"JJ Wetherholt","34985",802139
"Riley Greene","DET",64,278,246,67,41,13,1,11,36,39,28,1,75,2,2,0,,1,1,0.272974,0.101566,0.271412,0.374215,0.349416,0.475441,0.35717,0.824858,0.202467,3.35314,0.345915,0,-0.451793,42.2176,9.0453,128.84,-0.451793,0.934466,8.975708365440369,-2.208743631839752,1.68671,78.4800033569336,,,,,,,365.1,5.7046875,365.1,5.7046875,,,,,,,,,,,,,,,,,,,"Riley Greene","25976",682985
"William Contreras","MIL",62,249,219,60,42,11,0,7,33,33,26,2,43,1,2,0,,2,1,0.274228,0.106122,0.174742,0.607303,0.353117,0.423999,0.34029,0.777116,0.149771,3.06487,0.310617,0,-0.387546,34.3623,4.68492,115.255,-0.387546,0.768903,4.20377716422081,4.336032509803772,1.6849,56.560001373291016,,,,,,,296.7,4.78548387,296.7,4.78548387,,,,,,,,,,,,,,,,,,,"William Contreras","20503",661388
"Ketel Marte","ARI",62,269,239,63,37,13,2,11,38,37,26,2,42,3,2,0,,2,0,0.265674,0.0973072,0.157778,0.616734,0.342704,0.47742,0.353432,0.820125,0.211746,4.68852,0.278601,0,0.0211665,40.0813,7.94561,122.349,0.0211665,0.453987,7.304924650117755,0.5056849420070648,1.67912,32.63999938964844,,,,,,,357.1,5.759677419,357.1,5.759677419,,,,,,,,,,,,,,,,,,,"Ketel Marte","13613",606466
"Gabriel Moreno","ARI",48,191,168,48,34,9,0,5,23,23,19,1,32,2,2,0,,2,1,0.285845,0.101982,0.167553,0.608654,0.362656,0.423366,0.34617,0.786022,0.137521,3.37718,0.32656,0,-0.278119,27.3183,4.5123,117.478,-0.278119,3.00738,3.7644760608673096,6.4814536571502686,1.66745,181.22000122070312,,,,,,,237.9,4.95625,237.9,4.95625,,,,,,,,,,,,,,,,,,,"Gabriel Moreno","22664",672515
"Adley Rutschman","BAL",59,237,209,53,33,13,1,7,27,31,26,1,37,1,2,0,,0,0,0.254578,0.107444,0.154983,0.693261,0.336017,0.427439,0.334116,0.763456,0.172861,2.20107,0.2741,0,-0.346847,31.6233,3.28359,114.643,-0.346847,2.37182,3.742459148168564,4.21533739566803,1.66121,148.92999267578125,,,,,,,278,4.711864406,278,4.711864406,,,,,,,,,,,,,,,,,,,"Adley Rutschman","26288",668939
"Otto Lopez","MIA",59,257,236,69,49,12,3,5,33,29,16,0,37,2,2,0,,8,2,0.293075,0.0612832,0.143398,0.427364,0.339674,0.433142,0.33691,0.772815,0.140067,6.22357,0.325913,0,0.293178,34.7666,4.13174,110.915,0.293178,1.5985,3.6843396425247192,4.348500609397888,1.66009,229.16000366210938,,,,,,,312.9,5.30338983,312.9,5.30338983,,,,,,,,,,,,,,,,,,,"Otto Lopez","19608",672640
"Ronald Acuña Jr.","ATL",55,238,198,55,34,10,1,11,42,29,36,2,50,3,1,0,,12,3,0.278097,0.149881,0.211513,0.708613,0.393695,0.495259,0.386154,0.888954,0.217161,6.16379,0.321378,0,0.630244,41.7532,13.3463,144.803,0.630244,-2.07479,13.537788689136505,-4.960594415664673,1.65354,5.260000228881836,,,,,,,379.5,6.9,379.5,6.9,,,,,,,,,,,,,,,,,,,"Ronald Acuna Jr.","18401",660670
"Freddie Freeman","LAD",63,274,239,69,43,16,1,10,37,36,30,3,48,3,2,0,,3,1,0.29027,0.109033,0.176452,0.617919,0.373916,0.488027,0.372108,0.861943,0.197757,4.06517,0.326182,0,-0.0211136,44.9079,12.2307,136.352,-0.0211136,0.290295,12.026044642552733,-4.618964314460754,1.65327,67.87999725341797,,,,,,,395.4,6.276190476,395.4,6.276190476,,,,,,,,,,,,,,,,,,,"Freddie Freeman","5361",518692
"Michael Harris II","ATL",61,262,247,70,46,13,2,10,32,36,11,0,51,2,2,1,,8,2,0.283767,0.0419562,0.196716,0.213283,0.316952,0.46536,0.337302,0.782312,0.181593,5.67607,0.322366,0,0.509455,35.5055,4.29296,112.039,0.509455,2.68482,4.320289134979248,3.45086932182312,1.64959,99.06999969482422,,,,,,,336.7,5.519672131,336.7,5.519672131,,,,,,,,,,,,,,,,,,,"Michael Harris II","25931",671739
"Ceddanne Rafaela","BOS",62,268,249,67,43,15,2,7,35,33,13,0,57,4,1,1,,9,4,0.267851,0.0472982,0.210751,0.224427,0.312196,0.430038,0.32323,0.742235,0.162187,6.35186,0.318968,0,0.0702363,33.3667,1.33934,101.419,0.0702363,5.10242,0.518168717622757,6.0607574582099915,1.6331,125.02999877929688,,,,,,,303.8,4.9,303.8,4.9,,,,,,,,,,,,,,,,,,,"Ceddanne Rafaela","24262",678882
"Zach Neto","LAA",62,268,237,59,33,14,1,12,40,34,22,1,72,7,1,1,,10,4,0.247547,0.0832168,0.269925,0.308296,0.328452,0.458248,0.341103,0.786699,0.2107,5.68558,0.305261,0,-0.206332,37.2243,5.22785,116.811,-0.206332,-1.38536,5.094192251563072,1.4868602752685547,1.63238,32.29999923706055,,,,,,,347.3,5.601612903,347.3,5.601612903,,,,,,,,,,,,,,,,,,,"Zach Neto","31347",687263
"Dansby Swanson","CHC",65,281,252,59,37,11,1,10,39,38,25,0,70,1,2,0,,7,1,0.232602,0.0906299,0.248518,0.364681,0.303767,0.402689,0.309617,0.706456,0.170087,5.9359,0.278866,0,0.738289,31.8161,-1.70174,95.7092,0.738289,4.62318,-0.7202916145324707,7.631979942321777,1.6264,152.30999755859375,,,,,,,298.5,4.592307692,298.5,4.592307692,,,,,,,,,,,,,,,,,,,"Dansby Swanson","18314",621020
"Brice Turang","MIL",63,272,241,64,42,12,2,7,38,34,28,1,60,0,2,2,,12,2,0.263985,0.102878,0.219854,0.46794,0.339463,0.416205,0.331791,0.755668,0.152221,6.28481,0.322265,0,0.93741,35.7311,3.24992,109.555,0.93741,2.11054,4.084892809391022,3.1031339168548584,1.62569,48.18000030517578,,,,,,,330.6,5.247619047,330.6,5.247619047,,,,,,,,,,,,,,,,,,,"Brice Turang","22186",668930
"Jeremy Peña","HOU",58,253,231,63,44,11,1,7,33,28,15,0,45,5,1,1,,7,2,0.27383,0.0601133,0.177298,0.339053,0.329558,0.418478,0.328249,0.748036,0.144647,5.16709,0.31187,0,0.4696,32.4625,2.29175,109.714,0.4696,0.894691,3.3575865626335144,3.6030242443084717,1.61563,122.9800033569336,,,,,,,292.9,5.05,292.9,5.05,,,,,,,,,,,,,,,,,,,"Jeremy Pena","21636",665161
"Pete Alonso","BAL",63,274,241,64,36,14,0,14,36,44,27,2,62,5,2,0,,1,0,0.266681,0.0969238,0.226855,0.42725,0.348105,0.505587,0.365826,0.853693,0.238906,2.5087,0.299507,0,-0.269246,43.5114,10.8342,136.531,-0.269246,-0.319376,11.493987679481506,-5.3915979862213135,1.60451,24.440000534057617,,,,,,,387.5,6.15079365,387.5,6.15079365,,,,,,,,,,,,,,,,,,,"Pete Alonso","19251",624413
"Byron Buxton","MIN",46,200,180,46,23,9,1,12,33,29,15,1,54,3,1,0,,5,0,0.256559,0.0764935,0.271666,0.281572,0.324272,0.529055,0.362654,0.853327,0.272496,6.85818,0.295372,0,0.762552,31.213,7.38589,132.112,0.762552,0.520382,8.302429139614105,0.4185299873352051,1.60211,73.4800033569336,,,,,,,285.7,6.210869565,285.7,6.210869565,,,,,,,,,,,,,,,,,,,"Byron Buxton","14161",621439
"Vladimir Guerrero Jr.","TOR",66,284,247,70,47,13,0,10,39,39,31,4,37,3,2,0,,3,1,0.284155,0.11084,0.131222,0.844675,0.368042,0.460862,0.358668,0.828904,0.176706,3.23901,0.297515,0,-0.146015,43.4421,9.57875,130.739,-0.146015,0.579208,10.111514896154404,-4.611223936080933,1.57943,18.049999237060547,,,,,,,381.6,5.781818181,381.6,5.781818181,,,,,,,,,,,,,,,,,,,"Vladimir Guerrero Jr.","19611",665489
"Shea Langeliers","ATH",60,242,220,57,31,12,0,13,32,38,19,1,54,2,1,0,,2,1,0.257782,0.0775316,0.223318,0.347181,0.32095,0.496231,0.350632,0.81718,0.238448,3.12099,0.281792,0,-0.167435,35.4678,6.5901,121.727,-0.167435,-1.88237,6.015476211905479,0.9092947244644165,1.57294,54.04999923706055,,,,,,,320.2,5.336666666,320.2,5.336666666,,,,,,,,,,,,,,,,,,,"Shea Langeliers","25816",669127
"Dillon Dingler","DET",55,220,200,50,30,11,1,9,27,33,14,0,53,4,2,0,,0,0,0.250727,0.0650299,0.239236,0.271823,0.311668,0.444477,0.327989,0.756145,0.19375,3.02629,0.296204,0,-0.325501,28.2097,1.94832,108.698,-0.325501,3.02624,1.9253981113433838,5.776544570922852,1.57254,254.6199951171875,,,,,,,256.2,4.658181818,256.2,4.658181818,,,,,,,,,,,,,,,,,,,"Dillon Dingler","27464",693307
"Kyle Tucker","LAD",61,265,227,59,35,12,1,11,39,39,35,2,43,1,2,0,,8,1,0.259586,0.131827,0.16144,0.816568,0.359494,0.460603,0.357035,0.820097,0.201017,5.57281,0.275892,0,0.745635,40.2589,8.60282,126.242,0.745635,0.0613167,9.17068326473236,-2.7803500294685364,1.52216,13.130000114440918,,,,,,,367.7,6.027868852,367.7,6.027868852,,,,,,,,,,,,,,,,,,,"Kyle Tucker","18345",663656
"Willson Contreras","BOS",63,274,236,63,36,14,1,12,34,41,26,1,68,10,2,0,,2,1,0.265554,0.0942535,0.2481,0.379902,0.360835,0.478931,0.365848,0.839766,0.213377,3.44618,0.323029,0,-0.360121,43.5987,10.8596,130.837,-0.360121,0.562269,9.588314145803452,-4.506250083446503,1.50315,168.1999969482422,,,,,,,384.9,6.109523809,384.9,6.109523809,,,,,,,,,,,,,,,,,,,"Willson Contreras","11609",575929
"Isaac Paredes","HOU",60,261,224,55,33,11,0,10,28,35,28,0,44,7,2,0,,0,0,0.24344,0.108104,0.168731,0.640687,0.344482,0.426734,0.341165,0.771217,0.183294,1.46346,0.260168,0,-0.503336,36.2835,5.10709,118.629,-0.503336,-0.114176,5.21986597776413,0.2970892861485481,1.49995,243.60000610351562,,,,,,,314.9,5.248333333,314.9,5.248333333,,,,,,,,,,,,,,,,,,,"Isaac Paredes","20036",670623
"Matt Olson","ATL",67,288,252,64,35,15,0,14,39,40,32,2,69,2,2,0,,1,0,0.255055,0.111124,0.241197,0.460718,0.341275,0.487062,0.356335,0.828337,0.232007,2.57465,0.294118,0,-0.210315,43.5453,9.17647,124.804,-0.210315,2.06367,8.435267120599747,-3.078300714492798,1.49264,48.0099983215332,,,,,,,385.4,5.752238805,385.4,5.752238805,,,,,,,,,,,,,,,,,,,"Matt Olson","14344",621566
"Jonathan Aranda","TBR",63,274,237,66,46,12,0,9,35,39,30,2,65,5,3,0,,0,0,0.280097,0.109585,0.237843,0.460744,0.368804,0.444223,0.356197,0.813027,0.164126,1.76369,0.34641,0,-0.503996,41.4497,8.71063,127.53,-0.503996,1.77625,8.377628564834595,-3.4839398860931396,1.48409,195.60000610351562,,,,,,,357,5.666666666,357,5.666666666,,,,,,,,,,,,,,,,,,,"Jonathan Aranda","21837",666018
"Yandy Díaz","TBR",66,283,250,75,53,13,1,9,35,37,28,2,41,4,2,0,,1,1,0.302045,0.0973606,0.143643,0.677794,0.37808,0.46223,0.367089,0.84031,0.160184,2.5149,0.330404,0,-0.503119,45.3059,11.4992,135.048,-0.503119,0,11.172699630260468,-6.612499713897705,1.4826,138.63999938964844,,,,,,,393.1,5.956060606,393.1,5.956060606,,,,,,,,,,,,,,,,,,,"Yandy Diaz","16578",650490
"Mike Trout","LAA",53,231,190,44,25,8,0,11,34,29,37,4,67,3,1,0,,2,0,0.233097,0.160431,0.288445,0.556192,0.364847,0.453381,0.355382,0.818228,0.220284,4.02818,0.293866,0,0.13065,34.7543,7.18287,126.668,0.13065,-0.701057,7.376142382621765,-0.9760571122169495,1.4804,178.44000244140625,,,,,,,306.8,5.788679245,306.8,5.788679245,,,,,,,,,,,,,,,,,,,"Mike Trout","10155",545361
"José Ramírez","CLE",46,200,176,46,27,11,1,8,28,27,21,5,25,1,1,0,,10,2,0.263214,0.107253,0.124795,0.859428,0.344448,0.467844,0.344432,0.812292,0.20463,5.95365,0.265782,0,1.14528,28.2598,4.43269,121.501,1.14528,1.39998,6.193647384643555,1.2981244921684265,1.47775,6.28000020980835,,,,,,,273.8,5.952173913,273.8,5.952173913,,,,,,,,,,,,,,,,,,,"Jose Ramirez","13510",608070
"Jackson Chourio","MIL",62,269,249,69,41,16,1,10,39,39,17,1,58,1,1,1,,9,3,0.27609,0.0631504,0.213597,0.295652,0.323632,0.473703,0.34312,0.797334,0.197613,5.90809,0.320412,0,0.448189,37.8272,5.69158,117.153,0.448189,2.48697,6.03841769695282,-0.35638976097106934,1.46376,19.3799991607666,,,,,,,346.2,5.583870967,346.2,5.583870967,,,,,,,,,,,,,,,,,,,"Jackson Chourio","28806",694192
"Iván Herrera","STL",62,257,218,58,40,10,1,8,34,30,29,1,47,9,1,0,,4,1,0.265158,0.112184,0.184328,0.608612,0.371499,0.421347,0.352008,0.792846,0.156189,4.33392,0.304941,0,0.0922665,37.9703,7.28889,124.492,0.0922665,-0.362811,7.713221020996571,-1.8844161629676819,1.43839,178.42999267578125,,,,,,,335.5,5.411290322,335.5,5.411290322,,,,,,,,,,,,,,,,,,,"Ivan Herrera","20599",671056
"Kazuma Okamoto","TOR",60,258,227,56,32,11,0,12,31,42,25,2,60,4,1,0,,0,0,0.245377,0.0980181,0.23359,0.419616,0.329364,0.457652,0.34034,0.787016,0.212276,1.65679,0.277863,0,-0.391451,35.6188,4.86528,118.088,-0.391451,-0.422283,5.090272784233093,-0.06040000915527344,1.43789,999,,,,,,,318.3,5.305,318.3,5.305,,,,,,,,,,,,,,,,,,,"Kazuma Okamoto","37123",672960
"Aaron Judge","NYY",29,124,101,28,14,5,0,9,21,23,22,4,32,1,1,0,,2,1,0.280619,0.174594,0.257014,0.679319,0.411424,0.591374,0.418521,1.0028,0.310755,3.82549,0.32289,0,-0.0884643,25.1104,10.252,172.584,-0.0884643,0.670781,10.539114408195019,-0.993878960609436,1.41458,1.850000023841858,,,,,,,224.9,7.755172413,224.9,7.755172413,,,,,,,,,,,,,,,,,,,"Aaron Judge","15640",592450
"Jackson Merrill","SDP",63,272,250,64,41,12,2,9,34,34,18,1,58,1,1,2,,7,1,0.257547,0.0669844,0.211512,0.316693,0.309917,0.434356,0.322184,0.744273,0.176809,5.54966,0.298992,0,0.379265,33.6085,1.12727,106.062,0.379265,1.82037,2.3763347864151,2.7095704674720764,1.41301,70.79000091552734,,,,,,,306.7,4.868253968,306.7,4.868253968,,,,,,,,,,,,,,,,,,,"Jackson Merrill","29490",701538
"Alejandro Kirk","TOR",42,165,146,38,27,6,0,4,15,20,16,1,21,1,1,0,,0,0,0.260212,0.0976223,0.126523,0.77158,0.336217,0.393911,0.323008,0.730128,0.133699,1.48345,0.275682,0,-0.17559,20.4386,0.791932,106.125,-0.17559,4.05041,1.0101557523012161,7.007509708404541,1.40467,160.25,,,,,,,172.8,4.114285714,172.8,4.114285714,,,,,,,,,,,,,,,,,,,"Alejandro Kirk","22581",672386
"Andy Pages","LAD",58,251,228,60,36,13,1,10,32,37,17,0,54,4,2,0,,4,2,0.262024,0.067159,0.214662,0.31286,0.320914,0.456443,0.33687,0.777357,0.194419,4.34878,0.299114,0,-0.449596,33.9859,4.03179,112.718,-0.449596,1.35406,3.4139778912067413,2.2096192240715027,1.39751,133.4199981689453,,,,,,,310.4,5.351724137,310.4,5.351724137,,,,,,,,,,,,,,,,,,,"Andy Pages","24816",681624
"Nico Hoerner","CHC",64,278,252,67,49,13,1,4,32,27,19,0,25,4,2,0,,11,2,0.264687,0.0695328,0.0885404,0.785323,0.324389,0.372143,0.309111,0.696532,0.107456,5.55456,0.278437,0,0.754002,31.3739,-1.79836,95.3698,0.754002,4.41983,-0.8037073612213135,5.474454760551453,1.39012,101.93000030517578,,,,,,,288.5,4.5078125,288.5,4.5078125,,,,,,,,,,,,,,,,,,,"Nico Hoerner","21479",663538
"Trent Grisham","NYY",57,246,209,47,27,9,1,11,35,32,33,0,56,2,2,1,,4,1,0.22535,0.132571,0.226222,0.586022,0.331951,0.427979,0.334568,0.759931,0.202629,4.59223,0.252479,0,0.0292781,32.8647,3.4934,114.635,0.0292781,-0.192969,4.265101725235581,0.6858894973993301,1.38816,253.82000732421875,,,,,,,299.2,5.249122807,299.2,5.249122807,,,,,,,,,,,,,,,,,,,"Trent Grisham","18564",663757
"Xavier Edwards","MIA",59,257,227,65,51,9,2,2,31,22,25,1,33,1,2,2,,11,2,0.288705,0.0992694,0.130139,0.762794,0.359085,0.383824,0.329699,0.742909,0.0951185,6.32327,0.326345,0,0.692914,33.264,2.62912,106.079,0.692914,1.80303,2.5814563035964966,2.7196921706199646,1.38371,182.42999267578125,,,,,,,286.6,4.857627118,286.6,4.857627118,,,,,,,,,,,,,,,,,,,"Xavier Edwards","22266",669364
"Miguel Vargas","CHW",63,273,235,56,32,14,1,10,40,33,33,0,48,3,2,0,,5,1,0.239706,0.120241,0.177298,0.678182,0.338049,0.434739,0.338937,0.772788,0.195034,4.96565,0.259062,0,0.145252,37.4639,4.8486,116.249,0.145252,-1.93775,5.367543086409569,-1.4865202009677887,1.3779,303.0899963378906,,,,,,,333.6,5.295238095,333.6,5.295238095,,,,,,,,,,,,,,,,,,,"Miguel Vargas","20178",678246
"Xander Bogaerts","SDP",62,266,238,60,44,10,0,6,29,27,25,1,49,2,2,0,,7,1,0.25247,0.0929352,0.185641,0.500617,0.327219,0.372033,0.310963,0.699252,0.119564,4.53149,0.294299,0,0.719967,30.467,-1.3231,98.5366,0.719967,1.77803,0.24815836548805237,4.631734728813171,1.37305,237.1999969482422,,,,,,,274.9,4.433870967,274.9,4.433870967,,,,,,,,,,,,,,,,,,,"Xander Bogaerts","12161",593428
"Wilyer Abreu","BOS",59,256,226,57,34,13,1,9,32,33,27,1,60,1,2,0,,4,2,0.252211,0.10505,0.234108,0.448725,0.331437,0.440575,0.335281,0.772012,0.188364,4.3737,0.300336,0,-0.284133,34.3924,3.78851,109.738,-0.284133,4.50135,2.652591735124588,1.7115342617034912,1.36602,199.89999389648438,,,,,,,307.2,5.206779661,307.2,5.206779661,,,,,,,,,,,,,,,,,,,"Wilyer Abreu","23772",677800
"Colson Montgomery","CHW",63,270,243,53,29,10,1,13,32,41,22,1,84,5,1,0,,1,1,0.218078,0.0805467,0.310162,0.259693,0.294393,0.431985,0.315076,0.726377,0.213906,3.36599,0.269808,0,-0.350438,31.8244,-0.440159,99.7783,-0.350438,1.43147,-0.42092055827379227,4.096900105476379,1.34656,254.75,,,,,,,290.8,4.615873015,290.8,4.615873015,,,,,,,,,,,,,,,,,,,"Colson Montgomery","29712",695657
"Bo Bichette","NYM",63,271,250,70,49,13,1,7,32,35,17,0,46,1,2,0,,2,1,0.279093,0.0635827,0.169116,0.375971,0.326,0.423077,0.326908,0.749077,0.143984,3.26217,0.313418,0,-0.45588,34.4982,2.16138,108.798,-0.45588,1.39608,2.4294903576374054,2.017371892929077,1.34436,92.86000061035156,,,,,,,306.2,4.86031746,306.2,4.86031746,,,,,,,,,,,,,,,,,,,"Bo Bichette","19612",666182
"CJ Abrams","WSN",63,271,243,64,39,13,2,10,38,36,19,1,53,6,2,0,,12,3,0.261101,0.0686156,0.196996,0.348309,0.326729,0.45222,0.337332,0.778949,0.191119,6.95232,0.293752,0,1.05139,36.7909,4.45411,112.544,1.05139,-3.58141,5.165268063545227,-0.8212254047393799,1.33395,65,,,,,,,347.9,5.522222222,347.9,5.522222222,,,,,,,,,,,,,,,,,,,"CJ Abrams","25768",682928
"Luis Arraez","SFG",63,272,250,80,61,13,2,3,32,26,14,1,11,2,3,3,,4,1,0.317627,0.0518661,0.0400608,1.29469,0.354589,0.424274,0.339339,0.778863,0.106647,4.84231,0.320126,0,0.0345992,37.3986,4.9174,116.237,0.0345992,-1.84945,5.383481360971928,-1.2704407572746277,1.31458,280.04998779296875,,,,,,,328.1,5.207936507,328.1,5.207936507,,,,,,,,,,,,,,,,,,,"Luis Arraez","18568",650333
"Bryce Harper","PHI",64,277,237,63,36,14,0,12,38,39,36,3,58,1,2,0,,4,2,0.26765,0.130169,0.211227,0.616249,0.364062,0.488023,0.366575,0.852085,0.220373,3.71079,0.302928,0,-0.356356,44.1329,11.1154,130.544,-0.356356,-0.928401,9.871570378541946,-5.92932665348053,1.31213,47.900001525878906,,,,,,,382.2,5.971875,382.2,5.971875,,,,,,,,,,,,,,,,,,,"Bryce Harper","11579",547180
"Nick Kurtz","ATH",52,226,192,50,28,10,0,12,35,38,31,2,65,1,1,0,,2,0,0.26129,0.139443,0.289067,0.482391,0.367015,0.500362,0.373015,0.867377,0.239073,3.62378,0.332108,0,-0.133573,37.2068,10.2543,137.178,-0.133573,-0.817451,9.740641489624977,-4.8498581647872925,1.309,19.8700008392334,,,,,,,329.6,6.338461538,329.6,6.338461538,,,,,,,,,,,,,,,,,,,"Nick Kurtz","35110",701762
"Munetaka Murakami","CHW",62,267,223,53,31,8,0,15,38,38,41,3,91,2,1,0,,3,2,0.237428,0.15283,0.341214,0.4479,0.359123,0.468969,0.358802,0.828092,0.23154,2.87921,0.323267,0,-0.699538,40.9703,9.05641,129.96,-0.699538,-0.516736,8.722525715827942,-5.333402633666992,1.30694,999,,,,,,,367.1,5.920967741,367.1,5.920967741,,,,,,,,,,,,,,,,,,,"Munetaka Murakami","37120",808959
"Jazz Chisholm Jr.","NYY",58,252,222,52,32,8,1,11,33,35,26,1,69,2,2,0,,15,3,0.233938,0.102375,0.274174,0.373394,0.316383,0.429767,0.325224,0.74615,0.195828,6.25,0.284094,0,1.24893,31.7274,1.66496,108.185,1.24893,-0.481845,3.673783779144287,0.2522602677345276,1.30533,19.520000457763672,,,,,,,305.6,5.268965517,305.6,5.268965517,,,,,,,,,,,,,,,,,,,"Jazz Chisholm Jr.","20454",665862
"Kyle Schwarber","PHI",65,279,234,54,27,8,1,19,40,43,41,2,85,3,1,0,,2,1,0.230847,0.147184,0.305494,0.48179,0.351695,0.506985,0.368778,0.85868,0.276138,3.28813,0.269598,0,-0.181436,45.0877,11.7298,132.022,-0.181436,-0.00482578,10.651765331625938,-6.930751514155418,1.29916,24.690000534057617,,,,,,,408.9,6.29076923,408.9,6.29076923,,,,,,,,,,,,,,,,,,,"Kyle Schwarber","16478",656941
"Randy Arozarena","SEA",61,265,228,58,36,13,0,8,36,30,26,0,66,9,2,0,,11,3,0.252803,0.0985201,0.248369,0.396668,0.350042,0.419584,0.341194,0.769626,0.166781,5.54575,0.317813,0,0.637585,36.8481,5.19202,124.678,0.637585,-2.02507,8.335944771766663,-4.948215007781982,1.29901,89.37999725341797,,,,,,,327.2,5.363934426,327.2,5.363934426,,,,,,,,,,,,,,,,,,,"Randy Arozarena","19290",668227
"Jacob Wilson","ATH",60,258,239,69,49,14,1,5,30,34,13,0,22,2,1,1,,2,1,0.286545,0.0520404,0.0856977,0.607256,0.328579,0.410473,0.323868,0.739051,0.123927,3.73297,0.297667,0,-0.171857,32.173,1.41954,103.253,-0.171857,-0.0603075,0.8140433579683304,2.7003407664597034,1.28456,196.44000244140625,,,,,,,286.7,4.778333333,286.7,4.778333333,,,,,,,,,,,,,,,,,,,"Jacob Wilson","33266",805779
"Drake Baldwin","ATL",59,243,215,56,36,9,1,11,31,35,23,1,49,3,1,0,,0,0,0.261799,0.0948174,0.203616,0.465668,0.340885,0.45761,0.347985,0.798495,0.195811,2.48846,0.292971,0,-0.385282,35.1056,6.09752,119.203,-0.385282,-0.417506,5.264156490564346,-0.5119508504867554,1.28318,78.62999725341797,,,,,,,311.8,5.284745762,311.8,5.284745762,,,,,,,,,,,,,,,,,,,"Drake Baldwin","31539",686948
"Masyn Winn","STL",63,270,244,61,44,11,1,5,35,28,20,0,51,3,2,1,,5,2,0.249499,0.0751053,0.190373,0.394516,0.312126,0.364162,0.300514,0.676287,0.114663,5.21679,0.295346,0,-0.0579724,28.6288,-3.63585,89.9558,-0.0579724,4.27848,-3.3446276262402534,7.174774885177612,1.27996,364.7799987792969,,,,,,,255.1,4.049206349,255.1,4.049206349,,,,,,,,,,,,,,,,,,,"Masyn Winn","27479",691026
"Andrés Giménez","TOR",56,243,220,54,38,10,1,5,25,29,12,1,44,7,2,1,,9,2,0.246191,0.0510176,0.179416,0.284354,0.306351,0.372118,0.299962,0.678469,0.125927,5.49798,0.282932,0,0.669738,25.6458,-3.37992,90.2173,0.669738,3.42925,-2.128365159034729,6.034808158874512,1.27204,412.2200012207031,,,,,,,232.6,4.153571428,232.6,4.153571428,,,,,,,,,,,,,,,,,,,"Andres Gimenez","19950",665926
"Alex Bregman","CHC",64,278,240,58,38,11,1,8,33,31,31,1,41,4,2,0,,1,1,0.240364,0.113338,0.147877,0.766434,0.335876,0.389275,0.322044,0.725151,0.148911,2.87024,0.257907,0,-0.399259,34.292,1.11969,104.044,-0.399259,1.51072,0.9610823690891266,2.5033146142959595,1.26806,119.16999816894531,,,,,,,301.7,4.7140625,301.7,4.7140625,,,,,,,,,,,,,,,,,,,"Alex Bregman","17678",608324
"Manny Machado","SDP",63,272,243,59,35,12,0,12,34,38,26,2,57,1,2,0,,3,1,0.241826,0.09429,0.207741,0.453883,0.313074,0.4354,0.323522,0.748474,0.193574,3.26526,0.265771,0,-0.121856,33.9042,1.42295,106.96,-0.121856,1.37531,2.1708889082074165,1.2719188928604126,1.24676,37.52000045776367,,,,,,,318.9,5.061904761,318.9,5.061904761,,,,,,,,,,,,,,,,,,,"Manny Machado","11493",592518
"Corey Seager","TEX",43,185,161,39,23,7,0,9,25,24,21,3,39,2,1,0,,1,0,0.242905,0.115563,0.208403,0.554515,0.335117,0.449575,0.337957,0.784693,0.20667,2.66088,0.265224,0,-0.0779108,25.255,3.14011,117.255,-0.0779108,0.873195,3.6823488771915436,2.0312198996543884,1.24611,95.08999633789062,,,,,,,233.2,5.423255813,233.2,5.423255813,,,,,,,,,,,,,,,,,,,"Corey Seager","13624",608369
"Seiya Suzuki","CHC",59,255,224,59,35,11,1,11,33,37,27,1,65,2,2,0,,2,1,0.263331,0.106877,0.254034,0.420719,0.344798,0.476632,0.354859,0.82143,0.213301,4.01473,0.317945,0,-0.371928,38.2215,7.81358,126.052,-0.371928,0.385234,7.662257701158524,-3.6678524017333984,1.24523,113.43000030517578,,,,,,,335.4,5.684745762,335.4,5.684745762,,,,,,,,,,,,,,,,,,,"Seiya Suzuki","30116",673548
"Taylor Ward","BAL",62,268,229,57,36,12,1,9,34,29,35,0,62,2,2,0,,2,1,0.249854,0.130042,0.231453,0.561851,0.351785,0.419581,0.341632,0.771366,0.169727,3.22153,0.303377,0,-0.48112,37.3394,5.34299,119.831,-0.48112,-0.212683,5.771556913852692,-3.0849054902791977,1.23836,148.42999267578125,,,,,,,327.3,5.279032258,327.3,5.279032258,,,,,,,,,,,,,,,,,,,"Taylor Ward","17548",621493
"Daulton Varsho","TOR",56,243,221,51,29,11,2,10,32,32,19,1,56,2,1,0,,5,1,0.231767,0.0778223,0.230391,0.337783,0.296616,0.432444,0.315318,0.72906,0.200678,5.5575,0.263686,0,0.210706,28.6776,-0.3482,100.817,0.210706,2.25047,0.4443209767341614,3.1189839243888855,1.23732,192.2100067138672,,,,,,,271.6,4.85,271.6,4.85,,,,,,,,,,,,,,,,,,,"Daulton Varsho","19918",662139
"Max Muncy","LAD",45,194,164,38,21,7,1,9,28,25,27,1,48,2,1,0,,1,0,0.234457,0.140269,0.247127,0.567598,0.350534,0.453534,0.351586,0.804068,0.219077,3.56336,0.271849,0,-0.108687,28.5787,5.43237,122.588,-0.108687,0.0751664,5.193702317774296,0.7066478282213211,1.2372,234.3699951171875,,,,,,,248.3,5.517777777,248.3,5.517777777,,,,,,,,,,,,,,,,,,,"Max Muncy","13301",571970
"Trea Turner","PHI",61,265,244,65,45,12,1,7,39,28,17,0,52,2,2,0,,11,2,0.26623,0.0658502,0.196242,0.335557,0.318276,0.41224,0.319773,0.730517,0.146011,6.50196,0.310273,0,1.14411,32.2355,0.579486,99.1548,1.14411,-0.306294,0.8727639615535736,2.5353730022907257,1.22043,26.780000686645508,,,,,,,298.6,4.895081967,298.6,4.895081967,,,,,,,,,,,,,,,,,,,"Trea Turner","16252",607208
"Josh Jung","TEX",59,255,235,62,41,13,1,7,29,28,16,0,58,2,2,0,,1,1,0.264149,0.0637392,0.229081,0.278238,0.31656,0.419234,0.321907,0.735794,0.155086,3.2805,0.319953,0,-0.312681,31.406,0.998063,106.176,-0.312681,0.36713,1.538084328174591,1.277006596326828,1.20337,610.5,,,,,,,274.5,4.652542372,274.5,4.652542372,,,,,,,,,,,,,,,,,,,"Josh Jung","26299",673962
"Ernie Clement","TOR",58,252,237,67,47,14,1,5,30,25,10,0,24,1,2,2,,3,1,0.282199,0.0394232,0.0967339,0.407543,0.312465,0.409244,0.314249,0.721709,0.127046,4.40353,0.296901,0,-0.283244,29.4832,-0.57919,100.079,-0.283244,1.8473,-0.259838979691267,3.0363409519195557,1.18903,337.67999267578125,,,,,,,267.4,4.610344827,267.4,4.610344827,,,,,,,,,,,,,,,,,,,"Ernie Clement","20352",676391
"Ian Happ","CHC",63,272,235,56,32,13,1,10,36,33,33,1,71,3,1,0,,3,1,0.237878,0.1221,0.259574,0.470387,0.336933,0.430348,0.336294,0.767281,0.19247,4.16812,0.294239,0,-0.168614,36.726,4.24475,113.601,-0.168614,1.46269,4.311777129769325,-1.494410753250122,1.18349,184.86000061035156,,,,,,,326.9,5.188888888,326.9,5.188888888,,,,,,,,,,,,,,,,,,,"Ian Happ","17919",664023
"Michael Busch","CHC",58,252,216,54,32,11,1,10,31,34,30,1,60,5,2,0,,2,0,0.248424,0.117524,0.23729,0.495275,0.348699,0.447021,0.348253,0.79572,0.198597,4.02927,0.295537,0,-0.127747,36.4364,6.37402,121.622,-0.127747,1.42952,6.464370205998421,-3.088845133781433,1.17305,106.45999908447266,,,,,,,326.8,5.634482758,326.8,5.634482758,,,,,,,,,,,,,,,,,,,"Michael Busch","26319",683737
"Matt Chapman","SFG",44,191,166,41,23,10,1,7,24,23,21,0,46,3,1,0,,2,1,0.24363,0.109452,0.240184,0.455702,0.334808,0.430707,0.335688,0.765516,0.187077,3.76834,0.294178,0,-0.257722,25.6922,2.88625,113.789,-0.257722,1.71818,2.931486189365387,2.4005857706069946,1.17029,163.6199951171875,,,,,,,237.1,5.388636363,237.1,5.388636363,,,,,,,,,,,,,,,,,,,"Matt Chapman","16505",656305
"Gleyber Torres","DET",53,229,198,52,37,9,0,6,29,25,28,1,41,2,2,0,,2,1,0.262768,0.120249,0.177584,0.677139,0.355038,0.40033,0.336051,0.755367,0.137562,3.07483,0.301323,0,-0.365901,30.8203,3.52227,114.263,-0.365901,-0.632003,3.4708931744098663,-0.1460457146167755,1.161,261.510009765625,,,,,,,266.7,5.032075471,266.7,5.032075471,,,,,,,,,,,,,,,,,,,"Gleyber Torres","16997",650402
"Caleb Durbin","BOS",57,247,219,55,35,14,1,5,32,29,17,0,28,7,1,2,,10,3,0.250491,0.0701806,0.111244,0.630872,0.324331,0.394331,0.318587,0.718662,0.143839,5.90719,0.264183,0,0.445171,29.8387,0.302382,98.2145,0.445171,1.83868,-0.07451838254928589,2.722473919391632,1.16013,219.8300018310547,,,,,,,264.9,4.647368421,264.9,4.647368421,,,,,,,,,,,,,,,,,,,"Caleb Durbin","29646",702332
"Maikel Garcia","KCR",51,220,199,53,37,11,1,3,27,24,19,0,33,0,1,1,,7,2,0.266317,0.0848026,0.151587,0.559431,0.327971,0.389452,0.317121,0.717423,0.123136,5.78289,0.302965,0,0.200724,26.2168,0.00700341,98.3965,0.200724,3.03223,-0.21342258155345917,3.8164936900138855,1.15628,63.150001525878906,,,,,,,228.3,4.476470588,228.3,4.476470588,,,,,,,,,,,,,,,,,,,"Maikel Garcia","22715",672580
"Willy Adames","SFG",63,272,244,57,33,13,1,11,34,32,25,1,70,1,1,0,,4,1,0.232425,0.091787,0.257122,0.356978,0.305692,0.419932,0.316676,0.725624,0.187507,4.0683,0.279503,0,-0.124353,32.3915,-0.0897013,101.038,-0.124353,-0.642814,0.21743124723434448,2.272926926612854,1.1504,133.92999267578125,,,,,,,304.8,4.838095238,304.8,4.838095238,,,,,,,,,,,,,,,,,,,"Willy Adames","15986",642715
"Brayan Rocchio","CLE",56,242,216,54,37,11,1,4,27,26,19,0,41,4,2,2,,7,3,0.250624,0.0779105,0.170958,0.455729,0.31985,0.377434,0.309737,0.697284,0.12681,5.13715,0.289138,0,-0.148488,27.4875,-1.44541,97.5525,-0.148488,0.812964,-0.8462961167097092,3.3694452047348022,1.12928,999,,,,,,,235.5,4.205357142,235.5,4.205357142,,,,,,,,,,,,,,,,,,,"Brayan Rocchio","23690",677587
"Ryan Jeffers","MIN",48,195,169,43,26,9,1,6,23,24,21,0,39,4,1,0,,1,0,0.252702,0.107589,0.197984,0.543422,0.345374,0.426803,0.340246,0.772177,0.174101,3.30112,0.290999,0,-0.223869,26.9059,3.66228,116.645,-0.223869,-1.18737,3.588627338409424,0.3302271366119385,1.09863,298.05999755859375,,,,,,,236.9,4.935416666,236.9,4.935416666,,,,,,,,,,,,,,,,,,,"Ryan Jeffers","24618",680777
"Bryson Stott","PHI",57,248,223,57,40,10,2,5,29,28,21,0,42,1,1,1,,11,1,0.255886,0.0863483,0.16849,0.512484,0.322951,0.391101,0.31522,0.714051,0.135215,6.27309,0.291225,0,1.30169,29.2388,-0.374915,96.1015,1.30169,1.65998,0.13083326816558838,2.586829125881195,1.09408,181.44000244140625,,,,,,,267.7,4.696491228,267.7,4.696491228,,,,,,,,,,,,,,,,,,,"Bryson Stott","26294",681082
"Kody Clemens","MIN",46,197,179,42,22,9,2,9,25,27,14,1,46,2,1,1,,3,1,0.235761,0.0697388,0.23472,0.297115,0.297114,0.454545,0.323274,0.751659,0.218785,5.76468,0.267895,0,0.0633707,24.476,0.989317,104.93,0.0633707,2.22487,1.2044766768813133,2.3980209827423096,1.07396,700.7000122070312,,,,,,,229.2,4.982608695,229.2,4.982608695,,,,,,,,,,,,,,,,,,,"Kody Clemens","20572",665019
"Sal Stewart","CIN",61,264,236,62,37,14,0,11,35,40,25,1,53,2,2,0,,6,1,0.260891,0.0927871,0.199682,0.464674,0.333491,0.454612,0.342398,0.788103,0.193721,4.24835,0.291753,0,0.375343,36.9984,5.4352,111.095,0.375343,1.56302,3.9270419478416443,-1.941915512084961,1.07389,161.8699951171875,,,,,,,344.8,5.652459016,344.8,5.652459016,,,,,,,,,,,,,,,,,,,"Sal Stewart","31505",701398
"Rafael Devers","SFG",63,272,238,60,33,15,0,12,35,37,31,4,68,2,2,0,,1,0,0.254027,0.112887,0.251071,0.449621,0.341894,0.476818,0.350587,0.818712,0.222791,2.49598,0.302025,0,-0.336264,39.8836,7.40241,123.781,-0.336264,-0.3687,7.497634768486023,-5.827958792448044,1.06737,61.619998931884766,,,,,,,355.2,5.638095238,355.2,5.638095238,,,,,,,,,,,,,,,,,,,"Rafael Devers","17350",646240
"Tommy Edman","LAD",50,217,197,51,34,10,1,6,29,25,15,0,39,2,1,1,,5,1,0.258934,0.0702226,0.180128,0.389849,0.317377,0.410871,0.319568,0.728248,0.151937,5.99755,0.294377,0,0.452834,26.307,0.437547,101.114,0.452834,2.01187,0.7451045513153076,2.622982919216156,1.05632,730.1199951171875,,,,,,,237.4,4.748,237.4,4.748,,,,,,,,,,,,,,,,,,,"Tommy Edman","19470",669242
"Brandon Nimmo","TEX",58,252,223,56,36,12,1,7,30,27,23,0,55,4,1,0,,3,0,0.252525,0.0903741,0.219073,0.412529,0.331573,0.418274,0.329668,0.749847,0.165748,4.78322,0.301856,0,0.0772969,32.636,2.57362,111.533,0.0772969,0.944563,3.493932917714119,-2.0435540080070496,1.05486,145.4600067138672,,,,,,,283.6,4.889655172,283.6,4.889655172,,,,,,,,,,,,,,,,,,,"Brandon Nimmo","12927",607043
"Garrett Mitchell","MIL",48,208,182,46,28,11,2,5,28,27,23,0,68,2,1,1,,6,3,0.251887,0.109299,0.327691,0.333543,0.338711,0.416981,0.332837,0.755692,0.165094,6.31942,0.371562,0,-0.122199,27.5454,2.6662,110.256,-0.122199,0.240801,2.465536929666996,0.9852454215288162,1.0373,691.1699829101562,,,,,,,243.9,5.08125,243.9,5.08125,,,,,,,,,,,,,,,,,,,"Garrett Mitchell","27555",669003
"Chase Meidroth","CHW",58,250,216,56,43,9,0,4,32,21,27,0,45,3,1,1,,4,2,0.257568,0.108116,0.181468,0.595783,0.347167,0.3528,0.317196,0.699967,0.0952321,4.02443,0.308619,0,-0.204776,29.8328,0.0231115,101.241,-0.204776,0.0247648,0.1598847657442093,0.9797031097114086,1.01578,646.8699951171875,,,,,,,253.3,4.367241379,253.3,4.367241379,,,,,,,,,,,,,,,,,,,"Chase Meidroth","31580",805367
"Josh Naylor","SEA",58,251,227,61,42,11,0,8,27,34,20,2,35,2,1,0,,9,1,0.267761,0.0802401,0.138942,0.577508,0.331307,0.419171,0.326987,0.750478,0.151409,4.32437,0.285406,0,0.884446,31.9724,2.01827,114.872,0.884446,0.200991,5.274307668209076,-4.34160178899765,0.99921,67.45999908447266,,,,,,,302,5.206896551,302,5.206896551,,,,,,,,,,,,,,,,,,,"Josh Naylor","18839",647304
"Brandon Marsh","PHI",55,237,214,59,39,10,1,8,31,29,19,1,65,1,2,1,,5,2,0.275776,0.0817508,0.275437,0.296804,0.336739,0.448031,0.341256,0.78477,0.172255,5.18612,0.359023,0,0.0136876,32.8978,4.64566,113.564,0.0136876,0.519095,3.900004602968693,-1.8133128881454468,0.992583,609.72998046875,,,,,,,290.2,5.276363636,290.2,5.276363636,,,,,,,,,,,,,,,,,,,"Brandon Marsh","20202",669016
"Colt Emerson","SEA",56,242,216,49,32,9,2,5,28,28,20,1,59,5,1,0,,4,2,0.226053,0.0840109,0.24145,0.347944,0.304687,0.360569,0.295723,0.665256,0.134517,5.43846,0.283577,0,-0.353284,24.7295,-4.2034,93.2915,-0.353284,0.861247,-2.2659482061862946,3.417728364467621,0.990528,999,,,,,,,219.9,3.926785714,219.9,3.926785714,,,,,,,,,,,,,,,,,,,"Colt Emerson","33575",806068
"Austin Riley","ATL",61,264,238,58,36,11,1,10,32,33,21,0,71,4,2,0,,2,1,0.245339,0.0800679,0.270187,0.296342,0.315496,0.429436,0.325348,0.744932,0.184097,3.84412,0.305351,0,-0.14612,33.3379,1.77471,104.021,-0.14612,-0.927759,1.141041785478592,0.016685843467712402,0.990178,59.36000061035156,,,,,,,294.4,4.826229508,294.4,4.826229508,,,,,,,,,,,,,,,,,,,"Austin Riley","18360",663586
"Nolan Arenado","ARI",59,255,230,58,38,12,0,7,29,33,19,2,42,3,2,0,,2,0,0.250917,0.0758565,0.166097,0.456699,0.315474,0.403153,0.313983,0.718628,0.152236,3.20511,0.275938,0,-0.103504,29.7671,-0.6408,95.8913,-0.103504,2.00764,-1.370571330189705,2.834804892539978,0.989235,638.0599975585938,,,,,,,265.2,4.494915254,265.2,4.494915254,,,,,,,,,,,,,,,,,,,"Nolan Arenado","9777",571448
"Travis Bazzana","CLE",59,254,220,50,31,11,1,6,33,28,29,0,68,3,2,0,,6,2,0.227905,0.112679,0.268741,0.419286,0.323657,0.375207,0.311838,0.698864,0.147302,5.64466,0.298981,0,0.145379,29.214,-1.08046,99.0028,0.145379,0.451601,-0.15230438113212585,0.8691935539245605,0.987657,999,,,,,,,255.8,4.33559322,255.8,4.33559322,,,,,,,,,,,,,,,,,,,"Travis Bazzana","34967",683953
"Blaze Alexander","BAL",46,200,177,46,32,8,1,4,22,23,15,0,56,4,1,1,,5,2,0.257856,0.0773602,0.281977,0.27435,0.331041,0.392128,0.320748,0.72317,0.134273,4.98206,0.351191,0,-0.299123,24.4213,0.59416,105.416,-0.299123,0.885914,0.9724614918231964,1.4970255494117737,0.969613,745.9099731445312,,,,,,,208,4.52173913,208,4.52173913,,,,,,,,,,,,,,,,,,,"Blaze Alexander","23789",677942
"Oneil Cruz","PIT",41,177,155,38,23,7,1,8,25,24,19,1,56,1,1,0,,11,2,0.247489,0.109707,0.314659,0.348655,0.335001,0.459354,0.343868,0.794356,0.211866,6.70762,0.329021,0,1.18534,24.9492,3.84513,115.045,1.18534,-1.13083,4.405453562736511,-0.6623150110244751,0.962455,92.93000030517578,,,,,,,234.3,5.714634146,234.3,5.714634146,,,,,,,,,,,,,,,,,,,"Oneil Cruz","21711",665833
"Will Smith","LAD",36,141,121,31,20,5,0,5,18,18,16,1,27,2,1,0,,0,0,0.253824,0.115633,0.191951,0.60241,0.350513,0.42898,0.342523,0.779493,0.175155,3.07669,0.285364,0,-0.208024,19.782,2.91826,116.509,-0.208024,-0.264842,2.615538313984871,2.2407130300998688,0.957789,95.69000244140625,,,,,,,168.1,4.669444444,168.1,4.669444444,,,,,,,,,,,,,,,,,,,"Will Smith","19197",669257
"Kyle Stowers","MIA",58,251,221,55,30,12,2,11,30,36,24,1,73,4,2,0,,1,1,0.246544,0.0947829,0.289168,0.327778,0.329148,0.467416,0.343887,0.796564,0.220872,4.281,0.312915,0,-0.291948,35.4157,5.46157,115.595,-0.291948,0.63145,4.445497989654541,-3.2185494899749756,0.952674,164.42999267578125,,,,,,,319.7,5.512068965,319.7,5.512068965,,,,,,,,,,,,,,,,,,,"Kyle Stowers","26151",669065
"Nick Gonzales","PIT",53,228,208,58,41,11,2,4,28,25,16,0,45,3,1,0,,2,1,0.277807,0.0680665,0.19914,0.341803,0.336477,0.399339,0.32535,0.735817,0.121532,4.41843,0.338442,0,-0.526339,28.7626,1.53156,102.626,-0.526339,0.888092,0.1987466812133789,1.7436476349830627,0.949738,999,,,,,,,255.7,4.824528301,255.7,4.824528301,,,,,,,,,,,,,,,,,,,"Nick Gonzales","27490",693304
"Patrick Bailey","CLE",41,162,147,31,22,6,1,3,16,17,13,0,44,1,1,1,,1,0,0.214404,0.0792521,0.274365,0.288857,0.27848,0.332657,0.272551,0.611137,0.118252,4.10638,0.281404,0,0.0084548,13.4507,-5.84437,71.8847,0.0084548,5.6966,-5.3373441668227315,8.854008913040161,0.93866,747.8900146484375,,,,,,,121.8,2.970731707,121.8,2.970731707,,,,,,,,,,,,,,,,,,,"Patrick Bailey","27478",672275
"Cole Young","SEA",53,228,203,49,34,9,1,5,26,27,20,0,40,3,1,1,,2,2,0.242405,0.0857399,0.177033,0.484316,0.317305,0.376672,0.308157,0.693977,0.134267,4.01958,0.27658,0,-0.545823,25.5779,-1.65307,101.874,-0.545823,0.285878,-0.04290503263473511,1.100693166255951,0.929607,704.2899780273438,,,,,,,217.4,4.101886792,217.4,4.101886792,,,,,,,,,,,,,,,,,,,"Cole Young","31680",702284
"Alec Burleson","STL",61,262,238,65,43,12,1,9,30,37,20,0,38,2,2,0,,2,0,0.275564,0.074983,0.145757,0.514438,0.334231,0.451432,0.341614,0.785663,0.175868,3.75627,0.29303,0,-0.0204384,36.421,5.20845,117.521,-0.0204384,-0.15207,5.525825275108218,-4.94774928689003,0.921831,175.19000244140625,,,,,,,320.9,5.260655737,320.9,5.260655737,,,,,,,,,,,,,,,,,,,"Alec Burleson","27615",676475
"Christian Walker","HOU",62,270,242,56,31,12,1,13,32,38,23,1,67,4,1,0,,1,0,0.232073,0.0838154,0.246635,0.339835,0.307145,0.44064,0.324298,0.747785,0.208567,2.88015,0.265663,0,-0.247564,33.7617,1.57958,106.986,-0.247564,2.29047,1.9680070281028748,-2.524345874786377,0.915858,212.94000244140625,,,,,,,317.2,5.116129032,317.2,5.116129032,,,,,,,,,,,,,,,,,,,"Christian Walker","13419",572233
"Steven Kwan","CLE",53,231,203,54,41,8,1,3,28,19,24,0,21,2,1,2,,5,1,0.2664,0.101743,0.091839,1.10784,0.3466,0.362236,0.318222,0.708836,0.0958357,5.0796,0.284678,0,0.0873464,27.7853,0.213927,103.41,0.0873464,0.555689,1.0136920288205147,-0.20820003747940063,0.914363,169.60000610351562,,,,,,,241.2,4.550943396,241.2,4.550943396,,,,,,,,,,,,,,,,,,,"Steven Kwan","24610",680757
"Hunter Goodman","COL",58,234,214,54,29,11,1,13,31,35,16,1,65,2,1,0,,1,1,0.25145,0.0693685,0.278881,0.248739,0.309832,0.494732,0.34427,0.804564,0.243282,3.62979,0.297699,0,-0.443699,33.0378,5.15625,103.674,-0.443699,-1.13948,0.5952416956424713,0.7964755296707153,0.912017,67.36000061035156,,,,,,,301.3,5.194827586,301.3,5.194827586,,,,,,,,,,,,,,,,,,,"Hunter Goodman","29715",696100
"Luis Campusano","SDP",40,157,139,36,23,7,0,5,20,19,15,0,33,1,1,0,,0,0,0.255171,0.0986384,0.207286,0.475856,0.332859,0.423715,0.332887,0.756574,0.168544,2.75644,0.295526,0,-0.150436,20.742,2.01345,113.241,-0.150436,-1.24189,2.364538073539734,1.4360407590866089,0.90256,999,,,,,,,177.9,4.4475,177.9,4.4475,,,,,,,,,,,,,,,,,,,"Luis Campusano","22217",669134
"Jung Hoo Lee","SFG",58,249,229,64,45,13,3,4,30,25,16,0,24,2,2,0,,3,1,0.281503,0.0631496,0.096898,0.651712,0.331495,0.414977,0.326654,0.746472,0.133474,5.23482,0.298602,0,-0.205838,31.6518,1.9349,107.73,-0.205838,0.841147,2.1238245964050293,-1.3301491737365723,0.902275,339.44000244140625,,,,,,,278.7,4.805172413,278.7,4.805172413,,,,,,,,,,,,,,,,,,,"Jung Hoo Lee","33824",808982
"Kyle Teel","CHW",50,199,174,42,30,7,0,5,26,23,21,0,53,2,1,0,,3,1,0.243686,0.10785,0.26756,0.403086,0.330592,0.372409,0.314907,0.703,0.128722,4.1375,0.320665,0,-0.0804575,23.3864,-0.351113,99.6617,-0.0804575,-0.485909,-0.15959447622299194,1.9591524600982666,0.899127,266.8800048828125,,,,,,,200.4,4.008,200.4,4.008,,,,,,,,,,,,,,,,,,,"Kyle Teel","33549",691019
"Carson Kelly","CHC",40,157,139,35,24,6,0,4,19,20,15,0,30,2,1,0,,1,0,0.249713,0.098014,0.191457,0.511936,0.3323,0.393609,0.323035,0.725908,0.143896,2.92708,0.287644,0,-0.194396,19.5177,0.75958,104.708,-0.194396,0.3675,0.7012685984373093,2.921357810497284,0.885375,591.9099731445312,,,,,,,164.9,4.1225,164.9,4.1225,,,,,,,,,,,,,,,,,,,"Carson Kelly","13620",608348
"Jac Caglianone","KCR",55,240,216,56,34,10,1,11,31,30,19,1,57,3,1,0,,2,1,0.259707,0.0804766,0.236219,0.340686,0.328275,0.462715,0.342972,0.79099,0.203009,3.85213,0.303128,0,-0.144046,33.6278,5.03526,116.24,-0.144046,-1.16319,4.431778207421303,-4.25948441028595,0.881146,164.58999633789062,,,,,,,302.7,5.503636363,302.7,5.503636363,,,,,,,,,,,,,,,,,,,"Jac Caglianone","35041",695506
"Luke Keaschall","MIN",51,222,192,50,35,10,1,4,30,24,22,0,35,6,2,0,,9,2,0.261817,0.0968311,0.158728,0.610046,0.35239,0.386021,0.330261,0.73841,0.124204,6.02059,0.299505,0,0.469789,28.9303,2.38011,109.753,0.469789,-1.28754,3.0214829444885254,-2.26531320810318,0.878526,114.8499984741211,,,,,,,255.8,5.015686274,255.8,5.015686274,,,,,,,,,,,,,,,,,,,"Luke Keaschall","33321",807712
"Brandon Lowe","PIT",51,222,199,49,28,10,0,10,29,30,19,0,59,2,2,0,,1,0,0.243342,0.0870174,0.263149,0.330677,0.312191,0.447057,0.328892,0.759248,0.203716,3.31717,0.290966,0,-0.166876,28.6832,2.13294,105.001,-0.166876,-0.237303,1.1797487288713455,0.23121553659439087,0.87714,187.57000732421875,,,,,,,263.3,5.162745098,263.3,5.162745098,,,,,,,,,,,,,,,,,,,"Brandon Lowe","18882",664040
"Jarren Duran","BOS",59,253,228,55,31,13,3,8,32,31,20,0,65,3,2,0,,9,2,0.240562,0.0779131,0.256085,0.304247,0.307088,0.425922,0.318772,0.73301,0.18536,7.16784,0.299022,0,0.940842,30.5959,0.347807,98.3424,0.940842,2.74606,0.446768581867218,-0.8210721015930176,0.875853,64.04000091552734,,,,,,,290.5,4.923728813,290.5,4.923728813,,,,,,,,,,,,,,,,,,,"Jarren Duran","24617",680776
"Francisco Alvarez","NYM",41,163,145,34,21,6,0,7,18,22,15,0,44,2,1,0,,0,0,0.238135,0.0906284,0.269504,0.336278,0.316083,0.432487,0.327037,0.74857,0.194352,2.23628,0.287195,0,-0.150664,20.7263,1.3145,108.885,-0.150664,-0.925506,1.5984448790550232,1.7430124878883362,0.875008,165.25,,,,,,,179.6,4.380487804,179.6,4.380487804,,,,,,,,,,,,,,,,,,,"Francisco Alvarez","26121",682626
"Zack Gelof","ATH",44,188,169,41,25,9,0,7,26,24,15,0,57,2,1,1,,6,1,0.243314,0.0813854,0.301613,0.269834,0.311048,0.422631,0.321143,0.733679,0.179317,5.7142,0.322024,0,0.469289,23.0808,0.620414,101.372,0.469289,0.828621,0.7730013728141785,1.1284667551517487,0.870859,999,,,,,,,212.1,4.820454545,212.1,4.820454545,,,,,,,,,,,,,,,,,,,"Zack Gelof","29766",680869
"Tyler Soderstrom","ATH",60,258,229,58,33,13,1,11,30,38,25,2,55,2,1,0,,1,1,0.251027,0.0959172,0.213654,0.448937,0.3284,0.457374,0.339799,0.785774,0.206347,3.36355,0.284125,0,-0.371924,35.5056,4.7521,114.25,-0.371924,-1.73202,3.9465336203575134,-4.534021496772766,0.869552,82.8499984741211,,,,,,,322.7,5.378333333,322.7,5.378333333,,,,,,,,,,,,,,,,,,,"Tyler Soderstrom","27467",691016
"Henry Bolte","ATH",46,200,177,44,30,8,1,4,23,24,16,0,68,5,1,0,,10,2,0.247499,0.0798464,0.342141,0.233373,0.324637,0.37572,0.312294,0.700357,0.128221,6.88273,0.375496,0,0.823886,23.0661,-0.776443,95.2644,0.823886,1.03715,-0.2887483239173889,1.7092130780220032,0.863945,999,,,,,,,212.3,4.615217391,212.3,4.615217391,,,,,,,,,,,,,,,,,,,"Henry Bolte","31448",703607
"Lars Nootbaar","STL",50,217,188,46,29,10,1,6,28,22,27,1,45,1,1,0,,2,1,0.245996,0.122245,0.207291,0.589725,0.340439,0.408026,0.330146,0.748465,0.16203,3.87633,0.289286,0,-0.441636,28.2581,2.30614,109.829,-0.441636,1.61069,2.1453783810138702,-0.7189359664916992,0.862158,745.989990234375,,,,,,,245.7,4.914,245.7,4.914,,,,,,,,,,,,,,,,,,,"Lars Nootbaar","21454",663457
"Nathan Lukes","TOR",41,177,158,43,32,7,1,3,20,20,13,0,28,2,1,2,,1,1,0.274853,0.07567,0.156451,0.483667,0.338836,0.395434,0.324999,0.73427,0.120582,3.29965,0.312272,0,-0.494559,22.2134,1.13514,107.499,-0.494559,2.76211,1.0630914568901062,1.0354105234146118,0.849041,999,,,,,,,181.1,4.41707317,181.1,4.41707317,,,,,,,,,,,,,,,,,,,"Nathan Lukes","18123",664770
"J.T. Realmuto","PHI",50,196,176,42,27,9,1,6,22,22,14,0,45,4,1,0,,3,1,0.240286,0.0720053,0.2309,0.311847,0.309207,0.393479,0.309523,0.702687,0.153193,4.78092,0.290456,0,0.10578,22.1685,-1.20151,92.2805,0.10578,-0.041308,-1.7238525450229645,3.6559142470359802,0.841897,212.27000427246094,,,,,,,204.3,4.086,204.3,4.086,,,,,,,,,,,,,,,,,,,"J.T. Realmuto","11739",592663
"Chase DeLauter","CLE",49,211,189,50,33,11,0,6,23,28,20,0,32,0,1,0,,2,1,0.266374,0.0965707,0.152436,0.633515,0.335609,0.423976,0.333601,0.759585,0.157602,2.85307,0.29186,0,-0.470062,28.0189,2.83021,114.024,-0.470062,0.295024,3.0110001862049103,-2.21053147315979,0.841879,999,,,,,,,240.3,4.904081632,240.3,4.904081632,,,,,,,,,,,,,,,,,,,"Chase DeLauter","32127",800050
"Sam Antonacci","CHW",52,226,190,50,36,9,2,2,32,26,19,0,37,13,1,3,,10,3,0.260262,0.0857927,0.163043,0.526196,0.365328,0.366338,0.332314,0.731666,0.106076,7.28429,0.309993,0,0.529056,29.8019,2.79787,111.677,0.529056,-1.33756,3.6363320350646973,-3.3838592767715454,0.841274,999,,,,,,,252.9,4.863461538,252.9,4.863461538,,,,,,,,,,,,,,,,,,,"Sam Antonacci","35101",803011
"Bryan Reynolds","PIT",61,262,229,60,38,13,1,8,32,32,28,1,62,4,1,0,,3,1,0.261124,0.106928,0.238087,0.449114,0.349331,0.428539,0.341884,0.77787,0.167416,4.33408,0.325,0,-0.0344337,36.5986,5.28298,113.714,-0.0344337,-1.51319,4.3211018070578575,-4.56874680519104,0.841142,204.72000122070312,,,,,,,324.5,5.319672131,324.5,5.319672131,,,,,,,,,,,,,,,,,,,"Bryan Reynolds","19326",668804
"J.P. Crawford","SEA",58,251,216,50,35,9,0,6,28,22,30,0,49,3,1,1,,2,1,0.232906,0.121042,0.194365,0.622758,0.333019,0.35659,0.311369,0.689609,0.123684,2.85149,0.273741,0,-0.41877,28.7902,-1.16389,104.091,-0.41877,-2.62909,0.7889328002929688,-1.4272384643554688,0.840263,748.5399780273438,,,,,,,246.5,4.25,246.5,4.25,,,,,,,,,,,,,,,,,,,"J.P. Crawford","15491",641487
"Ozzie Albies","ATL",63,270,245,63,41,13,1,8,35,33,20,1,39,3,3,0,,3,2,0.255942,0.073264,0.146019,0.501745,0.31476,0.413428,0.317623,0.728188,0.157486,4.04939,0.271583,0,-0.34086,32.3834,0.118834,98.8401,-0.34086,-0.783302,-0.7204062044620514,0.18212991952896118,0.837985,150.5,,,,,,,295.5,4.69047619,295.5,4.69047619,,,,,,,,,,,,,,,,,,,"Ozzie Albies","16556",645277
"Casey Schmitt","SFG",57,246,228,60,39,11,1,9,28,32,13,0,52,4,2,0,,3,1,0.263009,0.0510123,0.211877,0.240764,0.309257,0.441828,0.325358,0.751085,0.178818,3.98175,0.300029,0,0.0960626,31.0247,1.6534,106.86,0.0960626,-0.195179,2.1396371722221375,-2.004593014717102,0.82608,999,,,,,,,284.1,4.984210526,284.1,4.984210526,,,,,,,,,,,,,,,,,,,"Casey Schmitt","27577",669477
"Joe Mack","MIA",45,177,161,37,24,7,0,6,22,23,13,0,48,2,1,1,,1,0,0.228968,0.0736773,0.269222,0.273667,0.29325,0.382852,0.297536,0.676101,0.153883,3.71804,0.287252,0,-0.0972119,18.3489,-2.81351,84.5073,-0.0972119,2.28808,-3.4223114028573036,5.751038551330566,0.820966,999,,,,,,,169.8,3.773333333,169.8,3.773333333,,,,,,,,,,,,,,,,,,,"Joe Mack","29780",691788
"Evan Carter","TEX",46,197,169,38,24,7,2,5,25,21,22,0,47,3,1,1,,8,2,0.222203,0.112984,0.236686,0.477358,0.322027,0.371606,0.310051,0.693634,0.149403,7.11278,0.275496,0,0.779076,22.3734,-1.1237,97.9927,0.779076,-0.0233817,0.3142845928668976,0.6797046903520823,0.810358,280.4800109863281,,,,,,,207.1,4.502173913,207.1,4.502173913,,,,,,,,,,,,,,,,,,,"Evan Carter","27790",694497
"Jake Bauers","MIL",44,188,161,39,21,8,1,9,26,29,24,1,53,2,1,0,,5,1,0.243558,0.128572,0.281664,0.456472,0.346676,0.476585,0.356419,0.82326,0.233026,5.23663,0.299708,0,0.334607,28.4701,6.00967,126.072,0.334607,-1.58271,6.273439705371857,-4.488110065460205,0.801891,999,,,,,,,255.6,5.809090909,255.6,5.809090909,,,,,,,,,,,,,,,,,,,"Jake Bauers","15194",641343
"Ezequiel Duran","TEX",52,223,206,53,35,12,1,6,26,28,13,0,52,2,2,1,,6,1,0.258296,0.0598872,0.233222,0.256782,0.306621,0.408583,0.312495,0.715204,0.150287,5.4243,0.316198,0,0.334889,25.7768,-0.830128,99.6796,0.334889,-0.792685,0.2508755996823311,-0.43080198764801025,0.78553,999,,,,,,,241.3,4.640384615,241.3,4.640384615,,,,,,,,,,,,,,,,,,,"Ezequiel Duran","23733",677649
"Carter Jensen","KCR",48,197,176,43,27,9,1,6,24,26,19,0,53,1,2,0,,2,0,0.245375,0.0955532,0.270934,0.35268,0.317946,0.415779,0.320782,0.733725,0.170403,4.67115,0.311641,0,0.0666187,24.0978,0.591583,100.923,0.0666187,0.0401879,0.28049517422914505,0.4577804058790207,0.784762,999,,,,,,,216.8,4.516666666,216.8,4.516666666,,,,,,,,,,,,,,,,,,,"Carter Jensen","29478",695600
"Jackson Holliday","BAL",50,214,188,46,30,8,1,6,28,22,23,0,48,1,2,0,,5,3,0.241985,0.106397,0.22629,0.470177,0.325999,0.394831,0.318945,0.720831,0.152847,5.06168,0.291245,0,-0.277449,25.8526,0.32353,104.171,-0.277449,-1.53213,0.7718928158283234,-0.7275050282478333,0.775664,203.14999389648438,,,,,,,228,4.56,228,4.56,,,,,,,,,,,,,,,,,,,"Jackson Holliday","31781",702616
"Teoscar Hernández","LAD",58,251,229,60,38,11,0,11,32,39,17,1,67,3,2,0,,3,1,0.260974,0.0695163,0.268413,0.25899,0.317771,0.452757,0.333521,0.770528,0.191783,3.60524,0.320826,0,-0.0836758,33.3035,3.34939,110.472,-0.0836758,-0.937917,3.097495384514332,-3.626805603504181,0.774983,125.41999816894531,,,,,,,305.2,5.262068965,305.2,5.262068965,,,,,,,,,,,,,,,,,,,"Teoscar Hernandez","13066",606192
"Jose Altuve","HOU",58,250,225,58,38,11,1,8,33,26,22,1,47,2,1,0,,4,2,0.256172,0.0869028,0.189242,0.459214,0.325841,0.415373,0.324416,0.741213,0.159201,4.18844,0.2906,0,-0.255775,31.3239,1.48842,107.068,-0.255775,-3.30682,1.8222608864307404,-3.2967861890792847,0.752074,116.5199966430664,,,,,,,286.6,4.94137931,286.6,4.94137931,,,,,,,,,,,,,,,,,,,"Jose Altuve","5417",514888
"Austin Wells","NYY",46,180,161,34,20,7,0,7,19,23,17,0,46,1,1,0,,2,0,0.210641,0.0929713,0.255858,0.36337,0.289441,0.385196,0.296697,0.674637,0.174555,3.55568,0.247675,0,0.013721,18.5298,-2.98287,88.4943,0.013721,-0.0313982,-2.42537141777575,3.3599599674344063,0.744404,246.13999938964844,,,,,,,173.3,3.767391304,173.3,3.767391304,,,,,,,,,,,,,,,,,,,"Austin Wells","27562",669224
"Spencer Horwitz","PIT",42,180,155,42,28,10,0,5,22,20,21,0,30,2,1,0,,1,0,0.273628,0.114789,0.166661,0.688757,0.364345,0.43206,0.351329,0.796405,0.158431,2.80489,0.309377,0,-0.239507,26.4398,4.99542,120.049,-0.239507,0.535742,4.120819643139839,-2.7133325338363647,0.73556,738.1500244140625,,,,,,,227.1,5.407142857,227.1,5.407142857,,,,,,,,,,,,,,,,,,,"Spencer Horwitz","26477",687462
"José Caballero","NYY",52,223,197,45,31,9,0,6,28,24,19,0,54,4,1,2,,20,6,0.229832,0.0843876,0.242406,0.348125,0.308937,0.364058,0.300686,0.672995,0.134226,6.44537,0.285715,0,1.3596,23.6398,-2.96717,91.2483,1.3596,-0.970135,-0.9350179433822632,0.26026642322540283,0.735466,200.02999877929688,,,,,,,227.7,4.378846153,227.7,4.378846153,,,,,,,,,,,,,,,,,,,"Jose Caballero","23401",676609
"Colton Cowser","BAL",40,174,153,35,23,6,0,6,22,22,17,0,54,2,1,0,,4,1,0.230818,0.100266,0.31189,0.321477,0.31688,0.39546,0.315018,0.712341,0.164642,4.73432,0.311399,0,0.131624,20.4722,-0.291467,101.461,0.131624,0.259481,0.43048301339149475,0.6363325715065002,0.735157,251.72000122070312,,,,,,,178.6,4.465,178.6,4.465,,,,,,,,,,,,,,,,,,,"Colton Cowser","29591",681297
"Dominic Canzone","SEA",46,200,182,46,28,9,1,9,26,28,15,1,44,2,1,0,,1,1,0.254537,0.0757734,0.220288,0.343974,0.315436,0.455263,0.333001,0.770698,0.200726,3.60868,0.287593,0,-0.295427,26.4072,2.58005,119.023,-0.295427,-0.128363,4.171110689640045,-4.100584879517555,0.726897,477.1600036621094,,,,,,,242.1,5.263043478,242.1,5.263043478,,,,,,,,,,,,,,,,,,,"Dominic Canzone","26438",686527
"Matt McLain","CIN",41,176,155,36,22,7,1,6,22,20,18,0,48,2,1,1,,6,1,0.232453,0.103314,0.271214,0.380933,0.319897,0.398068,0.318142,0.717965,0.165615,5.6807,0.297275,0,0.414426,21.1939,0.151813,94.8274,0.414426,1.32669,-0.6894284188747406,2.082248866558075,0.722949,144.3000030517578,,,,,,,197.6,4.819512195,197.6,4.819512195,,,,,,,,,,,,,,,,,,,"Matt McLain","29695",680574
"Heliot Ramos","SFG",58,252,229,60,38,11,1,9,32,32,18,1,60,4,1,0,,2,1,0.261262,0.0702209,0.238459,0.294479,0.322634,0.435891,0.330021,0.758525,0.174629,4.23433,0.316376,0,-0.33156,32.7083,2.64592,109.988,-0.33156,-0.960846,2.7137175798416138,-3.8248889446258545,0.719109,218.8000030517578,,,,,,,296.2,5.106896551,296.2,5.106896551,,,,,,,,,,,,,,,,,,,"Heliot Ramos","22515",671218
"Dylan Crews","WSN",53,228,207,48,33,7,2,6,30,25,16,0,51,5,1,0,,9,2,0.234515,0.0690502,0.223517,0.308926,0.301919,0.377839,0.301134,0.679758,0.143324,6.57747,0.279826,0,0.586976,24.2771,-2.95394,88.2665,0.586976,3.79561,-2.65347683429718,2.247464418411255,0.712136,282.2200012207031,,,,,,,224.4,4.233962264,224.4,4.233962264,,,,,,,,,,,,,,,,,,,"Dylan Crews","33541",686611
"Roman Anthony","BOS",32,137,117,30,19,6,1,4,19,16,19,0,34,1,1,0,,2,1,0.258367,0.136784,0.248577,0.550267,0.364757,0.420551,0.348141,0.785308,0.162183,4.61008,0.332046,0,-0.203614,19.8278,3.45824,118.614,-0.203614,1.23214,2.7990211248397827,-0.6632263660430908,0.710576,50.75,,,,,,,172.7,5.396875,172.7,5.396875,,,,,,,,,,,,,,,,,,,"Roman Anthony","31812",701350
"Ryan O'Hearn","PIT",55,237,212,58,39,10,0,8,30,32,21,1,48,3,1,0,,1,0,0.272829,0.0887131,0.202934,0.437152,0.343669,0.442259,0.342753,0.785928,0.16943,2.86283,0.315096,0,-0.22177,33.1855,4.9333,114.297,-0.22177,-0.371448,3.874814599752426,-4.598300188779831,0.708261,285.44000244140625,,,,,,,290.9,5.289090909,290.9,5.289090909,,,,,,,,,,,,,,,,,,,"Ryan O'Hearn","16442",656811
"Yainer Diaz","HOU",38,152,144,38,25,7,0,5,16,20,6,0,26,1,1,0,,0,0,0.26518,0.0410441,0.171473,0.239362,0.297342,0.431227,0.314803,0.728568,0.166047,2.2074,0.289118,0,-0.285373,17.8596,-0.281136,100.433,-0.285373,-0.953263,-0.20800942182540894,1.7651010155677795,0.705529,113.04000091552734,,,,,,,157.1,4.134210526,157.1,4.134210526,,,,,,,,,,,,,,,,,,,"Yainer Diaz","23003",673237
"Jake Burger","TEX",61,263,242,59,34,11,0,13,31,41,16,0,67,4,2,0,,1,0,0.241722,0.0613565,0.255532,0.240113,0.297038,0.449156,0.322443,0.746194,0.207434,2.51785,0.279678,0,-0.261506,32.5914,1.14678,106.547,-0.261506,0.423535,1.7670494616031647,-4.363655656576157,0.687155,236.72000122070312,,,,,,,304.4,4.990163934,304.4,4.990163934,,,,,,,,,,,,,,,,,,,"Jake Burger","22275",669394
"Dalton Rushing","LAD",30,121,105,25,14,5,0,5,16,17,12,0,33,3,1,0,,0,0,0.234561,0.100804,0.274965,0.366605,0.32884,0.429768,0.333277,0.758608,0.195208,2.84361,0.29082,0,-0.112098,15.9899,1.58667,110.308,-0.112098,-0.571626,1.3936841562390327,1.4450404644012451,0.685606,745.8300170898438,,,,,,,141.5,4.716666666,141.5,4.716666666,,,,,,,,,,,,,,,,,,,"Dalton Rushing","31382",687221
"Michael Massey","KCR",48,208,193,49,32,11,0,6,22,24,11,0,38,2,2,1,,2,1,0.252443,0.051828,0.184194,0.281378,0.295553,0.399186,0.303325,0.694738,0.146743,3.62864,0.286218,0,-0.14849,22.5232,-2.32507,88.8739,-0.14849,1.63273,-2.8728319257497787,2.1318076848983765,0.675635,999,,,,,,,209.7,4.36875,209.7,4.36875,,,,,,,,,,,,,,,,,,,"Michael Massey","27684",686681
"Anthony Volpe","NYY",34,145,131,30,19,7,1,4,17,16,12,0,35,1,1,0,,5,2,0.23259,0.0831788,0.242418,0.343122,0.300695,0.386405,0.302821,0.687099,0.153814,5.88256,0.288068,0,0.0893253,15.6014,-1.67587,92.7218,0.0893253,1.11561,-1.149820014834404,2.64585542678833,0.673267,641.989990234375,,,,,,,143.5,4.220588235,143.5,4.220588235,,,,,,,,,,,,,,,,,,,"Anthony Volpe","27647",683011
"Luis Robert Jr.","NYM",37,160,144,34,22,7,0,6,20,22,13,1,42,1,1,0,,7,2,0.237421,0.0821539,0.261246,0.314469,0.305997,0.404584,0.310268,0.710581,0.167164,4.86595,0.292153,0,0.340732,18.1783,-0.883385,97.638,0.340732,1.06382,-0.11588132381439209,1.5527086555957794,0.672622,105.63999938964844,,,,,,,172.8,4.67027027,172.8,4.67027027,,,,,,,,,,,,,,,,,,,"Luis Robert Jr.","20043",673357
"Brendan Donovan","SEA",32,140,122,32,23,6,0,3,16,14,13,0,21,3,1,0,,1,1,0.265882,0.0955869,0.148015,0.645793,0.351625,0.397081,0.332898,0.748706,0.131199,3.36074,0.297205,0,-0.34275,18.4734,1.79439,118.952,-0.34275,-0.348318,2.772186279296875,-1.1122066974639893,0.671782,268.5799865722656,,,,,,,149.9,4.684375,149.9,4.684375,,,,,,,,,,,,,,,,,,,"Brendan Donovan","24679",680977
"Jake Mangum","PIT",34,148,137,40,31,7,1,1,17,13,7,0,25,2,1,1,,7,2,0.290967,0.0491919,0.165637,0.296986,0.334019,0.382726,0.316929,0.716745,0.0917591,5.80418,0.344182,0,0.296749,17.6818,-0.0183458,96.9776,0.296749,2.18403,-0.2458043396472931,2.021063059568405,0.669202,672.4199829101562,,,,,,,157.1,4.620588235,157.1,4.620588235,,,,,,,,,,,,,,,,,,,"Jake Mangum","26202",663968
"Jeff McNeil","ATH",49,211,189,49,34,10,1,4,21,22,17,1,25,4,2,1,,1,1,0.262196,0.078097,0.118944,0.656587,0.331649,0.389696,0.318599,0.721345,0.1275,3.29816,0.282599,0,-0.310652,25.4852,0.260382,99.6166,-0.310652,-0.975316,-0.4059504270553589,-0.5927541851997375,0.660937,440.5199890136719,,,,,,,219.8,4.485714285,219.8,4.485714285,,,,,,,,,,,,,,,,,,,"Jeff McNeil","15362",643446
"Spencer Torkelson","DET",60,261,228,52,28,12,0,12,32,36,28,1,73,3,1,0,,1,0,0.229164,0.105918,0.278863,0.37982,0.318556,0.44354,0.331517,0.762097,0.214376,2.36114,0.277801,0,-0.280573,34.1526,3.05357,111.133,-0.280573,-1.19362,3.1313121616840363,-5.887757301330566,0.660545,188.35000610351562,,,,,,,305.7,5.095,305.7,5.095,,,,,,,,,,,,,,,,,,,"Spencer Torkelson","27465",679529
"Ryan McMahon","NYY",43,185,164,35,21,7,0,6,20,22,19,1,59,1,1,0,,1,1,0.211301,0.102651,0.321127,0.319659,0.295696,0.372827,0.295929,0.668522,0.161526,3.13371,0.284873,0,-0.312266,18.933,-3.18183,87.9645,-0.312266,2.17813,-2.935094177722931,2.8398571014404297,0.658403,732.8599853515625,,,,,,,167.8,3.902325581,167.8,3.902325581,,,,,,,,,,,,,,,,,,,"Ryan McMahon","15112",641857
"Tyler Stephenson","CIN",43,170,150,36,23,8,0,5,18,21,18,0,47,1,1,0,,0,0,0.238871,0.104737,0.274713,0.38126,0.323235,0.400302,0.319533,0.723537,0.161431,1.86753,0.307885,0,-0.421995,20.6595,0.338854,95.7602,-0.421995,-0.557766,-1.2957569658756256,2.244085729122162,0.658022,294.75,,,,,,,178.8,4.158139534,178.8,4.158139534,,,,,,,,,,,,,,,,,,,"Tyler Stephenson","17988",663886
"Samuel Basallo","BAL",48,198,179,43,25,8,0,9,23,29,16,1,50,1,1,0,,0,0,0.24077,0.0806226,0.251353,0.320755,0.305828,0.447305,0.324962,0.753133,0.206536,1.97663,0.277814,0,-0.283705,24.8687,1.26522,108.325,-0.283705,-0.93931,1.6525777578353882,-2.263383984565735,0.651206,160.94000244140625,,,,,,,220.6,4.595833333,220.6,4.595833333,,,,,,,,,,,,,,,,,,,"Samuel Basallo","28824",694212
"Jasson Domínguez","NYY",44,191,173,44,29,8,1,7,26,23,16,0,47,1,1,0,,9,1,0.25295,0.0848482,0.246251,0.34456,0.318659,0.420997,0.323503,0.739656,0.168047,6.09925,0.309016,0,1.03453,23.802,0.996088,106.997,1.03453,-0.86523,2.607089042663574,-3.119242489337921,0.637097,421.5400085449219,,,,,,,233.4,5.304545454,233.4,5.304545454,,,,,,,,,,,,,,,,,,,"Jasson Dominguez","28080",691176
"Colt Keith","DET",49,211,192,49,32,10,1,6,28,25,17,0,46,2,1,0,,1,0,0.255953,0.0795242,0.218091,0.364638,0.319108,0.413591,0.321041,0.7327,0.157638,4.28393,0.30534,0,-0.103034,25.9041,0.679285,103.902,-0.103034,0.0636686,0.8668866530060768,-2.2627202346920967,0.620757,502.489990234375,,,,,,,232.4,4.742857142,232.4,4.742857142,,,,,,,,,,,,,,,,,,,"Colt Keith","27899",690993
"Justin Crawford","PHI",51,220,200,56,42,9,2,3,31,21,15,0,45,1,1,3,,11,3,0.279438,0.0669864,0.203426,0.329291,0.330458,0.381236,0.315259,0.711693,0.101798,6.88885,0.346917,0,0.676494,25.8849,-0.324891,96.1276,0.676494,-1.46257,-0.3528488278388977,-0.678307831287384,0.620642,999,,,,,,,239.8,4.701960784,239.8,4.701960784,,,,,,,,,,,,,,,,,,,"Justin Crawford","31791",702222
"Kyle Karros","COL",40,171,152,40,26,9,1,3,23,18,17,1,38,2,1,0,,2,0,0.261377,0.0983367,0.224087,0.438833,0.340783,0.398464,0.32624,0.739248,0.137088,5.07437,0.328008,0,0.0514235,21.723,1.27392,91.5819,0.0514235,1.65506,-1.694394439458847,2.206759035587311,0.617463,999,,,,,,,192.8,4.82,192.8,4.82,,,,,,,,,,,,,,,,,,,"Kyle Karros","33252",691720
"Trevor Larnach","MIN",42,180,158,41,26,9,0,5,23,21,19,1,40,1,1,0,,1,1,0.256981,0.105445,0.222049,0.47487,0.339773,0.416376,0.332755,0.756148,0.159395,3.11055,0.311493,0,-0.38376,23.7306,2.28615,111.474,-0.38376,-0.138056,2.040985256433487,-2.3482407331466675,0.616699,748.52001953125,,,,,,,203.8,4.852380952,203.8,4.852380952,,,,,,,,,,,,,,,,,,,"Trevor Larnach","21501",663616
"Jake Cronenworth","SDP",57,246,212,49,32,9,1,6,29,25,27,0,50,5,1,1,,2,1,0.229339,0.108593,0.201732,0.538302,0.329102,0.365842,0.31237,0.694943,0.136503,4.25222,0.271909,0,-0.190529,28.4301,-0.941188,99.4808,-0.190529,-1.64579,-0.3452000916004181,-1.5940876603126526,0.616208,738.2999877929688,,,,,,,247.6,4.343859649,247.6,4.343859649,,,,,,,,,,,,,,,,,,,"Jake Cronenworth","18036",630105
"Jakob Marsee","MIA",51,222,189,42,28,8,2,4,27,22,27,0,46,3,1,3,,12,5,0.224925,0.120247,0.2082,0.577558,0.330475,0.361594,0.312144,0.692069,0.136669,6.73067,0.273271,0,0.10997,25.6585,-0.891737,94.3046,0.10997,-0.547199,-1.4236046820878983,0.24724555015563965,0.615366,137.0800018310547,,,,,,,217.2,4.258823529,217.2,4.258823529,,,,,,,,,,,,,,,,,,,"Jakob Marsee","31370",805300
"Cedric Mullins","TBR",50,218,193,42,27,7,1,7,25,24,19,0,48,2,1,2,,9,3,0.21622,0.0889196,0.218444,0.407059,0.293596,0.371325,0.294887,0.664921,0.155105,5.86159,0.248034,0,0.528646,22.056,-3.92179,85.21,0.528646,0.758082,-3.257458448410034,1.5353965759277344,0.610497,321.5,,,,,,,205.7,4.114,205.7,4.114,,,,,,,,,,,,,,,,,,,"Cedric Mullins","17929",656775
"Romy Gonzalez","BOS",37,161,150,40,25,8,2,4,20,22,8,0,42,2,1,0,,4,2,0.264343,0.0519266,0.262191,0.198049,0.308746,0.434532,0.321363,0.743278,0.170189,6.37658,0.33789,0,-0.213513,19.776,0.5596,100.131,-0.213513,1.07015,-0.18875437043607235,0.45255327224731445,0.607173,999,,,,,,,178.2,4.816216216,178.2,4.816216216,,,,,,,,,,,,,,,,,,,"Romy Gonzalez","21562",663853
"Josh Bell","MIN",53,228,202,51,32,11,0,8,26,31,23,0,45,2,1,0,,0,1,0.253861,0.0991837,0.195763,0.506651,0.332424,0.430887,0.334597,0.763311,0.177026,1.95511,0.286834,0,-0.497666,30.4752,3.24418,112.746,-0.497666,-0.0542932,2.922498345375061,-5.106144946068525,0.601653,636.3300170898438,,,,,,,262.9,4.960377358,262.9,4.960377358,,,,,,,,,,,,,,,,,,,"Josh Bell","13145",605137
"Kyle Manzardo","CLE",51,222,196,46,27,9,1,9,25,27,22,1,59,3,1,0,,1,0,0.234552,0.100538,0.263196,0.381991,0.3202,0.425312,0.326219,0.745512,0.19076,3.12932,0.285265,0,-0.157333,28.2004,1.65017,108.929,-0.157333,0.38594,2.1788665056228638,-4.197393327951431,0.597795,253.4600067138672,,,,,,,254.9,4.998039215,254.9,4.998039215,,,,,,,,,,,,,,,,,,,"Kyle Manzardo","29794",700932
"Paul Goldschmidt","NYY",38,165,149,39,24,8,0,7,21,23,14,1,38,1,1,0,,1,0,0.261824,0.0831147,0.231525,0.358988,0.327113,0.45031,0.337206,0.777423,0.188485,3.38598,0.307808,0,-0.0392338,22.3921,2.69603,116.456,-0.0392338,0.140404,3.1546624563634396,-3.1372199952602386,0.596737,748.3599853515625,,,,,,,205.3,5.402631578,205.3,5.402631578,,,,,,,,,,,,,,,,,,,"Paul Goldschmidt","9218",502671
"Ben Williamson","TBR",32,137,125,33,24,6,1,1,16,14,10,0,27,2,1,0,,4,1,0.263651,0.0731703,0.195164,0.374916,0.324642,0.364069,0.306521,0.68871,0.100418,5.72288,0.323481,0,0.207006,15.1937,-1.17582,93.2408,0.207006,0.91869,-0.8833180665969849,1.770542025566101,0.584251,999,,,,,,,133.1,4.159375,133.1,4.159375,,,,,,,,,,,,,,,,,,,"Ben Williamson","33197",810938
"Ezequiel Tovar","COL",58,253,234,58,35,14,1,7,29,28,13,0,63,1,2,1,,3,1,0.246766,0.0523994,0.249661,0.209882,0.288217,0.408958,0.302416,0.697175,0.162192,4.63173,0.304139,0,-0.122205,27.161,-3.00968,75.6032,-0.122205,2.40124,-7.587239652872086,5.109576463699341,0.583849,209.22999572753906,,,,,,,247.8,4.272413793,247.8,4.272413793,,,,,,,,,,,,,,,,,,,"Ezequiel Tovar","24064",678662
"Alec Bohm","PHI",53,228,209,54,37,11,1,6,24,30,15,1,35,3,2,0,,1,0,0.260116,0.0668241,0.152584,0.437951,0.315956,0.407394,0.316505,0.72335,0.147278,2.89384,0.283167,0,-0.199427,27.1242,-0.106762,96.9632,-0.199427,-1.19823,-1.0380881577730179,-0.6889673471450806,0.578479,239.8699951171875,,,,,,,243.3,4.590566037,243.3,4.590566037,,,,,,,,,,,,,,,,,,,"Alec Bohm","21618",664761
"Kerry Carpenter","DET",49,211,192,47,28,8,1,10,26,34,15,1,54,3,2,0,,1,1,0.246404,0.0695494,0.256974,0.270647,0.308312,0.465307,0.332744,0.773619,0.218903,3.61676,0.285784,0,-0.385117,27.912,2.68724,111.98,-0.385117,-0.695006,2.59276083111763,-4.530962884426117,0.565883,236.22000122070312,,,,,,,247.2,5.044897959,247.2,5.044897959,,,,,,,,,,,,,,,,,,,"Kerry Carpenter","25961",681481
"Tristan Peters","CHW",42,182,164,41,27,9,2,3,22,19,15,0,35,2,1,1,,3,2,0.249649,0.0806567,0.193879,0.416016,0.31563,0.385414,0.309325,0.701044,0.135764,5.11732,0.297479,0,-0.424922,20.5963,-1.14724,95.8084,-0.424922,-0.236796,-1.323034793138504,0.41382087767124176,0.564831,999,,,,,,,182.4,4.342857142,182.4,4.342857142,,,,,,,,,,,,,,,,,,,"Tristan Peters","30063",671976
"Mauricio Dubón","ATL",59,256,238,62,43,13,1,5,30,29,15,0,34,1,1,1,,2,1,0.261239,0.0571857,0.132616,0.431212,0.306514,0.387758,0.305318,0.694273,0.126519,3.8905,0.28554,0,-0.28984,28.0698,-2.44125,90.5876,-0.28984,1.78679,-3.20238795876503,0.3911069631576538,0.55951,743.3800048828125,,,,,,,248.6,4.213559322,248.6,4.213559322,,,,,,,,,,,,,,,,,,,"Mauricio Dubon","16530",643289
"Jake McCarthy","COL",44,188,170,48,33,9,3,4,24,23,12,0,32,3,1,2,,9,2,0.28369,0.0623742,0.170123,0.366641,0.338379,0.435512,0.337948,0.773891,0.151822,7.66839,0.32836,0,0.651998,25.6483,3.18788,99.4342,0.651998,0.549942,0.5231147706508636,-1.145274043083191,0.558312,506.760009765625,,,,,,,236.1,5.36590909,236.1,5.36590909,,,,,,,,,,,,,,,,,,,"Jake McCarthy","21622",664983
"Endy Rodríguez","PIT",26,102,91,22,13,6,1,3,14,12,10,0,22,1,1,0,,1,0,0.244184,0.100885,0.215171,0.468858,0.323873,0.406204,0.321998,0.730077,0.162021,4.38839,0.292936,0,-0.159374,12.5733,0.406851,100.377,-0.159374,0.394159,-0.1128436028957367,2.278418481349945,0.555629,999,,,,,,,118.4,4.553846153,118.4,4.553846153,,,,,,,,,,,,,,,,,,,"Endy Rodriguez","25332",682848
"Jacob Young","WSN",48,208,188,45,34,7,1,3,26,19,13,0,37,3,1,3,,9,3,0.239902,0.0644929,0.178465,0.361375,0.300685,0.334443,0.284784,0.635128,0.0945418,6.48038,0.284944,0,0.257549,19.3894,-5.45887,77.3008,0.257549,3.39561,-5.462759166955948,4.139127433300018,0.55339,746.0700073242188,,,,,,,174.9,3.64375,174.9,3.64375,,,,,,,,,,,,,,,,,,,"Jacob Young","29931",696285
"Curtis Mead","WSN",42,180,160,40,26,8,0,6,21,22,15,0,36,4,1,0,,2,1,0.248834,0.0820354,0.198852,0.412544,0.325847,0.412467,0.326013,0.738314,0.163633,4.20017,0.28551,0,-0.15559,22.7472,1.30283,104.953,-0.15559,-0.95222,0.921615943312645,-1.3290723264217377,0.551932,999,,,,,,,201.6,4.8,201.6,4.8,,,,,,,,,,,,,,,,,,,"Curtis Mead","23986",678554
"Jordan Lawlar","ARI",31,136,120,29,18,7,1,3,18,16,12,0,36,2,1,1,,6,1,0.240235,0.0882147,0.266241,0.331334,0.319936,0.390833,0.314213,0.710769,0.150598,6.74066,0.314861,0,0.460592,15.9237,-0.31691,96.0452,0.460592,1.00951,-0.19080248475074768,1.2059653103351593,0.551928,261.6499938964844,,,,,,,147.2,4.748387096,147.2,4.748387096,,,,,,,,,,,,,,,,,,,"Jordan Lawlar","29976",691783
"Luis García Jr.","WSN",53,228,215,59,38,11,1,9,30,36,12,0,36,0,1,0,,5,2,0.273137,0.050806,0.155836,0.326021,0.309551,0.461106,0.332036,0.770657,0.187969,4.97599,0.289508,0,-0.0263664,30.001,2.76996,108.992,-0.0263664,-0.455804,2.457087069749832,-4.468766748905182,0.549682,261.8500061035156,,,,,,,277.5,5.235849056,277.5,5.235849056,,,,,,,,,,,,,,,,,,,"Luis Garcia Jr.","20391",671277
"Joc Pederson","TEX",42,182,156,36,21,5,1,9,22,22,21,1,43,3,1,0,,1,0,0.230654,0.116733,0.233306,0.500344,0.332562,0.441869,0.33786,0.774431,0.211215,3.37891,0.257308,0,-0.199063,24.8461,3.07676,117.188,-0.199063,0,3.488158628344536,-4.559722423553467,0.549185,999,,,,,,,224.3,5.34047619,224.3,5.34047619,,,,,,,,,,,,,,,,,,,"Joc Pederson","11899",592626
"Lane Thomas","KCR",49,211,187,44,26,10,2,6,25,26,21,0,53,2,1,0,,6,3,0.234915,0.0981628,0.250363,0.392082,0.317027,0.406264,0.318579,0.723291,0.17135,5.54483,0.291192,0,-0.14243,25.4451,0.256474,99.4027,-0.14243,-1.22555,-0.2906976193189621,-1.8162867426872253,0.547716,726.6699829101562,,,,,,,228.2,4.657142857,228.2,4.657142857,,,,,,,,,,,,,,,,,,,"Lane Thomas","16939",657041
"Nolan Schanuel","LAA",51,220,191,50,36,9,0,4,25,23,22,1,32,4,1,1,,2,0,0.263302,0.102118,0.143599,0.711129,0.349823,0.385586,0.3284,0.735409,0.122284,3.11593,0.293063,0,-0.200082,28.2277,2.01782,108.043,-0.200082,-0.291715,1.8772690892219543,-4.294492870569229,0.547174,594.6599731445312,,,,,,,234.5,4.598039215,234.5,4.598039215,,,,,,,,,,,,,,,,,,,"Nolan Schanuel","33189",694384
"Cooper Pratt","MIL",53,229,201,45,33,8,1,3,27,22,22,0,49,3,2,1,,8,1,0.221735,0.0946422,0.214296,0.441643,0.304313,0.313729,0.280183,0.618042,0.0919944,6.03327,0.277036,0,0.753223,20.4468,-6.85121,74.942,0.753223,1.66623,-6.184079587459564,4.116688251495361,0.5459,999,,,,,,,195.5,3.688679245,195.5,3.688679245,,,,,,,,,,,,,,,,,,,"Cooper Pratt","33530",806198
"Coby Mayo","BAL",36,154,138,31,17,7,0,6,18,21,13,0,44,2,1,0,,1,0,0.222945,0.0825948,0.287393,0.287393,0.296094,0.418003,0.311495,0.714098,0.195059,3.71774,0.27671,0,-0.143716,17.6824,-0.698523,99.0287,-0.143716,0.335862,-0.31965412199497223,0.19326922297477722,0.542458,459.1600036621094,,,,,,,159.2,4.422222222,159.2,4.422222222,,,,,,,,,,,,,,,,,,,"Coby Mayo","28312",691723
"Alan Roden","MIN",31,134,118,31,22,6,1,2,17,15,12,0,21,4,1,0,,2,1,0.260668,0.0904994,0.157611,0.574193,0.345931,0.383117,0.325687,0.729048,0.122449,5.03082,0.297944,0,0.0315985,16.9347,0.93646,106.596,0.0315985,0.848258,1.0714507214725018,-0.506371259689331,0.540441,999,,,,,,,146.5,4.725806451,146.5,4.725806451,,,,,,,,,,,,,,,,,,,"Alan Roden","31564",702176
"Isaac Collins","KCR",46,197,167,40,26,9,1,3,24,19,24,0,42,3,1,1,,5,3,0.237747,0.123023,0.213835,0.575316,0.342409,0.371738,0.320822,0.714146,0.133991,5.56016,0.29568,0,-0.273852,24.0843,0.59754,100.951,-0.273852,0.463102,-0.05370521545410156,-1.6452310383319855,0.537589,666.1699829101562,,,,,,,199.1,4.328260869,199.1,4.328260869,,,,,,,,,,,,,,,,,,,"Isaac Collins","25477",686555
"Royce Lewis","MIN",53,228,208,50,30,10,0,9,26,30,18,0,53,1,2,0,,6,1,0.240218,0.0778381,0.233514,0.333333,0.302222,0.421402,0.315073,0.723624,0.181184,4.2452,0.278143,0,0.529696,26.859,-0.371951,99.2697,0.529696,-0.117953,0.33373264968395233,-3.193879082798958,0.533208,193.64999389648438,,,,,,,251.2,4.739622641,251.2,4.739622641,,,,,,,,,,,,,,,,,,,"Royce Lewis","20437",668904
"Cam Smith","HOU",49,213,191,45,29,9,1,5,24,22,18,0,54,3,2,0,,4,1,0.234221,0.0857808,0.252188,0.340146,0.307289,0.378979,0.303888,0.686268,0.144759,5.23238,0.294437,0,0.185811,23.1911,-2.28637,92.8986,0.185811,1.50446,-1.5970658659934998,-0.742453932762146,0.532913,341.8699951171875,,,,,,,207.6,4.236734693,207.6,4.236734693,,,,,,,,,,,,,,,,,,,"Cam Smith","35108",701358
"Eugenio Suárez","CIN",56,244,217,50,27,9,0,14,29,39,22,0,78,4,1,0,,1,1,0.230917,0.089671,0.320808,0.279516,0.310654,0.463887,0.335252,0.774541,0.23297,2.67415,0.288992,0,-0.3171,32.7059,3.59762,106.303,-0.3171,-0.264884,1.5435152351856232,-4.2420443296432495,0.532116,97.91999816894531,,,,,,,297.8,5.317857142,297.8,5.317857142,,,,,,,,,,,,,,,,,,,"Eugenio Suarez","12552",553993
"Vinnie Pasquantino","KCR",57,248,221,55,33,11,1,9,26,35,23,1,38,2,2,0,,1,0,0.248951,0.0941788,0.152245,0.618601,0.323808,0.435233,0.329632,0.759041,0.186282,3.12843,0.259527,0,-0.0581105,32.1417,2.52796,107.032,-0.0581105,-0.946342,1.9940042234957218,-5.580601632595062,0.531685,77.0999984741211,,,,,,,286.1,5.019298245,286.1,5.019298245,,,,,,,,,,,,,,,,,,,"Vinnie Pasquantino","27676",686469
"Marcus Semien","NYM",40,174,156,36,25,6,1,5,22,20,15,0,31,1,1,0,,3,1,0.23303,0.0871312,0.17919,0.48625,0.302767,0.375389,0.299802,0.678156,0.142359,4.66305,0.258662,0,0.00328031,18.3232,-2.44039,90.6187,0.00328031,0.927303,-1.9722331503871828,1.5485997796058655,0.531465,266.25,,,,,,,166.6,4.165,166.6,4.165,,,,,,,,,,,,,,,,,,,"Marcus Semien","12533",543760
"Victor Caratini","MIN",34,139,121,29,21,5,0,4,12,16,12,0,25,4,2,0,,0,0,0.243582,0.0867094,0.180264,0.481013,0.328232,0.368304,0.311268,0.696536,0.124722,1.68651,0.274786,0,-0.147426,15.9354,-0.656058,96.6432,-0.147426,-0.0714104,-0.6962580680847168,0.9878488853573799,0.530691,681.02001953125,,,,,,,141.5,4.161764705,141.5,4.161764705,,,,,,,,,,,,,,,,,,,"Victor Caratini","14968",605170
"George Springer","TOR",47,203,178,44,28,8,1,7,27,23,21,0,40,2,1,0,,4,1,0.245134,0.104188,0.197479,0.527592,0.330648,0.415952,0.329022,0.7466,0.170818,4.97795,0.276918,0,0.215828,26.1527,1.96455,110.276,0.215828,0,2.6652217507362366,-4.652777671813965,0.529575,94.37999725341797,,,,,,,236.9,5.040425531,236.9,5.040425531,,,,,,,,,,,,,,,,,,,"George Springer","12856",543807
"Jordan Walker","STL",61,264,240,61,39,12,1,10,31,36,20,1,70,3,2,0,,5,2,0.25375,0.0755551,0.264275,0.285895,0.315948,0.429309,0.324695,0.745257,0.175559,4.37648,0.31554,0,-0.270426,33.1978,1.63458,106.174,-0.270426,-2.18421,1.705757737159729,-5.101494312286377,0.529479,511.7200012207031,,,,,,,309,5.06557377,309,5.06557377,,,,,,,,,,,,,,,,,,,"Jordan Walker","27475",691023
"Ryan Waldschmidt","ARI",32,139,121,29,20,6,1,2,18,15,14,0,33,3,1,0,,4,2,0.236586,0.100797,0.237129,0.425071,0.327927,0.350549,0.305931,0.678476,0.113963,5.686,0.306098,0,-0.0882576,15.3282,-1.25793,90.491,-0.0882576,2.47167,-1.6877901256084442,2.347591757774353,0.525532,999,,,,,,,136.3,4.259375,136.3,4.259375,,,,,,,,,,,,,,,,,,,"Ryan Waldschmidt","35061",814439
"Ty France","SDP",49,211,190,48,32,9,0,6,22,25,12,1,42,8,1,0,,1,0,0.251539,0.0579533,0.198041,0.292633,0.320026,0.404265,0.31896,0.724291,0.152726,2.63256,0.289696,0,-0.260892,25.5471,0.322351,103.9,-0.260892,1.38801,0.7369384765625,-2.4479501247406006,0.52461,999,,,,,,,223.2,4.55510204,223.2,4.55510204,,,,,,,,,,,,,,,,,,,"Ty France","17982",664034
"Esteury Ruiz","MIA",22,94,81,20,13,5,1,2,14,11,9,0,21,3,1,1,,10,2,0.248776,0.0927033,0.22574,0.410665,0.341584,0.406346,0.33224,0.74793,0.15757,8.4056,0.308003,0,1.01042,12.391,1.15819,107.783,1.01042,0.608925,1.8970590233802795,0.21170294284820557,0.524056,748.530029296875,,,,,,,119.4,5.427272727,119.4,5.427272727,,,,,,,,,,,,,,,,,,,"Esteury Ruiz","21780",665923
"Brooks Lee","MIN",57,245,226,56,37,10,1,7,26,30,16,0,41,1,1,0,,2,1,0.247142,0.0670296,0.168905,0.396847,0.300696,0.398291,0.305966,0.698987,0.15115,3.89219,0.272266,0,-0.359419,27.06,-2.21329,92.9832,-0.359419,-2.36951,-2.383524388074875,-1.289881706237793,0.51262,542.5700073242188,,,,,,,240.1,4.212280701,240.1,4.212280701,,,,,,,,,,,,,,,,,,,"Brooks Lee","31595",686797
"JJ Bleday","CIN",55,238,208,49,26,11,1,11,31,34,27,1,52,1,1,0,,2,1,0.234761,0.115524,0.219621,0.526015,0.32535,0.455147,0.338929,0.780497,0.220385,3.45225,0.256782,0,-0.474361,32.6283,4.22144,108.769,-0.474361,-2.15377,2.0519290268421173,-4.787720203399658,0.508945,748.5800170898438,,,,,,,292.4,5.316363636,292.4,5.316363636,,,,,,,,,,,,,,,,,,,"JJ Bleday","26368",668709
"TJ Rumfield","COL",53,228,202,56,37,12,1,6,26,26,21,0,39,4,1,0,,1,1,0.27588,0.0903991,0.171826,0.526107,0.351603,0.431606,0.344669,0.783209,0.155726,3.14116,0.313574,0,-0.338128,32.249,5.09533,103.942,-0.338128,1.02285,0.7473788261413574,-3.1600221395492554,0.506975,999,,,,,,,282.6,5.332075471,282.6,5.332075471,,,,,,,,,,,,,,,,,,,"TJ Rumfield","29805",681198
"Lawrence Butler","ATH",50,214,192,45,28,9,1,7,28,26,21,0,56,0,1,0,,6,2,0.234421,0.0965794,0.261319,0.369584,0.309077,0.394014,0.309978,0.703091,0.159592,5.18712,0.294079,0,0.141442,24.3348,-1.23547,93.666,0.141442,0.593008,-1.4545822143554688,-1.2060664892196655,0.503227,157.22000122070312,,,,,,,226.4,4.528,226.4,4.528,,,,,,,,,,,,,,,,,,,"Lawrence Butler","22542",671732
"Brett Baty","NYM",37,160,143,35,23,6,0,5,19,19,14,0,40,1,1,0,,2,0,0.243763,0.0886325,0.252558,0.35094,0.315408,0.396186,0.313962,0.711594,0.152423,4.31715,0.302243,0,0.0187807,18.6573,-0.404411,100.116,0.0187807,0.0543227,0.041140662506222725,-0.29197360947728157,0.501872,292.9200134277344,,,,,,,166.2,4.491891891,166.2,4.491891891,,,,,,,,,,,,,,,,,,,"Brett Baty","26123",683146
"Trevor Story","BOS",36,155,144,36,23,8,0,5,18,20,8,0,45,1,1,0,,5,0,0.248766,0.051784,0.287719,0.179981,0.292345,0.406332,0.303162,0.698677,0.157566,5.94993,0.3249,0,0.789723,16.7526,-1.75206,87.5673,0.789723,-0.748831,-1.4773718118667603,0.9122798442840576,0.50181,111.33000183105469,,,,,,,164.3,4.563888888,164.3,4.563888888,,,,,,,,,,,,,,,,,,,"Trevor Story","12564",596115
"Oswald Peraza","LAA",48,208,191,43,30,7,1,6,22,20,12,0,56,4,1,0,,9,2,0.226241,0.0574119,0.269534,0.213004,0.282869,0.356791,0.283411,0.639659,0.130549,5.45343,0.28851,0,0.702325,19.1575,-5.6908,76.9895,0.702325,1.75823,-4.932041525840759,2.461010456085205,0.500601,999,,,,,,,191.7,3.99375,191.7,3.99375,,,,,,,,,,,,,,,,,,,"Oswald Peraza","22823",672724
"Dylan Beavers","BAL",36,157,137,34,21,7,1,4,20,17,18,0,37,1,1,1,,4,2,0.24535,0.111718,0.234902,0.475595,0.332166,0.402181,0.324549,0.734347,0.156831,5.4297,0.303614,0,-0.0294759,19.6722,0.950857,108.039,-0.0294759,-0.750397,1.4536428861320019,-2.105026602745056,0.499623,505.0400085449219,,,,,,,176,4.888888888,176,4.888888888,,,,,,,,,,,,,,,,,,,"Dylan Beavers","31695",687637
"Miguel Amaya","CHC",31,123,107,25,17,5,0,3,14,14,10,0,27,4,1,1,,0,0,0.234907,0.0820871,0.216979,0.378319,0.321785,0.372667,0.311195,0.694452,0.137761,2.39867,0.284229,0,-0.164727,14.036,-0.585471,96.7671,-0.164727,-0.465902,-0.6441233158111572,1.560641497373581,0.497162,745.969970703125,,,,,,,117.7,3.796774193,117.7,3.796774193,,,,,,,,,,,,,,,,,,,"Miguel Amaya","21693",665804
"Sean Murphy","ATL",24,96,84,18,10,4,0,4,10,12,9,0,26,2,1,0,,0,0,0.217236,0.095411,0.276595,0.344948,0.309363,0.40804,0.315752,0.717402,0.190804,1.20269,0.262925,0,-0.115342,11.2997,-0.103134,97.5851,-0.115342,1.08739,-0.39461155980825424,2.1682568788528442,0.494854,746.0599975585938,,,,,,,99,4.125,99,4.125,,,,,,,,,,,,,,,,,,,"Sean Murphy","19352",669221
"Kyle Higashioka","TEX",32,128,117,26,17,5,0,5,13,15,9,0,32,1,1,0,,1,0,0.225583,0.0733153,0.253993,0.288651,0.284893,0.387209,0.295058,0.672102,0.161626,3.05954,0.27093,0,-0.149053,12.9432,-2.2805,87.6442,-0.149053,0.0973343,-2.0026464015245438,2.330667644739151,0.493061,999,,,,,,,122,3.8125,122,3.8125,,,,,,,,,,,,,,,,,,,"Kyle Higashioka","5517",543309
"Joshua Kuroda-Grauer","ATH",39,168,155,42,32,8,0,1,15,15,8,0,19,3,1,1,,4,1,0.268467,0.0494852,0.114234,0.433193,0.317152,0.337282,0.293299,0.654434,0.0688154,3.92851,0.301205,0,-0.105878,16.7995,-3.24213,82.1528,-0.105878,2.19853,-3.630607530474663,2.5087108612060547,0.491902,999,,,,,,,150.6,3.861538461,150.6,3.861538461,,,,,,,,,,,,,,,,,,,"Joshua Kuroda-Grauer","35121",811965
"Tyler O'Neill","BAL",39,168,148,34,20,6,0,8,21,20,18,1,47,2,1,0,,2,0,0.229036,0.106341,0.277553,0.383139,0.318834,0.425569,0.325619,0.744402,0.196533,4.01496,0.279244,0,0.0458766,21.2491,1.16621,108.778,0.0458766,-0.847824,1.7830591462552547,-2.9357874989509583,0.490029,477.6400146484375,,,,,,,198.8,5.097435897,198.8,5.097435897,,,,,,,,,,,,,,,,,,,"Tyler O'Neill","15711",641933
"Carlos Narváez","BOS",37,145,128,28,18,7,0,3,14,14,13,0,40,2,1,1,,1,0,0.218031,0.092905,0.278382,0.333732,0.298436,0.34817,0.288821,0.646606,0.13014,2.51931,0.288168,0,-0.140957,13.9539,-3.32058,77.6688,-0.140957,0.930036,-3.94232439994812,3.6240174770355225,0.489616,443.010009765625,,,,,,,124.2,3.356756756,124.2,3.356756756,,,,,,,,,,,,,,,,,,,"Carlos Narvaez","19722",665966
"Luke Raley","SEA",41,177,156,36,21,7,1,7,20,23,12,0,55,7,1,1,,3,1,0.229909,0.0670839,0.311162,0.215591,0.310796,0.420773,0.3212,0.731569,0.190864,4.58908,0.302568,0,-0.078151,21.6952,0.591175,110.877,-0.078151,-1.36121,2.1839167550206184,-3.6834288835525513,0.485789,748.25,,,,,,,197.3,4.812195121,197.3,4.812195121,,,,,,,,,,,,,,,,,,,"Luke Raley","19354",670042
"Sal Frelick","MIL",40,171,154,41,30,7,1,3,21,19,13,0,21,2,1,1,,5,1,0.264023,0.0786041,0.123652,0.635688,0.327151,0.373279,0.310614,0.70043,0.109255,5.59897,0.289602,0,0.103865,19.4902,-0.896894,95.3512,0.103865,1.81948,-0.8573242723941803,0.07209992408752441,0.484467,216.39999389648438,,,,,,,181.5,4.5375,181.5,4.5375,,,,,,,,,,,,,,,,,,,"Sal Frelick","29622",686217
"Josh Lowe","LAA",42,180,164,40,25,8,1,6,21,21,13,1,50,1,1,1,,7,1,0.244016,0.0727621,0.277985,0.261749,0.301184,0.40891,0.309065,0.710094,0.164894,6.16266,0.313318,0,0.750363,20.2751,-1.16932,94.697,0.750363,0.598658,-0.37025099992752075,-1.244860589504242,0.484376,297.0899963378906,,,,,,,197.8,4.709523809,197.8,4.709523809,,,,,,,,,,,,,,,,,,,"Josh Lowe","19953",666139
"Andrew Vaughn","MIL",47,203,182,48,29,11,1,6,20,29,17,0,37,2,1,0,,0,0,0.261307,0.0818078,0.180287,0.453763,0.329041,0.43575,0.334136,0.764791,0.174444,1.76661,0.292943,0,-0.259663,26.994,2.80583,111.127,-0.259663,-0.686613,2.4698793292045593,-4.305440664291382,0.483335,272.2699890136719,,,,,,,237.8,5.059574468,237.8,5.059574468,,,,,,,,,,,,,,,,,,,"Andrew Vaughn","26197",683734
"Luis Torrens","NYM",27,107,97,23,15,5,0,2,11,11,7,0,24,1,0,1,,0,0,0.237195,0.0655279,0.219938,0.297938,0.295894,0.367479,0.293725,0.663372,0.130283,2.537,0.289185,0,-0.183725,10.7326,-2.02708,86.543,-0.183725,1.07548,-1.9251297563314438,3.1634398698806763,0.478222,999,,,,,,,89.1,3.3,89.1,3.3,,,,,,,,,,,,,,,,,,,"Luis Torrens","15905",620443
"Esmerlyn Valdez","PIT",43,185,166,41,24,8,1,8,22,28,15,0,57,3,1,0,,1,1,0.248167,0.0797229,0.305754,0.260742,0.320086,0.447833,0.334418,0.767919,0.199667,3.3157,0.325783,0,-0.450685,24.7342,2.60906,108.707,-0.450685,-0.547066,1.5031192302703857,-2.8591031432151794,0.474795,999,,,,,,,220.8,5.13488372,220.8,5.13488372,,,,,,,,,,,,,,,,,,,"Esmerlyn Valdez","29005",699013
"Mike Yastrzemski","ATL",33,141,122,28,16,7,1,5,19,16,16,0,34,1,1,0,,1,0,0.232547,0.11421,0.239126,0.477612,0.327282,0.412854,0.325802,0.740136,0.180307,4.12467,0.280065,0,-0.156299,17.8322,0.998448,104.325,-0.156299,1.09433,0.5821246802806854,-0.5007290840148926,0.473859,656.0999755859375,,,,,,,160.7,4.869696969,160.7,4.869696969,,,,,,,,,,,,,,,,,,,"Mike Yastrzemski","14854",573262
"Joey Ortiz","MIL",39,168,151,37,25,8,1,3,20,18,13,0,29,1,1,2,,4,2,0.245769,0.0772811,0.175663,0.439939,0.308377,0.369927,0.300455,0.678303,0.124158,5.33989,0.284696,0,-0.197831,17.7751,-2.26654,88.5379,-0.197831,0.881996,-2.527573734521866,1.7298356294631958,0.473643,743.4400024414062,,,,,,,157.3,4.033333333,157.3,4.033333333,,,,,,,,,,,,,,,,,,,"Joey Ortiz","25493",687401
"Liam Hicks","MIA",46,195,169,44,33,6,1,4,23,25,20,0,25,4,2,1,,1,0,0.26273,0.102254,0.12624,0.81,0.352306,0.383276,0.329245,0.735582,0.120547,3.33016,0.282099,0,-0.100162,25.2614,1.93025,105.774,-0.100162,-0.566789,1.2660697773098946,-2.9704928398132324,0.472898,748.5399780273438,,,,,,,212,4.608695652,212,4.608695652,,,,,,,,,,,,,,,,,,,"Liam Hicks","29844",689414
"Carson Benge","NYM",49,211,189,48,32,8,2,6,29,24,19,1,45,3,1,0,,6,1,0.253393,0.0886526,0.210975,0.420204,0.328763,0.403551,0.32288,0.732314,0.150159,6.43641,0.303246,0,0.378849,26.1822,0.993523,106.097,0.378849,-1.98975,1.9363191723823547,-4.169377565383911,0.470793,999,,,,,,,245.4,5.008163265,245.4,5.008163265,,,,,,,,,,,,,,,,,,,"Carson Benge","35177",701807
"Mickey Moniak","COL",45,194,180,48,27,9,2,10,25,29,10,0,48,2,1,0,,3,1,0.26801,0.0534717,0.249984,0.213901,0.312742,0.507494,0.349872,0.820236,0.239484,5.52063,0.311849,0,-0.183327,28.29,5.15911,107.432,-0.183327,0.0432252,1.5600141137838364,-3.2368675619363785,0.470148,245.8300018310547,,,,,,,259.2,5.76,259.2,5.76,,,,,,,,,,,,,,,,,,,"Mickey Moniak","19956",666160
"Danny Jansen","TEX",27,106,91,18,10,5,0,4,11,11,12,0,26,2,0,0,,0,0,0.19995,0.109532,0.247786,0.442042,0.303179,0.378318,0.304089,0.681497,0.178368,2.28777,0.234211,0,-0.165312,11.5202,-1.11683,93.8773,-0.165312,-0.328521,-0.9277693331241608,1.7393801808357239,0.463851,999,,,,,,,103.9,3.848148148,103.9,3.848148148,,,,,,,,,,,,,,,,,,,"Danny Jansen","16535",643376
"Jesús Sánchez","TOR",35,151,137,35,22,7,0,5,17,20,11,0,35,2,1,0,,2,1,0.253451,0.0731255,0.234525,0.311803,0.313297,0.429395,0.322647,0.742692,0.175944,4.40348,0.301458,0,0.0499531,18.6485,0.680152,105.875,0.0499531,-0.312468,1.090276226401329,-1.966789424419403,0.4541,617.4299926757812,,,,,,,166.3,4.751428571,166.3,4.751428571,,,,,,,,,,,,,,,,,,,"Jesus Sanchez","19913",660821
"Austin Hedges","CLE",21,83,73,17,12,3,0,2,8,7,7,0,19,1,1,2,,1,0,0.227368,0.0842996,0.229908,0.366667,0.300141,0.334035,0.285323,0.634176,0.106667,2.64781,0.282627,0,-0.156135,7.80749,-2.15127,80.7008,-0.156135,1.81013,-2.0500819087028503,3.4397600889205933,0.441432,999,,,,,,,75.6,3.6,75.6,3.6,,,,,,,,,,,,,,,,,,,"Austin Hedges","12976",595978
"Harrison Bader","SFG",38,162,149,35,23,6,0,5,19,19,10,0,41,2,1,0,,4,2,0.235936,0.0598572,0.251224,0.238262,0.290483,0.388634,0.298109,0.679117,0.152698,4.71728,0.28742,0,-0.153953,16.8533,-2.49723,88.585,-0.153953,0.834618,-2.394131362438202,1.4136300683021545,0.436036,554.3099975585938,,,,,,,149.4,3.931578947,149.4,3.931578947,,,,,,,,,,,,,,,,,,,"Harrison Bader","18030",664056
"Edmundo Sosa","PHI",41,177,164,40,26,8,1,5,21,24,6,0,38,4,2,1,,3,0,0.245004,0.0324996,0.217198,0.149631,0.286155,0.402418,0.299619,0.688573,0.157414,5.65489,0.286492,0,0.171574,18.5973,-2.50673,85.6379,0.171574,1.80511,-2.9023824483156204,1.4384385347366333,0.435626,999,,,,,,,171.6,4.185365853,171.6,4.185365853,,,,,,,,,,,,,,,,,,,"Edmundo Sosa","17022",624641
"Konnor Griffin","PIT",22,94,85,22,15,4,1,2,15,12,6,0,24,3,1,0,,5,1,0.260324,0.0603174,0.256437,0.235213,0.326299,0.398458,0.320215,0.724757,0.138134,7.52101,0.335838,0,0.464671,11.4722,0.239446,99.1817,0.464671,0.149769,0.37144703418016434,0.8525467365980148,0.434539,999,,,,,,,108,4.909090909,108,4.909090909,,,,,,,,,,,,,,,,,,,"Konnor Griffin","35376",804606
"Daniel Schneemann","CLE",40,174,157,34,22,8,1,4,20,18,16,0,48,1,1,0,,4,1,0.22015,0.0907081,0.277425,0.326964,0.292625,0.360648,0.290287,0.653272,0.140497,4.72236,0.287844,0,-0.0132258,16.9794,-3.78422,84.1273,-0.0132258,1.12496,-3.2609348334372044,1.3388463258743286,0.432753,999,,,,,,,155.7,3.8925,155.7,3.8925,,,,,,,,,,,,,,,,,,,"Daniel Schneemann","25180",682177
"David Hamilton","MIL",37,159,141,32,23,5,1,4,21,15,14,0,40,1,1,3,,14,3,0.225885,0.0876536,0.24885,0.352235,0.297887,0.349129,0.289027,0.647016,0.123244,7.48251,0.287345,0,1.25454,15.3784,-3.62655,80.8736,1.25454,0.786899,-2.4319475889205933,1.479645848274231,0.429332,743.3300170898438,,,,,,,159.2,4.302702702,159.2,4.302702702,,,,,,,,,,,,,,,,,,,"David Hamilton","27531",666152
"Gavin Sheets","SDP",54,235,210,49,29,11,0,9,23,30,22,0,49,2,1,0,,1,0,0.236195,0.0926775,0.206958,0.447807,0.313442,0.42103,0.32175,0.734472,0.184835,2.46435,0.264899,0,-0.162361,28.878,0.888822,105.772,-0.162361,-1.47286,1.4759644865989685,-4.977951765060425,0.41987,684.8099975585938,,,,,,,254.8,4.718518518,254.8,4.718518518,,,,,,,,,,,,,,,,,,,"Gavin Sheets","19901",657757
"Zach McKinstry","DET",40,171,152,35,23,6,2,3,19,15,16,0,34,1,1,1,,4,1,0.228019,0.0923714,0.200908,0.45977,0.304342,0.358524,0.294113,0.662867,0.130505,6.17459,0.272053,0,0.0551814,17.202,-3.18511,85.315,0.0551814,0.409226,-2.895027954131365,0.957219809293747,0.419789,510.30999755859375,,,,,,,156.8,3.92,156.8,3.92,,,,,,,,,,,,,,,,,,,"Zach McKinstry","19392",656716
"Cole Carrigg","COL",50,216,194,48,31,8,4,5,32,27,15,1,56,3,2,2,,10,3,0.2471,0.068887,0.260743,0.264195,0.306717,0.408808,0.311107,0.715525,0.161708,8.09743,0.316565,0,0.382474,24.7638,-1.04893,81.4324,0.382474,0.669859,-4.478263199329376,1.5626060366630554,0.418992,999,,,,,,,232.4,4.648,232.4,4.648,,,,,,,,,,,,,,,,,,,"Cole Carrigg","33253",694249
"Spencer Steer","CIN",46,200,177,42,26,9,0,7,25,25,19,0,44,3,1,0,,3,0,0.239985,0.0962063,0.217989,0.441335,0.322115,0.415709,0.324924,0.737823,0.175723,4.32051,0.277549,0,0.119874,25.1199,1.27213,99.3758,0.119874,-0.193414,-0.031082473695278168,-2.376129910349846,0.416083,335.70001220703125,,,,,,,221.8,4.82173913,221.8,4.82173913,,,,,,,,,,,,,,,,,,,"Spencer Steer","26323",668715
"Kyle Isbel","KCR",31,134,121,29,20,5,1,2,16,12,8,0,27,2,1,3,,3,1,0.244262,0.0610689,0.198345,0.307892,0.299027,0.370696,0.295561,0.669723,0.126435,6.33743,0.293405,0,0.00764512,13.6564,-2.34184,83.5147,0.00764512,1.44627,-2.591259487438947,1.9249700009822845,0.415856,999,,,,,,,113.3,3.654838709,113.3,3.654838709,,,,,,,,,,,,,,,,,,,"Kyle Isbel","21614",664728
"Chandler Simpson","TBR",46,200,185,53,45,5,2,0,25,14,11,0,20,0,1,3,,17,5,0.284991,0.0529555,0.0995429,0.531987,0.321662,0.336106,0.293334,0.657769,0.0511151,7.27192,0.316979,0,1.10255,19.9913,-3.85127,84.1382,1.10255,1.66448,-2.6241875886917114,-0.4332007169723511,0.410896,180.19000244140625,,,,,,,189,4.108695652,189,4.108695652,,,,,,,,,,,,,,,,,,,"Chandler Simpson","31912",802415
"Gabriel Arias","CLE",32,137,126,30,19,6,1,4,14,15,8,0,44,2,1,0,,2,1,0.235249,0.0596778,0.320702,0.186085,0.28868,0.396694,0.298561,0.685374,0.161445,4.60828,0.321396,0,-0.103575,14.2803,-2.05825,89.8383,-0.103575,0.617609,-1.7396526783704758,0.9027940332889557,0.408881,748.3800048828125,,,,,,,133.7,4.178125,133.7,4.178125,,,,,,,,,,,,,,,,,,,"Gabriel Arias","22563",672356
"Nick Fortes","TBR",32,128,116,27,20,5,0,2,13,12,7,0,19,3,1,1,,1,0,0.235152,0.0512112,0.150445,0.340397,0.292186,0.337278,0.281644,0.629464,0.102126,2.76283,0.261862,0,-0.165066,11.6058,-3.68597,76.0693,-0.165066,0.663643,-3.77116596698761,3.165958046913147,0.400697,999,,,,,,,100.4,3.1375,100.4,3.1375,,,,,,,,,,,,,,,,,,,"Nick Fortes","21538",663743
"Christian Yelich","MIL",52,223,195,49,33,8,1,7,31,28,25,2,58,2,1,0,,6,1,0.250716,0.111864,0.26173,0.427401,0.339369,0.40259,0.326005,0.741959,0.151875,5.55281,0.322721,0,0.394328,28.222,1.61503,105.674,0.394328,0.00062411,1.9254417419433594,-5.324221203685738,0.392081,127.22000122070312,,,,,,,263.7,5.071153846,263.7,5.071153846,,,,,,,,,,,,,,,,,,,"Christian Yelich","11477",592885
"Victor Robles","SEA",27,117,104,26,19,4,0,2,13,10,7,0,24,3,1,2,,6,1,0.244543,0.0610504,0.209437,0.291498,0.310379,0.346093,0.294667,0.656472,0.10155,6.09486,0.301546,0,0.543485,11.8281,-2.12775,92.5628,0.543485,0.835738,-0.47931617498397827,0.1533305048942566,0.388593,727.5399780273438,,,,,,,110.6,4.096296296,110.6,4.096296296,,,,,,,,,,,,,,,,,,,"Victor Robles","18363",645302
"Gavin Lux","TBR",29,125,111,28,20,6,1,2,15,11,13,0,28,0,1,0,,1,0,0.252983,0.105932,0.222458,0.47619,0.332627,0.369928,0.314177,0.702555,0.116945,4.09894,0.320388,0,-0.129204,14.6509,-0.295245,98.5254,-0.129204,-0.7245,-0.3463861048221588,-0.27727776765823364,0.388387,745.989990234375,,,,,,,128.6,4.434482758,128.6,4.434482758,,,,,,,,,,,,,,,,,,,"Gavin Lux","19955",666158
"Ryan Kreidler","MIN",37,160,139,29,18,6,1,3,19,17,17,0,45,2,1,1,,4,2,0.208421,0.10485,0.282488,0.371168,0.301829,0.342785,0.290412,0.644613,0.134363,5.4775,0.279929,0,-0.318341,15.6038,-3.45793,82.2468,-0.318341,0.502159,-3.653078407049179,1.7243815660476685,0.380673,999,,,,,,,133.7,3.613513513,133.7,3.613513513,,,,,,,,,,,,,,,,,,,"Ryan Kreidler","25867",668952
"Jo Adell","LAA",55,237,218,52,31,9,1,11,27,37,13,0,61,5,1,0,,3,1,0.237423,0.0535175,0.257453,0.207873,0.293549,0.437423,0.316862,0.730972,0.2,3.75698,0.276106,0,-0.207905,28.2099,-0.0422234,100.079,-0.207905,-1.97758,-0.1859606672078371,-4.513687252998352,0.377943,120.33000183105469,,,,,,,265.3,4.823636363,265.3,4.823636363,,,,,,,,,,,,,,,,,,,"Jo Adell","20220",666176
"LaMonte Wade Jr.","HOU",30,129,108,24,16,5,0,4,16,13,18,1,31,2,1,1,,1,0,0.226218,0.138381,0.243141,0.56914,0.342978,0.377822,0.322825,0.7208,0.151604,4.07093,0.28137,0,0.0181912,16.023,0.602378,105.97,0.0181912,-0.414458,0.9253133088350296,-1.8187788724899292,0.375423,999,,,,,,,140.4,4.68,140.4,4.68,,,,,,,,,,,,,,,,,,,"LaMonte Wade Jr.","18126",664774
"Brandon Valenzuela","TOR",29,115,103,22,14,4,0,3,11,13,10,0,31,0,1,0,,1,0,0.214172,0.0889015,0.268623,0.330952,0.285618,0.354111,0.283631,0.639729,0.13994,2.82452,0.27,0,-0.10689,10.5855,-3.11787,78.9449,-0.10689,0.836627,-2.950076073408127,2.5633245706558228,0.374816,999,,,,,,,91.9,3.168965517,91.9,3.168965517,,,,,,,,,,,,,,,,,,,"Brandon Valenzuela","23813",678218
"Jorge Polanco","NYM",44,191,170,41,26,8,0,8,21,25,19,0,38,1,1,1,,1,1,0.244466,0.0975925,0.19654,0.496552,0.321423,0.433588,0.329827,0.755011,0.189122,2.47621,0.267023,0,-0.252237,24.783,1.97705,110.755,-0.252237,-0.196395,2.235413819551468,-4.769542932510376,0.374426,209.42999267578125,,,,,,,217.1,4.934090909,217.1,4.934090909,,,,,,,,,,,,,,,,,,,"Jorge Polanco","13152",593871
"Logan O'Hoppe","LAA",37,146,132,30,20,4,0,5,15,17,10,0,40,2,1,0,,1,0,0.228902,0.0713676,0.271729,0.262643,0.29309,0.387586,0.299877,0.680676,0.158684,2.69407,0.282268,0,-0.230759,15.3883,-2.03951,88.3548,-0.230759,-2.16711,-2.230685517191887,0.684741735458374,0.370043,246.50999450683594,,,,,,,132.5,3.581081081,132.5,3.581081081,,,,,,,,,,,,,,,,,,,"Logan O'Hoppe","24729",681351
"Brice Matthews","HOU",25,110,97,21,13,4,1,4,13,13,10,0,36,1,1,0,,5,2,0.218449,0.0910019,0.331138,0.274815,0.298003,0.382285,0.300926,0.680289,0.163837,6.69639,0.30412,0,0.206562,11.6373,-1.43668,90.854,0.206562,0.425008,-0.971752256155014,0.6958414316177368,0.367019,740.969970703125,,,,,,,112.4,4.496,112.4,4.496,,,,,,,,,,,,,,,,,,,"Brice Matthews","33280",694728
"Jimmy Crooks","STL",25,100,91,21,15,4,0,2,11,11,7,0,28,1,1,0,,0,0,0.234639,0.0688915,0.280991,0.245174,0.297132,0.363293,0.293074,0.660425,0.128654,3.2768,0.311887,0,-0.0833121,9.97673,-1.94715,84.9656,-0.0833121,0.500126,-1.9014067128300667,2.189632475376129,0.358978,999,,,,,,,81,3.24,81,3.24,,,,,,,,,,,,,,,,,,,"Jimmy Crooks","31354",699625
"Nick Loftin","KCR",23,100,87,21,14,5,0,2,12,12,10,0,15,1,1,0,,2,1,0.243925,0.102978,0.147518,0.698073,0.33141,0.381756,0.318036,0.713165,0.137831,4.41253,0.269752,0,-0.0499029,11.9909,0.0773174,99.028,-0.0499029,-0.0625929,-0.164017241448164,0.15129602700471878,0.358594,999,,,,,,,97.9,4.256521739,97.9,4.256521739,,,,,,,,,,,,,,,,,,,"Nick Loftin","27630",679845
"Keibert Ruiz","WSN",38,151,142,36,24,8,0,4,15,19,7,0,18,2,1,0,,1,0,0.253178,0.0443637,0.116053,0.382271,0.292704,0.394194,0.300069,0.686898,0.141017,2.62375,0.262318,0,-0.180986,15.9615,-2.08874,87.5525,-0.180986,-1.88915,-2.4596387147903442,1.0645489692687988,0.358125,720.3499755859375,,,,,,,149.3,3.928947368,149.3,3.928947368,,,,,,,,,,,,,,,,,,,"Keibert Ruiz","19610",660688
"Addison Barger","TOR",26,113,101,24,14,6,0,4,13,16,10,0,27,1,1,0,,1,0,0.239015,0.0889639,0.23735,0.374821,0.310695,0.423864,0.319555,0.734558,0.184848,3.36339,0.283443,0,-0.136265,13.7029,0.226681,103.741,-0.136265,0.304655,0.36054399609565735,-0.8637095987796783,0.356178,193.08999633789062,,,,,,,123.3,4.742307692,123.3,4.742307692,,,,,,,,,,,,,,,,,,,"Addison Barger","24598",680718
"Jake Meyers","HOU",23,98,89,21,15,4,0,2,11,9,8,0,21,1,1,0,,2,1,0.236253,0.0765456,0.212095,0.360902,0.302044,0.35487,0.292713,0.656915,0.118617,4.92802,0.285775,0,-0.0685698,9.78826,-1.94479,85.1849,-0.0685698,1.43041,-1.7814915850758553,1.781488835811615,0.354428,738.1500244140625,,,,,,,87,3.782608695,87,3.782608695,,,,,,,,,,,,,,,,,,,"Jake Meyers","20308",676694
"Heriberto Hernández","MIA",40,174,153,35,20,7,1,7,20,25,18,0,49,2,1,0,,3,1,0.231489,0.104389,0.281692,0.370579,0.317571,0.429486,0.326828,0.747057,0.197997,4.34951,0.287883,0,-0.078818,22.1402,1.37653,104.153,-0.078818,-0.335882,0.7957645431160927,-3.0145861208438873,0.349836,999,,,,,,,197.7,4.9425,197.7,4.9425,,,,,,,,,,,,,,,,,,,"Heriberto Hernandez","24878",681715
"Jose Trevino","CIN",27,107,100,24,17,4,0,2,11,11,5,0,16,1,1,1,,0,0,0.237252,0.049214,0.147073,0.334623,0.278649,0.345954,0.275841,0.624603,0.108702,2.38877,0.263152,0,-0.123758,9.22788,-3.5978,66.4566,-0.123758,2.30539,-4.486915543675423,4.404153823852539,0.346388,999,,,,,,,82.8,3.066666666,82.8,3.066666666,,,,,,,,,,,,,,,,,,,"Jose Trevino","16725",624431
"Nasim Nuñez","WSN",42,180,156,36,30,4,1,1,22,15,19,0,43,1,1,3,,16,3,0.229573,0.106164,0.238662,0.44483,0.315807,0.286213,0.278046,0.60202,0.0566397,7.12284,0.307865,0,1.8262,15.7505,-5.69388,72.7819,1.8262,0.90067,-4.093311667442322,1.644188106060028,0.345365,583.0999755859375,,,,,,,154.3,3.673809523,154.3,3.673809523,,,,,,,,,,,,,,,,,,,"Nasim Nunez","25979",683083
"Owen Caissie","MIA",36,157,139,35,21,8,0,6,19,23,15,0,53,1,2,0,,2,1,0.249487,0.0955726,0.335929,0.284503,0.324921,0.43305,0.330312,0.757971,0.183563,3.84255,0.353344,0,-0.189913,20.406,1.68471,106.489,-0.189913,-0.639308,1.042218416929245,-2.768012046813965,0.343227,528.5,,,,,,,185.6,5.155555555,185.6,5.155555555,,,,,,,,,,,,,,,,,,,"Owen Caissie","27496",683357
"Griffin Conine","MIA",45,194,171,40,25,7,1,6,22,24,19,0,64,2,1,0,,1,0,0.231524,0.100126,0.33234,0.301275,0.316166,0.391323,0.313722,0.707489,0.159799,3.82909,0.329726,0,-0.221556,22.6174,-0.528993,95.3629,-0.221556,1.06663,-1.31010003387928,-1.642625331878662,0.341489,999,,,,,,,200.3,4.451111111,200.3,4.451111111,,,,,,,,,,,,,,,,,,,"Griffin Conine","21626",665052
"Jared Young","NYM",36,157,138,33,20,6,1,6,19,21,14,0,37,3,1,0,,2,1,0.239152,0.0921598,0.234763,0.392565,0.32248,0.420448,0.326859,0.742928,0.181296,4.11735,0.282131,0,-0.151459,19.9664,1.24511,108.765,-0.151459,-0.392294,1.512797087430954,-3.2950717508792877,0.337513,999,,,,,,,178.3,4.952777777,178.3,4.952777777,,,,,,,,,,,,,,,,,,,"Jared Young","20404",676724
"Josh Smith","TEX",23,98,86,21,15,4,0,2,11,9,10,0,19,2,1,0,,2,1,0.246292,0.098646,0.190337,0.51827,0.334551,0.376854,0.317514,0.711405,0.130562,4.73874,0.290264,0,-0.0582117,11.7831,0.0345667,103.144,-0.0582117,-0.815059,0.3058081269264221,-0.48419445753097534,0.336847,428.9100036621094,,,,,,,99,4.304347826,99,4.304347826,,,,,,,,,,,,,,,,,,,"Josh Smith","26396",669701
"Hunter Feduccia","TBR",36,142,124,28,18,6,1,3,15,13,16,0,38,1,1,0,,0,0,0.223782,0.10976,0.268239,0.409186,0.310607,0.35184,0.296999,0.662447,0.128058,3.70028,0.296885,0,-0.127582,14.6075,-2.31111,86.6678,-0.127582,-2.14902,-2.3503303974866867,0.619497537612915,0.335953,999,,,,,,,135.1,3.752777777,135.1,3.752777777,,,,,,,,,,,,,,,,,,,"Hunter Feduccia","23372",676439
"Daniel Susac","SFG",28,111,103,25,18,4,1,2,9,14,6,0,30,1,1,0,,1,1,0.241007,0.0515343,0.271525,0.189796,0.288262,0.359912,0.28593,0.648174,0.118905,3.73816,0.316044,0,-0.175759,10.4574,-2.81156,80.417,-0.175759,0.325765,-2.8110520243644714,2.4970611333847046,0.335253,999,,,,,,,93.2,3.328571428,93.2,3.328571428,,,,,,,,,,,,,,,,,,,"Daniel Susac","31441",691740
"A.J. Ewing","NYM",36,157,141,36,25,6,2,2,20,16,14,0,35,1,1,0,,10,3,0.254278,0.0866537,0.225663,0.383996,0.322274,0.369222,0.306445,0.691496,0.114944,7.75102,0.324541,0,0.618807,17.3669,-1.35441,95.0741,0.618807,-1.54839,-0.3164556622505188,-1.5178317166864872,0.33225,999,,,,,,,163.8,4.55,163.8,4.55,,,,,,,,,,,,,,,,,,,"A.J. Ewing","33656",805999
"Taylor Trammell","HOU",29,124,108,24,14,6,0,4,16,15,13,0,36,1,1,0,,3,1,0.22272,0.108117,0.295202,0.366246,0.312463,0.403252,0.315955,0.715716,0.180533,5.12894,0.291346,0,0.0463484,14.6371,-0.112989,101.228,0.0463484,-0.993279,0.2248534820973873,-1.354390263557434,0.331285,999,,,,,,,126.3,4.355172413,126.3,4.355172413,,,,,,,,,,,,,,,,,,,"Taylor Trammell","19960",666211
"Connor Wong","BOS",26,104,92,23,16,5,0,2,12,11,8,0,25,2,1,1,,2,1,0.252304,0.0793005,0.244254,0.324664,0.323827,0.381567,0.313576,0.705394,0.129263,4.06982,0.324017,0,-0.163939,12.0688,-0.294772,94.7561,-0.163939,-1.67157,-0.8028205037117004,0.3515775203704834,0.32782,999,,,,,,,101.1,3.888461538,101.1,3.888461538,,,,,,,,,,,,,,,,,,,"Connor Wong","19896",657136
"Ryan Vilade","TBR",21,92,82,20,13,4,1,3,11,12,8,0,21,1,1,0,,2,1,0.248279,0.085183,0.230071,0.370247,0.318947,0.403648,0.317911,0.722594,0.155368,5.09842,0.302048,0,-0.0613603,11.0939,0.062208,101.102,-0.0613603,0.6703,0.05846574530005455,-0.19219952821731567,0.31971,999,,,,,,,103.5,4.928571428,103.5,4.928571428,,,,,,,,,,,,,,,,,,,"Ryan Vilade","22165",668723
"Sung-Mun Song","SDP",23,101,91,22,16,4,0,2,12,11,9,1,19,0,1,0,,3,0,0.240143,0.0892813,0.183484,0.48659,0.307969,0.362475,0.29581,0.670444,0.122331,5.59088,0.278036,0,0.306219,10.3442,-1.74983,88.3741,0.306219,0.669964,-1.1197562217712402,0.969809889793396,0.319354,999,,,,,,,95.3,4.14347826,95.3,4.14347826,,,,,,,,,,,,,,,,,,,"Sung-Mun Song","37122",823550
"Willi Castro","COL",52,225,200,52,35,10,2,5,30,23,18,0,54,5,1,0,,6,2,0.258129,0.081828,0.242439,0.33752,0.334122,0.402025,0.325719,0.736147,0.143896,5.81031,0.327519,0,-0.190229,28.3939,1.57552,91.2319,-0.190229,-2.07462,-2.575022965669632,-1.613196462392807,0.318057,256.3399963378906,,,,,,,253.4,4.873076923,253.4,4.873076923,,,,,,,,,,,,,,,,,,,"Willi Castro","17338",650489
"Javier Sanoja","MIA",28,123,114,30,20,7,1,2,13,14,7,0,12,0,1,1,,3,2,0.262276,0.0581662,0.0939296,0.619253,0.306205,0.387003,0.304028,0.693208,0.124727,5.06431,0.278169,0,-0.32988,13.3371,-1.2996,88.8614,-0.32988,0.658721,-1.983315110206604,1.1170542240142822,0.317209,999,,,,,,,119.9,4.282142857,119.9,4.282142857,,,,,,,,,,,,,,,,,,,"Javier Sanoja","28253",691594
"Bryce Eldridge","SFG",44,188,168,41,23,10,0,7,19,24,18,1,55,1,1,0,,0,0,0.24225,0.0944036,0.294907,0.320113,0.317046,0.435738,0.325958,0.752783,0.193488,1.99001,0.313214,0,-0.281997,23.8166,1.35616,107.263,-0.281997,-0.295417,1.3725313246250153,-4.379522442817688,0.317026,999,,,,,,,213.4,4.85,213.4,4.85,,,,,,,,,,,,,,,,,,,"Bryce Eldridge","33390",805811
"Taylor Walls","TBR",41,176,152,33,23,7,1,2,22,15,19,0,43,1,1,2,,8,2,0.213752,0.109577,0.242805,0.451296,0.302903,0.312967,0.279991,0.615869,0.0992141,6.80807,0.280527,0,0.470744,15.6988,-5.29689,74.9284,0.470744,-0.246603,-4.71648246049881,1.5529345124959946,0.314158,999,,,,,,,147.2,3.590243902,147.2,3.590243902,,,,,,,,,,,,,,,,,,,"Taylor Walls","22458",670764
"Leody Taveras","BAL",23,100,90,22,16,4,1,2,12,11,8,0,22,0,1,1,,4,1,0.246527,0.0782054,0.216587,0.36108,0.306521,0.374241,0.300818,0.680763,0.127714,6.79519,0.302616,0,0.311268,10.5956,-1.31792,91.6592,0.311268,0.0023192,-0.6679389774799347,0.19583771680481732,0.312116,999,,,,,,,98.1,4.265217391,98.1,4.265217391,,,,,,,,,,,,,,,,,,,"Leody Taveras","18900",665750
"Austin Martin","MIN",27,117,100,25,19,5,0,1,14,9,14,0,20,2,1,0,,4,2,0.248569,0.116628,0.167541,0.696117,0.350652,0.330599,0.312538,0.681251,0.0820298,4.76192,0.298448,0,-0.140019,13.5246,-0.431273,97.5199,-0.140019,0.292417,-0.4810987412929535,-0.6140647828578949,0.310771,748.5599975585938,,,,,,,113.9,4.218518518,113.9,4.218518518,,,,,,,,,,,,,,,,,,,"Austin Martin","27462",668885
"Miguel Rojas","LAD",19,83,75,19,14,4,0,2,8,8,5,0,10,1,1,1,,1,0,0.258138,0.064085,0.126109,0.50817,0.310285,0.371045,0.300094,0.68133,0.112907,3.3546,0.278183,0,-0.0163316,8.73067,-1.14057,88.0533,-0.0163316,1.21408,-1.2123365420848131,1.5705581307411194,0.309284,999,,,,,,,81.7,4.3,81.7,4.3,,,,,,,,,,,,,,,,,,,"Miguel Rojas","7802",500743
"James Outman","DET",23,98,87,18,10,3,1,4,14,11,10,0,35,2,0,0,,3,1,0.208617,0.0990763,0.351438,0.281917,0.298532,0.396622,0.30604,0.695154,0.188004,7.12937,0.293427,0,0.218679,10.8662,-0.882319,93.5481,0.218679,-0.2527,-0.5282753705978394,0.057485103607177734,0.307263,999,,,,,,,104.7,4.552173913,104.7,4.552173913,,,,,,,,,,,,,,,,,,,"James Outman","24770",681546
"Masataka Yoshida","BOS",30,128,115,32,22,7,0,3,14,15,10,0,16,2,1,0,,1,0,0.277167,0.0788769,0.124763,0.632215,0.344815,0.417148,0.335036,0.761963,0.139981,4.04291,0.299315,0,0.0760614,17.1707,1.86873,109.569,0.0760614,-0.0224784,1.518894262611866,-3.0572006795555353,0.306598,748.3300170898438,,,,,,,150.6,5.02,150.6,5.02,,,,,,,,,,,,,,,,,,,"Masataka Yoshida","31837",807799
"TJ Friedl","CIN",39,170,147,34,24,5,1,3,19,16,17,0,31,4,1,2,,4,1,0.230682,0.0987052,0.183397,0.538206,0.322694,0.352228,0.304513,0.674922,0.121545,5.3891,0.268789,0,0.23621,18.6019,-1.73887,85.6868,0.23621,-0.122436,-2.7164703607559204,0.15040332078933716,0.303006,265.1499938964844,,,,,,,159.6,4.092307692,159.6,4.092307692,,,,,,,,,,,,,,,,,,,"TJ Friedl","19522",670770
"Daylen Lile","WSN",55,240,219,56,36,11,4,5,30,27,15,0,44,3,2,0,,6,3,0.255927,0.0637177,0.183281,0.347649,0.310761,0.407369,0.313596,0.71813,0.151441,6.48905,0.297596,0,-0.261107,27.9146,-0.67792,96.6247,-0.261107,-0.0379139,-1.2398632168769836,-3.5823582150042057,0.302985,206.50999450683594,,,,,,,253.3,4.605454545,253.3,4.605454545,,,,,,,,,,,,,,,,,,,"Daylen Lile","29995",695734
"Jake Rogers","DET",17,69,61,12,7,2,0,2,8,8,6,0,20,1,1,0,,0,0,0.201778,0.0897613,0.297713,0.301503,0.278309,0.353185,0.280195,0.631495,0.151407,3.90089,0.2627,0,-0.0473755,6.1532,-2.06089,75.7084,-0.0473755,1.19192,-2.0136278197169304,2.536057233810425,0.300986,999,,,,,,,51.8,3.047058823,51.8,3.047058823,,,,,,,,,,,,,,,,,,,"Jake Rogers","19452",668670
"Rhys Hoskins","CLE",40,171,146,31,17,8,0,6,19,20,22,0,49,2,1,0,,1,0,0.214555,0.129335,0.286406,0.45158,0.323338,0.403536,0.321525,0.726873,0.18898,2.48949,0.270438,0,-0.223277,21.0406,0.61731,105.689,-0.223277,-0.657596,0.9217504560947418,-4.079817771911621,0.29742,737.989990234375,,,,,,,181.1,4.5275,181.1,4.5275,,,,,,,,,,,,,,,,,,,"Rhys Hoskins","16472",656555
"Troy Johnston","COL",39,169,151,42,28,10,1,3,19,21,13,0,32,3,1,0,,4,2,0.276299,0.076498,0.187205,0.408631,0.343452,0.420786,0.335948,0.764237,0.144487,5.06789,0.327246,0,-0.137555,22.695,2.58123,98.093,-0.137555,0.315944,-0.5265624672174454,-2.0513396859169006,0.295531,748.4099731445312,,,,,,,197.1,5.053846153,197.1,5.053846153,,,,,,,,,,,,,,,,,,,"Troy Johnston","26143",687859
"Henry Davis","PIT",32,128,112,23,14,5,0,4,14,15,11,0,30,3,1,1,,2,1,0.207238,0.0841546,0.23613,0.356391,0.294333,0.362717,0.292674,0.657051,0.155479,4.07536,0.244275,0,-0.11076,12.7177,-2.53163,80.7103,-0.11076,-0.683581,-3.0940169915556908,1.8117898106575012,0.29207,999,,,,,,,111.9,3.496875,111.9,3.496875,,,,,,,,,,,,,,,,,,,"Henry Davis","29617",680779
"Tyler Tolbert","KCR",23,100,89,22,16,3,1,1,15,9,6,0,26,1,1,3,,9,1,0.243601,0.0594516,0.259119,0.229437,0.299352,0.349979,0.288555,0.649331,0.106379,9.04107,0.325772,0,1.08391,9.60195,-2.31161,78.6792,1.08391,1.03421,-1.4191352128982544,0.7388390004634857,0.291052,999,,,,,,,93.3,4.056521739,93.3,4.056521739,,,,,,,,,,,,,,,,,,,"Tyler Tolbert","25779",686475
"Vaughn Grissom","LAA",38,165,148,37,26,7,0,4,20,20,13,0,29,3,2,0,,2,1,0.250572,0.0776875,0.176403,0.440397,0.320826,0.377981,0.310554,0.698807,0.127409,4.41199,0.286724,0,0.033348,18.8659,-0.876531,95.725,0.033348,-0.573889,-0.7983428612351418,-2.2238889932632446,0.290598,999,,,,,,,166.1,4.371052631,166.1,4.371052631,,,,,,,,,,,,,,,,,,,"Vaughn Grissom","26031",687093
"Ha-Seong Kim","ATL",29,123,108,24,18,4,0,2,13,11,13,0,23,1,1,0,,4,1,0.223378,0.107263,0.188303,0.569633,0.312114,0.326331,0.2892,0.638445,0.102953,5.00712,0.263289,0,0.295793,11.936,-2.79345,79.777,0.295793,0.247043,-2.725179046392441,1.569265678524971,0.290471,748.3800048828125,,,,,,,103.6,3.572413793,103.6,3.572413793,,,,,,,,,,,,,,,,,,,"Ha-Seong Kim","27506",673490
"Jonny DeLuca","TBR",32,140,128,31,19,7,1,4,16,17,9,0,28,2,1,1,,5,1,0.238259,0.0640881,0.201532,0.318004,0.294599,0.38841,0.299132,0.683009,0.150151,5.99841,0.278304,0,0.319874,14.6834,-2.04205,88.1402,0.319874,0.280408,-1.6348170936107635,-0.4969065487384796,0.289557,999,,,,,,,148.9,4.653125,148.9,4.653125,,,,,,,,,,,,,,,,,,,"Jonny DeLuca","26365",676356
"Samad Taylor","SDP",27,116,102,26,19,4,1,2,16,12,10,0,28,1,1,3,,6,1,0.2586,0.088524,0.242801,0.364595,0.328887,0.375768,0.313705,0.704655,0.117168,7.25111,0.336601,0,0.429384,13.5043,-0.317466,100.376,0.429384,-0.303154,0.48204324394464493,-1.4198202192783356,0.287434,999,,,,,,,121.3,4.492592592,121.3,4.492592592,,,,,,,,,,,,,,,,,,,"Samad Taylor","22274",669392
"Carson Williams","TBR",21,89,80,17,10,3,1,3,11,11,7,0,31,1,1,0,,2,1,0.211555,0.0819133,0.345228,0.237273,0.282061,0.381917,0.291918,0.663978,0.170361,6.55471,0.296509,0,-0.117162,8.84851,-1.82727,83.1608,-0.117162,0.605394,-1.8886770233511925,1.5211345553398132,0.285304,724.5499877929688,,,,,,,82.8,3.942857142,82.8,3.942857142,,,,,,,,,,,,,,,,,,,"Carson Williams","30038",700246
"Jared Triolo","PIT",21,91,81,20,14,4,0,1,10,8,9,0,21,1,0,0,,3,1,0.241164,0.0958542,0.226634,0.422946,0.319731,0.346847,0.299219,0.666578,0.105683,5.45702,0.308076,0,0.172629,9.56898,-1.32342,85.0997,0.172629,0.890399,-1.4733784347772598,1.2978064119815826,0.283522,735.5399780273438,,,,,,,84.9,4.042857142,84.9,4.042857142,,,,,,,,,,,,,,,,,,,"Jared Triolo","25807",669707
"Victor Scott II","STL",34,147,128,28,21,4,1,2,17,11,12,0,32,3,1,4,,10,2,0.217868,0.0826669,0.218857,0.377721,0.297065,0.307047,0.275012,0.604112,0.0891792,6.80072,0.274249,0,0.849192,12.5174,-5.01769,72.8521,0.849192,1.41987,-3.978713274002075,1.9445610046386719,0.279218,391.1300048828125,,,,,,,123.3,3.626470588,123.3,3.626470588,,,,,,,,,,,,,,,,,,,"Victor Scott II","31349",687363
"Matt Shaw","CHC",20,87,77,19,12,3,1,3,11,11,8,0,17,1,1,0,,3,1,0.245395,0.0887664,0.1919,0.462565,0.321937,0.409258,0.322047,0.731195,0.163864,6.31312,0.279993,0,0.156914,10.7165,0.350139,104.046,0.156914,0.263702,0.5822576135396957,-0.6875326633453369,0.276084,336.67999267578125,,,,,,,101.9,5.095,101.9,5.095,,,,,,,,,,,,,,,,,,,"Matt Shaw","33322",807713
"Connor Norby","MIA",24,106,95,23,15,5,0,3,13,12,8,0,29,2,1,0,,2,1,0.244689,0.0776255,0.275782,0.281474,0.313802,0.396923,0.313651,0.710725,0.152234,4.83487,0.319854,0,-0.0222938,12.3005,-0.293843,95.3158,-0.0222938,0.561042,-0.6205985303968191,-0.14173591136932373,0.271232,728.1400146484375,,,,,,,107.5,4.479166666,107.5,4.479166666,,,,,,,,,,,,,,,,,,,"Connor Norby","29592",681393
"Andrew Benintendi","CHW",48,206,186,47,30,9,1,7,24,28,17,1,41,1,2,0,,1,0,0.251042,0.0830336,0.197823,0.419737,0.31359,0.41529,0.317836,0.728879,0.164248,3.90308,0.286061,0,-0.0985302,24.6751,0.125931,101.683,-0.0985302,-0.277874,0.30867666751146317,-5.0000960528850555,0.266916,735.8099975585938,,,,,,,230.7,4.80625,230.7,4.80625,,,,,,,,,,,,,,,,,,,"Andrew Benintendi","17901",643217
"Parker Meadows","DET",15,64,57,13,8,2,1,1,8,7,6,0,16,0,0,0,,2,0,0.233559,0.0908681,0.246998,0.367891,0.307773,0.385213,0.305228,0.692986,0.151654,6.9453,0.29474,0,0.144645,6.98905,-0.612932,92.9872,0.144645,0.511045,-0.3806982785463333,0.7385140508413315,0.26584,745.6900024414062,,,,,,,58.5,3.9,58.5,3.9,,,,,,,,,,,,,,,,,,,"Parker Meadows","23800",678009
"Derek Hill","PHI",19,83,75,19,13,3,1,3,12,10,5,0,26,1,0,1,,3,1,0.248398,0.0653517,0.309418,0.211208,0.30349,0.409783,0.312089,0.713274,0.161385,6.70517,0.337549,0,0.0908342,9.53599,-0.335249,94.0011,0.0908342,0.614712,-0.5097281411290169,0.38045285642147064,0.259961,999,,,,,,,94.9,4.994736842,94.9,4.994736842,,,,,,,,,,,,,,,,,,,"Derek Hill","16947",656537
"Freddy Fermin","SDP",25,101,90,20,14,4,0,2,10,10,8,0,20,1,1,1,,0,0,0.217984,0.0748369,0.198002,0.377961,0.281617,0.331971,0.273079,0.613588,0.113987,1.96918,0.254896,0,-0.232808,8.412,-3.59321,73.1283,-0.232808,0.815504,-3.5045422315597534,2.7800101041793823,0.258762,735.3099975585938,,,,,,,79.4,3.176,79.4,3.176,,,,,,,,,,,,,,,,,,,"Freddy Fermin","21840",666023
"Joey Loperfido","HOU",18,76,68,16,10,4,0,2,9,9,6,0,21,1,0,0,,2,1,0.242039,0.0777248,0.277155,0.280439,0.311503,0.391055,0.308931,0.702558,0.149016,5.52688,0.32089,0,-0.0417672,8.54942,-0.501795,96.3795,-0.0417672,0.825367,-0.36469096317887306,0.21348446607589722,0.258118,746.02001953125,,,,,,,74,4.111111111,74,4.111111111,,,,,,,,,,,,,,,,,,,"Joey Loperfido","29630",694388
"Tristan Gray","MIN",35,151,138,31,19,7,1,4,16,20,10,0,46,2,1,0,,1,0,0.225881,0.0636435,0.302103,0.210668,0.281325,0.377359,0.288197,0.658683,0.151477,3.59139,0.300582,0,-0.142538,14.4961,-3.54448,80.7179,-0.142538,-0.63826,-3.570426642894745,0.6959994435310364,0.254141,999,,,,,,,137.1,3.917142857,137.1,3.917142857,,,,,,,,,,,,,,,,,,,"Tristan Gray","19877",656484
"Christian Vázquez","HOU",27,108,98,22,16,4,0,2,10,11,7,0,20,1,1,1,,0,0,0.219829,0.069056,0.189347,0.364706,0.276833,0.325581,0.268291,0.602414,0.105753,2.21597,0.253623,0,-0.144953,8.60071,-4.27213,68.3274,-0.144953,0.717699,-4.162684977054596,2.8241801261901855,0.253434,999,,,,,,,79.6,2.948148148,79.6,2.948148148,,,,,,,,,,,,,,,,,,,"Christian Vazquez","9774",543877
"Colby Thomas","ATH",30,130,119,29,16,7,1,5,16,20,7,0,39,3,1,0,,2,1,0.239482,0.0553406,0.29881,0.185204,0.295339,0.424434,0.313263,0.719773,0.184951,4.9921,0.312793,0,-0.186966,15.1457,-0.403863,95.9334,-0.186966,0.479059,-0.8100838214159012,-1.3303549885749817,0.253155,748.5900268554688,,,,,,,147.4,4.913333333,147.4,4.913333333,,,,,,,,,,,,,,,,,,,"Colby Thomas","31855",687515
"Salvador Perez","KCR",56,230,213,51,32,10,0,9,20,30,10,2,48,4,2,0,,0,0,0.23804,0.0443965,0.20722,0.214249,0.284375,0.4085,0.298841,0.692874,0.17046,1.15411,0.26465,0,-0.24286,24.0398,-3.40519,85.7785,-0.24286,-2.11624,-4.089047327637672,-1.7393856644630432,0.239354,91.13999938964844,,,,,,,228.2,4.075,228.2,4.075,,,,,,,,,,,,,,,,,,,"Salvador Perez","7304",521692
"Hao-Yu  Lee","DET",16,69,63,15,10,3,1,2,8,8,5,0,15,1,0,0,,1,0,0.240666,0.0745185,0.219752,0.339103,0.306731,0.380212,0.303254,0.686942,0.139546,5.75297,0.291839,0,-0.0121997,7.51307,-0.780005,91.6246,-0.0121997,0.3347,-0.6966529181227088,0.582848072052002,0.239,999,,,,,,,74.1,4.63125,74.1,4.63125,,,,,,,,,,,,,,,,,,,"Hao-Yu  Lee","30080",701678
"José Fermín","STL",22,97,85,20,14,5,0,2,11,10,9,0,12,1,1,1,,3,1,0.241685,0.0974645,0.119748,0.813916,0.326181,0.356984,0.306495,0.683166,0.115299,4.16609,0.261548,0,0.0278661,10.7398,-0.833389,93.9668,0.0278661,-0.2326,-0.6802676171064377,-0.13815531879663467,0.237312,999,,,,,,,93.2,4.236363636,93.2,4.236363636,,,,,,,,,,,,,,,,,,,"Jose Fermin","21746",665877
"Everson Pereira","CHW",23,100,90,21,13,4,0,4,14,11,8,0,32,2,1,0,,2,1,0.232857,0.0802339,0.32339,0.248103,0.3047,0.407446,0.312705,0.712146,0.17459,5.41561,0.315257,0,0.0230623,11.5689,-0.354971,98.1417,0.0230623,-0.805074,-0.19528893195092678,-1.0359378308057785,0.235622,999,,,,,,,107.8,4.686956521,107.8,4.686956521,,,,,,,,,,,,,,,,,,,"Everson Pereira","23695",677592
"Nathaniel Lowe","CIN",30,129,115,30,19,5,0,5,14,17,13,0,32,1,1,0,,0,0,0.257666,0.10432,0.244094,0.427376,0.337837,0.431208,0.336801,0.769045,0.173541,2.20339,0.314914,0,-0.214176,17.5007,2.06977,107.342,-0.214176,-0.177513,0.9347672611474991,-2.842944487929344,0.233761,999,,,,,,,156.5,5.216666666,156.5,5.216666666,,,,,,,,,,,,,,,,,,,"Nathaniel Lowe","19566",663993
"Gary Sánchez","MIL",17,71,61,13,7,2,0,3,9,10,8,0,18,1,0,0,,0,0,0.21374,0.116863,0.252488,0.462847,0.318945,0.418005,0.32529,0.736949,0.204264,1.86166,0.241906,0,-0.0915932,8.98542,0.475141,105.194,-0.0915932,-0.539225,0.3567083925008774,-0.41515062004327774,0.229483,999,,,,,,,72.8,4.282352941,72.8,4.282352941,,,,,,,,,,,,,,,,,,,"Gary Sanchez","11442",596142
"José Tena","WSN",24,106,96,24,16,5,1,2,12,11,8,0,28,0,1,0,,3,1,0.249686,0.0744039,0.264499,0.281301,0.307817,0.381761,0.304247,0.689578,0.132075,5.58695,0.328613,0,-0.0580455,11.4949,-1.09947,90.3547,-0.0580455,0.0744998,-1.2900230810046196,0.08468494191765785,0.226411,999,,,,,,,104.3,4.345833333,104.3,4.345833333,,,,,,,,,,,,,,,,,,,"Jose Tena","23691",677588
"Jose Siri","LAA",17,74,68,14,8,3,0,3,11,10,5,0,26,1,1,0,,2,1,0.209963,0.063933,0.35195,0.181654,0.268102,0.391993,0.287937,0.660095,0.18203,6.12553,0.285823,0,0.0273201,7.09565,-1.75442,80.1135,0.0273201,1.23496,-1.7070000302046537,1.2960724979639053,0.225764,999,,,,,,,66.3,3.9,66.3,3.9,,,,,,,,,,,,,,,,,,,"Jose Siri","17452",642350
"Angel Martínez","CLE",34,145,133,32,20,7,1,4,16,17,8,0,32,2,1,2,,3,1,0.237051,0.0529179,0.217638,0.243147,0.287155,0.391877,0.297084,0.679032,0.154826,5.18454,0.280733,0,-0.0236112,14.9984,-2.36133,88.8186,-0.0236112,0.453794,-1.9363776165992022,-1.0230580568313599,0.224976,748.5800170898438,,,,,,,142.7,4.197058823,142.7,4.197058823,,,,,,,,,,,,,,,,,,,"Angel Martinez","26540",682657
"Drew Cavanaugh","SFG",16,64,56,12,9,2,0,1,7,7,6,0,20,1,0,0,,0,0,0.21714,0.0918583,0.321966,0.285305,0.305913,0.324133,0.286324,0.630045,0.106993,4.40901,0.317944,0,-0.0562358,5.99598,-1.58626,80.6815,-0.0562358,0.441005,-1.5417754538357258,1.6817462742328644,0.223888,999,,,,,,,47.4,2.9625,47.4,2.9625,,,,,,,,,,,,,,,,,,,"Drew Cavanaugh","33380",701852
"Nathan Church","STL",34,147,134,33,24,5,1,3,18,15,9,0,23,2,1,1,,4,1,0.248384,0.061119,0.15521,0.393782,0.303498,0.362221,0.294701,0.665719,0.113837,5.44119,0.278885,0,-0.0242061,14.8657,-2.66943,86.0566,-0.0242061,-0.132814,-2.5038534607738256,-0.11182618141174316,0.220382,999,,,,,,,137,4.029411764,137,4.029411764,,,,,,,,,,,,,,,,,,,"Nathan Church","31357",701675
"Brenton Doyle","COL",17,73,67,16,11,3,0,2,10,8,5,0,20,0,0,0,,3,1,0.242542,0.0653651,0.27795,0.235168,0.29466,0.395259,0.302052,0.689919,0.152717,6.87836,0.313877,0,0.27985,7.82492,-0.891058,75.3589,0.27985,1.42418,-1.8983102142810822,1.6849821507930756,0.219502,166.25,,,,,,,68,4,68,4,,,,,,,,,,,,,,,,,,,"Brenton Doyle","25479",686668
"Travis d'Arnaud","LAA",17,65,60,13,7,3,0,2,7,7,4,0,18,1,0,0,,0,0,0.212905,0.0627657,0.279935,0.224215,0.27868,0.371981,0.287054,0.65066,0.159075,2.26162,0.270305,0,-0.0695521,6.21441,-1.59505,79.5038,-0.0695521,0.287478,-1.6468633860349655,1.4384034872055054,0.214815,999,,,,,,,55.3,3.252941176,55.3,3.252941176,,,,,,,,,,,,,,,,,,,"Travis d'Arnaud","7739",518595
"Denzer Guzman","LAA",43,185,167,37,24,8,1,5,19,21,14,0,56,2,1,1,,2,1,0.223989,0.0767763,0.302507,0.2538,0.291026,0.360605,0.289246,0.651631,0.136616,4.04393,0.305518,0,-0.161809,17.9361,-4.18912,81.0167,-0.161809,-0.89445,-4.300679221749306,-0.19167202711105347,0.213834,999,,,,,,,165.1,3.839534883,165.1,3.839534883,,,,,,,,,,,,,,,,,,,"Denzer Guzman","28816",694203
"Kaelen Culpepper","MIN",11,46,42,10,7,1,0,1,6,6,3,0,10,1,0,0,,1,0,0.247312,0.0684932,0.21135,0.324074,0.315069,0.382796,0.31035,0.697864,0.135484,5.66795,0.294461,0,0.0412187,5.19683,-0.249365,96.0094,0.0412187,0.2112,-0.17294875159859657,0.6593481451272964,0.213729,999,,,,,,,40.2,3.654545454,40.2,3.654545454,,,,,,,,,,,,,,,,,,,"Kaelen Culpepper","sa3025360",701785
"Nolan Gorman","STL",25,109,96,21,13,4,0,4,12,14,11,0,35,0,1,0,,1,0,0.21665,0.103249,0.319684,0.322973,0.297076,0.397274,0.303788,0.694349,0.180623,2.78356,0.282529,0,-0.14703,11.8027,-1.17329,92.1515,-0.14703,0.194998,-1.1798864006996155,-0.27722451090812683,0.211494,653.1400146484375,,,,,,,105.7,4.228,105.7,4.228,,,,,,,,,,,,,,,,,,,"Nolan Gorman","22263",669357
"Pedro Pagés","STL",16,62,57,13,9,2,0,1,5,6,4,0,16,1,0,1,,0,0,0.222599,0.0569898,0.262847,0.216817,0.27266,0.347748,0.273093,0.620408,0.125149,3.10389,0.282548,0,-0.0065314,5.16821,-2.20656,71.5649,-0.0065314,0.93932,-2.1332766241393983,2.1461100578308105,0.205286,748.2899780273438,,,,,,,46,2.875,46,2.875,,,,,,,,,,,,,,,,,,,"Pedro Pages","25782",686780
"Wade Meckler","LAA",21,91,81,22,17,4,1,1,11,9,9,0,18,0,0,0,,2,1,0.273484,0.0994717,0.202046,0.492321,0.347344,0.369746,0.320673,0.71709,0.0962619,4.87624,0.341531,0,-0.0377051,11.1585,0.266104,102.71,-0.0377051,-0.821626,0.25313787907361984,-1.5957005023956299,0.1932,999,,,,,,,96.9,4.614285714,96.9,4.614285714,,,,,,,,,,,,,,,,,,,"Wade Meckler","31490",685133
"Marcelo Mayer","BOS",28,122,111,26,17,6,0,3,14,13,9,0,27,1,1,0,,1,0,0.231937,0.0742649,0.224891,0.330225,0.293215,0.362606,0.289346,0.655821,0.130669,4.18638,0.282162,0,-0.0956152,11.8377,-2.75251,78.0311,-0.0956152,-0.114051,-3.2542076483368874,0.7910417169332504,0.191525,589.5399780273438,,,,,,,112.1,4.003571428,112.1,4.003571428,,,,,,,,,,,,,,,,,,,"Marcelo Mayer","29668",691785
"Drew Millas","WSN",22,89,80,18,13,3,1,1,9,9,7,0,18,1,1,1,,1,1,0.228155,0.0819791,0.198843,0.412281,0.296302,0.33568,0.28198,0.631982,0.107524,5.20747,0.274519,0,-0.0543504,8.05487,-2.52631,75.4208,-0.0543504,-0.0433148,-2.691994681954384,1.6881666742265224,0.191115,999,,,,,,,67.7,3.077272727,67.7,3.077272727,,,,,,,,,,,,,,,,,,,"Drew Millas","25643",686452
"Jorge Soler","LAA",50,214,187,41,23,9,0,9,25,28,22,0,63,3,2,0,,0,0,0.21972,0.104556,0.295798,0.353473,0.309026,0.408879,0.315305,0.717905,0.189159,1.61577,0.277763,0,-0.257144,25.2205,-0.30852,99.0041,-0.257144,-0.332728,-0.5076813399791718,-5.231802046298981,0.190478,634.8099975585938,,,,,,,228.3,4.566,228.3,4.566,,,,,,,,,,,,,,,,,,,"Jorge Soler","14221",624585
"Luisangel Acuña","CHW",23,100,92,23,19,3,0,1,13,8,6,0,19,1,1,1,,6,2,0.251933,0.0573258,0.191284,0.299689,0.297856,0.325226,0.278466,0.623081,0.0732925,6.58712,0.305924,0,0.446172,8.79194,-3.13193,74.5081,0.446172,0.199407,-2.5491419434547424,0.8710121810436249,0.190407,395.510009765625,,,,,,,81.7,3.552173913,81.7,3.552173913,,,,,,,,,,,,,,,,,,,"Luisangel Acuna","26548",682668
"Austin Hays","CHW",20,88,81,21,13,5,1,3,12,11,6,0,22,1,1,0,,1,0,0.25447,0.064729,0.253745,0.255094,0.307558,0.43264,0.320426,0.740199,0.17817,5.13002,0.314504,0,-0.010913,10.7604,0.239361,103.471,-0.010913,-0.0846054,0.3489945400506258,-1.616704210639,0.189556,572.469970703125,,,,,,,107.9,5.395,107.9,5.395,,,,,,,,,,,,,,,,,,,"Austin Hays","19363",669720
"Jonah Heim","ATH",31,131,120,28,18,5,0,4,13,16,9,0,25,1,1,0,,0,0,0.230532,0.0721474,0.191554,0.376642,0.288144,0.381893,0.29435,0.670037,0.151361,2.91494,0.256175,0,-0.0568024,13.1787,-2.41033,82.8786,-0.0568024,0.433052,-2.6869486421346664,-0.0942627489566803,0.189517,999,,,,,,,118.9,3.83548387,118.9,3.83548387,,,,,,,,,,,,,,,,,,,"Jonah Heim","16930",641680
"Jesus Rodriguez","SFG",13,51,46,13,10,2,0,1,6,5,4,0,8,1,0,0,,1,1,0.273155,0.0761953,0.156496,0.486884,0.334504,0.370839,0.313894,0.705343,0.0976845,4.68199,0.315398,0,-0.0800734,5.95939,-0.132075,99.172,-0.0800734,-0.400342,-0.13122889772057533,0.33376339077949524,0.188983,999,,,,,,,56.1,4.315384615,56.1,4.315384615,,,,,,,,,,,,,,,,,,,"Jesus Rodriguez","26991",683679
"Ramón Urías","STL",17,73,66,16,10,3,0,2,8,8,6,0,16,1,1,0,,1,0,0.235209,0.0772978,0.216694,0.356713,0.305283,0.380101,0.303476,0.685384,0.144893,3.44743,0.278072,0,-0.0393484,7.95617,-0.811385,91.9421,-0.0393484,0.14246,-0.755843099206686,0.21591690927743912,0.187885,999,,,,,,,74,4.352941176,74,4.352941176,,,,,,,,,,,,,,,,,,,"Ramon Urias","18795",602104
"Jake Fraley","TBR",26,110,98,24,16,5,0,2,12,10,10,0,24,1,1,0,,4,1,0.23973,0.0935926,0.213992,0.437365,0.31937,0.369735,0.306808,0.689105,0.130005,4.89976,0.291054,0,0.243835,12.2467,-0.920059,93.4389,0.243835,-0.116601,-0.6074541211128235,-1.468915693461895,0.187661,999,,,,,,,107.5,4.134615384,107.5,4.134615384,,,,,,,,,,,,,,,,,,,"Jake Fraley","19260",641584
"Max Muncy","ATH",12,52,47,12,7,3,0,1,6,7,4,0,16,1,0,0,,1,0,0.246833,0.0719224,0.297702,0.241592,0.314208,0.408532,0.316678,0.72274,0.161699,4.28993,0.332893,0,-0.122502,6.20271,-0.0170942,98.2902,-0.122502,0.0163869,-0.22729816287755966,0.22317700274288654,0.187469,672.719970703125,,,,,,,55.2,4.6,55.2,4.6,,,,,,,,,,,,,,,,,,,"Max Muncy","29779",691777
"Richie Palacios","TBR",28,122,107,25,18,4,1,2,15,12,13,0,23,1,1,0,,4,2,0.230724,0.106306,0.190872,0.556951,0.320378,0.333072,0.295602,0.65345,0.102348,5.77536,0.278649,0,0.0142957,12.4586,-2.13164,85.7039,0.0142957,-0.148517,-2.0411423398181796,-0.49990637600421906,0.183645,999,,,,,,,113.1,4.039285714,113.1,4.039285714,,,,,,,,,,,,,,,,,,,"Richie Palacios","24589",680700
"Giancarlo Stanton","NYY",20,87,78,18,10,3,0,5,9,15,8,0,27,0,0,0,,0,0,0.227957,0.0907117,0.314697,0.288251,0.300509,0.45902,0.326838,0.75953,0.231063,1.36848,0.277632,0,-0.0645835,11.0543,0.687953,109.3,-0.0645835,0,0.8854022324085236,-2.1712963581085205,0.183042,251.4600067138672,,,,,,,102.5,5.125,102.5,5.125,,,,,,,,,,,,,,,,,,,"Giancarlo Stanton","4949",519317
"Ali Sánchez","NYY",14,56,51,11,8,2,0,1,5,6,4,0,14,1,0,0,,0,0,0.225497,0.0643399,0.25611,0.25122,0.281154,0.325223,0.270858,0.606377,0.0997259,2.19943,0.291481,0,-0.1076,4.54854,-2.08592,70.6593,-0.1076,0.76388,-2.025819793343544,1.8495286703109741,0.182575,999,,,,,,,40.8,2.914285714,40.8,2.914285714,,,,,,,,,,,,,,,,,,,"Ali Sanchez","18551",645305
"Mitch Garver","SEA",17,69,59,12,7,2,0,2,7,7,8,0,21,1,0,0,,0,0,0.196764,0.12092,0.302413,0.399851,0.302413,0.343685,0.291254,0.646098,0.146921,3.42191,0.258561,0,-0.0203781,6.74213,-1.43689,90.2066,-0.0203781,-0.848835,-0.8097034953534603,0.1493135690689087,0.180254,999,,,,,,,59.8,3.517647058,59.8,3.517647058,,,,,,,,,,,,,,,,,,,"Mitch Garver","15161",641598
"Alex Call","LAD",9,37,31,8,5,2,0,1,5,5,5,0,6,1,0,0,,1,0,0.243201,0.12715,0.174619,0.728155,0.352917,0.376264,0.328921,0.729182,0.133064,4.0945,0.279933,0,-0.056898,4.78138,0.356341,107.387,-0.056898,0.391848,0.27459316700696945,0.2798105478286743,0.17849,999,,,,,,,48.9,5.433333333,48.9,5.433333333,,,,,,,,,,,,,,,,,,,"Alex Call","19296",669743
"Max Kepler","ARI",41,177,158,37,23,8,0,5,21,21,16,0,35,2,2,0,,1,0,0.231882,0.0904172,0.198555,0.455375,0.305941,0.387707,0.305311,0.693648,0.155825,3.74307,0.263281,0,0.0134075,19.3907,-1.68754,90.075,0.0134075,0.738143,-2.1082546515390277,-1.8984310030937195,0.17765,999,,,,,,,175.3,4.275609756,175.3,4.275609756,,,,,,,,,,,,,,,,,,,"Max Kepler","12144",596146
"Max Clark","DET",9,41,35,8,6,1,0,1,6,4,5,0,8,0,0,0,,1,0,0.236735,0.116071,0.207143,0.560345,0.328571,0.365306,0.311657,0.693878,0.128571,5.8426,0.283747,0,0.0559617,4.65912,-0.178504,97.4247,0.0559617,0.213528,-0.06680405139923096,0.35828153789043427,0.175624,999,,,,,,,39,4.333333333,39,4.333333333,,,,,,,,,,,,,,,,,,,"Max Clark","sa3022683",703601
"Marcell Ozuna","PIT",33,143,124,30,19,5,0,5,14,16,17,0,36,1,1,0,,0,0,0.239029,0.120654,0.251607,0.479532,0.334373,0.408071,0.328525,0.742444,0.169042,0.91229,0.292505,0,-0.197972,18.3441,1.32476,104.755,-0.197972,0,0.6227378100156784,-3.564814805984497,0.173093,377.510009765625,,,,,,,159.5,4.833333333,159.5,4.833333333,,,,,,,,,,,,,,,,,,,"Marcell Ozuna","10324",542303
"Alex Freeland","LAD",14,60,52,12,8,2,0,2,7,6,7,0,17,1,0,0,,1,0,0.225663,0.108835,0.277397,0.392344,0.317833,0.362589,0.304758,0.680421,0.136925,4.59904,0.298013,0,0.0337627,6.54897,-0.599165,91.1813,0.0337627,0.126895,-0.6055445335805416,0.3611541837453842,0.172993,999,,,,,,,65.7,4.692857142,65.7,4.692857142,,,,,,,,,,,,,,,,,,,"Alex Freeland","31665",690976
"Jorge Mateo","ATL",16,68,63,14,9,3,1,2,10,6,4,0,19,0,0,0,,5,1,0.225349,0.0590786,0.276563,0.213617,0.272324,0.365779,0.279709,0.638104,0.140431,8.36438,0.293879,0,0.550081,6.01571,-2.05044,73.4119,0.550081,0.453196,-1.624957263469696,1.1143068969249725,0.171446,999,,,,,,,67.3,4.20625,67.3,4.20625,,,,,,,,,,,,,,,,,,,"Jorge Mateo","17273",622761
"Blaze Jordan","STL",35,150,139,34,23,7,1,3,16,17,8,0,21,1,2,0,,1,0,0.242746,0.0527923,0.138368,0.381535,0.286587,0.371414,0.288467,0.658001,0.128669,3.54627,0.261652,0,-0.176903,14.4046,-3.48117,81.8759,-0.176903,0.838732,-3.4644992649555206,0.26157164573669434,0.170667,999,,,,,,,134.5,3.842857142,134.5,3.842857142,,,,,,,,,,,,,,,,,,,"Blaze Jordan","28199",691458
"Joey Bart","ATL",14,54,47,11,8,2,0,2,6,6,5,0,16,1,0,0,,0,0,0.229004,0.0874652,0.297529,0.293972,0.313941,0.363636,0.303811,0.677577,0.134632,1.92556,0.307294,0,-0.10218,5.834,-0.578842,89.5768,-0.10218,-0.341779,-0.780078575015068,0.7076036930084229,0.170048,999,,,,,,,57.2,4.085714285,57.2,4.085714285,,,,,,,,,,,,,,,,,,,"Joey Bart","21524",663698
"Dane Myers","CIN",15,65,58,15,10,2,0,2,8,8,6,0,16,1,0,0,,2,1,0.254155,0.0856479,0.247344,0.346271,0.326403,0.39049,0.318119,0.716893,0.136335,5.14932,0.319464,0,0.159222,7.76992,0.0544691,94.8121,0.159222,-0.395605,-0.2467196136713028,-0.20671626925468445,0.167534,999,,,,,,,72.6,4.84,72.6,4.84,,,,,,,,,,,,,,,,,,,"Dane Myers","22054",667472
"Jon Berti",,11,46,42,10,8,1,0,1,6,4,4,0,10,0,0,0,,3,1,0.244275,0.0821918,0.226027,0.363636,0.312715,0.332061,0.290532,0.644776,0.0877863,6.20857,0.309278,0,0.242113,4.5303,-0.998415,81.7466,0.242113,0.484129,-0.7668637633323669,0.8149932026863098,0.164837,999,,,,,,,41.2,3.745454545,41.2,3.745454545,,,,,,,,,,,,,,,,,,,"Jon Berti","12037",542932
"Nate Eaton","BOS",17,72,65,16,10,4,0,2,9,9,5,0,18,1,0,0,,3,1,0.240017,0.0695031,0.246454,0.282012,0.303563,0.383319,0.303135,0.686882,0.143303,6.43966,0.303945,0,0.182826,7.73043,-0.810204,87.5488,0.182826,0.5341,-0.8650862276554108,-0.062196433544158936,0.164174,999,,,,,,,75.9,4.464705882,75.9,4.464705882,,,,,,,,,,,,,,,,,,,"Nate Eaton","25055",681987
"Eli White","ATL",13,56,51,12,8,2,0,2,8,6,3,0,14,1,0,0,,2,0,0.24005,0.0607435,0.259478,0.234099,0.295753,0.382728,0.297542,0.678481,0.142678,7.23376,0.302713,0,0.263917,5.77774,-0.885602,85.372,0.263917,0.954336,-0.7246114909648895,0.48211365938186646,0.159775,999,,,,,,,56.6,4.353846153,56.6,4.353846153,,,,,,,,,,,,,,,,,,,"Eli White","19346",642201
"Kahlil Watson","CLE",36,154,139,30,18,6,1,5,17,19,12,0,52,2,1,0,,5,2,0.217003,0.0787072,0.335255,0.234768,0.287311,0.381833,0.294644,0.669145,0.164831,6.23052,0.305377,0,0.0275101,15.5757,-2.80523,87.1348,0.0275101,-1.05137,-2.3027694541960955,-1.642110288143158,0.15612,999,,,,,,,145,4.027777777,145,4.027777777,,,,,,,,,,,,,,,,,,,"Kahlil Watson","29905",696135
"Tyler Callihan","PIT",24,106,94,22,14,4,1,2,11,11,8,0,29,1,1,1,,3,1,0.233799,0.0777572,0.278289,0.279412,0.299108,0.371422,0.296333,0.67053,0.137623,6.26558,0.313031,0,0.13464,10.8169,-1.77748,83.1637,0.13464,0.00303979,-2.0158330351114273,0.09470645640976727,0.153991,999,,,,,,,95.2,3.966666666,95.2,3.966666666,,,,,,,,,,,,,,,,,,,"Tyler Callihan","27497",682997
"Ke'Bryan Hayes","CIN",31,135,124,28,21,4,1,2,13,12,9,0,26,1,1,0,,3,1,0.224996,0.068994,0.193033,0.35742,0.282425,0.325991,0.271255,0.608417,0.100995,4.88842,0.265477,0,0.0805262,11.1038,-5.02853,63.3811,0.0805262,2.53233,-5.910683296620846,3.0150453746318817,0.153255,999,,,,,,,101.8,3.283870967,101.8,3.283870967,,,,,,,,,,,,,,,,,,,"Ke'Bryan Hayes","18577",663647
"Bryan Torres","STL",18,79,68,18,14,3,0,1,10,8,9,0,13,0,0,2,,2,1,0.269661,0.112736,0.169993,0.66318,0.355101,0.366722,0.32522,0.721823,0.0970613,5.05514,0.32047,0,-0.0248222,9.99315,0.52419,106.526,-0.0248222,-0.581756,0.6018494088202715,-1.6836082935333252,0.152466,999,,,,,,,78.9,4.383333333,78.9,4.383333333,,,,,,,,,,,,,,,,,,,"Bryan Torres","21464",663494
"Victor Mesa Jr.","TBR",21,92,84,19,13,3,0,3,10,11,7,0,20,1,1,0,,1,1,0.231304,0.0751857,0.211974,0.354693,0.292623,0.371182,0.293235,0.663805,0.139878,4.01507,0.269008,0,-0.110756,9.24225,-1.78939,84.0695,-0.110756,0.821074,-1.8425328135490417,0.04375958442687988,0.151249,999,,,,,,,82.4,3.923809523,82.4,3.923809523,,,,,,,,,,,,,,,,,,,"Victor Mesa Jr.","25999",683748
"Drew Gilbert","SFG",21,93,82,19,12,4,1,2,10,10,8,0,17,2,1,0,,1,1,0.231597,0.083425,0.187424,0.445113,0.308749,0.37597,0.303192,0.684718,0.144372,4.06726,0.267108,0,-0.280705,10.0127,-1.04469,91.9941,-0.280705,-0.365641,-1.1785047948360443,-0.3656405508518219,0.149621,999,,,,,,,89.6,4.266666666,89.6,4.266666666,,,,,,,,,,,,,,,,,,,"Drew Gilbert","31545",687551
"Brady House","WSN",20,86,80,20,13,4,0,3,10,11,4,0,24,1,1,0,,1,0,0.246479,0.0509567,0.275623,0.184878,0.288934,0.394079,0.297787,0.683012,0.1476,3.92241,0.315677,0,-0.109981,8.87143,-1.3402,86.0218,-0.109981,-0.0661187,-1.5576182305812836,0.23943685740232468,0.149088,710.1199951171875,,,,,,,88.7,4.435,88.7,4.435,,,,,,,,,,,,,,,,,,,"Brady House","29993",691781
"Leo Jiménez","MIA",20,88,76,17,12,4,0,1,10,9,7,0,19,4,1,0,,1,0,0.226409,0.0830029,0.214186,0.387527,0.323952,0.332982,0.29989,0.656934,0.106573,3.89632,0.281262,0,-0.142614,9.31807,-1.23394,86.0859,-0.142614,-0.243609,-1.6316452026367188,0.1943541020154953,0.146452,999,,,,,,,75.1,3.755,75.1,3.755,,,,,,,,,,,,,,,,,,,"Leo Jimenez","23782",677870
"Carlos Cortes","ATH",31,136,122,30,19,7,0,4,14,16,12,0,26,1,1,0,,0,0,0.247053,0.0883031,0.189129,0.466893,0.317731,0.399428,0.316343,0.717159,0.152376,2.80499,0.283278,0,-0.190884,16.159,-0.0816391,98.059,-0.190884,0.0600585,-0.50152288377285,-2.9280587062239647,0.143601,999,,,,,,,142.9,4.609677419,142.9,4.609677419,,,,,,,,,,,,,,,,,,,"Carlos Cortes","21842",666126
"Amed Rosario","NYY",23,101,95,24,17,4,1,3,11,13,5,0,19,1,1,0,,2,0,0.253441,0.0448553,0.187931,0.238679,0.288989,0.392419,0.2968,0.681408,0.138978,5.16565,0.288275,0,0.0619312,10.4256,-1.66844,88.5655,0.0619312,-0.945487,-1.300804741680622,-0.8937895447015762,0.143294,999,,,,,,,106.7,4.639130434,106.7,4.639130434,,,,,,,,,,,,,,,,,,,"Amed Rosario","15518",642708
"Braden Montgomery","CHW",51,220,200,47,28,12,2,4,24,24,16,0,65,3,1,0,,2,2,0.233625,0.073173,0.294896,0.248132,0.297875,0.380188,0.298141,0.678064,0.146563,4.93696,0.320567,0,-0.450353,22.9141,-3.38861,88.089,-0.450353,-0.651808,-3.5375981628894806,-2.9289681911468506,0.140284,999,,,,,,,202.2,3.964705882,202.2,3.964705882,,,,,,,,,,,,,,,,,,,"Braden Montgomery","35423",695731
"Matt Wallner","MIN",8,34,29,7,3,2,0,2,4,4,4,0,11,1,0,0,,0,0,0.228457,0.104223,0.325398,0.320294,0.33019,0.451876,0.341629,0.782066,0.223419,4.13407,0.304718,0,-0.0502664,4.76666,0.682011,117.6,-0.0502664,-0.160045,0.6581424847245216,-0.526711493730545,0.136685,340.5899963378906,,,,,,,49.8,6.225,49.8,6.225,,,,,,,,,,,,,,,,,,,"Matt Wallner","26466",670242
"Jesse Winker",,15,67,56,13,9,2,0,2,7,7,9,0,14,1,0,0,,1,0,0.232787,0.14011,0.217033,0.64557,0.349862,0.370492,0.324974,0.720354,0.137705,3.73399,0.283105,0,-0.0308648,8.37419,0.426663,105.178,-0.0308648,0,0.3806155305355787,-1.3337962627410889,0.133515,999,,,,,,,73.3,4.886666666,73.3,4.886666666,,,,,,,,,,,,,,,,,,,"Jesse Winker","13590",608385
"Lourdes Gurriel Jr.","ARI",56,240,222,57,38,11,1,6,24,31,14,0,39,3,2,0,,3,1,0.257204,0.0574467,0.163793,0.350727,0.306569,0.402639,0.310081,0.709208,0.145435,3.89604,0.28463,0,-0.0289617,27.3145,-1.36572,93.2739,-0.0289617,0.0487746,-1.9853663425892591,-4.5523058623075485,0.131849,689.0700073242188,,,,,,,245.1,4.376785714,245.1,4.376785714,,,,,,,,,,,,,,,,,,,"Lourdes Gurriel Jr.","19238",666971
"Luis Urías","TOR",9,41,35,8,6,1,0,1,4,4,4,0,7,1,0,0,,0,0,0.23677,0.0964718,0.178848,0.539406,0.32739,0.374421,0.314601,0.701811,0.13765,3.07069,0.266869,0,-0.0394985,4.75599,-0.0816366,100.322,-0.0394985,-0.313601,-0.024165899492800236,-0.12749002873897552,0.13079,999,,,,,,,37.1,4.122222222,37.1,4.122222222,,,,,,,,,,,,,,,,,,,"Luis Urias","16622",649966
"Tyler Heineman","LAA",11,42,36,8,6,1,0,1,4,4,3,0,8,1,0,1,,0,0,0.209394,0.0684418,0.193507,0.353692,0.286504,0.292953,0.265155,0.579456,0.0835591,4.4671,0.252234,0,-0.0236074,3.22066,-1.75872,64.388,-0.0236074,0.754426,-1.7710150610655546,1.5692408084869385,0.130001,999,,,,,,,33.1,3.009090909,33.1,3.009090909,,,,,,,,,,,,,,,,,,,"Tyler Heineman","13897",623168
"Denzel Clarke","ATH",9,41,36,8,5,2,0,1,5,5,3,0,14,1,0,0,,1,0,0.220978,0.0783793,0.341664,0.229404,0.296276,0.351424,0.289162,0.6477,0.130445,7.23397,0.332311,0,0.109736,3.91892,-0.918703,79.2974,0.109736,0.567202,-0.877180427312851,0.7119546979665756,0.129417,728.3300170898438,,,,,,,37.9,4.211111111,37.9,4.211111111,,,,,,,,,,,,,,,,,,,"Denzel Clarke","29858",672016
"James McCann","ARI",17,69,64,15,10,3,0,2,7,8,3,0,19,1,0,1,,0,0,0.236428,0.0450446,0.269373,0.16722,0.27998,0.369097,0.2853,0.649078,0.132669,2.59382,0.304862,0,-0.0301127,6.43841,-1.77568,76.6539,-0.0301127,-0.341605,-1.9749666098505259,1.0025303661823273,0.128817,999,,,,,,,59.5,3.5,59.5,3.5,,,,,,,,,,,,,,,,,,,"James McCann","12859",543510
"Ben Malgeri","DET",11,49,44,11,7,2,0,1,7,6,4,0,14,1,0,0,,1,0,0.24133,0.0727609,0.282697,0.257381,0.30902,0.38171,0.304435,0.69073,0.14038,5.67151,0.32462,0,-0.114651,5.36895,-0.505311,92.4399,-0.114651,0.430141,-0.5522797256708145,0.06825879216194153,0.128477,999,,,,,,,49.7,4.518181818,49.7,4.518181818,,,,,,,,,,,,,,,,,,,"Ben Malgeri","29577",701162
"Ildemaro Vargas","ARI",36,156,145,37,27,6,1,3,17,20,8,0,17,1,1,1,,1,0,0.252763,0.0539223,0.105694,0.510172,0.298052,0.364349,0.291412,0.662401,0.111586,4.2634,0.268884,0,-0.0577257,15.4014,-3.25802,80.7528,-0.0577257,1.82162,-3.700050823390484,-0.14288246631622314,0.127313,999,,,,,,,142.4,3.955555555,142.4,3.955555555,,,,,,,,,,,,,,,,,,,"Ildemaro Vargas","13324",545121
"J.C. Escarra","NYY",7,26,24,5,3,1,0,1,3,3,2,0,5,0,0,0,,0,0,0.230301,0.0859329,0.177777,0.483376,0.302584,0.367114,0.297208,0.669698,0.136813,4.0095,0.264261,0,-0.0332446,2.73221,-0.427058,88.8475,-0.0332446,0.137396,-0.3804449327290058,0.6543716341257095,0.123149,999,,,,,,,22.3,3.185714285,22.3,3.185714285,,,,,,,,,,,,,,,,,,,"J.C. Escarra","20084",641555
"Jonatan Clase","TOR",13,55,49,11,7,2,0,1,7,6,5,0,16,0,0,0,,3,1,0.226764,0.0845161,0.286905,0.294578,0.297069,0.378133,0.298131,0.675202,0.151369,7.33556,0.3013,0,0.238183,5.7191,-0.846254,88.9538,0.238183,0.187143,-0.47646935284137726,-0.27813495695590973,0.121977,999,,,,,,,45.7,3.515384615,45.7,3.515384615,,,,,,,,,,,,,,,,,,,"Jonatan Clase","26599",682729
"Andruw Monasterio","BOS",17,75,67,17,11,4,0,2,9,8,6,0,17,1,0,0,,2,1,0.247704,0.0857041,0.223292,0.383821,0.317555,0.389494,0.312878,0.707049,0.141789,4.78011,0.304352,0,-0.172478,8.64212,-0.254375,94.274,-0.172478,-0.831795,-0.67446468770504,-0.7998510152101517,0.119578,999,,,,,,,80.6,4.74117647,80.6,4.74117647,,,,,,,,,,,,,,,,,,,"Andruw Monasterio","19455",655316
"Edouard Julien","COL",34,149,127,31,22,5,1,3,17,14,20,0,41,1,1,0,,2,1,0.242705,0.135017,0.278715,0.484426,0.349183,0.368237,0.323559,0.71742,0.125532,4.18082,0.334684,0,-0.318597,18.55,0.782767,89.7834,-0.318597,-1.22394,-2.1595389544963837,-1.5549615025520325,0.115628,746.0499877929688,,,,,,,159,4.676470588,159,4.676470588,,,,,,,,,,,,,,,,,,,"Edouard Julien","27534",666397
"Alejandro Osuna","TEX",15,67,58,15,11,3,0,1,8,7,6,0,13,2,0,1,,2,1,0.250962,0.08856,0.196782,0.450041,0.336415,0.359956,0.313317,0.696371,0.108994,5.28368,0.306276,0,-0.0638395,7.74404,-0.203496,100.247,-0.0638395,-0.600621,-0.04446984827518463,-1.210651934146881,0.113089,999,,,,,,,69.1,4.606666666,69.1,4.606666666,,,,,,,,,,,,,,,,,,,"Alejandro Osuna","27915",696030
"Gabriel Rincones Jr.","PHI",33,143,126,27,16,6,0,4,18,17,14,1,38,2,1,0,,4,1,0.214584,0.0950217,0.267437,0.355304,0.298999,0.3703,0.296252,0.669299,0.155716,5.03653,0.268722,0,0.0221242,14.608,-2.41135,83.3796,0.0221242,0.821729,-2.8466607369482517,-0.7060489058494568,0.111312,999,,,,,,,133,4.03030303,133,4.03030303,,,,,,,,,,,,,,,,,,,"Gabriel Rincones Jr.","31958",687282
"Isiah Kiner-Falefa","BOS",13,57,52,14,11,2,0,0,6,5,3,0,8,1,0,1,,2,1,0.261467,0.0575755,0.148197,0.388506,0.311418,0.337604,0.290457,0.649022,0.0761374,5.36046,0.302299,0,0.0860779,5.53688,-1.22445,78.798,0.0860779,0.0048389,-1.3265613615512848,0.37752408999949694,0.108225,746.1500244140625,,,,,,,45.2,3.476923076,45.2,3.476923076,,,,,,,,,,,,,,,,,,,"Isiah Kiner-Falefa","16512",643396
"Starling Marte","KCR",21,91,82,22,16,4,0,1,10,9,6,0,20,2,1,0,,2,1,0.268001,0.0649588,0.222181,0.292369,0.329777,0.378326,0.31483,0.708102,0.110325,5.11255,0.33559,0,0.0264424,10.7256,-0.166842,96.815,0.0264424,0.0662247,-0.31542273983359337,-1.8893308490514755,0.105967,999,,,,,,,87.2,4.152380952,87.2,4.152380952,,,,,,,,,,,,,,,,,,,"Starling Marte","9241",516782
"Yoán Moncada","LAA",13,54,48,11,7,2,0,2,6,6,6,0,16,1,0,0,,0,0,0.225752,0.105368,0.301323,0.349685,0.316104,0.394465,0.314118,0.710569,0.168712,3.90637,0.301491,0,-0.0258508,6.33699,-0.130368,98.1849,-0.0258508,-0.370616,-0.14153005182743073,-0.7474681437015533,0.105419,746.1500244140625,,,,,,,59.2,4.553846153,59.2,4.553846153,,,,,,,,,,,,,,,,,,,"Yoan Moncada","17232",660162
"Ryan Mountcastle","BAL",11,48,45,12,7,2,0,2,5,6,3,0,12,0,0,0,,0,0,0.26075,0.0578885,0.245731,0.235577,0.30677,0.432535,0.321297,0.739305,0.171786,3.39783,0.317033,0,0.00603346,5.9525,0.165918,105.795,0.00603346,-0.0106307,0.3364683757536113,-1.0393344350159168,0.103686,748.0900268554688,,,,,,,55.8,5.072727272,55.8,5.072727272,,,,,,,,,,,,,,,,,,,"Ryan Mountcastle","18373",663624
"Mickey Gasper","BOS",8,30,26,6,4,1,0,1,4,3,3,0,5,1,0,0,,0,0,0.242965,0.0980688,0.174809,0.561006,0.329969,0.36206,0.311013,0.692029,0.119095,4.13364,0.283726,0,-0.0209808,3.46046,-0.148978,92.9871,-0.0209808,-0.284011,-0.27041841484606266,0.19515541195869446,0.101418,999,,,,,,,31.9,3.9875,31.9,3.9875,,,,,,,,,,,,,,,,,,,"Mickey Gasper","24759",681508
"Nick Allen","HOU",17,73,65,15,12,3,0,1,7,6,5,0,15,1,1,1,,1,1,0.229082,0.073459,0.201055,0.365368,0.290298,0.302466,0.267919,0.592764,0.0733838,4.32861,0.282728,0,-0.0920504,5.80135,-2.91463,68.0707,-0.0920504,0.811859,-2.8344371765851974,1.2331554293632507,0.101279,999,,,,,,,54.2,3.188235294,54.2,3.188235294,,,,,,,,,,,,,,,,,,,"Nick Allen","22277",669397
"Justin Foscue","TEX",14,61,54,13,7,3,0,2,7,8,5,0,11,1,0,0,,1,0,0.234444,0.0857731,0.179794,0.477064,0.310501,0.408333,0.31611,0.718835,0.173889,3.71827,0.257139,0,-0.0539687,7.20851,-0.0479358,102.175,-0.0539687,-0.0574307,0.1015813797712326,-1.2671530097723007,0.101273,999,,,,,,,66.2,4.728571428,66.2,4.728571428,,,,,,,,,,,,,,,,,,,"Justin Foscue","27501",679822
"Alika Williams","ATH",8,35,32,8,6,1,0,1,4,3,2,0,8,0,0,0,,0,0,0.24542,0.0603148,0.216577,0.278491,0.298462,0.357451,0.29099,0.655913,0.112031,3.95187,0.301658,0,-0.0838962,3.41064,-0.735893,80.5594,-0.0838962,0.390736,-0.8782573416829109,0.6388845145702362,0.101039,999,,,,,,,31.1,3.8875,31.1,3.8875,,,,,,,,,,,,,,,,,,,"Alika Williams","27604",675961
"Matt Vierling","DET",33,142,128,30,20,6,1,3,16,16,11,0,29,1,1,0,,2,1,0.237074,0.0778587,0.205448,0.37897,0.299313,0.380663,0.298588,0.679976,0.143589,4.78457,0.279063,0,-0.169193,14.8018,-2.12987,88.4039,-0.169193,-1.199,-2.103984147310257,-1.974464237689972,0.0988281,999,,,,,,,128.3,3.887878787,128.3,3.887878787,,,,,,,,,,,,,,,,,,,"Matt Vierling","21558",663837
"Christian Moore","LAA",18,77,69,15,11,2,1,2,8,8,7,0,25,0,1,0,,1,1,0.223259,0.0911264,0.323943,0.281304,0.297322,0.353234,0.288901,0.650556,0.129975,5.46888,0.319402,0,-0.0883141,7.42884,-1.76162,80.779,-0.0883141,0.0477586,-1.8290631473064423,0.03757341578602791,0.0963676,748.3499755859375,,,,,,,65.4,3.633333333,65.4,3.633333333,,,,,,,,,,,,,,,,,,,"Christian Moore","34979",695681
"Michael Conforto","CHC",27,119,104,23,13,5,0,4,14,13,13,0,32,2,1,0,,0,0,0.219434,0.108386,0.272119,0.398305,0.312641,0.391132,0.311047,0.703773,0.171698,2.95331,0.27496,0,-0.0722426,13.5858,-0.581514,96.6681,-0.0722426,-0.422641,-0.5509764775633812,-2.3974869549274445,0.0935593,999,,,,,,,121.9,4.514814814,121.9,4.514814814,,,,,,,,,,,,,,,,,,,"Michael Conforto","16376",624424
"Graham Pauley","MIA",18,80,72,16,9,4,0,2,9,9,7,0,17,1,0,0,,1,0,0.217828,0.0814844,0.209705,0.388567,0.288145,0.362145,0.287554,0.65029,0.144318,4.53711,0.25584,0,-0.0260626,7.61666,-1.91419,77.8129,-0.0260626,0.504579,-2.1706563644111156,0.48420870304107666,0.0929981,999,,,,,,,73.9,4.105555555,73.9,4.105555555,,,,,,,,,,,,,,,,,,,"Graham Pauley","31363",688363
"Blake Dunn","CIN",10,44,38,10,7,1,0,1,6,4,4,0,12,1,0,0,,2,0,0.249567,0.0850942,0.267202,0.318464,0.333285,0.363621,0.313504,0.696906,0.114053,6.10359,0.335719,0,0.119807,5.13251,-0.128021,91.7164,0.119807,0.0226673,-0.3221309930086136,-0.19770306535065174,0.092913,999,,,,,,,49.1,4.91,49.1,4.91,,,,,,,,,,,,,,,,,,,"Blake Dunn","29487",694362
"Davis Schneider","TOR",5,23,20,4,2,1,0,1,3,3,3,0,7,0,0,0,,0,0,0.209025,0.134048,0.291066,0.460542,0.322879,0.387495,0.317145,0.710374,0.17847,4.44741,0.270479,0,-0.00781625,2.76556,0.00119791,102.078,-0.00781625,0.126169,0.048792640678584576,0.04345247149467468,0.0928378,999,,,,,,,23.7,4.74,23.7,4.74,,,,,,,,,,,,,,,,,,,"Davis Schneider","23565",676914
"Jett Williams","MIL",9,38,33,8,4,2,1,1,5,5,4,0,10,0,0,0,,1,0,0.228745,0.101604,0.270945,0.375,0.314286,0.396761,0.313748,0.711047,0.168016,7.30401,0.301205,0,0.000844494,4.39023,-0.10185,97.4534,0.000844494,-0.372336,-0.11517260962864384,-0.19656428694725037,0.0927118,999,,,,,,,46.6,5.177777777,46.6,5.177777777,,,,,,,,,,,,,,,,,,,"Jett Williams","sa3020134",702518
"Rafael Flores Jr.","PIT",9,34,31,8,5,2,0,1,3,3,3,0,10,0,0,0,,0,0,0.253906,0.0788371,0.286344,0.275323,0.316274,0.401325,0.315859,0.717599,0.147418,3.09408,0.339173,0,-0.0087568,4.0121,-0.0336508,96.2597,-0.0087568,-0.701047,-0.16222653072327375,-0.03900986909866333,0.091546,999,,,,,,,38,4.222222222,38,4.222222222,,,,,,,,,,,,,,,,,,,"Rafael Flores Jr.","31991",804668
"Alex Jackson","MIN",5,18,17,4,2,1,0,1,2,2,1,0,6,0,0,0,,0,0,0.220397,0.0622238,0.313099,0.198735,0.283401,0.405766,0.301036,0.689167,0.185369,3.72122,0.28975,0,-0.00732222,1.94072,-0.237755,89.5806,-0.00732222,0.128494,-0.23099781200289726,0.48497508466243744,0.0915031,999,,,,,,,20.7,4.14,20.7,4.14,,,,,,,,,,,,,,,,,,,"Alex Jackson","17276",656577
"Eduardo Valencia","DET",8,34,31,8,5,1,0,1,4,5,2,0,7,0,0,0,,0,0,0.247301,0.0665517,0.220495,0.301829,0.304828,0.431796,0.319885,0.736624,0.184495,2.03942,0.278813,0,-0.0402117,4.10489,0.0768237,103.105,-0.0402117,-0.0573293,0.08302271738648415,-0.388193491846323,0.0908027,999,,,,,,,32.1,4.0125,32.1,4.0125,,,,,,,,,,,,,,,,,,,"Eduardo Valencia","24574",680664
"Harry Ford","WSN",5,21,18,4,3,1,0,0,3,2,2,0,5,0,0,0,,0,0,0.232877,0.110672,0.22332,0.495575,0.332016,0.349315,0.309161,0.681331,0.116438,4.24844,0.290221,0,-0.0336662,2.35556,-0.134135,93.6502,-0.0336662,0,-0.19399699196219444,0.40740740299224854,0.0904573,725.52001953125,,,,,,,13.3,2.66,13.3,2.66,,,,,,,,,,,,,,,,,,,"Harry Ford","29958",695670
"Nicky Lopez","TEX",27,116,104,25,21,3,1,0,11,8,8,0,17,1,1,2,,2,1,0.243358,0.0724951,0.148258,0.48898,0.307076,0.306509,0.278328,0.613585,0.0631515,4.79166,0.286096,0,-0.338803,10.1784,-3.64343,76.0957,-0.338803,-0.306859,-3.5946424901485443,0.3548690974712372,0.0897385,999,,,,,,,78.4,2.903703703,78.4,2.903703703,,,,,,,,,,,,,,,,,,,"Nicky Lopez","19339",670032
"Tyler Locklear","ARI",10,43,39,10,6,2,0,1,5,6,3,0,11,1,0,0,,1,0,0.251073,0.08,0.257143,0.311111,0.329524,0.407725,0.325279,0.737249,0.156652,5.40068,0.321875,0,0.0211939,5.47217,0.289001,103.467,0.0211939,0.0163415,0.2034443113952875,-0.7591215223073959,0.0871467,999,,,,,,,46.1,4.61,46.1,4.61,,,,,,,,,,,,,,,,,,,"Tyler Locklear","31396",682988
"Jeremiah Jackson","BAL",11,46,43,10,7,2,0,2,5,6,2,0,10,0,0,0,,1,0,0.242756,0.0403467,0.222724,0.181151,0.276974,0.399452,0.293741,0.676426,0.156696,3.57271,0.281918,0,-0.0814413,4.58154,-0.864656,86.774,-0.0814413,-0.190481,-0.7912575080990791,-0.027518168091773987,0.081677,999,,,,,,,45.5,4.136363636,45.5,4.136363636,,,,,,,,,,,,,,,,,,,"Jeremiah Jackson","22239",669236
"Anthony Seigler","BOS",14,60,51,12,8,3,0,1,7,5,7,0,12,0,0,0,,2,0,0.228747,0.124761,0.207664,0.600783,0.330653,0.353067,0.309095,0.68372,0.124319,5.66344,0.281222,0,0.135875,6.73058,-0.386615,91.6631,0.135875,-1.08249,-0.44882969558238983,-0.8695303350687027,0.0816081,999,,,,,,,59.1,4.221428571,59.1,4.221428571,,,,,,,,,,,,,,,,,,,"Anthony Seigler","23802",678011
"Rafael Marchán","PHI",15,60,54,11,8,2,0,1,5,6,4,0,9,1,0,0,,0,0,0.199922,0.0676881,0.151946,0.445476,0.270391,0.295978,0.257143,0.566369,0.0960562,1.32129,0.221157,0,-0.0700215,4.23961,-2.91825,57.1498,-0.0700215,0.857337,-3.180658921599388,2.028633177280426,0.0814312,999,,,,,,,37.8,2.52,37.8,2.52,,,,,,,,,,,,,,,,,,,"Rafael Marchan","21646",665561
"Jorbit Vivas","WSN",23,100,87,20,15,4,0,1,11,9,9,0,13,2,1,0,,1,1,0.233893,0.0920821,0.133259,0.691,0.322181,0.32687,0.294911,0.649051,0.0929771,4.46741,0.261698,0,-0.198257,10.117,-1.79659,84.0931,-0.198257,0.191583,-2.1201983988285065,-0.34823140501976013,0.079787,999,,,,,,,78.1,3.395652173,78.1,3.395652173,,,,,,,,,,,,,,,,,,,"Jorbit Vivas","23917",678391
"Eric Haase","SFG",12,48,43,9,6,2,0,2,5,6,3,0,15,0,0,0,,0,0,0.21345,0.0664181,0.324085,0.204941,0.269657,0.359649,0.27745,0.629306,0.146199,2.38005,0.289553,0,-0.0196582,4.15371,-1.53297,74.7294,-0.0196582,-0.254673,-1.4770892411470413,0.675882875919342,0.0762323,999,,,,,,,41,3.416666666,41,3.416666666,,,,,,,,,,,,,,,,,,,"Eric Haase","14111",606992
"Tommy Troy","ARI",17,72,65,15,11,3,0,1,8,7,6,0,16,1,0,0,,1,0,0.233159,0.0800787,0.225957,0.354397,0.302304,0.347122,0.290472,0.649427,0.113963,4.9969,0.290524,0,0.0110012,7.07504,-1.56358,80.1224,0.0110012,0.19349,-1.7304941937327385,0.12111369520425797,0.0761162,999,,,,,,,60,3.529411764,60,3.529411764,,,,,,,,,,,,,,,,,,,"Tommy Troy","33279",694371
"Max Schuemann","NYY",5,23,20,4,3,1,0,0,3,2,3,0,5,1,0,0,,1,0,0.225192,0.117039,0.226359,0.517051,0.33563,0.342242,0.309324,0.677872,0.11705,5.89254,0.285687,0,0.0185579,2.61849,-0.145867,97.2104,0.0185579,-0.172112,-0.05743379890918732,-0.027358457446098328,0.0749259,999,,,,,,,19.2,3.84,19.2,3.84,,,,,,,,,,,,,,,,,,,"Max Schuemann","24488",680474
"Cam Cauley","TEX",25,110,101,22,13,5,1,3,15,11,7,0,34,0,1,0,,4,1,0.220209,0.0667782,0.311753,0.214203,0.274193,0.372858,0.283248,0.647051,0.152649,7.63992,0.302474,0,0.177254,10.1089,-3.02184,79.4917,0.177254,-1.22262,-2.4763749092817307,-0.7056422233581543,0.0747058,999,,,,,,,96.4,3.856,96.4,3.856,,,,,,,,,,,,,,,,,,,"Cam Cauley","29710",695508
"Myles Straw","TOR",12,52,47,11,8,2,0,1,7,4,4,0,9,0,0,1,,2,0,0.236346,0.0767243,0.174483,0.439723,0.295252,0.322885,0.276877,0.618137,0.0865384,6.27263,0.28025,0,0.141252,4.51889,-1.70092,74.2828,0.141252,0.488485,-1.434992954134941,0.30237405002117157,0.0732926,999,,,,,,,45.6,3.8,45.6,3.8,,,,,,,,,,,,,,,,,,,"Myles Straw","17620",664702
"Spencer Jones","NYY",6,26,24,6,3,1,0,1,4,4,2,0,10,0,0,0,,1,0,0.237932,0.0842864,0.387408,0.217565,0.30606,0.449332,0.326852,0.755392,0.2114,6.30431,0.356696,0,0.0448519,3.31658,0.206675,109.309,0.0448519,-0.218727,0.3301365152001381,-0.5392517596483231,0.0727856,999,,,,,,,29.8,4.966666666,29.8,4.966666666,,,,,,,,,,,,,,,,,,,"Spencer Jones","31532",682987
"Zach Dezenzo","HOU",14,59,54,13,8,3,0,2,8,6,5,0,18,1,0,0,,1,0,0.240819,0.0763711,0.312328,0.244522,0.30439,0.393438,0.307368,0.697827,0.152619,4.19445,0.33107,0,0.0231239,6.57472,-0.465109,95.3009,0.0231239,-0.447972,-0.30286324955523014,-1.0799163281917572,0.0727535,999,,,,,,,66.2,4.728571428,66.2,4.728571428,,,,,,,,,,,,,,,,,,,"Zach Dezenzo","31562",701305
"Jace Jung","DET",4,17,15,3,2,1,0,1,2,2,2,0,4,0,0,0,,0,0,0.22729,0.122205,0.251327,0.486238,0.324618,0.392436,0.318038,0.717054,0.165146,3.45842,0.281548,0,-0.0301065,2.08675,0.0134851,101.829,-0.0301065,0.0826542,0.007266443222761154,0.0826542004942894,0.0717264,999,,,,,,,20.1,5.025,20.1,5.025,,,,,,,,,,,,,,,,,,,"Jace Jung","31437",690291
"Andrés Chaparro","WSN",11,48,43,10,6,2,0,2,5,6,4,0,12,1,0,0,,0,0,0.236717,0.0883637,0.242202,0.364835,0.311402,0.409794,0.316342,0.721196,0.173077,3.04242,0.284227,0,-0.0209809,5.75749,-0.0290931,98.4668,-0.0209809,0.281068,-0.11095758154988289,-0.7680059373378754,0.0711286,999,,,,,,,52.6,4.781818181,52.6,4.781818181,,,,,,,,,,,,,,,,,,,"Andres Chaparro","21797",665953
"Elias Díaz","TEX",9,37,34,8,5,2,0,1,3,4,2,0,9,0,0,0,,0,0,0.232045,0.0575908,0.234687,0.245394,0.278757,0.368652,0.284166,0.64741,0.136607,1.57675,0.2812,0,-0.0408358,3.43272,-0.990257,80.1256,-0.0408358,-0.434975,-0.9070631191134453,0.28879019618034363,0.0710537,999,,,,,,,32,3.555555555,32,3.555555555,,,,,,,,,,,,,,,,,,,"Elias Diaz","11680",553869
"Ryan Ritter","COL",5,20,17,4,3,1,0,1,3,2,2,0,5,0,0,0,,0,0,0.258127,0.0767809,0.270148,0.284218,0.331436,0.420445,0.330815,0.751881,0.162318,5.86176,0.339741,0,-0.0115528,2.56582,0.21921,94.6503,-0.0115528,0.102399,-0.13887016382068396,0.19267713278532028,0.0703517,999,,,,,,,23.7,4.74,23.7,4.74,,,,,,,,,,,,,,,,,,,"Ryan Ritter","31500",690022
"Zach Cole","HOU",7,31,28,6,3,1,0,1,4,4,3,0,12,1,0,0,,1,0,0.209869,0.0873649,0.40365,0.216437,0.290927,0.397113,0.300842,0.68804,0.187244,6.75759,0.329717,0,0.0199796,3.28019,-0.407337,90.7957,0.0199796,0.0341452,-0.31448363326489925,-0.09625602513551712,0.0698349,743.5999755859375,,,,,,,31.8,4.542857142,31.8,4.542857142,,,,,,,,,,,,,,,,,,,"Zach Cole","31583",805904
"Josh Rojas","KCR",7,31,28,7,4,2,0,1,4,3,3,0,7,0,0,0,,1,0,0.235628,0.099375,0.213596,0.465247,0.312703,0.359244,0.299102,0.671947,0.123617,4.8671,0.289273,0,0.0236916,3.28635,-0.457907,85.9589,0.0236916,-0.0951534,-0.4943798389285803,0.0372539758682251,0.0668555,999,,,,,,,37.3,5.328571428,37.3,5.328571428,,,,,,,,,,,,,,,,,,,"Josh Rojas","19734",668942
"Ronny Mauricio","NYM",5,20,19,4,3,1,0,1,2,2,1,0,5,0,0,0,,1,0,0.237546,0.0560871,0.258583,0.216901,0.283531,0.387771,0.2912,0.671302,0.150225,4.88885,0.293187,0,0.0238614,1.96325,-0.419461,84.8493,0.0238614,0.203914,-0.3422530982643366,0.33632101118564606,0.0653061,999,,,,,,,20.6,4.12,20.6,4.12,,,,,,,,,,,,,,,,,,,"Ronny Mauricio","23698",677595
"Will Wagner","SDP",13,55,48,12,9,2,0,1,6,5,6,0,10,1,0,0,,0,0,0.251185,0.106428,0.173301,0.614124,0.336922,0.357446,0.312226,0.694367,0.106261,3.17034,0.296391,0,-0.110993,6.34851,-0.216837,99.3838,-0.110993,0.0428437,-0.15201997756958008,-1.0014464780688286,0.0648965,999,,,,,,,55.4,4.261538461,55.4,4.261538461,,,,,,,,,,,,,,,,,,,"Will Wagner","29634",695238
"Brian Navarreto","MIA",8,31,29,6,4,1,0,1,3,3,2,0,8,0,0,0,,0,0,0.210881,0.0586333,0.241134,0.243156,0.26296,0.316322,0.258022,0.579282,0.105441,4.01675,0.264912,0,-0.00736931,2.23431,-1.50023,58.0061,-0.00736931,0.593458,-1.5978782512247562,1.2045687437057495,0.0635048,999,,,,,,,22.9,2.8625,22.9,2.8625,,,,,,,,,,,,,,,,,,,"Brian Navarreto","16398",640459
"Shay Whitcomb","HOU",4,17,15,4,2,1,0,1,2,2,1,0,5,0,0,0,,0,0,0.228427,0.06896,0.309808,0.22259,0.288983,0.412028,0.305184,0.701012,0.183601,4.87646,0.293404,0,0.0179309,1.8486,-0.162775,93.793,0.0179309,0.112191,-0.10509545914828777,0.11219146847724915,0.0614771,999,,,,,,,22.7,5.675,22.7,5.675,,,,,,,,,,,,,,,,,,,"Shay Whitcomb","27789",694376
"Mark Vientos","NYM",20,88,81,19,12,4,0,4,10,13,6,0,23,1,1,0,,0,0,0.239994,0.0661959,0.258344,0.256231,0.296465,0.430838,0.315933,0.727303,0.190844,2.55571,0.285163,0,-0.0744264,10.4696,-0.0824387,101.437,-0.0744264,-0.668394,0.07938339561223984,-2.36931973695755,0.0601854,652.5700073242188,,,,,,,95.6,4.78,95.6,4.78,,,,,,,,,,,,,,,,,,,"Mark Vientos","22184",668901
"Miguel Andujar","SDP",32,139,130,34,23,8,1,3,14,15,7,1,21,1,1,0,,1,1,0.26275,0.0524616,0.151871,0.345436,0.305632,0.407507,0.310052,0.713139,0.144757,3.37942,0.290658,0,-0.193159,15.7931,-0.793075,97.9257,-0.193159,-0.137086,-0.5420829355716705,-3.4043699353933334,0.0594921,722.9099731445312,,,,,,,140.6,4.39375,140.6,4.39375,,,,,,,,,,,,,,,,,,,"Miguel Andujar","15878",609280
"Jacob Gonzalez","PIT",36,157,143,32,22,7,1,2,14,17,10,0,28,2,1,1,,2,1,0.220868,0.0649395,0.180675,0.359428,0.281574,0.320534,0.27001,0.602108,0.0996661,4.26702,0.259256,0,0.015596,12.7272,-5.99413,65.5097,0.015596,0.452332,-6.532982696779072,1.9902947545051575,0.0582266,999,,,,,,,118,3.277777777,118,3.277777777,,,,,,,,,,,,,,,,,,,"Jacob Gonzalez","33225",694378
"Christian Koss","SFG",5,20,19,5,3,1,0,0,3,2,1,0,4,0,0,0,,0,0,0.248332,0.0488621,0.221268,0.220828,0.29736,0.36416,0.292674,0.66152,0.115828,4.96596,0.306599,0,-0.0275485,2.01725,-0.401561,84.9403,-0.0275485,0.191394,-0.39697759971022606,0.3051280751824379,0.057612,999,,,,,,,14.9,2.98,14.9,2.98,,,,,,,,,,,,,,,,,,,"Christian Koss","27653",683766
"Moisés Ballesteros","CHC",15,66,60,16,11,3,0,2,7,8,5,0,12,0,0,0,,0,0,0.259475,0.0811612,0.178529,0.454611,0.321944,0.394464,0.314653,0.716408,0.134989,2.71603,0.295119,0,-0.115492,7.75799,-0.130303,99.0866,-0.115492,0.000888607,-0.18856696039438248,-1.415623644075822,0.0558871,594.3599853515625,,,,,,,72.1,4.806666666,72.1,4.806666666,,,,,,,,,,,,,,,,,,,"Moises Ballesteros","28820",694208
"Thomas Saggese","STL",7,32,30,7,5,1,0,1,4,3,2,0,9,0,0,0,,0,0,0.241216,0.0617605,0.269282,0.229353,0.295617,0.358229,0.28987,0.653845,0.117013,4.38548,0.318083,0,-0.0669782,3.14371,-0.714017,82.8171,-0.0669782,0.0952142,-0.7392434999346733,0.2316339761018753,0.0553478,999,,,,,,,27.5,3.928571428,27.5,3.928571428,,,,,,,,,,,,,,,,,,,"Thomas Saggese","27883",695336
"Brandon Lockridge","MIL",3,14,13,3,2,1,0,0,2,2,1,0,4,0,0,0,,1,0,0.254524,0.0845614,0.261526,0.323339,0.324014,0.348571,0.301901,0.672585,0.0940476,7.07496,0.347992,0,0.103847,1.54932,-0.178403,89.5075,0.103847,0.148548,-0.08000446856021881,0.11752995103597641,0.0515859,999,,,,,,,11.6,3.866666666,11.6,3.866666666,,,,,,,,,,,,,,,,,,,"Brandon Lockridge","21496",663604
"Raynel Delgado","HOU",5,20,18,4,3,1,0,0,2,2,2,0,5,0,0,0,,1,0,0.248237,0.0789679,0.233955,0.337534,0.316579,0.342078,0.295085,0.658657,0.0938417,5.71853,0.320909,0,0.02719,1.99551,-0.351105,86.8219,0.02719,-0.0154968,-0.27754061110317707,0.07478092983365059,0.0503713,999,,,,,,,15.2,3.04,15.2,3.04,,,,,,,,,,,,,,,,,,,"Raynel Delgado","22272",669384
"Edgar Quero","CHW",12,49,44,10,8,1,0,1,4,5,4,0,10,1,1,0,,0,0,0.234822,0.0831754,0.199404,0.417121,0.306773,0.321354,0.284018,0.628126,0.0865317,1.38009,0.281428,0,-0.0920619,4.56677,-1.32503,78.3407,-0.0920619,-0.361861,-1.349584087729454,0.07887932658195496,0.0494133,475.1000061035156,,,,,,,39.3,3.275,39.3,3.275,,,,,,,,,,,,,,,,,,,"Edgar Quero","28022",700337
"Joey Wiemer","WSN",9,40,36,8,5,2,0,1,5,4,4,0,12,0,0,0,,1,0,0.217289,0.0915058,0.303624,0.301378,0.297156,0.359658,0.292027,0.656814,0.142369,5.32362,0.296396,0,0.0274275,3.95329,-0.812131,82.1586,0.0274275,0.284395,-0.8348426874727011,0.019579976797103882,0.049328,999,,,,,,,37.9,4.211111111,37.9,4.211111111,,,,,,,,,,,,,,,,,,,"Joey Wiemer","27690",686894
"Kameron Misner","KCR",3,14,13,3,2,1,0,0,2,2,2,0,4,0,0,0,,1,0,0.217847,0.106392,0.31504,0.337709,0.305039,0.365504,0.298822,0.670543,0.147657,6.6135,0.308782,0,0.0441334,1.49055,-0.211386,85.7653,0.0441334,0.10314,-0.194600410759449,0.1540660411119461,0.0473105,999,,,,,,,14.6,4.866666666,14.6,4.866666666,,,,,,,,,,,,,,,,,,,"Kameron Misner","26374",670224
"Drew Romo","CHW",16,62,57,12,8,2,0,1,6,6,4,0,15,1,0,0,,1,0,0.20514,0.0618223,0.248708,0.248574,0.26165,0.32654,0.261489,0.58819,0.1214,3.37487,0.252616,0,-0.077621,4.5861,-2.78867,62.7897,-0.077621,-0.159747,-2.7817943319678307,1.047042891383171,0.0472602,999,,,,,,,42.3,2.64375,42.3,2.64375,,,,,,,,,,,,,,,,,,,"Drew Romo","27763",691011
"Joey Meneses","ATH",13,58,53,14,9,3,0,1,5,8,4,0,11,0,0,0,,0,0,0.25815,0.064673,0.197413,0.327603,0.310355,0.397991,0.3101,0.708345,0.13984,2.31422,0.303579,0,-0.046771,6.58271,-0.328191,93.75,-0.046771,0.0173564,-0.47240858897566795,-1.1406682785600424,0.0455582,999,,,,,,,55.5,4.269230769,55.5,4.269230769,,,,,,,,,,,,,,,,,,,"Joey Meneses","14366",608841
"Nick Sogard","BOS",6,27,23,6,4,1,0,0,3,2,3,0,5,0,0,0,,1,0,0.244374,0.106646,0.200049,0.533101,0.329853,0.338379,0.30265,0.668232,0.0940052,4.81861,0.304447,0,-0.010929,2.88834,-0.314395,87.2139,-0.010929,-0.127627,-0.4144647438079119,-0.09568259865045547,0.0451328,999,,,,,,,24.4,4.066666666,24.4,4.066666666,,,,,,,,,,,,,,,,,,,"Nick Sogard","25483",686765
"Darell Hernaiz","ATH",3,14,13,3,2,1,0,0,2,1,1,0,2,0,0,0,,0,0,0.257254,0.0789656,0.147322,0.536007,0.320466,0.354921,0.301877,0.675387,0.0976668,4.75391,0.295005,0,-0.00335648,1.54905,-0.178678,88.0743,-0.00335648,0.0353664,-0.2063958626240492,0.12842196598649025,0.0443015,999,,,,,,,9.7,3.233333333,9.7,3.233333333,,,,,,,,,,,,,,,,,,,"Darell Hernaiz","26224",687231
"Luis Lara","MIL",21,90,79,17,13,4,0,0,10,8,8,0,19,2,1,0,,3,1,0.219316,0.091664,0.214476,0.427386,0.303618,0.2889,0.272494,0.592519,0.0695842,5.67645,0.283571,0,0.00442321,7.46317,-3.24872,69.7848,0.00442321,1.12806,-3.278080875054002,0.7868568897247314,0.0442423,999,,,,,,,60.7,2.89047619,60.7,2.89047619,,,,,,,,,,,,,,,,,,,"Luis Lara","30675",800325
"Jacob Melton","TBR",8,33,30,7,4,1,0,1,4,4,2,0,9,0,0,0,,2,0,0.218935,0.0733696,0.277174,0.264706,0.279891,0.366864,0.285568,0.646755,0.147929,6.34176,0.278761,0,0.117343,3.07539,-0.839067,78.7779,0.117343,0.146903,-0.7012793645262718,-0.03411531448364258,0.0438427,727.5700073242188,,,,,,,31.3,3.9125,31.3,3.9125,,,,,,,,,,,,,,,,,,,"Jacob Melton","31661",689200
"Thairo Estrada",,5,20,19,5,3,1,0,1,2,2,1,0,4,0,0,0,,0,0,0.241935,0.0401003,0.200501,0.2,0.285714,0.370968,0.288808,0.656682,0.129032,4.61129,0.280702,0,-0.0267933,1.95363,-0.465181,80.5733,-0.0267933,0.146859,-0.4965948034077883,0.2192351296544075,0.0419238,999,,,,,,,24.3,4.86,24.3,4.86,,,,,,,,,,,,,,,,,,,"Thairo Estrada","16426",642731
"Tyrone Taylor","NYM",12,51,47,11,6,3,0,1,6,6,2,0,11,1,0,1,,1,0,0.226873,0.0442875,0.217818,0.203324,0.275062,0.386448,0.28801,0.66151,0.159574,5.98047,0.267618,0,0.0298748,4.9154,-1.21158,82.7095,0.0298748,0.120901,-1.0445245280861855,-0.2253953516483307,0.0409886,999,,,,,,,43.6,3.633333333,43.6,3.633333333,,,,,,,,,,,,,,,,,,,"Tyrone Taylor","13675",621438
"Wenceel Pérez","DET",14,61,55,12,8,2,1,2,8,7,5,0,13,0,0,0,,1,0,0.224043,0.0794859,0.206695,0.384557,0.290122,0.377027,0.294053,0.667149,0.152984,6.19649,0.259118,0,-0.0000186505,6.11983,-1.13662,85.274,-0.0000186505,-0.102645,-1.0530266107944044,-0.712676040828228,0.0405544,748.5399780273438,,,,,,,59.4,4.242857142,59.4,4.242857142,,,,,,,,,,,,,,,,,,,"Wenceel Perez","22857",672761
"Rodolfo Durán","SDP",3,13,12,3,2,1,0,0,1,2,1,0,3,0,0,0,,0,0,0.217643,0.0607887,0.246595,0.246512,0.272092,0.373712,0.283363,0.645804,0.156069,3.90849,0.262143,0,-0.000189829,1.21734,-0.362293,80.0257,-0.000189829,0.0269152,-0.32018311630235985,0.2854028530418873,0.0401741,999,,,,,,,10.7,3.566666666,10.7,3.566666666,,,,,,,,,,,,,,,,,,,"Rodolfo Duran","20958",660710
"Agustín Ramírez","MIA",7,31,28,7,4,2,0,1,4,4,2,0,6,0,0,0,,1,0,0.242587,0.0774767,0.204983,0.377967,0.308534,0.416218,0.315857,0.724753,0.173631,5.04111,0.276473,0,0.043677,3.62626,-0.0304694,96.7947,0.043677,-0.115968,-0.07519213482737541,-0.5335607901215553,0.0395551,86.8499984741211,,,,,,,34.3,4.9,34.3,4.9,,,,,,,,,,,,,,,,,,,"Agustin Ramirez","26546",682663
"Triston Casas","BOS",4,18,15,4,2,1,0,1,2,2,2,0,5,0,0,0,,0,0,0.23871,0.128134,0.253482,0.505494,0.339833,0.425806,0.335376,0.765639,0.187097,0.932952,0.291262,0,-0.0238441,2.40085,0.265695,109.803,-0.0238441,-0.0255,0.18242444843053818,-0.430129649117589,0.0394364,746.0599975585938,,,,,,,25.7,6.425,25.7,6.425,,,,,,,,,,,,,,,,,,,"Triston Casas","22514",671213
"Brett Sullivan","COL",17,67,61,14,9,3,1,1,7,7,5,0,11,0,1,0,,1,0,0.234989,0.0684163,0.163083,0.419518,0.290268,0.375395,0.29233,0.665663,0.140406,4.61395,0.263259,0,-0.126027,6.62726,-1.34164,68.8386,-0.126027,-0.454683,-2.6444465070962906,0.8493295013904572,0.0387995,999,,,,,,,58.1,3.417647058,58.1,3.417647058,,,,,,,,,,,,,,,,,,,"Brett Sullivan","18217",664954
"Jhonny Pereda","SEA",3,10,9,2,2,0,0,0,1,1,1,0,2,0,0,0,,0,0,0.240998,0.0956737,0.232149,0.412121,0.316703,0.325648,0.291174,0.642351,0.0846494,2.15915,0.309125,0,-0.00856519,1.02548,-0.219365,90.152,-0.00856519,-0.0786261,-0.12937023863196373,0.12507764995098114,0.0371696,999,,,,,,,5.2,1.733333333,5.2,1.733333333,,,,,,,,,,,,,,,,,,,"Jhonny Pereda","19802",640902
"Reese McGuire","CHW",5,21,19,4,3,1,0,0,2,2,1,0,5,0,0,0,,0,0,0.218714,0.0559905,0.222906,0.251185,0.272265,0.328841,0.267921,0.601106,0.110127,2.25663,0.26231,0,-0.00809102,1.68228,-0.845137,66.3634,-0.00809102,0.0791166,-0.8580568302422762,0.4926968887448311,0.0361626,999,,,,,,,9.3,1.86,9.3,1.86,,,,,,,,,,,,,,,,,,,"Reese McGuire","15674",624512
"Michael Helman","TEX",3,14,13,3,2,1,0,0,2,2,1,0,3,0,0,0,,0,0,0.217803,0.0576173,0.231573,0.248808,0.275785,0.372302,0.28477,0.648086,0.154499,6.46912,0.25815,0,0.0329727,1.348,-0.37972,80.5425,0.0329727,0.105105,-0.2982986941933632,0.13612303882837296,0.0357823,999,,,,,,,9.7,3.233333333,9.7,3.233333333,,,,,,,,,,,,,,,,,,,"Michael Helman","24605",680737
"Rece Hinds","MIA",7,29,26,6,3,1,0,1,4,4,2,0,10,0,0,0,,1,0,0.237599,0.0582703,0.353007,0.165068,0.288857,0.448176,0.316767,0.737033,0.210577,6.40075,0.329801,0,0.0119373,3.39658,-0.00728923,97.4052,0.0119373,-0.277014,-0.07763890642672777,-0.5010880082845688,0.0355989,999,,,,,,,27.8,3.971428571,27.8,3.971428571,,,,,,,,,,,,,,,,,,,"Rece Hinds","27493",677956
"Blake Perkins","MIL",4,17,15,3,2,1,0,0,2,2,2,0,5,0,0,0,,1,0,0.215915,0.103904,0.261725,0.396997,0.301832,0.329202,0.285137,0.631033,0.113287,5.94135,0.286367,0,0.0142667,1.62278,-0.450486,78.2645,0.0142667,0.164016,-0.44275782257318497,0.22605261206626892,0.0354218,999,,,,,,,12.6,3.15,12.6,3.15,,,,,,,,,,,,,,,,,,,"Blake Perkins","19921",663368
"Buddy Kennedy","SEA",2,9,8,2,1,0,0,0,1,1,1,0,2,0,0,0,,0,0,0.226687,0.0998483,0.202176,0.493869,0.314293,0.345938,0.296586,0.660231,0.119251,4.0747,0.273251,0,-0.0156728,0.878804,-0.142358,93.8876,-0.0156728,0.084775,-0.07718107849359512,0.11533060111105442,0.0347067,999,,,,,,,6.2,3.1,6.2,3.1,,,,,,,,,,,,,,,,,,,"Buddy Kennedy","22505",671083
"Tsung-Che Cheng","BOS",9,39,34,7,5,1,0,0,4,4,4,0,10,0,0,1,,1,1,0.219996,0.0928084,0.252854,0.367044,0.296963,0.313842,0.276277,0.610805,0.0938458,5.72969,0.294987,0,-0.0880425,3.34218,-1.28399,69.0101,-0.0880425,0.0881346,-1.5007939040660858,0.4608198031783104,0.0345261,999,,,,,,,19.2,2.133333333,19.2,2.133333333,,,,,,,,,,,,,,,,,,,"Tsung-Che Cheng","28344",691907
"Luis Rengifo","SDP",7,29,26,6,5,1,0,1,3,3,2,0,5,0,0,0,,1,0,0.236374,0.0718076,0.167243,0.42936,0.295472,0.342325,0.28382,0.637796,0.105951,4.64745,0.270098,0,-0.0386438,2.67368,-0.781771,80.3324,-0.0386438,0.0158329,-0.7278829738497734,0.11922797188162804,0.0339974,644.9299926757812,,,,,,,27.8,3.971428571,27.8,3.971428571,,,,,,,,,,,,,,,,,,,"Luis Rengifo","19858",650859
"Walker Jenkins","MIN",3,14,13,3,2,1,0,0,2,2,1,0,3,0,0,0,,0,0,0.24269,0.0953608,0.213918,0.445783,0.324742,0.383041,0.314594,0.707783,0.140351,5.70441,0.295276,0,0.0164861,1.67314,-0.0287931,98.939,0.0164861,-0.181685,-0.0013077985495328903,-0.1715002041310072,0.0339276,999,,,,,,,9.7,3.233333333,9.7,3.233333333,,,,,,,,,,,,,,,,,,,"Walker Jenkins","sa3022894",805805
"CJ Kayfus","CLE",2,9,8,2,1,0,0,0,1,1,1,0,2,0,0,0,,0,0,0.250885,0.094351,0.280104,0.336842,0.332771,0.434671,0.336078,0.767442,0.183786,5.73632,0.333463,0,-0.00824897,1.15311,0.131948,115.735,-0.00824897,-0.00899399,0.15008518565446138,-0.12103102542459965,0.0337865,999,,,,,,,6.2,3.1,6.2,3.1,,,,,,,,,,,,,,,,,,,"CJ Kayfus","33704",692216
"Tanner Murray","CHW",4,18,16,4,3,1,0,0,2,2,1,0,4,0,0,0,,0,0,0.236818,0.0499954,0.230735,0.216679,0.281649,0.357262,0.280995,0.638911,0.120444,3.29307,0.291481,0,-0.0275592,1.58772,-0.516494,76.254,-0.0275592,0.204017,-0.5199434868991375,0.22500508651137352,0.0337228,999,,,,,,,12.3,3.075,12.3,3.075,,,,,,,,,,,,,,,,,,,"Tanner Murray","28848",695020
"Luke Maile","KCR",2,8,7,2,1,0,0,0,1,1,1,0,2,0,0,0,,0,0,0.228282,0.106779,0.273794,0.39,0.323932,0.355105,0.306506,0.679037,0.126823,3.33925,0.304915,0,0.00802282,0.866475,-0.0671592,91.0697,0.00802282,-0.024187,-0.07413832657039165,0.1285907980054617,0.0337122,999,,,,,,,7.2,3.6,7.2,3.6,,,,,,,,,,,,,,,,,,,"Luke Maile","13355",571912
"Bo Naylor","CLE",2,8,7,1,1,0,0,0,1,1,1,0,2,0,0,0,,0,0,0.207955,0.102936,0.237025,0.434281,0.291941,0.38211,0.297144,0.674051,0.174155,3.16665,0.241226,0,-0.0123002,0.807024,-0.126611,88.8605,-0.0123002,0.012515,-0.11478658579289913,0.1652927314862609,0.0333129,574.2899780273438,,,,,,,1.6,0.8,1.6,0.8,,,,,,,,,,,,,,,,,,,"Bo Naylor","21865",666310
"Anthony Santander","TOR",3,14,13,3,2,1,0,1,2,2,1,0,3,0,0,0,,0,0,0.228381,0.0944882,0.228346,0.413793,0.309055,0.443459,0.326284,0.752514,0.215078,1.86785,0.249201,0,-0.010847,1.83587,0.108149,108.386,-0.010847,0,0.1319340504705906,-0.3205246925354004,0.0331098,748.4199829101562,,,,,,,19.1,6.366666666,19.1,6.366666666,,,,,,,,,,,,,,,,,,,"Anthony Santander","14551",623993
"Weston Wilson","SEA",7,29,25,5,3,1,0,1,4,3,3,0,9,0,0,0,,1,0,0.203464,0.0998368,0.304463,0.327911,0.287147,0.347142,0.282794,0.63429,0.143678,5.32617,0.269737,0,0.00747634,2.61002,-0.793855,84.3675,0.00747634,-0.0446936,-0.5168797820806503,-0.18728618323802948,0.0315788,999,,,,,,,26.2,3.742857142,26.2,3.742857142,,,,,,,,,,,,,,,,,,,"Weston Wilson","19358",642215
"Jorge Barrosa","ARI",7,32,28,6,4,2,0,0,4,3,3,0,7,0,0,0,,0,0,0.221211,0.0832516,0.235453,0.353581,0.290615,0.338223,0.280273,0.628838,0.117012,4.93545,0.282994,0,-0.061843,2.84935,-0.951648,73.2824,-0.061843,0.416247,-1.0917740501463413,0.3645498678088188,0.031559,999,,,,,,,20.4,2.914285714,20.4,2.914285714,,,,,,,,,,,,,,,,,,,"Jorge Barrosa","23968",678489
"Max Anderson","DET",2,9,8,2,1,0,0,0,1,1,0,0,2,0,0,0,,0,0,0.252016,0.047081,0.177024,0.265957,0.293785,0.403226,0.301643,0.697011,0.15121,3.59851,0.28133,0,-0.0167047,0.927775,-0.10886,90.5126,-0.0167047,0.0829524,-0.11362071707844734,0.11397089809179306,0.0313497,999,,,,,,,3.2,1.6,3.2,1.6,,,,,,,,,,,,,,,,,,,"Max Anderson","sa3022567",801194
"Mike Tauchman","NYM",3,14,12,3,2,1,0,0,2,2,2,0,3,0,0,0,,0,0,0.236527,0.121134,0.244845,0.494737,0.337629,0.371258,0.318016,0.708886,0.134731,3.92625,0.301724,0,-0.0137485,1.71275,0.0108166,102.834,-0.0137485,0.0254312,0.035172716714441776,-0.20882807113230228,0.0295063,999,,,,,,,13.7,4.566666666,13.7,4.566666666,,,,,,,,,,,,,,,,,,,"Mike Tauchman","15274",643565
"Gabriel Gonzalez","MIN",2,9,8,2,1,1,0,0,1,1,1,0,1,0,0,0,,0,0,0.273217,0.0623963,0.17532,0.355899,0.330463,0.420319,0.329451,0.750782,0.147103,3.86038,0.316546,0,-0.0150754,1.10708,0.0859144,109.194,-0.0150754,-0.00808931,0.07743845321238041,-0.09975597728043795,0.0285889,999,,,,,,,9.1,4.55,9.1,4.55,,,,,,,,,,,,,,,,,,,"Gabriel Gonzalez","28833",694224
"Grant McCray","SFG",5,23,21,5,3,1,0,1,3,3,2,0,7,0,0,0,,1,0,0.228124,0.0794147,0.29961,0.26506,0.295261,0.3662,0.292781,0.661461,0.138075,7.48598,0.313794,0,0.0670525,2.30744,-0.456919,85.0119,0.0670525,-0.0432302,-0.3531447649002075,-0.1259462796151638,0.0279905,999,,,,,,,27.2,5.44,27.2,5.44,,,,,,,,,,,,,,,,,,,"Grant McCray","25690",687529
"John Rave","KCR",6,26,23,5,3,1,0,1,3,3,2,0,7,0,0,0,,1,0,0.23504,0.0939628,0.265051,0.354508,0.311211,0.391322,0.309913,0.702534,0.156282,6.88622,0.307137,0,0.0371266,2.91412,-0.149367,93.4215,0.0371266,-0.0394066,-0.1614658161997795,-0.47736959159374237,0.0279063,999,,,,,,,25.2,4.2,25.2,4.2,,,,,,,,,,,,,,,,,,,"John Rave","26284",670231
"Brewer Hicklen","ATL",3,12,10,2,1,0,0,0,2,2,1,0,4,0,0,0,,1,0,0.213296,0.0878049,0.353659,0.248276,0.3,0.382271,0.301575,0.682271,0.168975,6.95911,0.307317,0,0.065383,1.25485,-0.147956,88.0772,0.065383,0.0792233,-0.10424149036407471,-0.0047273188829422,0.027777,999,,,,,,,6.1,2.033333333,6.1,2.033333333,,,,,,,,,,,,,,,,,,,"Brewer Hicklen","20450",676551
"Ivan Johnson","CIN",7,32,29,6,4,1,0,1,4,4,3,0,11,0,0,0,,1,0,0.207854,0.088892,0.331899,0.267829,0.288505,0.354001,0.286442,0.642505,0.146147,6.09968,0.295357,0,0.034441,3.05373,-0.803992,73.5662,0.034441,0.349487,-0.9997568316757679,0.2130671888589859,0.0271117,999,,,,,,,27.8,3.971428571,27.8,3.971428571,,,,,,,,,,,,,,,,,,,"Ivan Johnson","27593",671155
"Javier Báez","DET",9,41,38,9,6,2,0,1,4,5,1,0,10,0,0,0,,1,0,0.235341,0.0344038,0.235505,0.146086,0.269148,0.365663,0.277468,0.634811,0.130321,5.19187,0.286415,0,0.0271113,3.53414,-1.30349,73.8258,0.0271113,-0.356269,-1.2206405531615019,0.03663221001625061,0.0263408,740.6500244140625,,,,,,,32.5,3.611111111,32.5,3.611111111,,,,,,,,,,,,,,,,,,,"Javier Baez","12979",595879
"Tyler Freeman","COL",29,124,108,28,22,5,1,1,15,12,8,0,15,6,1,1,,4,2,0.26418,0.0681278,0.120545,0.565163,0.348249,0.358369,0.320209,0.706618,0.0941891,5.41375,0.2938,0,-0.136275,15.0639,0.313785,87.5369,-0.136275,-0.511506,-2.0006629824638367,-1.7753952145576477,0.0259469,745.8599853515625,,,,,,,122.4,4.220689655,122.4,4.220689655,,,,,,,,,,,,,,,,,,,"Tyler Freeman","22532",671289
"Kristian Campbell","BOS",3,12,10,3,2,0,0,0,1,1,1,0,3,0,0,0,,0,0,0.244399,0.0982143,0.258929,0.37931,0.335714,0.370672,0.317814,0.706386,0.126273,4.60803,0.324405,0,-0.0139849,1.43053,0.00709604,97.6815,-0.0139849,-0.08,-0.046506742015480995,-0.12259259447455406,0.0258901,746.1400146484375,,,,,,,9.8,3.266666666,9.8,3.266666666,,,,,,,,,,,,,,,,,,,"Kristian Campbell","33644",692225
"David Fry","CLE",17,71,63,13,8,3,0,2,7,8,7,0,20,1,0,0,,0,0,0.210513,0.0962978,0.28085,0.342879,0.296936,0.375338,0.297167,0.672274,0.164824,3.40257,0.264641,0,-0.015279,7.30655,-1.14479,88.8762,-0.015279,-0.0334665,-0.9416894689202309,-1.3269850239157677,0.0257609,999,,,,,,,61.3,3.605882352,61.3,3.605882352,,,,,,,,,,,,,,,,,,,"David Fry","24934",681807
"Miles Mastrobuoni","SEA",2,9,8,2,1,0,0,0,1,1,1,0,2,0,0,0,,0,0,0.237637,0.0974986,0.198644,0.49082,0.310913,0.325275,0.287167,0.636188,0.0876373,5.3857,0.292183,0,0.0147341,0.81338,-0.207783,87.3859,0.0147341,0.0709773,-0.11219904199242592,0.06079215928912163,0.0256458,999,,,,,,,6.2,3.1,6.2,3.1,,,,,,,,,,,,,,,,,,,"Miles Mastrobuoni","20017",670156
"Will Benson","CIN",2,9,8,2,1,0,0,0,1,1,1,0,3,0,0,0,,0,0,0.225741,0.113923,0.302382,0.376752,0.320136,0.418189,0.323597,0.738325,0.192448,6.15999,0.297289,0,-0.00444108,1.09873,0.0466258,98.4857,-0.00444108,0.0263621,-0.020598576869815588,-0.02610701695084572,0.024376,999,,,,,,,6.2,3.1,6.2,3.1,,,,,,,,,,,,,,,,,,,"Will Benson","21853",666181
"Christian Cairo","PHI",5,20,17,4,3,1,0,0,2,2,2,0,5,0,0,0,,1,0,0.214084,0.0960591,0.26601,0.361111,0.30198,0.298592,0.274894,0.600572,0.084507,6.9404,0.295547,0,0.0381993,1.69898,-0.683731,69.0555,0.0381993,0.185625,-0.7095722816884518,0.29766203463077545,0.0242311,999,,,,,,,16.2,3.24,16.2,3.24,,,,,,,,,,,,,,,,,,,"Christian Cairo","sa3010028",686551
"Jim Jarvis","ATL",20,88,81,19,14,4,0,1,11,8,5,0,15,2,1,0,,2,1,0.23385,0.0533692,0.169927,0.31407,0.287766,0.310025,0.267991,0.597792,0.0761751,4.95075,0.278381,0,-0.121537,7.00795,-3.51311,65.5524,-0.121537,0.246111,-3.797164537012577,1.1485797464847565,0.023043,999,,,,,,,68.4,3.42,68.4,3.42,,,,,,,,,,,,,,,,,,,"Jim Jarvis","33492",805347
"Randal Grichuk","CHW",10,44,41,10,6,2,0,2,6,6,2,0,10,0,0,0,,0,0,0.235034,0.0536475,0.222874,0.240708,0.280895,0.421638,0.303369,0.702533,0.186604,3.00981,0.265751,0,-0.0650103,4.76988,-0.490658,91.6976,-0.0650103,-0.0432849,-0.495394803583622,-0.8513095937669277,0.022655,999,,,,,,,45.6,4.56,45.6,4.56,,,,,,,,,,,,,,,,,,,"Randal Grichuk","10243",545341
"Charles McAdoo","TOR",2,9,8,2,1,0,0,0,1,1,1,0,3,0,0,0,,0,0,0.228533,0.0715379,0.300389,0.238151,0.288467,0.381402,0.294442,0.669869,0.152869,5.8466,0.305396,0,0.0193653,0.877003,-0.159632,86.4073,0.0193653,-0.000504744,-0.11948722414672375,0.030513773497659713,0.0223124,999,,,,,,,6.2,3.1,6.2,3.1,,,,,,,,,,,,,,,,,,,"Charles McAdoo","33323",807727
"Brett Harris","BOS",2,9,8,2,1,0,0,0,1,1,1,0,2,0,0,0,,0,0,0.2378,0.0927845,0.190373,0.487382,0.325194,0.359681,0.308151,0.684875,0.121881,4.24252,0.280372,0,-0.00880108,1.00273,-0.0648492,91.0113,-0.00880108,0.0994833,-0.10336367134004831,0.0036500021815299988,0.0221605,999,,,,,,,6.2,3.1,6.2,3.1,,,,,,,,,,,,,,,,,,,"Brett Harris","29788",695391
"Leo Rivas","SEA",1,6,5,1,1,0,0,0,1,0,1,0,1,0,0,0,,0,0,0.208016,0.140202,0.256728,0.54611,0.329609,0.293999,0.291041,0.623608,0.085983,6.30598,0.283463,0,0.0195174,0.560191,-0.120584,90.0598,0.0195174,0.0193643,-0.04716661013662815,0.06010502949357033,0.0218737,999,,,,,,,3.6,3.6,3.6,3.6,,,,,,,,,,,,,,,,,,,"Leo Rivas","21009",660844
"Ryan Ward","LAD",2,9,8,2,1,0,0,0,1,1,1,0,2,0,0,0,,0,0,0.227902,0.0782633,0.259157,0.301991,0.290692,0.43284,0.312443,0.723533,0.204939,4.83509,0.266155,0,-0.00692003,0.988944,-0.0322184,96.3353,-0.00692003,0.0834669,-0.0448730168864131,-0.028570100665092468,0.0208149,999,,,,,,,6.2,3.1,6.2,3.1,,,,,,,,,,,,,,,,,,,"Ryan Ward","27449",669899
"Eric Wagaman","NYM",9,40,37,9,6,2,0,1,4,4,3,0,8,0,0,0,,0,0,0.247306,0.0694433,0.206046,0.337028,0.302161,0.395867,0.306299,0.698027,0.148561,3.6657,0.288537,0,-0.0674407,4.41593,-0.349495,94.9761,-0.0674407,-0.0348273,-0.31024283915758133,-0.7885310389101505,0.0206436,748.2100219726562,,,,,,,37.6,4.177777777,37.6,4.177777777,,,,,,,,,,,,,,,,,,,"Eric Wagaman","23395",676572
"Rikuu Nishida","CHW",3,15,13,3,3,0,0,0,2,1,1,0,2,0,0,0,,1,0,0.240409,0.0931518,0.155818,0.597826,0.325868,0.275034,0.279779,0.600903,0.0346252,6.07539,0.291276,0,0.000834405,1.30859,-0.44492,75.4143,0.000834405,0.164556,-0.4239946909947321,0.09109964966773987,0.0192887,999,,,,,,,8.7,2.9,8.7,2.9,,,,,,,,,,,,,,,,,,,"Rikuu Nishida","33795",807747
"Petey Halpin","CLE",5,20,18,4,3,1,0,0,3,2,1,0,6,0,0,0,,0,0,0.218002,0.0710058,0.303042,0.23431,0.276648,0.336629,0.27239,0.613277,0.118626,6.63081,0.303492,0,0.0189134,1.6584,-0.724309,71.7739,0.0189134,0.0885773,-0.6438289508223534,0.11913286335766315,0.0188898,999,,,,,,,10.3,2.06,10.3,2.06,,,,,,,,,,,,,,,,,,,"Petey Halpin","27931",690984
"Lenyn Sosa","TOR",14,61,57,14,9,3,0,2,6,8,2,0,14,0,0,0,,0,0,0.241819,0.0385729,0.224953,0.171471,0.274223,0.393136,0.289939,0.667358,0.151317,2.72012,0.284189,0,-0.105848,5.91673,-1.33971,83.2986,-0.105848,-0.525178,-1.3001086935400963,-0.6802704930305481,0.0188344,487.05999755859375,,,,,,,54.9,3.921428571,54.9,3.921428571,,,,,,,,,,,,,,,,,,,"Lenyn Sosa","22896",672820
"Justin Turner",,11,49,43,11,7,2,0,1,5,5,5,0,9,1,1,0,,0,0,0.245232,0.0930788,0.188544,0.493671,0.324582,0.370572,0.308935,0.695154,0.125341,2.40904,0.284211,0,-0.0693289,5.54875,-0.32551,94.2665,-0.0693289,-0.00815652,-0.4060608148574829,-1.09380470123142,0.0182159,999,,,,,,,51.8,4.709090909,51.8,4.709090909,,,,,,,,,,,,,,,,,,,"Justin Turner","5235",457759
"Nelson Velázquez","STL",16,71,63,14,8,3,0,3,9,9,6,0,18,1,0,0,,1,0,0.221595,0.0897609,0.259377,0.346064,0.296373,0.400271,0.305103,0.696644,0.178676,3.9082,0.262957,0,-0.0889679,7.73105,-0.685805,93.0331,-0.0889679,-0.100384,-0.6836782917380333,-1.4435936734080315,0.0175841,748.5599975585938,,,,,,,75.2,4.7,75.2,4.7,,,,,,,,,,,,,,,,,,,"Nelson Velazquez","23359",676369
"Hyeseong Kim","LAD",3,11,11,3,2,0,0,0,1,1,1,0,3,0,0,0,,1,0,0.238592,0.0544927,0.287689,0.189415,0.28675,0.345719,0.280022,0.632469,0.107127,7.86123,0.324524,0,0.101485,1.01834,-0.343212,74.5912,0.101485,-0.0108004,-0.24937283247709274,0.05031069926917553,0.0175205,740.77001953125,,,,,,,10.7,3.566666666,10.7,3.566666666,,,,,,,,,,,,,,,,,,,"Hyeseong Kim","35322",808975
"Juan Brito","CLE",2,9,8,2,1,0,0,0,1,1,1,0,2,0,0,0,,0,0,0.222388,0.0988046,0.214786,0.460015,0.307891,0.359471,0.297858,0.667362,0.137083,3.89644,0.26838,0,-0.0240836,0.887638,-0.133524,89.353,-0.0240836,-0.0318449,-0.13122206926345825,-0.001289384439587593,0.01744,999,,,,,,,6.2,3.1,6.2,3.1,,,,,,,,,,,,,,,,,,,"Juan Brito","26693",682877
"Oliver Dunn","TBR",1,6,5,1,1,0,0,0,1,1,1,0,2,0,0,0,,0,0,0.215065,0.0906223,0.335885,0.269802,0.295455,0.344104,0.286461,0.639559,0.12904,6.09452,0.319592,0,0.00994062,0.563482,-0.148237,79.3939,0.00994062,0.0694022,-0.13457900565117598,0.09069853648543358,0.0170598,999,,,,,,,3.6,3.6,3.6,3.6,,,,,,,,,,,,,,,,,,,"Oliver Dunn","26295",686554
"Steward Berroa","PHI",2,9,8,2,1,0,0,0,1,1,1,0,3,0,0,0,,1,0,0.217165,0.0959423,0.305354,0.3142,0.29821,0.320279,0.279702,0.618489,0.103114,7.90487,0.313468,0,0.0358052,0.76153,-0.259632,72.28,0.0358052,0.148733,-0.25127334520220757,0.138548132032156,0.0168405,999,,,,,,,8.1,4.05,8.1,4.05,,,,,,,,,,,,,,,,,,,"Steward Berroa","22766",672642
"Heston Kjerstad","BAL",3,11,10,3,2,0,0,0,1,1,1,0,3,0,0,0,,0,0,0.242424,0.0648379,0.261845,0.247619,0.306733,0.402204,0.310455,0.708937,0.15978,4.30659,0.305221,0,-0.0143434,1.30018,-0.0613723,98.3109,-0.0143434,0,-0.037005748599767685,-0.20370370149612427,0.0167754,999,,,,,,,9.8,3.266666666,9.8,3.266666666,,,,,,,,,,,,,,,,,,,"Heston Kjerstad","31166",677008
"Nolan Jones","CHW",1,6,5,1,1,0,0,0,1,1,1,0,2,0,0,0,,0,0,0.240409,0.105618,0.298876,0.353383,0.326577,0.378517,0.312947,0.705093,0.138107,4.75657,0.336,0,-0.00602922,0.68168,-0.0197248,98.3089,-0.00602922,0.03264,-0.017717585433274508,-0.03032296523451805,0.0163273,999,,,,,,,3.6,3.6,3.6,3.6,,,,,,,,,,,,,,,,,,,"Nolan Jones","20529",666134
"Trei Cruz","DET",6,26,23,5,3,1,0,0,3,3,3,0,7,0,0,0,,0,0,0.220699,0.114577,0.254327,0.450512,0.311864,0.345252,0.29511,0.657117,0.124553,4.82243,0.286631,0,-0.0578619,2.64513,-0.46477,86.0033,-0.0578619,-0.296182,-0.48680024594068527,-0.28584250062704086,0.0157704,999,,,,,,,16.9,2.816666666,16.9,2.816666666,,,,,,,,,,,,,,,,,,,"Trei Cruz","27569",669360
"Oswaldo Cabrera","NYY",3,12,10,2,2,0,0,0,1,1,1,0,2,0,0,0,,0,0,0.228127,0.0799165,0.213886,0.373641,0.294144,0.34932,0.286736,0.643464,0.121192,4.69905,0.27343,0,-0.0080327,1.09689,-0.285288,81.6193,-0.0080327,0.0287253,-0.2583832060918212,-0.012632764875888824,0.0143322,999,,,,,,,4.2,1.4,4.2,1.4,,,,,,,,,,,,,,,,,,,"Oswaldo Cabrera","21707",665828
"Gustavo Campero","LAA",1,3,2,1,0,0,0,0,0,0,0,0,0,0,0,0,,0,0,0.246711,0.0724638,0.185507,0.390625,0.326531,0.404605,0.32332,0.731136,0.157895,7.10824,0.286325,0,0.00520427,0.324416,0.0132048,104.536,0.00520427,-0.0238723,0.01911594718694687,0.027053583413362503,0.0140722,999,,,,,,,3.6,3.6,3.6,3.6,,,,,,,,,,,,,,,,,,,"Gustavo Campero","22707",672569
"Alek Thomas","LAD",3,11,11,3,2,1,0,0,1,1,1,0,3,0,0,0,,0,0,0.237505,0.0522278,0.227444,0.22963,0.284183,0.381795,0.291584,0.665978,0.14429,5.94803,0.289331,0,0.00319121,1.12542,-0.236132,82.3458,0.00319121,0.0478572,-0.2405869192443788,0.00711648166179657,0.0140393,746.030029296875,,,,,,,11.7,3.9,11.7,3.9,,,,,,,,,,,,,,,,,,,"Alek Thomas","23792",677950
"Cody Freeman","TEX",6,26,24,6,4,1,0,1,3,3,1,0,4,0,0,0,,0,0,0.241998,0.0543784,0.16021,0.33942,0.286226,0.378353,0.290698,0.66458,0.136355,3.97985,0.264975,0,-0.0318142,2.5518,-0.558104,84.6342,-0.0318142,-0.135118,-0.5027099102735519,-0.29021020233631134,0.0137189,999,,,,,,,24.9,4.15,24.9,4.15,,,,,,,,,,,,,,,,,,,"Cody Freeman","25629",683227
"Cooper Ingle","CLE",9,40,34,8,5,2,0,1,4,4,5,0,8,0,0,0,,0,0,0.222103,0.124054,0.206265,0.60143,0.322309,0.346729,0.302577,0.669038,0.124626,1.9634,0.271631,0,-0.103299,4.26898,-0.46727,92.6104,-0.103299,-0.0790399,-0.44818806648254395,-0.8327435851097107,0.0134721,999,,,,,,,41,4.555555555,41,4.555555555,,,,,,,,,,,,,,,,,,,"Cooper Ingle","33708",694876
"Willie MacIver","TOR",1,3,2,1,0,0,0,0,0,0,0,0,1,0,0,0,,0,0,0.232787,0.0843023,0.264535,0.318681,0.309038,0.370492,0.30208,0.67953,0.137705,5.03866,0.301435,0,0.0009944499,0.283691,-0.032236,91.6796,0.0009944499,0.0114205,-0.024908860912546515,0.06311798468232155,0.0134092,999,,,,,,,3.6,3.6,3.6,3.6,,,,,,,,,,,,,,,,,,,"Willie MacIver","24641",680862
"Bryce Teodosio","LAA",3,11,10,2,2,0,0,0,1,1,1,0,4,0,0,0,,1,0,0.219612,0.0533999,0.330029,0.161804,0.273836,0.315752,0.263588,0.589588,0.09614,7.74797,0.326966,0,0.0586692,0.866138,-0.495412,63.3064,0.0586692,0.196045,-0.4336502403020859,0.15530410408973694,0.0129674,999,,,,,,,6.1,2.033333333,6.1,2.033333333,,,,,,,,,,,,,,,,,,,"Bryce Teodosio","29524",669326
"Jared Oliva","NYM",1,3,3,1,0,0,0,0,0,0,0,0,1,0,0,0,,0,0,0.237065,0.0600648,0.223133,0.269188,0.296548,0.366548,0.293388,0.663096,0.129483,8.96008,0.292116,0,0.029906,0.28553,-0.0548573,86.3167,0.029906,0.0418047,-0.017330415546894073,0.05198988225311041,0.0129219,999,,,,,,,2.6,2.6,2.6,2.6,,,,,,,,,,,,,,,,,,,"Jared Oliva","19968",666931
"Otto Kemp","PHI",3,11,10,2,1,0,0,0,2,2,1,0,3,0,0,0,,0,0,0.231301,0.0703165,0.283742,0.247819,0.315764,0.391735,0.313623,0.707499,0.160434,5.51482,0.304245,0,-0.0201565,1.32952,-0.0320288,95.0303,-0.0201565,-0.118246,-0.0887802504003048,-0.15898671746253967,0.0125928,999,,,,,,,4.2,1.4,4.2,1.4,,,,,,,,,,,,,,,,,,,"Otto Kemp","31792",805249
"Brian Serven","ATH",2,8,7,1,1,0,0,0,1,1,1,0,2,0,0,0,,0,0,0.20413,0.0857982,0.30313,0.283041,0.28363,0.282764,0.259943,0.566394,0.0786338,2.60964,0.292122,0,-0.00391756,0.579424,-0.368356,59.1291,-0.00391756,0.0709358,-0.38563741836696863,0.22602836787700653,0.0124817,999,,,,,,,1.6,0.8,1.6,0.8,,,,,,,,,,,,,,,,,,,"Brian Serven","19422",661531
"Garrett Stubbs","PHI",2,8,7,2,1,0,0,0,1,1,1,0,2,0,0,0,,0,0,0.222659,0.0757489,0.23834,0.317819,0.295308,0.328806,0.279249,0.624115,0.106147,5.43886,0.281724,0,-0.0162129,0.693377,-0.240257,71.9759,-0.0162129,-0.0101566,-0.2815640177577734,0.1426212154328823,0.0117669,999,,,,,,,7.2,3.6,7.2,3.6,,,,,,,,,,,,,,,,,,,"Garrett Stubbs","18067",596117
"Dom Keegan","BAL",1,3,2,1,0,0,0,0,0,0,0,0,1,0,0,0,,0,0,0.228571,0.0745501,0.282776,0.263636,0.293059,0.374286,0.293841,0.667345,0.145714,2.78806,0.297872,0,-0.00306324,0.262015,-0.049196,86.8434,-0.00306324,0.0154468,-0.04341125977225602,0.06637273449450731,0.0117241,999,,,,,,,3.6,3.6,3.6,3.6,,,,,,,,,,,,,,,,,,,"Dom Keegan","sa3020194",681371
"Braxton Fulford","COL",8,32,29,7,4,1,0,1,4,4,2,0,9,1,0,0,,1,0,0.231142,0.0746464,0.285905,0.261088,0.30633,0.37958,0.30393,0.68591,0.148438,5.72233,0.306818,0,0.00693897,3.50593,-0.344424,76.619,0.00693897,0.0895619,-0.9060728210024536,-0.030808500945568085,0.0117122,999,,,,,,,33.4,4.175,33.4,4.175,,,,,,,,,,,,,,,,,,,"Braxton Fulford","29704",690924
"Tatem Levins","TBR",1,3,2,0,0,0,0,0,0,0,0,0,1,0,0,0,,0,0,0.208469,0.107345,0.299435,0.358491,0.305949,0.32899,0.287279,0.634939,0.120521,3.132,0.290816,0,-0.00197904,0.259403,-0.0659545,79.9588,-0.00197904,0.027,-0.06623423611745238,0.08024074137210846,0.0112454,999,,,,,,,-2,-2,-2,-2,,,,,,,,,,,,,,,,,,,"Tatem Levins","sa3020278",694420
"George Lombard Jr.","NYY",1,6,5,1,1,0,0,0,1,1,1,0,2,0,0,0,,0,0,0.20428,0.0989761,0.293515,0.337209,0.296928,0.328794,0.283149,0.625722,0.124514,6.46931,0.283582,0,0.00370482,0.531581,-0.159509,79.1429,0.00370482,0,-0.13833508850075305,0.04135802388191223,0.0110645,999,,,,,,,3.6,3.6,3.6,3.6,,,,,,,,,,,,,,,,,,,"George Lombard Jr.","sa3023233",806146
"Nick Yorke","PIT",2,9,8,2,1,0,0,0,1,1,1,0,2,0,0,0,,0,0,0.247416,0.0705262,0.221784,0.317994,0.305715,0.350784,0.291823,0.656499,0.103368,4.63638,0.309136,0,-0.00647763,0.845721,-0.175441,80.1394,-0.00647763,0.0111083,-0.2121618795208633,0.0416638869792223,0.0109953,999,,,,,,,6.2,3.1,6.2,3.1,,,,,,,,,,,,,,,,,,,"Nick Yorke","27504",694377
"Junior Perez","CHW",7,29,26,5,3,1,0,1,3,3,3,0,10,0,0,0,,1,0,0.204198,0.0915279,0.352996,0.259289,0.280784,0.359904,0.283279,0.640688,0.155706,5.68646,0.29759,0,0.021434,2.70068,-0.806338,77.8305,0.021434,-0.00551069,-0.7447218149900436,-0.19439958594739437,0.0109229,999,,,,,,,25.2,3.6,25.2,3.6,,,,,,,,,,,,,,,,,,,"Junior Perez","23989",678577
"RJ Schreck","TOR",1,3,2,1,0,0,0,0,0,0,0,0,1,0,0,0,,0,0,0.216066,0.113744,0.241706,0.470588,0.324582,0.398892,0.321901,0.723474,0.182825,4.79706,0.255144,0,-0.00263209,0.356873,0.0113281,105.361,-0.00263209,0.0182727,0.01562243327498436,-0.012745790183544159,0.0107291,999,,,,,,,3.6,3.6,3.6,3.6,,,,,,,,,,,,,,,,,,,"RJ Schreck","sa3022602",702302
"Jeferson Quero","MIL",1,3,2,1,0,0,0,0,0,0,0,0,1,0,0,0,,0,0,0.230008,0.0755873,0.197967,0.381818,0.293351,0.372987,0.294651,0.666338,0.142978,2.97773,0.259401,0,-0.000214518,0.267726,-0.0482008,84.6453,-0.000214518,0.0120756,-0.04941167727520224,0.06377317104488611,0.0101916,999,,,,,,,3.6,3.6,3.6,3.6,,,,,,,,,,,,,,,,,,,"Jeferson Quero","28272",691620
"Jonah Cox","SFG",2,9,8,2,1,0,0,0,1,1,1,0,2,0,0,0,,1,0,0.224827,0.0598194,0.283102,0.211299,0.28064,0.323211,0.268581,0.603851,0.098384,9.01746,0.313759,0,0.0518123,0.694655,-0.341979,68.7816,0.0518123,0.0602164,-0.2763963118195534,0.09123492613434792,0.00993973,999,,,,,,,8.1,4.05,8.1,4.05,,,,,,,,,,,,,,,,,,,"Jonah Cox","33270",813841
"Mark Canha",,7,32,28,6,4,1,0,1,3,3,3,0,7,1,0,0,,0,0,0.233553,0.0909091,0.207386,0.438356,0.326705,0.358553,0.30765,0.685257,0.125,3.53345,0.277533,0,0.00818008,3.55716,-0.243835,93.3926,0.00818008,-0.24321,-0.24291622545570135,-0.7498457878828049,0.00953451,999,,,,,,,29.9,4.271428571,29.9,4.271428571,,,,,,,,,,,,,,,,,,,"Mark Canha","11445",592192
"Drew Waters","KCR",1,3,3,1,0,0,0,0,0,0,0,0,1,0,0,0,,0,0,0.231527,0.0801782,0.293987,0.272727,0.299107,0.391626,0.303376,0.690733,0.160099,6.93049,0.315789,0,-0.00248254,0.308656,-0.0317312,88.9094,-0.00248254,0.0174545,-0.03968322603031993,0.02763973083347082,0.00906381,999,,,,,,,2.6,2.6,2.6,2.6,,,,,,,,,,,,,,,,,,,"Drew Waters","20505",671221
"Nelson Rada","LAA",1,6,5,1,1,0,0,0,1,0,1,0,1,0,0,0,,0,0,0.244701,0.0916667,0.238333,0.384615,0.329372,0.300578,0.290276,0.62995,0.0558767,5.69297,0.329787,0,0.00466335,0.556649,-0.124125,81.7278,0.00466335,0.0227586,-0.11791586969047785,0.0023882482200860977,0.00887606,999,,,,,,,3.6,3.6,3.6,3.6,,,,,,,,,,,,,,,,,,,"Nelson Rada","sa3018421",703185
"Joshua Báez","STL",1,3,3,1,0,0,0,0,0,0,0,0,1,0,0,0,,0,0,0.23445,0.0767591,0.298507,0.257143,0.307692,0.38756,0.307254,0.695252,0.15311,6.41178,0.315985,0,0.013436,0.327258,-0.0234441,94.4757,0.013436,0.0259322,-0.006212514825165272,-0.005549278110265732,0.00851049,999,,,,,,,2.6,2.6,2.6,2.6,,,,,,,,,,,,,,,,,,,"Joshua Baez","sa3017022",695491
"Donovan Walton","LAA",1,3,3,1,0,0,0,0,0,0,0,0,0,0,0,0,,0,0,0.249545,0.0735524,0.166816,0.440919,0.312978,0.363894,0.300712,0.676872,0.114349,3.39285,0.286286,0,-0.00506335,0.302487,-0.0379,88.9314,-0.00506335,0.00967538,-0.04219027841463685,0.01986056286841631,0.00802309,999,,,,,,,2.6,2.6,2.6,2.6,,,,,,,,,,,,,,,,,,,"Donovan Walton","19314",622268
"DaShawn Keirsey Jr.","ATL",1,3,3,1,0,0,0,0,0,0,0,0,1,0,0,0,,0,0,0.238845,0.0647482,0.280576,0.230769,0.295673,0.362205,0.290808,0.657878,0.12336,7.74198,0.323077,0,0.0141947,0.288027,-0.0626752,80.8554,0.0141947,0.0266333,-0.0538976714015007,0.03712715860456228,0.00800373,999,,,,,,,2.6,2.6,2.6,2.6,,,,,,,,,,,,,,,,,,,"DaShawn Keirsey Jr.","24496",680577
"Adael Amador","COL",3,11,10,2,2,0,0,0,1,1,1,0,2,0,0,0,,0,0,0.246014,0.0985916,0.167002,0.590361,0.327935,0.36902,0.312446,0.696956,0.123007,4.51156,0.280347,0,-0.013886,1.29864,-0.0422796,82.3303,-0.013886,-0.0786555,-0.2541813291609287,-0.03853200376033783,0.00747471,999,,,,,,,4.2,1.4,4.2,1.4,,,,,,,,,,,,,,,,,,,"Adael Amador","27962",691182
"Mikey Romero","BOS",2,9,8,2,1,1,0,0,1,1,0,0,3,0,0,0,,0,0,0.228992,0.0527344,0.289062,0.182432,0.273084,0.394958,0.290243,0.668042,0.165966,4.13348,0.299685,0,-0.0198121,0.872691,-0.194887,78.6505,-0.0198121,-0.0350564,-0.24441303685307503,-0.003112003207206726,0.0072056,999,,,,,,,6.1,3.05,6.1,3.05,,,,,,,,,,,,,,,,,,,"Mikey Romero","sa3020216",702540
"Ryan Bliss","SEA",1,3,3,1,0,0,0,0,0,0,0,0,1,0,0,0,,0,0,0.213287,0.0812553,0.269702,0.301278,0.285351,0.329147,0.275528,0.614498,0.11586,6.23628,0.281293,0,-0.00448411,0.244178,-0.0962091,79.3519,-0.00448411,0.0315526,-0.07374333823099732,0.04173779021948576,0.00704414,999,,,,,,,2.6,2.6,2.6,2.6,,,,,,,,,,,,,,,,,,,"Ryan Bliss","29547",669208
"Mason McCoy","SDP",1,3,3,1,0,0,0,0,0,0,0,0,1,0,0,0,,0,0,0.206806,0.0796253,0.316159,0.251852,0.274882,0.319372,0.265237,0.594253,0.112565,6.01401,0.296296,0,0.00316693,0.223692,-0.121853,67.8694,0.00316693,0.0503982,-0.1094326083548367,0.08141674846410751,0.00672332,999,,,,,,,2.6,2.6,2.6,2.6,,,,,,,,,,,,,,,,,,,"Mason McCoy","22232",669200
"Maximo Acosta","MIA",1,6,5,1,1,0,0,0,1,1,0,0,1,0,0,0,,0,0,0.22833,0.075,0.242308,0.309524,0.290944,0.342495,0.282524,0.633439,0.114165,5.53543,0.286136,0,-0.00422331,0.520752,-0.160023,74.4389,-0.00422331,0.0192923,-0.18070344254374504,0.0600330475717783,0.00662149,999,,,,,,,0.6,0.6,0.6,0.6,,,,,,,,,,,,,,,,,,,"Maximo Acosta","27963",691185
"Luis Vázquez","BAL",1,3,3,1,0,0,0,0,0,0,0,0,1,0,0,0,,0,0,0.235821,0.0592992,0.247978,0.23913,0.29235,0.358209,0.288271,0.650559,0.122388,3.93373,0.298319,0,-0.00850189,0.273683,-0.0667041,82.9988,-0.00850189,0.0171346,-0.06552846264094114,0.027319801039993763,0.00641653,999,,,,,,,2.6,2.6,2.6,2.6,,,,,,,,,,,,,,,,,,,"Luis Vazquez","23442",676679
"César Prieto","STL",2,9,8,2,1,0,0,0,1,1,0,0,1,0,0,0,,0,0,0.25285,0.0450639,0.149189,0.302059,0.295132,0.364104,0.290785,0.659237,0.111254,3.90111,0.285281,0,-0.0388027,0.863921,-0.188186,83.4306,-0.0388027,-0.0612669,-0.21560155227780342,-0.008797720074653625,0.00639778,999,,,,,,,3.2,1.6,3.2,1.6,,,,,,,,,,,,,,,,,,,"Cesar Prieto","30163",693409
"Kevin Alcántara","CHC",6,26,24,6,4,1,0,1,3,3,2,0,8,0,0,0,,0,0,0.235222,0.0756458,0.326176,0.231917,0.296404,0.366174,0.293445,0.662578,0.130952,4.01888,0.334689,0,-0.0398686,2.60992,-0.499986,84.8628,-0.0398686,-0.0732623,-0.51729292050004,-0.2697129100561142,0.00639487,999,,,,,,,27.9,4.65,27.9,4.65,,,,,,,,,,,,,,,,,,,"Kevin Alcantara","25971",682634
"Johnathan Rodríguez","BAL",1,3,3,1,0,0,0,0,0,0,0,0,1,0,0,0,,0,0,0.256767,0.0862957,0.27666,0.31192,0.323387,0.429466,0.328497,0.752853,0.172699,2.9015,0.327618,0,-0.00612217,0.366817,0.0264298,110.765,-0.00612217,0,0.029985086992383003,-0.07129629701375961,0.00610263,999,,,,,,,2.6,2.6,2.6,2.6,,,,,,,,,,,,,,,,,,,"Johnathan Rodriguez","22530",671286
"Yohel Pozo","STL",1,3,3,1,0,0,0,0,0,0,0,0,0,0,0,0,,0,0,0.260567,0.027613,0.11101,0.248744,0.281708,0.393457,0.293271,0.675165,0.132889,2.00272,0.271639,0,-0.0047004,0.268711,-0.0519311,85.0976,-0.0047004,-0.0280196,-0.053161255083978176,0.024449530988931656,0.0059641,999,,,,,,,2.6,2.6,2.6,2.6,,,,,,,,,,,,,,,,,,,"Yohel Pozo","18848",650968
"Korey Lee","CHW",1,3,3,1,0,0,0,0,0,0,0,0,1,0,0,0,,0,0,0.228228,0.0616247,0.27451,0.22449,0.280112,0.369369,0.286338,0.649481,0.141141,4.85898,0.293333,0,-0.000208796,0.25359,-0.0670516,79.9417,-0.000208796,-0.0272,-0.06358661627746187,0.02526913397014141,0.00580906,999,,,,,,,2.6,2.6,2.6,2.6,,,,,,,,,,,,,,,,,,,"Korey Lee","25543",686676
"Bryce Johnson","SDP",1,3,3,1,0,0,0,0,0,0,0,0,1,0,0,0,,0,0,0.2276,0.0832381,0.277865,0.299563,0.304445,0.320243,0.282963,0.624689,0.0926438,6.61765,0.318127,0,0.00984213,0.265353,-0.0801919,79.7574,0.00984213,0.0131296,-0.06109667383134365,0.02346914727240801,0.00575086,999,,,,,,,2.6,2.6,2.6,2.6,,,,,,,,,,,,,,,,,,,"Bryce Johnson","20002",669369
"Jack Brannigan","PIT",1,3,3,1,0,0,0,0,0,0,0,0,1,0,0,0,,0,0,0.216039,0.0772763,0.317887,0.243094,0.290722,0.349263,0.285685,0.639986,0.133224,6.18074,0.304866,0,0.00563878,0.267694,-0.0726931,76.0223,0.00563878,0.0075159,-0.07713524345308542,0.038071450777351856,0.00546289,999,,,,,,,2.6,2.6,2.6,2.6,,,,,,,,,,,,,,,,,,,"Jack Brannigan","31471",687394
"Blake Hunt","SDP",1,3,2,1,0,0,0,0,0,0,0,0,1,0,0,0,,0,0,0.217081,0.0680391,0.269373,0.252583,0.282362,0.35182,0.281692,0.634183,0.13474,3.23454,0.279044,0,-0.00120073,0.239879,-0.0760478,78.9055,-0.00120073,-0.0171967,-0.06878855684772134,0.03450080566108227,0.00526952,999,,,,,,,3.6,3.6,3.6,3.6,,,,,,,,,,,,,,,,,,,"Blake Hunt","23209",675448
"Will Wilson","SEA",1,3,3,1,0,0,0,0,0,0,0,0,1,0,0,0,,0,0,0.198963,0.0737998,0.283146,0.260642,0.265279,0.308345,0.257819,0.573624,0.109382,4.06017,0.263844,0,-0.00336276,0.203177,-0.137211,67.1282,-0.00336276,0.0330839,-0.1136233969591558,0.06363946758210659,0.00522516,999,,,,,,,2.6,2.6,2.6,2.6,,,,,,,,,,,,,,,,,,,"Will Wilson","25434",669717
"Braden Shewmake","HOU",1,6,5,1,1,0,0,0,1,1,0,0,1,0,0,0,,0,0,0.218466,0.0553628,0.201322,0.274997,0.26602,0.341624,0.267993,0.607644,0.123158,6.00862,0.255335,0,0.0144594,0.446595,-0.223865,68.1217,0.0144594,0.00417126,-0.19615625590085983,0.04429471353068948,0.00488837,999,,,,,,,0.6,0.6,0.6,0.6,,,,,,,,,,,,,,,,,,,"Braden Shewmake","25817",669699
"Zack Short","NYM",2,9,7,1,1,0,0,0,1,1,1,0,3,0,0,0,,0,0,0.183268,0.125118,0.304262,0.411217,0.294124,0.302439,0.274375,0.596563,0.11917,2.97626,0.251783,0,-0.018576,0.724529,-0.296633,73.5651,-0.018576,0.00835906,-0.29234632663428783,0.059284988790750504,0.00466547,999,,,,,,,1.6,0.8,1.6,0.8,,,,,,,,,,,,,,,,,,,"Zack Short","19562",670097
"José Barrero","BAL",1,6,5,1,1,0,0,0,1,1,0,0,2,0,0,0,,0,0,0.201166,0.0586667,0.349333,0.167939,0.261333,0.355685,0.271757,0.617018,0.154519,5.78796,0.280788,0,0.00568,0.470895,-0.209879,71.5996,0.00568,-0.0152308,-0.18484446126967669,0.0255099693313241,0.00444388,999,,,,,,,0.6,0.6,0.6,0.6,,,,,,,,,,,,,,,,,,,"Jose Barrero","23378",676480
"Yohandy Morales","WSN",3,14,13,3,2,1,0,0,2,2,1,0,4,0,0,0,,0,0,0.24359,0.0740741,0.296296,0.25,0.304094,0.371795,0.298258,0.675888,0.128205,4.46834,0.33657,0,-0.0184652,1.48402,-0.217913,86.3377,-0.0184652,0.0670645,-0.2542855776846409,-0.16719475388526917,0.00443246,999,,,,,,,9.7,3.233333333,9.7,3.233333333,,,,,,,,,,,,,,,,,,,"Yohandy Morales","sa3022672",691002
"Chad Stevens","COL",2,8,8,2,1,0,0,0,1,1,1,0,3,0,0,0,,0,0,0.239243,0.0837831,0.299299,0.279932,0.312854,0.382291,0.307895,0.695145,0.143048,5.50871,0.330638,0,-0.00876353,0.942849,-0.0628414,79.278,-0.00876353,-0.0414014,-0.2201167270541191,-0.011308794841170311,0.00440301,999,,,,,,,6.2,3.1,6.2,3.1,,,,,,,,,,,,,,,,,,,"Chad Stevens","29614",677060
"Tim Elko","CHW",2,9,8,2,1,0,0,0,1,1,1,0,3,0,0,0,,0,0,0.233684,0.0568627,0.34902,0.162921,0.282353,0.389474,0.294196,0.671827,0.155789,3.12979,0.330961,0,-0.0030297,0.888328,-0.163779,85.3657,-0.0030297,0.0361935,-0.15475373715162277,-0.12121385335922241,0.00386053,999,,,,,,,6.2,3.1,6.2,3.1,,,,,,,,,,,,,,,,,,,"Tim Elko","31522",671284
"Christian Encarnacion-Strand","BAL",1,3,3,1,0,0,0,0,0,0,0,0,1,0,0,0,,0,0,0.243961,0.0493273,0.266816,0.184874,0.29148,0.439613,0.316117,0.731093,0.195652,3.20946,0.296429,0,-0.00701863,0.338155,-0.00223277,102.219,-0.00701863,-0.0169541,0.0004260861314833164,-0.0678800530731678,0.00345762,999,,,,,,,2.6,2.6,2.6,2.6,,,,,,,,,,,,,,,,,,,"Christian Encarnacion-Strand","30011",687952
"Sam Haggerty","CIN",1,3,3,1,0,0,0,0,0,0,0,0,1,0,0,0,,0,0,0.241224,0.0863799,0.221815,0.389423,0.316449,0.352535,0.298415,0.668985,0.111311,7.51418,0.306838,0,0.0154374,0.306173,-0.0445288,81.5965,0.0154374,0.0147906,-0.050019136629998684,-0.01669090148061514,0.00295107,999,,,,,,,2.6,2.6,2.6,2.6,,,,,,,,,,,,,,,,,,,"Sam Haggerty","18054",664059
"BJ Murray","CHC",1,6,5,1,1,0,0,0,1,1,1,0,1,0,0,0,,0,0,0.208989,0.110236,0.257874,0.427481,0.301181,0.334831,0.287368,0.636013,0.125843,4.32744,0.265574,0,0.00341067,0.551414,-0.139676,80.7869,0.00341067,0.0734839,-0.13125149137340486,-0.029911190271377563,0.00280997,999,,,,,,,3.6,3.6,3.6,3.6,,,,,,,,,,,,,,,,,,,"BJ Murray","sa3017287",681230
"Tyler Black","MIL",1,3,3,1,0,0,0,0,0,0,0,0,1,0,0,0,,0,0,0.235686,0.111483,0.24334,0.458136,0.332526,0.377053,0.31668,0.709579,0.141367,7.03187,0.303824,0,0.00653367,0.344601,-0.000943552,99.4198,0.00653367,0,0.004500360926613212,-0.0723765417933464,0.00269044,999,,,,,,,2.6,2.6,2.6,2.6,,,,,,,,,,,,,,,,,,,"Tyler Black","29949",672012
"Collin Price","HOU",1,3,2,0,0,0,0,0,0,0,0,0,1,0,0,0,,0,0,0.198672,0.0798497,0.344906,0.231511,0.271267,0.341284,0.272889,0.61255,0.142611,3.64633,0.280909,0,-0.00165177,0.214364,-0.0921316,71.5012,-0.00165177,-0.0284907,-0.08772633166518062,0.021663619205355644,0.0025746,999,,,,,,,-2,-2,-2,-2,,,,,,,,,,,,,,,,,,,"Collin Price","31415",805672
"Pavin Smith","ARI",1,3,3,1,0,0,0,0,0,0,0,0,1,0,0,0,,0,0,0.227199,0.118658,0.249668,0.475264,0.319121,0.380135,0.310448,0.699256,0.152936,3.84492,0.282628,0,-0.00167612,0.329954,-0.0155906,93.5204,-0.00167612,0.00497207,-0.02438335050828755,-0.046725464053452015,0.00236337,999,,,,,,,2.6,2.6,2.6,2.6,,,,,,,,,,,,,,,,,,,"Pavin Smith","19892",656976
"José Azócar","ATL",1,6,5,1,1,0,0,0,1,1,0,0,1,0,0,0,,0,0,0.254709,0.0507706,0.225994,0.224654,0.299832,0.358167,0.290986,0.657999,0.103458,6.80926,0.323112,0,0.0106338,0.576907,-0.124498,80.9753,0.0106338,0.0175564,-0.12469823472201824,-0.045406607910990715,0.00219055,999,,,,,,,0.6,0.6,0.6,0.6,,,,,,,,,,,,,,,,,,,"Jose Azocar","18821",640492
"Chadwick Tromp","BAL",1,3,2,1,0,0,0,0,0,0,0,0,1,0,0,0,,0,0,0.209122,0.0632135,0.259401,0.24369,0.260233,0.320548,0.257948,0.580781,0.111426,2.28039,0.263287,0,-0.00103325,0.186035,-0.125176,62.0679,-0.00103325,-0.00505193,-0.11736159608699381,0.04587399261072278,0.00216818,999,,,,,,,3.6,3.6,3.6,3.6,,,,,,,,,,,,,,,,,,,"Chadwick Tromp","16953",644433
"Justin Dean","CHC",3,12,10,2,2,0,0,0,2,1,1,0,4,0,0,0,,1,0,0.211737,0.0928198,0.327167,0.283708,0.293623,0.309721,0.273804,0.603344,0.0979834,7.97667,0.316419,0,0.0348785,0.975309,-0.406871,71.6899,0.0348785,0.0462136,-0.3619646653532982,0.00485558807849884,0.00210068,999,,,,,,,6.1,2.033333333,6.1,2.033333333,,,,,,,,,,,,,,,,,,,"Justin Dean","25005",681909
"Gage Workman","DET",1,3,3,1,0,0,0,0,0,0,0,0,1,0,0,0,,0,0,0.21349,0.0817034,0.367951,0.22205,0.281486,0.390418,0.29413,0.671904,0.176928,7.09353,0.314884,0,-0.00108343,0.291601,-0.0539435,85.3272,-0.00108343,-0.0421673,-0.05104557913728058,-0.03182781860232353,0.00205335,999,,,,,,,2.6,2.6,2.6,2.6,,,,,,,,,,,,,,,,,,,"Gage Workman","27573",669398
"Patrick Wisdom","SEA",1,3,3,0,0,0,0,0,0,0,0,0,1,0,0,0,,0,0,0.174068,0.0870049,0.40035,0.217322,0.252885,0.367134,0.270999,0.620018,0.193066,3.86372,0.245243,0,-0.00129943,0.233694,-0.106693,76.2263,-0.00129943,-0.0148304,-0.08104270871262997,-0.004645256325602531,0.00161279,999,,,,,,,-3,-3,-3,-3,,,,,,,,,,,,,,,,,,,"Patrick Wisdom","13602",621550
"Carlos Rodríguez","SDP",1,6,5,1,1,0,0,0,1,0,0,0,1,0,0,0,,0,0,0.243802,0.0769231,0.15197,0.506173,0.303774,0.322314,0.28083,0.626088,0.0785124,4.41264,0.281796,0,-0.0155391,0.520682,-0.170408,78.3272,-0.0155391,0.0555852,-0.16744074504822493,-0.00645185261964798,0.00152201,999,,,,,,,0.6,0.6,0.6,0.6,,,,,,,,,,,,,,,,,,,"Carlos Rodriguez","sa3005478",677578
"Hayden Senger","NYM",1,3,2,0,0,0,0,0,0,0,0,0,1,0,0,0,,0,0,0.197932,0.0531933,0.304653,0.174603,0.257461,0.292796,0.248109,0.550257,0.0948645,3.69422,0.275633,0,-0.00485729,0.165208,-0.146003,55.9488,-0.00485729,0.0215665,-0.14389294805005193,0.0724924523383379,0.00138419,999,,,,,,,-2,-2,-2,-2,,,,,,,,,,,,,,,,,,,"Hayden Senger","21489",663584
"Connor Joe","SEA",2,9,7,2,1,0,0,0,1,1,1,0,2,0,0,0,,0,0,0.205929,0.11294,0.254346,0.44404,0.306651,0.322382,0.28658,0.629033,0.116453,4.62914,0.271798,0,-0.0143921,0.809302,-0.21186,86.9807,-0.0143921,-0.0149702,-0.1454027397558093,-0.14737766049802303,0.00122474,999,,,,,,,7.2,3.6,7.2,3.6,,,,,,,,,,,,,,,,,,,"Connor Joe","16572",656582
"MJ Melendez","NYM",4,17,15,3,2,1,0,1,2,2,1,0,5,0,0,0,,0,0,0.216346,0.0844458,0.307573,0.274556,0.289492,0.401122,0.301978,0.690614,0.184776,4.31383,0.279996,0,-0.0454008,1.83251,-0.209819,92.0777,-0.0454008,-0.0779732,-0.20949391648173332,-0.3427880182862282,0.000613729,999,,,,,,,17.1,4.275,17.1,4.275,,,,,,,,,,,,,,,,,,,"MJ Melendez","22197",669004
"Robert Hassell III","WSN",1,6,5,1,1,0,0,0,1,1,0,0,1,0,0,0,,0,0,0.243187,0.0711538,0.244231,0.291339,0.301158,0.337526,0.285307,0.638685,0.0943397,4.68565,0.314869,0,0.00282347,0.53364,-0.147134,77.6519,0.00282347,-0.01,-0.15147377410903573,-0.030370371416211128,0.000432204,999,,,,,,,0.6,0.6,0.6,0.6,,,,,,,,,,,,,,,,,,,"Robert Hassell III","27482",690987
"Will Banfield","CIN",1,3,3,1,0,0,0,0,0,0,0,0,1,0,0,0,,0,0,0.214706,0.043956,0.285714,0.153846,0.252747,0.335294,0.257654,0.588041,0.120588,2.35119,0.27897,0,-0.00269826,0.191032,-0.12961,54.2589,-0.00269826,0.01156,-0.15144250309094787,0.06402913480997086,0.0000249346,999,,,,,,,2.6,2.6,2.6,2.6,,,,,,,,,,,,,,,,,,,"Will Banfield","23790",677943
"Brandon Drury","KCR",1,6,5,1,1,0,0,0,1,1,0,0,1,0,0,0,,0,0,0.221212,0.0788043,0.23913,0.329545,0.293478,0.360606,0.290411,0.654084,0.139394,3.46318,0.274262,0,-0.00999798,0.557276,-0.123499,79.9601,-0.00999798,0,-0.14443602040410042,-0.06111111119389534,-0.000231708,999,,,,,,,0.6,0.6,0.6,0.6,,,,,,,,,,,,,,,,,,,"Brandon Drury","11615",592273
"Mario Camilletti","CHW",1,3,3,1,0,0,0,0,0,0,0,0,1,0,0,0,,0,0,0.207386,0.108642,0.246914,0.44,0.300995,0.269886,0.265791,0.570881,0.0625,3.57594,0.278884,0,-0.00279212,0.228351,-0.122351,65.7591,-0.00279212,0.00198058,-0.12112524500116706,0.012474409770220518,-0.000398905,999,,,,,,,2.6,2.6,2.6,2.6,,,,,,,,,,,,,,,,,,,"Mario Camilletti","sa3020192",680519
"Jhostynxon Garcia","PIT",4,17,16,4,2,1,0,0,2,2,1,0,5,0,0,0,,0,0,0.233513,0.0635626,0.282147,0.225282,0.291011,0.381411,0.295717,0.672423,0.147898,5.3691,0.3049,0,-0.00767943,1.74553,-0.296796,82.7507,-0.00767943,-0.0604087,-0.3649609023705125,-0.20300129801034927,-0.000972732,999,,,,,,,12.3,3.075,12.3,3.075,,,,,,,,,,,,,,,,,,,"Jhostynxon Garcia","28142",691373
"Christian Franklin","WSN",3,11,10,2,2,0,0,0,1,1,1,0,3,0,0,0,,0,0,0.237089,0.104294,0.239264,0.435897,0.327161,0.34507,0.304227,0.672231,0.107981,5.35683,0.306931,0,-0.0139817,1.2425,-0.11905,90.3411,-0.0139817,-0.114102,-0.1473568230867386,-0.23632391542196274,-0.00115834,999,,,,,,,4.2,1.4,4.2,1.4,,,,,,,,,,,,,,,,,,,"Christian Franklin","sa3017510",681047
"Jared Serna","MIA",1,6,5,1,1,0,0,0,1,1,0,0,1,0,0,0,,0,0,0.225,0.0681818,0.191288,0.356436,0.288425,0.327083,0.275239,0.615508,0.102083,4.80892,0.26738,0,-0.0145809,0.487022,-0.193753,69.5535,-0.0145809,0.00432787,-0.22479154355823994,0.02469823881983757,-0.00141416,999,,,,,,,0.6,0.6,0.6,0.6,,,,,,,,,,,,,,,,,,,"Jared Serna","sa3015579",691858
"Billy Cook","PIT",5,20,18,4,3,1,0,0,2,2,1,0,6,0,0,0,,1,0,0.227837,0.0692636,0.288503,0.240079,0.290139,0.36155,0.287788,0.651689,0.133712,6.33601,0.305482,0,0.045169,1.90795,-0.474759,77.4331,0.045169,-0.114565,-0.5001566633582115,-0.16549043357372284,-0.00144086,999,,,,,,,12.2,2.44,12.2,2.44,,,,,,,,,,,,,,,,,,,"Billy Cook","29573",695257
"Kemp Alderman","MIA",1,3,3,1,0,0,0,0,0,0,0,0,1,0,0,0,,0,0,0.25,0.0533333,0.262857,0.202899,0.295238,0.397541,0.302627,0.692779,0.147541,5.04817,0.315634,0,-0.00949851,0.306921,-0.0334665,87.9219,-0.00949851,-0.026,-0.05119365453720093,-0.056555554270744324,-0.00148639,999,,,,,,,2.6,2.6,2.6,2.6,,,,,,,,,,,,,,,,,,,"Kemp Alderman","sa3022562",694580
"Nick Morabito","NYM",1,3,3,1,0,0,0,0,0,0,0,0,1,0,0,0,,0,0,0.236443,0.0727277,0.260533,0.27915,0.302168,0.32321,0.281815,0.625379,0.0867679,6.57157,0.318555,0,0.00494639,0.258734,-0.0816533,78.5546,0.00494639,-0.0138961,-0.06908595841377974,-0.04445168562233448,-0.00207204,999,,,,,,,2.6,2.6,2.6,2.6,,,,,,,,,,,,,,,,,,,"Nick Morabito","32119",703492
"Yohendrick Piñango","TOR",9,41,37,9,6,2,0,1,4,5,3,0,9,0,0,0,,0,0,0.23276,0.0780277,0.23106,0.337695,0.295123,0.364684,0.291657,0.659807,0.131924,3.53167,0.285327,0,-0.0247764,4.00103,-0.836595,84.4848,-0.0247764,-0.237827,-0.7644025664776564,-0.7134442925453186,-0.00338842,999,,,,,,,37.6,4.177777777,37.6,4.177777777,,,,,,,,,,,,,,,,,,,"Yohendrick Pinango","26664",682818
"Abimelec Ortiz","WSN",12,51,46,11,7,2,0,2,6,6,4,0,14,1,0,0,,0,0,0.227368,0.0779468,0.269962,0.288732,0.294677,0.395789,0.302211,0.690466,0.168421,3.93316,0.282132,0,-0.122221,5.50724,-0.619734,88.9891,-0.122221,0.115254,-0.8064203411340714,-0.9032647162675858,-0.00350487,999,,,,,,,55.2,4.6,55.2,4.6,,,,,,,,,,,,,,,,,,,"Abimelec Ortiz","sa3016926",694673
"Andrew Pintar","MIA",1,3,3,1,0,0,0,0,0,0,0,0,1,0,0,0,,0,0,0.222874,0.072,0.290667,0.247706,0.286096,0.325513,0.274036,0.611609,0.102639,5.79294,0.310044,0,0.00535042,0.240724,-0.0996632,68.7462,0.00535042,-0.0404516,-0.10254150815308094,-0.03026642743498087,-0.00402172,999,,,,,,,2.6,2.6,2.6,2.6,,,,,,,,,,,,,,,,,,,"Andrew Pintar","sa3020715",801464
"Héctor Rodríguez","CIN",3,12,11,3,2,0,0,0,2,1,1,0,2,0,0,0,,0,0,0.249545,0.0430293,0.170396,0.252525,0.284483,0.3898,0.293372,0.674282,0.140255,5.27308,0.276888,0,-0.0189348,1.17657,-0.226235,78.2141,-0.0189348,0.0266294,-0.32888123765587807,-0.09929655864834785,-0.00451912,999,,,,,,,8.8,2.933333333,8.8,2.933333333,,,,,,,,,,,,,,,,,,,"Hector Rodriguez","sa3015828",699302
"Matthew Lugo","KCR",1,3,3,1,0,0,0,0,0,0,0,0,1,0,0,0,,0,0,0.224944,0.049896,0.318087,0.156863,0.272917,0.378619,0.285109,0.651536,0.153675,5.89,0.312281,0,-0.0057154,0.266362,-0.0740256,76.3003,-0.0057154,-0.0411148,-0.08521044859662652,-0.07167031057178974,-0.00559018,999,,,,,,,2.6,2.6,2.6,2.6,,,,,,,,,,,,,,,,,,,"Matthew Lugo","25980",683090
"Seaver King","WSN",3,11,11,2,2,0,0,0,1,1,1,0,3,0,0,0,,0,0,0.229084,0.0462107,0.238447,0.193798,0.271028,0.306773,0.256983,0.577801,0.0776892,6.52161,0.296496,0,0.0277355,0.804972,-0.556577,58.6557,0.0277355,0.0519685,-0.5431673619896173,0.11307961493730545,-0.00585359,999,,,,,,,3.2,1.066666666,3.2,1.066666666,,,,,,,,,,,,,,,,,,,"Seaver King","sa3025414",814409
"Kristian Robinson","ARI",1,3,3,1,0,0,0,0,0,0,0,0,1,0,0,0,,0,0,0.210526,0.101695,0.358051,0.284024,0.29661,0.325359,0.280434,0.621969,0.114833,5.87976,0.326446,0,0.00189025,0.259409,-0.0861357,73.3902,0.00189025,-0.0340678,-0.09136209555435926,-0.06508631631731987,-0.0062709,999,,,,,,,2.6,2.6,2.6,2.6,,,,,,,,,,,,,,,,,,,"Kristian Robinson","sa3006884",677565
"Andrew McCutchen","ATL",2,9,8,2,1,0,0,0,1,1,1,0,2,0,0,0,,0,0,0.221085,0.121691,0.249042,0.488636,0.3205,0.353122,0.302471,0.673621,0.132037,2.31379,0.276268,0,-0.0160724,0.947548,-0.104558,88.6778,-0.0160724,0,-0.1368821207433939,-0.2203703671693802,-0.00704371,999,,,,,,,6.2,3.1,6.2,3.1,,,,,,,,,,,,,,,,,,,"Andrew McCutchen","9847",457705
"Kyle Farmer","ATL",4,17,16,4,3,1,0,0,2,2,1,0,4,0,0,0,,0,0,0.228529,0.0539563,0.230541,0.234043,0.284497,0.345319,0.279856,0.629817,0.11679,2.76875,0.279977,0,-0.0535875,1.54896,-0.525191,73.5101,-0.0535875,-0.0804843,-0.6108172424137592,-0.038509007543325424,-0.0083244,999,,,,,,,12.3,3.075,12.3,3.075,,,,,,,,,,,,,,,,,,,"Kyle Farmer","14813",571657
"Aaron Zavala","TEX",1,6,5,1,1,0,0,0,1,1,1,0,2,0,0,0,,0,0,0.201357,0.102767,0.357708,0.287293,0.293069,0.30543,0.272176,0.598499,0.104072,4.68226,0.315175,0,-0.0126439,0.479999,-0.211091,71.8493,-0.0126439,-0.0329322,-0.20435499213635921,-0.0949692390859127,-0.00940807,999,,,,,,,3.6,3.6,3.6,3.6,,,,,,,,,,,,,,,,,,,"Aaron Zavala","sa3017665",701648
"Sebastián Rivero","LAA",2,8,7,1,1,0,0,0,1,1,0,0,2,0,0,0,,0,0,0.204477,0.0465413,0.232149,0.20048,0.250833,0.295826,0.244165,0.546659,0.0913491,3.0008,0.258147,0,-0.0131712,0.470578,-0.463056,49.8997,-0.0131712,-0.0612283,-0.4741069059818983,0.09154942631721497,-0.0105025,999,,,,,,,-1.4,-0.7,-1.4,-0.7,,,,,,,,,,,,,,,,,,,"Sebastian Rivero","21735",665861
"Tyler Austin","CHC",8,35,31,7,5,1,0,1,4,4,3,0,8,0,0,0,,1,0,0.230901,0.0838807,0.233189,0.359711,0.302674,0.371952,0.298742,0.674627,0.141052,4.496,0.280476,0,-0.00668054,3.62927,-0.517269,88.415,-0.00668054,0,-0.4938672357238829,-0.7444444894790649,-0.0105927,999,,,,,,,31.4,3.925,31.4,3.925,,,,,,,,,,,,,,,,,,,"Tyler Austin","11850",592122
"Jordan Beck","COL",12,51,46,11,7,2,0,1,6,5,4,0,14,0,0,0,,1,1,0.243474,0.0787337,0.279173,0.282025,0.303831,0.40579,0.310419,0.709622,0.162316,5.51393,0.317298,0,-0.00360239,5.7607,-0.273437,80.9711,-0.00360239,-0.0453235,-1.1681098998524249,-0.5869901403784752,-0.0106675,232.9199981689453,,,,,,,41.9,3.491666666,41.9,3.491666666,,,,,,,,,,,,,,,,,,,"Jordan Beck","31431",687597
"Tommy Pham","PHI",5,23,20,5,3,1,0,1,3,2,2,0,6,0,0,0,,0,0,0.227077,0.0965757,0.246731,0.391421,0.304071,0.352947,0.292916,0.657018,0.125871,4.17364,0.284086,0,0.00136606,2.27549,-0.447605,81.1422,0.00136606,-0.101884,-0.5194289853097871,-0.34632884711027145,-0.012272,999,,,,,,,26.3,5.26,26.3,5.26,,,,,,,,,,,,,,,,,,,"Tommy Pham","2967",502054
"Pedro Ramírez","CHC",14,61,56,14,10,2,0,1,6,7,4,0,12,1,0,0,,2,1,0.245589,0.061896,0.192172,0.322086,0.299222,0.340552,0.284462,0.639774,0.0949631,5.73299,0.29561,0,-0.0215539,5.64642,-1.61003,78.8379,-0.0215539,0.372768,-1.5789364352822304,-0.5267689228057861,-0.0123311,999,,,,,,,53.6,3.828571428,53.6,3.828571428,,,,,,,,,,,,,,,,,,,"Pedro Ramirez","29218",699393
"Felix Reyes","PHI",2,9,8,2,1,0,0,0,1,1,0,0,2,0,0,0,,0,0,0.242565,0.0326963,0.195116,0.167573,0.269426,0.37905,0.281906,0.648476,0.136485,4.63849,0.278809,0,-0.00550772,0.776835,-0.244327,73.7579,-0.00550772,-0.0454795,-0.27728109201416373,-0.13714613392949104,-0.0136843,999,,,,,,,3.2,1.6,3.2,1.6,,,,,,,,,,,,,,,,,,,"Felix Reyes","28763",694025
"Sterlin Thompson","COL",5,20,18,4,3,1,0,0,2,2,1,0,5,1,0,0,,0,0,0.246663,0.0715484,0.245989,0.290861,0.318521,0.388005,0.313242,0.706527,0.141342,4.98742,0.31352,0,-0.0278979,2.28532,-0.0612903,82.8639,-0.0278979,-0.0924485,-0.43571573309600353,-0.3432201147079468,-0.0139015,999,,,,,,,13.3,2.66,13.3,2.66,,,,,,,,,,,,,,,,,,,"Sterlin Thompson","31443",694514
"Greg Jones","MIL",1,6,5,1,1,0,0,0,1,1,0,0,3,0,0,0,,0,0,0.184055,0.0677691,0.457508,0.148126,0.253078,0.294902,0.247225,0.54798,0.110848,8.07366,0.337832,0,0.0378955,0.362714,-0.328375,52.8376,0.0378955,0.0113726,-0.292659480124712,-0.050664475187659264,-0.0156203,999,,,,,,,0.6,0.6,0.6,0.6,,,,,,,,,,,,,,,,,,,"Greg Jones","25448",675659
"Rob Refsnyder","SEA",9,40,35,7,5,1,0,1,4,4,4,0,11,1,0,0,,0,0,0.206667,0.0917558,0.287465,0.31919,0.294771,0.34127,0.284693,0.636041,0.134603,3.12116,0.26811,0,-0.0267412,3.71557,-1.04985,85.678,-0.0267412,-0.0659132,-0.6992970276623964,-0.9010984674096107,-0.0179684,999,,,,,,,31.5,3.5,31.5,3.5,,,,,,,,,,,,,,,,,,,"Rob Refsnyder","13770",608701
"Jacob Berry","MIA",2,9,8,2,1,0,0,0,1,1,1,0,2,0,0,0,,0,0,0.22449,0.0718686,0.211499,0.339806,0.290123,0.335601,0.278884,0.625724,0.111111,5.26034,0.275449,0,-0.000710304,0.75585,-0.265312,71.9981,-0.000710304,-0.123484,-0.2907082695164718,-0.17440979927778244,-0.018813,999,,,,,,,6.2,3.1,6.2,3.1,,,,,,,,,,,,,,,,,,,"Jacob Berry","sa3019825",694351
"Eliezer Alfonzo","LAD",3,13,12,3,2,0,0,0,1,1,1,0,2,0,0,0,,0,0,0.224619,0.044621,0.118989,0.375,0.262558,0.306874,0.252102,0.569432,0.0822548,1.96236,0.241613,0,-0.0308965,0.868307,-0.68775,55.8658,-0.0308965,-0.145512,-0.7273846827447414,0.10911758244037628,-0.0195126,999,,,,,,,7.8,2.6,7.8,2.6,,,,,,,,,,,,,,,,,,,"Eliezer Alfonzo","22741",672613
"LuJames Groover","ARI",8,35,31,8,5,2,0,1,3,4,3,0,6,0,0,0,,0,0,0.248717,0.0767616,0.17943,0.427807,0.315202,0.356979,0.299764,0.672181,0.108261,1.96788,0.293057,0,-0.0722723,3.6581,-0.488434,86.3545,-0.0722723,0.0133373,-0.6461069583892822,-0.6897490611299872,-0.0204618,999,,,,,,,38,4.75,38,4.75,,,,,,,,,,,,,,,,,,,"LuJames Groover","33552",694410
"Enrique Hernández","LAD",16,68,63,14,9,3,0,2,8,8,5,0,16,0,0,0,,0,0,0.222004,0.0708117,0.24076,0.294118,0.278112,0.362896,0.282548,0.641008,0.140893,2.50967,0.268811,0,-0.116434,6.25037,-1.91893,76.2851,-0.116434,-0.436115,-2.0812388584017754,-0.3546336591243744,-0.0204861,999,,,,,,,57.9,3.61875,57.9,3.61875,,,,,,,,,,,,,,,,,,,"Enrique Hernandez","10472",571771
"Tommy White","ATH",3,12,11,3,2,0,0,0,1,2,1,0,2,0,0,0,,0,0,0.236111,0.0493507,0.181818,0.271429,0.280519,0.355556,0.280803,0.636075,0.119444,2.03825,0.268551,0,-0.0198878,1.04111,-0.341069,73.5279,-0.0198878,-0.0572292,-0.3804460410028696,-0.24334027245640755,-0.0213595,999,,,,,,,8.8,2.933333333,8.8,2.933333333,,,,,,,,,,,,,,,,,,,"Tommy White","sa3025383",695720
"Adam Frazier","LAA",13,54,49,11,8,2,0,1,6,5,4,0,11,1,0,1,,1,0,0.22987,0.0706077,0.19862,0.355491,0.294569,0.330996,0.279779,0.625565,0.101126,4.23349,0.278295,0,-0.11961,4.82642,-1.64094,74.4825,-0.11961,-0.368488,-1.745865359902382,-0.4397839531302452,-0.0257702,999,,,,,,,44.7,3.438461538,44.7,3.438461538,,,,,,,,,,,,,,,,,,,"Adam Frazier","15223",624428
"Zac Veen","COL",7,31,28,7,4,1,0,1,3,3,2,0,8,0,0,0,,1,0,0.239796,0.0781609,0.250575,0.311927,0.30485,0.377551,0.300692,0.682401,0.137755,5.93414,0.304348,0,0.0275313,3.27645,-0.411082,74.4472,0.0275313,-0.0337264,-0.9280938394367695,-0.3647449240088463,-0.0288057,743.6599731445312,,,,,,,31.4,4.485714285,31.4,4.485714285,,,,,,,,,,,,,,,,,,,"Zac Veen","27770",691728
"Tim Tawa","ARI",29,124,111,24,16,5,0,3,13,14,11,0,31,1,1,1,,2,1,0.218641,0.0845183,0.250605,0.337258,0.289733,0.35534,0.28685,0.645072,0.136699,3.98211,0.271964,0,-0.306581,11.8031,-3.05538,77.6934,-0.306581,0.615088,-3.667973816394806,-0.7187087535858154,-0.0328376,748.489990234375,,,,,,,103.1,3.555172413,103.1,3.555172413,,,,,,,,,,,,,,,,,,,"Tim Tawa","29571",694374
"Bryan De La Cruz","PHI",12,51,48,11,8,2,0,2,5,6,3,0,14,0,0,0,,1,0,0.238298,0.0591716,0.282051,0.20979,0.285996,0.382979,0.29316,0.668975,0.144681,3.02358,0.304762,0,-0.0000997638,5.13006,-0.996916,81.3063,-0.0000997638,-0.339429,-1.1616933202458313,-0.889428585767746,-0.0380499,999,,,,,,,49.1,4.091666666,49.1,4.091666666,,,,,,,,,,,,,,,,,,,"Bryan De La Cruz","19600",650559
"Deyvison De Los Santos","MIA",12,51,48,11,8,2,0,2,6,6,3,0,13,0,0,0,,1,0,0.239082,0.0535062,0.258324,0.207128,0.285598,0.376073,0.289968,0.661671,0.136991,3.97734,0.296219,0,-0.0452864,4.99701,-1.12996,79.4317,-0.0452864,0.287101,-1.3233667500317097,-0.7314170002937317,-0.0384204,999,,,,,,,49.1,4.091666666,49.1,4.091666666,,,,,,,,,,,,,,,,,,,"Deyvison De Los Santos","27969",691277
"Kyler Fedko","MIN",6,26,23,5,3,1,0,1,3,3,3,0,7,0,0,0,,1,0,0.209631,0.0987712,0.25528,0.386913,0.292501,0.340369,0.283898,0.63287,0.130738,4.75795,0.263479,0,0.0117115,2.37203,-0.691456,77.7511,0.0117115,-0.52248,-0.6599461995065212,-0.7159980535507202,-0.046671,999,,,,,,,28.2,4.7,28.2,4.7,,,,,,,,,,,,,,,,,,,"Kyler Fedko","29930",693459
"Adrian Del Castillo","ARI",11,48,44,10,6,2,0,1,5,6,4,0,14,0,0,0,,0,0,0.218226,0.0803508,0.295075,0.272306,0.284134,0.369045,0.287539,0.653179,0.150819,2.96025,0.286224,0,-0.0357625,4.5992,-1.15659,78.1557,-0.0357625,-0.00584244,-1.3109004721045494,-0.7399474293924868,-0.0482892,999,,,,,,,39.2,3.563636363,39.2,3.563636363,,,,,,,,,,,,,,,,,,,"Adrian Del Castillo","29554",680728
"Charlie Condon","COL",10,42,38,9,6,1,0,1,4,5,3,0,12,1,0,0,,0,0,0.239474,0.0774648,0.293427,0.264,0.316901,0.381579,0.310752,0.69848,0.142105,3.62456,0.325203,0,-0.0988757,4.81197,-0.216476,81.1944,-0.0988757,0.102143,-1.0579107776284218,-0.8307274729013443,-0.0519959,999,,,,,,,36.7,3.67,36.7,3.67,,,,,,,,,,,,,,,,,,,"Charlie Condon","sa3025257",809707
"Edwin Arroyo","CIN",37,162,150,38,30,6,1,1,16,14,8,0,33,2,1,1,,2,1,0.254404,0.0487598,0.206348,0.236299,0.299207,0.330582,0.281007,0.62979,0.0761784,4.36201,0.318366,0,-0.468556,14.5556,-4.73301,69.9212,-0.468556,-0.0663899,-6.35259011387825,0.5527459159493446,-0.0532748,999,,,,,,,126.3,3.413513513,126.3,3.413513513,,,,,,,,,,,,,,,,,,,"Edwin Arroyo","29957",695490
"Dominic Smith","ATL",29,126,114,28,20,5,0,3,15,15,9,0,23,2,1,0,,1,0,0.248008,0.0738506,0.185467,0.398186,0.31046,0.382099,0.304732,0.692559,0.134091,3.75432,0.28221,0,-0.0360874,13.8135,-1.26672,90.1945,-0.0360874,0.00823385,-1.5357420518994331,-3.1294204527512193,-0.0548788,999,,,,,,,120.4,4.151724137,120.4,4.151724137,,,,,,,,,,,,,,,,,,,"Dominic Smith","15653",642086
"Wilmer Flores",,12,52,47,10,7,2,0,1,5,7,4,0,9,1,1,0,,0,0,0.224658,0.0786241,0.179361,0.438356,0.29484,0.356164,0.289726,0.651005,0.131507,1.15621,0.249123,0,-0.0647093,5.0625,-1.1573,81.1985,-0.0647093,0,-1.2338933795690536,-1.0959875583648682,-0.0557633,999,,,,,,,39.2,3.266666666,39.2,3.266666666,,,,,,,,,,,,,,,,,,,"Wilmer Flores","5827",527038
"Jase Bowen","SDP",17,72,66,14,9,3,0,2,8,9,4,0,24,1,0,0,,3,1,0.21303,0.0593141,0.328028,0.18082,0.268688,0.342089,0.270404,0.610777,0.129059,6.58292,0.301693,0,0.127267,5.89591,-2.74271,71.3348,0.127267,0.0280714,-2.38411183655262,-0.5819595009088516,-0.0611477,999,,,,,,,57.8,3.4,57.8,3.4,,,,,,,,,,,,,,,,,,,"Jase Bowen","26047",687749
"Victor Bericoto","SFG",13,58,54,13,9,2,0,2,6,7,3,0,15,0,0,0,,0,0,0.244638,0.0555689,0.255923,0.217131,0.288041,0.378408,0.292294,0.666448,0.13377,2.74578,0.307745,0,-0.185842,5.74571,-1.16518,84.6854,-0.185842,-0.499038,-1.2592192888259888,-1.243481993675232,-0.0620552,999,,,,,,,52.4,4.03076923,52.4,4.03076923,,,,,,,,,,,,,,,,,,,"Victor Bericoto","26468",682674
"Sean Keys","TOR",18,78,69,13,8,3,0,2,8,9,8,0,22,1,0,0,,1,0,0.188893,0.0983112,0.285659,0.344156,0.282624,0.33455,0.277234,0.617174,0.145657,4.12325,0.242817,0,-0.0329684,6.80098,-2.52873,74.5292,-0.0329684,-0.118609,-2.3746863566339016,-1.2249357849359512,-0.0823647,999,,,,,,,60.2,3.344444444,60.2,3.344444444,,,,,,,,,,,,,,,,,,,"Sean Keys","35094",815873
"Jose Fernandez","ARI",9,41,38,9,6,2,0,1,4,4,2,0,10,0,0,0,,1,0,0.236303,0.0408359,0.244304,0.167152,0.27114,0.345879,0.271343,0.61702,0.109577,5.27072,0.299741,0,-0.0089056,3.33258,-1.50504,67.2929,-0.0089056,-0.338378,-1.613582561723888,-0.5451679229736328,-0.0846029,999,,,,,,,35.5,3.944444444,35.5,3.944444444,,,,,,,,,,,,,,,,,,,"Jose Fernandez","28020",699912
"Noelvi Marte","CIN",41,176,163,40,26,7,1,6,21,22,11,0,41,2,1,0,,5,2,0.244035,0.0616244,0.2332,0.264256,0.296122,0.403684,0.30541,0.699806,0.159649,5.15229,0.290611,0,0.0486745,19.3716,-1.67051,86.2881,0.0486745,-2.1724,-2.877497974783182,-3.9353610277175903,-0.107265,147.7100067138672,,,,,,,186.3,4.543902439,186.3,4.543902439,,,,,,,,,,,,,,,,,,,"Noelvi Marte","26517",682622