"ID","Player","Team","Position","RkOv","Status","Age","Salary","Contract","Score","Ros","+/-"
"*05rat*","James Wood","WSH","LF,RF,OF,DH","1","B&A","23","1,500,000","A","100","100%","0%"
"*061yu*","Jacob Misiorowski","MIL","SP","2","B&A","24","1,000,000","A","100","100%","0%"
"*051wv*","Pete Crow-Armstrong","CHC","CF,OF","3","ELLY","24","1,500,000","A","98.44","100%","0%"
"*05u6q*","Cam Schlittler","NYY","SP","4","Zack","25","1,000,000","A","96.75","99%","0%"
"*05gbf*","Jordan Walker","STL","RF,OF","5","Kai","24","4,000,000","A","96.04","96%","0%"
"*05r8n*","Yoshinobu Yamamoto","LAD","SP","6","Brenden","27","23,800,000","A","95.78","100%","0%"
"*04355*","Yordan Alvarez","HOU","LF,OF,DH","7","Brian","29","32,400,000","A","94.26","100%","0%"
"*04qk8*","CJ Abrams","WSH","SS","8","Steve","25","4,100,000","A","93.87","100%","0%"
"*03cag*","Kyle Schwarber","PHI","DH","9","JD","33","5,200,000","A","93.66","100%","0%"
"*06alt*","Shohei Ohtani-H","LAD","DH","10","T","32","17,200,000","A","93.17","100%","0%"
"*01sb3*","Zack Wheeler","PHI","SP","11","Steve","36","21,200,000","A","92.79","99%","0%"
"*051bm*","Louis Varland","TOR","RP","12","JD","28","5,100,000","A","92.3","89%","0%"
"*05u2v*","Hunter Goodman","COL","C,DH","13","R&J","26","1,800,000","A","92.03","99%","0%"
"*041vm*","Dylan Lee","ATL","RP","14","ELLY","31","100,000","A","92","61%","0%"
"*05yo5*","Ben Rice","NYY","C,1B,DH","15","Zack","27","1,500,000","A","91.14","100%","0%"
"*01uca*","Chris Sale","ATL","SP","16","Max","37","25,700,000","A","90.89","100%","0%"
"*05ucd*","Mason Miller","SD","RP","17","Zack","27","18,400,000","A","90.4","99%","0%"
"*06als*","Shohei Ohtani-P","LAD","SP","18","T","32","17,300,000","A","90.35","100%","0%"
"*05xch*","Junior Caminero","TB","3B","19","T","23","1,500,000","A","89.98","100%","0%"
"*052c8*","Cristopher Sanchez","PHI","SP","20","Max","29","2,400,000","A","89.89","100%","0%"
"*05u9o*","Sal Stewart","CIN","1B,3B","21","T","22","500,000","A","89.69","99%","0%"
"*02mwm*","Matt Olson","ATL","1B","22","T","32","24,000,000","A","89.61","100%","0%"
"*04ru7*","Miguel Vargas","CHW","1B,3B","23","JD","26","3,000,000","A","89.24","98%","0%"
"*04apj*","Jhoan Duran","PHI","RP","24","Steve","28","2,400,000","A","89.01","99%","0%"
"*04b00*","Brice Turang","MIL","2B","25","R&J","26","20,000,000","A","88.81","100%","0%"
"*03div*","Jake Latz","TEX","RP","26","ELLY","30","100,000","A","88.66","86%","0%"
"*04ps7*","Joe Ryan","MIN","SP","27","B&A","30","16,600,000","A","88.35","99%","0%"
"*041w4*","Bryan Baker","TB","RP","28","ELLY","31","200,000","A","88.33","87%","0%"
"*03dfa*","Tanner Scott","LAD","RP","29","T","31","6,700,000","A","88.23","82%","0%"
"*051eh*","Kevin Kelly","TB","RP","30","R&J","28","100,000","A","88.03","52%","0%"
"*062k5*","Nick Kurtz","ATH","1B","31","T","23","1,000,000","A","87.93","100%","0%"
"*04lgp*","Bobby Witt Jr.","KC","SS","32","B&A","26","35,700,000","A","87.78","100%","0%"
"*05xu5*","Zach Neto","LAA","SS","33","B&A","25","26,100,000","A","87.45","99%","0%"
"*03e5m*","Bryan Reynolds","PIT","LF,RF,OF,DH","34","JD","31","6,600,000","A","87.08","99%","0%"
"*041pz*","Pete Alonso","BAL","1B","35","Ethan","31","22,300,000","A","86.93","100%","0%"
"*03caf*","Foster Griffin","WSH","SP","36","ELLY","30","200,000","A","86.87","92%","0%"
"*04tjl*","Otto Lopez","MIA","2B,SS","37","J&A","27","4,000,000","A","86.71","98%","0%"
"*04eqa*","Garrett Whitlock","BOS","RP","38","Kai","30","5,000,000","A","86.67","61%","+2%"
"*04ru5*","Andy Pages","LAD","LF,CF,RF,OF","39","T","25","1,500,000","A","86.46","99%","0%"
"*05wru*","Paul Skenes","PIT","SP","40","Ethan","24","1,500,000","A","86.02","100%","0%"
"*01s8u*","Mike Trout","LAA","CF,RF,OF,DH","41","Brian","34","12,000,000","A","85.22","99%","0%"
"*01fh9*","Bryce Harper","PHI","1B","42","JD","33","28,800,000","A","85.19","100%","0%"
"*04eee*","Drew Rasmussen","TB","SP","43","Max","30","5,000,000","A","85.05","99%","0%"
"*04n0m*","Logan Gilbert","SEA","SP","44","Max","29","16,560,000","A","84.86","100%","0%"
"*0260v*","Sonny Gray","BOS","SP","45","Steve","36","4,200,000","A","84.84","99%","0%"
"*040b5*","Randy Arozarena","SEA","LF,OF","46","T","31","7,000,000","A","84.41","99%","0%"
"*04eor*","Cade Smith","CLE","RP","47","Brenden","27","6,000,000","A","84.3","99%","0%"
"*04o4s*","Shea Langeliers","ATH","C,DH","48","JD","28","22,000,000","A","83.9","100%","0%"
"*03zbh*","Fernando Tatis Jr.","SD","2B,RF,OF","49","T","27","25,700,000","A","83.78","99%","0%"
"*03dau*","Trevor Megill","MIL","RP","50","Steve","32","5,000,000","A","83.49","93%","0%"
"*030uc*","Rafael Devers","SF","1B,DH","51","Max","29","22,080,000","A","83.44","99%","0%"
"*05r01*","Robert Suarez","ATL","RP","52","Brenden","35","14,000,000","A","83.39","82%","-1%"
"*05jr0*","Alec Burleson","STL","1B,LF,RF,OF,DH","53","Kai","27","5,000,000","A","83.32","99%","0%"
"*05y7s*","Nolan McLean","NYM","SP","54","R&J","24","500,000","A","83.02","99%","0%"
"*03qjy*","Brandon Lowe","PIT","2B","55","T","32","8,200,000","A","83.01","99%","0%"
"*03oh0*","Willson Contreras","BOS","1B,DH","56","Max","34","8,000,000","A","82.94","98%","0%"
"*05y9r*","Justin Wrobleski","LAD","RP","57","B&A","26","200,000","A","82.81","89%","0%"
"*02hjp*","Jacob deGrom","TEX","SP","58","Ethan","38","21,000,000","A","82.76","99%","0%"
"*04ptt*","Tarik Skubal","DET","SP","59","R&J","29","9,200,000","A","82.45","100%","0%"
"*04pmq*","Braxton Ashcraft","PIT","RP","60","JD","26","4,000,000","A","82.37","98%","0%"
"*05gx4*","Dillon Dingler","DET","C,DH","61","Max","27","3,000,000","A","82.19","95%","0%"
"*02c68*","Trea Turner","PHI","SS","62","R&J","33","17,800,000","A","81.95","99%","0%"
"*05rb3*","Chase Burns","CIN","SP","63","Brenden","23","1,000,000","A","81.75","100%","0%"
"*0630d*","Drake Baldwin","ATL","C,DH","64","Brenden","25","12,000,000","A","81.74","99%","0%"
"*0510l*","Emerson Hancock","SEA","SP","65","Zack","27","5,000,000","A","81.7","88%","0%"
"*04hyc*","Ivan Herrera","STL","C,DH","66","ELLY","26","1,800,000","A","81.4","97%","0%"
"*03m6o*","Yandy Diaz","TB","1B,DH","67","B&A","34","8,800,000","A","81.39","99%","0%"
"*02c5l*","Luke Weaver","NYM","RP","68","B&A","32","3,000,000","A","81.37","49%","+1%"
"*05udp*","Elly De La Cruz","CIN","SS","69","ELLY","24","15,100,000","A","81.31","100%","0%"
"*026lz*","Josh Bell","MIN","1B,DH","70","Steve","33","4,000,000","A","81.27","67%","-1%"
"*02i2k*","Byron Buxton","MIN","CF,OF,DH","71","J&A","32","5,000,000","A","81.24","99%","0%"
"*05sr2*","Michael McGreevy","STL","SP","72","T","26","600,000","A","80.9","82%","0%"
"*0512v*","Michael Harris II","ATL","CF,OF","73","ELLY","25","9,400,000","A","80.88","99%","0%"
"*02myt*","Steven Okert","HOU","RP","74","FA","35","100,000","A","80.82","23%","+2%"
"*04y4e*","Corbin Carroll","ARI","RF,OF","75","C&G","25","33,000,000","A","80.61","100%","0%"
"*03btv*","Sandy Alcantara","MIA","SP","76","JD","30","16,000,000","A","80.42","99%","0%"
"*0316v*","Jake Bauers","MIL","1B,LF,RF,OF","77","C&G","30","100,000","A","80.28","88%","0%"
"*05jp4*","Casey Schmitt","SF","1B,2B,3B,LF,OF,DH","78","C&G","27","100,000","A","80.27","89%","0%"
"*04b02*","Seiya Suzuki","CHC","LF,RF,OF,DH","79","B&A","31","16,000,000","A","80.24","98%","0%"
"*03ae8*","Dansby Swanson","CHC","SS","80","Brenden","32","4,600,000","A","80.05","95%","-1%"
"*05ynb*","Liam Hicks","MIA","C,1B,DH","81","ELLY","27","600,000","A","80.02","90%","0%"
"*0326s*","Ketel Marte","ARI","2B,DH","82","Ethan","32","20,900,000","A","79.96","100%","0%"
"*050w9*","Gunnar Henderson","BAL","SS","83","J&A","25","23,000,000","A","79.81","100%","0%"
"*03ynj*","Juan Soto","NYM","LF,RF,OF,DH","84","R&J","27","36,000,000","A","79.8","100%","0%"
"*0374m*","Tyler Rogers","TOR","RP","85","R&J","35","4,000,000","A","79.76","46%","0%"
"*01cgo*","Freddie Freeman","LAD","1B","86","C&G","36","29,520,000","A","79.63","99%","0%"
"*05tzn*","Parker Messick","CLE","SP","87","Max","25","4,000,000","A","79.52","97%","0%"
"*041r1*","Jesus Luzardo","PHI","SP","88","R&J","28","11,800,000","A","79.18","99%","0%"
"*06guh*","Brandyn Garcia","ARI","RP","89","T","26","300,000","A","79.07","18%","+1%"
"*0414g*","Luis Garcia Jr.","WSH","1B,2B","90","J&A","26","5,000,000","A","78.97","95%","0%"
"*06aw3*","JJ Wetherholt","STL","2B,SS","91","Max","23","500,000","A","78.94","99%","0%"
"*03df2*","Dylan Cease","TOR","SP","92","C&G","30","17,520,000","A","78.94","99%","0%"
"*05y62*","Bryan Woo","SEA","SP","93","Zack","26","36,500,000","A","78.93","99%","0%"
"*060x1*","Wilyer Abreu","BOS","RF,OF","94","R&J","27","6,000,000","A","78.81","97%","0%"
"*041q8*","Brandon Marsh","PHI","LF,CF,RF,OF","95","Max","28","3,600,000","A","78.8","94%","0%"
"*045qo*","Jazz Chisholm Jr.","NYY","2B,3B","96","Kai","28","31,500,000","A","78.66","99%","0%"
"*06fzu*","Kazuma Okamoto","TOR","1B,3B","97","Brenden","30","10,000,000","A","78.59","97%","0%"
"*05t9v*","Jonathan Aranda","TB","1B","98","B&A","28","10,300,000","A","78.57","98%","0%"
"*05rch*","Colson Montgomery","CHW","3B,SS","99","Steve","24","23,000,000","A","78.23","98%","0%"
"*05yby*","Kevin McGonigle","DET","3B,SS","100","Zack","21","500,000","A","78.21","98%","0%"
"*05nso*","Abner Uribe","MIL","RP","101","Zack","26","14,300,000","A","78.1","78%","0%"
"*04mlf*","Casey Mize","DET","SP","102","Steve","29","5,900,000","A","78.02","94%","0%"
"*04rzp*","Rico Garcia","BAL","RP","103","ELLY","32","100,000","A","77.99","58%","-2%"
"*05a2d*","Max Meyer","MIA","SP","104","B&A","27","1,500,000","A","77.96","95%","0%"
"*03fi0*","Ozzie Albies","ATL","2B","105","B&A","29","5,000,000","A","77.91","99%","0%"
"*03qyv*","Jake McCarthy","COL","LF,CF,RF,OF","106","Ethan","28","3,000,000","A","77.9","86%","0%"
"*02mw3*","Christian Walker","HOU","1B","107","R&J","35","5,000,000","A","77.88","98%","0%"
"*06aly*","Carson Benge","NYM","LF,CF,RF,OF","108","Ethan","23","500,000","A","77.63","93%","0%"
"*03aqv*","Raisel Iglesias","ATL","RP","109","Ethan","36","10,000,000","A","77.58","97%","0%"
"*03yrz*","William Contreras","MIL","C,DH","110","Kai","28","23,000,000","A","77.55","99%","0%"
"*05xod*","Sean Burke","CHW","SP","111","J&A","26","100,000","A","77.48","87%","+1%"
"*05ua7*","Jackson Merrill","SD","CF,OF","112","Ethan","23","1,500,000","A","77.17","98%","0%"
"*05js3*","Kyle Harrison","MIL","SP","113","Zack","24","3,500,000","A","77.03","92%","-1%"
"*03dgq*","Ryan O'Hearn","PIT","1B,RF,OF,DH","114","Kai","32","3,000,000","A","76.92","96%","0%"
"*029si*","Eduardo Rodriguez","ARI","SP","115","Steve","33","600,000","A","76.78","91%","0%"
"*03120*","Cody Bellinger","NYY","LF,CF,RF,OF","116","B&A","31","7,800,000","A","76.73","99%","0%"
"*06gwk*","Payton Tolle","BOS","RP","117","C&G","23","500,000","A","76.72","90%","0%"
"*04o2w*","Ben Brown","CHC","SP","118","Kai","26","2,000,000","A","76.72","70%","-2%"
"*02iug*","Michael Wacha","KC","SP","119","R&J","35","1,000,000","A","76.69","94%","-1%"
"*05a1v*","Keider Montero","DET","SP","120","Zack","26","100,000","A","76.5","53%","-2%"
"*05t2b*","Daylen Lile","WSH","LF,RF,OF,DH","121","T","23","5,000,000","A","76.5","93%","-1%"
"*05xz4*","Michael Petersen","MIA","RP","122","B&A","32","200,000","A","76.45","31%","0%"
"*05vy6*","Bryce Miller","SEA","SP","123","Max","27","5,000,000","A","76.36","96%","0%"
"*0473n*","Tyler Wells","BAL","SP","124","Zack","31","1,000,000","A","76.22","50%","-1%"
"*03dbm*","Logan Webb","SF","SP","125","Brian","29","12,000,000","A","76.08","99%","0%"
"*0596g*","Reid Detmers","LAA","RP","126","JD","27","4,000,000","A","76.02","89%","-2%"
"*04n8z*","Xavier Edwards","MIA","2B,SS","127","JD","26","9,300,000","A","75.88","99%","0%"
"*02f9m*","Jakob Junis","TEX","RP","128","J&A","33","200,000","A","75.78","32%","-1%"
"*05uc4*","Troy Melton","DET","RP","129","C&G","25","3,000,000","A","75.7","84%","+1%"
"*03nmw*","Ian Happ","CHC","LF,OF","130","Steve","31","12,000,000","A","75.57","98%","-1%"
"*03zlh*","Oneil Cruz","PIT","CF,OF","131","JD","27","10,100,000","A","75.35","99%","0%"
"*04fhb*","Julio Rodriguez","SEA","CF,OF","132","C&G","25","39,720,000","A","75.21","99%","0%"
"*05ge9*","Shota Imanaga","CHC","SP","133","T","32","1,500,000","A","75.18","98%","0%"
"*05jp7*","Gavin Williams","CLE","SP","134","J&A","26","16,500,000","A","74.92","99%","0%"
"*01ut7*","Nathan Eovaldi","TEX","SP","135","Brian","36","14,000,000","A","74.85","99%","0%"
"*026qc*","Joc Pederson","TEX","DH","136","R&J","34","100,000","A","74.84","25%","-1%"
"*04nb2*","Riley Greene","DET","LF,CF,OF,DH","137","C&G","25","20,400,000","A","74.83","99%","0%"
"*03qjz*","Taylor Clarke","ARI","RP","138","Brenden","33","200,000","A","74.75","16%","-1%"
"*05vy5*","Carter Jensen","KC","C,DH","139","ELLY","23","5,000,000","A","74.7","90%","-1%"
"*05gsi*","Ceddanne Rafaela","BOS","2B,CF,OF","140","C&G","25","1,500,000","A","74.69","96%","0%"
"*043ia*","Adrian Morejon","SD","RP","141","Brenden","27","10,000,000","A","74.53","56%","0%"
"*02c4q*","Nick Martinez","TB","SP","142","Steve","35","5,500,000","A","74.51","91%","0%"
"*04ej3*","Riley O'Brien","STL","RP","143","R&J","31","500,000","A","74.49","91%","0%"
"*05y23*","Tanner Bibee","CLE","SP","144","J&A","27","3,900,000","A","74.49","94%","0%"
"*04aqc*","David Bednar","NYY","RP","145","B&A","31","10,000,000","A","74.38","97%","0%"
"*05yb0*","T.J. Rumfield","COL","1B,DH","146","Steve","26","500,000","A","74.34","80%","-1%"
"*03pjf*","Michael Soroka","ARI","SP","147","Kai","28","2,000,000","A","74.28","89%","0%"
"*04ppi*","Kody Clemens","MIN","1B,2B,LF,RF,OF","148","ELLY","30","1,500,000","A","74.22","80%","0%"
"*04pma*","Daniel Lynch","KC","RP","149","Brenden","29","200,000","A","74.03","23%","-1%"
"*03et8*","Ranger Suarez","BOS","SP","150","JD","30","5,000,000","A","73.99","98%","0%"
"*060i2*","Jake Bennett","BOS","SP","151","C&G","25","500,000","A","73.98","75%","+2%"
"*04yig*","Brooks Lee","MIN","2B,3B,SS","152","ELLY","25","2,300,000","A","73.94","89%","0%"
"*04mjn*","Eduard Bazardo","SEA","RP","153","Kai","30","2,500,000","A","73.88","36%","-1%"
"*03pjd*","Josh Naylor","SEA","1B,DH","154","Kai","29","24,000,000","A","73.84","97%","0%"
"*025dn*","Christian Yelich","MIL","LF,OF,DH","155","JD","34","3,360,000","A","73.82","95%","-1%"
"*0429k*","Colin Holderman","CLE","RP","156","Zack","30","800,000","A","73.57","23%","0%"
"*04azv*","Jake Burger","TEX","1B","157","Brenden","30","5,000,000","A","73.5","77%","-2%"
"*041wv*","Michael King","SD","SP","158","B&A","31","11,500,000","A","73.42","98%","0%"
"*04si3*","Brayan Rocchio","CLE","2B,SS","159","Ethan","25","1,500,000","A","73.29","78%","0%"
"*01svq*","Manny Machado","SD","3B","160","T","34","8,500,000","A","73.28","99%","0%"
"*02mzg*","Max Muncy","LAD","3B","161","Brian","35","2,200,000","A","73.04","97%","0%"
"*025it*","Jason Adam","SD","RP","162","B&A","34","4,000,000","A","72.97","39%","-2%"
"*02hi7*","Kevin Gausman","TOR","SP","163","Ethan","35","12,800,000","A","72.85","99%","0%"
"*02n2x*","Paul Sewald","ARI","RP","164","C&G","36","300,000","A","72.83","80%","0%"
"*04t9b*","Michael Busch","CHC","1B","165","Zack","28","1,500,000","A","72.79","95%","0%"
"*03mew*","Luis Arraez","SF","1B,2B,DH","166","Zack","29","10,300,000","A","72.72","96%","0%"
"*04pxf*","Davis Martin","CHW","SP","167","Kai","29","1,600,000","A","72.71","91%","-1%"
"*03mjl*","Cam Booser","TB","RP","168","FA","34","100,000","A","72.52","5%","+1%"
"*0512e*","Spencer Steer","CIN","1B,2B,LF,RF,OF,DH","169","J&A","28","5,000,000","A","72.52","87%","0%"
"*03poo*","Peter Lambert","HOU","SP","170","Zack","29","500,000","A","72.32","73%","+2%"
"*04pst*","Jarren Duran","BOS","LF,CF,OF","171","Kai","29","25,000,000","A","72.24","95%","-1%"
"*05ahe*","Curtis Mead","WSH","1B,2B,3B","172","R&J","25","200,000","A","72.21","73%","+3%"
"*04yie*","George Kirby","SEA","SP","173","JD","28","19,700,000","A","72.21","99%","0%"
"*04q05*","Alex Vesia","LAD","RP","174","Brian","30","4,000,000","A","71.98","50%","0%"
"*041qb*","Bo Bichette","NYM","3B,SS","175","Zack","28","10,600,000","A","71.91","99%","0%"
"*03aqw*","Mauricio Dubon","ATL","2B,3B,SS,LF,CF,OF","176","B&A","32","400,000","A","71.89","81%","0%"
"*03atq*","Willy Adames","SF","SS","177","T","30","14,200,000","A","71.81","89%","0%"
"*01ub6*","Jose Ramirez","CLE","3B,DH","178","Brenden","33","20,000,000","A","71.75","99%","0%"
"*04nky*","Trevor Larnach","MIN","LF,RF,OF,DH","179","Brian","29","4,000,000","A","71.71","50%","-1%"
"*0597k*","Nick Gonzales","PIT","2B,3B","180","JD","27","100,000","A","71.69","68%","0%"
"*05ym7*","Fernando Cruz","NYY","RP","181","C&G","36","1,500,000","A","71.66","43%","0%"
"*01gya*","Aroldis Chapman","BOS","RP","182","T","38","8,100,000","A","71.58","98%","0%"
"*04aee*","Jo Adell","LAA","CF,RF,OF","183","Kai","27","11,000,000","A","71.44","92%","-1%"
"*05aoc*","Eury Perez","MIA","SP","184","ELLY","23","18,840,000","A","71.35","98%","0%"
"*05gef*","Cade Cavalli","WSH","SP","185","J&A","27","100,000","A","71.24","83%","+1%"
"*04pkt*","J.T. Ginn","ATH","SP","186","Max","27","600,000","A","71.14","77%","-2%"
"*05u9q*","Jac Caglianone","KC","1B,RF,OF","187","Max","23","1,000,000","A","71.13","96%","0%"
"*032lk*","Sean Newcomb","CHW","RP","188","FA","33","100,000","A","71","22%","0%"
"*066er*","Grant Taylor","CHW","RP","189","T","24","4,000,000","A","70.93","73%","0%"
"*05gtn*","Tyler Soderstrom","ATH","1B,LF,OF","190","JD","24","20,000,000","A","70.93","99%","0%"
"*03db4*","Jonathan Loaisiga","ARI","RP","191","FA","31","100,000","A","70.91","7%","0%"
"*03pir*","Kyle Tucker","LAD","RF,OF,DH","192","R&J","29","26,100,000","A","70.84","99%","0%"
"*0516x*","Brent Headrick","NYY","RP","193","FA","28","100,000","A","70.71","27%","+1%"
"*04pkr*","Nico Hoerner","CHC","2B,SS","194","JD","29","5,000,000","A","70.63","98%","0%"
"*04eku*","John King","MIA","RP","195","FA","31","100,000","A","70.52","10%","-2%"
"*04p10*","Bryson Stott","PHI","2B","196","JD","28","5,000,000","A","70.52","85%","-1%"
"*02bu3*","Brandon Woodruff","MIL","SP","197","R&J","33","5,000,000","A","70.51","86%","-7%"
"*05y7x*","Cole Young","SEA","2B","198","Kai","22","1,000,000","A","70.48","69%","0%"
"*03ojr*","Vladimir Guerrero Jr.","TOR","1B,DH","199","J&A","27","20,100,000","A","70.45","99%","0%"
"*0423e*","Anthony Bender","MIA","RP","200","FA","31","100,000","A","70.43","16%","-1%"
"*05m1e*","Jackson Chourio","MIL","LF,CF,RF,OF","201","T","22","6,500,000","A","70.43","99%","0%"
"*064zm*","Didier Fuentes","ATL","SP","202","ELLY","21","500,000","A","70.24","54%","-1%"
"*04pr8*","Taj Bradley","MIN","SP","203","C&G","25","5,000,000","A","70.22","94%","0%"
"*050ok*","Yennier Cano","BAL","RP","204","FA","32","100,000","A","70.05","18%","-1%"
"*01vxp*","Brooks Raley","NYM","RP","205","Ethan","38","1,500,000","A","69.92","18%","0%"
"*02w7p*","Alex Bregman","CHC","3B","206","C&G","32","9,480,000","A","69.75","97%","0%"
"*0648r*","Andrew Morris","MIN","SP","207","FA","24","100,000","A","69.73","31%","+2%"
"*04pbq*","Geraldo Perdomo","ARI","SS","208","Steve","26","19,500,000","A","69.72","97%","0%"
"*03pom*","Austin Riley","ATL","3B","209","Kai","29","21,700,000","A","69.41","93%","-1%"
"*04esc*","Keaton Winn","SF","RP","210","ELLY","28","100,000","A","69.32","20%","-1%"
"*02btx*","Tyler Glasnow","LAD","SP","211","Brian","32","15,000,000","A","69.28","97%","0%"
"*04nqx*","Ezequiel Duran","TEX","1B,2B,3B,SS,LF,RF,OF","212","R&J","27","200,000","A","69.27","69%","0%"
"*04z9e*","George Soriano","STL","RP","213","FA","27","100,000","A","69.23","15%","0%"
"*04eig*","Jose Caballero","NYY","2B,3B,SS,RF,OF","214","Zack","29","5,000,000","A","69.18","86%","0%"
"*05jrh*","Colt Keith","DET","1B,2B,3B,DH","215","Brian","24","1,500,000","A","69.08","52%","0%"
"*05rbv*","Samuel Basallo","BAL","C,DH","216","T","21","500,000","A","69.05","93%","0%"
"*02i2j*","Max Fried","NYY","SP","217","J&A","32","7,400,018","A","68.92","99%","0%"
"*05uy4*","Dylan Dodd","ATL","RP","218","FA","28","100,000","A","68.73","8%","0%"
"*03pje*","Taylor Ward","BAL","LF,OF,DH","219","Brenden","32","6,000,000","A","68.71","93%","-1%"
"*04071*","Isaac Paredes","HOU","1B,3B","220","Max","27","10,100,000","A","68.68","93%","-1%"
"*02nbw*","Tejay Antone","CIN","RP","221","FA","32","100,000","A","68.6","4%","0%"
"*05143*","Hunter Gaddis","CLE","RP","222","Steve","28","5,000,000","A","68.43","36%","+1%"
"*04yk2*","Spencer Torkelson","DET","1B","223","B&A","26","8,500,000","A","68.43","81%","0%"
"*041rj*","JoJo Romero","STL","RP","224","J&A","29","4,000,000","A","68.43","47%","-1%"
"*04eud*","Shane Drohan","MIL","SP","225","ELLY","27","100,000","A","68.4","59%","+1%"
"*026t9*","Tyron Guerrero","BOS","RP","226","Zack","35","300,000","A","68.38","20%","0%"
"*04w0m*","Yovanny Cruz","NYY","RP","227","Max","26","2,000,000","A","68.33","4%","0%"
"*05rfu*","Kyle Manzardo","CLE","1B,DH","228","ELLY","26","10,400,000","A","68.25","51%","-1%"
"*03dpg*","Kevin Ginkel","ARI","RP","229","FA","32","100,000","A","68.21","17%","0%"
"*04y44*","Josh Jung","TEX","3B","230","Zack","28","5,000,000","A","68.06","89%","-1%"
"*04pmk*","Michael Grove","TB","RP","231","FA","29","100,000","A","67.91","2%","0%"
"*04c0o*","Jose Soriano","LAA","SP","232","JD","27","5,000,000","A","67.91","97%","0%"
"*05jp9*","Bryce Elder","ATL","SP","233","Kai","27","2,400,000","A","67.9","76%","-4%"
"*02bzl*","Yacksel Rios","(N/A)","RP","234","FA","33","100,000","A","67.79","0%","0%"
"*061xq*","Miguel Ullola","HOU","SP","235","FA","24","100,000","A","67.77","13%","0%"
"*06luc*","Jack Dreyer","LAD","RP","236","J&A","27","4,000,000","A","67.76","19%","0%"
"*04en7*","Garrett Mitchell","MIL","CF,OF","237","Zack","27","100,000","A","67.75","62%","-1%"
"*0648n*","Chase Meidroth","CHW","2B,SS","238","C&G","24","3,000,000","A","67.72","68%","-2%"
"*04alp*","Ernie Clement","TOR","1B,2B,3B,SS","239","Brenden","30","6,000,000","A","67.71","90%","0%"
"*04aoq*","Jason Foley","SF","RP","240","FA","30","100,000","A","67.62","5%","0%"
"*02bq2*","Brandon Nimmo","TEX","LF,RF,OF","241","J&A","33","6,000,000","A","67.58","93%","0%"
"*02mzi*","Ty Blach","CHC","SP","242","FA","35","100,000","A","67.57","0%","0%"
"*05y72*","Landen Roupp","SF","SP","243","Kai","27","4,000,000","A","67.55","84%","+1%"
"*05m49*","Jung Hoo Lee","SF","CF,RF,OF","244","Zack","27","7,100,000","A","67.53","86%","-4%"
"*031fj*","Gabe Speier","SEA","RP","245","R&J","31","2,500,000","A","67.52","24%","-1%"
"*028is*","Vince Velasquez","KC","SP","246","FA","34","100,000","A","67.45","0%","0%"
"*04mlt*","Shane McClanahan","TB","SP","247","JD","29","5,500,000","A","67.28","97%","0%"
"*04aok*","Gregory Soto","PIT","RP","248","Zack","31","500,000","A","67.05","72%","-2%"
"*04pxo*","Erik Sabrowski","CLE","RP","249","T","28","200,000","A","66.98","51%","-4%"
"*01u75*","Salvador Perez","KC","C,1B,DH","250","B&A","36","5,600,000","A","66.9","80%","-2%"
"*06f1r*","Connelly Early","BOS","SP","251","B&A","24","5,000,000","A","66.89","93%","0%"
"*01sy3*","Nolan Arenado","ARI","3B","252","Ethan","35","2,500,000","A","66.89","63%","0%"
"*05uei*","Chase DeLauter","CLE","CF,RF,OF,DH","253","Kai","24","500,000","A","66.86","95%","0%"
"*04mnw*","Ryan Weathers","NYY","SP","254","B&A","26","4,000,000","A","66.78","87%","-1%"
"*04erh*","CJ Van Eyk","TOR","SP","255","FA","27","100,000","A","66.77","2%","0%"
"*05ydo*","Juan Morillo","ARI","RP","256","Zack","27","400,000","A","66.74","23%","-1%"
"*06plc*","Sam Antonacci","CHW","2B,3B,SS,LF,OF","257","T","23","500,000","A","66.73","82%","0%"
"*05y12*","Daniel Duarte","NYM","RP","258","FA","29","100,000","A","66.7","0%","0%"
"*05w7z*","Edgardo Henriquez","LAD","RP","259","Zack","24","100,000","A","66.64","22%","0%"
"*05y4b*","Caleb Durbin","BOS","3B","260","ELLY","26","1,000,000","A","66.63","77%","0%"
"*025gb*","Xander Bogaerts","SD","SS","261","Ethan","33","5,000,000","A","66.58","77%","-2%"
"*04ya4*","Nasim Nunez","WSH","2B,SS","262","Kai","25","100,000","A","66.55","57%","-2%"
"*0622w*","Chandler Simpson","TB","LF,CF,OF","263","R&J","25","1,000,000","A","66.5","87%","0%"
"*05138*","Matt Brash","SEA","RP","264","Steve","28","4,000,000","A","66.24","35%","0%"
"*05jrb*","Victor Mederos","ATL","SP","265","FA","25","100,000","A","66.22","2%","0%"
"*04pq4*","Kyle Bradish","BAL","SP","266","B&A","29","14,100,000","A","66.12","97%","0%"
"*04e2u*","Brent Rooker","ATH","RF,OF,DH","267","W <small>(Sun)</small>","31","100,000","A","66.07","76%","-3%"
"*060jo*","Cam Smith","HOU","RF,OF","268","B&A","23","1,000,000","A","65.84","73%","-2%"
"*03pit*","Trent Grisham","NYY","CF,OF","269","ELLY","29","100,000","A","65.69","86%","-1%"
"*05y3u*","Munetaka Murakami","CHW","1B,3B","270","Zack","26","21,100,000","A","65.54","99%","0%"
"*025j1*","Robbie Ray","SF","SP","271","Kai","34","5,000,000","A","65.4","96%","0%"
"*04auj*","Framber Valdez","DET","SP","272","T","32","18,200,000","A","65.31","97%","0%"
"*065ji*","Jakob Marsee","MIA","CF,OF","273","ELLY","25","10,900,000","A","65.27","78%","-2%"
"*05zh9*","Luke Keaschall","MIN","2B,RF,OF","274","ELLY","23","1,000,000","A","65.24","86%","0%"
"*02bx4*","Clay Holmes","NYM","SP","275","Kai","33","5,000,000","A","65.21","78%","+2%"
"*02n96*","Josh Hader","HOU","RP","276","B&A","32","8,000,000","A","65.13","97%","0%"
"*04y95*","JJ Bleday","CIN","LF,CF,RF,OF","277","Kai","28","6,400,000","A","64.95","76%","0%"
"*03btu*","Willi Castro","COL","1B,2B,3B,SS,LF,RF,OF","278","FA","29","100,000","A","64.83","64%","-4%"
"*05uo2*","Logan Henderson","MIL","SP","279","ELLY","24","100,000","A","64.78","89%","0%"
"*05jpd*","Ian Seymour","TB","RP","280","C&G","27","3,000,000","A","64.59","84%","-1%"
"*02z0s*","Aaron Judge","NYY","RF,OF,DH","281","JD","34","26,800,000","A","64.43","99%","0%"
"*04pmg*","Jonathan Bowlan","PHI","RP","282","FA","29","100,000","A","64.35","10%","+3%"
"*05yb8*","Chad Patrick","MIL","SP","283","J&A","27","4,000,000","A","64.25","52%","-1%"
"*04s1g*","Gabriel Moreno","ARI","C","284","Steve","26","7,500,000","A","64.25","78%","-1%"
"*06491*","Orion Kerkering","PHI","RP","285","C&G","25","500,000","A","64.24","31%","0%"
"*05r3a*","Brandon Young","BAL","SP","286","ELLY","27","200,000","A","64.17","64%","-1%"
"*04mn5*","Alec Bohm","PHI","3B","287","J&A","29","5,000,000","A","63.97","68%","-2%"
"*06mi0*","Bryan King","HOU","RP","288","J&A","29","4,000,000","A","63.74","39%","-2%"
"*04xne*","Yoendrys Gomez","MIN","RP","289","FA","26","100,000","A","63.7","55%","+1%"
"*0629b*","Walbert Urena","LAA","SP","290","Zack","22","100,000","A","63.67","66%","-2%"
"*01usi*","Marcell Ozuna","PIT","DH","291","Brenden","35","4,000,000","A","63.63","29%","-1%"
"*05y5d*","Bradgley Rodriguez","SD","RP","292","FA","22","100,000","A","63.55","16%","0%"
"*04eej*","Gavin Sheets","SD","1B,LF,OF,DH","293","C&G","30","100,000","A","63.52","56%","-4%"
"*06dsa*","Kyle Karros","COL","3B","294","B&A","23","400,000","A","63.51","62%","+1%"
"*01s9c*","Randal Grichuk","CHW","LF,RF,OF,DH","295","FA","34","100,000","A","63.44","6%","-1%"
"*03svw*","Bryan Hudson","CHW","RP","296","FA","29","100,000","A","63.41","12%","-1%"
"*060ml*","Huascar Brazoban","NYM","RP","297","FA","36","100,000","A","63.2","14%","-1%"
"*05gwy*","Masyn Winn","STL","SS","298","B&A","24","1,500,000","A","63.12","61%","-2%"
"*05yam*","Riley Martin","CHC","RP","299","FA","28","100,000","A","63.03","2%","0%"
"*03sef*","Seth Lugo","KC","SP","300","R&J","36","2,200,000","A","62.85","77%","-3%"
"*0376h*","Tyler Alexander","TEX","RP","301","C&G","32","100,000","A","62.74","19%","-1%"
"*06ekq*","Zach Thornton","NYM","SP","302","Max","24","1,000,000","A","62.58","42%","+6%"
"*06apx*","Trey Yesavage","TOR","SP","303","Brenden","22","500,000","A","62.5","97%","0%"
"*05133*","Andre Pallante","STL","SP","304","ELLY","27","100,000","A","62.36","70%","-3%"
"*05jrv*","Will Klein","LAD","RP","305","FA","26","100,000","A","62.35","20%","-1%"
"*041r5*","Dustin May","STL","SP","306","R&J","28","100,000","A","62.31","77%","-1%"
"*04cd5*","MacKenzie Gore","TEX","SP","307","Max","27","2,400,000","A","62.12","95%","-1%"
"*02mwd*","Paul Blackburn","NYY","RP","308","FA","32","100,000","A","62.09","5%","+1%"
"*03y4y*","Enyel De Los Santos","HOU","RP","309","FA","30","100,000","A","61.85","10%","0%"
"*04q2n*","Adley Rutschman","BAL","C,DH","310","Steve","28","22,500,000","A","61.76","97%","0%"
"*05rc3*","Masataka Yoshida","BOS","DH","311","FA","33","100,000","A","61.76","15%","+1%"
"*04pzi*","Evan Sisk","PIT","RP","312","FA","29","100,000","A","61.7","5%","0%"
"*0403o*","Andres Munoz","SEA","RP","313","JD","27","12,000,000","A","61.38","96%","0%"
"*04y78*","Jacob Waguespack","DET","RP","314","FA","32","100,000","A","61.34","1%","0%"
"*05gww*","Cade Horton","CHC","SP","315","Steve","24","1,000,000","A","61.34","64%","0%"
"*03pdw*","Andrew Benintendi","CHW","LF,OF,DH","316","Ethan","32","3,000,000","A","61.31","30%","-1%"
"*024m0*","Jose Altuve","HOU","2B,LF,OF,DH","317","Zack","36","11,000,000","A","61.27","93%","0%"
"*01spo*","Gerrit Cole","NYY","SP","318","ELLY","35","25,100,000","A","61.25","98%","0%"
"*05j8o*","Angel Chivilli","NYY","RP","319","FA","23","100,000","A","61.24","3%","0%"
"*04y97*","Kyle Stowers","MIA","1B,LF,RF,OF","320","ELLY","28","25,300,000","A","61.18","92%","-1%"
"*062ob*","Jose Ferrer","SEA","RP","321","Brian","26","1,500,000","A","61.11","27%","-1%"
"*05rbs*","Moises Ballesteros","CHC","DH","322","T","22","16,100,000","A","61.09","49%","-1%"
"*04y76*","Jacob Webb","CHC","RP","323","FA","32","100,000","A","61.01","30%","+4%"
"*03qr0*","Cedric Mullins","TB","CF,OF","324","FA","31","100,000","A","60.87","42%","-5%"
"*0433b*","Ildemaro Vargas","ARI","1B,2B","325","FA","35","100,000","A","60.78","39%","-3%"
"*03ppa*","A.J. Minter","NYM","RP","326","FA","32","100,000","A","60.76","10%","0%"
"*05161*","Dominic Canzone","SEA","RF,OF,DH","327","FA","28","100,000","A","60.7","65%","-1%"
"*03qmm*","Jovani Moran","BOS","RP","328","FA","29","100,000","A","60.67","5%","+1%"
"*01ual*","Paul Goldschmidt","NYY","1B,DH","329","T","38","11,500,000","A","60.64","52%","-11%"
"*05142*","Garrett Stallings","MIL","RP","330","FA","28","100,000","A","60.59","1%","0%"
"*031k3*","Trent Thornton","CHC","RP","331","FA","32","100,000","A","60.51","4%","+1%"
"*04ak5*","Trevor Rogers","BAL","SP","332","Kai","28","5,000,000","A","60.43","90%","0%"
"*064no*","Spencer Miles","TOR","SP","333","FA","25","100,000","A","60.39","29%","0%"
"*06l4y*","Logan VanWey","HOU","RP","334","FA","27","100,000","A","60.35","1%","0%"
"*05u3u*","Konnor Griffin","PIT","SS","335","J&A","20","500,000","A","60.34","93%","-3%"
"*051d0*","Troy Johnston","COL","1B,LF,RF,OF,DH","336","R&J","29","200,000","A","60.33","50%","-3%"
"*04pqo*","Braydon Fisher","TOR","RP","337","FA","25","100,000","A","60.22","22%","-1%"
"*05rb4*","Sam Bachman","LAA","RP","338","FA","26","100,000","A","59.98","20%","-3%"
"*041e2*","Mickey Moniak","COL","LF,CF,RF,OF,DH","339","J&A","28","5,000,000","A","59.78","91%","-1%"
"*03qju*","Garrett Cleavinger","TB","RP","340","JD","32","4,000,000","A","59.78","34%","+1%"
"*04cwf*","Shane Baz","BAL","SP","341","Ethan","27","5,000,000","A","59.74","87%","-1%"
"*05y2l*","Emmet Sheehan","LAD","SP","342","T","26","14,300,000","A","59.74","91%","0%"
"*05zde*","Travis Bazzana","CLE","2B","343","Brian","23","500,000","A","59.65","88%","-1%"
"*05ub0*","Zack Gelof","ATH","2B,3B,CF,OF","344","C&G","26","500,000","A","59.6","77%","-5%"
"*05ydz*","Tristan Peters","CHW","CF,RF,OF","345","FA","26","100,000","A","59.51","36%","+2%"
"*061jc*","Tim Herrin","CLE","RP","346","FA","29","100,000","A","59.46","9%","-3%"
"*05yaf*","Jacob Young","WSH","CF,OF","347","FA","26","100,000","A","59.44","24%","-2%"
"*05yaz*","Will Warren","NYY","SP","348","C&G","27","1,500,000","A","59.05","91%","-3%"
"*05135*","Jake Mangum","PIT","LF,CF,RF,OF","349","Ethan","30","4,000,000","A","58.99","43%","+1%"
"*03pzn*","Andres Gimenez","TOR","2B,SS","350","Brenden","27","4,000,000","A","58.99","54%","-2%"
"*04y9f*","Ryan Zeferjahn","LAA","RP","351","FA","28","100,000","A","58.81","12%","0%"
"*03ann*","Jeff Hoffman","TOR","RP","352","JD","33","3,000,000","A","58.79","66%","-1%"
"*03d6s*","Matt Chapman","SF","3B","353","Brian","33","11,000,000","A","58.73","81%","-2%"
"*04pps*","Hogan Harris","ATH","RP","354","FA","29","100,000","A","58.68","40%","-2%"
"*051ia*","Spencer Horwitz","PIT","1B","355","JD","28","400,000","A","58.67","59%","-1%"
"*05jsg*","Owen Caissie","MIA","RF,OF","356","J&A","24","14,000,000","A","58.57","60%","-3%"
"*05y2k*","Mason Montgomery","PIT","RP","357","Ethan","26","1,000,000","A","58.52","24%","+1%"
"*04efa*","Daulton Varsho","TOR","CF,OF","358","B&A","30","6,300,000","A","58.35","70%","-3%"
"*04psr*","David Fry","CLE","LF,RF,OF,DH","359","Steve","30","200,000","A","58.15","6%","0%"
"*04naz*","Tyler Holton","DET","RP","360","Brian","30","1,500,000","A","57.95","14%","0%"
"*05yj1*","Nolan Schanuel","LAA","1B","361","R&J","24","1,500,000","A","57.92","51%","0%"
"*05gwt*","Jake Eder","(N/A)","SP","362","FA","27","100,000","A","57.91","3%","0%"
"*05wxw*","Gordon Graceffo","STL","RP","363","FA","26","100,000","A","57.88","9%","0%"
"*03duu*","Ryan Thompson","ARI","RP","364","FA","34","100,000","A","57.82","7%","0%"
"*03whq*","Ty France","SD","1B","365","FA","32","100,000","A","57.81","15%","0%"
"*05y0j*","Spencer Arrighetti","HOU","SP","366","J&A","26","5,000,000","A","57.8","79%","-6%"
"*041x9*","Graham Ashcraft","CIN","RP","367","JD","28","100,000","A","57.77","22%","0%"
"*041s4*","Lake Bachar","MIA","RP","368","FA","31","100,000","A","57.68","7%","0%"
"*03d7h*","Mitch Keller","PIT","SP","369","Ethan","30","5,000,000","A","57.66","77%","-3%"
"*05a29*","Carmen Mlodzinski","PIT","RP","370","FA","27","100,000","A","57.57","30%","0%"
"*03pzo*","Leody Taveras","BAL","CF,RF,OF","371","FA","27","100,000","A","57.54","15%","-1%"
"*04eos*","Joey Cantillo","CLE","RP","372","Kai","26","4,000,000","A","57.43","88%","0%"
"*02i11*","Jorge Soler","LAA","RF,OF,DH","373","FA","34","100,000","A","57.42","50%","-3%"
"*050ih*","Jhony Brito","SD","RP","374","FA","28","100,000","A","57.37","3%","-2%"
"*0425t*","Bailey Ober","MIN","SP","375","B&A","31","4,000,000","A","57.31","74%","0%"
"*02mxf*","Carson Kelly","CHC","C","376","Steve","32","200,000","A","57.23","52%","-2%"
"*03dap*","Brock Burke","CIN","RP","377","FA","29","100,000","A","57.16","7%","0%"
"*04y8z*","Erik Miller","SF","RP","378","FA","28","100,000","A","57.14","9%","0%"
"*060pi*","Alimber Santa","HOU","RP","379","FA","23","100,000","A","57.11","5%","0%"
"*066du*","Brad Lord","WSH","RP","380","FA","26","100,000","A","57.07","24%","-4%"
"*03qm8*","JT Brubaker","SF","RP","381","FA","32","100,000","A","56.91","4%","0%"
"*03mle*","Joe Mantiply","TOR","RP","382","FA","35","100,000","A","56.9","1%","0%"
"*03d6p*","Grant Holmes","ATL","SP","383","Zack","30","500,000","A","56.77","63%","+1%"
"*05oqe*","Ty Madden","DET","SP","384","Max","26","600,000","A","56.76","19%","0%"
"*06fwg*","Khristian Curtis","PIT","SP","385","FA","24","100,000","A","56.73","9%","+2%"
"*05xpq*","Christian Scott","NYM","SP","386","R&J","27","1,500,000","A","56.72","59%","+3%"
"*0312l*","Brad Keller","PHI","RP","387","T","30","300,000","A","56.71","26%","-2%"
"*0310z*","J.P. Crawford","SEA","3B,SS","388","Brian","31","4,000,000","A","56.7","47%","-1%"
"*03rmz*","Keibert Ruiz","WSH","C","389","Brian","27","100,000","A","56.56","50%","-3%"
"*031bl*","Kyle Finnegan","DET","RP","390","Steve","34","5,000,000","A","56.55","33%","0%"
"*04pvq*","PJ Poulin","WSH","RP","391","FA","29","100,000","A","56.54","7%","-1%"
"*0516n*","Isaac Collins","KC","LF,OF","392","FA","28","100,000","A","56.5","24%","0%"
"*02zoa*","Antonio Senzatela","COL","SP","393","Brian","31","500,000","A","56.49","37%","-3%"
"*061t3*","Brennan Bernardino","COL","RP","394","FA","34","100,000","A","56.49","3%","0%"
"*01fhm*","Martin Perez","ATL","SP","395","FA","35","100,000","A","56.45","39%","-3%"
"*04mra*","Ezequiel Tovar","COL","SS","396","JD","24","5,000,000","A","56.42","53%","-1%"
"*05y5l*","Franco Aleman","CLE","RP","397","FA","26","100,000","A","56.39","7%","+1%"
"*04yib*","Brett Baty","NYM","1B,2B,3B,RF,OF","398","ELLY","26","7,300,000","A","56.31","45%","+2%"
"*04yid*","Ryne Nelson","ARI","SP","399","B&A","28","5,000,000","A","56.27","52%","-1%"
"*04coa*","Trevor Richards","CHW","RP","400","FA","33","100,000","A","56.15","1%","0%"
"*041ts*","Luke Raley","SEA","1B,RF,OF","401","C&G","31","500,000","A","56.03","42%","-3%"
"*05h2u*","Jared Jones","PIT","SP","402","Steve","24","11,100,000","A","55.96","83%","+2%"
"*04q3y*","Grant Anderson","MIL","RP","403","FA","29","100,000","A","55.9","6%","0%"
"*04ddz*","Yohan Ramirez","PIT","RP","404","FA","31","100,000","A","55.88","9%","0%"
"*0649e*","A.J. Blubaugh","HOU","RP","405","FA","26","100,000","A","55.86","15%","-1%"
"*06308*","William Kempner","MIA","RP","406","FA","25","100,000","A","55.84","3%","0%"
"*04up9*","Heriberto Hernandez","MIA","LF,OF,DH","407","FA","26","100,000","A","55.73","40%","+3%"
"*031dd*","Tim Mayza","PHI","RP","408","FA","34","100,000","A","55.71","4%","0%"
"*04g7n*","Oswald Peraza","LAA","1B,2B,3B","409","FA","26","100,000","A","55.69","24%","-2%"
"*04ydd*","Angel Martinez","CLE","2B,LF,CF,RF,OF","410","Zack","24","1,700,000","A","55.68","59%","-1%"
"*05u2q*","Blade Tidwell","SF","SP","411","FA","25","100,000","A","55.59","16%","0%"
"*04022*","Tim Hill","NYY","RP","412","FA","36","100,000","A","55.53","9%","0%"
"*04pvs*","Blaze Alexander","BAL","2B,3B,SS,OF","413","JD","27","100,000","A","55.52","40%","-4%"
"*05jq2*","Andrew Abbott","CIN","SP","414","J&A","27","5,000,000","A","55.51","87%","-1%"
"*025he*","George Springer","TOR","RF,OF,DH","415","Brenden","36","5,100,000","A","55.51","86%","-1%"
"*0317q*","Griffin Jax","TB","RP","416","R&J","31","4,400,000","A","55.38","82%","0%"
"*01cdf*","Giancarlo Stanton","NYY","RF,OF,DH","417","ELLY","36","2,000,000","A","55.33","67%","-1%"
"*03dei*","Lane Thomas","KC","LF,CF,RF,OF","418","FA","30","100,000","A","55.32","31%","+3%"
"*05jnq*","Clayton Beeter","WSH","RP","419","C&G","27","700,000","A","55.31","39%","-1%"
"*02n0v*","Hoby Milner","CHC","RP","420","FA","35","100,000","A","55.27","4%","0%"
"*066dd*","Samy Natera Jr.","LAA","RP","421","FA","26","100,000","A","55.19","6%","0%"
"*0421q*","Greg Weissert","BOS","RP","422","FA","31","100,000","A","55.07","4%","0%"
"*05rb1*","Sal Frelick","MIL","RF,OF","423","Zack","26","20,100,000","A","55.03","56%","-2%"
"*04ehz*","Jeremiah Estrada","SD","RP","424","Zack","27","4,000,000","A","55.02","41%","0%"
"*047sh*","Wandy Peralta","SD","RP","425","FA","34","100,000","A","54.98","4%","0%"
"*03wha*","Ronald Acuna Jr.","ATL","RF,OF","426","Steve","28","44,000,000","A","54.87","99%","0%"
"*025i9*","J.T. Realmuto","PHI","C","427","Ethan","35","3,000,000","A","54.86","51%","0%"
"*02bu9*","Marcus Semien","NYM","2B","428","C&G","35","5,000,000","A","54.77","55%","-1%"
"*02n4s*","Matthew Boyd","CHC","SP","429","JD","35","12,000,000","A","54.68","87%","0%"
"*03pov*","Brady Singer","CIN","SP","430","Ethan","29","5,000,000","A","54.62","59%","+1%"
"*04ew7*","Aaron Ashby","MIL","RP","431","C&G","28","1,500,000","A","54.61","68%","-1%"
"*04aeh*","DL Hall","MIL","RP","432","Brian","27","1,500,000","A","54.59","10%","0%"
"*0689r*","Yuki Matsui","SD","RP","433","FA","30","100,000","A","54.52","6%","0%"
"*04px6*","Cooper Criswell","SEA","RP","434","FA","29","100,000","A","54.48","4%","0%"
"*04pks*","Matt McLain","CIN","2B,SS","435","J&A","26","11,500,000","A","54.47","62%","-4%"
"*02c2r*","Carlos Rodon","NYY","SP","436","Ethan","33","5,000,000","A","54.46","92%","-1%"
"*03qub*","Grant Wolfram","BAL","RP","437","FA","29","100,000","A","54.18","4%","0%"
"*04auk*","Seranthony Dominguez","CHW","RP","438","Kai","31","3,000,000","A","54.14","60%","-4%"
"*04elu*","Tom Cosgrove","WSH","RP","439","FA","30","100,000","A","54.14","1%","0%"
"*05oyx*","Peyton Gray","TEX","RP","440","FA","31","100,000","A","54.1","8%","-1%"
"*030vs*","Kirby Yates","LAA","RP","441","FA","39","100,000","A","54.1","22%","0%"
"*01s9k*","Starling Marte","KC","RF,OF,DH","442","FA","37","100,000","A","54.07","4%","0%"
"*02xic*","Teoscar Hernandez","LAD","LF,RF,OF","443","Steve","33","8,000,000","A","54.06","94%","-1%"
"*05g3x*","Maikel Garcia","KC","3B,SS","444","B&A","26","17,500,000","A","54.06","95%","0%"
"*0519c*","Orlando Ribalta","WSH","RP","445","FA","28","100,000","A","54.01","3%","0%"
"*02btf*","Mookie Betts","LAD","SS","446","Brian","33","30,000,000","A","54","99%","0%"
"*0311f*","Victor Caratini","MIN","C,1B,DH","447","FA","32","100,000","A","53.76","25%","-4%"
"*041t2*","Brooks Kriske","ATH","RP","448","FA","32","100,000","A","53.69","0%","0%"
"*02nb6*","Drew Anderson","DET","SP","449","FA","32","100,000","A","53.61","14%","-1%"
"*04pr1*","Steven Kwan","CLE","LF,CF,OF","450","Kai","28","6,360,000","A","53.6","72%","-1%"
"*05184*","Vinnie Pasquantino","KC","1B,DH","451","C&G","28","6,840,000","A","53.54","89%","-1%"
"*05xtz*","Dalton Rushing","LAD","C","452","Brenden","25","1,000,000","A","53.48","64%","-2%"
"*05ubl*","Gabriel Hughes","COL","SP","453","FA","24","100,000","A","53.47","19%","+3%"
"*05y30*","Justin Crawford","PHI","LF,CF,OF","454","R&J","22","500,000","A","53.42","59%","0%"
"*04qnc*","Francisco Alvarez","NYM","C,DH","455","Ethan","24","8,500,000","A","53.41","62%","-1%"
"*05xpp*","Chad Dallas","TOR","SP","456","FA","26","100,000","A","53.36","3%","0%"
"*05js5*","Coby Mayo","BAL","1B,3B,DH","457","C&G","24","1,000,000","A","53.32","41%","-1%"
"*04fq2*","Javier Assad","CHC","SP","458","FA","28","100,000","A","53.29","34%","-4%"
"*05a1s*","Eddy Yean","WSH","RP","459","FA","25","100,000","A","53.22","1%","0%"
"*041yb*","Dean Kremer","BAL","SP","460","Zack","30","100,000","A","53.09","54%","-5%"
"*04aeb*","Royce Lewis","MIN","1B,3B","461","Zack","27","5,500,000","A","53.08","75%","0%"
"*02i3o*","Aaron Nola","PHI","SP","462","JD","33","11,100,000","A","53.04","78%","0%"
"*03pix*","Tyler Stephenson","CIN","C,DH","463","C&G","29","400,000","A","52.99","30%","-1%"
"*041z3*","John Schreiber","KC","RP","464","FA","32","100,000","A","52.93","5%","0%"
"*0313t*","Tyler Kinley","ATL","RP","465","FA","35","100,000","A","52.89","9%","0%"
"*04mlh*","Ryan Rolison","CHC","RP","466","FA","29","100,000","A","52.88","6%","-1%"
"*05t9g*","Gage Jump","ATH","SP","467","J&A","23","500,000","A","52.85","75%","-2%"
"*04ppj*","Jeremy Pena","HOU","SS","468","T","28","6,000,000","A","52.84","94%","0%"
"*05gwu*","Dax Fulton","MIA","SP","469","FA","24","100,000","A","52.79","7%","0%"
"*04ejp*","James Karinchak","ATL","RP","470","FA","30","100,000","A","52.76","2%","0%"
"*06qwb*","Jose Fermin","LAA","RP","471","FA","24","100,000","A","52.76","2%","0%"
"*06dn7*","A.J. Ewing","NYM","CF,OF","472","B&A","21","500,000","A","52.67","70%","0%"
"*04pvu*","Stephen Kolek","KC","SP","473","FA","29","100,000","A","52.65","38%","-4%"
"*04tk1*","Slade Cecconi","CLE","SP","474","Kai","27","4,000,000","A","52.65","47%","-4%"
"*04ee8*","Heliot Ramos","SF","LF,OF","475","J&A","26","9,000,000","A","52.5","77%","-1%"
"*04b01*","Tomoyuki Sugano","COL","SP","476","FA","36","100,000","A","52.49","27%","-1%"
"*05139*","Michael Massey","KC","2B","477","FA","28","100,000","A","52.48","16%","0%"
"*03i81*","Reynaldo Lopez","ATL","SP","478","R&J","32","2,200,000","A","52.39","61%","-4%"
"*05mdt*","Evan Carter","TEX","CF,OF","479","B&A","23","1,500,000","A","52.39","56%","-1%"
"*060pm*","Wyatt Langford","TEX","LF,CF,OF","480","Steve","24","1,500,000","A","52.28","98%","0%"
"*04pmb*","Kris Bubic","KC","SP","481","B&A","28","5,000,000","A","52.19","83%","-1%"
"*02jh6*","Eugenio Suarez","CIN","3B,DH","482","FA","35","100,000","A","52.17","82%","-1%"
"*04ggi*","Andrew Kittredge","BAL","RP","483","Steve","36","4,000,000","A","52.09","18%","+2%"
"*04azu*","Kumar Rocker","TEX","SP","484","C&G","26","500,000","A","52.06","51%","-4%"
"*0319c*","Mark Leiter Jr.","ATH","RP","485","FA","35","100,000","A","52.05","6%","0%"
"*041rp*","Easton McGee","KC","SP","486","FA","28","100,000","A","52.03","1%","0%"
"*04q08*","Kyle Leahy","STL","RP","487","Zack","29","100,000","A","51.96","44%","-1%"
"*05xsm*","Chase Silseth","LAA","RP","488","FA","26","100,000","A","51.86","8%","0%"
"*03dc4*","Freddy Peralta","NYM","SP","489","T","30","7,500,000","A","51.77","96%","-1%"
"*06qcs*","Jonathan Pintaro","NYM","SP","490","FA","28","100,000","A","51.75","1%","0%"
"*066cf*","Zebby Matthews","MIN","SP","491","JD","26","1,000,000","A","51.72","67%","-3%"
"*05u6p*","Brant Hurter","DET","RP","492","FA","27","100,000","A","51.53","8%","0%"
"*05249*","Austin Martin","MIN","LF,RF,OF","493","J&A","27","200,000","A","51.52","18%","-1%"
"*03deu*","Brock Stewart","LAD","RP","494","FA","34","100,000","A","51.45","4%","0%"
"*05gdz*","Roki Sasaki","LAD","SP","495","T","24","23,000,000","A","51.29","84%","-1%"
"*04zay*","Kai-Wei Teng","HOU","SP","496","FA","27","100,000","A","51.26","18%","-1%"
"*04bpj*","Taylor Walls","TB","SS","497","FA","30","100,000","A","51.24","9%","-1%"
"*064n8*","Nathan Church","STL","LF,CF,OF","498","JD","26","100,000","A","51.07","21%","-3%"
"*0427a*","Casey Legumina","TB","RP","499","FA","29","100,000","A","51.06","2%","0%"
"*05y40*","Eduardo Rivera","BOS","SP","500","FA","23","100,000","A","51.05","17%","0%"
"*03nuc*","Luis Castillo","SEA","SP","501","Brian","33","16,000,000","A","51.02","79%","-2%"
"*02n2v*","Anthony Banda","MIN","RP","502","FA","32","100,000","A","50.99","5%","-1%"
"*04my4*","Cal Raleigh","SEA","C,DH","503","J&A","29","6,000,000","A","50.87","99%","0%"
"*041tl*","Matt Festa","CLE","RP","504","FA","33","100,000","A","50.77","4%","0%"
"*051h5*","Ben Peoples","TEX","RP","505","FA","25","100,000","A","50.71","1%","0%"
"*0518g*","Trevor McDonald","SF","SP","506","Zack","25","1,100,000","A","50.7","33%","-7%"
"*03qt6*","Tyler Phillips","MIA","RP","507","FA","28","100,000","A","50.69","22%","-2%"
"*03dbu*","Sam Hentges","SF","RP","508","FA","30","100,000","A","50.62","2%","0%"
"*051em*","Kerry Carpenter","DET","LF,RF,OF,DH","509","J&A","28","6,000,000","A","50.6","67%","-3%"
"*01svz*","Kenley Jansen","DET","RP","510","FA","38","100,000","A","50.56","74%","0%"
"*065uw*","Tyler Schweitzer","CHW","RP","511","FA","25","100,000","A","50.53","1%","0%"
"*0622t*","Jacob Wilson","ATH","SS","512","Kai","24","1,000,000","A","50.49","88%","0%"
"*05ybh*","Garrett Acton","MIN","RP","513","FA","28","100,000","A","50.48","1%","0%"
"*0515v*","David Hamilton","MIL","2B,3B,SS","514","FA","28","100,000","A","50.46","20%","-2%"
"*04q1w*","Caleb Kilian","SF","RP","515","FA","29","100,000","A","50.42","33%","-4%"
"*0648y*","Mason Fluharty","TOR","RP","516","FA","24","100,000","A","50.37","9%","-1%"
"*05ycf*","Noah Cameron","KC","SP","517","R&J","27","1,000,000","A","50.3","74%","-1%"
"*02hfr*","Caleb Thielbar","CHC","RP","518","FA","39","100,000","A","50.26","8%","-1%"
"*05173*","Alec Gamboa","BOS","P","519","FA","29","100,000","A","50.24","1%","0%"
"*05u96*","Bryce Eldridge","SF","1B,DH","520","J&A","21","500,000","A","50.18","81%","-1%"
"*062ho*","Javier Sanoja","MIA","2B,3B,LF,OF,P","521","JD","23","100,000","A","50.18","35%","-7%"
"*03d6w*","Jack Flaherty","DET","SP","522","JD","30","4,700,000","A","50.1","78%","0%"
"*057n0*","Anthony Nunez","BAL","RP","523","FA","25","100,000","A","50.09","10%","-1%"
"*02xid*","Albert Suarez","BAL","RP","524","FA","36","100,000","A","50.07","3%","0%"
"*02z96*","Dominic Smith","ATL","1B,DH","525","FA","31","100,000","A","49.95","18%","-1%"
"*02hhj*","Ryne Stanek","STL","RP","526","FA","34","100,000","A","49.88","11%","-1%"
"*041mb*","Anthony Kay","CHW","SP","527","FA","31","100,000","A","49.87","40%","-2%"
"*05u6r*","Robert Gasser","MIL","SP","528","FA","27","100,000","A","49.85","38%","-2%"
"*06l49*","Eiberson Castellano","COL","RP","529","FA","25","100,000","A","49.75","2%","0%"
"*02of2*","Carl Edwards Jr.","DET","RP","530","FA","34","100,000","A","49.7","0%","0%"
"*02x0f*","Sean Manaea","NYM","SP","531","Steve","34","7,000,000","A","49.6","42%","0%"
"*04pmu*","Ryan Jeffers","MIN","C,DH","532","Brian","29","2,500,000","A","49.58","79%","0%"
"*041vj*","Julian Garcia","CIN","SP","533","FA","31","100,000","A","49.56","2%","0%"
"*04q0r*","Dylan Smith","SF","RP","534","FA","26","100,000","A","49.48","4%","0%"
"*0515h*","Xzavion Curry","NYM","SP","535","FA","27","100,000","A","49.46","0%","0%"
"*04o10*","Joel Peguero","SF","RP","536","FA","29","100,000","A","49.45","3%","0%"
"*031dw*","Mike Yastrzemski","ATL","LF,RF,OF","537","FA","35","100,000","A","49.42","21%","-1%"
"*041xv*","Nathaniel Lowe","CIN","1B,DH","538","FA","31","100,000","A","49.31","22%","-2%"
"*04up8*","Lazaro Estrada","TOR","RP","539","FA","27","100,000","A","49.27","2%","0%"
"*04pun*","Tanner Andrews","TOR","RP","540","FA","30","100,000","A","49.26","0%","0%"
"*06fzq*","Craig Yoho","MIL","SP","541","FA","26","100,000","A","49.15","12%","0%"
"*02bve*","Blake Treinen","LAD","RP","542","Brian","38","3,000,000","A","49.1","8%","0%"
"*03zcy*","Mark Vientos","NYM","1B,3B,DH","543","Kai","26","3,000,000","A","49.06","37%","-2%"
"*05itb*","Randy Vasquez","SD","SP","544","Zack","27","100,000","A","49.02","46%","-3%"
"*066n1*","Justin Sterner","ATH","RP","545","FA","29","100,000","A","49","15%","-2%"
"*01srb*","Jameson Taillon","CHC","SP","546","J&A","34","200,000","A","48.9","42%","0%"
"*04ek8*","Connor Brogdon","CLE","RP","547","FA","31","100,000","A","48.83","2%","0%"
"*04ppk*","Richie Palacios","TB","2B,LF,OF","548","FA","29","100,000","A","48.77","10%","0%"
"*031ey*","Eric Lauer","LAD","SP","549","FA","31","100,000","A","48.74","34%","-4%"
"*05xud*","Brett Kerry","LAA","SP","550","FA","27","100,000","A","48.65","1%","0%"
"*03poq*","Tony Santillan","CIN","RP","551","B&A","29","4,000,000","A","48.62","28%","-1%"
"*03cav*","Brent Suter","LAA","RP","552","FA","36","100,000","A","48.59","3%","0%"
"*0512q*","Justin Slaten","BOS","RP","553","FA","28","100,000","A","48.58","11%","+2%"
"*04prt*","Lawrence Butler","ATH","CF,RF,OF","554","Zack","26","7,200,000","A","48.56","57%","-2%"
"*02hdy*","Pierce Johnson","CIN","RP","555","FA","35","100,000","A","48.55","4%","0%"
"*04ehi*","Tyler Zuber","MIA","RP","556","FA","31","100,000","A","48.46","1%","0%"
"*0423c*","Carlos Cortes","ATH","LF,RF,OF,DH,P","557","FA","29","100,000","A","48.42","23%","-1%"
"*031hc*","Cole Sulser","TB","RP","558","JD","36","200,000","A","48.4","5%","+1%"
"*05k3i*","Justin Bruihl","STL","RP","559","FA","29","100,000","A","48.35","1%","0%"
"*05raz*","Chase Petty","CIN","SP","560","FA","23","100,000","A","48.32","24%","0%"
"*0515o*","Brandon Sproat","MIL","SP","561","Max","25","500,000","A","48.17","62%","-5%"
"*06bs4*","Daniel Schneemann","CLE","2B,3B,CF,RF,OF","562","FA","29","100,000","A","48.1","21%","-1%"
"*03nru*","Jesus Sanchez","TOR","LF,RF,OF","563","J&A","28","200,000","A","47.99","38%","-1%"
"*04efc*","Tyler Freeman","COL","2B,RF,OF,DH","564","FA","27","100,000","A","47.99","18%","-1%"
"*05yj3*","Josh Ekness","MIA","RP","565","FA","24","100,000","A","47.98","5%","0%"
"*04etg*","Janson Junk","MIA","SP","566","FA","30","100,000","A","47.94","28%","0%"
"*04pmt*","Jeremiah Jackson","BAL","2B,RF,OF","567","FA","26","100,000","A","47.9","18%","-1%"
"*02bzn*","Colin Rea","CHC","SP","568","FA","36","100,000","A","47.81","38%","0%"
"*02i3l*","Miguel Andujar","SD","3B,LF,OF,DH","569","FA","31","100,000","A","47.7","20%","0%"
"*06m7f*","Welinton Herrera","COL","RP","570","FA","22","100,000","A","47.63","2%","0%"
"*03de9*","Rhys Hoskins","CLE","1B,DH","571","FA","33","100,000","A","47.57","16%","0%"
"*04y94*","Jonny DeLuca","TB","CF,RF,OF","572","Brenden","28","100,000","A","47.54","14%","-1%"
"*05ras*","Colton Cowser","BAL","LF,CF,RF,OF","573","Brian","26","1,500,000","A","47.53","49%","-3%"
"*05lg3*","Brandon Pfaadt","ARI","SP","574","Ethan","27","4,000,000","A","47.46","54%","+3%"
"*05yj0*","Chase Dollander","COL","SP","575","Ethan","24","1,000,000","A","47.4","48%","-1%"
"*03yxh*","Cal Quantrill","TEX","SP","576","FA","31","100,000","A","47.38","11%","0%"
"*04mlx*","Matthew Liberatore","STL","SP","577","C&G","26","500,000","A","47.38","48%","0%"
"*066b1*","Cameron Weston","BAL","SP","578","FA","25","100,000","A","47.38","2%","0%"
"*04y6o*","Guillo Zuniga","NYM","RP","579","FA","27","100,000","A","47.38","0%","0%"
"*0422c*","Kyle Hart","SD","RP","580","FA","33","100,000","A","47.28","4%","0%"
"*03djb*","Jalen Beeks","TEX","RP","581","FA","33","100,000","A","47.25","4%","0%"
"*05u4l*","Daniel Palencia","CHC","RP","582","Max","26","5,000,000","A","47.23","77%","0%"
"*066f4*","Duncan Davitt","CHW","SP","583","FA","26","100,000","A","47.21","1%","0%"
"*02mzf*","Rob Refsnyder","SEA","LF,RF,OF,DH","584","FA","35","100,000","A","47.06","3%","0%"
"*03qld*","Jose Espada","BAL","RP","585","FA","29","100,000","A","46.95","0%","0%"
"*05joq*","Connor Prielipp","MIN","SP","586","Max","25","500,000","A","46.88","38%","-4%"
"*03pj4*","Cody Ponce","TOR","SP","587","FA","32","100,000","A","46.87","41%","0%"
"*0317o*","Jeff McNeil","ATH","2B,CF,OF","588","FA","34","100,000","A","46.74","28%","-1%"
"*05rcp*","Tommy Nance","MIN","RP","589","FA","35","100,000","A","46.69","2%","0%"
"*041uv*","Jesse Scholtens","TB","RP","590","FA","32","100,000","A","46.68","8%","0%"
"*031b2*","Jonah Heim","ATH","C,DH","591","FA","31","100,000","A","46.65","19%","-2%"
"*03zlf*","Luis Medina","ATH","SP","592","FA","27","100,000","A","46.63","6%","0%"
"*04ana*","Julian Fernandez","(N/A)","RP","593","FA","30","100,000","A","46.63","0%","0%"
"*04pqq*","Matt Vierling","DET","CF,RF,OF","594","FA","29","100,000","A","46.6","9%","0%"
"*04eqw*","Isaac Mattson","PIT","RP","595","FA","31","100,000","A","46.57","4%","0%"
"*0513c*","Joey Ortiz","MIL","3B,SS","596","Brian","28","1,500,000","A","46.55","22%","+1%"
"*04paj*","Cole Winn","TEX","RP","597","Kai","26","800,000","A","46.51","7%","0%"
"*05r1z*","Zack Kelly","BOS","RP","598","FA","31","100,000","A","46.45","1%","0%"
"*051dl*","Edouard Julien","COL","1B,2B","599","FA","27","100,000","A","46.3","12%","0%"
"*0514j*","Gavin Hollowell","CHC","RP","600","FA","28","100,000","A","46.22","1%","0%"
"*03dv0*","Zach Pop","MIA","RP","601","FA","29","100,000","A","46.17","1%","0%"
"*05144*","Hunter Brown","HOU","SP","602","FA","27","100,000","A","46.04","99%","0%"
"*02c47*","Shawn Armstrong","CLE","RP","603","FA","35","100,000","A","46.01","10%","0%"
"*060uk*","Jack Anderson","MIN","RP","604","FA","26","100,000","A","45.95","1%","0%"
"*0314j*","Ryan Yarbrough","NYY","RP","605","FA","34","100,000","A","45.92","6%","-1%"
"*0310n*","Ryan McMahon","NYY","3B","606","Ethan","31","2,000,000","A","45.92","25%","0%"
"*03qln*","Jimmy Herget","COL","RP","607","FA","32","100,000","A","45.84","7%","-1%"
"*0316j*","Nick Pivetta","SD","SP","608","C&G","33","5,000,000","A","45.8","85%","0%"
"*06dqd*","Ben Williamson","TB","2B,3B,SS,P","609","FA","25","100,000","A","45.79","12%","0%"
"*04pyp*","Kody Funderburk","MIN","RP","610","FA","29","100,000","A","45.75","3%","0%"
"*04mlr*","Jeffrey Springs","ATH","SP","611","Brenden","33","400,000","A","45.67","46%","-4%"
"*05oyw*","Nick Davila","SEA","RP","612","FA","27","100,000","A","45.65","1%","0%"
"*04q5s*","Ryan Fernandez","STL","RP","613","FA","28","100,000","A","45.65","2%","0%"
"*02hj7*","Merrill Kelly","ARI","SP","614","C&G","37","5,000,000","A","45.63","60%","0%"
"*05rik*","Bubba Chandler","PIT","SP","615","Steve","23","500,000","A","45.62","87%","-1%"
"*041g5*","Elvis Alvarado","ATH","RP","616","Zack","27","100,000","A","45.6","17%","-3%"
"*04ali*","Edward Cabrera","CHC","SP","617","Brenden","28","12,000,000","A","45.43","79%","-1%"
"*042sz*","Will Smith","LAD","C","618","Max","31","12,100,000","A","45.38","91%","0%"
"*04pqf*","Nick Fortes","TB","C","619","FA","29","100,000","A","45.24","13%","-1%"
"*05tzo*","J.R. Ritchie","ATL","SP","620","R&J","23","500,000","A","45.2","47%","-1%"
"*01t9q*","Gary Sanchez","MIL","C,DH","621","FA","33","100,000","A","44.97","20%","-1%"
"*0311r*","Sam Moll","CIN","RP","622","FA","34","100,000","A","44.93","2%","0%"
"*05r0r*","Enmanuel De Jesus","DET","SP","623","FA","29","100,000","A","44.92","4%","0%"
"*03ab0*","Luis Severino","ATH","SP","624","Max","32","800,000","A","44.88","43%","0%"
"*061cq*","Ryan Watson","BOS","RP","625","FA","28","100,000","A","44.84","1%","0%"
"*05rko*","Brandon Valenzuela","TOR","C","626","FA","25","100,000","A","44.82","16%","-1%"
"*05gsw*","Yerry De Los Santos","NYY","RP","627","FA","28","100,000","A","44.68","1%","0%"
"*05jq7*","Kyle Hurt","LAD","SP","628","Kai","28","1,700,000","A","44.65","11%","-4%"
"*0596e*","Dylan Crews","WSH","CF,RF,OF","629","Brenden","24","1,000,000","A","44.6","75%","-3%"
"*0518n*","Vaughn Grissom","LAA","1B,2B,3B","630","FA","25","100,000","A","44.57","19%","0%"
"*04q56*","Logan O'Hoppe","LAA","C","631","FA","26","100,000","A","44.52","40%","-2%"
"*05rcd*","Joe Mack","MIA","C","632","B&A","23","500,000","A","44.44","37%","-2%"
"*03aac*","Walker Buehler","SD","SP","633","FA","31","100,000","A","44.43","41%","-9%"
"*03d6n*","Erick Fedde","CHW","SP","634","FA","33","100,000","A","44.36","20%","0%"
"*03ca3*","Kyle Freeland","COL","SP","635","FA","33","100,000","A","44.32","15%","-1%"
"*05y7t*","Henry Bolte","ATH","CF,RF,OF","636","T","22","500,000","A","44.25","50%","-4%"
"*04aea*","Hunter Greene","CIN","SP","637","Zack","26","36,500,000","A","44.21","96%","0%"
"*02brc*","Adrian Houser","SF","SP","638","FA","33","100,000","A","44.2","16%","0%"
"*062pm*","Owen Murphy","ATL","SP","639","C&G","22","500,000","A","44.12","32%","+2%"
"*02buh*","Scott Barlow","KC","RP","640","FA","33","100,000","A","44.09","5%","0%"
"*04aq4*","Adolis Garcia","PHI","RF,OF","641","Brenden","33","5,000,000","A","43.9","42%","-1%"
"*03qlm*","Tyler Ferguson","CHC","RP","642","FA","32","100,000","A","43.81","2%","0%"
"*02mw6*","Corey Seager","TEX","SS","643","JD","32","26,200,000","A","43.79","94%","0%"
"*03dp8*","Ramon Laureano","SD","LF,CF,RF,OF","644","R&J","32","6,100,000","A","43.76","40%","-1%"
"*041wc*","Joel Kuhnel","MIL","RP","645","FA","31","100,000","A","43.72","7%","-1%"
"*05oxc*","Henry Davis","PIT","C","646","FA","26","100,000","A","43.6","12%","0%"
"*05jpk*","Joe Boyle","TB","SP","647","B&A","26","1,500,000","A","43.59","29%","-1%"
"*060u3*","Andrew Alvarez","WSH","SP","648","FA","27","100,000","A","43.58","22%","-4%"
"*05gx0*","Nick Loftin","KC","2B,3B,LF,OF","649","FA","27","100,000","A","43.58","15%","-1%"
"*04ekf*","Calvin Faucher","MIA","RP","650","FA","30","100,000","A","43.51","12%","-1%"
"*03qmr*","Nathan Lukes","TOR","LF,CF,RF,OF","651","FA","32","100,000","A","43.47","17%","-1%"
"*031d4*","Zack Littell","WSH","SP","652","FA","30","100,000","A","43.4","34%","-1%"
"*05rbw*","Esmerlyn Valdez","PIT","RF,OF","653","C&G","22","500,000","A","43.34","75%","+1%"
"*03ql5*","Ryan Helsley","BAL","RP","654","JD","32","13,600,000","A","43.3","78%","-4%"
"*041rq*","Brenan Hanifee","DET","RP","655","FA","28","100,000","A","43.3","2%","0%"
"*01c1g*","Andrew McCutchen","ATL","OF,DH","656","FA","39","100,000","A","43.25","3%","0%"
"*05r1t*","Kervin Castro","NYY","RP","657","FA","27","100,000","A","43.23","0%","0%"
"*04y9o*","Jack Leiter","TEX","SP","658","Zack","26","16,400,000","A","43.22","70%","-1%"
"*06qxg*","Tyler Davis","CHW","RP","659","FA","27","100,000","A","43.22","1%","0%"
"*04pw2*","Chase Shugart","PHI","RP","660","FA","29","100,000","A","43","1%","0%"
"*043r7*","Caleb Ferguson","CIN","RP","661","FA","30","100,000","A","42.99","3%","0%"
"*041ma*","Cole Ragans","KC","SP","662","W <small>(Sun)</small>","28","100,000","A","42.98","76%","-2%"
"*05rgq*","Kendry Rojas","MIN","SP","663","FA","23","100,000","A","42.95","19%","-1%"
"*0406v*","Esteury Ruiz","MIA","LF,CF,RF,OF","664","ELLY","27","2,100,000","A","42.73","20%","-1%"
"*06c36*","Brice Matthews","HOU","2B,LF,CF,OF","665","FA","24","100,000","A","42.63","22%","-1%"
"*0524l*","Yainer Diaz","HOU","C,DH","666","JD","27","5,000,000","A","42.54","56%","-1%"
"*03r06*","Ryan Feltner","COL","SP","667","FA","29","100,000","A","42.4","17%","-3%"
"*05u2x*","Josh Walker","BAL","RP","668","FA","31","100,000","A","42.39","0%","0%"
"*04eew*","Ryan Vilade","TB","1B,LF,RF,OF","669","FA","27","100,000","A","42.37","8%","0%"
"*02h9r*","Miles Mikolas","WSH","SP","670","FA","37","100,000","A","42.36","12%","-2%"
"*04pqh*","Mason Englert","TB","RP","671","FA","26","100,000","A","42.34","5%","0%"
"*01scl*","Craig Kimbrel","TB","RP","672","FA","38","100,000","A","42.23","2%","0%"
"*05tjx*","Steven Cruz","KC","RP","673","FA","27","100,000","A","42.19","2%","0%"
"*04enz*","Robert Garcia","TEX","RP","674","FA","30","100,000","A","42.13","30%","0%"
"*04tlv*","Bryan Abreu","HOU","RP","675","FA","29","100,000","A","41.97","43%","-1%"
"*03vcw*","Jordan Hicks","CHW","RP","676","FA","29","100,000","A","41.83","8%","+1%"
"*04pvl*","Mike Burrows","HOU","SP","677","Kai","26","5,000,000","A","41.76","34%","-7%"
"*0311c*","Devin Williams","NYM","RP","678","T","31","9,800,000","A","41.73","91%","-1%"
"*05yay*","Tyler Samaniego","BOS","RP","679","FA","27","100,000","A","41.58","2%","0%"
"*01usr*","Kyle Higashioka","TEX","C,DH","680","FA","36","100,000","A","41.56","8%","0%"
"*04sxv*","Jose Tena","WSH","2B,3B,DH","681","FA","25","100,000","A","41.51","6%","0%"
"*06ak0*","Blas Castano","COL","RP","682","FA","27","100,000","A","41.49","0%","0%"
"*041ps*","Nick Lodolo","CIN","SP","683","B&A","28","14,000,000","A","41.47","84%","-3%"
"*01xfr*","Patrick Corbin","TOR","SP","684","FA","37","100,000","A","41.21","12%","-2%"
"*029us*","Christian Vazquez","HOU","C","685","FA","35","100,000","A","41.13","8%","-1%"
"*05mrp*","Marco Raya","MIN","SP","686","FA","23","100,000","A","41.11","5%","0%"
"*0429h*","Bryse Wilson","MIL","RP","687","FA","28","100,000","A","41","2%","0%"
"*02yh5*","Amed Rosario","NYY","2B,3B","688","FA","30","100,000","A","40.91","10%","-1%"
"*03d6q*","Derek Hill","PHI","LF,CF,RF,OF","689","FA","30","100,000","A","40.83","5%","+1%"
"*06ktn*","Tatsuya Imai","HOU","SP","690","T","28","19,600,000","A","40.81","76%","-4%"
"*051c3*","Andrew Nardi","MIA","RP","691","FA","27","100,000","A","40.78","4%","0%"
"*041w0*","Richard Lovelady","WSH","RP","692","FA","31","100,000","A","40.76","5%","0%"
"*0312g*","Tyler Mahle","SF","SP","693","Brian","31","1,000,000","A","40.7","35%","-2%"
"*0657l*","Jack Perkins","ATH","RP","694","FA","26","100,000","A","40.61","23%","-4%"
"*05xu0*","Drew Gilbert","SF","LF,CF,RF,OF","695","FA","25","100,000","A","40.51","15%","0%"
"*04k0w*","Camilo Doval","NYY","RP","696","Zack","29","7,000,000","A","40.5","22%","0%"
"*02yd1*","Jorge Polanco","NYM","2B,DH","697","Max","33","8,200,000","A","40.45","49%","-4%"
"*05128*","Jared Triolo","PIT","1B,3B,SS","698","FA","28","100,000","A","40.41","13%","0%"
"*05tce*","Connor Norby","MIA","1B,3B,DH","699","Brian","26","3,000,000","A","40.3","27%","-1%"
"*0506h*","Randy Dobnak","KC","SP","700","FA","31","100,000","A","40.19","3%","+1%"
"*04eec*","Nate Pearson","HOU","SP","701","FA","29","100,000","A","40.11","3%","0%"
"*05uc7*","Noah Schultz","CHW","SP","702","R&J","22","500,000","A","40.09","61%","-3%"
"*03qo0*","Pete Fairbanks","MIA","RP","703","R&J","32","5,000,000","A","40.07","78%","-1%"
"*04ai4*","Nolan Gorman","STL","2B,3B,DH","704","Kai","26","4,500,000","A","40.05","30%","-1%"
"*059bx*","Brady House","WSH","3B","705","Steve","23","1,000,000","A","40.04","44%","0%"
"*04ppz*","Jake Irvin","WSH","SP","706","Ethan","29","4,000,000","A","39.96","20%","0%"
"*060mz*","Jose Cuas","KC","RP","707","FA","32","100,000","A","39.96","0%","0%"
"*06686*","Brian Fitzpatrick","MIL","RP","708","FA","26","100,000","A","39.94","1%","0%"
"*04pta*","Joey Gerber","NYM","RP","709","FA","29","100,000","A","39.93","1%","0%"
"*02z0t*","Michael Conforto","CHC","LF,RF,OF,DH","710","FA","33","100,000","A","39.87","10%","-1%"
"*05mre*","Spencer Strider","ATL","SP","711","C&G","27","15,000,000","A","39.85","87%","-1%"
"*041qo*","Zac Gallen","ARI","SP","712","Zack","30","17,600,000","A","39.81","59%","-5%"
"*05rkq*","Jose Fernandez","ARI","1B,3B,SS,DH","713","FA","22","100,000","A","39.79","20%","-1%"
"*041ah*","Josh Lowe","LAA","LF,CF,RF,OF","714","Ethan","28","4,000,000","A","39.78","30%","-1%"
"*06fz3*","Mitch Farris","LAA","SP","715","FA","25","100,000","A","39.76","5%","0%"
"*04w53*","Jaden Hill","COL","RP","716","FA","26","100,000","A","39.69","6%","0%"
"*05r9j*","Marcelo Mayer","BOS","2B,3B,SS","717","J&A","23","1,000,000","A","39.67","52%","0%"
"*04em6*","Will Vest","DET","RP","718","FA","31","100,000","A","39.61","23%","-1%"
"*04si2*","Andrew Vaughn","MIL","1B,DH","719","JD","28","3,600,000","A","39.58","55%","-4%"
"*0473m*","Zach McKinstry","DET","2B,3B,SS,LF,RF,OF","720","Brenden","31","500,000","A","39.58","28%","-1%"
"*02hxd*","Danny Coulombe","BOS","RP","721","FA","36","100,000","A","39.36","2%","0%"
"*02h8d*","Steven Matz","TB","RP","722","FA","35","100,000","A","39.34","21%","0%"
"*03qxr*","Cole Sands","MIN","RP","723","FA","29","100,000","A","39.09","12%","0%"
"*041sz*","Tobias Myers","NYM","RP","724","FA","27","100,000","A","39.02","11%","-1%"
"*05lg1*","Carter Baumler","TEX","RP","725","FA","24","100,000","A","39.02","4%","0%"
"*031t0*","Gleyber Torres","DET","2B","726","Steve","29","3,700,000","A","38.96","79%","0%"
"*03zbp*","Jose Fermin","STL","2B,3B,LF,CF,OF","727","FA","27","100,000","A","38.9","6%","0%"
"*03nqc*","Jose Suarez","ATH","RP","728","FA","28","100,000","A","38.87","3%","0%"
"*05t9l*","Max Muncy","ATH","2B,3B","729","Ethan","23","1,000,000","A","38.85","35%","-6%"
"*05xu1*","Alex Freeland","LAD","2B,3B","730","JD","24","500,000","A","38.79","22%","0%"
"*05152*","Tanner Gordon","COL","SP","731","FA","28","100,000","A","38.78","4%","-1%"
"*05jqy*","Mitchell Parker","WSH","SP","732","FA","26","100,000","A","38.76","6%","0%"
"*04vvy*","Andruw Monasterio","BOS","1B,2B,SS,DH","733","FA","29","100,000","A","38.7","6%","+1%"
"*05y6w*","Hunter Dobbins","STL","SP","734","FA","26","100,000","A","38.7","15%","-1%"
"*02c1b*","Burch Smith","DET","RP","735","FA","36","100,000","A","38.68","1%","0%"
"*02nqg*","Luis Torrens","NYM","C","736","FA","30","100,000","A","38.66","5%","0%"
"*041qr*","Aaron Civale","CHC","SP","737","FA","31","100,000","A","38.57","25%","-3%"
"*0648k*","Paul Gervase","LAD","RP","738","FA","26","100,000","A","38.52","1%","0%"
"*02611*","Francisco Lindor","NYM","SS","739","Max","32","19,920,000","A","38.41","98%","0%"
"*060o9*","Juan Mejia","COL","RP","740","FA","26","100,000","A","38.3","3%","0%"
"*02n3l*","Taylor Rogers","MIN","RP","741","FA","35","100,000","A","38.29","9%","0%"
"*0614c*","Jordan Leasure","CHW","RP","742","FA","27","100,000","A","38.11","9%","0%"
"*0630h*","Mason Barnett","ATH","SP","743","FA","25","100,000","A","38.1","12%","-3%"
"*05y7v*","Carson Whisenhunt","SF","SP","744","FA","25","100,000","A","38","24%","0%"
"*05jpa*","Beck Way","KC","RP","745","FA","26","100,000","A","37.91","1%","0%"
"*05ahg*","Austin Wells","NYY","C","746","ELLY","27","2,200,000","A","37.72","32%","-1%"
"*051hq*","Taylor Rashi","MIN","RP","747","FA","30","100,000","A","37.63","0%","0%"
"*03yui*","Alex Lange","KC","RP","748","FA","30","100,000","A","37.57","31%","-6%"
"*05jpe*","Connor Phillips","CIN","RP","749","FA","25","100,000","A","37.53","9%","0%"
"*04eme*","Tristan Gray","MIN","2B,3B,SS","750","FA","30","100,000","A","37.51","6%","0%"
"*03b6k*","Jorge Mateo","ATL","SS","751","FA","31","100,000","A","37.5","9%","-1%"
"*02nax*","Matt Strahm","KC","RP","752","Brenden","34","6,000,000","A","37.48","20%","-1%"
"*066d2*","Cade Gibson","MIA","RP","753","FA","28","100,000","A","37.46","2%","0%"
"*05r3s*","Alejandro Osuna","TEX","LF,CF,RF,OF","754","FA","23","100,000","A","37.25","7%","0%"
"*03xs3*","Miguel Amaya","CHC","C","755","FA","27","100,000","A","37.25","13%","0%"
"*03qni*","Danny Young","ATL","RP","756","FA","32","100,000","A","37.2","1%","0%"
"*03btm*","Jose Alvarado","PHI","RP","757","FA","31","100,000","A","37.02","12%","-1%"
"*05mrv*","Eric Orze","MIN","RP","758","FA","28","100,000","A","36.94","3%","-1%"
"*02brk*","Austin Hedges","CLE","C","759","FA","33","100,000","A","36.93","3%","0%"
"*06rtp*","Mike Paredes","MIN","RP","760","FA","25","100,000","A","36.91","4%","-1%"
"*04z6k*","Luisangel Acuna","CHW","2B,SS,CF,OF","761","R&J","24","1,000,000","A","36.89","27%","0%"
"*04an8*","Wenceel Perez","DET","CF,RF,OF","762","FA","26","100,000","A","36.84","13%","0%"
"*05a1t*","Jorbit Vivas","WSH","2B,3B","763","FA","25","100,000","A","36.77","6%","0%"
"*04pqs*","Jake Bird","NYY","RP","764","FA","30","100,000","A","36.76","3%","0%"
"*04yuu*","Patrick Bailey","CLE","C","765","FA","27","100,000","A","36.75","13%","0%"
"*04erc*","Ron Marinaccio","SD","RP","766","FA","31","100,000","A","36.7","1%","0%"
"*060ub*","Colt Emerson","SEA","3B,SS","767","Max","20","500,000","A","36.66","72%","-3%"
"*05132*","Ryan Kreidler","MIN","SS,CF,OF","768","FA","28","100,000","A","36.59","9%","-3%"
"*0658b*","Jonah Tong","NYM","SP","769","B&A","23","500,000","A","36.55","60%","0%"
"*051as*","Cody Laweryson","MIN","RP","770","FA","28","100,000","A","36.48","2%","0%"
"*02zpf*","Edmundo Sosa","PHI","2B,3B,SS,LF,OF","771","FA","30","100,000","A","36.44","9%","0%"
"*066eo*","Cole Carrigg","COL","CF,OF","772","ELLY","24","100,000","A","36.42","67%","-1%"
"*062pn*","David Sandlin","CHW","RP","773","FA","25","100,000","A","36.33","17%","-1%"
"*05jn0*","Adrian Del Castillo","ARI","C,DH","774","FA","26","100,000","A","36.22","8%","-1%"
"*063vu*","Matt Shaw","CHC","3B,RF,OF,DH","775","Steve","24","1,000,000","A","36.19","54%","-1%"
"*041am*","Lucas Erceg","KC","RP","776","T","31","4,400,000","A","36.19","37%","-2%"
"*03avk*","Luis Rengifo","SD","2B,3B","777","FA","29","100,000","A","36.18","13%","0%"
"*04eoj*","Jared Young","NYM","1B,DH","778","FA","31","100,000","A","35.97","8%","+1%"
"*04pql*","Ethan Roberts","CHC","RP","779","FA","29","100,000","A","35.79","1%","0%"
"*04ppo*","Kyle Isbel","KC","CF,OF","780","Brenden","29","100,000","A","35.79","14%","0%"
"*03qx9*","Tayler Saucedo","LAA","RP","781","FA","33","100,000","A","35.77","0%","0%"
"*02n9l*","Dietrich Enns","BAL","RP","782","FA","35","100,000","A","35.75","1%","0%"
"*02hir*","Michael Lorenzen","COL","SP","783","FA","34","100,000","A","35.61","16%","-2%"
"*0512u*","Jack Kochanowicz","LAA","SP","784","FA","25","100,000","A","35.45","15%","0%"
"*03qqb*","Myles Straw","TOR","LF,CF,RF,OF","785","FA","31","100,000","A","35.36","4%","0%"
"*04z8z*","Yohendrick Pinango","TOR","LF,RF,OF","786","FA","24","100,000","A","35.35","13%","-2%"
"*066cn*","Wade Meckler","LAA","LF,CF,OF","787","FA","26","100,000","A","35.34","13%","-1%"
"*05ajh*","Garrett Crochet","BOS","SP","788","ELLY","27","30,000,000","A","35.32","98%","0%"
"*04y9p*","Anthony Volpe","NYY","SS","789","FA","25","100,000","A","35.3","47%","-3%"
"*06kwi*","Kyle Backhus","PHI","RP","790","FA","28","100,000","A","35.28","1%","0%"
"*051dw*","Brandon Eisert","PIT","RP","791","FA","28","100,000","A","35.27","2%","0%"
"*05xop*","Cade Povich","BAL","SP","792","FA","26","100,000","A","35.19","17%","0%"
"*05ocn*","Zach Brzykcy","MIA","RP","793","FA","27","100,000","A","35.12","1%","0%"
"*066qr*","Tyler Uberstine","BOS","SP","794","FA","27","100,000","A","35.12","2%","0%"
"*05198*","Gavin Collyer","TEX","RP","795","FA","25","100,000","A","35.05","3%","0%"
"*02yk4*","Tyler O'Neill","BAL","RF,OF","796","FA","31","100,000","A","35.05","20%","-1%"
"*046yd*","Dennis Santana","PIT","RP","797","J&A","30","4,000,000","A","35.03","33%","-1%"
"*05taw*","Doug Nikhazy","CHC","SP","798","FA","26","100,000","A","34.96","3%","0%"
"*045gu*","TJ Friedl","CIN","LF,CF,OF","799","Ethan","30","3,000,000","A","34.8","30%","-1%"
"*05jr5*","Blake Dunn","CIN","CF,RF,OF","800","FA","27","100,000","A","34.75","11%","0%"
"*03qpi*","Patrick Sandoval","BOS","SP","801","FA","29","100,000","A","34.7","27%","+1%"
"*04efi*","Connor Wong","BOS","C","802","FA","30","100,000","A","34.63","6%","0%"
"*05ybe*","Travis Adams","MIN","RP","803","FA","26","100,000","A","34.58","1%","0%"
"*05g4k*","Mick Abel","MIN","SP","804","Zack","24","4,000,000","A","34.56","55%","-1%"
"*02bqh*","Trevor Story","BOS","SS","805","R&J","33","6,100,000","A","34.46","57%","0%"
"*05xty*","Dylan Beavers","BAL","LF,RF,OF","806","Max","24","500,000","A","34.44","47%","-1%"
"*061bo*","Rhett Lowder","CIN","SP","807","Steve","24","1,000,000","A","34.38","56%","-1%"
"*04ehj*","Dane Myers","CIN","CF,RF,OF","808","FA","30","100,000","A","34.37","6%","0%"
"*05gsg*","Justin Foscue","TEX","1B,2B,DH","809","FA","27","100,000","A","34.31","13%","0%"
"*0514k*","Pedro Pages","STL","C","810","FA","27","100,000","A","34.3","9%","0%"
"*06ian*","John Klein","MIN","RP","811","FA","24","100,000","A","34.26","1%","0%"
"*048tn*","Carlos Narvaez","BOS","C","812","J&A","27","500,000","A","34.26","17%","0%"
"*0518s*","Ryan Gusto","MIA","SP","813","FA","27","100,000","A","34.23","5%","0%"
"*02i2q*","Carlos Correa","HOU","3B,SS","814","Ethan","31","5,000,000","A","34.2","51%","0%"
"*02mwq*","Zach Eflin","BAL","SP","815","FA","32","100,000","A","34.13","27%","0%"
"*050c3*","Jasson Dominguez","NYY","LF,RF,OF,DH","816","Steve","23","1,000,000","A","34.12","73%","-1%"
"*05jqv*","Max Rajcic","STL","SP","817","FA","24","100,000","A","34.11","2%","0%"
"*031b3*","Isiah Kiner-Falefa","BOS","2B,3B,SS","818","FA","31","100,000","A","34.1","10%","0%"
"*03zo6*","Cionel Perez","NYM","RP","819","FA","30","100,000","A","34.06","2%","0%"
"*05xtu*","Will Dion","CLE","RP","820","FA","26","100,000","A","34.05","2%","0%"
"*04prz*","Austin Warren","NYM","RP","821","FA","30","100,000","A","34","2%","0%"
"*04pxq*","Gus Varland","WSH","RP","822","FA","29","100,000","A","33.98","5%","0%"
"*031cy*","Emilio Pagan","CIN","RP","823","B&A","35","5,000,000","A","33.87","73%","-1%"
"*06879*","Anthony Molina","ATL","RP","824","FA","24","100,000","A","33.84","1%","0%"
"*04egr*","Bruce Zimmermann","(N/A)","RP","825","FA","31","100,000","A","33.84","0%","-1%"
"*06kvo*","Spencer Bivens","SF","RP","826","FA","32","100,000","A","33.73","1%","0%"
"*0519h*","Hunter Bigge","TB","RP","827","FA","28","100,000","A","33.7","3%","0%"
"*0648z*","Victor Scott","STL","CF,OF","828","ELLY","25","3,400,000","A","33.69","24%","0%"
"*05u2k*","Hao-Yu Lee","DET","2B,3B","829","T","23","500,000","A","33.69","11%","-1%"
"*01t5w*","Miguel Rojas","LAD","2B,3B,SS","830","FA","37","100,000","A","33.51","7%","0%"
"*05a06*","Nick Mears","KC","RP","831","FA","29","100,000","A","33.44","4%","0%"
"*04t40*","Brayan Bello","BOS","SP","832","FA","27","100,000","A","33.43","42%","0%"
"*041w3*","Eli White","ATL","LF,CF,RF,OF","833","FA","32","100,000","A","33.41","4%","0%"
"*04qnd*","Noelvi Marte","CIN","3B,RF,OF","834","R&J","24","1,500,000","A","33.36","61%","-3%"
"*05t5k*","Wilber Dotel","PIT","SP","835","FA","23","100,000","A","33.28","10%","0%"
"*01as6*","Carlos Carrasco","ATL","SP","836","FA","39","100,000","A","33.18","1%","0%"
"*05ybv*","Jackson Holliday","BAL","2B","837","Brenden","22","1,500,000","A","33.11","81%","-1%"
"*02c2h*","Chris Bassitt","BAL","SP","838","Brian","37","5,000,000","A","33.07","36%","-1%"
"*06309*","Trevor Martin","TB","RP","839","FA","25","100,000","A","33.02","1%","0%"
"*03qtv*","Brett Sullivan","COL","C,P","840","FA","32","100,000","A","33.02","2%","0%"
"*05yf9*","Carlos Rodriguez","MIL","SP","841","FA","24","100,000","A","32.96","5%","0%"
"*03qto*","Evan Phillips","LAD","RP","842","FA","31","100,000","A","32.88","12%","-1%"
"*05r3i*","Andrew Painter","PHI","SP","843","J&A","23","500,000","A","32.8","63%","-1%"
"*03nri*","Lourdes Gurriel Jr.","ARI","LF,OF,DH","844","FA","32","100,000","A","32.75","25%","-1%"
"*02mx2*","Tyrone Taylor","NYM","LF,CF,RF,OF","845","FA","32","100,000","A","32.7","4%","0%"
"*04afk*","Tristan Beck","SF","RP","846","FA","30","100,000","A","32.6","1%","0%"
"*04eoy*","Hunter Stratton","PIT","RP","847","FA","29","100,000","A","32.56","1%","0%"
"*0514m*","Chris Murphy","CHW","RP","848","FA","28","100,000","A","32.56","2%","0%"
"*04g1x*","David Peterson","CHC","SP","849","FA","30","100,000","A","32.51","36%","-2%"
"*041sg*","Nicky Lopez","TEX","2B,3B,SS","850","FA","31","100,000","A","32.44","6%","0%"
"*04z6m*","Agustin Ramirez","MIA","C,DH","851","T","24","1,000,000","A","32.35","60%","-1%"
"*05ybw*","Carson Palmquist","WSH","RP","852","FA","25","100,000","A","32.33","2%","0%"
"*06aw2*","Samuel Aldegheri","LAA","SP","853","FA","24","100,000","A","32.16","9%","-1%"
"*04s1h*","Luis Gil","NYY","SP","854","Brenden","28","4,000,000","A","31.99","42%","0%"
"*0529l*","Endy Rodriguez","PIT","C,1B","855","FA","26","100,000","A","31.91","25%","-2%"
"*05zq4*","Ryan Johnson","LAA","SP","856","FA","23","100,000","A","31.89","19%","-2%"
"*04mn2*","Griffin Conine","MIA","LF,RF,OF","857","FA","29","100,000","A","31.87","15%","+1%"
"*04eld*","J.P. Sears","SD","SP","858","Brenden","30","500,000","A","31.58","22%","-3%"
"*05un2*","Edgar Quero","CHW","C,DH","859","C&G","23","1,000,000","A","31.51","20%","0%"
"*0515q*","Adam Macko","TOR","SP","860","FA","25","100,000","A","31.44","6%","0%"
"*02mw7*","Lucas Sims","CHW","RP","861","FA","32","100,000","A","31.41","1%","0%"
"*05u38*","Peyton Pallette","CHW","RP","862","FA","25","100,000","A","31.41","4%","0%"
"*03qmh*","Jake Cronenworth","SD","2B","863","FA","32","100,000","A","31.4","30%","0%"
"*0511r*","Drey Jameson","ARI","RP","864","FA","28","100,000","A","31.4","3%","0%"
"*04pwl*","Hunter Feduccia","TB","C","865","FA","29","100,000","A","31.34","4%","0%"
"*03qne*","Chris Paddack","(N/A)","SP","866","FA","30","100,000","A","31.3","6%","0%"
"*06ala*","Osvaldo Bido","(N/A)","RP","867","FA","30","100,000","A","31.28","2%","0%"
"*026l1*","Lance McCullers Jr.","MIL","SP","868","Steve","32","700,000","A","31.06","31%","+6%"
"*05jp3*","Logan Allen","CLE","SP","869","FA","27","100,000","A","31","18%","+3%"
"*0569p*","Coleman Crow","MIL","SP","870","FA","25","100,000","A","30.95","16%","-1%"
"*06am5*","Luinder Avila","KC","RP","871","FA","24","100,000","A","30.68","15%","-2%"
"*02n6w*","Ryan Borucki","(N/A)","RP","872","FA","32","100,000","A","30.66","1%","0%"
"*05rcg*","Braden Montgomery","CHW","CF,RF,OF","873","J&A","23","500,000","A","30.61","62%","-3%"
"*031cd*","Mitch Garver","SEA","C,DH","874","FA","35","100,000","A","30.6","4%","0%"
"*070bf*","Sung Mun Song","SD","2B,3B,SS","875","FA","29","100,000","A","30.54","22%","0%"
"*051e5*","Matt Waldron","SD","SP","876","FA","29","100,000","A","30.41","5%","0%"
"*04pt2*","Lars Nootbaar","STL","LF,RF,OF","877","Zack","28","2,000,000","A","30.4","47%","-5%"
"*064ny*","Zach Agnos","COL","RP","878","FA","25","100,000","A","30.34","3%","0%"
"*01ucb*","Drew Pomeranz","CHC","RP","879","FA","37","100,000","A","30.34","4%","0%"
"*05uws*","Chayce McDermott","LAD","RP","880","FA","27","100,000","A","30.24","5%","0%"
"*04psu*","James Outman","DET","LF,CF,RF,OF","881","FA","29","100,000","A","30.21","5%","0%"
"*051b2*","Paxton Schultz","WSH","RP","882","FA","28","100,000","A","30.14","2%","0%"
"*06rtt*","Juan Burgos","ARI","RP","883","FA","26","100,000","A","30.1","0%","0%"
"*04pqd*","Drew Rom","MIL","SP","884","FA","26","100,000","A","30.08","2%","0%"
"*04el7*","Max Lazar","PHI","RP","885","FA","27","100,000","A","30.04","1%","0%"
"*03fhx*","Elias Diaz","TEX","C","886","FA","35","100,000","A","30.03","3%","-1%"
"*0515f*","Drew Millas","WSH","C","887","FA","28","100,000","A","30.01","2%","0%"
"*02j77*","Chris Martin","TEX","RP","888","FA","40","100,000","A","30.01","6%","0%"
"*04efn*","Keegan Thompson","COL","RP","889","FA","31","100,000","A","30","1%","0%"
"*05lo5*","Freddy Fermin","SD","C","890","FA","31","100,000","A","29.99","8%","0%"
"*03di1*","Matt Gage","SF","RP","891","FA","33","100,000","A","29.97","3%","0%"
"*05jse*","Tommy Troy","ARI","2B,LF,CF,OF","892","Brenden","24","500,000","A","29.96","31%","-1%"
"*04y79*","Victor Mesa Jr.","TB","RF,OF","893","FA","24","100,000","A","29.93","7%","0%"
"*03pol*","Jake Woodford","CHC","SP","894","FA","29","100,000","A","29.91","1%","0%"
"*025kd*","Jose Quintana","COL","SP","895","FA","37","100,000","A","29.81","11%","0%"
"*04eep*","Luis Campusano","SD","C,DH","896","FA","27","100,000","A","29.8","15%","0%"
"*039vx*","Jose Siri","LAA","LF,CF,OF","897","FA","30","100,000","A","29.79","4%","-1%"
"*0404s*","Gregory Santos","(N/A)","RP","898","FA","26","100,000","A","29.75","2%","0%"
"*04pxp*","Victor Vodnik","COL","RP","899","J&A","26","3,000,000","A","29.71","12%","0%"
"*041qv*","Alex Call","LAD","LF,RF,OF","900","FA","31","100,000","A","29.67","4%","0%"
"*06in4*","Hyeseong Kim","LAD","2B,SS,CF,OF","901","JD","27","1,000,000","A","29.66","28%","0%"
"*0429q*","Michael Rucker","SEA","RP","902","FA","32","100,000","A","29.65","0%","0%"
"*05r1d*","Jordan Wicks","CHC","RP","903","FA","26","100,000","A","29.62","5%","0%"
"*051cl*","Joey Estes","ATH","SP","904","FA","24","100,000","A","29.61","3%","0%"
"*05r3g*","Mason Black","KC","SP","905","FA","26","100,000","A","29.54","4%","0%"
"*0665x*","Matt Pushard","MIA","RP","906","FA","28","100,000","A","29.47","1%","0%"
"*0511t*","Seth Johnson","PHI","RP","907","FA","27","100,000","A","29.45","2%","0%"
"*04eek*","Griffin Canning","SD","SP","908","Brenden","30","500,000","A","29.44","15%","0%"
"*064nv*","Alex Hoppe","SEA","RP","909","FA","27","100,000","A","29.37","1%","0%"
"*06dlz*","Ryan Waldschmidt","ARI","LF,CF,RF,OF","910","B&A","23","500,000","A","29.35","53%","-1%"
"*04n0o*","Cole Wilcox","SEA","SP","911","Ethan","27","500,000","A","29.33","4%","0%"
"*05xq0*","Alek Jacob","SD","RP","912","FA","28","100,000","A","29.32","1%","0%"
"*031el*","Danny Jansen","TEX","C","913","FA","31","100,000","A","29.19","10%","0%"
"*05m1b*","Denzer Guzman","LAA","3B,SS","914","FA","22","100,000","A","29.15","22%","-3%"
"*041py*","Keegan Akin","BAL","RP","915","FA","31","100,000","A","29.07","4%","0%"
"*0310c*","Hunter Harvey","CHC","RP","916","FA","31","100,000","A","28.79","7%","0%"
"*0513l*","Brenton Doyle","COL","CF,OF","917","Steve","28","6,500,000","A","28.77","38%","0%"
"*03qyb*","Donovan Walton","ATH","2B,3B","918","FA","32","100,000","A","28.68","4%","-2%"
"*02i31*","Chris Devenski","PIT","RP","919","FA","35","100,000","A","28.56","0%","0%"
"*04ml0*","Yusei Kikuchi","LAA","SP","920","Brenden","35","500,000","A","28.5","41%","0%"
"*041vt*","Samad Taylor","SD","LF,RF,OF","921","FA","28","100,000","A","28.45","25%","-8%"
"*03amq*","German Marquez","SD","SP","922","FA","31","100,000","A","28.27","14%","0%"
"*04emt*","Jake Meyers","HOU","CF,OF","923","FA","30","100,000","A","28.16","14%","-1%"
"*06elo*","Matt Svanson","STL","RP","924","FA","27","100,000","A","28.16","6%","0%"
"*05t66*","TJ Shook","COL","RP","925","FA","28","100,000","A","28","0%","0%"
"*03xmd*","John Brebbia","COL","RP","926","FA","36","100,000","A","27.99","1%","0%"
"*01uc9*","Nick Castellanos","(N/A)","RF,OF","927","Brian","34","5,000,000","A","27.86","17%","0%"
"*04eey*","MJ Melendez","NYM","LF,OF,DH","928","FA","27","100,000","A","27.72","4%","0%"
"*05koh*","Luke Little","CHC","RP","929","FA","25","100,000","A","27.68","2%","0%"
"*05tzp*","Jacob Gonzalez","PIT","1B,2B,SS","930","FA","24","100,000","A","27.66","29%","-4%"
"*0414h*","Gabriel Arias","CLE","2B,3B,SS","931","FA","26","100,000","A","27.65","13%","0%"
"*041pq*","Taylor Trammell","HOU","LF,CF,OF","932","FA","28","100,000","A","27.46","3%","0%"
"*0519u*","Tyler Tolbert","KC","SS,CF,OF,P","933","FA","28","100,000","A","27.35","21%","-4%"
"*05jpu*","Daniel Susac","SF","C","934","FA","25","100,000","A","27.21","13%","0%"
"*04pwx*","Jonathan Heasley","TB","RP","935","FA","29","100,000","A","27.18","0%","0%"
"*0420t*","Wyatt Mills","LAD","RP","936","FA","31","100,000","A","27.17","0%","0%"
"*04mn4*","Joey Bart","ATL","C","937","FA","29","100,000","A","27.11","7%","0%"
"*05tdd*","Joe Rock","CHW","SP","938","FA","25","100,000","A","27.09","3%","0%"
"*051c5*","Brady Basso","ATH","RP","939","FA","28","100,000","A","27.03","1%","0%"
"*06i08*","Woo-Suk Go","MIN","RP","940","FA","27","100,000","A","26.93","2%","0%"
"*05y4m*","Tim Tawa","ARI","1B,2B,LF,CF,OF","941","FA","27","100,000","A","26.93","11%","+5%"
"*04yk6*","Geoff Hartlieb","ATH","RP","942","FA","32","100,000","A","26.92","0%","0%"
"*05t6u*","Beau Brieske","DET","RP","943","FA","28","100,000","A","26.91","1%","0%"
"*04efo*","Nick Raquet","BAL","SP","944","FA","30","100,000","A","26.67","0%","0%"
"*066a8*","David Morgan","SD","RP","945","FA","26","100,000","A","26.6","3%","0%"
"*041sq*","Tommy Edman","LAD","2B,LF,CF,OF","946","C&G","31","500,000","A","26.48","61%","0%"
"*06plg*","Jose Cabrera","ARI","SP","947","FA","24","100,000","A","26.38","11%","-7%"
"*04j1w*","Reiver Sanmartin","SF","RP","948","FA","30","100,000","A","26.33","0%","0%"
"*05xpv*","Chase Lee","TOR","RP","949","FA","27","100,000","A","26.29","2%","0%"
"*05145*","Darell Hernaiz","ATH","2B,3B,SS","950","FA","24","100,000","A","26.2","6%","0%"
"*04otv*","Alan Rangel","PHI","RP","951","FA","28","100,000","A","26.15","6%","0%"
"*06am0*","Mickey Gasper","BOS","C,DH","952","FA","30","100,000","A","26.13","3%","0%"
"*05jq3*","Joey Wiemer","WSH","CF,RF,OF","953","FA","27","100,000","A","26.07","12%","0%"
"*05120*","Brandon Williamson","CIN","SP","954","FA","28","100,000","A","26.04","10%","0%"
"*04y9i*","Tyler Callihan","PIT","LF,OF","955","FA","26","100,000","A","25.98","10%","-1%"
"*05gwr*","Drew Romo","CHW","C","956","FA","24","100,000","A","25.93","7%","-1%"
"*04eqd*","Cam Sanders","BAL","SP","957","FA","29","100,000","A","25.88","1%","0%"
"*03qwa*","Phil Maton","CHC","RP","958","Ethan","33","2,000,000","A","25.88","10%","0%"
"*05rks*","Luis Mey","CIN","RP","959","FA","25","100,000","A","25.79","4%","0%"
"*04mrb*","Jorge Barrosa","ARI","LF,CF,RF,OF","960","FA","25","100,000","A","25.73","3%","0%"
"*051dm*","Joe La Sorsa","BOS","RP","961","FA","28","100,000","A","25.66","0%","0%"
"*041qm*","Shaun Anderson","LAA","RP","962","FA","31","100,000","A","25.55","0%","0%"
"*04prc*","Brandon Lockridge","MIL","LF,CF,OF","963","FA","29","100,000","A","25.53","8%","0%"
"*04o78*","Matt Wallner","MIN","RF,OF,DH","964","FA","28","100,000","A","25.43","24%","0%"
"*03drx*","Connor Seabold","KC","RP","965","FA","30","100,000","A","25.32","1%","0%"
"*052ru*","Josh Smith","TEX","1B,2B,3B,SS,OF","966","Kai","28","3,000,000","A","25.27","23%","-2%"
"*066b2*","Drew Sommers","DET","SP","967","FA","25","100,000","A","25.24","2%","0%"
"*04ni4*","Leo Jimenez","MIA","2B,3B","968","FA","25","100,000","A","25.2","3%","0%"
"*04eiw*","Eli Morgan","KC","RP","969","FA","30","100,000","A","25.19","1%","0%"
"*05u9z*","Roman Anthony","BOS","LF,RF,OF,DH","970","Brian","22","1,000,000","A","25.19","94%","0%"
"*05yfl*","Joey Loperfido","HOU","LF,OF","971","FA","27","100,000","A","25.04","9%","-1%"
"*0513y*","Ken Waldichuk","WSH","SP","972","FA","28","100,000","A","25.02","2%","0%"
"*05y7j*","Robby Ahlstrom","TEX","RP","973","FA","27","100,000","A","24.95","1%","0%"
"*0513x*","Connor Thomas","ATL","RP","974","FA","28","100,000","A","24.95","0%","0%"
"*0630e*","Colby Thomas","ATH","LF,CF,RF,OF","975","Brenden","25","1,000,000","A","24.9","15%","-1%"
"*051ui*","Jacob Lopez","ATH","SP","976","FA","28","100,000","A","24.79","21%","0%"
"*03eet*","Yoan Moncada","LAA","3B","977","FA","31","100,000","A","24.68","10%","0%"
"*04pse*","Brendan Donovan","SEA","2B,3B,LF,OF","978","JD","29","11,100,000","A","24.64","82%","0%"
"*05xq2*","Mitch Bratt","ARI","SP","979","FA","23","100,000","A","24.6","19%","-1%"
"*05gx2*","Jeff Criswell","COL","SP","980","FA","27","100,000","A","24.42","1%","0%"
"*05rau*","Kahlil Watson","CLE","SS,LF,CF,RF,OF","981","FA","23","100,000","A","24.41","27%","-4%"
"*04t3y*","Alejandro Kirk","TOR","C","982","FA","27","100,000","A","24.39","56%","-3%"
"*06qgo*","Luis Gastelum","STL","RP","983","FA","24","100,000","A","24.39","4%","-1%"
"*04qri*","Braden Shewmake","MIL","2B,3B,SS","984","Kai","28","2,300,000","A","24.36","5%","-1%"
"*03df0*","Jose Trevino","CIN","C","985","FA","33","100,000","A","24.3","3%","0%"
"*03qjv*","Harrison Bader","SF","LF,CF,OF","986","FA","32","100,000","A","24.25","21%","0%"
"*04674*","Johan Oviedo","BOS","SP","987","FA","28","100,000","A","24.22","22%","0%"
"*04o2x*","Davis Schneider","TOR","2B,LF,OF","988","FA","27","100,000","A","24.15","6%","0%"
"*03av1*","Jake Rogers","DET","C","989","FA","31","100,000","A","24.13","3%","0%"
"*03dqv*","Tanner Banks","PHI","RP","990","FA","34","100,000","A","23.91","2%","0%"
"*04efs*","Nick Allen","HOU","2B,SS","991","FA","27","100,000","A","23.82","3%","0%"
"*05gs3*","Alika Williams","ATH","2B,3B,SS","992","FA","27","100,000","A","23.65","3%","0%"
"*04pmw*","Alek Thomas","LAD","CF,OF","993","Brian","26","1,000,000","A","23.55","13%","0%"
"*04pkq*","Anthony Seigler","BOS","2B,3B","994","FA","27","100,000","A","23.55","23%","-2%"
"*04ehs*","Cody Bolton","HOU","SP","995","FA","28","100,000","A","23.53","2%","0%"
"*04prq*","Codi Heuer","CLE","RP","996","FA","30","100,000","A","23.51","0%","0%"
"*04ya2*","Daniel Espino","CLE","SP","997","FA","25","100,000","A","23.43","22%","-1%"
"*05r1e*","Eric Cerantola","SF","SP","998","FA","26","100,000","A","23.39","1%","0%"
"*067xj*","Cooper Pratt","MIL","SS","999","R&J","21","500,000","A","23.37","44%","0%"
"*041rf*","Shane Bieber","TOR","SP","1000","Max","31","5,000,000","A","23.18","74%","-2%"
"*0440h*","Jose Urquidy","PIT","SP","1001","FA","31","100,000","A","23.11","3%","0%"
"*06fqx*","Seth Halvorsen","COL","RP","1002","FA","26","100,000","A","23.09","6%","0%"
"*03zcx*","Will Benson","CIN","LF,RF,OF","1003","FA","28","100,000","A","23.07","5%","0%"
"*05uab*","Philip Abner","ARI","RP","1004","FA","24","100,000","A","22.99","1%","0%"
"*04pr7*","Nolan Hoffman","PHI","RP","1005","FA","28","100,000","A","22.85","0%","0%"
"*03qq9*","Justin Lawrence","WSH","RP","1006","FA","31","100,000","A","22.79","2%","0%"
"*05qzx*","Angel Zerpa","MIL","RP","1007","FA","26","100,000","A","22.74","4%","0%"
"*066n3*","Ryan Walker","SF","RP","1008","B&A","30","5,200,000","A","22.73","28%","-2%"
"*04pmp*","Simeon Woods-Richardson","TOR","SP","1009","FA","25","100,000","A","22.72","15%","0%"
"*04a2t*","Kodai Senga","NYM","SP","1010","Steve","33","8,200,000","A","22.49","42%","-3%"
"*03c65*","Victor Robles","SEA","CF,RF,OF","1011","JD","29","2,000,000","A","22.39","15%","0%"
"*047l7*","Luis Robert Jr.","NYM","CF,OF","1012","Kai","28","26,500,000","A","22.24","78%","+1%"
"*05xze*","Jason Alexander","HOU","SP","1013","FA","33","100,000","A","22.2","2%","0%"
"*04nq4*","Blaze Jordan","STL","1B,3B","1014","Steve","23","500,000","A","22.08","38%","-6%"
"*0406n*","Andres Chaparro","WSH","1B","1015","FA","27","100,000","A","22.03","5%","+1%"
"*05xoo*","Elmer Rodriguez","NYY","SP","1016","Max","22","500,000","A","22.02","41%","0%"
"*05ymh*","Luis Curvelo","TEX","RP","1017","FA","25","100,000","A","21.95","1%","0%"
"*03di6*","Jordan Romano","COL","RP","1018","FA","33","100,000","A","21.86","15%","-1%"
"*03pp5*","Blake Perkins","MIL","CF,RF,OF","1019","FA","29","100,000","A","21.82","3%","0%"
"*02bv2*","Eric Haase","SF","C","1020","FA","33","100,000","A","21.78","1%","0%"
"*05yfi*","Colton Gordon","MIL","SP","1021","FA","27","100,000","A","21.72","4%","+1%"
"*041qd*","Jake Fraley","TB","RF,OF","1022","FA","31","100,000","A","21.7","7%","0%"
"*04llv*","Lenyn Sosa","TOR","1B,2B","1023","Brian","26","2,500,000","A","21.64","21%","0%"
"*04q24*","Max Schuemann","NYY","2B,3B,SS,LF,RF,OF","1024","FA","29","100,000","A","21.6","4%","0%"
"*051wu*","Victor Bericoto","SF","1B,LF,RF,OF","1025","FA","24","100,000","A","21.54","16%","-3%"
"*02i37*","Lucas Giolito","SD","SP","1026","FA","32","100,000","A","21.43","31%","-1%"
"*02n1c*","Tyler Heineman","LAA","C","1027","FA","35","100,000","A","21.42","2%","0%"
"*05rcj*","Edwin Arroyo","CIN","2B,SS","1028","Max","22","500,000","A","21.39","30%","-1%"
"*04eh9*","Nelson Velazquez","STL","LF,RF,OF","1029","FA","27","100,000","A","21.37","6%","0%"
"*026mn*","Javier Baez","DET","3B,SS,CF,OF","1030","C&G","33","100,000","A","21.28","20%","0%"
"*0321h*","Luis Garcia","(N/A)","RP","1031","FA","39","100,000","A","21.16","1%","0%"
"*052c7*","Valente Bellozo","COL","SP","1032","FA","26","100,000","A","21.08","3%","0%"
"*03pji*","Ke'Bryan Hayes","CIN","3B","1033","FA","29","100,000","A","20.94","15%","-1%"
"*05wxy*","Kyle Teel","CHW","C","1034","R&J","24","1,000,000","A","20.88","66%","-3%"
"*05vy9*","Pedro Ramirez","CHC","2B,3B,SS","1035","T","22","500,000","A","20.87","26%","-1%"
"*02bra*","James McCann","ARI","C","1036","FA","36","100,000","A","20.8","2%","0%"
"*04yj5*","Rodolfo Duran","SD","C","1037","FA","28","100,000","A","20.78","1%","0%"
"*05yc9*","Braxton Fulford","COL","C,DH","1038","FA","27","100,000","A","20.7","2%","0%"
"*04py3*","J.P. France","HOU","RP","1039","FA","31","100,000","A","20.68","2%","0%"
"*03nqg*","Kolby Allard","PHI","RP","1040","FA","28","100,000","A","20.66","1%","0%"
"*04yd8*","Jhonny Pereda","SEA","C","1041","FA","30","100,000","A","20.63","2%","0%"
"*03pp6*","Jahmai Jones","BOS","RF,OF,DH","1042","FA","28","100,000","A","20.53","3%","0%"
"*061lj*","Winston Santos","TEX","SP","1043","FA","24","100,000","A","20.46","11%","0%"
"*0316t*","Adam Frazier","LAA","2B,LF,OF","1044","FA","34","100,000","A","20.35","5%","0%"
"*052ij*","Domingo Gonzalez","SEA","SP","1045","FA","26","100,000","A","20.32","1%","0%"
"*061mh*","Robby Snelling","MIA","SP","1046","Kai","22","500,000","A","20.3","56%","0%"
"*05j93*","Jose Franco","CIN","SP","1047","FA","25","100,000","A","20.17","4%","0%"
"*04pko*","Grayson Rodriguez","LAA","SP","1048","T","26","9,100,000","A","20.05","59%","-1%"
"*06hny*","Bryan Torres","STL","C,2B,LF,CF,RF,OF","1049","FA","29","100,000","A","20.05","9%","-1%"
"*06434*","Jimmy Crooks","STL","C","1050","FA","25","100,000","A","20.03","12%","-1%"
"*066lr*","Graham Pauley","MIA","3B","1051","FA","25","100,000","A","20.03","5%","0%"
"*04ent*","J.C. Escarra","NYY","C","1052","FA","31","100,000","A","20","2%","0%"
"*04is5*","Everson Pereira","CHW","CF,RF,OF","1053","FA","25","100,000","A","19.97","11%","0%"
"*0318i*","Justin Topa","KC","RP","1054","FA","35","100,000","A","19.95","2%","0%"
"*004ee*","Max Scherzer","TOR","SP","1055","Steve","41","200,000","A","19.84","21%","0%"
"*0420h*","Weston Wilson","SEA","3B,LF,OF","1056","FA","31","100,000","A","19.75","2%","0%"
"*04yi8*","Spencer Jones","NYY","CF,RF,OF","1057","Max","25","500,000","A","19.64","54%","-1%"
"*05jsc*","Sterlin Thompson","COL","LF,RF,OF,DH","1058","FA","25","100,000","A","19.53","10%","0%"
"*02yoi*","Alex Jackson","MIN","C","1059","FA","30","100,000","A","19.46","1%","0%"
"*03drc*","Aaron Bummer","CHC","RP","1060","FA","32","100,000","A","19.44","2%","0%"
"*0516v*","Zak Kent","WSH","RP","1061","FA","28","100,000","A","19.39","1%","0%"
"*051b4*","Jordan Beck","COL","LF,RF,OF","1062","J&A","25","9,500,000","A","19.29","31%","-1%"
"*03aru*","Joel Payamps","ATL","RP","1063","FA","32","100,000","A","19.06","2%","0%"
"*0516g*","Ryan Ward","LAD","1B,LF,RF,OF","1064","FA","28","100,000","A","19","9%","-1%"
"*04puc*","Bennett Sousa","HOU","RP","1065","FA","31","100,000","A","18.96","4%","0%"
"*06nue*","Joshua Kuroda-Grauer","ATH","3B,SS","1066","FA","23","100,000","A","18.67","33%","0%"
"*04ave*","Leo Rivas","SEA","2B,3B,SS","1067","FA","28","100,000","A","18.53","3%","0%"
"*06mc1*","Trey Gibson","BAL","SP","1068","FA","24","100,000","A","18.05","22%","-1%"
"*04mrn*","Bo Naylor","CLE","C","1069","FA","26","100,000","A","18.01","16%","0%"
"*03dg7*","Austin Slater","TB","LF,RF,OF","1070","FA","33","100,000","A","17.86","1%","0%"
"*05gs4*","Cole Henry","WSH","RP","1071","FA","27","100,000","A","17.76","4%","0%"
"*0641c*","Zach Dezenzo","HOU","LF,OF","1072","Steve","26","1,000,000","A","17.68","5%","0%"
"*05jp5*","Christian Roa","HOU","RP","1073","FA","27","100,000","A","17.45","1%","0%"
"*03mgq*","Jonathan Hernandez","LAD","RP","1074","FA","30","100,000","A","17.32","1%","0%"
"*04pmm*","Nick Sandlin","DET","RP","1075","FA","29","100,000","A","17.29","1%","0%"
"*05r1m*","Jordan Lawlar","ARI","3B,OF","1076","C&G","24","500,000","A","17.26","68%","0%"
"*05mru*","Thomas Saggese","STL","2B,3B,SS,LF,OF","1077","FA","24","100,000","A","17.25","10%","0%"
"*052h8*","Jesus Rodriguez","SF","C","1078","C&G","24","1,000,000","A","17.11","9%","0%"
"*05js7*","Nick Yorke","PIT","2B,3B","1079","FA","24","100,000","A","16.91","13%","0%"
"*025dq*","Taijuan Walker","(N/A)","SP","1080","FA","33","100,000","A","16.81","4%","0%"
"*04aod*","Sebastian Rivero","LAA","C","1081","FA","27","100,000","A","16.78","1%","0%"
"*05gwx*","Petey Halpin","CLE","CF,OF","1082","FA","24","100,000","A","16.76","3%","0%"
"*06ex9*","Brandan Bidois","PIT","RP","1083","FA","25","100,000","A","16.74","3%","0%"
"*04yij*","Riley Cornelio","WSH","SP","1084","FA","26","100,000","A","16.7","5%","0%"
"*06ahu*","Sean Sullivan","COL","SP","1085","FA","23","100,000","A","16.56","6%","0%"
"*0630f*","Gabriel Rincones Jr.","PHI","RF,OF","1086","Steve","25","500,000","A","16.32","11%","0%"
"*041vp*","Santiago Espinal","TEX","2B,3B,OF","1087","FA","31","100,000","A","16.3","2%","0%"
"*04de0*","Ramon Urias","STL","2B,3B","1088","FA","32","100,000","A","16.18","4%","0%"
"*0518r*","Dustin Harris","SD","LF,OF","1089","FA","27","100,000","A","16.16","5%","0%"
"*0403l*","Rafael Marchan","PHI","C","1090","FA","27","100,000","A","16.03","2%","0%"
"*04alq*","Pavin Smith","ARI","1B,DH","1091","FA","30","100,000","A","15.97","8%","-1%"
"*02bq6*","Joe Ross","TEX","SP","1092","FA","33","100,000","A","15.77","1%","0%"
"*04nx3*","Jonathan India","KC","2B,3B,LF,OF,DH","1093","T","29","5,100,000","A","15.75","30%","0%"
"*04afj*","Corbin Martin","CHC","RP","1094","FA","30","100,000","A","15.72","1%","0%"
"*04pq7*","Ryan Weiss","HOU","SP","1095","FA","29","100,000","A","15.69","6%","0%"
"*04eg2*","Charlie Barnes","LAD","SP","1096","FA","30","100,000","A","15.61","0%","0%"
"*03qo2*","LaMonte Wade Jr.","HOU","1B,LF,RF,OF","1097","FA","32","100,000","A","15.28","3%","0%"
"*04ggr*","Jarred Kelenic","TEX","RF,OF","1098","FA","27","100,000","A","15.25","3%","0%"
"*04q0o*","Romy Gonzalez","BOS","1B,2B","1099","FA","29","100,000","A","15.11","16%","-1%"
"*06bpq*","Antwone Kelly","PIT","SP","1100","FA","22","100,000","A","15.07","8%","0%"
"*05y46*","Billy Cook","PIT","LF,CF,RF,OF","1101","FA","27","100,000","A","14.97","2%","0%"
"*03dew*","Brandon Leibrandt","CIN","SP","1102","FA","33","100,000","A","14.8","0%","0%"
"*02i1q*","Orlando Arcia","MIN","2B,3B,SS","1103","FA","31","100,000","A","14.76","3%","0%"
"*05uce*","Brendan Beck","NYY","SP","1104","FA","27","100,000","A","14.71","4%","-1%"
"*06gjo*","Jim Jarvis","ATL","SS","1105","FA","25","100,000","A","14.7","9%","+1%"
"*03qu7*","Nick Madrigal","TB","2B,3B","1106","FA","29","100,000","A","14.6","2%","0%"
"*066db*","Zach Cole Jr.","HOU","LF,OF","1107","FA","25","100,000","A","14.57","13%","0%"
"*0617q*","Bryce Teodosio","LAA","LF,CF,OF","1108","FA","27","100,000","A","14.56","1%","0%"
"*051i0*","Jayden Murray","CHC","RP","1109","FA","29","100,000","A","14.53","1%","0%"
"*062q0*","Brycen Mautz","STL","SP","1110","FA","25","100,000","A","14.4","6%","0%"
"*04nb5*","Hunter Barco","PIT","RP","1111","C&G","25","2,500,000","A","14.19","23%","0%"
"*05192*","Kade Strowd","ARI","RP","1112","FA","28","100,000","A","14.07","3%","0%"
"*04ehv*","Bryce Johnson","SD","LF,CF,OF","1113","FA","30","100,000","A","14.02","1%","0%"
"*01vja*","Max Kepler","ARI","LF,RF,OF","1114","FA","33","100,000","A","14.01","4%","0%"
"*041qs*","Austin Hays","CHW","LF,OF,DH","1115","R&J","31","600,000","A","13.86","19%","0%"
"*05xsv*","Hayden Juenger","ATH","RP","1116","FA","25","100,000","A","13.82","1%","0%"
"*05jqk*","Carson Seymour","SF","RP","1117","FA","27","100,000","A","13.82","2%","0%"
"*06ek4*","Jonah Cox","SF","LF,CF,OF","1118","FA","24","100,000","A","13.64","6%","-1%"
"*01s99*","Travis d'Arnaud","LAA","C","1119","FA","37","100,000","A","13.63","3%","0%"
"*02my5*","Edwin Diaz","LAD","RP","1120","R&J","32","5,300,000","A","13.5","94%","0%"
"*05y29*","Andrew Hoffmann","ARI","RP","1121","FA","26","100,000","A","13.27","2%","0%"
"*05unf*","Denzel Clarke","ATH","CF,OF","1122","FA","26","100,000","A","13.24","15%","0%"
"*04pbp*","Christopher Morel","NYM","1B,LF,OF,DH","1123","FA","27","100,000","A","13.21","11%","0%"
"*0518m*","Jase Bowen","SD","LF,CF,RF,OF","1124","FA","25","100,000","A","13.14","2%","0%"
"*04pmn*","Parker Meadows","DET","CF,OF","1125","Ethan","26","1,500,000","A","13.1","23%","0%"
"*05y34*","Tsung-Che Cheng","BOS","SS","1126","FA","24","100,000","A","13.09","3%","0%"
"*06at1*","Yariel Rodriguez","TOR","RP","1127","FA","29","100,000","A","13.06","5%","0%"
"*04oct*","Josh Rojas","KC","2B,3B","1128","FA","32","100,000","A","12.97","2%","0%"
"*041w8*","Ian Hamilton","ATL","RP","1129","FA","31","100,000","A","12.92","2%","0%"
"*05yhe*","Juan Brito","CLE","2B,SS","1130","FA","24","100,000","A","12.84","13%","0%"
"*0603p*","Hurston Waldrep","ATL","SP","1131","R&J","24","1,000,000","A","12.83","51%","-10%"
"*05yj5*","LuJames Groover","ARI","3B","1132","FA","24","100,000","A","12.82","15%","-1%"
"*04y9h*","Kameron Misner","KC","CF,RF,OF","1133","FA","28","100,000","A","12.73","4%","-1%"
"*05l9g*","Kyle Nicolas","WSH","RP","1134","FA","27","100,000","A","12.71","1%","0%"
"*05jp2*","Jared Shuster","STL","RP","1135","FA","27","100,000","A","12.69","2%","0%"
"*051dq*","Sammy Peralta","LAA","RP","1136","FA","28","100,000","A","12.67","0%","0%"
"*03o43*","Luis Urias","TOR","2B","1137","FA","29","100,000","A","12.64","3%","0%"
"*06hps*","Drew Cavanaugh","SF","C","1138","FA","24","100,000","A","12.51","3%","0%"
"*02ccf*","Tommy Kahnle","BOS","RP","1139","FA","36","100,000","A","12.38","2%","0%"
"*033lr*","Ali Sanchez","NYY","C","1140","FA","29","100,000","A","12.33","1%","0%"
"*0519f*","Nick Sogard","BOS","1B","1141","FA","28","100,000","A","12.32","3%","0%"
"*03d6y*","Connor Joe","SEA","RF,OF","1142","FA","33","100,000","A","12.24","1%","0%"
"*04yfw*","Alek Manoah","LAA","SP","1143","FA","28","100,000","A","12.19","7%","0%"
"*04ps5*","Raynel Delgado","HOU","2B","1144","FA","26","100,000","A","12.18","2%","0%"
"*057zc*","Jonatan Clase","TOR","LF,OF","1145","FA","24","100,000","A","12.17","11%","+2%"
"*04emu*","Eric Wagaman","NYM","1B,LF,OF","1146","FA","28","100,000","A","12.08","4%","0%"
"*06lqo*","Chris Roycroft","TB","RP","1147","FA","29","100,000","A","12.04","0%","0%"
"*04fyo*","Ronny Mauricio","NYM","3B,SS","1148","Brian","25","1,000,000","A","11.99","15%","-1%"
"*06kv1*","Rolddy Munoz","ATL","SP","1149","FA","26","100,000","A","11.93","1%","0%"
"*05u2u*","Tyler Black","MIL","1B","1150","FA","25","100,000","A","11.91","18%","0%"
"*04en9*","Gage Workman","DET","3B","1151","FA","26","100,000","A","11.7","4%","0%"
"*05yhg*","Will Wagner","SD","3B,DH","1152","FA","27","100,000","A","11.68","3%","0%"
"*03yr2*","Yohel Pozo","STL","C","1153","FA","29","100,000","A","11.62","1%","0%"
"*045kb*","Cristian Javier","HOU","SP","1154","Brenden","29","1,200,000","A","11.55","34%","-2%"
"*05lb8*","Zach McCambley","CIN","RP","1155","FA","27","100,000","A","11.55","1%","0%"
"*0648f*","Zach Maxwell","CIN","RP","1156","FA","25","100,000","A","11.5","4%","0%"
"*0614b*","Josh Simpson","SEA","RP","1157","FA","28","100,000","A","11.45","1%","0%"
"*000dp*","Justin Verlander","DET","SP","1158","FA","43","100,000","A","11.4","25%","-1%"
"*04q3n*","Nate Eaton","BOS","RF,OF","1159","FA","29","100,000","A","11.35","2%","-1%"
"*05l9f*","Landon Knack","LAD","SP","1160","Brenden","29","500,000","A","11.29","7%","0%"
"*030ud*","Eloy Jimenez","TOR","LF,RF,OF,DH","1161","FA","29","100,000","A","11.15","3%","0%"
"*06jbm*","Yunior Tur","ATH","SP","1162","FA","26","100,000","A","11.04","1%","+1%"
"*06oo7*","Sean Keys","TOR","1B,3B","1163","W <small>(Sun)</small>","23","100,000","A","10.96","23%","-3%"
"*056c8*","Chadwick Tromp","BAL","C","1164","FA","31","100,000","A","10.93","0%","0%"
"*0310j*","Matt Krook","WSH","RP","1165","FA","31","100,000","A","10.8","0%","0%"
"*03qz9*","Sam Haggerty","CIN","LF,OF","1166","FA","32","100,000","A","10.67","1%","0%"
"*04fqi*","George Valera","CLE","OF,DH","1167","FA","25","100,000","A","10.59","12%","0%"
"*0420g*","Zack Short","NYM","SS","1168","FA","31","100,000","A","10.44","1%","0%"
"*06dqg*","Kade Morris","ATH","SP","1169","FA","24","100,000","A","10.36","4%","0%"
"*05yhl*","Ben Malgeri","DET","CF,RF,OF","1170","FA","26","100,000","A","10.34","2%","0%"
"*0316l*","Austin Voth","(N/A)","SP","1171","FA","34","100,000","A","10.33","0%","0%"
"*0558r*","Junior Perez","CHW","LF,CF,RF,OF","1172","FA","25","100,000","A","10.3","6%","0%"
"*06rkk*","Eduardo Valencia","DET","C,1B","1173","FA","26","100,000","A","10.24","8%","0%"
"*05ajg*","Ha-seong Kim","ATL","SS","1174","FA","30","100,000","A","10.21","17%","0%"
"*05y4k*","Ben Casparius","LAD","RP","1175","FA","27","100,000","A","9.99","8%","0%"
"*05ylp*","Jared Koenig","MIL","RP","1176","Brian","32","1,500,000","A","9.92","12%","-1%"
"*03qn0*","Garrett Stubbs","PHI","C,DH","1177","FA","33","100,000","A","9.9","1%","0%"
"*02mws*","Patrick Wisdom","SEA","1B,3B","1178","FA","34","100,000","A","9.8","1%","0%"
"*05jrs*","Tanner Murray","CHW","2B,3B,SS,LF,OF","1179","FA","26","100,000","A","9.65","3%","0%"
"*03ql8*","Bailey Falter","KC","SP","1180","FA","29","100,000","A","9.63","4%","0%"
"*05uvx*","Cameron Cauley","TEX","2B,SS,CF,OF","1181","FA","23","100,000","A","9.59","14%","-2%"
"*05gx5*","Jose Corniell","TEX","RP","1182","FA","23","100,000","A","9.57","11%","0%"
"*05xp6*","Felix Reyes","PHI","1B,LF,RF,OF","1183","FA","25","100,000","A","9.52","4%","0%"
"*06dqb*","Shane Smith","CHW","SP","1184","J&A","26","5,000,000","A","9.36","39%","0%"
"*02bqr*","Blake Snell","LAD","SP","1185","Kai","33","10,500,000","A","9.32","93%","0%"
"*06alu*","Andre Granillo","DET","RP","1186","FA","26","100,000","A","9.27","1%","0%"
"*066lh*","Cameron Foster","BAL","RP","1187","FA","27","100,000","A","9.23","0%","0%"
"*05raw*","Harry Ford","WSH","C","1188","R&J","23","500,000","A","9.21","40%","+1%"
"*0310a*","Reese McGuire","(N/A)","C","1189","FA","31","100,000","A","9.2","1%","0%"
"*060yn*","Luis Lara","MIL","CF,OF","1190","Max","21","500,000","A","9.15","54%","-1%"
"*06gju*","Rikuu Nishida","CHW","2B,LF,RF,OF","1191","FA","25","100,000","A","9.03","5%","0%"
"*0513s*","John Rave","KC","LF,CF,RF,OF","1192","FA","28","100,000","A","9.01","2%","0%"
"*04pvp*","Michael Helman","TEX","CF,OF","1193","FA","30","100,000","A","8.98","1%","0%"
"*05j8u*","Jhostynxon Garcia","PIT","LF,RF,OF","1194","C&G","23","2,500,000","A","8.97","27%","0%"
"*03qqe*","P.J. Higgins","CIN","C,1B,3B","1195","FA","33","100,000","A","8.85","1%","0%"
"*06dn6*","CJ Kayfus","CLE","1B,RF,OF","1196","FA","24","100,000","A","8.85","17%","0%"
"*04pmo*","Lyon Richardson","MIL","RP","1197","FA","26","100,000","A","8.75","1%","0%"
"*04egq*","Josh Fleming","CHC","RP","1198","FA","30","100,000","A","8.65","0%","0%"
"*06f0k*","Rafael Flores","PIT","1B","1199","FA","25","100,000","A","8.48","5%","0%"
"*05jqi*","Shay Whitcomb","HOU","2B","1200","FA","27","100,000","A","8.45","5%","0%"
"*04psq*","Andrew Wantz","CHC","RP","1201","FA","30","100,000","A","8.41","0%","0%"
"*03yux*","Jose Azocar","ATL","RF,OF","1202","FA","30","100,000","A","8.38","1%","0%"
"*02h98*","Enrique Hernandez","LAD","1B,2B,3B,LF,OF","1203","FA","34","100,000","A","8.3","6%","0%"
"*04nb4*","Rece Hinds","MIA","RF,OF","1204","FA","25","100,000","A","8.13","8%","0%"
"*031cs*","Austin Wynns","TEX","C","1205","FA","35","100,000","A","8.04","1%","0%"
"*04eel*","Stuart Fairchild","SEA","RF,OF","1206","FA","30","100,000","A","7.94","1%","0%"
"*04eii*","Brewer Hicklen","ATL","CF,OF","1207","FA","30","100,000","A","7.77","1%","0%"
"*041tq*","Sam Huff","BAL","C","1208","FA","28","100,000","A","7.76","1%","0%"
"*067xm*","George Klassen","LAA","SP","1209","FA","24","100,000","A","7.71","25%","0%"
"*04eoi*","Ricky Vanasco","DET","SP","1210","FA","27","100,000","A","7.66","1%","0%"
"*041yi*","Miles Mastrobuoni","SEA","2B,3B,RF,OF","1211","FA","30","100,000","A","7.57","2%","0%"
"*06f0z*","Charles McAdoo","TOR","3B","1212","FA","24","100,000","A","7.57","6%","0%"
"*031d9*","Lou Trivino","PHI","RP","1213","FA","34","100,000","A","7.53","0%","0%"
"*05xzr*","Jedixson Paez","BOS","SP","1214","FA","22","100,000","A","7.51","5%","0%"
"*04mdf*","Jerar Encarnacion","(N/A)","OF","1215","FA","28","100,000","A","7.45","2%","0%"
"*05t9n*","Carson Williams","TB","SS","1216","Brian","23","500,000","A","7.41","44%","0%"
"*02c6c*","Aramis Garcia","ARI","C","1217","FA","33","100,000","A","7.34","0%","0%"
"*041rn*","Joey Lucchesi","(N/A)","RP","1218","FA","33","100,000","A","7.25","1%","0%"
"*0662m*","Luis Morales","ATH","SP","1219","FA","23","100,000","A","7.18","25%","0%"
"*05ss9*","Roddery Munoz","HOU","RP","1220","FA","26","100,000","A","7.01","1%","0%"
"*041e3*","Braxton Garrett","MIA","SP","1221","Max","28","3,000,000","A","7","27%","0%"
"*031c4*","Trey Mancini","(N/A)","1B","1222","FA","34","100,000","A","6.99","1%","0%"
"*0517z*","Mitch Spence","KC","RP","1223","FA","28","100,000","A","6.89","2%","0%"
"*04qow*","Kevin Alcantara","CHC","CF,OF","1224","FA","24","100,000","A","6.79","31%","0%"
"*02n1q*","Luke Maile","KC","C","1225","FA","35","100,000","A","6.73","0%","0%"
"*05uo4*","Emiliano Teodo","TEX","RP","1226","FA","25","100,000","A","6.69","9%","0%"
"*032gq*","Rowdy Tellez","ATL","1B","1227","FA","31","100,000","A","6.59","2%","0%"
"*061yt*","Alan Roden","MIN","LF,OF","1228","FA","26","100,000","A","6.53","10%","-1%"
"*02jtq*","Sandy Leon","ATL","C","1229","FA","37","100,000","A","6.45","0%","0%"
"*0312h*","Kyle Farmer","ATL","1B,2B,DH","1230","FA","35","100,000","A","6.4","2%","0%"
"*02bqn*","Michael Kelly","(N/A)","RP","1231","FA","33","100,000","A","6.34","2%","0%"
"*03pjl*","Ryan Mountcastle","BAL","1B,DH","1232","Brenden","29","3,000,000","A","6.34","14%","0%"
"*03qm3*","Tyler Gilbert","CHW","RP","1233","FA","32","100,000","A","6.28","1%","0%"
"*04q63*","Hayden Senger","NYM","C","1234","FA","29","100,000","A","6.23","0%","0%"
"*03et7*","Joey Meneses","ATH","1B","1235","FA","34","100,000","A","6.16","2%","0%"
"*04y11*","Luis Matos","MIL","RF,OF","1236","FA","24","100,000","A","6.11","5%","0%"
"*04afl*","Brendon Little","TOR","RP","1237","FA","29","100,000","A","6.04","5%","0%"
"*05zyb*","Josh White","MIA","RP","1238","FA","25","100,000","A","5.89","3%","0%"
"*04q01*","Justin Dean","CHC","CF,OF","1239","FA","29","100,000","A","5.7","1%","0%"
"*06f0p*","Cooper Ingle","CLE","C","1240","Max","24","2,000,000","A","5.63","26%","-3%"
"*061pi*","Yaramil Hiraldo","BAL","RP","1241","FA","30","100,000","A","5.59","1%","0%"
"*0513g*","Cody Freeman","TEX","2B","1242","FA","25","100,000","A","5.5","3%","0%"
"*06cq8*","Christian Moore","LAA","2B","1243","J&A","23","1,000,000","A","5.49","39%","0%"
"*05oz7*","Jose Butto","SF","RP","1244","FA","28","100,000","A","5.38","4%","0%"
"*03mm4*","Andy Ibanez","NYM","3B","1245","FA","33","100,000","A","5.25","2%","0%"
"*027fx*","Jeimer Candelario","LAA","3B","1246","FA","32","100,000","A","5.2","3%","0%"
"*031bn*","Brian Navarreto","MIA","C","1247","FA","31","100,000","A","4.94","0%","0%"
"*04yte*","Jackson Rutledge","PHI","RP","1248","FA","27","100,000","A","4.94","2%","0%"
"*06tae*","Matt Seelinger","NYM","RP","1249","FA","31","100,000","A","4.92","0%","0%"
"*04qii*","Addison Barger","TOR","3B,RF,OF","1250","ELLY","26","14,100,000","A","4.9","63%","-1%"
"*04yk8*","Wilkin Ramos","SF","RP","1251","FA","25","100,000","A","4.84","0%","0%"
"*065j4*","Collin Price","HOU","C,1B","1252","FA","26","100,000","A","4.83","0%","0%"
"*06qjw*","Lucas Spence","HOU","LF,CF,RF,OF","1253","FA","23","100,000","A","4.83","3%","+1%"
"*01cfr*","Carlos Santana","ATL","1B,DH","1254","FA","40","100,000","A","4.79","6%","0%"
"*04244*","Chuckie Robinson","LAD","C","1255","FA","31","100,000","A","4.69","0%","0%"
"*04yia*","Will Wilson","SEA","2B,3B","1256","FA","27","100,000","A","4.65","2%","0%"
"*04gdz*","Greg Jones","MIL","RF,OF","1257","FA","28","100,000","A","4.55","2%","0%"
"*04psg*","Cesar Salazar","HOU","C","1258","FA","30","100,000","A","4.5","1%","0%"
"*06agh*","Yilber Diaz","DET","SP","1259","FA","25","100,000","A","4.4","5%","0%"
"*0429r*","Max Kranick","WSH","RP","1260","FA","28","100,000","A","4.31","1%","0%"
"*041sd*","Daniel Johnson","(N/A)","OF","1261","FA","31","100,000","A","4.23","0%","0%"
"*04ydt*","Christian Koss","SF","2B","1262","FA","28","100,000","A","4.21","2%","0%"
"*05j94*","Logan Porter","LAA","C","1263","FA","31","100,000","A","4.16","0%","0%"
"*03yxa*","Yunior Marte","(N/A)","RP","1264","FA","31","100,000","A","4.15","0%","0%"
"*066al*","Otto Kemp","PHI","1B,3B,LF,OF","1265","FA","26","100,000","A","4.12","5%","0%"
"*02bwv*","Aaron Brooks","TB","SP","1266","FA","36","100,000","A","4.1","0%","0%"
"*05yfu*","Chad Stevens","COL","2B","1267","FA","27","100,000","A","4.03","1%","0%"
"*05nsq*","Deyvison De Los Santos","MIA","1B,3B","1268","FA","23","100,000","A","3.85","24%","0%"
"*05165*","Will Brennan","SF","RF,OF","1269","FA","28","100,000","A","3.76","2%","0%"
"*03mnq*","Carlos Estevez","KC","RP","1270","FA","33","100,000","A","3.76","59%","-1%"
"*03yxd*","Vidal Brujan","NYM","3B,SS","1271","FA","28","100,000","A","3.69","2%","0%"
"*03qml*","Dylan Moore","PHI","1B,2B,3B,RF,OF","1272","FA","33","100,000","A","3.65","4%","0%"
"*05t5r*","Michael Stefanic","ATH","2B","1273","FA","30","100,000","A","3.63","0%","0%"
"*05rb2*","Jonathan Cannon","CHW","SP","1274","FA","26","100,000","A","3.49","5%","0%"
"*04egt*","Buddy Kennedy","SEA","3B","1275","FA","27","100,000","A","3.45","1%","0%"
"*05ge4*","Jair Camargo","ATL","C","1276","FA","27","100,000","A","3.41","0%","0%"
"*0518b*","Oliver Dunn","TB","3B","1277","FA","28","100,000","A","3.38","1%","0%"
"*04eia*","Jared Oliva","(N/A)","CF,RF,OF","1278","FA","30","100,000","A","3.29","1%","0%"
"*0512r*","Grant McCray","SF","OF","1279","FA","25","100,000","A","3.18","2%","0%"
"*03aoy*","Sean Murphy","ATL","C","1280","FA","31","100,000","A","3.13","20%","0%"
"*03pjc*","Scott Kingery","CHC","2B","1281","FA","32","100,000","A","3.13","1%","0%"
"*05tzg*","Jace Jung","DET","3B","1282","Brenden","25","1,000,000","A","3.06","18%","0%"
"*05uv5*","Abimelec Ortiz","WSH","1B,RF,OF","1283","JD","24","500,000","A","2.96","21%","0%"
"*05tp7*","Tommy White","ATH","3B","1284","FA","23","100,000","A","2.95","39%","+14%"
"*05rcs*","Gabriel Gonzalez","MIN","LF,RF,OF","1285","Ethan","22","500,000","A","2.85","20%","0%"
"*041rz*","Brian Serven","ATH","C","1286","FA","31","100,000","A","2.82","0%","0%"
"*06aw4*","Omar Martinez","LAA","C","1287","FA","25","100,000","A","2.73","0%","0%"
"*05xor*","Christian Encarnacion-Strand","BAL","1B","1288","FA","26","100,000","A","2.65","15%","+3%"
"*05xu2*","Ryan Ritter","COL","2B,SS","1289","FA","25","100,000","A","2.6","6%","0%"
"*05tc7*","Ryan Bliss","SEA","2B","1290","FA","26","100,000","A","2.59","5%","0%"
"*041q1*","Nick Solak","SD","1B","1291","FA","31","100,000","A","2.55","0%","0%"
"*05yhm*","Kyler Fedko","MIN","1B,LF,CF,OF","1292","FA","26","100,000","A","2.53","3%","0%"
"*04gdw*","Johnathan Rodriguez","BAL","RF,OF","1293","FA","26","100,000","A","2.47","4%","0%"
"*05yca*","Brett Harris","BOS","3B","1294","FA","28","100,000","A","2.3","2%","0%"
"*04yew*","Steward Berroa","PHI","CF,OF","1295","FA","27","100,000","A","2.26","1%","0%"
"*025fx*","Tommy Pham","PHI","LF,OF","1296","FA","38","100,000","A","1.98","2%","0%"
"*04069*","Luken Baker","(N/A)","DH","1297","FA","29","100,000","A","1.89","1%","0%"
"*041mc*","Dylan Carlson","(N/A)","LF,RF,OF","1298","FA","27","100,000","A","1.84","2%","0%"
"*0630l*","Nick Morabito","NYM","LF,CF,OF","1299","FA","23","100,000","A","1.7","6%","0%"
"*0513f*","Ivan Johnson","CIN","LF,OF","1300","FA","27","100,000","A","1.67","1%","0%"
"*05gss*","Jeferson Quero","MIL","C","1301","JD","23","500,000","A","1.64","27%","0%"
"*04ug3*","Eliezer Alfonzo","LAD","C","1302","FA","26","100,000","A","1.61","1%","0%"
"*0630j*","Jack Brannigan","PIT","SS","1303","FA","25","100,000","A","1.61","2%","0%"
"*042no*","Oswaldo Cabrera","NYY","3B","1304","FA","27","100,000","A","1.61","4%","0%"
"*05gsd*","Trei Cruz","DET","3B,SS,CF,OF","1305","FA","28","100,000","A","1.61","2%","0%"
"*0514r*","Maverick Handley","ATL","C","1306","FA","28","100,000","A","1.61","0%","0%"
"*04efb*","Blake Hunt","SD","C","1307","FA","27","100,000","A","1.61","1%","0%"
"*05xu8*","Tyler Locklear","ARI","1B","1308","Steve","25","1,000,000","A","1.61","13%","+4%"
"*05gdq*","Cesar Prieto","STL","2B","1309","FA","27","100,000","A","1.61","2%","0%"
"*04pqb*","Michael Siani","BAL","CF,OF","1310","FA","27","100,000","A","1.61","1%","0%"
"*0511s*","Davis Wendzel","(N/A)","SS","1311","FA","29","100,000","A","1.61","1%","0%"
"*03qk3*","Luke Williams","ATL","SS","1312","FA","29","100,000","A","1.61","0%","0%"
"*05r6h*","Dailoui Abad","LAD","RP","1313","FA","24","100,000","A","0","0%","0%"
"*01viz*","Fernando Abad","(N/A)","RP","1314","FA","40","100,000","A","0","0%","0%"
"*04ef6*","Cory Abbott","(N/A)","SP","1315","FA","30","100,000","A","0","0%","0%"
"*05jp8*","Kevin Abel","CIN","SP","1316","FA","27","100,000","A","0","1%","0%"
"*06cme*","Ben Abeldt","TEX","RP","1317","FA","22","100,000","A","0","1%","0%"
"*06kk9*","Jay Abernathy","(N/A)","2B","1318","FA","20","100,000","A","0","0%","0%"
"*06r0a*","Blane Abeyta","ATL","RP","1319","FA","27","100,000","A","0","0%","0%"
"*05y70*","Alaska Abney","CLE","RP","1320","FA","26","100,000","A","0","0%","0%"
"*03xy4*","Albert Abreu","(N/A)","RP","1321","FA","30","100,000","A","0","0%","0%"
"*070ks*","Angel Abreu","CLE","LF,OF","1322","FA","17","100,000","A","0","1%","0%"
"*06rta*","Anthony Abreu","MIA","3B","1323","FA","18","100,000","A","0","0%","0%"
"*0779q*","Ariel Abreu","TEX","SS","1324","FA","17","100,000","A","0","0%","0%"
"*06rqy*","Cristobal Abreu","ATL","RP","1325","FA","20","100,000","A","0","0%","0%"
"*06rhh*","Jesus Abreu","(N/A)","C","1326","FA","20","100,000","A","0","0%","0%"
"*06rw6*","Ranciel Abreu","NYY","SP","1327","FA","19","100,000","A","0","0%","0%"
"*06ifk*","Jhorvic Abreus","CLE","2B","1328","FA","20","100,000","A","0","0%","0%"
"*06z51*","Moises Acacio","LAD","2B","1329","FA","18","100,000","A","0","0%","0%"
"*066m4*","Andy Acevedo","(N/A)","CF,OF","1330","FA","20","100,000","A","0","0%","0%"
"*03bam*","Domingo Acevedo","COL","RP","1331","FA","32","100,000","A","0","0%","0%"
"*06rlp*","Eduardo Acevedo","(N/A)","RF,OF","1332","FA","20","100,000","A","0","0%","0%"
"*06qzl*","Javier Acevedo","PIT","C,1B","1333","FA","19","100,000","A","0","0%","0%"
"*072hg*","Jose Luis Acevedo","BAL","SS","1334","FA","17","100,000","A","0","2%","0%"
"*051m5*","Stiven Acevedo","(N/A)","RF,OF","1335","FA","23","100,000","A","0","0%","0%"
"*06qsv*","Cohen Achen","BAL","RP","1336","FA","24","100,000","A","0","0%","0%"
"*06qv6*","Nate Ackenhausen","KC","RP","1337","FA","24","100,000","A","0","0%","0%"
"*051hu*","Dane Acker","TEX","RP","1338","FA","27","100,000","A","0","0%","0%"
"*06fhz*","Adrian Acosta","(N/A)","RP","1339","FA","21","100,000","A","0","0%","0%"
"*061tn*","Agustin Acosta","LAD","CF,OF","1340","FA","21","100,000","A","0","0%","0%"
"*04nr0*","Aldry Acosta","(N/A)","RP","1341","FA","26","100,000","A","0","0%","0%"
"*06uj5*","Angel Acosta","KC","2B","1342","FA","23","100,000","A","0","0%","0%"
"*06xv5*","Cesar Acosta","NYM","C","1343","FA","17","100,000","A","0","0%","0%"
"*070dm*","Cesar Acosta","NYY","SP","1344","FA","19","100,000","A","0","0%","0%"
"*06ro2*","Cristopher Acosta","MIL","SS","1345","FA","18","100,000","A","0","0%","0%"
"*04c0s*","Daison Acosta","SD","RP","1346","FA","27","100,000","A","0","0%","0%"
"*058ls*","Jose Acosta","(N/A)","2B","1347","FA","26","100,000","A","0","0%","0%"
"*06rsv*","Julio Acosta","CHC","LF,OF","1348","FA","18","100,000","A","0","0%","0%"
"*0744n*","Maikel Acosta","MIA","SS","1349","FA","17","100,000","A","0","0%","0%"
"*0568a*","Maximo Acosta","MIA","3B","1350","FA","23","100,000","A","0","7%","0%"
"*05r96*","Victor Acosta","CIN","2B,SS","1351","FA","22","100,000","A","0","3%","0%"
"*06rwq*","Yeison Acosta","BAL","C","1352","FA","18","100,000","A","0","0%","0%"
"*05xso*","Bryan Acuna","MIN","3B,SS","1353","FA","20","100,000","A","0","3%","0%"
"*04mm0*","Francisco Acuna","SD","SS","1354","FA","26","100,000","A","0","0%","0%"
"*05iym*","Jose Acuna","CIN","SP","1355","FA","23","100,000","A","0","2%","0%"
"*06hth*","Josh Adamczewski","MIL","SS","1356","ELLY","21","500,000","A","0","23%","+1%"
"*03mgf*","Jose Adames","(N/A)","RP","1357","FA","33","100,000","A","0","0%","0%"
"*065jb*","Joe Adametz","TEX","RP","1358","FA","26","100,000","A","0","0%","0%"
"*066jy*","Mark Adamiak","ATH","RP","1359","FA","25","100,000","A","0","0%","0%"
"*02yxi*","Austin Adams","(N/A)","RP","1360","FA","35","100,000","A","0","0%","0%"
"*065nn*","Blake Adams","COL","SP","1361","FA","25","100,000","A","0","0%","0%"
"*06tlh*","Cooper Adams","BOS","RP","1362","FA","26","100,000","A","0","0%","0%"
"*06af9*","Gavin Adams","PIT","RP","1363","FA","23","100,000","A","0","0%","0%"
"*06582*","Luke Adams","MIL","1B,3B","1364","T","22","500,000","A","0","17%","0%"
"*06657*","Mason Adams","CHW","SP","1365","FA","26","100,000","A","0","2%","0%"
"*04azt*","Riley Adams","WSH","C","1366","FA","30","100,000","A","0","1%","0%"
"*03d77*","Spencer Adams","TEX","SP","1367","FA","30","100,000","A","0","0%","0%"
"*06dql*","Zane Adams","BAL","SP","1368","FA","22","100,000","A","0","0%","0%"
"*06hve*","Cody Adcock","CIN","RP","1369","FA","24","100,000","A","0","0%","0%"
"*0516e*","Ty Adcock","SD","RP","1370","FA","29","100,000","A","0","0%","0%"
"*06kja*","Bohan Adderley","NYM","SS","1371","FA","19","100,000","A","0","0%","0%"
"*06ht8*","Zac Addkison","(N/A)","SP","1372","FA","24","100,000","A","0","0%","0%"
"*076ql*","Chase Adkins","LAD","RP","1373","FA","31","100,000","A","0","0%","0%"
"*06hu2*","Chase Adkison","LAD","C","1374","FA","26","100,000","A","0","0%","0%"
"*06483*","Eric Adler","(N/A)","RP","1375","FA","25","100,000","A","0","0%","0%"
"*04pwa*","Ross Adolph","(N/A)","CF,OF","1376","FA","29","100,000","A","0","0%","0%"
"*04ywo*","Joan Adon","(N/A)","SP","1377","FA","27","100,000","A","0","0%","0%"
"*06r7b*","Jarren Advincula","LAA","2B","1378","FA","21","100,000","A","0","0%","0%"
"*06fzk*","Jonah Advincula","CLE","LF,OF","1379","FA","25","100,000","A","0","0%","0%"
"*06z9x*","Brady Afthim","CIN","RP","1380","FA","23","100,000","A","0","0%","0%"
"*06zgv*","Bruin Agbayani","MIN","2B","1381","FA","19","100,000","A","0","4%","0%"
"*06cq5*","Matt Ager","PIT","SP","1382","FA","23","100,000","A","0","1%","0%"
"*05rhq*","Gabriel Agostini","(N/A)","RP","1383","FA","21","100,000","A","0","0%","0%"
"*06cqu*","Ismael Agreda","TEX","SP","1384","FA","22","100,000","A","0","0%","0%"
"*073ng*","Aiden Aguayo","(N/A)","SS","1385","FA","20","100,000","A","0","0%","0%"
"*06qzm*","Erlin Aguero","(N/A)","SP","1386","FA","21","100,000","A","0","0%","0%"
"*04mkq*","Carlos Aguiar","(N/A)","LF,OF","1387","FA","24","100,000","A","0","0%","0%"
"*05yg3*","Julian Aguiar","CIN","SP","1388","FA","25","100,000","A","0","3%","0%"
"*064oa*","Roinny Aguiar","(N/A)","2B","1389","FA","22","100,000","A","0","0%","0%"
"*06hwa*","Luis Aguilar","HOU","RP","1390","FA","22","100,000","A","0","0%","0%"
"*076po*","Manuel Aguilar","NYY","RF,OF","1391","FA","16","100,000","A","0","0%","0%"
"*05rbc*","Starlin Aguilar","SEA","3B","1392","FA","22","100,000","A","0","1%","0%"
"*066b0*","Tayler Aguilar","(N/A)","LF,OF","1393","FA","25","100,000","A","0","0%","0%"
"*06qyb*","Dony Aguilera","CIN","SP","1394","FA","19","100,000","A","0","0%","0%"
"*05ud8*","Gabriel Aguilera","(N/A)","SP","1395","FA","25","100,000","A","0","0%","0%"
"*06qzu*","Luis Aguilera","DET","SS","1396","FA","19","100,000","A","0","0%","0%"
"*06uv7*","Hyun Min Ahn","(N/A)","RF,OF","1397","FA","22","100,000","A","0","0%","0%"
"*0622u*","Maui Ahuna","SF","SS","1398","FA","24","100,000","A","0","1%","0%"
"*06pgr*","Blake Aita","STL","SP","1399","FA","23","100,000","A","0","1%","0%"
"*06r7x*","Allen Ajoti","LAD","C","1400","FA","20","100,000","A","0","0%","0%"
"*06igz*","Yuto Akihiro","(N/A)","1B","1401","FA","23","100,000","A","0","0%","0%"
"*074a6*","Daniel Alana","SEA","C","1402","FA","17","100,000","A","0","0%","0%"
"*06kvr*","Luiyin Alastre","MIL","LF,RF,OF","1403","FA","20","100,000","A","0","0%","0%"
"*0665o*","Max Alba","DET","SP","1404","FA","27","100,000","A","0","0%","0%"
"*06zal*","Hunter Alberini","KC","RP","1405","FA","24","100,000","A","0","0%","0%"
"*06mef*","Albert Alberto","(N/A)","RF,OF","1406","FA","20","100,000","A","0","0%","0%"
"*05rh5*","Alexander Alberto","TB","RP","1407","FA","24","100,000","A","0","2%","0%"
"*04070*","Jose Albertos","CHC","RP","1408","FA","27","100,000","A","0","0%","0%"
"*06428*","Alexander Albertus","CHW","3B","1409","FA","21","100,000","A","0","2%","0%"
"*06hez*","Lou Albrecht","PHI","C","1410","FA","24","100,000","A","0","0%","0%"
"*05tb4*","Luke Albright","(N/A)","RP","1411","FA","26","100,000","A","0","0%","0%"
"*05xo6*","Mason Albright","COL","SP","1412","FA","23","100,000","A","0","1%","0%"
"*06ooc*","Dash Albus","KC","RP","1413","FA","23","100,000","A","0","0%","0%"
"*06l0s*","Damian Alcala","(N/A)","RP","1414","FA","21","100,000","A","0","0%","0%"
"*06rip*","Henniel Alcala","CHC","C","1415","FA","20","100,000","A","0","0%","0%"
"*04ata*","Jorge Alcala","TOR","RP","1416","FA","30","100,000","A","0","1%","0%"
"*06ukl*","Marcelo Alcala","CHW","CF,OF","1417","FA","20","100,000","A","0","0%","0%"
"*0642a*","Moises Alcala","ARI","C","1418","FA","23","100,000","A","0","0%","0%"
"*060oe*","Eliander Alcalde","(N/A)","RP","1419","FA","22","100,000","A","0","0%","0%"
"*06akh*","Alfredo Alcantara","CIN","2B,3B","1420","FA","20","100,000","A","0","1%","0%"
"*06uvu*","Derik Alcantara","CHC","LF,OF","1421","FA","21","100,000","A","0","0%","0%"
"*06u6m*","Eudry Alcantara","CLE","RP","1422","FA","21","100,000","A","0","0%","0%"
"*06yr8*","Fabian Alcantara","SD","RF,OF","1423","FA","20","100,000","A","0","0%","0%"
"*06s46*","Henry Alcantara","SEA","RP","1424","FA","18","100,000","A","0","0%","0%"
"*05uoo*","Ismael Alcantara","(N/A)","CF,OF","1425","FA","27","100,000","A","0","0%","0%"
"*06r3a*","Jhon Alcantara","(N/A)","SP","1426","FA","20","100,000","A","0","0%","0%"
"*076g5*","Jonathan Alcantara","PHI","SS","1427","FA","18","100,000","A","0","0%","0%"
"*06ak2*","Kelvin Alcantara","SEA","RF,OF","1428","FA","20","100,000","A","0","0%","0%"
"*061x3*","Marvin Alcantara","BOS","2B,SS","1429","FA","21","100,000","A","0","1%","0%"
"*060fv*","Raul Alcantara","(N/A)","RP","1430","FA","25","100,000","A","0","0%","0%"
"*02yh9*","Sergio Alcantara","(N/A)","3B,SS","1431","FA","30","100,000","A","0","0%","0%"
"*06uqg*","Stanly Alcantara","NYY","RP","1432","FA","22","100,000","A","0","0%","0%"
"*05r6k*","Austin Aldeano","(N/A)","SP","1433","FA","22","100,000","A","0","0%","0%"
"*06ahe*","Kemp Alderman","MIA","RF,OF","1434","Max","23","200,000","A","0","16%","0%"
"*05geb*","Pablo Aldonis","WSH","RP","1435","FA","24","100,000","A","0","0%","0%"
"*051b7*","Carter Aldrete","(N/A)","2B","1436","FA","28","100,000","A","0","0%","0%"
"*05rcu*","Fran Alduey","(N/A)","3B","1437","FA","22","100,000","A","0","0%","0%"
"*05aof*","Delvis Alegre","(N/A)","SP","1438","FA","25","100,000","A","0","0%","0%"
"*068z4*","Jerson Alejandro","NYY","SP","1439","FA","20","100,000","A","0","1%","0%"
"*06o13*","Frailin Alejo","(N/A)","RP","1440","FA","19","100,000","A","0","0%","0%"
"*06bn4*","Eliesbert Alejos","ARI","3B","1441","FA","20","100,000","A","0","0%","0%"
"*06qov*","Bryce Alewine","DET","RP","1442","FA","21","100,000","A","0","0%","0%"
"*04q23*","CJ Alexander","HOU","1B,3B","1443","FA","30","100,000","A","0","0%","0%"
"*06mhw*","Jesus Alexander","(N/A)","1B","1444","FA","20","100,000","A","0","0%","0%"
"*02hi5*","Scott Alexander","(N/A)","RP","1445","FA","37","100,000","A","0","0%","0%"
"*0429o*","A.J. Alexy","(N/A)","SP","1446","FA","28","100,000","A","0","0%","0%"
"*06s3r*","Jervis Alfaro","CLE","SP","1447","FA","22","100,000","A","0","0%","0%"
"*025iy*","Jorge Alfaro","KC","C","1448","FA","33","100,000","A","0","0%","0%"
"*04epe*","Pedro Alfonseca","(N/A)","RP","1449","FA","28","100,000","A","0","0%","0%"
"*06r5i*","Dayquer Alfonzo","SD","1B","1450","FA","18","100,000","A","0","0%","0%"
"*06rt6*","Eliezer Alfonzo","BOS","2B","1451","FA","18","100,000","A","0","0%","0%"
"*05m6e*","Omar Alfonzo","PIT","C,1B","1452","FA","22","100,000","A","0","1%","0%"
"*02my8*","Anthony Alford","(N/A)","LF,CF,RF,OF","1453","FA","31","100,000","A","0","0%","0%"
"*06rpa*","Peyton Alford","SEA","RP","1454","FA","28","100,000","A","0","0%","0%"
"*06yzk*","Slate Alford","LAA","DH","1455","FA","23","100,000","A","0","0%","0%"
"*05yeh*","Pablo Aliendo","CIN","C,1B","1456","FA","25","100,000","A","0","0%","0%"
"*04yi7*","Matt Allan","NYM","SP","1457","FA","25","100,000","A","0","3%","0%"
"*04q67*","Cam Alldred","(N/A)","SP","1458","FA","29","100,000","A","0","0%","0%"
"*03qkr*","Austin Allen","(N/A)","C","1459","FA","32","100,000","A","0","0%","0%"
"*05y4h*","Brady Allen","(N/A)","CF,OF","1460","FA","26","100,000","A","0","0%","0%"
"*03dez*","Greg Allen","(N/A)","CF,OF","1461","FA","33","100,000","A","0","0%","0%"
"*06z01*","Hunter Allen","BAL","SP","1462","FA","22","100,000","A","0","0%","0%"
"*06mc3*","Iverson Allen","PIT","LF,OF","1463","FA","18","100,000","A","0","0%","0%"
"*05t9f*","Jay Allen","CIN","LF,CF,OF","1464","FA","23","100,000","A","0","4%","0%"
"*03qnb*","Logan Allen","(N/A)","RP","1465","FA","29","100,000","A","0","0%","0%"
"*0665h*","Giullianno Allende","(N/A)","LF,OF","1466","FA","22","100,000","A","0","0%","0%"
"*065nv*","Bubba Alleyne","(N/A)","CF,OF","1467","FA","27","100,000","A","0","0%","0%"
"*06ukk*","Jay Allmer","BOS","RP","1468","FA","24","100,000","A","0","0%","0%"
"*06oo0*","Chase Allsup","BAL","SP","1469","FA","23","100,000","A","0","1%","0%"
"*06zeh*","Darwin Almanzar","MIN","3B","1470","FA","18","100,000","A","0","0%","0%"
"*0730r*","Franyel Almanzar","CHC","SS","1471","FA","17","100,000","A","0","0%","0%"
"*0737h*","Luis Almanzar","TB","LF,RF,OF","1472","FA","17","100,000","A","0","0%","0%"
"*06ytu*","Santiago Almao","TEX","2B","1473","FA","18","100,000","A","0","0%","0%"
"*06qzn*","Jhan Almeida","CIN","SP","1474","FA","21","100,000","A","0","0%","0%"
"*074x9*","Luis Almeida","PIT","SS","1475","FA","18","100,000","A","0","0%","0%"
"*06s3a*","Manuel Almeida","SEA","C","1476","FA","18","100,000","A","0","0%","0%"
"*05u6l*","Luis Almeyda","BAL","3B,SS","1477","FA","20","100,000","A","0","1%","0%"
"*06ky7*","Alexander Almonte","NYY","SP","1478","FA","19","100,000","A","0","0%","0%"
"*0765e*","Aneudy Almonte","LAD","SP","1479","FA","18","100,000","A","0","0%","0%"
"*05m1a*","Ariel Almonte","(N/A)","RF,OF","1480","FA","22","100,000","A","0","1%","0%"
"*06ukj*","Dawil Almonte","(N/A)","RP","1481","FA","24","100,000","A","0","0%","0%"
"*064wf*","Genderson Almonte","(N/A)","SP","1482","FA","22","100,000","A","0","0%","0%"
"*06c4v*","Hancel Almonte","(N/A)","1B","1483","FA","20","100,000","A","0","0%","0%"
"*06rhg*","Jeremy Almonte","MIA","C","1484","FA","20","100,000","A","0","0%","0%"
"*075s7*","Jhon Almonte","LAA","SP","1485","FA","19","100,000","A","0","0%","0%"
"*06ru4*","Keuri Almonte","PIT","SP","1486","FA","20","100,000","A","0","0%","0%"
"*0770q*","Manny Almonte","ARI","1B,RF,OF","1487","FA","17","100,000","A","0","0%","0%"
"*07610*","Raminel Almonte","ARI","SP","1488","FA","19","100,000","A","0","0%","0%"
"*02n7z*","Yency Almonte","LAD","RP","1489","FA","32","100,000","A","0","0%","0%"
"*02i2o*","Albert Almora Jr.","(N/A)","LF,CF,OF","1490","FA","32","100,000","A","0","0%","0%"
"*05r66*","Juan Alonso","(N/A)","CF,OF","1491","FA","22","100,000","A","0","0%","0%"
"*06rqs*","Kuhio Aloy","(N/A)","1B","1492","FA","21","100,000","A","0","0%","0%"
"*06c7b*","Wehiwa Aloy","BAL","SS","1493","FA","22","100,000","A","0","20%","0%"
"*06krv*","Jose Alpuria","ARI","CF,RF,OF","1494","FA","21","100,000","A","0","0%","0%"
"*066s2*","Leandro Alsinois","CHW","RF,OF","1495","FA","21","100,000","A","0","0%","0%"
"*060yv*","Garvin Alston","(N/A)","RP","1496","FA","29","100,000","A","0","0%","0%"
"*05uag*","Ramiro Altagracia","(N/A)","CF,OF","1497","FA","22","100,000","A","0","0%","0%"
"*03dec*","Dan Altavilla","KC","RP","1498","FA","33","100,000","A","0","0%","0%"
"*066do*","Nick Altermatt","CHW","RP","1499","FA","26","100,000","A","0","0%","0%"
"*066ot*","Carlos Altuve","(N/A)","1B","1500","FA","21","100,000","A","0","0%","0%"
"*06yty*","Juan Alva","MIA","1B","1501","FA","20","100,000","A","0","0%","0%"
"*06mi8*","Christopher Alvarado","BOS","3B","1502","FA","19","100,000","A","0","0%","0%"
"*040q1*","Cristian Alvarado","SF","SP","1503","FA","31","100,000","A","0","0%","0%"
"*0749x*","Cristian Alvarado","SEA","SP","1504","FA","23","100,000","A","0","0%","0%"
"*06qxe*","Jose Alvarado","TEX","SP","1505","FA","20","100,000","A","0","0%","0%"
"*075ex*","Wilfred Alvarado","ATH","RP","1506","FA","20","100,000","A","0","0%","0%"
"*076wg*","Alonzo Alvarez","(N/A)","C","1507","FA","20","100,000","A","0","0%","0%"
"*06sas*","Anderson Alvarez","TB","SP","1508","FA","18","100,000","A","0","0%","0%"
"*051h2*","Andres Alvarez","(N/A)","SS","1509","FA","29","100,000","A","0","0%","0%"
"*0420k*","Armando Alvarez","(N/A)","3B","1510","FA","32","100,000","A","0","0%","0%"
"*06r9q*","Carlos Alvarez","SD","SP","1511","FA","18","100,000","A","0","1%","0%"
"*06phb*","Edgar Alvarez","CHC","LF,OF","1512","FA","25","100,000","A","0","0%","0%"
"*06upx*","Efren Alvarez","STL","SP","1513","FA","18","100,000","A","0","0%","0%"
"*067zo*","Erick Alvarez","(N/A)","LF,OF","1514","FA","21","100,000","A","0","0%","0%"
"*06kj3*","Frank Alvarez","(N/A)","RP","1515","FA","27","100,000","A","0","0%","0%"
"*06jfc*","Hayden Alvarez","LAA","CF,OF","1516","FA","19","100,000","A","0","13%","+1%"
"*04si4*","Jhosmer Alvarez","(N/A)","RP","1517","FA","25","100,000","A","0","0%","0%"
"*0763f*","Juan Alvarez","ARI","1B","1518","FA","20","100,000","A","0","0%","0%"
"*06psn*","Kevin Alvarez","HOU","CF,OF","1519","Max","18","500,000","A","0","27%","0%"
"*06m7y*","Luis Alvarez","NYM","RP","1520","FA","23","100,000","A","0","0%","0%"
"*076vo*","Miguel Alvarez","SD","RP","1521","FA","21","100,000","A","0","0%","0%"
"*064da*","Nacho Alvarez","ATL","3B","1522","FA","23","100,000","A","0","7%","0%"
"*04q53*","Nelson Alvarez","(N/A)","RP","1523","FA","28","100,000","A","0","0%","0%"
"*07772*","Robert Alvarez","CLE","C","1524","FA","18","100,000","A","0","0%","0%"
"*06akl*","Xavier Alvero","BAL","SP","1525","FA","20","100,000","A","0","0%","0%"
"*06r84*","Alexander Alzi","(N/A)","1B","1526","FA","19","100,000","A","0","0%","0%"
"*03aqz*","Adbert Alzolay","(N/A)","RP","1527","FA","31","100,000","A","0","2%","0%"
"*04ysv*","Adael Amador","COL","2B","1528","FA","23","100,000","A","0","16%","0%"
"*0669s*","Alex Amalfi","TOR","RP","1529","FA","25","100,000","A","0","0%","0%"
"*06hsg*","Austin Amaral","WSH","RP","1530","FA","24","100,000","A","0","0%","0%"
"*04pxk*","Daniel Amaral","SEA","CF,OF","1531","FA","29","100,000","A","0","0%","0%"
"*06rn0*","Juan Amarante","PHI","SP","1532","FA","22","100,000","A","0","0%","0%"
"*05wdl*","Carlos Amaya","(N/A)","C","1533","FA","24","100,000","A","0","0%","0%"
"*04elh*","Jacob Amaya","ARI","SS","1534","FA","27","100,000","A","0","1%","0%"
"*0737j*","Loidel Amaya","ARI","CF,OF","1535","FA","17","100,000","A","0","0%","0%"
"*06fz5*","Kyle Amendt","ARI","RP","1536","FA","26","100,000","A","0","1%","0%"
"*06cgg*","Billy Amick","MIN","1B,3B","1537","FA","23","100,000","A","0","6%","0%"
"*06giv*","Ryan Ammons","NYM","RP","1538","FA","25","100,000","A","0","0%","0%"
"*06kyb*","Brayan Amoroso","STL","1B","1539","FA","19","100,000","A","0","0%","0%"
"*06qva*","Luis Amoroso","(N/A)","RP","1540","FA","26","100,000","A","0","0%","0%"
"*066nw*","Edwin Amparo","BAL","2B","1541","FA","0","100,000","A","0","0%","0%"
"*06ifj*","Felix Amparo","BAL","2B","1542","FA","20","100,000","A","0","0%","0%"
"*06v4w*","Yunior Amparo","NYM","1B","1543","FA","19","100,000","A","0","1%","0%"
"*04psp*","Jake Anchia","(N/A)","C,DH","1544","FA","29","100,000","A","0","0%","0%"
"*06m5g*","Aidan Anderson","TEX","RP","1545","FA","29","100,000","A","0","0%","0%"
"*05yiu*","Antonio Anderson","BOS","1B,3B","1546","FA","21","100,000","A","0","1%","0%"
"*0519l*","Ben Anderson","TEX","SP","1547","FA","28","100,000","A","0","0%","0%"
"*06gjs*","Casey Anderson","ARI","RP","1548","FA","25","100,000","A","0","0%","0%"
"*026k6*","Chase Anderson","(N/A)","RP","1549","FA","38","100,000","A","0","0%","0%"
"*06r8a*","Colin Anderson","(N/A)","3B","1550","FA","16","100,000","A","0","0%","0%"
"*06dqr*","Ethan Anderson","BAL","C,1B","1551","FA","22","100,000","A","0","2%","0%"
"*041m0*","Ian Anderson","(N/A)","SP","1552","FA","28","100,000","A","0","1%","0%"
"*06me6*","Jose Anderson","MIL","CF,RF,OF","1553","FA","19","100,000","A","0","3%","0%"
"*03do2*","Justin Anderson","(N/A)","RP","1554","FA","33","100,000","A","0","0%","0%"
"*05ydp*","Kade Anderson","SEA","SP","1555","ELLY","22","500,000","A","0","69%","+1%"
"*06ugt*","Luke Anderson","(N/A)","SP","1556","FA","27","100,000","A","0","0%","0%"
"*06dmp*","Max Anderson","DET","2B","1557","Brenden","24","500,000","A","0","21%","0%"
"*0519k*","Ryan Anderson","(N/A)","RP","1558","FA","28","100,000","A","0","0%","0%"
"*03110*","Tim Anderson","(N/A)","2B,SS","1559","FA","33","100,000","A","0","0%","0%"
"*026mq*","Tyler Anderson","(N/A)","SP","1560","FA","36","100,000","A","0","2%","0%"
"*064r6*","Bryan Andrade","ATH","3B","1561","FA","21","100,000","A","0","0%","0%"
"*06rl1*","Kleyderve Andrade","PHI","RP","1562","FA","23","100,000","A","0","0%","0%"
"*06qhs*","Ryan Andrade","TB","SP","1563","FA","23","100,000","A","0","0%","0%"
"*04pzw*","Clayton Andrews","(N/A)","SP","1564","FA","29","100,000","A","0","0%","0%"
"*05xst*","EJ Andrews","(N/A)","LF,RF,OF","1565","FA","25","100,000","A","0","0%","0%"
"*02bsc*","Matt Andriese","(N/A)","RP","1566","FA","36","100,000","A","0","0%","0%"
"*04ug1*","Axel Andueza","(N/A)","RP","1567","FA","27","100,000","A","0","0%","0%"
"*06ibr*","Ashly Andujar","COL","SS","1568","FA","18","100,000","A","0","1%","0%"
"*06z4f*","Louis Andujar","BOS","3B","1569","FA","18","100,000","A","0","2%","0%"
"*06v2z*","Luis Andujar","BAL","RP","1570","FA","20","100,000","A","0","0%","0%"
"*04nat*","Nick Anello","(N/A)","RP","1571","FA","0","100,000","A","0","0%","0%"
"*051jv*","Euribiel Angeles","ATH","2B,3B,SS","1572","FA","24","100,000","A","0","1%","0%"
"*06zb5*","Gensi Angeles","ATL","RP","1573","FA","18","100,000","A","0","0%","0%"
"*06gja*","Roman Angelo","ARI","SP","1574","FA","26","100,000","A","0","0%","0%"
"*06v50*","Alan Angulo","KC","2B","1575","FA","18","100,000","A","0","0%","0%"
"*070d8*","Beau Ankeney","DET","1B","1576","FA","23","100,000","A","0","0%","0%"
"*066fq*","Eli Ankeney","NYM","RP","1577","FA","25","100,000","A","0","0%","0%"
"*06z3w*","Jack Anker","PIT","RP","1578","FA","22","100,000","A","0","0%","0%"
"*036ll*","Tomohiro Anraku","(N/A)","SP","1579","FA","29","100,000","A","0","0%","0%"
"*062e7*","Keaton Anthony","PHI","1B","1580","FA","25","100,000","A","0","1%","0%"
"*05y44*","Mike Antico","COL","LF,RF,OF","1581","FA","28","100,000","A","0","0%","0%"
"*05zju*","Ariel Antigua","(N/A)","SS","1582","FA","21","100,000","A","0","0%","0%"
"*060p3*","Donovan Antonia","(N/A)","2B","1583","FA","22","100,000","A","0","0%","0%"
"*051e1*","Aaron Antonini","(N/A)","C","1584","FA","27","100,000","A","0","0%","0%"
"*06rnz*","Rayven Antonio","ATL","SP","1585","FA","20","100,000","A","0","1%","0%"
"*06k7w*","Andreimi Antunez","TB","SS","1586","FA","19","100,000","A","0","1%","0%"
"*06r5o*","Brailyn Antunez","MIL","CF,OF","1587","FA","18","100,000","A","0","4%","0%"
"*061yx*","Wuilfredo Antunez","PHI","LF,RF,OF","1588","FA","24","100,000","A","0","1%","0%"
"*06qxj*","Koyo Aoyagi","(N/A)","RP","1589","FA","32","100,000","A","0","0%","0%"
"*072yw*","Tom Apfelbaum","LAD","SP","1590","FA","17","100,000","A","0","0%","0%"
"*06rpo*","Garrett Apker","HOU","RP","1591","FA","26","100,000","A","0","0%","0%"
"*073k3*","Jeremias Aponte Aponte","CHW","LF,RF,OF","1592","FA","18","100,000","A","0","0%","0%"
"*06rno*","Liberts Aponte","CIN","SS","1593","FA","18","100,000","A","0","2%","0%"
"*06rn4*","Oswaldo Aponte","MIA","SP","1594","FA","20","100,000","A","0","0%","0%"
"*05rgp*","Yhoangel Aponte","(N/A)","RF,OF","1595","FA","22","100,000","A","0","0%","0%"
"*06pgm*","Jackson Appel","CHW","C","1596","FA","24","100,000","A","0","0%","0%"
"*06qyv*","Cam Appenzeller","(N/A)","SP","1597","FA","19","100,000","A","0","1%","0%"
"*06ptv*","Cesar Aquino","PIT","RP","1598","FA","21","100,000","A","0","0%","0%"
"*06rvy*","Derik Aquino","LAD","RP","1599","FA","19","100,000","A","0","0%","0%"
"*062po*","Patricio Aquino","MIL","RP","1600","FA","23","100,000","A","0","0%","0%"
"*06m7d*","Wellington Aracena","ARI","SP","1601","FA","21","100,000","A","0","3%","0%"
"*076s0*","Leudy Arache","COL","CF,OF","1602","FA","18","100,000","A","0","0%","0%"
"*06uwm*","Luis Arana","MIA","3B,SS","1603","FA","18","100,000","A","0","6%","0%"
"*06l0v*","Jhonny Aranguren","TB","RP","1604","FA","19","100,000","A","0","0%","0%"
"*06y7q*","Anderson Araujo","PHI","C","1605","FA","18","100,000","A","0","1%","0%"
"*06mv0*","Juan Araujo","(N/A)","2B","1606","FA","19","100,000","A","0","0%","0%"
"*03nrm*","Jonathan Arauz","(N/A)","2B","1607","FA","27","100,000","A","0","0%","0%"
"*06r19*","Adrian Aray","(N/A)","SP","1608","FA","19","100,000","A","0","0%","0%"
"*06r4b*","Cristian Aray","SEA","SP","1609","FA","19","100,000","A","0","0%","0%"
"*070bm*","Jack Arcamone","(N/A)","C","1610","FA","22","100,000","A","0","0%","0%"
"*06qia*","Nathan Archer","CHW","LF,OF","1611","FA","23","100,000","A","0","0%","0%"
"*06z9w*","Bryce Archie","CIN","RP","1612","FA","22","100,000","A","0","0%","0%"
"*06k8b*","Pascual Archila","TOR","CF,OF","1613","FA","19","100,000","A","0","0%","0%"
"*06r1l*","Wilinyer Ardiles","CLE","SP","1614","FA","18","100,000","A","0","0%","0%"
"*06xv4*","Adrian Ardines","HOU","RP","1615","FA","19","100,000","A","0","1%","0%"
"*0647o*","Silas Ardoin","BAL","C,1B","1616","FA","25","100,000","A","0","0%","0%"
"*06ybb*","Anderson Areinamo","HOU","SS","1617","FA","19","100,000","A","0","0%","0%"
"*062l0*","Jadher Areinamo","TB","2B,SS","1618","FA","22","100,000","A","0","6%","0%"
"*06o0i*","Derek Arellan","(N/A)","RP","1619","FA","20","100,000","A","0","0%","0%"
"*067zh*","Joneiker Arellano","(N/A)","SP","1620","FA","21","100,000","A","0","0%","0%"
"*06mei*","Nathan Arends","ATH","RP","1621","FA","19","100,000","A","0","0%","0%"
"*070dw*","Bryan Arendt","ATH","C","1622","FA","23","100,000","A","0","0%","0%"
"*06iey*","Luis Arestigueta","ATL","SP","1623","FA","20","100,000","A","0","0%","0%"
"*05xah*","Angel Arevalo","(N/A)","SS","1624","FA","22","100,000","A","0","0%","0%"
"*06uow*","Marco Argudin","TEX","CF,OF","1625","FA","20","100,000","A","0","0%","0%"
"*06ru3*","Anthony Arguelles","(N/A)","RP","1626","FA","25","100,000","A","0","0%","0%"
"*06kkn*","Cristian Arguelles","COL","CF,OF","1627","C&G","19","100,000","A","0","10%","+1%"
"*06jhk*","Joaquin Arias Jr.","TEX","LF,OF","1628","FA","19","100,000","A","0","0%","0%"
"*06ic7*","Andres Arias","TOR","LF,OF","1629","FA","19","100,000","A","0","1%","0%"
"*066ne*","Benjamin Arias","(N/A)","RP","1630","FA","24","100,000","A","0","0%","0%"
"*06c2w*","Chalniel Arias","NYY","RP","1631","FA","22","100,000","A","0","0%","0%"
"*06rhz*","Cruzmel Arias","COL","1B","1632","FA","22","100,000","A","0","0%","0%"
"*06r1h*","Dariel Arias","CLE","RF,OF","1633","FA","19","100,000","A","0","0%","0%"
"*05yg0*","Daury Arias","(N/A)","CF,OF","1634","FA","24","100,000","A","0","0%","0%"
"*0586v*","Dayeison Arias","(N/A)","RP","1635","FA","29","100,000","A","0","0%","0%"
"*04of1*","Diosbel Arias","(N/A)","SS","1636","FA","29","100,000","A","0","0%","0%"
"*06ukq*","Eligio Arias","PHI","RP","1637","FA","23","100,000","A","0","0%","0%"
"*06id7*","Frankeli Arias","CHW","RP","1638","FA","23","100,000","A","0","0%","0%"
"*06c78*","Franklin Arias","BOS","SS","1639","T","20","500,000","A","0","50%","0%"
"*06mt3*","Gregori Arias","MIA","SS","1640","FA","19","100,000","A","0","0%","0%"
"*06ukd*","Isael Arias","NYY","CF,OF","1641","FA","20","100,000","A","0","0%","0%"
"*05yee*","Jaime Arias","(N/A)","RP","1642","FA","0","100,000","A","0","0%","0%"
"*06ibt*","Jalvin Arias","PHI","LF,OF","1643","FA","19","100,000","A","0","1%","0%"
"*06uqf*","Jesmaylin Arias","SD","RF,OF","1644","FA","19","100,000","A","0","0%","0%"
"*061yn*","Jordy Arias","(N/A)","RP","1645","FA","20","100,000","A","0","0%","0%"
"*05yiq*","Leandro Arias","BAL","3B,SS","1646","FA","21","100,000","A","0","1%","0%"
"*05l1p*","Luarbert Arias","(N/A)","RP","1647","FA","25","100,000","A","0","0%","0%"
"*06bt5*","Luis Arias","WSH","3B","1648","FA","21","100,000","A","0","0%","0%"
"*06ax0*","Michael Arias","NYY","SP","1649","FA","24","100,000","A","0","2%","0%"
"*072fm*","Randy Arias","HOU","SS","1650","FA","17","100,000","A","0","0%","0%"
"*066mw*","Rayner Arias","SF","LF,RF,OF","1651","FA","20","100,000","A","0","6%","0%"
"*06ibn*","Robert Arias","CLE","CF,OF","1652","FA","19","100,000","A","0","10%","0%"
"*05gec*","Roderick Arias","NYY","SS","1653","FA","21","100,000","A","0","10%","0%"
"*072xt*","Rubel Arias","LAD","CF,OF","1654","FA","17","100,000","A","0","1%","0%"
"*05ui6*","Victor Arias","TOR","CF,OF","1655","FA","22","100,000","A","0","2%","0%"
"*06o0q*","Wander Arias","(N/A)","RP","1656","FA","26","100,000","A","0","0%","0%"
"*06uqe*","Yeimison Arias","(N/A)","RP","1657","FA","21","100,000","A","0","0%","0%"
"*05gdd*","Kohei Arihara","(N/A)","SP","1658","FA","33","100,000","A","0","0%","0%"
"*06z16*","Joe Ariola","ARI","RP","1659","FA","22","100,000","A","0","0%","0%"
"*05r5y*","Luis Ariza","(N/A)","SS","1660","FA","22","100,000","A","0","0%","0%"
"*06pgg*","Ariel Armas","CHC","C","1661","FA","23","100,000","A","0","0%","0%"
"*05yo1*","Justin Armbruester","NYM","RP","1662","FA","27","100,000","A","0","0%","0%"
"*06ukp*","Will Armbruester","SEA","RP","1663","FA","25","100,000","A","0","0%","0%"
"*05xnl*","Erubiel Armenta","(N/A)","RP","1664","FA","26","100,000","A","0","0%","0%"
"*03yvj*","Lazaro Armenteros","(N/A)","LF,OF","1665","FA","27","100,000","A","0","0%","0%"
"*06qlf*","Eldridge Armstrong III","(N/A)","RP","1666","FA","23","100,000","A","0","0%","0%"
"*0778c*","Ian Armstrong","(N/A)","C","1667","FA","20","100,000","A","0","0%","0%"
"*05t91*","Ivan Armstrong","(N/A)","RP","1668","FA","25","100,000","A","0","0%","0%"
"*06hun*","Sam Armstrong","MIN","SP","1669","FA","25","100,000","A","0","0%","0%"
"*073kc*","Tyce Armstrong","(N/A)","1B","1670","FA","22","100,000","A","0","0%","0%"
"*06htr*","Bryce Arnold","(N/A)","2B,LF,OF","1671","FA","24","100,000","A","0","0%","0%"
"*07797*","Grant Arnold","(N/A)","C","1672","FA","16","100,000","A","0","0%","0%"
"*06ktt*","Jamie Arnold","ATH","SP","1673","Brenden","22","500,000","A","0","48%","0%"
"*06hwl*","Zach Arnold","(N/A)","1B,3B","1674","FA","25","100,000","A","0","0%","0%"
"*04o30*","Jeremy Arocho","(N/A)","3B","1675","FA","27","100,000","A","0","0%","0%"
"*062xz*","Erick Arosemena","(N/A)","CF,OF","1676","FA","21","100,000","A","0","0%","0%"
"*06hss*","Pablo Arosemena","CLE","1B","1677","FA","20","100,000","A","0","0%","0%"
"*06zcg*","Anson Aroz","LAD","LF,OF","1678","FA","23","100,000","A","0","0%","0%"
"*06pg6*","Aiva Arquette","MIA","SS","1679","Steve","22","500,000","A","0","38%","0%"
"*05u1v*","Cade Arrambide","(N/A)","C","1680","FA","20","100,000","A","0","0%","0%"
"*06jfj*","Angel Arredondo","TEX","3B","1681","FA","19","100,000","A","0","0%","0%"
"*06r7y*","Esmeiquel Arrieche","TOR","C","1682","FA","19","100,000","A","0","0%","0%"
"*06r57*","Gregori Arrieche","SEA","SP","1683","FA","24","100,000","A","0","0%","0%"
"*06g2a*","Felix Arronde","KC","SP","1684","FA","23","100,000","A","0","2%","0%"
"*06tn4*","Carlos Arroyo","(N/A)","2B","1685","FA","25","100,000","A","0","0%","0%"
"*06yjv*","Chris Arroyo","MIA","1B","1686","FA","21","100,000","A","0","1%","0%"
"*0310e*","Christian Arroyo","NYM","1B","1687","FA","31","100,000","A","0","0%","0%"
"*05yid*","Michael Arroyo","SEA","2B","1688","R&J","21","500,000","A","0","36%","0%"
"*06uko*","Rowell Arroyo","CHC","RP","1689","FA","21","100,000","A","0","0%","0%"
"*06r3e*","Samuel Arroyo","(N/A)","C","1690","FA","19","100,000","A","0","0%","0%"
"*072fb*","Landon Arroyos","HOU","SS","1691","FA","19","100,000","A","0","0%","0%"
"*0518l*","J.T. Arruda","SEA","2B,SS","1692","FA","28","100,000","A","0","0%","0%"
"*05gsf*","Aeverson Arteaga","SF","SS","1693","FA","23","100,000","A","0","2%","0%"
"*06c2i*","Andru Arthur","STL","CF,OF","1694","FA","20","100,000","A","0","0%","0%"
"*060xx*","Reny Artiles","(N/A)","RP","1695","FA","24","100,000","A","0","0%","0%"
"*0749y*","German Arvayo","SEA","SP","1696","FA","19","100,000","A","0","0%","0%"
"*06tle*","Johnny Ascanio","CIN","2B,3B","1697","FA","23","100,000","A","0","0%","0%"
"*06qtn*","Evan Aschenbeck","CHC","SP","1698","FA","25","100,000","A","0","0%","0%"
"*06akk*","Enderson Asencio","(N/A)","1B","1699","FA","20","100,000","A","0","0%","0%"
"*06ic6*","Vladimir Asencio","(N/A)","LF,OF","1700","FA","19","100,000","A","0","0%","0%"
"*064w9*","Yosander Asencio","(N/A)","LF,OF","1701","FA","21","100,000","A","0","0%","0%"
"*06tla*","Konnor Ash","(N/A)","RP","1702","FA","27","100,000","A","0","0%","0%"
"*06qo7*","Micah Ashman","BAL","RP","1703","FA","23","100,000","A","0","1%","0%"
"*06lfh*","Albertson Asigen","(N/A)","LF,OF","1704","FA","24","100,000","A","0","0%","0%"
"*071wa*","Wandy Asigen","NYM","SS","1705","ELLY","16","500,000","A","0","25%","0%"
"*05ynj*","Keyshawn Askew","(N/A)","RP","1706","FA","26","100,000","A","0","0%","0%"
"*06c8r*","Paulo Asprilla","STL","C","1707","FA","20","100,000","A","0","0%","0%"
"*07101*","Anthony Astudillo","TEX","SP","1708","FA","21","100,000","A","0","0%","0%"
"*06qxx*","Christian Astudillo","BAL","C","1709","FA","19","100,000","A","0","0%","0%"
"*070ku*","Jose Astudillo","SF","LF,OF","1710","FA","22","100,000","A","0","0%","0%"
"*05yls*","Jose Atencio","LAA","SP","1711","FA","24","100,000","A","0","0%","0%"
"*05y4w*","Mason Auer","(N/A)","RP","1712","FA","25","100,000","A","0","1%","0%"
"*05r9x*","Brett Auerbach","(N/A)","2B,3B","1713","FA","27","100,000","A","0","0%","0%"
"*06pq5*","Brooks Auger","LAD","SP","1714","FA","24","100,000","A","0","1%","0%"
"*06raa*","Jose Aular","(N/A)","1B","1715","FA","22","100,000","A","0","0%","0%"
"*062e3*","Cade Austin","MIA","RP","1716","FA","24","100,000","A","0","0%","0%"
"*06qle*","Channing Austin","NYM","SP","1717","FA","24","100,000","A","0","0%","0%"
"*06hhl*","Kelly Austin","NYY","RP","1718","FA","25","100,000","A","0","0%","0%"
"*06gjb*","Morris Austin","CHW","RP","1719","FA","26","100,000","A","0","0%","0%"
"*06ms6*","RJ Austin","BAL","2B","1720","FA","22","100,000","A","0","1%","0%"
"*06qjv*","Trevor Austin","HOU","2B,3B","1721","FA","24","100,000","A","0","0%","0%"
"*02hma*","Tyler Austin","CHC","1B","1722","FA","34","100,000","A","0","1%","0%"
"*06gj6*","Zack Austin","(N/A)","RP","1723","FA","25","100,000","A","0","0%","0%"
"*04ycp*","Drew Avans","COL","LF,OF","1724","FA","30","100,000","A","0","0%","0%"
"*06fzc*","Corey Avant","ATH","SP","1725","FA","24","100,000","A","0","0%","0%"
"*05r68*","Carlos Avila","(N/A)","C","1726","FA","22","100,000","A","0","0%","0%"
"*06rpd*","Luis Avila","PHI","RP","1727","FA","23","100,000","A","0","0%","0%"
"*066sq*","Nick Avila","(N/A)","RP","1728","FA","28","100,000","A","0","0%","0%"
"*03to4*","Pedro Avila","(N/A)","SP","1729","FA","29","100,000","A","0","1%","0%"
"*03c6o*","Luis Aviles","(N/A)","SS","1730","FA","31","100,000","A","0","0%","0%"
"*05y4t*","Jace Avina","NYY","LF,CF,RF,OF","1731","FA","23","100,000","A","0","3%","0%"
"*066ky*","Daniel Avitia","CHC","SP","1732","FA","23","100,000","A","0","0%","0%"
"*06iff*","Yelserth Ayala","(N/A)","2B","1733","FA","20","100,000","A","0","0%","0%"
"*06rqw*","Junior Aybar","BAL","LF,OF","1734","FA","20","100,000","A","0","0%","0%"
"*061zp*","Nicandro Aybar","TB","LF,OF","1735","FA","21","100,000","A","0","0%","0%"
"*06qw3*","Cole Ayers","(N/A)","RP","1736","FA","26","100,000","A","0","0%","0%"
"*06qtv*","Kyle Ayers","ARI","RP","1737","FA","23","100,000","A","0","0%","0%"
"*06ool*","Owen Ayers","CHC","C","1738","C&G","25","1,200,000","A","0","12%","+1%"
"*06qp7*","Isaac Ayon","LAD","SP","1739","FA","24","100,000","A","0","0%","0%"
"*06r40*","Karim Ayubi","(N/A)","CF,OF","1740","FA","22","100,000","A","0","0%","0%"
"*06nln*","Enddy Azocar","BOS","CF,OF","1741","FA","19","100,000","A","0","12%","0%"
"*07611*","Gabriel Azocar","PHI","C","1742","FA","18","100,000","A","0","0%","0%"
"*06ktp*","Katsuki Azuma","(N/A)","SP","1743","FA","30","100,000","A","0","0%","0%"
"*0669o*","Tyler Baca","(N/A)","CF,OF","1744","FA","26","100,000","A","0","0%","0%"
"*051e3*","Mahki Backstrom","(N/A)","1B","1745","FA","24","100,000","A","0","0%","0%"
"*041qi*","Akil Baddoo","MIL","LF,OF","1746","FA","27","100,000","A","0","1%","0%"
"*04lcq*","Ji-Hwan Bae","NYM","LF,CF,OF","1747","FA","26","100,000","A","0","1%","0%"
"*05iyp*","Henry Baez","ATH","SP","1748","Steve","23","500,000","A","0","5%","0%"
"*06c8q*","Jarol Baez","STL","RP","1749","FA","20","100,000","A","0","0%","0%"
"*061rf*","Jesus Baez","STL","3B,SS","1750","JD","21","500,000","A","0","11%","0%"
"*06ukn*","Jhoster Baez","HOU","RP","1751","FA","21","100,000","A","0","0%","0%"
"*05rcf*","Joshua Baez","STL","CF,RF,OF","1752","B&A","23","500,000","A","0","60%","-1%"
"*06c2b*","Juan Baez","MIL","2B,3B","1753","FA","21","100,000","A","0","1%","0%"
"*060fy*","Luis Baez","(N/A)","RF,OF","1754","FA","22","100,000","A","0","3%","0%"
"*06sbq*","Malvin Baez","ARI","SP","1755","FA","18","100,000","A","0","0%","0%"
"*06rtm*","Manuel Baez","SEA","C","1756","FA","21","100,000","A","0","0%","0%"
"*06c3t*","Mario Baez","ATL","2B","1757","FA","19","100,000","A","0","1%","0%"
"*06rj7*","Michael Baez","(N/A)","1B","1758","FA","21","100,000","A","0","0%","0%"
"*04akb*","Michel Baez","(N/A)","RP","1759","FA","30","100,000","A","0","0%","0%"
"*065np*","Nate Baez","BOS","C,1B","1760","FA","25","100,000","A","0","0%","0%"
"*06pk6*","Ethan Bagwell","ATL","SP","1761","FA","20","100,000","A","0","3%","0%"
"*06v61*","Carson Bailey","(N/A)","SP","1762","FA","20","100,000","A","0","0%","0%"
"*06iex*","Myles Bailey","CHC","1B","1763","FA","21","100,000","A","0","0%","0%"
"*06sj5*","Smith Bailey","(N/A)","SP","1764","FA","20","100,000","A","0","0%","0%"
"*06mbr*","J.T. Bain","TOR","RF,OF","1765","FA","19","100,000","A","0","0%","0%"
"*06hov*","Alec Baker","ARI","SP","1766","FA","26","100,000","A","0","0%","0%"
"*051co*","Andrew Baker","COL","RP","1767","FA","26","100,000","A","0","0%","0%"
"*05g47*","Darren Baker","CHW","2B,LF,OF","1768","FA","27","100,000","A","0","0%","0%"
"*05uac*","Dru Baker","CHW","LF,CF,RF,OF","1769","FA","26","100,000","A","0","1%","0%"
"*06kug*","Tavano Baker","BOS","LF,OF","1770","FA","19","100,000","A","0","0%","0%"
"*06zax*","Trace Baker","TOR","RP","1771","FA","22","100,000","A","0","0%","0%"
"*05ynn*","Trent Baker","MIN","SP","1772","FA","27","100,000","A","0","0%","0%"
"*06sb7*","Yorsua Balanta","DET","RP","1773","FA","20","100,000","A","0","0%","0%"
"*041sc*","Jordan Balazovic","(N/A)","SP","1774","FA","27","100,000","A","0","1%","0%"
"*066k1*","Thomas Balboni Jr.","NYY","RP","1775","FA","26","100,000","A","0","0%","0%"
"*05unp*","Leo Balcazar","CIN","2B,SS","1776","FA","22","100,000","A","0","3%","0%"
"*060w2*","Dayker Baldallo","(N/A)","SS","1777","FA","22","100,000","A","0","0%","0%"
"*06hq2*","Merrick Baldo","WSH","RP","1778","FA","26","100,000","A","0","0%","0%"
"*062z3*","Brooks Baldwin","CHW","3B,LF,CF,RF,OF","1779","FA","25","100,000","A","0","8%","0%"
"*051is*","Bryce Ball","(N/A)","1B","1780","FA","28","100,000","A","0","0%","0%"
"*073nf*","Ethan Ball","(N/A)","2B","1781","FA","19","100,000","A","0","0%","0%"
"*06uwn*","Brady Ballinger","(N/A)","1B","1782","FA","21","100,000","A","0","0%","0%"
"*06rsx*","Bryan Balzer","SD","SP","1783","FA","21","100,000","A","0","1%","0%"
"*06fqt*","Scott Bandura","SF","LF,RF,OF","1784","FA","24","100,000","A","0","0%","0%"
"*04n1p*","Will Banfield","CIN","C","1785","FA","26","100,000","A","0","0%","0%"
"*072ap*","Max Banks","CHW","SP","1786","FA","23","100,000","A","0","0%","0%"
"*06qvs*","Teo Banks","WSH","CF,RF,OF","1787","FA","23","100,000","A","0","0%","0%"
"*04eiz*","Rylan Bannon","(N/A)","3B,SS","1788","FA","30","100,000","A","0","0%","0%"
"*04eh1*","David Banuelos","MIN","DH","1789","FA","29","100,000","A","0","0%","0%"
"*066mj*","Anthony Baptist","(N/A)","CF,OF","1790","FA","20","100,000","A","0","0%","0%"
"*06rw5*","Gustavo Baptista","CLE","C","1791","FA","18","100,000","A","0","1%","0%"
"*06qe0*","Sebastian Baquera","TEX","C","1792","FA","19","100,000","A","0","0%","0%"
"*041v3*","Caleb Baragar","(N/A)","RP","1793","FA","32","100,000","A","0","0%","0%"
"*06z3v*","Junior Barajas","SF","C","1794","FA","22","100,000","A","0","0%","0%"
"*06rwa*","Aiverson Barazarte","ATH","1B","1795","FA","18","100,000","A","0","0%","0%"
"*070c8*","Jake Barbee","TEX","SP","1796","FA","19","100,000","A","0","0%","0%"
"*0513p*","Colin Barber","(N/A)","LF,RF,OF","1797","FA","25","100,000","A","0","1%","0%"
"*06hhf*","Noah Barber","KC","LF,OF","1798","FA","21","100,000","A","0","0%","0%"
"*06mvq*","Jackson Barberi","(N/A)","SP","1799","FA","19","100,000","A","0","0%","0%"
"*06qiz*","Francesco Barbieri","(N/A)","CF,OF","1800","FA","26","100,000","A","0","0%","0%"
"*04ylm*","Gabriel Barbosa","PHI","RP","1801","FA","24","100,000","A","0","0%","0%"
"*076cc*","Daiyer Barboza","MIN","SS","1802","FA","17","100,000","A","0","0%","0%"
"*051bv*","Edgar Barclay","(N/A)","SP","1803","FA","28","100,000","A","0","0%","0%"
"*05t6s*","Alec Barger","(N/A)","SP","1804","FA","28","100,000","A","0","0%","0%"
"*077a3*","D'Alessandro Barile","CHC","SS","1805","FA","16","100,000","A","0","0%","0%"
"*070ej*","Jack Barker","PHI","LF,OF","1806","FA","21","100,000","A","0","0%","0%"
"*06z3u*","Isaiah Barkett","SF","3B","1807","FA","22","100,000","A","0","0%","0%"
"*04aze*","Jordy Barley","(N/A)","SS","1808","FA","26","100,000","A","0","0%","0%"
"*0429m*","Joe Barlow","(N/A)","RP","1809","FA","30","100,000","A","0","0%","0%"
"*02bwt*","Austin Barnes","(N/A)","C","1810","FA","36","100,000","A","0","0%","0%"
"*02c14*","Jacob Barnes","(N/A)","RP","1811","FA","36","100,000","A","0","0%","0%"
"*06s3l*","Zach Barnes","(N/A)","RP","1812","FA","27","100,000","A","0","0%","0%"
"*06qo3*","Sean Barnett","SD","DH,P","1813","FA","23","100,000","A","0","0%","0%"
"*022vw*","Tucker Barnhart","(N/A)","C","1814","FA","35","100,000","A","0","0%","0%"
"*06hpr*","Zane Barnhart","BAL","RP","1815","FA","24","100,000","A","0","0%","0%"
"*06fzm*","Boston Baro","NYM","3B,SS","1816","FA","21","100,000","A","0","2%","0%"
"*06rmd*","Meykel Baro","BAL","SS","1817","FA","17","100,000","A","0","0%","0%"
"*06amk*","Sadiel Baro","(N/A)","RP","1818","FA","21","100,000","A","0","0%","0%"
"*07785*","Randy Baron","CLE","RP","1819","FA","18","100,000","A","0","0%","0%"
"*070c5*","Alex Barr","ATH","SP","1820","FA","19","100,000","A","0","0%","0%"
"*06v1w*","Matt Barr","MIN","SP","1821","FA","20","100,000","A","0","2%","0%"
"*02n0z*","Kyle Barraclough","(N/A)","RP","1822","FA","36","100,000","A","0","0%","0%"
"*06gis*","Chris Barraza","(N/A)","SP","1823","FA","26","100,000","A","0","0%","0%"
"*06qxd*","Elis Barreat","(N/A)","2B","1824","FA","23","100,000","A","0","0%","0%"
"*076sk*","Ferny Barreda","SEA","SP","1825","FA","23","100,000","A","0","0%","0%"
"*06hnc*","Diego Barrera","ATH","RP","1826","FA","26","100,000","A","0","0%","0%"
"*06zcw*","Emilio Barreras","MIA","3B","1827","FA","22","100,000","A","0","0%","0%"
"*04dwv*","Jose Barrero","BAL","2B,CF,OF","1828","FA","28","100,000","A","0","1%","0%"
"*02ni1*","Franklin Barreto","(N/A)","CF,OF","1829","FA","30","100,000","A","0","0%","0%"
"*06rtc*","Yulian Barreto","SF","2B","1830","FA","18","100,000","A","0","0%","0%"
"*06qur*","Seamus Barrett","LAD","RP","1831","FA","25","100,000","A","0","0%","0%"
"*03ysq*","Jaime Barria","(N/A)","SP","1832","FA","30","100,000","A","0","0%","0%"
"*05rfo*","Brandon Barriera","TOR","SP","1833","FA","22","100,000","A","0","9%","0%"
"*066rw*","Alberto Barriga","ARI","C","1834","FA","21","100,000","A","0","0%","0%"
"*05rbt*","Gregory Barrios","TB","SS","1835","FA","22","100,000","A","0","1%","0%"
"*05yiw*","Johan Barrios","(N/A)","SS","1836","FA","21","100,000","A","0","0%","0%"
"*077bc*","Johander Barrios","COL","SP","1837","FA","17","100,000","A","0","0%","0%"
"*06rvu*","Jose Barrios","MIN","2B","1838","FA","18","100,000","A","0","0%","0%"
"*06ukm*","Marco Barrios","CHW","RP","1839","FA","21","100,000","A","0","0%","0%"
"*06z5y*","Nicolas Barrios","MIL","LF,OF","1840","FA","18","100,000","A","0","0%","0%"
"*05yl9*","Beycker Barroso","(N/A)","C","1841","FA","23","100,000","A","0","0%","0%"
"*0770l*","Hector Barroso","COL","RF,OF","1842","FA","18","100,000","A","0","0%","0%"
"*06fzo*","Braden Barry","(N/A)","CF,OF","1843","FA","24","100,000","A","0","0%","0%"
"*06uxn*","Justin Barry","BOS","3B","1844","FA","19","100,000","A","0","0%","0%"
"*04prx*","Cameron Barstad","PIT","C","1845","FA","25","100,000","A","0","0%","0%"
"*06kwv*","Blake Barthol","(N/A)","3B","1846","FA","23","100,000","A","0","0%","0%"
"*06hhb*","Caleb Bartolero","LAA","3B","1847","FA","26","100,000","A","0","0%","0%"
"*06mmo*","Javier Bartolozzi","LAD","RP","1848","FA","21","100,000","A","0","0%","0%"
"*06rfw*","Hudson Barton","(N/A)","SP","1849","FA","20","100,000","A","0","0%","0%"
"*06aqh*","Andersson Barvosa","TB","RP","1850","FA","20","100,000","A","0","0%","0%"
"*060vy*","Edgar Basabe","(N/A)","CF,OF","1851","FA","22","100,000","A","0","0%","0%"
"*04ni5*","Osleivis Basabe","SF","2B,3B,SS","1852","FA","25","100,000","A","0","2%","0%"
"*06fqi*","Andrew Bash","ATH","RP","1853","FA","29","100,000","A","0","0%","0%"
"*073nv*","Braston Basker","(N/A)","SS","1854","FA","13","100,000","A","0","0%","0%"
"*064p7*","Andy Basora","KC","RP","1855","FA","21","100,000","A","0","0%","0%"
"*06hrp*","Jayson Bass","MIN","1B","1856","FA","20","100,000","A","0","0%","0%"
"*061zg*","Angel Bastardo","BOS","SP","1857","FA","24","100,000","A","0","2%","0%"
"*077cm*","Jaden Bastian","(N/A)","CF,OF","1858","FA","21","100,000","A","0","0%","0%"
"*072yk*","Kinon Bastian","(N/A)","2B,LF,CF,RF,OF","1859","FA","17","100,000","A","0","0%","0%"
"*05rdo*","Abel Bastidas","(N/A)","2B,3B","1860","FA","22","100,000","A","0","0%","0%"
"*06z5o*","Abraham Bastidas","SD","2B","1861","FA","19","100,000","A","0","0%","0%"
"*0603r*","Jesus Bastidas","(N/A)","3B,SS","1862","FA","27","100,000","A","0","0%","0%"
"*06kkb*","Boston Bateman","BAL","SP","1863","Ethan","20","500,000","A","0","8%","0%"
"*06fpn*","Brett Bateman","CHC","CF,OF","1864","FA","24","100,000","A","0","1%","0%"
"*06sc3*","Adam Bates","BOS","RP","1865","FA","20","100,000","A","0","0%","0%"
"*06afa*","Charlie Bates","(N/A)","SS","1866","FA","20","100,000","A","0","0%","0%"
"*06ce9*","Aldrin Batista","CHW","RP","1867","FA","23","100,000","A","0","1%","0%"
"*06mif*","Andry Batista","TEX","RF,OF","1868","FA","19","100,000","A","0","0%","0%"
"*066qc*","Arfeni Batista","(N/A)","SS","1869","FA","21","100,000","A","0","0%","0%"
"*06c2v*","Carlos Batista","(N/A)","LF,OF","1870","FA","20","100,000","A","0","0%","0%"
"*06ky8*","Domingo Batista","(N/A)","RF,OF","1871","FA","19","100,000","A","0","0%","0%"
"*061zx*","Edinson Batista","(N/A)","SP","1872","FA","24","100,000","A","0","0%","0%"
"*06uqd*","Erick Batista","SD","RP","1873","FA","20","100,000","A","0","0%","0%"
"*04yj2*","Freuddy Batista","HOU","C","1874","FA","26","100,000","A","0","0%","0%"
"*06klc*","Gilberto Batista","TOR","RP","1875","FA","21","100,000","A","0","0%","0%"
"*06r6i*","Guillermo Batista","DET","3B","1876","FA","19","100,000","A","0","0%","0%"
"*0744f*","Justin Batista","MIA","SP","1877","FA","17","100,000","A","0","0%","0%"
"*066q9*","Reminton Batista","(N/A)","CF,OF","1878","FA","21","100,000","A","0","0%","0%"
"*06c87*","Yadiel Batista","STL","RP","1879","FA","22","100,000","A","0","0%","0%"
"*06zct*","Keegan Batka","PHI","SP","1880","FA","24","100,000","A","0","0%","0%"
"*052im*","Matthew Batten","(N/A)","1B,3B","1881","FA","31","100,000","A","0","0%","0%"
"*0648w*","Jalen Battles","(N/A)","3B","1882","FA","26","100,000","A","0","0%","0%"
"*06tf8*","Jack Bauer","(N/A)","SP","1883","FA","19","100,000","A","0","1%","0%"
"*025hm*","Trevor Bauer","(N/A)","SP","1884","FA","35","100,000","A","0","1%","0%"
"*04nay*","Tyler Baum","WSH","RP","1885","FA","28","100,000","A","0","0%","0%"
"*06qu6*","Tanner Bauman","NYY","SP","1886","FA","24","100,000","A","0","0%","0%"
"*06aqk*","Garrett Baumann","ATL","SP","1887","FA","21","100,000","A","0","5%","0%"
"*04efe*","Mike Baumann","(N/A)","RP","1888","FA","30","100,000","A","0","0%","0%"
"*05u9j*","Jackson Baumeister","TB","SP","1889","FA","24","100,000","A","0","7%","0%"
"*066jn*","Nick Bautista III","(N/A)","SP","1890","FA","24","100,000","A","0","0%","0%"
"*04pf7*","Danny Bautista","(N/A)","RF,OF","1891","FA","25","100,000","A","0","0%","0%"
"*066te*","Erick Bautista","(N/A)","CF,OF","1892","FA","21","100,000","A","0","0%","0%"
"*05t64*","Felix Bautista","BAL","RP","1893","FA","31","100,000","A","0","29%","0%"
"*06kuh*","Israfell Bautista","TB","CF,OF","1894","FA","19","100,000","A","0","0%","0%"
"*06ek9*","Jorge Bautista","(N/A)","SP","1895","FA","25","100,000","A","0","0%","0%"
"*05uop*","Kelvin Bautista","(N/A)","RP","1896","FA","27","100,000","A","0","0%","0%"
"*06ps3*","Yorger Bautista","SEA","CF,OF","1897","FA","18","100,000","A","0","18%","0%"
"*06zcy*","John Bay","NYM","RF,OF","1898","FA","25","100,000","A","0","0%","0%"
"*06v4z*","Max Bayles","(N/A)","SP","1899","FA","21","100,000","A","0","0%","0%"
"*06s3e*","Jarod Bayless","PIT","RP","1900","FA","29","100,000","A","0","0%","0%"
"*0512t*","Jamari Baylor","NYM","SS","1901","FA","25","100,000","A","0","0%","0%"
"*06yt9*","Sterling Bazil","DET","SS","1902","FA","18","100,000","A","0","0%","0%"
"*06c5i*","Kevin Bazzell","WSH","C","1903","FA","23","100,000","A","0","1%","0%"
"*06qiv*","Noah Beal","TB","RP","1904","FA","24","100,000","A","0","0%","0%"
"*060ig*","Drew Beam","KC","SP","1905","FA","23","100,000","A","0","4%","0%"
"*06sjo*","Trey Beard","(N/A)","SP","1906","FA","21","100,000","A","0","0%","0%"
"*03qpz*","Matt Beaty","(N/A)","1B","1907","FA","33","100,000","A","0","0%","0%"
"*06qnd*","Christian Becerra","MIN","SP","1908","FA","23","100,000","A","0","0%","0%"
"*04egk*","Andrew Bechtold","PHI","RP","1909","FA","30","100,000","A","0","0%","0%"
"*077c6*","Carter Beck","ATL","CF,OF","1910","FA","21","100,000","A","0","0%","0%"
"*051gy*","Jace Beck","CHC","RP","1911","FA","26","100,000","A","0","2%","0%"
"*06qjt*","Jagger Beck","HOU","RP","1912","FA","19","100,000","A","0","1%","0%"
"*065ix*","Jared Beck","(N/A)","RP","1913","FA","26","100,000","A","0","0%","0%"
"*06hvc*","Brandon Beckel","PHI","RP","1914","FA","24","100,000","A","0","0%","0%"
"*04t99*","Austin Becker","(N/A)","RP","1915","FA","26","100,000","A","0","0%","0%"
"*06qjs*","Colton Becker","KC","3B,SS","1916","FA","25","100,000","A","0","0%","0%"
"*06l5d*","Eric Becker","CIN","2B","1917","FA","21","100,000","A","0","0%","0%"
"*068a5*","Matthew Becker","MIN","RP","1918","FA","23","100,000","A","0","0%","0%"
"*06utc*","Nick Becker","SEA","SS","1919","Brian","19","500,000","A","0","9%","0%"
"*06uju*","David Beckles","(N/A)","1B","1920","FA","22","100,000","A","0","0%","0%"
"*05gs7*","Ian Bedell","STL","SP","1921","FA","26","100,000","A","0","1%","0%"
"*05t9e*","Will Bednar","SF","RP","1922","FA","26","100,000","A","0","4%","0%"
"*02bq5*","Tyler Beede","(N/A)","RP","1923","FA","33","100,000","A","0","0%","0%"
"*06qob*","Merritt Beeker","WSH","RP","1924","FA","24","100,000","A","0","0%","0%"
"*0414k*","Seth Beer","(N/A)","1B","1925","FA","29","100,000","A","0","0%","0%"
"*061hw*","Blake Beers","ATH","SP","1926","FA","28","100,000","A","0","0%","0%"
"*06mpj*","Landon Beidelschies","ATL","SP","1927","FA","22","100,000","A","0","1%","0%"
"*06pgf*","Charlie Beilenson","SEA","RP","1928","FA","26","100,000","A","0","1%","0%"
"*06hu6*","Jarrod Belbin","(N/A)","1B","1929","FA","26","100,000","A","0","0%","0%"
"*06uh5*","Adrian Belen","KC","RP","1930","FA","21","100,000","A","0","0%","0%"
"*06tfz*","Marcos Belen","CLE","CF,OF","1931","FA","19","100,000","A","0","0%","0%"
"*06hto*","Nigel Belgrave","MIA","RP","1932","FA","24","100,000","A","0","0%","0%"
"*0515u*","Brock Bell","(N/A)","RP","1933","FA","28","100,000","A","0","0%","0%"
"*06tlg*","Ethan Bell","CHC","RP","1934","FA","24","100,000","A","0","0%","0%"
"*07304*","Greyson Bell","(N/A)","SP","1935","FA","16","100,000","A","0","0%","0%"
"*06kx5*","Talan Bell","(N/A)","SP","1936","FA","21","100,000","A","0","0%","0%"
"*06nu9*","Tyler Bell","COL","SS","1937","FA","21","100,000","A","0","2%","0%"
"*06rhe*","Adrian Bello","MIA","C","1938","FA","20","100,000","A","0","0%","0%"
"*06uwb*","Angel Bello","CHW","SP","1939","FA","19","100,000","A","0","0%","0%"
"*06vy9*","Carlos Bello","NYY","2B","1940","FA","18","100,000","A","0","0%","0%"
"*06mmn*","Jose Bello","BOS","RP","1941","FA","21","100,000","A","0","2%","0%"
"*06p4m*","Juan Bello","HOU","SP","1942","FA","22","100,000","A","0","0%","0%"
"*0700v*","Rony Bello","WSH","2B","1943","FA","18","100,000","A","0","0%","0%"
"*06cp7*","Gustavo Beltran","(N/A)","SS","1944","FA","21","100,000","A","0","0%","0%"
"*06ukw*","Jeiki Beltran","(N/A)","RP","1945","FA","22","100,000","A","0","0%","0%"
"*074a9*","Jordan Beltran","STL","SP","1952","FA","17","100,000","A","0","0%","0%"
"*06ukv*","Luis Beltran","BAL","RP","1946","FA","22","100,000","A","0","0%","0%"
"*061qu*","Nolan Beltran","PHI","SS","1947","FA","21","100,000","A","0","0%","0%"
"*076cn*","Anibal Beltre","MIN","SS","1948","FA","17","100,000","A","0","0%","0%"
"*06icc*","Eduardo Beltre","MIN","CF,RF,OF","1949","FA","19","100,000","A","0","6%","0%"
"*0776q*","Germayhoni Beltre","NYY","SS","1950","FA","17","100,000","A","0","0%","0%"
"*05m1d*","Manuel Beltre","TOR","SS","1951","FA","22","100,000","A","0","2%","0%"
"*06rok*","Cade Belyeu","(N/A)","LF,OF","1953","FA","21","100,000","A","0","0%","0%"
"*06mpu*","Max Belyeu","COL","RF,OF","1954","FA","22","100,000","A","0","4%","0%"
"*06rtd*","Carlos Benavides","DET","C,1B","1955","FA","18","100,000","A","0","0%","0%"
"*067yb*","Cristian Benavides","(N/A)","SS","1956","FA","21","100,000","A","0","0%","0%"
"*05ykx*","Frederick Bencosme","BAL","2B,SS","1957","FA","23","100,000","A","0","1%","0%"
"*05ygl*","Colton Bender","(N/A)","C","1958","FA","27","100,000","A","0","0%","0%"
"*06id1*","Derek Bender","(N/A)","1B","1959","FA","23","100,000","A","0","0%","0%"
"*06htk*","Spencer Bengard","MIN","RP","1960","FA","24","100,000","A","0","0%","0%"
"*061zf*","Angel Benitez","NYY","SP","1961","FA","22","100,000","A","0","0%","0%"
"*05u32*","Diego Benitez","(N/A)","1B","1962","FA","21","100,000","A","0","1%","0%"
"*05iyn*","Johan Benitez","(N/A)","SS","1963","FA","22","100,000","A","0","0%","0%"
"*04ek0*","Jorge Benitez","(N/A)","RP","1964","FA","27","100,000","A","0","0%","0%"
"*06bs9*","Keyner Benitez","MIA","SP","1965","FA","20","100,000","A","0","3%","0%"
"*06uwa*","Sthiven Benitez","KC","RP","1966","FA","21","100,000","A","0","0%","0%"
"*06l3n*","Yoxander Benitez","SF","LF,OF","1967","FA","19","100,000","A","0","0%","0%"
"*062hw*","Juan Benjamin","CLE","2B,3B","1968","FA","23","100,000","A","0","0%","0%"
"*03de6*","Wes Benjamin","(N/A)","SP","1969","FA","32","100,000","A","0","0%","0%"
"*077ee*","Jake Bennett","TOR","C","1970","FA","21","100,000","A","0","0%","0%"
"*0514e*","Nick Bennett","(N/A)","RP","1971","FA","28","100,000","A","0","0%","0%"
"*06hnq*","Pierce Bennett","(N/A)","2B","1972","FA","25","100,000","A","0","0%","0%"
"*05yd6*","Donovan Benoit","(N/A)","SP","1973","FA","27","100,000","A","0","0%","0%"
"*060y1*","Sam Benschoter","CIN","RP","1974","FA","28","100,000","A","0","0%","0%"
"*05y64*","Cooper Benson","(N/A)","SP","1975","FA","25","100,000","A","0","0%","0%"
"*074vq*","JT Benson","NYM","CF,OF","1976","FA","24","100,000","A","0","0%","0%"
"*072e0*","Chase Bentley","MIL","SP","1977","FA","19","100,000","A","0","1%","0%"
"*06meb*","Alexander Benua","(N/A)","LF,RF,OF","1978","FA","22","100,000","A","0","0%","0%"
"*06807*","Alvaro Benua","LAD","RP","1979","FA","23","100,000","A","0","0%","0%"
"*06jfi*","Alfredo Benzan","ARI","CF,OF","1980","FA","19","100,000","A","0","0%","0%"
"*06qix*","Jadon Bercovich","TB","RP","1981","FA","24","100,000","A","0","0%","0%"
"*06qv2*","Derek Berg","PIT","C,1B","1982","FA","24","100,000","A","0","0%","0%"
"*05xpo*","Ryan Bergert","KC","SP","1983","FA","26","100,000","A","0","7%","0%"
"*051ap*","Adam Berghorst","(N/A)","P","1984","FA","25","100,000","A","0","0%","0%"
"*05y5m*","Jesse Bergin","MIN","RP","1985","FA","26","100,000","A","0","0%","0%"
"*04ptc*","Michael Berglund","(N/A)","C,DH","1986","FA","29","100,000","A","0","0%","0%"
"*0410p*","Austin Bergner","(N/A)","SP","1987","FA","29","100,000","A","0","0%","0%"
"*05w8l*","William Bergolla","CHW","SS","1988","FA","21","100,000","A","0","6%","0%"
"*074ck*","Willy Bergolla","LAD","SS","1989","FA","17","100,000","A","0","0%","0%"
"*04q5u*","Jonathan Bermudez","(N/A)","SP","1990","FA","30","100,000","A","0","0%","0%"
"*04ybm*","Warming Bernabel","(N/A)","1B","1991","FA","24","100,000","A","0","2%","0%"
"*060yf*","Jonatan Bernal","ARI","RP","1992","FA","24","100,000","A","0","0%","0%"
"*05rcw*","Leo Bernal","STL","C","1993","FA","22","100,000","A","0","12%","0%"
"*0633e*","Derek Bernard","COL","LF,RF,OF","1994","FA","20","100,000","A","0","1%","0%"
"*03eq5*","Wynton Bernard","(N/A)","LF,CF,RF,OF","1995","FA","35","100,000","A","0","0%","0%"
"*06uh4*","Logan Berrier","DET","RP","1996","FA","25","100,000","A","0","0%","0%"
"*02mwk*","Jose Berrios","TOR","SP","1997","FA","32","100,000","A","0","33%","0%"
"*04es4*","Osvaldo Berrios","BOS","RP","1998","FA","26","100,000","A","0","0%","0%"
"*0509b*","Prelander Berroa","CHW","RP","1999","FA","26","100,000","A","0","4%","0%"
"*071ma*","Wilner Berroteran","LAA","SP","2000","FA","18","100,000","A","0","0%","0%"
"*06zg2*","Caleb Berry","(N/A)","C","2001","FA","24","100,000","A","0","0%","0%"
"*05t5m*","Jacob Berry","MIA","2B,3B,RF,OF","2002","FA","25","100,000","A","0","7%","0%"
"*0519x*","Luke Berryhill","(N/A)","C","2003","FA","28","100,000","A","0","0%","0%"
"*02c4r*","Jon Berti","(N/A)","3B","2004","FA","36","100,000","A","0","1%","0%"
"*06685*","John Michael Bertrand","SF","SP","2005","FA","28","100,000","A","0","0%","0%"
"*06f16*","Jay Beshears","MIA","1B,3B","2006","FA","24","100,000","A","0","0%","0%"
"*05u9x*","Justin Best","(N/A)","CF,OF","2007","FA","21","100,000","A","0","0%","0%"
"*06zaw*","Liam Best","STL","RP","2008","FA","22","100,000","A","0","0%","0%"
"*06rl6*","Jhostin Betances","LAA","SP","2009","FA","19","100,000","A","0","0%","0%"
"*06v28*","Yelinson Betances","LAA","CF,OF","2010","FA","18","100,000","A","0","0%","0%"
"*0626r*","Bryant Betancourt","COL","C","2011","FA","22","100,000","A","0","1%","0%"
"*06ib0*","Joswal Betancourt","(N/A)","RP","2012","FA","20","100,000","A","0","0%","0%"
"*076g6*","Yoelvis Betancourt","ATL","C","2013","FA","18","100,000","A","0","0%","0%"
"*05vyo*","Wilson Betemit Jr.","(N/A)","SP","2014","FA","22","100,000","A","0","0%","0%"
"*06zs7*","Freiker Betencourt","CHC","CF,OF","2015","FA","17","100,000","A","0","0%","0%"
"*01sci*","Christian Bethancourt","CHC","C","2016","FA","34","100,000","A","0","0%","0%"
"*06647*","Ben Beutel","(N/A)","SP","2017","FA","26","100,000","A","0","0%","0%"
"*0425r*","Dylan Bice","(N/A)","P","2018","FA","28","100,000","A","0","0%","0%"
"*06qki*","Calvin Bickerstaff","BOS","RP","2019","FA","24","100,000","A","0","0%","0%"
"*03109*","Phil Bickford","(N/A)","RP","2020","FA","31","100,000","A","0","0%","0%"
"*064nn*","Nick Biddison","PHI","3B","2021","FA","25","100,000","A","0","0%","0%"
"*06r06*","Anderson Bido","(N/A)","RP","2022","FA","27","100,000","A","0","0%","0%"
"*06uku*","Merlin Bido","BOS","SP","2023","FA","20","100,000","A","0","0%","0%"
"*04el1*","Brandon Bielak","HOU","RP","2024","FA","30","100,000","A","0","0%","0%"
"*06r25*","Frediry Bierd","(N/A)","RP","2025","FA","22","100,000","A","0","0%","0%"
"*05y9s*","Gabe Bierman","MIA","RP","2026","FA","26","100,000","A","0","0%","0%"
"*05ylo*","Justice Bigbie","DET","LF,RF,OF","2027","FA","27","100,000","A","0","2%","0%"
"*04ptb*","Jax Biggers","HOU","2B","2028","FA","29","100,000","A","0","0%","0%"
"*041rv*","Cavan Biggio","HOU","DH","2029","FA","31","100,000","A","0","1%","0%"
"*070ce*","George Bilecki","SD","RF,OF","2030","FA","22","100,000","A","0","0%","0%"
"*070d5*","Denton Biller","BAL","RP","2031","FA","21","100,000","A","0","0%","0%"
"*075f1*","Sam Biller","NYM","LF,OF","2032","FA","24","100,000","A","0","0%","0%"
"*04pwm*","Jason Bilous","(N/A)","SP","2033","FA","28","100,000","A","0","0%","0%"
"*06qo9*","Jacob Bimbi","PIT","RP","2034","FA","24","100,000","A","0","0%","0%"
"*05gs9*","Alex Binelas","PHI","1B","2035","FA","26","100,000","A","0","2%","0%"
"*0701t*","Ethin Bingaman","(N/A)","SP","2036","FA","19","100,000","A","0","0%","0%"
"*05yo3*","Malik Binns","(N/A)","SP","2037","FA","27","100,000","A","0","0%","0%"
"*06f1p*","Ryan Birchard","MIL","SP","2038","FA","23","100,000","A","0","1%","0%"
"*05jr4*","Brandon Birdsell","CHC","SP","2039","FA","26","100,000","A","0","3%","0%"
"*06650*","Hayden Birdsong","SF","SP","2040","FA","24","100,000","A","0","16%","0%"
"*075gj*","Alex Birge","STL","C","2041","FA","23","100,000","A","0","0%","0%"
"*06r0k*","Reid Birlingmair","(N/A)","SP","2042","FA","29","100,000","A","0","0%","0%"
"*06qyo*","Kyle Bischoff","MIN","RP","2043","FA","26","100,000","A","0","0%","0%"
"*04yrm*","Braylon Bishop","(N/A)","LF,OF","2044","FA","23","100,000","A","0","0%","0%"
"*04267*","Hunter Bishop","(N/A)","RF,OF","2045","FA","28","100,000","A","0","1%","0%"
"*05yed*","Eric Bitonti","MIL","1B","2046","FA","20","100,000","A","0","11%","0%"
"*05g4l*","Nick Bitsko","(N/A)","RP","2047","FA","24","100,000","A","0","1%","0%"
"*06zav*","Tucker Biven","WSH","RP","2048","FA","22","100,000","A","0","0%","0%"
"*0741i*","Gavin Blachowicz","(N/A)","SP","2049","FA","20","100,000","A","0","0%","0%"
"*05y4s*","JoJo Blackmon","(N/A)","CF,OF","2050","FA","23","100,000","A","0","0%","0%"
"*06htz*","Benjamin Blackwell","(N/A)","SS","2051","FA","27","100,000","A","0","0%","0%"
"*041y9*","Nolan Blackwood","(N/A)","RP","2052","FA","31","100,000","A","0","0%","0%"
"*06utd*","Alec Blair","(N/A)","CF,OF","2053","FA","19","100,000","A","0","0%","0%"
"*073kf*","Ben Blair","TB","SP","2054","FA","21","100,000","A","0","0%","0%"
"*06hha*","Andy Blake","(N/A)","3B","2055","FA","25","100,000","A","0","0%","0%"
"*05llu*","Werner Blakely","(N/A)","CF,OF","2056","FA","24","100,000","A","0","0%","0%"
"*0579z*","Bradley Blalock","MIA","SP","2057","FA","25","100,000","A","0","2%","0%"
"*07795*","Tristan Blalock","(N/A)","SP","2058","FA","16","100,000","A","0","0%","0%"
"*06r6p*","Wilmer Blanca","TOR","LF,OF","2059","FA","19","100,000","A","0","0%","0%"
"*074w0*","Beau Blanchard","CIN","SP","2060","FA","24","100,000","A","0","0%","0%"
"*0516u*","Jason Blanchard","(N/A)","P","2061","FA","29","100,000","A","0","0%","0%"
"*05yci*","Tony Blanco Jr.","PIT","1B","2062","FA","21","100,000","A","0","9%","0%"
"*07775*","Aiberson Blanco","NYM","CF,OF","2063","FA","18","100,000","A","0","0%","0%"
"*04mkt*","Dairon Blanco","(N/A)","LF,CF,OF","2064","FA","33","100,000","A","0","1%","0%"
"*076nd*","Daiverson Blanco","TB","SP","2065","FA","16","100,000","A","0","0%","0%"
"*072ob*","Fabricio Blanco","TB","SS","2066","FA","17","100,000","A","0","4%","0%"
"*06meg*","Geyber Blanco","(N/A)","2B","2067","FA","20","100,000","A","0","0%","0%"
"*066qz*","Hader Blanco","(N/A)","RP","2068","FA","21","100,000","A","0","0%","0%"
"*06hyq*","Kennew Blanco","TOR","SS","2069","FA","19","100,000","A","0","0%","0%"
"*06qy8*","Pedro Blanco","ARI","1B","2070","FA","19","100,000","A","0","0%","0%"
"*04ydi*","Ronel Blanco","HOU","SP","2071","Brenden","32","5,000,000","A","0","22%","+1%"
"*06rnu*","Sebastian Blanco","COL","SS","2072","FA","18","100,000","A","0","1%","0%"
"*06umf*","Wilmer Blanco","PHI","SP","2073","FA","22","100,000","A","0","0%","0%"
"*075gb*","Bobby Blandford","ATH","CF,OF","2074","FA","23","100,000","A","0","0%","0%"
"*06r1g*","Alejandro Blasco","CLE","LF,OF","2075","FA","19","100,000","A","0","2%","0%"
"*06ood*","Nathan Blasick","COL","RP","2076","FA","25","100,000","A","0","0%","0%"
"*05m1c*","Miguel Bleis","BOS","CF,RF,OF","2077","FA","22","100,000","A","0","9%","0%"
"*03d7c*","Scott Blewett","STL","RP","2078","FA","30","100,000","A","0","1%","0%"
"*051ct*","A.J. Block","(N/A)","SP","2079","FA","28","100,000","A","0","0%","0%"
"*06qhq*","Adam Bloebaum","WSH","RP","2080","FA","25","100,000","A","0","0%","0%"
"*05mrr*","Jack Blomgren","(N/A)","SS","2081","FA","27","100,000","A","0","0%","0%"
"*06dqi*","Jake Bloss","TOR","SP","2082","FA","25","100,000","A","0","12%","0%"
"*07574*","Harry Blum","BOS","RP","2083","FA","24","100,000","A","0","0%","0%"
"*06qqv*","Josh Blum","NYM","RP","2084","FA","23","100,000","A","0","0%","0%"
"*06u79*","Miguelangel Boadas","MIN","SP","2085","FA","23","100,000","A","0","0%","0%"
"*06h1o*","Jake Bockenstedt","CHW","SP","2086","FA","26","100,000","A","0","0%","0%"
"*07033*","Harrison Bodendorf","CLE","SP","2087","FA","22","100,000","A","0","1%","0%"
"*06c5r*","Caden Bodine","TB","C","2088","Kai","22","100,000","A","0","19%","0%"
"*06qis*","Gage Boehm","SEA","RP","2089","FA","24","100,000","A","0","0%","0%"
"*06qtu*","Bryce Boettcher","HOU","CF,OF","2090","FA","24","100,000","A","0","0%","0%"
"*06dnb*","Mike Boeve","MIL","1B","2091","FA","24","100,000","A","0","4%","0%"
"*06ms1*","Caden Bogenpohl","PHI","CF,OF","2092","FA","21","100,000","A","0","0%","0%"
"*07669*","Adam Bogosian","WSH","RP","2093","FA","23","100,000","A","0","0%","0%"
"*06ltf*","Adrian Bohorquez","MIN","SP","2094","FA","21","100,000","A","0","2%","0%"
"*05gx3*","Jace Bohrofen","TOR","LF,RF,OF","2095","FA","24","100,000","A","0","1%","0%"
"*05tzh*","Branden Boissiere","WSH","1B","2096","FA","26","100,000","A","0","0%","0%"
"*06zg1*","Jake Bold","SD","C","2097","FA","22","100,000","A","0","0%","0%"
"*04eot*","Caleb Bolden","BOS","P","2098","FA","27","100,000","A","0","0%","0%"
"*072cs*","Carson Bolemon","SF","SP","2099","FA","19","100,000","A","0","2%","0%"
"*072dv*","Grayson Boles","KC","SP","2100","FA","19","100,000","A","0","0%","0%"
"*06c85*","Andrew Bolivar","STL","RP","2101","FA","20","100,000","A","0","0%","0%"
"*06sbh*","Angel Bolivar","(N/A)","SP","2102","FA","20","100,000","A","0","0%","0%"
"*05rhc*","Luis Bolivar","(N/A)","LF,OF","2103","FA","22","100,000","A","0","0%","0%"
"*072vu*","Manuel Bolivar","DET","C","2104","FA","17","100,000","A","0","1%","0%"
"*06ak8*","Mason Bolivar","(N/A)","CF,OF","2105","FA","19","100,000","A","0","0%","0%"
"*06mw4*","Moises Bolivar","LAD","3B","2106","FA","19","100,000","A","0","0%","0%"
"*06hiq*","Matthew Bollenbacher","(N/A)","RP","2107","FA","26","100,000","A","0","0%","0%"
"*03qkd*","Skye Bolt","(N/A)","RF,OF","2108","FA","32","100,000","A","0","0%","0%"
"*06o14*","Yander Bonaci","BOS","RP","2109","FA","19","100,000","A","0","0%","0%"
"*064nt*","Bo Bonds","(N/A)","RP","2110","FA","25","100,000","A","0","0%","0%"
"*06rue*","Peyton Bonds","SF","CF,OF","2111","FA","21","100,000","A","0","0%","0%"
"*06hea*","Caleb Bonemer","CHW","3B,SS","2112","J&A","20","500,000","A","0","44%","0%"
"*06zcf*","Jarrette Bonet","MIL","RP","2113","FA","20","100,000","A","0","0%","0%"
"*029v2*","Jorge Bonifacio","(N/A)","RF,OF","2114","FA","33","100,000","A","0","0%","0%"
"*062hy*","Enmanuel Bonilla","TOR","CF,OF","2115","FA","20","100,000","A","0","4%","0%"
"*0689p*","Ezequiel Bonilla","(N/A)","SP","2116","FA","20","100,000","A","0","0%","0%"
"*072fe*","Fabian Bonilla","BOS","LF,OF","2117","FA","19","100,000","A","0","0%","0%"
"*064zk*","Peter Bonilla","LAD","RP","2118","FA","21","100,000","A","0","0%","0%"
"*0779a*","Landon Bonner","(N/A)","SS","2119","FA","16","100,000","A","0","0%","0%"
"*05jpl*","Bryce Bonnin","(N/A)","RP","2120","FA","27","100,000","A","0","0%","0%"
"*06yzj*","Richie Bonomolo","NYY","LF,OF","2121","FA","22","100,000","A","0","0%","0%"
"*06h1z*","Paul Bonzagni","TEX","SP","2122","FA","24","100,000","A","0","0%","0%"
"*06z9v*","Colton Book","CHC","SP","2123","FA","23","100,000","A","0","0%","0%"
"*06kts*","Jake Books","(N/A)","LF,OF","2124","FA","22","100,000","A","0","0%","0%"
"*05y0d*","Rodney Boone","CLE","SP","2125","FA","26","100,000","A","0","0%","0%"
"*051e4*","Trevor Boone","(N/A)","CF,OF","2126","FA","28","100,000","A","0","0%","0%"
"*072id*","Eric Booth Jr","BAL","LF,CF,OF","2127","FA","18","100,000","A","0","3%","0%"
"*067xf*","Tim Borden","(N/A)","1B","2128","FA","26","100,000","A","0","0%","0%"
"*07779*","Oscar Borges","PIT","C","2129","FA","17","100,000","A","0","0%","0%"
"*06uhl*","Wilian Bormie","TEX","RP","2130","FA","23","100,000","A","0","0%","0%"
"*05y3b*","Dario Borrero","(N/A)","1B","2131","FA","22","100,000","A","0","0%","0%"
"*06yzr*","Coleman Borthwick","SD","3B","2132","FA","18","100,000","A","0","1%","0%"
"*066jh*","Josh Bortka","(N/A)","SP","2133","FA","27","100,000","A","0","0%","0%"
"*06hvf*","Ethan Bosacker","KC","SP","2134","FA","25","100,000","A","0","0%","0%"
"*06y7h*","Bobby Boser","ATH","SS","2135","FA","23","100,000","A","0","1%","0%"
"*04226*","Jacob Bosiokovic","(N/A)","RP","2136","FA","32","100,000","A","0","0%","0%"
"*0657z*","Julian Bosnic","(N/A)","RP","2137","FA","26","100,000","A","0","0%","0%"
"*06fpj*","Josh Bostick","SF","SP","2138","FA","24","100,000","A","0","1%","0%"
"*02n8i*","David Bote","LAD","2B,3B","2139","FA","33","100,000","A","0","0%","0%"
"*072zt*","Ty Bothwell","WSH","SP","2140","FA","26","100,000","A","0","0%","0%"
"*06qso*","Alex Bouchard","BOS","SP","2141","FA","22","100,000","A","0","0%","0%"
"*04ejn*","Sean Bouchard","(N/A)","RF,OF","2142","FA","30","100,000","A","0","0%","0%"
"*06gjc*","Adam Boucher","WSH","RP","2143","FA","24","100,000","A","0","0%","0%"
"*06gjg*","Pier-Olivier Boucher","(N/A)","LF,OF","2144","FA","26","100,000","A","0","0%","0%"
"*072jg*","Tyler Boudreau","NYY","RP","2145","FA","23","100,000","A","0","1%","0%"
"*0703b*","Matthew Boughton","CHW","SS","2146","FA","20","100,000","A","0","0%","0%"
"*06gj5*","Ryan Bourassa","(N/A)","RP","2147","FA","26","100,000","A","0","0%","0%"
"*060hu*","Caleb Boushley","(N/A)","RP","2148","FA","32","100,000","A","0","0%","0%"
"*066la*","Kristofer Bow","(N/A)","SP","2149","FA","25","100,000","A","0","0%","0%"
"*041px*","Ben Bowden","ATH","RP","2150","FA","31","100,000","A","0","1%","0%"
"*06yuf*","Blake Bowen","(N/A)","RF,OF","2151","FA","18","100,000","A","0","0%","0%"
"*066lp*","Darren Bowen","MIN","SP","2152","FA","25","100,000","A","0","1%","0%"
"*06cqa*","Karson Bowen","(N/A)","C,1B","2153","FA","22","100,000","A","0","0%","0%"
"*070cf*","Tyler Bowen","PHI","RP","2154","FA","23","100,000","A","0","0%","0%"
"*05rd7*","TT Bowens","(N/A)","1B","2155","FA","28","100,000","A","0","0%","0%"
"*065uy*","Sam Bower","SF","SP","2156","FA","25","100,000","A","0","0%","0%"
"*072wi*","Jack Bowery","SEA","SP","2157","FA","23","100,000","A","0","0%","0%"
"*06yjw*","Cody Bowker","PHI","SP","2158","FA","22","100,000","A","0","1%","0%"
"*05xou*","Cooper Bowman","(N/A)","2B,LF,OF","2159","FA","26","100,000","A","0","1%","0%"
"*06s3h*","Kaleb Bowman","MIL","RP","2160","FA","29","100,000","A","0","0%","0%"
"*02n53*","Matt Bowman","MIN","RP","2161","FA","35","100,000","A","0","0%","0%"
"*05jrl*","Drew Bowser","CHC","3B","2162","FA","24","100,000","A","0","0%","0%"
"*064nf*","Emaarion Boyd","MIA","LF,CF,OF","2163","FA","21","100,000","A","0","1%","0%"
"*06gj9*","Jeremiah Boyd","ARI","C","2164","FA","26","100,000","A","0","0%","0%"
"*0630m*","Justin Boyd","(N/A)","RF,OF","2165","FA","25","100,000","A","0","0%","0%"
"*05188*","Logan Boyer","(N/A)","RP","2166","FA","28","100,000","A","0","0%","0%"
"*068yb*","Ryan Boyer","(N/A)","RP","2167","FA","29","100,000","A","0","0%","0%"
"*03qqw*","Michael Boyle","(N/A)","RP","2168","FA","32","100,000","A","0","0%","0%"
"*04q78*","Sean Boyle","SD","SP","2169","FA","29","100,000","A","0","0%","0%"
"*06yzi*","Greg Bozzo","NYY","C","2170","FA","24","100,000","A","0","0%","0%"
"*06jfk*","Angel Brachi","MIA","2B","2171","FA","19","100,000","A","0","0%","0%"
"*04l97*","Aaron Bracho","(N/A)","3B","2172","FA","25","100,000","A","0","1%","0%"
"*075kw*","David Bracho","CHC","SP","2173","FA","21","100,000","A","0","0%","0%"
"*0731r*","Oswaldo Bracho","CLE","LF,RF,OF","2174","FA","17","100,000","A","0","0%","0%"
"*03djz*","Silvino Bracho","(N/A)","RP","2175","FA","34","100,000","A","0","0%","0%"
"*05jre*","Enrique Bradfield Jr.","BAL","LF,CF,OF","2176","FA","24","100,000","A","0","21%","0%"
"*0514o*","Cody Bradford","TEX","SP","2177","FA","28","100,000","A","0","18%","0%"
"*05yas*","Nicholas Bradley","(N/A)","SP","2178","FA","18","100,000","A","0","0%","0%"
"*04pvf*","Davis Bradshaw","(N/A)","LF,OF","2179","FA","28","100,000","A","0","0%","0%"
"*06hry*","Tyler Bradt","STL","RP","2180","FA","25","100,000","A","0","0%","0%"
"*0668j*","Ryan Brady","(N/A)","RP","2181","FA","27","100,000","A","0","0%","0%"
"*07657*","Yosangel Braffit","MIN","SP","2182","FA","18","100,000","A","0","0%","0%"
"*06fzr*","Braxton Bragg","BAL","SP","2183","FA","25","100,000","A","0","4%","0%"
"*06hpv*","Kade Bragg","MIA","RP","2184","FA","25","100,000","A","0","0%","0%"
"*066jg*","Trey Braithwaite","(N/A)","SP","2185","FA","28","100,000","A","0","0%","0%"
"*066e6*","Spencer Bramwell","MIA","C","2186","FA","27","100,000","A","0","0%","0%"
"*05ogu*","Stevie Branche","(N/A)","RP","2187","FA","29","100,000","A","0","0%","0%"
"*066ck*","Jonathan Brand","TEX","RP","2188","FA","26","100,000","A","0","0%","0%"
"*06300*","Brooks Brannon","BOS","C","2189","FA","22","100,000","A","0","2%","0%"
"*025e9*","Rob Brantly","(N/A)","C","2190","FA","37","100,000","A","0","0%","0%"
"*021jb*","Ryan Brasier","(N/A)","RP","2191","FA","38","100,000","A","0","0%","0%"
"*0680a*","Mason Brassfield","(N/A)","LF,OF","2192","FA","20","100,000","A","0","0%","0%"
"*05yh7*","Michael Braswell","KC","3B","2193","FA","23","100,000","A","0","0%","0%"
"*06zr3*","Corey Braun","ATH","SP","2194","FA","23","100,000","A","0","0%","0%"
"*06f18*","Lucas Braun","ATL","SP","2195","FA","24","100,000","A","0","6%","0%"
"*0737p*","Mason Braun","(N/A)","1B","2196","FA","19","100,000","A","0","0%","0%"
"*06yzh*","Logan Braunschweig","ATL","LF,OF","2197","FA","23","100,000","A","0","0%","0%"
"*06uo8*","Ayendy Bravo","MIL","RP","2198","FA","19","100,000","A","0","0%","0%"
"*06z3z*","Damian Bravo","SF","LF,OF","2199","FA","22","100,000","A","0","0%","0%"
"*06rqg*","Jhorman Bravo","BOS","SS","2200","FA","18","100,000","A","0","0%","0%"
"*076ry*","Royner Bravo","NYM","CF,OF","2201","FA","17","100,000","A","0","0%","0%"
"*06icb*","Bralyn Brazoban","PIT","CF,OF","2202","FA","19","100,000","A","0","1%","0%"
"*06qxy*","Anthwan Brea","BAL","LF,OF","2203","FA","19","100,000","A","0","0%","0%"
"*06sug*","Jhose Brea","ATH","RP","2204","FA","18","100,000","A","0","0%","0%"
"*06ukr*","Victor Brea","(N/A)","RP","2205","FA","23","100,000","A","0","0%","0%"
"*06ugr*","Hunter Breault","(N/A)","RP","2206","FA","27","100,000","A","0","0%","0%"
"*04pmj*","Josh Breaux","(N/A)","C","2207","FA","28","100,000","A","0","0%","0%"
"*05ybz*","Brody Brecht","COL","SP","2208","FA","23","100,000","A","0","12%","0%"
"*06zaz*","Alex Breckheimer","STL","RP","2209","FA","22","100,000","A","0","0%","0%"
"*06yzg*","Austin Breedlove","NYY","RP","2210","FA","22","100,000","A","0","0%","0%"
"*04q5d*","Bradley Brehmer","BAL","RP","2211","FA","26","100,000","A","0","0%","0%"
"*04ehe*","Noah Bremer","(N/A)","P","2212","FA","30","100,000","A","0","0%","0%"
"*06icx*","Tyler Bremner","LAA","SP","2213","Brian","22","500,000","A","0","44%","0%"
"*06ph1*","Payton Brennan","(N/A)","LF,OF","2214","FA","23","100,000","A","0","0%","0%"
"*04psf*","Tim Brennan","(N/A)","SP","2215","FA","29","100,000","A","0","0%","0%"
"*031d3*","Jake Brentz","(N/A)","RP","2216","FA","31","100,000","A","0","0%","0%"
"*06ht3*","Jacob Bresnahan","SF","SP","2217","FA","21","100,000","A","0","6%","0%"
"*06qgs*","Ivan Brethowr","PIT","RF,OF","2218","FA","23","100,000","A","0","1%","0%"
"*02bt3*","Colten Brewer","(N/A)","RP","2219","FA","33","100,000","A","0","0%","0%"
"*06qla*","Hoss Brewer","NYM","RP","2220","FA","25","100,000","A","0","0%","0%"
"*056j9*","Michael Brewer","(N/A)","RP","2221","FA","25","100,000","A","0","0%","0%"
"*06r78*","Easton Breyfogle","(N/A)","LF,OF","2222","FA","21","100,000","A","0","0%","0%"
"*066d9*","Will Brian","NYY","RP","2223","FA","27","100,000","A","0","0%","0%"
"*03amr*","Endrys Briceno","(N/A)","RP","2224","FA","34","100,000","A","0","0%","0%"
"*031s7*","Jose Briceno","(N/A)","C","2225","FA","33","100,000","A","0","0%","0%"
"*0637j*","Josue Briceno","DET","C,1B","2226","Brenden","21","500,000","A","0","41%","0%"
"*074vn*","Leandro Briceno","KC","SS","2227","FA","17","100,000","A","0","0%","0%"
"*06r08*","Miguel Briceno","MIN","RF,OF","2228","FA","23","100,000","A","0","0%","0%"
"*06yzu*","Will Brick","TOR","C","2229","FA","18","100,000","A","0","0%","0%"
"*04q5b*","Jonah Bride","TEX","3B","2230","FA","30","100,000","A","0","1%","0%"
"*051db*","Trevor Brigden","(N/A)","RP","2231","FA","30","100,000","A","0","0%","0%"
"*03dbv*","Jeff Brigham","(N/A)","RP","2232","FA","34","100,000","A","0","0%","0%"
"*0648i*","Trace Bright","BAL","SP","2233","FA","25","100,000","A","0","1%","0%"
"*041qn*","Bryson Brigman","(N/A)","2B","2234","FA","31","100,000","A","0","0%","0%"
"*06rob*","Juan Brima","ARI","2B","2235","FA","18","100,000","A","0","0%","0%"
"*0778f*","Shane Brinham","(N/A)","SP","2236","FA","18","100,000","A","0","0%","0%"
"*06za0*","Jake Brink","CIN","SP","2237","FA","23","100,000","A","0","0%","0%"
"*06qui*","Nick Brink","MIA","SP","2238","FA","24","100,000","A","0","0%","0%"
"*06me7*","Anderson Brito","TB","SP","2239","FA","22","100,000","A","0","13%","0%"
"*06am2*","Biembenido Brito","(N/A)","SP","2240","FA","23","100,000","A","0","0%","0%"
"*06qxl*","Chris Brito","KC","1B","2241","FA","26","100,000","A","0","0%","0%"
"*07300*","Dawvris Brito","BOS","SS","2242","FA","17","100,000","A","0","1%","0%"
"*06kvf*","Edwin Brito","(N/A)","LF,OF","2243","FA","19","100,000","A","0","0%","0%"
"*06avx*","Erick Brito","PHI","3B,SS","2244","FA","24","100,000","A","0","0%","0%"
"*06rqh*","Heins Brito","CLE","SS","2245","FA","18","100,000","A","0","0%","0%"
"*07612*","Jean Brito","NYM","SP","2246","FA","20","100,000","A","0","0%","0%"
"*06r3g*","Josue Brito","BOS","1B","2247","FA","19","100,000","A","0","2%","0%"
"*063do*","Moises Brito","(N/A)","RP","2248","FA","24","100,000","A","0","0%","0%"
"*06s36*","Raul Brito","MIN","RP","2249","FA","29","100,000","A","0","0%","0%"
"*06kui*","Roldy Brito","COL","2B,CF,OF","2250","Zack","19","11,000,000","A","0","22%","0%"
"*06hpx*","Logan Britt","(N/A)","SP","2251","FA","26","100,000","A","0","0%","0%"
"*062zv*","Rhett Britt","(N/A)","SP","2252","FA","19","100,000","A","0","0%","0%"
"*06htm*","Rio Britton","ARI","RP","2253","FA","23","100,000","A","0","0%","0%"
"*06u6e*","Ricardo Brizuela","(N/A)","SP","2254","FA","23","100,000","A","0","0%","0%"
"*05162*","Kyle Brnovich","PHI","SP","2255","FA","28","100,000","A","0","0%","0%"
"*05y9p*","Taylor Broadway","(N/A)","RP","2256","FA","29","100,000","A","0","0%","0%"
"*06ugq*","Jesus Broca","MIL","RP","2257","FA","22","100,000","A","0","0%","0%"
"*06dn9*","Julian Brock","TEX","C","2258","FA","25","100,000","A","0","0%","0%"
"*06575*","T.J. Brock","TOR","RP","2259","FA","26","100,000","A","0","1%","0%"
"*075kr*","Jackson Brockett","CHC","RP","2260","FA","23","100,000","A","0","0%","0%"
"*06z9z*","Luke Broderick","COL","RP","2261","FA","22","100,000","A","0","0%","0%"
"*06qri*","Sam Brodersen","WSH","RP","2262","FA","24","100,000","A","0","0%","0%"
"*06hug*","Bryan Broecker","TB","C","2263","FA","24","100,000","A","0","0%","0%"
"*0665n*","Archer Brookman","ATL","C","2264","FA","27","100,000","A","0","0%","0%"
"*06zcx*","Daniel Brooks","ATL","SP","2265","FA","23","100,000","A","0","0%","0%"
"*060vg*","Jake Brooks","COL","SP","2266","FA","25","100,000","A","0","0%","0%"
"*075gi*","Michael Brooks","ATH","SS","2267","FA","24","100,000","A","0","0%","0%"
"*06sub*","Robert Brooks","(N/A)","C","2268","FA","27","100,000","A","0","0%","0%"
"*06qo6*","Steven Brooks","BOS","SP","2269","FA","23","100,000","A","0","0%","0%"
"*0420f*","Trenton Brooks","HOU","DH","2270","FA","31","100,000","A","0","0%","0%"
"*04ylg*","Mike Brosseau","(N/A)","1B","2271","FA","32","100,000","A","0","0%","0%"
"*06pfg*","Joey Broughton","MIL","SP","2272","FA","20","100,000","A","0","1%","0%"
"*05yc7*","Aaron Brown","(N/A)","SP","2273","FA","27","100,000","A","0","0%","0%"
"*072yp*","Andrew Brown","(N/A)","CF,OF","2274","FA","15","100,000","A","0","0%","0%"
"*0779r*","Austin Brown","NYM","RP","2275","FA","21","100,000","A","0","0%","0%"
"*072j4*","Blaine Brown","(N/A)","RF,OF,P","2276","FA","20","100,000","A","0","0%","0%"
"*05r5i*","Blake Brown","WSH","RP","2277","FA","27","100,000","A","0","0%","0%"
"*05gx1*","Cam Brown","(N/A)","RP","2278","FA","24","100,000","A","0","0%","0%"
"*06tlc*","Cam Brown","(N/A)","RP","2279","FA","28","100,000","A","0","0%","0%"
"*06qtz*","Canyon Brown","KC","C","2280","FA","22","100,000","A","0","0%","0%"
"*07786*","Colt Brown","(N/A)","C","2281","FA","19","100,000","A","0","0%","0%"
"*0512s*","Dasan Brown","(N/A)","CF,OF","2282","FA","24","100,000","A","0","1%","0%"
"*06qrb*","Dawson Brown","ARI","RP","2283","FA","25","100,000","A","0","0%","0%"
"*05u9t*","Devonte Brown","(N/A)","CF,RF,OF","2284","FA","26","100,000","A","0","0%","0%"
"*06zrd*","Dylan Brown","BOS","SP","2285","FA","22","100,000","A","0","2%","0%"
"*070c3*","Ely Brown","CHW","CF,OF","2286","FA","22","100,000","A","0","0%","0%"
"*060jp*","Eric Brown","MIL","2B","2287","FA","25","100,000","A","0","2%","0%"
"*0766c*","Graham Brown","MIN","CF,OF","2288","FA","24","100,000","A","0","0%","0%"
"*06l5g*","Jake Brown","(N/A)","RF,OF","2289","FA","21","100,000","A","0","0%","0%"
"*06qjg*","Jessada Brown","MIA","C","2290","FA","23","100,000","A","0","0%","0%"
"*06mdm*","Juan Brown","CIN","RF,OF","2291","FA","19","100,000","A","0","0%","0%"
"*072dt*","Kade Brown","(N/A)","RP","2292","FA","22","100,000","A","0","0%","0%"
"*066ep*","Marcus Brown","HOU","2B,3B,SS","2293","FA","24","100,000","A","0","0%","0%"
"*05rg5*","McCade Brown","COL","SP","2294","FA","25","100,000","A","0","3%","0%"
"*06gih*","Ryan Brown","LAD","RP","2295","FA","23","100,000","A","0","0%","0%"
"*06hsf*","Ryan Brown","ATH","RP","2296","FA","25","100,000","A","0","0%","0%"
"*06h1x*","Sam Brown","WSH","1B","2297","FA","24","100,000","A","0","0%","0%"
"*03qvr*","Seth Brown","(N/A)","OF","2298","FA","34","100,000","A","0","1%","0%"
"*05y6h*","Vaun Brown","(N/A)","LF,RF,OF","2299","FA","28","100,000","A","0","0%","0%"
"*06xzy*","Kevin Bruggeman","LAA","1B","2300","FA","24","100,000","A","0","0%","0%"
"*0744r*","Cristofer Brujan","CLE","SP","2301","FA","17","100,000","A","0","0%","0%"
"*072i2*","Carson Brumbaugh","(N/A)","SS","2302","FA","19","100,000","A","0","0%","0%"
"*05tuq*","Gavin Bruni","WSH","RP","2303","FA","23","100,000","A","0","0%","0%"
"*06rtb*","Alam Bruno","ARI","SS","2304","FA","18","100,000","A","0","0%","0%"
"*05jqo*","Ryan Bruno","ARI","RP","2305","FA","24","100,000","A","0","0%","0%"
"*05t9h*","Maddux Bruns","LAD","SP","2306","FA","24","100,000","A","0","5%","0%"
"*06kqz*","Chase Brunson","WSH","CF,OF","2307","FA","21","100,000","A","0","0%","0%"
"*06mip*","Thomas Bruss","DET","RP","2308","FA","27","100,000","A","0","0%","0%"
"*06ujq*","Drew Brutcher","HOU","LF,RF,OF","2309","FA","24","100,000","A","0","1%","0%"
"*064n6*","Ben Brutti","CIN","RP","2310","FA","23","100,000","A","0","0%","0%"
"*064or*","Daniel Bruzual","(N/A)","C","2311","FA","21","100,000","A","0","0%","0%"
"*06r3v*","Brooks Bryan","KC","C","2312","FA","22","100,000","A","0","0%","0%"
"*077c7*","Blake Bryant","ARI","SP","2313","FA","18","100,000","A","0","0%","0%"
"*01ubo*","Kris Bryant","COL","DH","2314","FA","34","100,000","A","0","3%","0%"
"*06s3g*","Tyler Bryant","MIL","RP","2315","FA","27","100,000","A","0","0%","0%"
"*05rem*","Zach Bryant","TEX","RP","2316","FA","28","100,000","A","0","0%","0%"
"*060p1*","Yasmil Bucce","BAL","1B","2317","FA","21","100,000","A","0","1%","0%"
"*07010*","Daniel Bucciero","ATH","3B","2318","FA","21","100,000","A","0","0%","0%"
"*02h9b*","David Buchanan","(N/A)","SP","2319","FA","37","100,000","A","0","0%","0%"
"*06yzf*","Micah Bucknam","TOR","SP","2320","FA","22","100,000","A","0","1%","0%"
"*057z9*","Brayan Buelvas","ATH","CF,RF,OF","2321","FA","24","100,000","A","0","1%","0%"
"*06r12*","Ismauri Bueno","(N/A)","RP","2322","FA","19","100,000","A","0","0%","0%"
"*06agm*","Jesus Bugarin","(N/A)","RF,OF","2323","FA","24","100,000","A","0","0%","0%"
"*03dsj*","J.B. Bukauskas","MIL","RP","2324","FA","29","100,000","A","0","1%","0%"
"*070c6*","Blaine Bullard","TOR","CF,OF","2325","FA","19","100,000","A","0","4%","0%"
"*06hiy*","Tony Bullard","(N/A)","1B","2326","FA","26","100,000","A","0","0%","0%"
"*06r73*","Brody Bumila","TEX","SP","2327","FA","18","100,000","A","0","1%","0%"
"*06aqo*","Cade Bunnell","(N/A)","1B","2328","FA","29","100,000","A","0","0%","0%"
"*05uk0*","Tyler Burch","(N/A)","RP","2329","FA","28","100,000","A","0","0%","0%"
"*0665m*","Colin Burgess","ATL","C","2330","FA","25","100,000","A","0","0%","0%"
"*06rn5*","David Burgos","(N/A)","RP","2331","FA","20","100,000","A","0","0%","0%"
"*06rtu*","Deivid Burgos","CIN","RP","2332","FA","21","100,000","A","0","0%","0%"
"*05uy6*","Jorge Burgos","TOR","1B","2333","FA","24","100,000","A","0","0%","0%"
"*0731f*","Justin Burgos","PHI","SP","2334","FA","17","100,000","A","0","0%","0%"
"*06rts*","Luis Burgos","ATH","SP","2335","FA","20","100,000","A","0","0%","0%"
"*0421m*","Raymond Burgos","BOS","SP","2336","FA","27","100,000","A","0","0%","0%"
"*06rtr*","Roberto Burgos","(N/A)","RP","2337","FA","22","100,000","A","0","0%","0%"
"*06su8*","Yerlin Burgos","ATH","RP","2338","FA","18","100,000","A","0","0%","0%"
"*05yc2*","Garrett Burhenn","DET","SP","2339","FA","26","100,000","A","0","0%","0%"
"*062jb*","Blake Burke","MIL","1B","2340","FA","23","100,000","A","0","17%","0%"
"*06584*","Jacob Burke","CHW","CF,OF","2341","FA","25","100,000","A","0","1%","0%"
"*06heo*","Langston Burkett","(N/A)","RP","2342","FA","21","100,000","A","0","0%","0%"
"*0630k*","Blake Burkhalter","ATL","SP","2343","FA","25","100,000","A","0","2%","0%"
"*06mnj*","Griffin Burkholder","PHI","RF,OF","2344","FA","20","100,000","A","0","11%","0%"
"*06qpa*","Grant Burleson","HOU","RP","2345","FA","23","100,000","A","0","0%","0%"
"*041rd*","Corbin Burnes","ARI","SP","2346","FA","31","100,000","A","0","62%","0%"
"*06ywi*","Robbie Burnett","NYY","RF,OF","2347","FA","23","100,000","A","0","0%","0%"
"*0614e*","Jimmy Burnette","(N/A)","RP","2348","FA","27","100,000","A","0","0%","0%"
"*06ekn*","Connor Burns","CIN","C","2349","FA","24","100,000","A","0","0%","0%"
"*06qsk*","Mason Burns","STL","RP","2350","FA","24","100,000","A","0","0%","0%"
"*06hh9*","Peter Burns","LAA","C","2351","FA","26","100,000","A","0","0%","0%"
"*04mtq*","Tanner Burns","CLE","RP","2352","FA","27","100,000","A","0","2%","0%"
"*03qkx*","Ryan Burr","(N/A)","RP","2353","FA","32","100,000","A","0","0%","0%"
"*06uw2*","Braden Burress","(N/A)","LF,OF","2354","FA","20","100,000","A","0","0%","0%"
"*067y4*","Drew Burress","ATH","CF,OF","2355","FA","21","100,000","A","0","4%","0%"
"*0668r*","Ryan Burrowes","CHW","2B,3B,SS","2356","FA","21","100,000","A","0","1%","0%"
"*03pj3*","Beau Burrows","PIT","RP","2357","FA","29","100,000","A","0","0%","0%"
"*060u9*","Max Burt","DET","2B,3B","2358","FA","29","100,000","A","0","0%","0%"
"*031hh*","Alan Busenitz","(N/A)","RP","2359","FA","35","100,000","A","0","0%","0%"
"*067xh*","Homer Bush Jr.","TB","CF,OF","2360","FA","24","100,000","A","0","3%","0%"
"*05tpz*","Ky Bush","CHW","SP","2361","FA","26","100,000","A","0","4%","0%"
"*06hq3*","Will Bush","HOU","C,1B","2362","FA","22","100,000","A","0","1%","0%"
"*06r7z*","Jack Bushell","DET","RP","2363","FA","20","100,000","A","0","0%","0%"
"*066aw*","Alex Bustamante","(N/A)","RP","2364","FA","26","100,000","A","0","0%","0%"
"*06r0e*","Omar Bustamante","DET","C","2365","FA","20","100,000","A","0","0%","0%"
"*06akp*","Anielson Buten","CIN","LF,OF","2366","FA","20","100,000","A","0","0%","0%"
"*06qu8*","Aiden Butler","SEA","SP","2367","FA","22","100,000","A","0","0%","0%"
"*066fx*","Connor Butler","(N/A)","RP","2368","FA","26","100,000","A","0","0%","0%"
"*05tuu*","Jonny Butler","(N/A)","LF,OF","2369","FA","27","100,000","A","0","0%","0%"
"*06qnj*","Brandon Butterworth","BAL","2B,SS","2370","FA","23","100,000","A","0","0%","0%"
"*066k5*","Ike Buxton","WSH","RP","2371","FA","26","100,000","A","0","0%","0%"
"*06z3y*","Ben Bybee","SF","RP","2372","FA","22","100,000","A","0","0%","0%"
"*06qjh*","Myles Caba","LAD","RP","2373","FA","24","100,000","A","0","0%","0%"
"*066mx*","Starlyn Caba","MIA","SS","2374","FA","20","100,000","A","0","13%","0%"
"*06qsc*","Juan Cabada","CHC","2B","2375","FA","18","100,000","A","0","3%","0%"
"*06bkv*","Jorge Caballero","(N/A)","RF,OF","2376","FA","26","100,000","A","0","0%","0%"
"*06qf1*","Ryan Cabarcas","BAL","RP","2377","FA","25","100,000","A","0","0%","0%"
"*03qko*","Trey Cabbage","(N/A)","LF,RF,OF","2378","FA","29","100,000","A","0","0%","0%"
"*06sb5*","Brayan Cabello","SF","RP","2379","FA","22","100,000","A","0","0%","0%"
"*060q4*","Diosfran Cabeza","ARI","1B","2380","FA","23","100,000","A","0","0%","0%"
"*06sb9*","Johan Cabeza","CIN","SP","2381","FA","19","100,000","A","0","0%","0%"
"*06sb8*","Yeremmy Cabeza","COL","SP","2382","FA","22","100,000","A","0","0%","0%"
"*06c8v*","Aiven Cabral","ATL","SP","2383","FA","22","100,000","A","0","0%","0%"
"*072vt*","Edelson Cabral","ATL","SS","2384","FA","17","100,000","A","0","0%","0%"
"*072p6*","Evan Cabral","(N/A)","3B,P","2385","FA","19","100,000","A","0","0%","0%"
"*06rky*","Ismael Cabral","TB","SP","2386","FA","22","100,000","A","0","0%","0%"
"*064vv*","Jhon Cabral","CHC","RP","2387","FA","20","100,000","A","0","0%","0%"
"*062es*","Riquelmin Cabral","(N/A)","3B","2388","FA","23","100,000","A","0","0%","0%"
"*076s7*","Victor Cabreja","PIT","RP","2389","FA","24","100,000","A","0","0%","0%"
"*06ul1*","Baldemix Cabrera","(N/A)","SP","2390","FA","23","100,000","A","0","0%","0%"
"*072yl*","Christopher Cabrera","(N/A)","1B,3B","2391","FA","14","100,000","A","0","0%","0%"
"*05gcu*","Daniel Cabrera","DET","RF,OF","2392","FA","27","100,000","A","0","1%","0%"
"*040cf*","Genesis Cabrera","KC","RP","2393","FA","29","100,000","A","0","0%","0%"
"*06rpb*","Jan Cabrera","STL","SP","2394","FA","21","100,000","A","0","0%","0%"
"*05ww7*","Jean Cabrera","PHI","SP","2395","FA","24","100,000","A","0","3%","0%"
"*0558s*","Jeisson Cabrera","BAL","RP","2396","FA","27","100,000","A","0","0%","0%"
"*06rp1*","Jose Cabrera","LAD","RP","2397","FA","21","100,000","A","0","0%","0%"
"*066m9*","Manuel Cabrera","WSH","1B","2398","FA","20","100,000","A","0","0%","0%"
"*066m1*","Marwys Cabrera","KC","SP","2399","FA","20","100,000","A","0","0%","0%"
"*05rjo*","Ricky Cabrera","CIN","3B","2400","FA","21","100,000","A","0","4%","0%"
"*05rcx*","Romtres Cabrera","(N/A)","LF,OF","2401","FA","22","100,000","A","0","0%","0%"
"*06cf4*","Roni Cabrera","KC","RF,OF","2402","FA","20","100,000","A","0","1%","0%"
"*06c3v*","Yeremy Cabrera","WSH","CF,OF","2403","FA","21","100,000","A","0","6%","0%"
"*06uut*","Yojancel Cabrera","LAA","RF,OF","2404","FA","18","100,000","A","0","0%","0%"
"*06suu*","Yovanny Cabrera","(N/A)","RP","2405","FA","25","100,000","A","0","0%","0%"
"*06mmx*","Juneiker Caceres","CLE","CF,RF,OF","2406","Max","18","5,000,000","A","0","23%","+1%"
"*06144*","Kelvin Caceres","(N/A)","RP","2407","FA","26","100,000","A","0","0%","0%"
"*06ife*","Sebastian Cadiz","CLE","1B","2408","FA","20","100,000","A","0","0%","0%"
"*0730s*","Xavier Cadiz","CHC","SS","2409","FA","16","100,000","A","0","0%","0%"
"*06rtn*","Jose Caguana","(N/A)","C","2410","FA","24","100,000","A","0","0%","0%"
"*06rl5*","Luis Caicuto","PHI","C","2411","FA","23","100,000","A","0","0%","0%"
"*072cv*","Brandon Cain","PIT","RP","2412","FA","21","100,000","A","0","0%","0%"
"*06pg0*","Tegan Cain","PHI","RP","2413","FA","23","100,000","A","0","0%","0%"
"*0513m*","Christian Cairo","PHI","2B,3B,SS,LF,OF","2414","FA","25","100,000","A","0","1%","0%"
"*06z9a*","Frank Cairone","MIL","SP","2415","FA","18","100,000","A","0","2%","0%"
"*05js2*","David Calabrese","LAA","LF,CF,OF","2416","FA","23","100,000","A","0","1%","0%"
"*06htx*","Anthony Calarco","(N/A)","1B","2417","FA","26","100,000","A","0","0%","0%"
"*066mo*","Robert Calaz","COL","CF,RF,OF","2418","JD","20","500,000","A","0","15%","0%"
"*06sbz*","Johan Calcano","ARI","RP","2419","FA","19","100,000","A","0","0%","0%"
"*06r9a*","Warren Calcano","KC","SS","2420","FA","18","100,000","A","0","2%","0%"
"*06r15*","Omar Calcurian","SF","RP","2421","FA","21","100,000","A","0","0%","0%"
"*06rk6*","Fernando Caldera","HOU","C","2422","FA","23","100,000","A","0","0%","0%"
"*06rju*","Francisco Caldera","(N/A)","DH","2423","FA","20","100,000","A","0","0%","0%"
"*06r05*","Augusto Calderon","(N/A)","SP","2424","FA","25","100,000","A","0","0%","0%"
"*06hsw*","Jaeden Calderon","PHI","1B","2425","FA","20","100,000","A","0","0%","0%"
"*061lp*","Yorlin Calderon","(N/A)","RP","2426","FA","24","100,000","A","0","0%","0%"
"*06qp6*","Michael Caldon","BAL","RP","2427","FA","23","100,000","A","0","0%","0%"
"*06agr*","Slade Caldwell","ARI","LF,CF,OF","2428","Kai","20","500,000","A","0","21%","0%"
"*0315r*","Willie Calhoun","(N/A)","DH","2429","FA","31","100,000","A","0","0%","0%"
"*06hq8*","Caleb Cali","SEA","3B","2430","FA","25","100,000","A","0","0%","0%"
"*076l2*","Carl Calixte","PIT","CF,OF","2431","FA","19","100,000","A","0","0%","0%"
"*072eo*","Chase Call","HOU","RF,OF","2432","FA","24","100,000","A","0","0%","0%"
"*05y78*","Austin Callahan","(N/A)","1B,2B,3B","2433","FA","25","100,000","A","0","0%","0%"
"*06hvg*","Brett Callahan","DET","RF,OF","2434","FA","24","100,000","A","0","1%","0%"
"*051hf*","Blair Calvo","(N/A)","RP","2435","FA","30","100,000","A","0","0%","0%"
"*06if0*","Jeison Calvo","(N/A)","RP","2436","FA","20","100,000","A","0","0%","0%"
"*06yce*","Osiris Calvo","(N/A)","SP","2437","FA","22","100,000","A","0","0%","0%"
"*06hig*","Gerson Calzadilla","(N/A)","SP","2438","FA","22","100,000","A","0","0%","0%"
"*070kt*","Yojanser Calzado","CIN","CF,OF","2439","FA","19","100,000","A","0","0%","0%"
"*076rq*","Keiberg Camacaro","SF","SS","2440","FA","19","100,000","A","0","0%","0%"
"*06rgi*","Angel Camacho","(N/A)","RP","2441","FA","22","100,000","A","0","0%","0%"
"*06qze*","Jose Camacho","LAA","1B","2442","FA","19","100,000","A","0","0%","0%"
"*06ul0*","Kevin Camacho","CHC","RP","2443","FA","21","100,000","A","0","0%","0%"
"*06mw7*","Reiver Camacho","COL","RP","2444","FA","19","100,000","A","0","0%","0%"
"*06nl7*","Santiago Camacho","SF","C,1B","2445","FA","19","100,000","A","0","0%","0%"
"*02c65*","Daniel Camarena","(N/A)","RP","2446","FA","33","100,000","A","0","0%","0%"
"*06qns*","Ali Camarillo","ATH","SS","2447","FA","23","100,000","A","0","0%","0%"
"*06zcv*","Frank Camarillo","NYM","RP","2448","FA","22","100,000","A","0","0%","0%"
"*06ugx*","Jesus Camejo","(N/A)","RP","2449","FA","25","100,000","A","0","0%","0%"
"*02zg5*","Daz Cameron","TOR","OF","2450","FA","29","100,000","A","0","0%","0%"
"*066cl*","Mario Camilletti","CHW","3B","2451","FA","27","100,000","A","0","0%","0%"
"*0730l*","Efrailin Caminero","ATL","SP","2452","FA","17","100,000","A","0","0%","0%"
"*062e0*","Cam Caminiti","ATL","SP","2453","Kai","19","500,000","A","0","45%","0%"
"*06427*","Alain Camou","(N/A)","2B","2454","FA","22","100,000","A","0","0%","0%"
"*075gn*","Joe Campagna","DET","C","2455","FA","29","100,000","A","0","0%","0%"
"*04ym5*","Sergio Campana","(N/A)","RF,OF","2456","FA","24","100,000","A","0","0%","0%"
"*06drp*","Clayton Campbell","DET","1B","2457","FA","22","100,000","A","0","0%","0%"
"*06ekr*","Dylan Campbell","CHW","CF,OF","2458","FA","24","100,000","A","0","1%","0%"
"*04q6c*","Isaiah Campbell","ARI","SP","2459","FA","28","100,000","A","0","1%","0%"
"*066ad*","Jacob Campbell","(N/A)","LF,RF,OF","2460","FA","26","100,000","A","0","0%","0%"
"*051e9*","Justin Campbell","CLE","SP","2461","FA","25","100,000","A","0","5%","0%"
"*06id3*","Kayden Campbell","(N/A)","RP","2462","FA","22","100,000","A","0","0%","0%"
"*06f0q*","Kristian Campbell","BOS","2B","2463","C&G","24","1,000,000","A","0","44%","-1%"
"*04eso*","Paul Campbell","CHC","SP","2464","FA","30","100,000","A","0","0%","0%"
"*06dpu*","Gustavo Campero","LAA","RF,OF","2465","FA","28","100,000","A","0","1%","0%"
"*06rtw*","Alexander Campos","TB","RP","2466","FA","23","100,000","A","0","0%","0%"
"*064wh*","Chris Campos","LAD","SP","2467","FA","25","100,000","A","0","0%","0%"
"*06rim*","Daniel Campos","CHC","C","2468","FA","20","100,000","A","0","0%","0%"
"*06rjw*","Diego Campos","(N/A)","C","2469","FA","19","100,000","A","0","0%","0%"
"*05r61*","Elio Campos","(N/A)","2B,3B","2470","FA","0","100,000","A","0","0%","0%"
"*06ru0*","Manuel Campos","ATL","SS","2471","FA","18","100,000","A","0","0%","0%"
"*059tv*","Roberto Campos","DET","CF,RF,OF","2472","FA","23","100,000","A","0","2%","0%"
"*06o0g*","Ryan Campos","STL","C","2473","FA","23","100,000","A","0","1%","0%"
"*06rtx*","Ulices Campos","(N/A)","SP","2474","FA","24","100,000","A","0","0%","0%"
"*06o10*","Hector Campusano","BAL","2B","2475","FA","19","100,000","A","0","0%","0%"
"*076ss*","Hendrick Cana","STL","SP","2476","FA","18","100,000","A","0","0%","0%"
"*04hi6*","Alexander Canario","(N/A)","LF,CF,RF,OF","2477","FA","26","100,000","A","0","1%","0%"
"*03qmu*","Gabriel Cancel","(N/A)","3B,SS","2478","FA","29","100,000","A","0","0%","0%"
"*06hvx*","Jarrod Cande","COL","SP","2479","FA","26","100,000","A","0","0%","0%"
"*04nau*","Wilmin Candelario","(N/A)","SS","2480","FA","24","100,000","A","0","0%","0%"
"*06o0d*","Clark Candiotti","SD","SP","2481","FA","25","100,000","A","0","0%","0%"
"*071hf*","Edelson Canelon","MIA","RP","2482","FA","18","100,000","A","0","0%","0%"
"*025eo*","Mark Canha","(N/A)","LF,OF","2483","FA","37","100,000","A","0","1%","0%"
"*06c1j*","Cam Cannarella","MIA","CF,OF","2484","Zack","22","11,000,000","A","0","22%","+4%"
"*06qnk*","Will Cannon","CIN","RP","2485","FA","23","100,000","A","0","0%","0%"
"*06alz*","Gregori Cano","(N/A)","1B","2486","FA","22","100,000","A","0","0%","0%"
"*06jh6*","Ichiro Cano","CIN","1B,3B","2487","FA","21","100,000","A","0","1%","0%"
"*0511v*","Matt Canterino","MIN","SP","2488","FA","28","100,000","A","0","2%","0%"
"*05gs5*","Hayden Cantrelle","CHC","2B,SS","2489","FA","27","100,000","A","0","0%","0%"
"*072cu*","Luke Cantwell","SD","1B","2490","FA","23","100,000","A","0","0%","0%"
"*041sb*","Conner Capel","COL","RF,OF","2491","FA","29","100,000","A","0","0%","0%"
"*06jbi*","Justin Capellan","NYY","C","2492","FA","20","100,000","A","0","0%","0%"
"*061zk*","Samuel Capellan","(N/A)","LF,OF","2493","FA","21","100,000","A","0","0%","0%"
"*06qu7*","Brooks Caple","CHC","SP","2494","FA","23","100,000","A","0","2%","0%"
"*05yge*","Francesco Capocci","(N/A)","RP","2495","FA","22","100,000","A","0","0%","0%"
"*05110*","Yiddi Cappe","(N/A)","2B","2496","FA","23","100,000","A","0","1%","0%"
"*04q26*","Vinny Capra","BOS","3B","2497","FA","30","100,000","A","0","1%","0%"
"*06qrj*","Balian Caraballo","(N/A)","RF,OF","2498","FA","20","100,000","A","0","0%","0%"
"*06rp4*","Brandy Caraballo","(N/A)","LF,OF","2499","FA","20","100,000","A","0","0%","0%"
"*06rp3*","Heriberto Caraballo","STL","C","2500","FA","21","100,000","A","0","0%","0%"
"*06r3z*","Jan Caraballo","DET","RP","2501","FA","22","100,000","A","0","0%","0%"
"*06ya5*","Miguel Caraballo","MIN","C","2502","FA","17","100,000","A","0","1%","0%"
"*06r11*","Uilfe Caraballo","(N/A)","SP","2503","FA","21","100,000","A","0","0%","0%"
"*075io*","Owen Carapellotti","TOR","C","2504","FA","23","100,000","A","0","0%","0%"
"*06cq4*","Trent Caraway","(N/A)","3B","2505","FA","22","100,000","A","0","0%","0%"
"*06maw*","Anderson Cardenas","ARI","RP","2506","FA","20","100,000","A","0","0%","0%"
"*05y2j*","Noah Cardenas","MIN","C","2507","FA","26","100,000","A","0","0%","0%"
"*04pyz*","Ruben Cardenas","(N/A)","RF,OF","2508","FA","28","100,000","A","0","0%","0%"
"*06zcu*","Xavier Cardenas","MIA","RP","2509","FA","23","100,000","A","0","0%","0%"
"*06cqw*","Ryan Cardona","(N/A)","SP","2510","FA","26","100,000","A","0","0%","0%"
"*06rgr*","Victor Cardoza","PHI","CF,OF","2511","FA","20","100,000","A","0","0%","0%"
"*055cd*","Kristian Cardozo","(N/A)","RP","2512","FA","23","100,000","A","0","0%","0%"
"*074bt*","Ronald Cardozo","CHW","C","2513","FA","17","100,000","A","0","0%","0%"
"*06r6y*","Enmanuel Carela","WSH","RP","2514","FA","19","100,000","A","0","0%","0%"
"*04z6l*","Juan Carela","CHW","SP","2515","FA","24","100,000","A","0","1%","0%"
"*064ov*","Leny Carela","(N/A)","2B","2516","FA","21","100,000","A","0","0%","0%"
"*060ul*","Jack Carey","(N/A)","RP","2517","FA","26","100,000","A","0","0%","0%"
"*06qrv*","Owen Carey","ATL","LF,CF,RF,OF","2518","FA","19","100,000","A","0","3%","0%"
"*06uw3*","Tate Carey","(N/A)","SP","2519","FA","20","100,000","A","0","0%","0%"
"*06su2*","Luis Carias","LAD","SP","2520","FA","21","100,000","A","0","0%","0%"
"*0622v*","Michael Carico","CHC","C","2521","FA","23","100,000","A","0","0%","0%"
"*072o2*","Juan Caricote","TOR","C","2522","FA","17","100,000","A","0","1%","0%"
"*06r1f*","Carlos Caripa","CLE","RF,OF","2523","FA","19","100,000","A","0","0%","0%"
"*072im*","Cole Carlon","TOR","SP","2524","FA","21","100,000","A","0","1%","0%"
"*06alq*","Billy Carlson","CHW","SS","2525","Brian","19","500,000","A","0","27%","0%"
"*05ygx*","Max Carlson","BOS","RP","2526","FA","24","100,000","A","0","0%","0%"
"*06zdi*","Parker Carlson","NYM","RP","2527","FA","23","100,000","A","0","0%","0%"
"*04ef1*","Sam Carlson","HOU","RP","2528","FA","27","100,000","A","0","1%","0%"
"*06c5m*","Kyler Carmack","PHI","RP","2529","FA","23","100,000","A","0","0%","0%"
"*06k7s*","Easton Carmichael","PIT","C","2530","FA","22","100,000","A","0","2%","0%"
"*06rhx*","Angel Carmona","ATL","SS","2531","FA","18","100,000","A","0","0%","0%"
"*06rqx*","Kelvin Carmona","(N/A)","RP","2532","FA","19","100,000","A","0","0%","0%"
"*06hti*","Dylan Carmouche","CHW","SP","2533","FA","24","100,000","A","0","0%","0%"
"*06iew*","Hunter Carns","(N/A)","C","2534","FA","21","100,000","A","0","0%","0%"
"*06lt9*","Carlos Caro","PIT","2B","2535","FA","21","100,000","A","0","0%","0%"
"*06oo3*","Josh Caron","SEA","C","2536","FA","22","100,000","A","0","1%","0%"
"*066lb*","D.J. Carpenter","STL","RP","2537","FA","26","100,000","A","0","0%","0%"
"*06qnz*","Michael Carpenter","MIN","SP","2538","FA","21","100,000","A","0","0%","0%"
"*06s37*","Alan Carpinteiro","SEA","SP","2539","FA","19","100,000","A","0","0%","0%"
"*06z59*","Leonardo Carpio","(N/A)","LF,OF","2540","FA","18","100,000","A","0","0%","0%"
"*06mca*","Samuel Carpio","MIA","RP","2541","FA","23","100,000","A","0","0%","0%"
"*05yhi*","Jared Carr","(N/A)","LF,OF","2542","FA","27","100,000","A","0","0%","0%"
"*075f2*","Jordan Carr","HOU","RP","2543","FA","29","100,000","A","0","0%","0%"
"*06dmq*","Kyle Carr","NYY","SP","2544","FA","24","100,000","A","0","2%","0%"
"*06qvk*","Peyton Carr","(N/A)","1B,3B","2545","FA","24","100,000","A","0","0%","0%"
"*06ukz*","Carlos Carra","MIL","RP","2546","FA","19","100,000","A","0","0%","0%"
"*04b3k*","Deury Carrasco","(N/A)","RP","2547","FA","26","100,000","A","0","0%","0%"
"*05h7i*","Luis Carrasco","ATH","RP","2548","FA","24","100,000","A","0","0%","0%"
"*06v6f*","Luis Carrasco","ARI","RP","2549","FA","21","100,000","A","0","0%","0%"
"*06jh0*","Carlos Carrasquel","(N/A)","SS","2550","FA","19","100,000","A","0","0%","0%"
"*05jp6*","Burl Carraway","(N/A)","RP","2551","FA","27","100,000","A","0","0%","0%"
"*06sbc*","Nicolas Carreno","NYM","RP","2552","FA","20","100,000","A","0","2%","0%"
"*07613*","Alonso Carrera","TB","RP","2553","FA","21","100,000","A","0","0%","0%"
"*06tvi*","David Carrera","NYY","LF,OF","2554","FA","19","100,000","A","0","0%","0%"
"*06c86*","Emisael Carrera","(N/A)","SP","2555","FA","20","100,000","A","0","0%","0%"
"*06img*","Jesus Carrera","HOU","RP","2556","FA","21","100,000","A","0","0%","0%"
"*04yj9*","Julio Carreras","CIN","2B,3B","2557","FA","26","100,000","A","0","0%","0%"
"*06zww*","Yamvier Carrero","ATL","SS","2558","FA","19","100,000","A","0","0%","0%"
"*060ud*","Lorenzo Carrier","(N/A)","RF,OF","2559","FA","23","100,000","A","0","0%","0%"
"*06tl5*","Alex Carrillo","(N/A)","RP","2560","FA","29","100,000","A","0","0%","0%"
"*06tl4*","Alvaro Carrillo","(N/A)","RP","2561","FA","21","100,000","A","0","0%","0%"
"*04qnh*","Gerardo Carrillo","ARI","RP","2562","FA","27","100,000","A","0","0%","0%"
"*062yz*","Oliver Carrillo","(N/A)","1B","2563","FA","24","100,000","A","0","0%","0%"
"*0744l*","Carlos Carrion","STL","SS","2564","FA","17","100,000","A","0","0%","0%"
"*06ro0*","Andrew Carson","(N/A)","RP","2565","FA","26","100,000","A","0","0%","0%"
"*04p0h*","Diego Cartaya","(N/A)","C","2566","FA","24","100,000","A","0","4%","0%"
"*06bpr*","Yeiber Cartaya","BAL","SP","2567","FA","23","100,000","A","0","1%","0%"
"*075lb*","Dylan Carter","SF","RP","2568","FA","24","100,000","A","0","0%","0%"
"*06agt*","Greysen Carter","NYY","SP","2569","FA","23","100,000","A","0","1%","0%"
"*05uy2*","Irv Carter","TOR","RP","2570","FA","23","100,000","A","0","1%","0%"
"*061bm*","Ross Carver","(N/A)","RP","2571","FA","26","100,000","A","0","0%","0%"
"*0731c*","Esterlin Casanova","BOS","SS","2572","FA","17","100,000","A","0","0%","0%"
"*0637d*","Jair Casanova","(N/A)","CF,OF","2573","FA","22","100,000","A","0","0%","0%"
"*0731t*","Sebastian Casanova","TOR","SS","2574","FA","17","100,000","A","0","0%","0%"
"*04de1*","Triston Casas","BOS","1B","2575","C&G","26","1,000,000","A","0","40%","0%"
"*072ep*","Mikey Cascino","LAA","SP","2576","FA","19","100,000","A","0","0%","0%"
"*04q02*","Brad Case","(N/A)","RP","2577","FA","29","100,000","A","0","0%","0%"
"*06zzb*","Tommy Case","LAD","SP","2578","FA","18","100,000","A","0","0%","0%"
"*075kf*","Sebastian Caseres","LAA","RP","2579","FA","18","100,000","A","0","0%","0%"
"*04erx*","Donovan Casey","(N/A)","RF,OF","2580","FA","30","100,000","A","0","0%","0%"
"*06z0p*","Jake Casey","TOR","RF,OF","2581","FA","23","100,000","A","0","1%","0%"
"*06quz*","Yanuel Casiano","CIN","C","2582","FA","19","100,000","A","0","0%","0%"
"*064of*","Luichi Casilla","COL","SP","2583","FA","21","100,000","A","0","0%","0%"
"*05no0*","Jiorgeny Casimiri","(N/A)","RP","2584","FA","25","100,000","A","0","0%","0%"
"*06qnh*","Connor Caskenette","MIA","C","2585","FA","24","100,000","A","0","0%","0%"
"*06nzs*","Conrad Cason","BOS","SP","2586","FA","19","100,000","A","0","4%","0%"
"*06zdh*","Brandon Cassedy","HOU","SP","2587","FA","22","100,000","A","0","0%","0%"
"*06hhk*","Xavier Casserilla","(N/A)","3B","2588","FA","23","100,000","A","0","0%","0%"
"*06rjj*","Estanlin Cassiani","(N/A)","CF,OF","2589","FA","23","100,000","A","0","0%","0%"
"*061yk*","Marcos Castanon","SD","2B,3B","2590","FA","27","100,000","A","0","0%","0%"
"*06rk4*","Alejandro Castellano","(N/A)","C","2591","FA","19","100,000","A","0","0%","0%"
"*06qx3*","Angelo Castellano","(N/A)","2B,SS","2592","FA","31","100,000","A","0","0%","0%"
"*075tr*","Dominic Castellano","SEA","RP","2593","FA","23","100,000","A","0","0%","0%"
"*050if*","Humberto Castellanos","(N/A)","RP","2594","FA","28","100,000","A","0","0%","0%"
"*06rm5*","Santiago Castellanos","MIN","SP","2595","FA","18","100,000","A","0","1%","0%"
"*06v4q*","Nate Castellon","(N/A)","SS","2596","FA","20","100,000","A","0","0%","0%"
"*073sc*","Diego Castelo","SD","SP","2597","FA","17","100,000","A","0","0%","0%"
"*0777i*","Angel Castillo","TB","RP","2598","FA","24","100,000","A","0","0%","0%"
"*050ym*","Brayan Castillo","COL","RP","2599","FA","25","100,000","A","0","0%","0%"
"*06ams*","Byron Castillo","LAA","CF,OF","2600","FA","20","100,000","A","0","0%","0%"
"*06c9z*","Carlos Castillo","PIT","SP","2601","FA","20","100,000","A","0","0%","0%"
"*0731y*","Carlos Castillo","LAA","CF,OF","2602","FA","17","100,000","A","0","0%","0%"
"*06r5h*","Darian Castillo","SD","2B","2603","FA","19","100,000","A","0","0%","0%"
"*06qy3*","Deuri Castillo","SEA","1B,LF,OF","2604","FA","22","100,000","A","0","0%","0%"
"*041me*","Diego Castillo","(N/A)","RP","2605","FA","32","100,000","A","0","0%","0%"
"*04vnr*","Diego Castillo","TEX","SS","2606","FA","28","100,000","A","0","0%","0%"
"*06rnp*","Haritzon Castillo","MIN","SS","2607","FA","18","100,000","A","0","1%","0%"
"*06r1k*","Hector Castillo","CLE","RP","2608","FA","19","100,000","A","0","0%","0%"
"*06rqr*","Isaias Castillo","NYY","LF,OF","2609","FA","18","100,000","A","0","1%","0%"
"*06m61*","Jackson Castillo","NYY","LF,CF,OF","2610","FA","23","100,000","A","0","0%","0%"
"*062l1*","Jesus Castillo","PIT","1B,2B,3B","2611","FA","23","100,000","A","0","0%","0%"
"*02new*","Jose Castillo","(N/A)","RP","2612","FA","30","100,000","A","0","0%","0%"
"*07493*","Joshddy Castillo","BAL","CF,OF","2613","FA","16","100,000","A","0","0%","0%"
"*06ri2*","Juan Castillo","COL","C","2614","FA","23","100,000","A","0","0%","0%"
"*07692*","Keisther Castillo","KC","SP","2615","FA","18","100,000","A","0","0%","0%"
"*05rhs*","Kenny Castillo","ARI","C","2616","FA","22","100,000","A","0","0%","0%"
"*06dqm*","Kevyn Castillo","LAA","CF,OF","2617","FA","21","100,000","A","0","0%","0%"
"*061v8*","Luis Castillo","MIL","LF,OF","2618","FA","22","100,000","A","0","0%","0%"
"*05yoe*","Luis F. Castillo","(N/A)","SP","2619","FA","31","100,000","A","0","0%","0%"
"*04k4u*","Max Castillo","(N/A)","SP","2620","FA","27","100,000","A","0","0%","0%"
"*06148*","Moises Castillo","(N/A)","SS","2621","FA","27","100,000","A","0","0%","0%"
"*04o38*","Neyfy Castillo","(N/A)","1B,RF,OF","2622","FA","25","100,000","A","0","0%","0%"
"*06sbk*","Raymi Castillo","(N/A)","RP","2623","FA","20","100,000","A","0","0%","0%"
"*05xng*","Rayner Castillo","DET","SP","2624","FA","22","100,000","A","0","0%","0%"
"*06ksb*","Ruben Castillo","(N/A)","SP","2625","FA","25","100,000","A","0","0%","0%"
"*06rhu*","Ruben Castillo","NYY","CF,OF","2626","FA","18","100,000","A","0","1%","0%"
"*0646e*","Walin Castillo","MIA","SP","2627","FA","21","100,000","A","0","0%","0%"
"*076rw*","Wesly Castillo","TEX","RF,OF","2628","FA","18","100,000","A","0","0%","0%"
"*06rjk*","Wilkelma Castillo","(N/A)","RP","2629","FA","26","100,000","A","0","0%","0%"
"*05t5j*","Wilton Castillo","(N/A)","SP","2630","FA","26","100,000","A","0","0%","0%"
"*06qh5*","Winifer Castillo","(N/A)","LF,RF,OF","2631","FA","19","100,000","A","0","0%","0%"
"*06mfs*","Yeiferth Castillo","CLE","LF,OF","2632","FA","19","100,000","A","0","0%","0%"
"*06icj*","Yolfran Castillo","TEX","3B,SS","2633","FA","19","100,000","A","0","10%","0%"
"*061yp*","Allan Castro","BOS","CF,OF","2634","FA","23","100,000","A","0","1%","0%"
"*066n0*","Ariel Castro","(N/A)","RF,OF","2635","FA","20","100,000","A","0","0%","0%"
"*06ugw*","Felix Castro","ATH","RP","2636","FA","22","100,000","A","0","0%","0%"
"*02zma*","Harold Castro","(N/A)","3B,SS","2637","FA","32","100,000","A","0","0%","0%"
"*06rnj*","Jesus Castro","(N/A)","C","2638","FA","22","100,000","A","0","0%","0%"
"*075my*","Jesus Castro","SD","SP","2639","FA","19","100,000","A","0","2%","0%"
"*06kvb*","Jose Castro","MIA","RF,OF","2640","FA","19","100,000","A","0","1%","0%"
"*06l0k*","Jose Castro","NYY","LF,OF","2641","FA","20","100,000","A","0","0%","0%"
"*06r6r*","Kendry Castro","SF","RP","2642","FA","19","100,000","A","0","0%","0%"
"*02yhb*","Luis Castro","(N/A)","1B,3B,LF,OF","2643","FA","30","100,000","A","0","0%","0%"
"*0620l*","Manuel Castro","SD","RP","2644","FA","24","100,000","A","0","0%","0%"
"*0351m*","Miguel Castro","(N/A)","RP","2645","FA","31","100,000","A","0","0%","0%"
"*06u72*","Ricky Castro","MIN","SP","2646","FA","26","100,000","A","0","0%","0%"
"*042c1*","Rodolfo Castro","(N/A)","SS","2647","FA","27","100,000","A","0","0%","0%"
"*05y5x*","Sebastian Castro","(N/A)","RF,OF","2648","FA","21","100,000","A","0","0%","0%"
"*06ba7*","Yon Castro","(N/A)","SP","2649","FA","27","100,000","A","0","0%","0%"
"*050nq*","Neraldo Catalina","(N/A)","SP","2650","FA","26","100,000","A","0","0%","0%"
"*04oul*","Tim Cate","(N/A)","RP","2651","FA","28","100,000","A","0","0%","0%"
"*06quj*","Austin Cates","TOR","SP","2652","FA","23","100,000","A","0","1%","0%"
"*06qnq*","Everett Catlett","COL","SP","2653","FA","24","100,000","A","0","0%","0%"
"*06ako*","Pedro Catuy","ARI","CF,OF","2654","FA","20","100,000","A","0","1%","0%"
"*06ezq*","Carlos Cauro","HOU","DH","2655","FA","21","100,000","A","0","0%","0%"
"*06oo4*","A.J. Causey","ATH","RP","2656","FA","23","100,000","A","0","1%","0%"
"*050w8*","Keoni Cavaco","(N/A)","SS","2657","FA","25","100,000","A","0","2%","0%"
"*02bul*","Jake Cave","TB","RF,OF","2658","FA","33","100,000","A","0","0%","0%"
"*0776a*","Braulio Cavero","TEX","LF,RF,OF","2659","FA","20","100,000","A","0","0%","0%"
"*06qoe*","Zachary Cawyer","KC","RP","2660","FA","23","100,000","A","0","0%","0%"
"*06kru*","Argenis Cayama","SF","SP","2661","FA","19","100,000","A","0","6%","0%"
"*06mpl*","Juan Cazarez","SEA","SP","2662","FA","20","100,000","A","0","0%","0%"
"*066b6*","Sabin Ceballos","SF","3B","2663","FA","23","100,000","A","0","1%","0%"
"*06yze*","Jack Cebert","NYY","RP","2664","FA","24","100,000","A","0","1%","0%"
"*06hna*","Adler Cecil","SD","RP","2665","FA","21","100,000","A","0","0%","0%"
"*06mpn*","Edward Cedano","ATL","RP","2666","FA","20","100,000","A","0","0%","0%"
"*06rt9*","Emmanuel Cedeno","TB","2B","2667","FA","18","100,000","A","0","0%","0%"
"*062hm*","Jose Cedeno","(N/A)","C","2668","FA","21","100,000","A","0","0%","0%"
"*0768z*","Jose Cedeno","CLE","SP","2669","FA","17","100,000","A","0","0%","0%"
"*06c37*","Keywill Cedeno","(N/A)","RP","2670","FA","21","100,000","A","0","0%","0%"
"*04gge*","Leandro Cedeno","(N/A)","1B","2671","FA","27","100,000","A","0","0%","0%"
"*06qsd*","Mani Cedeno","NYY","SS","2672","FA","17","100,000","A","0","2%","0%"
"*057p6*","Nerwilian Cedeno","(N/A)","CF,OF","2673","FA","24","100,000","A","0","0%","0%"
"*03qxs*","Blake Cederlind","ARI","RP","2674","FA","30","100,000","A","0","0%","0%"
"*03ytg*","Lorenzo Cedrola","(N/A)","CF,OF","2675","FA","28","100,000","A","0","0%","0%"
"*05mx9*","Felnin Celesten","SEA","SS","2676","Kai","20","500,000","A","0","33%","0%"
"*076rr*","Yeisy Celesten","TEX","2B","2677","FA","21","100,000","A","0","0%","0%"
"*03vum*","Gilberto Celestino","TEX","RF,OF","2678","FA","27","100,000","A","0","0%","0%"
"*05191*","Brendan Cellucci","TOR","RP","2679","FA","28","100,000","A","0","0%","0%"
"*06qoq*","Chase Centala","SEA","RP","2680","FA","24","100,000","A","0","0%","0%"
"*073ud*","Delio Centeno","LAD","SP","2681","FA","17","100,000","A","0","0%","0%"
"*038hy*","Juan Centeno","ARI","C","2682","FA","36","100,000","A","0","0%","0%"
"*066ms*","Angel Cepeda","CHC","3B,SS","2683","FA","20","100,000","A","0","1%","0%"
"*060pg*","Felix Cepeda","NYM","SP","2684","FA","26","100,000","A","0","0%","0%"
"*06akx*","Geisel Cepeda","(N/A)","CF,OF","2685","FA","28","100,000","A","0","0%","0%"
"*06v6e*","Luis Cepeda","ARI","SP","2686","FA","18","100,000","A","0","0%","0%"
"*05y3v*","Ryan Cepero","(N/A)","SS","2687","FA","23","100,000","A","0","0%","0%"
"*0529m*","Allan Cerda","(N/A)","CF,OF","2688","FA","26","100,000","A","0","1%","0%"
"*05m6g*","Christian Cerda","ARI","C","2689","FA","23","100,000","A","0","1%","0%"
"*072aq*","Derek Cerda","CHW","CF,OF","2690","FA","23","100,000","A","0","0%","0%"
"*06kvg*","Jose Cerice","KC","1B,3B","2691","FA","21","100,000","A","0","0%","0%"
"*06hwf*","Brady Cerkownyk","WSH","C","2692","FA","23","100,000","A","0","0%","0%"
"*0622m*","Ryan Cermak","TB","RF,OF","2693","FA","25","100,000","A","0","1%","0%"
"*05xox*","Logan Cerny","(N/A)","CF,OF","2694","FA","26","100,000","A","0","0%","0%"
"*06rmf*","Angel Cervantes","(N/A)","SP","2695","FA","18","100,000","A","0","0%","0%"
"*066r1*","Edwin Cervantes","CIN","RP","2696","FA","21","100,000","A","0","0%","0%"
"*06rgl*","Michel Cervantes","(N/A)","SS","2697","FA","25","100,000","A","0","0%","0%"
"*0765n*","Michel Cervantes","SD","RP","2698","FA","18","100,000","A","0","0%","0%"
"*06qwx*","Gabriel Cesa","ATL","LF,OF","2699","FA","19","100,000","A","0","0%","0%"
"*06u73*","Joel Cesar","(N/A)","RP","2700","FA","30","100,000","A","0","0%","0%"
"*064rq*","Luis Cesar","MIA","RP","2701","FA","22","100,000","A","0","0%","0%"
"*06pie*","Ryan Cesarini","CLE","RF,OF","2702","FA","23","100,000","A","0","0%","0%"
"*06rio*","Ivan Cespedes","CHC","C","2703","FA","20","100,000","A","0","0%","0%"
"*0765o*","Juan Cespedes","LAA","SS","2704","FA","17","100,000","A","0","1%","0%"
"*06l48*","Rubel Cespedes","(N/A)","3B","2705","FA","25","100,000","A","0","0%","0%"
"*066mn*","Yoeilin Cespedes","BOS","2B","2706","FA","20","100,000","A","0","12%","0%"
"*04axv*","Yoelkis Cespedes","(N/A)","CF,RF,OF","2707","FA","28","100,000","A","0","1%","0%"
"*03am2*","Luis Cessa","(N/A)","SP","2708","FA","34","100,000","A","0","0%","0%"
"*060vu*","Moises Chace","PHI","SP","2709","FA","23","100,000","A","0","11%","0%"
"*01cgs*","Jhoulys Chacin","(N/A)","RP","","R&J","38","0","A","0","0%","0%"
"*05reh*","Jose Chacin","(N/A)","SP","2710","FA","29","100,000","A","0","0%","0%"
"*06c3c*","Adan Chacon","(N/A)","1B","2711","FA","20","100,000","A","0","0%","0%"
"*06435*","Javier Chacon","SD","RP","2712","FA","23","100,000","A","0","0%","0%"
"*05gbh*","Juan Chacon","(N/A)","LF,OF","2713","FA","23","100,000","A","0","0%","0%"
"*06sbg*","Paul Chacon","ATH","RP","2714","FA","20","100,000","A","0","0%","0%"
"*06r4f*","Robinson Chacon","KC","LF,OF","2715","FA","19","100,000","A","0","0%","0%"
"*06z9y*","Tyrelle Chadwick","COL","SP","2716","FA","23","100,000","A","0","0%","0%"
"*02bqd*","Andrew Chafin","(N/A)","RP","2717","FA","36","100,000","A","0","1%","0%"
"*06yuv*","Gavin Chakar","(N/A)","SP","2718","FA","16","100,000","A","0","0%","0%"
"*06lp6*","Yordin Chalas","ARI","SP","2719","FA","22","100,000","A","0","1%","0%"
"*03pj5*","Dakota Chalmers","(N/A)","RP","2720","FA","29","100,000","A","0","0%","0%"
"*05mrl*","Christian Chamberlain","KC","RP","2721","FA","26","100,000","A","0","0%","0%"
"*06hnl*","Justin Chambers","LAD","RP","2722","FA","20","100,000","A","0","0%","0%"
"*05y7q*","Chandler Champlain","WSH","SP","2723","FA","26","100,000","A","0","1%","0%"
"*04pzg*","Chase Chaney","(N/A)","SP","2724","FA","26","100,000","A","0","0%","0%"
"*064od*","Hung-Leng Chang","PIT","SP","2725","FA","24","100,000","A","0","0%","0%"
"*039si*","Yu Chang","(N/A)","SS","2726","FA","30","100,000","A","0","0%","0%"
"*062dz*","Loidel Chapelli","(N/A)","2B","2727","FA","24","100,000","A","0","0%","0%"
"*06m60*","Emmanuel Chapman","PIT","RP","2728","FA","27","100,000","A","0","0%","0%"
"*02mx4*","J.T. Chargois","(N/A)","RP","2729","FA","35","100,000","A","0","0%","0%"
"*0647z*","Austin Charles","KC","3B,SS","2730","FA","22","100,000","A","0","3%","0%"
"*06rqb*","Eddison Charles","NYY","RF,OF","2731","FA","18","100,000","A","0","0%","0%"
"*051jb*","Joe Charles","(N/A)","P","2732","FA","26","100,000","A","0","0%","0%"
"*04o0a*","Wandisson Charles","DET","RP","2733","FA","29","100,000","A","0","0%","0%"
"*0669x*","Connor Charping","SEA","C","2734","FA","27","100,000","A","0","0%","0%"
"*066dl*","Ryan Chasse","(N/A)","SP","2735","FA","26","100,000","A","0","0%","0%"
"*072bv*","Davis Chastain","LAD","RP","2736","FA","22","100,000","A","0","0%","0%"
"*06yu0*","Kleiver Chauran","TB","2B,3B","2737","FA","20","100,000","A","0","0%","0%"
"*05gs2*","Parker Chavers","(N/A)","LF,CF,RF,OF","2738","FA","27","100,000","A","0","0%","0%"
"*04q4n*","Frainyer Chavez","TEX","1B,2B,3B","2739","FA","27","100,000","A","0","0%","0%"
"*06rsz*","Isais Chavez","(N/A)","C","2740","FA","18","100,000","A","0","0%","0%"
"*0734h*","Jesus Chavez","TEX","LF,RF,OF","2741","FA","17","100,000","A","0","0%","0%"
"*05r14*","Santiago Chavez","(N/A)","C","2742","FA","30","100,000","A","0","0%","0%"
"*06hj3*","Seth Chavez","(N/A)","RP","2743","FA","26","100,000","A","0","0%","0%"
"*03d6t*","Michael Chavis","CIN","1B,3B","2744","FA","30","100,000","A","0","0%","0%"
"*0765u*","Cole Cheatham","SEA","RP","2745","FA","23","100,000","A","0","0%","0%"
"*05r3l*","Po-Yu Chen","PIT","SP","2746","FA","24","100,000","A","0","0%","0%"
"*06ftv*","Sheng-Ping Chen","(N/A)","SS","2747","FA","25","100,000","A","0","0%","0%"
"*06hoi*","Ethan Chenault","PHI","RP","2748","FA","25","100,000","A","0","0%","0%"
"*066cy*","Wyatt Cheney","(N/A)","SP","2749","FA","25","100,000","A","0","0%","0%"
"*06rrc*","Young Cheol Yoon","(N/A)","SP","2750","FA","22","100,000","A","0","0%","0%"
"*06qj4*","Grant Cherry","(N/A)","RP","2751","FA","23","100,000","A","0","0%","0%"
"*06l0y*","Frank Chessman","TB","RP","2752","FA","19","100,000","A","0","0%","0%"
"*061o0*","Luis Chevalier","KC","3B","2753","FA","24","100,000","A","0","0%","0%"
"*06in0*","Bryan Chi","(N/A)","RP","2754","FA","27","100,000","A","0","0%","0%"
"*0668i*","Will Childers","MIL","RP","2755","FA","25","100,000","A","0","0%","0%"
"*06kxq*","Gabriel Chinchilla","STL","SP","2756","FA","19","100,000","A","0","0%","0%"
"*06uw9*","Alejandro Chiquillo","TEX","RP","2757","FA","23","100,000","A","0","0%","0%"
"*06bdd*","Harold Chirino","(N/A)","RP","2758","FA","28","100,000","A","0","0%","0%"
"*06ukx*","Yoelvin Chirino","BOS","SP","2759","FA","21","100,000","A","0","0%","0%"
"*063gm*","Amilcar Chirinos","HOU","RP","2760","FA","24","100,000","A","0","0%","0%"
"*06o0z*","Frainner Chirinos","BAL","3B","2761","FA","19","100,000","A","0","0%","0%"
"*05uh8*","Jesus Chirinos","(N/A)","1B","2762","FA","24","100,000","A","0","0%","0%"
"*06kzy*","Jordany Chirinos","CHW","SP","2763","FA","20","100,000","A","0","0%","0%"
"*06c5u*","Jose Chirinos","NYM","SP","2764","FA","21","100,000","A","0","1%","0%"
"*064p1*","Kendry Chirinos","TOR","1B,3B","2765","FA","21","100,000","A","0","0%","0%"
"*06rhb*","Nixon Chirinos","MIA","C","2766","FA","20","100,000","A","0","0%","0%"
"*03zu0*","Yonny Chirinos","(N/A)","SP","2767","FA","32","100,000","A","0","0%","0%"
"*066ma*","Hendry Chivilli","MIN","SP","2768","FA","20","100,000","A","0","1%","0%"
"*0777h*","Julio Chivilli","WSH","RP","2769","FA","18","100,000","A","0","0%","0%"
"*05ygg*","Won-Bin Cho","STL","CF,RF,OF","2770","FA","22","100,000","A","0","7%","0%"
"*066cx*","Jack Choate","SF","SP","2771","FA","25","100,000","A","0","1%","0%"
"*06f8u*","Brady Choban","LAA","RP","2772","FA","25","100,000","A","0","0%","0%"
"*06ekf*","B.Y. Choi","(N/A)","2B","2773","FA","24","100,000","A","0","0%","0%"
"*04z9h*","Hyun-il Choi","(N/A)","SP","2774","FA","26","100,000","A","0","0%","0%"
"*05yeg*","Roch Cholowsky","CHW","SS","2775","FA","21","100,000","A","0","11%","0%"
"*063dn*","Byron Chourio","MIN","CF,OF","2776","FA","21","100,000","A","0","2%","0%"
"*06z60*","Deinis Chourio","CIN","SS","2777","FA","18","100,000","A","0","0%","0%"
"*05yix*","Jaison Chourio","CLE","CF,OF","2778","Ethan","21","500,000","A","0","30%","0%"
"*06rm6*","Kendry Chourio","KC","SP","2779","R&J","18","500,000","A","0","39%","0%"
"*06uw8*","Winyer Chourio","SD","RP","2780","FA","22","100,000","A","0","0%","0%"
"*06c5q*","Evan Chrest","CLE","SP","2781","FA","22","100,000","A","0","0%","0%"
"*072as*","Charlie Christensen","DET","SP","2782","FA","22","100,000","A","0","1%","0%"
"*06qi6*","Jakob Christian","SF","1B,LF,RF,OF","2783","FA","23","100,000","A","0","1%","0%"
"*075lr*","Brady Christman","(N/A)","LF,OF","2784","FA","19","100,000","A","0","0%","0%"
"*072ec*","Drew Christo","ATL","RP","2785","FA","23","100,000","A","0","0%","0%"
"*051du*","Marc Church","TEX","SP","2786","FA","25","100,000","A","0","3%","0%"
"*066d7*","Ian Churchill","(N/A)","RP","2787","FA","27","100,000","A","0","0%","0%"
"*06r0l*","Miguel Cienfuegos","SD","SP","2788","FA","29","100,000","A","0","0%","0%"
"*060m8*","Jurrangelo Cijntje","STL","SP","2789","Zack","23","500,000","A","0","38%","0%"
"*06lwn*","Nathanael Cijntje","PHI","CF,OF","2790","FA","19","100,000","A","0","0%","0%"
"*03178*","Adam Cimber","(N/A)","RP","2791","FA","35","100,000","A","0","0%","0%"
"*066jm*","Nick Cimillo","PIT","1B","2792","FA","26","100,000","A","0","0%","0%"
"*04ev4*","Jancarlos Cintron","(N/A)","2B,SS","2793","FA","31","100,000","A","0","0%","0%"
"*06rmy*","Junior Ciprian","ARI","SP","2794","FA","21","100,000","A","0","1%","0%"
"*06aqi*","Jeremy Ciriaco","COL","CF,OF","2795","FA","19","100,000","A","0","0%","0%"
"*06uke*","AJ Ciscar","(N/A)","SP","2796","FA","20","100,000","A","0","0%","0%"
"*02jmi*","Jose Cisnero","(N/A)","RP","2797","FA","37","100,000","A","0","0%","0%"
"*06q32*","Tytus Cissell","ARI","SS","2798","FA","20","100,000","A","0","1%","0%"
"*06qo1*","Cade Citelli","TB","RP","2799","FA","24","100,000","A","0","0%","0%"
"*0669n*","Christian Ciuffetelli","(N/A)","SP","2800","FA","26","100,000","A","0","0%","0%"
"*0765v*","Camden Clark","(N/A)","RP","2801","FA","20","100,000","A","0","0%","0%"
"*06f0v*","Chris Clark","TB","SP","2802","FA","24","100,000","A","0","0%","0%"
"*06oh2*","Derek Clark","LAA","SP","2803","FA","24","100,000","A","0","0%","0%"
"*0730f*","James Clark","(N/A)","SS","2804","FA","18","100,000","A","0","0%","0%"
"*075l9*","Jonathan Clark","CHW","RP","2805","FA","26","100,000","A","0","0%","0%"
"*06hnn*","Kellum Clark","(N/A)","LF,OF","2807","FA","25","100,000","A","0","0%","0%"
"*070es*","KK Clark","BAL","RP","2806","FA","21","100,000","A","0","0%","0%"
"*06rpe*","Levi Clark","(N/A)","C","2808","FA","20","100,000","A","0","0%","0%"
"*065v8*","Logun Clark","CLE","C","2809","FA","23","100,000","A","0","0%","0%"
"*05u9y*","Max Clark","DET","CF,OF","2810","Brenden","21","500,000","A","0","62%","0%"
"*0669v*","Seth Clark","(N/A)","RP","2811","FA","26","100,000","A","0","0%","0%"
"*06z15*","Wallace Clark","ARI","3B","2812","FA","24","100,000","A","0","0%","0%"
"*06qif*","Brandon Clarke","STL","SP","2813","FA","23","100,000","A","0","15%","+2%"
"*0664h*","Nick Clarno","(N/A)","C","2814","FA","28","100,000","A","0","0%","0%"
"*04ug5*","Emmanuel Clase","CLE","RP","2815","FA","28","100,000","A","0","5%","0%"
"*06za4*","Seth Clausen","COL","RP","2816","FA","23","100,000","A","0","0%","0%"
"*060ft*","Bryce Clavon","(N/A)","SS","2817","FA","20","100,000","A","0","0%","0%"
"*03day*","Sam Clay","(N/A)","RP","2818","FA","33","100,000","A","0","0%","0%"
"*06pha*","Cam Clayton","MIA","1B,SS","2819","FA","24","100,000","A","0","0%","0%"
"*06r7d*","Jake Clemente","MIA","RP","2820","FA","22","100,000","A","0","0%","0%"
"*06ulg*","Jharold Clemente","(N/A)","SP","2821","FA","23","100,000","A","0","0%","0%"
"*066n2*","Randel Clemente","STL","RP","2822","FA","24","100,000","A","0","0%","0%"
"*04i9p*","Hendrik Clementina","(N/A)","C","2823","FA","29","100,000","A","0","0%","0%"
"*06bfu*","Alex Clemmey","WSH","SP","2824","FA","21","100,000","A","0","17%","0%"
"*06r07*","Nolan Clenney","(N/A)","RP","2825","FA","30","100,000","A","0","0%","0%"
"*064np*","Tyler Cleveland","SEA","RP","2826","FA","26","100,000","A","0","0%","0%"
"*02bsw*","Mike Clevinger","PIT","SP","2827","FA","35","100,000","A","0","2%","0%"
"*05ge1*","Ryan Clifford","NYM","1B,LF,RF,OF","2828","B&A","22","500,000","A","0","32%","0%"
"*03134*","Trevor Clifton","(N/A)","SP","2829","FA","31","100,000","A","0","0%","0%"
"*06tlw*","Jesus Clode","(N/A)","RP","2830","FA","24","100,000","A","0","0%","0%"
"*06qnw*","Patrick Clohisy","ATL","LF,CF,RF,OF","2831","FA","24","100,000","A","0","1%","0%"
"*05150*","Jackson Cluff","NYM","SS","2832","FA","29","100,000","A","0","0%","0%"
"*0741k*","Quinton Coats","(N/A)","1B","2833","FA","20","100,000","A","0","0%","0%"
"*06v1u*","Jhonan Coba","DET","SP","2834","FA","19","100,000","A","0","0%","0%"
"*01seh*","Alex Cobb","(N/A)","SP","2835","FA","38","100,000","A","0","1%","0%"
"*06qlo*","Owen Cobb","NYY","2B","2836","FA","25","100,000","A","0","0%","0%"
"*04yvy*","Franny Cobos","(N/A)","RP","2837","FA","25","100,000","A","0","0%","0%"
"*076uu*","Parker Coddou","COL","SS","2838","FA","24","100,000","A","0","0%","0%"
"*03pja*","Kyle Cody","(N/A)","RP","2839","FA","31","100,000","A","0","0%","0%"
"*05mrb*","Adisyn Coffey","CHW","RP","2840","FA","27","100,000","A","0","0%","0%"
"*05u1x*","Cutter Coffey","TOR","2B,3B","2841","FA","22","100,000","A","0","2%","0%"
"*066d8*","Isaac Coffey","BOS","SP","2842","FA","26","100,000","A","0","1%","0%"
"*066fa*","Spence Coffman","(N/A)","SS","2843","FA","22","100,000","A","0","0%","0%"
"*06ckm*","Abraham Cohen","(N/A)","CF,OF","2844","FA","20","100,000","A","0","0%","0%"
"*04ptq*","Chase Cohen","(N/A)","P","2845","FA","29","100,000","A","0","0%","0%"
"*06awr*","Harrison Cohen","NYY","RP","2846","FA","27","100,000","A","0","0%","0%"
"*06c3m*","Luis Cohen","BOS","SP","2847","FA","23","100,000","A","0","0%","0%"
"*06ynn*","Trevor Cohen","SF","CF,OF","2848","FA","22","100,000","A","0","2%","0%"
"*06z0n*","Parker Coil","(N/A)","RP","2849","FA","22","100,000","A","0","0%","0%"
"*05g2r*","Oscar Colas","(N/A)","CF,OF","2850","FA","27","100,000","A","0","1%","0%"
"*05y99*","Deion Cole","(N/A)","SS","2851","FA","18","100,000","A","0","0%","0%"
"*06za3*","Ethan Cole","COL","SP","2852","FA","22","100,000","A","0","0%","0%"
"*061mi*","Carson Coleman","NYY","RP","2853","FA","27","100,000","A","0","0%","0%"
"*04pq2*","Dylan Coleman","(N/A)","RP","2854","FA","29","100,000","A","0","0%","0%"
"*06qjd*","Javen Coleman","TOR","RP","2855","FA","24","100,000","A","0","1%","0%"
"*06hpy*","Mark Coley II","MIL","LF,CF,OF","2856","FA","25","100,000","A","0","0%","0%"
"*06r47*","Daniel Colina","(N/A)","RP","2857","FA","19","100,000","A","0","0%","0%"
"*04o63*","Edwar Colina","(N/A)","SP","2858","FA","29","100,000","A","0","0%","0%"
"*06jbj*","Greider Colina","(N/A)","SP","2859","FA","21","100,000","A","0","0%","0%"
"*06uwy*","Jesus Colina","CIN","RP","2860","FA","21","100,000","A","0","0%","0%"
"*072zv*","Jose Colina","CIN","CF,OF","2861","FA","17","100,000","A","0","0%","0%"
"*06qjo*","Harold Coll","LAA","2B,3B","2862","FA","24","100,000","A","0","0%","0%"
"*060ur*","Maick Collado","CLE","1B,3B","2863","FA","23","100,000","A","0","0%","0%"
"*06kk5*","Lazaro Collera","(N/A)","SP","2864","FA","20","100,000","A","0","0%","0%"
"*06pq9*","Dennis Colleran","KC","RP","2865","FA","22","100,000","A","0","1%","0%"
"*05u1y*","Cam Collier","CIN","1B,3B","2866","R&J","21","500,000","A","0","34%","0%"
"*05y61*","Brendan Collins","(N/A)","RP","2867","FA","26","100,000","A","0","0%","0%"
"*06kzz*","Bryce Collins","HOU","RP","2868","FA","26","100,000","A","0","0%","0%"
"*05jq6*","Corey Collins","NYM","1B","2869","FA","24","100,000","A","0","0%","0%"
"*05ubz*","Darnel Collins","KC","1B","2870","FA","22","100,000","A","0","0%","0%"
"*052rt*","Darryl Collins","(N/A)","CF,OF","2871","FA","24","100,000","A","0","0%","0%"
"*041xi*","Gavin Collins","(N/A)","C,3B","2872","FA","31","100,000","A","0","0%","0%"
"*06zdg*","Jack Collins","TEX","C","2873","FA","23","100,000","A","0","0%","0%"
"*05ynu*","Ty Collins","(N/A)","SP","2874","FA","24","100,000","A","0","0%","0%"
"*06ftn*","Jose Colmenares","CHW","2B,SS","2875","FA","24","100,000","A","0","0%","0%"
"*06uww*","Mauricio Colmenares","(N/A)","SP","2876","FA","22","100,000","A","0","0%","0%"
"*06hrx*","Samuel Colmenares","TOR","RP","2877","FA","21","100,000","A","0","0%","0%"
"*05j7n*","Carlos Colmenarez","TB","3B,SS","2878","FA","22","100,000","A","0","4%","0%"
"*071wb*","Johenssy Colome","ATH","SS","2879","Max","17","500,000","A","0","20%","0%"
"*06qo4*","Edgar Colon","CIN","SP","2880","FA","20","100,000","A","0","0%","0%"
"*064we*","Ilmerson Colon","(N/A)","RP","2881","FA","21","100,000","A","0","0%","0%"
"*066qq*","Jeffrey Colon","(N/A)","RP","2882","FA","26","100,000","A","0","0%","0%"
"*066s1*","Rabel Colon","(N/A)","LF,OF","2883","FA","22","100,000","A","0","0%","0%"
"*06r1w*","Juan Colorado","SF","3B","2884","FA","19","100,000","A","0","0%","0%"
"*04b11*","Anderson Comas","(N/A)","RF,OF","2885","FA","26","100,000","A","0","0%","0%"
"*06pif*","Aaron Combs","PHI","SP","2886","FA","24","100,000","A","0","0%","0%"
"*0730g*","Connor Comeau","TEX","3B,SS","2887","FA","17","100,000","A","0","0%","0%"
"*06mhy*","Brandon Compton","MIA","LF,OF","2888","FA","22","100,000","A","0","6%","0%"
"*06gj4*","Drew Compton","ATL","1B","2889","FA","25","100,000","A","0","0%","0%"
"*06hfd*","Carlos Concepcion","SF","RF,OF","2890","FA","20","100,000","A","0","0%","0%"
"*06alk*","Charlie Condon","COL","1B,RF,OF","2891","Steve","23","500,000","A","0","63%","0%"
"*072ie*","Trevor Condon","STL","LF,CF,RF,OF","2892","FA","18","100,000","A","0","2%","0%"
"*05j70*","Yerlin Confidan","CIN","LF,CF,RF,OF","2893","FA","23","100,000","A","0","1%","0%"
"*04etl*","Bryce Conley","NYM","SP","2894","FA","31","100,000","A","0","0%","0%"
"*05uy3*","Cal Conley","ATL","2B,SS","2895","FA","27","100,000","A","0","0%","0%"
"*061tl*","Kashon Conliffe","(N/A)","CF,RF,OF","2896","FA","21","100,000","A","0","0%","0%"
"*06gvf*","Cole Conn","ATH","C","2897","FA","25","100,000","A","0","0%","0%"
"*04elk*","Justin Connell","(N/A)","LF,OF","2898","FA","28","100,000","A","0","0%","0%"
"*06ho8*","Caden Connor","CHW","1B,LF,OF","2899","FA","25","100,000","A","0","0%","0%"
"*06gjl*","Drew Conover","CHW","SP","2900","FA","24","100,000","A","0","0%","0%"
"*06qik*","Adam Conrad","(N/A)","RP","2901","FA","23","100,000","A","0","0%","0%"
"*06pll*","Ethan Conrad","CHC","CF,OF","2902","Kai","22","500,000","A","0","37%","0%"
"*06uxm*","Teague Conrad","(N/A)","SP","2903","FA","25","100,000","A","0","0%","0%"
"*06zch*","Thomas Conrad","MIL","SP","2904","FA","20","100,000","A","0","0%","0%"
"*06zel*","Jonah Conradt","WSH","RP","2905","FA","21","100,000","A","0","0%","0%"
"*04n1v*","Stanley Consuegra","(N/A)","LF,CF,RF,OF","2906","FA","25","100,000","A","0","0%","0%"
"*06ql0*","Nick Conte","KC","RP","2907","FA","24","100,000","A","0","0%","0%"
"*05xq6*","Gavin Conticello","ARI","CF,RF,OF","2908","FA","23","100,000","A","0","1%","0%"
"*072di*","Diego Contreras","SEA","SS","2909","FA","18","100,000","A","0","0%","0%"
"*04yl7*","Efrain Contreras","(N/A)","RP","2910","FA","26","100,000","A","0","0%","0%"
"*06v35*","Freddy Contreras","KC","SP","2911","FA","17","100,000","A","0","1%","0%"
"*0744u*","Ismael Contreras","COL","SP","2912","FA","16","100,000","A","0","0%","0%"
"*06rjs*","Johan Contreras","(N/A)","1B","2913","FA","21","100,000","A","0","0%","0%"
"*061wf*","Jose Contreras","(N/A)","LF,OF","2914","FA","21","100,000","A","0","0%","0%"
"*072f6*","Joseph Contreras","(N/A)","SP","2915","FA","18","100,000","A","0","0%","0%"
"*05ss8*","Luis Contreras","(N/A)","SP","2916","FA","30","100,000","A","0","0%","0%"
"*04ejt*","Mark Contreras","(N/A)","CF,OF","2917","FA","31","100,000","A","0","0%","0%"
"*04b3a*","Roansy Contreras","(N/A)","RP","2918","FA","26","100,000","A","0","0%","0%"
"*076ga*","Santiago Contreras","SD","C","2919","FA","20","100,000","A","0","0%","0%"
"*05197*","Yan Contreras","(N/A)","SS","2920","FA","25","100,000","A","0","0%","0%"
"*06r1r*","Yohandri Contreras","ATH","RP","2921","FA","19","100,000","A","0","0%","0%"
"*065j5*","Alex Cook","TB","RP","2922","FA","25","100,000","A","0","0%","0%"
"*06nui*","Casey Cook","TEX","2B","2923","FA","23","100,000","A","0","1%","0%"
"*06ynl*","Jake Cook","TOR","CF,OF","2924","FA","23","100,000","A","0","2%","0%"
"*06r3x*","Bjay Cooke","ATH","RP","2925","FA","23","100,000","A","0","0%","0%"
"*05yfb*","Connor Cooke","(N/A)","RP","2926","FA","26","100,000","A","0","0%","0%"
"*03ded*","Sam Coonrod","(N/A)","RP","2927","FA","33","100,000","A","0","0%","0%"
"*0657w*","Everett Cooper III","WSH","2B","2928","FA","22","100,000","A","0","0%","0%"
"*076gm*","Luke Cooper","LAA","RP","2929","FA","25","100,000","A","0","0%","0%"
"*06hw3*","Riley Cooper","BAL","SP","2930","FA","24","100,000","A","0","0%","0%"
"*075l0*","Trey Cooper","CHW","RP","2931","FA","23","100,000","A","0","0%","0%"
"*051a8*","Daniel Cope","(N/A)","DH","2932","FA","29","100,000","A","0","0%","0%"
"*06at2*","Patrick Copen","LAD","SP","2933","FA","24","100,000","A","0","3%","0%"
"*05tdf*","Pierce Coppola","CHC","SP","2934","FA","23","100,000","A","0","1%","0%"
"*0517j*","Joe Corbett","(N/A)","RP","2935","FA","29","100,000","A","0","0%","0%"
"*06qor*","Kaleb Corbett","TB","RP","2936","FA","24","100,000","A","0","0%","0%"
"*065ir*","Billy Corcoran","ARI","SP","2937","FA","26","100,000","A","0","0%","0%"
"*06qxa*","Albert Cordero","TEX","RP","2938","FA","20","100,000","A","0","0%","0%"
"*06c3u*","Carlos Cordero","(N/A)","SS","2939","FA","20","100,000","A","0","0%","0%"
"*06rt3*","Christopher Cordero","BOS","SP","2940","FA","17","100,000","A","0","0%","0%"
"*06rqu*","Daris Cordero","(N/A)","3B","2941","FA","20","100,000","A","0","0%","0%"
"*02k1f*","Franchy Cordero","(N/A)","DH","2942","FA","31","100,000","A","0","0%","0%"
"*07799*","Jhunior Jose Cordero","(N/A)","C","2943","FA","14","100,000","A","0","0%","0%"
"*03pdy*","Jimmy Cordero","(N/A)","RP","2944","FA","34","100,000","A","0","0%","0%"
"*06s48*","Michael Cordero","STL","3B","2945","FA","17","100,000","A","0","0%","0%"
"*06fz1*","Miguel Cordero","(N/A)","RP","2946","FA","19","100,000","A","0","0%","0%"
"*06qvc*","Wilfredo Cordero","TOR","RP","2947","FA","23","100,000","A","0","0%","0%"
"*06ahp*","Jose Cordoba","(N/A)","RF,OF","2948","FA","23","100,000","A","0","0%","0%"
"*077bx*","Angel Cordova","CLE","SP","2949","FA","17","100,000","A","0","0%","0%"
"*052c2*","Jose Cordova","COL","C,1B","2950","FA","26","100,000","A","0","0%","0%"
"*076iu*","Jose Cordova","TEX","SP","2951","FA","17","100,000","A","0","0%","0%"
"*06qhg*","Maykel Coret","TB","CF,OF","2952","FA","18","100,000","A","0","6%","0%"
"*0778a*","LJ Cormier","(N/A)","RP","2953","FA","19","100,000","A","0","0%","0%"
"*06z3x*","Brayden Corn","SEA","CF,OF","2954","FA","22","100,000","A","0","0%","0%"
"*06if4*","Jamdrick Cornelia","(N/A)","RP","2955","FA","20","100,000","A","0","0%","0%"
"*06l5q*","Daniel Corniel","MIL","RP","2956","FA","22","100,000","A","0","0%","0%"
"*06o0y*","Enmanuel Corniel","BAL","CF,OF","2957","FA","19","100,000","A","0","0%","0%"
"*05u3s*","Juan Corniel","(N/A)","2B,SS","2958","FA","23","100,000","A","0","0%","0%"
"*0622r*","Alexander Cornielle","NYY","SP","2959","FA","24","100,000","A","0","0%","0%"
"*05h7g*","Joshua Cornielly","NYM","RP","2960","FA","25","100,000","A","0","0%","0%"
"*06c7f*","Alex Cornwell","STL","SP","2961","FA","27","100,000","A","0","0%","0%"
"*06o0n*","Luis Corobo","MIL","C","2962","FA","19","100,000","A","0","0%","0%"
"*05zdd*","Danny Corona","(N/A)","SS","2963","FA","22","100,000","A","0","0%","0%"
"*06qkc*","Jorge Corona","CHW","C","2964","FA","25","100,000","A","0","0%","0%"
"*05aid*","Kenedy Corona","NYY","CF,OF","2965","FA","26","100,000","A","0","1%","0%"
"*06rul*","Elaineiker Coronado","TOR","2B","2966","FA","18","100,000","A","0","0%","0%"
"*077b9*","Francisco Coronado","TEX","2B","2967","FA","17","100,000","A","0","0%","0%"
"*06r7n*","Deivid Coronil","SD","3B","2968","FA","18","100,000","A","0","1%","0%"
"*04yua*","Danis Correa","NYM","RP","2969","FA","26","100,000","A","0","0%","0%"
"*06c4y*","Eccel Correa","BAL","SP","2970","FA","23","100,000","A","0","0%","0%"
"*0637g*","Jesus Correa","(N/A)","SS","2971","FA","21","100,000","A","0","0%","0%"
"*06hot*","Yanzel Correa","COL","RP","2972","FA","21","100,000","A","0","0%","0%"
"*064p4*","Derek Corro","(N/A)","RP","2973","FA","21","100,000","A","0","0%","0%"
"*03bin*","Nestor Cortes Jr.","(N/A)","SP","2974","FA","31","100,000","A","0","5%","0%"
"*072ct*","Richie Cortese","PHI","RP","2975","FA","23","100,000","A","0","0%","0%"
"*06rgo*","Brayan Cortesia","WSH","SS","2976","FA","18","100,000","A","0","1%","0%"
"*066kw*","Chris Cortez","LAA","SP","2977","FA","23","100,000","A","0","4%","0%"
"*06bpx*","Enniel Cortez","MIL","SP","2978","FA","20","100,000","A","0","0%","0%"
"*04eng*","Harold Cortijo","(N/A)","P","2979","FA","28","100,000","A","0","0%","0%"
"*066lz*","Andrew Cossetti","MIN","C","2980","FA","26","100,000","A","0","0%","0%"
"*05yb3*","Ryan Costeiu","LAA","SP","2981","FA","25","100,000","A","0","0%","0%"
"*0778d*","Andrew Costello","(N/A)","C","2982","FA","19","100,000","A","0","0%","0%"
"*06rpy*","Chase Costello","MIL","RP","2983","FA","26","100,000","A","0","0%","0%"
"*06op2*","Jack Costello","SD","1B,LF,OF","2984","FA","25","100,000","A","0","0%","0%"
"*04evo*","Marty Costes","(N/A)","LF,OF","2985","FA","30","100,000","A","0","0%","0%"
"*0664b*","Maxwell Costes","(N/A)","1B","2986","FA","26","100,000","A","0","0%","0%"
"*06u0c*","Irving Cota","NYM","RP","2987","FA","22","100,000","A","0","0%","0%"
"*0637h*","Felix Cotes","TB","2B","2988","FA","20","100,000","A","0","0%","0%"
"*06r03*","Cameron Cotter","CIN","SP","2989","FA","27","100,000","A","0","0%","0%"
"*04psl*","Gabriel Cotto","(N/A)","P","2990","FA","26","100,000","A","0","0%","0%"
"*06gjm*","Magdiel Cotto","(N/A)","RP","2991","FA","24","100,000","A","0","0%","0%"
"*06r4r*","Chase Cotton","(N/A)","3B","2992","FA","17","100,000","A","0","0%","0%"
"*06z12*","Brady Counsell","ARI","3B,LF,OF","2993","FA","23","100,000","A","0","0%","0%"
"*06ekj*","Isaiah Coupet","COL","RP","2994","FA","23","100,000","A","0","0%","0%"
"*06qvl*","Corey Cousin","KC","CF,OF","2995","FA","19","100,000","A","0","1%","0%"
"*06aww*","Josimar Cousin","(N/A)","RP","2996","FA","28","100,000","A","0","0%","0%"
"*04eru*","Jake Cousins","LAD","RP","2997","FA","32","100,000","A","0","1%","0%"
"*065j2*","Matt Coutney","LAA","1B","2998","FA","27","100,000","A","0","0%","0%"
"*06pqs*","Andres Cova","LAA","RP","2999","FA","21","100,000","A","0","0%","0%"
"*06v22*","Jesus Cova","ATL","SP","3000","FA","18","100,000","A","0","0%","0%"
"*06ibu*","Luis Cova","MIA","CF,OF","3001","FA","19","100,000","A","0","4%","0%"
"*062jz*","Ricardo Cova","SEA","LF,OF","3002","FA","22","100,000","A","0","0%","0%"
"*01uci*","Dylan Covey","(N/A)","RP","3003","FA","34","100,000","A","0","0%","0%"
"*076ae*","Jake Covey","MIN","SP","3004","FA","24","100,000","A","0","0%","0%"
"*05y6f*","Ben Cowles","CHC","2B,3B,SS","3005","FA","26","100,000","A","0","2%","0%"
"*04pra*","Austin Cox","(N/A)","RP","3006","FA","29","100,000","A","0","0%","0%"
"*06486*","Brenner Cox","WSH","CF,RF,OF","3007","FA","22","100,000","A","0","0%","0%"
"*06146*","Jackson Cox","COL","SP","3008","FA","22","100,000","A","0","2%","0%"
"*06er6*","Jacob Cozart","CLE","C","3009","FA","23","100,000","A","0","2%","0%"
"*05u1z*","Sam Cozart","(N/A)","SP","3010","FA","20","100,000","A","0","0%","0%"
"*06zfr*","Gabe Craig","PHI","RP","3011","FA","25","100,000","A","0","1%","0%"
"*06qum*","Luke Craig","ARI","RP","3012","FA","24","100,000","A","0","0%","0%"
"*05y6z*","Trendon Craig","(N/A)","RF,OF","3013","FA","26","100,000","A","0","0%","0%"
"*06o00*","Hunter Cranton","ARI","RP","3014","FA","25","100,000","A","0","1%","0%"
"*06pqc*","Robert Cranz","WSH","RP","3015","FA","23","100,000","A","0","1%","0%"
"*06f1d*","Jacob Cravey","BAL","RP","3016","FA","24","100,000","A","0","0%","0%"
"*059c3*","Brooks Crawford","(N/A)","RP","3017","FA","29","100,000","A","0","0%","0%"
"*04ep8*","Kutter Crawford","BOS","SP","3018","FA","30","100,000","A","0","18%","0%"
"*05uee*","Reggie Crawford","SF","RP","3019","FA","25","100,000","A","0","3%","0%"
"*06zrf*","Aidan Cremarosa","TB","SP","3020","FA","22","100,000","A","0","6%","0%"
"*06qiq*","Dustin Crenshaw","SEA","3B,LF,OF","3021","FA","24","100,000","A","0","0%","0%"
"*06hob*","Wyatt Crenshaw","(N/A)","2B","3022","FA","26","100,000","A","0","0%","0%"
"*06upw*","Anthony Crespo","(N/A)","RP","3023","FA","22","100,000","A","0","0%","0%"
"*06r5f*","Ricardo Crespo","SF","RF,OF","3024","FA","19","100,000","A","0","0%","0%"
"*06zay*","Will Cresswell","TOR","C","3025","FA","22","100,000","A","0","0%","0%"
"*02bqp*","Kyle Crick","(N/A)","RP","3026","FA","33","100,000","A","0","0%","0%"
"*06651*","Kyle Crigger","(N/A)","SP","3027","FA","27","100,000","A","0","0%","0%"
"*051eo*","Blaine Crim","(N/A)","1B","3028","FA","29","100,000","A","0","2%","0%"
"*064o4*","Demetrio Crisantes","ARI","2B","3029","B&A","21","500,000","A","0","22%","0%"
"*0484h*","Nabil Crismatt","TEX","RP","3030","FA","31","100,000","A","0","1%","0%"
"*06kj2*","Alejandro Crisostomo","(N/A)","RP","3031","FA","25","100,000","A","0","0%","0%"
"*0738d*","Franchel Crisostomo","CHW","SP","3032","FA","17","100,000","A","0","0%","0%"
"*06bsd*","Yatner Crisostomo","CLE","RP","3033","FA","23","100,000","A","0","0%","0%"
"*0730c*","John Cristino","NYY","C","3034","FA","26","100,000","A","0","0%","0%"
"*06uwx*","Dayson Croes","SF","2B,3B","3035","FA","26","100,000","A","0","0%","0%"
"*06ejy*","Declan Cronin","TEX","RP","3036","FA","28","100,000","A","0","1%","0%"
"*05137*","Matt Cronin","(N/A)","RP","3037","FA","28","100,000","A","0","0%","0%"
"*03153*","Narciso Crook","(N/A)","RF,OF","3038","FA","31","100,000","A","0","0%","0%"
"*06za2*","Dylan Crooks","COL","RP","3039","FA","23","100,000","A","0","0%","0%"
"*06rrp*","Jack Cropper","(N/A)","RP","3040","FA","21","100,000","A","0","0%","0%"
"*05tcd*","Gavin Cross","KC","CF,RF,OF","3041","FA","25","100,000","A","0","9%","0%"
"*06zlh*","Kerrington Cross","SD","3B","3042","FA","24","100,000","A","0","0%","0%"
"*06ydl*","Brett Crossland","(N/A)","SP","3043","FA","20","100,000","A","0","0%","0%"
"*06z7l*","Cade Crossland","STL","SP","3044","FA","22","100,000","A","0","1%","0%"
"*04ak3*","Hans Crouse","BAL","SP","3045","FA","27","100,000","A","0","1%","0%"
"*06quc*","Jack Crowder","BAL","RP","3046","FA","23","100,000","A","0","0%","0%"
"*066pk*","Wyatt Crowell","LAD","SP","3047","FA","24","100,000","A","0","1%","0%"
"*06rrw*","Dayber Cruceta","PHI","CF,OF","3048","FA","18","100,000","A","0","0%","0%"
"*06r0f*","Aleiman Cruz","DET","SP","3049","FA","0","100,000","A","0","0%","0%"
"*06rkn*","Alejandro Cruz","CHW","2B,3B","3050","FA","19","100,000","A","0","1%","0%"
"*052g0*","Angel Cruz","(N/A)","2B","3051","FA","24","100,000","A","0","0%","0%"
"*06cn3*","Angel Cruz","LAD","RP","3052","FA","21","100,000","A","0","0%","0%"
"*05k7s*","Armando Cruz","(N/A)","2B","3053","FA","22","100,000","A","0","1%","0%"
"*06bj1*","Darvin Cruz","(N/A)","CF,OF","3054","FA","20","100,000","A","0","0%","0%"
"*05zzf*","Deivy Cruz","(N/A)","RP","3055","FA","22","100,000","A","0","0%","0%"
"*04nfi*","Fadriel Cruz","(N/A)","SS","3056","FA","25","100,000","A","0","0%","0%"
"*05yck*","Fernando Cruz","CHC","SS","3057","FA","19","100,000","A","0","5%","0%"
"*06jbn*","Humberto Cruz","SD","SP","3058","FA","19","100,000","A","0","3%","0%"
"*0509c*","Jesus Cruz","(N/A)","RP","3059","FA","31","100,000","A","0","0%","0%"
"*06200*","John Cruz","MIA","RF,OF","3060","FA","20","100,000","A","0","2%","0%"
"*066n8*","Jose Cruz","(N/A)","RP","3061","FA","26","100,000","A","0","0%","0%"
"*06rs1*","Juan Cruz","(N/A)","CF,OF","3062","FA","22","100,000","A","0","0%","0%"
"*072bm*","Juan Cruz","WSH","1B","3063","FA","21","100,000","A","0","0%","0%"
"*06v6c*","Luis Cruz","PIT","LF,OF","3064","FA","18","100,000","A","0","0%","0%"
"*06v6d*","Luis Cruz","CIN","RP","3065","FA","19","100,000","A","0","0%","0%"
"*07614*","Manuel Cruz","NYY","SP","3066","FA","20","100,000","A","0","0%","0%"
"*05w9u*","Narbe Cruz","HOU","2B,3B","3067","FA","25","100,000","A","0","0%","0%"
"*05ui8*","Nathanael Cruz","(N/A)","SP","3068","FA","23","100,000","A","0","0%","0%"
"*06kuf*","Naykel Cruz","(N/A)","RP","3069","FA","26","100,000","A","0","0%","0%"
"*064ru*","Nicolas Cruz","LAD","RP","3070","FA","22","100,000","A","0","0%","0%"
"*04tf0*","Omar Cruz","SD","SP","3071","FA","27","100,000","A","0","1%","0%"
"*06ui8*","Rey Cruz","PHI","C","3072","FA","18","100,000","A","0","0%","0%"
"*060w7*","Reynardo Cruz","CIN","RP","3073","FA","24","100,000","A","0","0%","0%"
"*06o8q*","Ronny Cruz","WSH","SS","3074","ELLY","19","100,000","A","0","21%","0%"
"*06r7q*","Steven Cruz","CLE","RF,OF","3075","FA","19","100,000","A","0","0%","0%"
"*05y3g*","Stiven Cruz","MIL","RP","3076","FA","24","100,000","A","0","0%","0%"
"*06c84*","Xavier Cruz","STL","SP","3077","FA","20","100,000","A","0","2%","0%"
"*06qpl*","Yan Cruz","(N/A)","RF,OF","3078","FA","19","100,000","A","0","0%","0%"
"*076s8*","Efrain Cubilla","COL","RP","3079","FA","21","100,000","A","0","0%","0%"
"*073ag*","Alexander Cuello","CIN","SS","3080","FA","17","100,000","A","0","0%","0%"
"*07767*","Jhonael Cuello","NYM","CF,OF","3081","FA","18","100,000","A","0","0%","0%"
"*050yp*","Angel Cuenca","(N/A)","RP","3082","FA","25","100,000","A","0","0%","0%"
"*06qjj*","Gio Cueto","LAD","C","3083","FA","22","100,000","A","0","0%","0%"
"*0055e*","Johnny Cueto","(N/A)","SP","3084","FA","40","100,000","A","0","0%","0%"
"*05rct*","Danyer Cueva","(N/A)","SS","3085","FA","22","100,000","A","0","0%","0%"
"*06c4e*","Candido Cuevas","NYM","SP","3086","FA","22","100,000","A","0","0%","0%"
"*062zh*","Elis Cuevas","BAL","1B,LF,RF,OF","3087","FA","21","100,000","A","0","1%","0%"
"*05yna*","Jonny Cuevas","TB","RP","3088","FA","25","100,000","A","0","0%","0%"
"*06su9*","Luis Cuevas","ATH","DH","3089","FA","18","100,000","A","0","0%","0%"
"*06su4*","Melvin Cuevas","(N/A)","RP","3090","FA","21","100,000","A","0","0%","0%"
"*051hv*","Michael Cuevas","HOU","RP","3091","FA","25","100,000","A","0","0%","0%"
"*05uhy*","Yohairo Cuevas","NYM","1B,LF,RF,OF","3092","FA","22","100,000","A","0","0%","0%"
"*065j0*","C.J. Culpepper","MIN","SP","3093","FA","24","100,000","A","0","4%","0%"
"*06hx4*","Kaelen Culpepper","MIN","SS","3094","C&G","23","500,000","A","0","47%","0%"
"*064o1*","Brad Cumbest","(N/A)","LF,OF","3095","FA","26","100,000","A","0","0%","0%"
"*06l5w*","Dylan Cumming","CHW","RP","3096","FA","27","100,000","A","0","0%","0%"
"*06fqn*","Ty Cummings","SEA","SP","3097","FA","24","100,000","A","0","0%","0%"
"*076ai*","August Cuneo","HOU","C","3098","FA","18","100,000","A","0","0%","0%"
"*06l3m*","Bryce Cunningham","NYY","SP","3099","FA","23","100,000","A","0","13%","0%"
"*06plb*","Carter Cunningham","TOR","1B","3100","FA","25","100,000","A","0","0%","0%"
"*06dn5*","Jake Cunningham","SD","LF,RF,OF","3101","FA","24","100,000","A","0","1%","0%"
"*067z9*","Kayson Cunningham","ARI","SS","3102","Kai","21","100,000","A","0","24%","0%"
"*05y3n*","Dylan Cupp","(N/A)","SS","3103","FA","21","100,000","A","0","0%","0%"
"*05uec*","Yoniel Curet","DET","SP","3104","FA","23","100,000","A","0","8%","0%"
"*05ubr*","Michael Curialle","(N/A)","RF,OF","3105","FA","25","100,000","A","0","0%","0%"
"*05u9r*","Derek Curiel","PIT","LF,OF","3106","FA","21","100,000","A","0","2%","0%"
"*06roy*","Brian Curley","ARI","SP","3107","FA","23","100,000","A","0","4%","0%"
"*06ksc*","Dean Curley","CLE","SS","3108","FA","22","100,000","A","0","4%","0%"
"*04q62*","Connor Curlis","(N/A)","P","3109","FA","29","100,000","A","0","0%","0%"
"*06b49*","Aidan Curry","TEX","SP","3111","FA","24","100,000","A","0","2%","0%"
"*06yuc*","AJ Curry","(N/A)","1B","3110","FA","18","100,000","A","0","0%","0%"
"*06umm*","Jake Curtis","CHW","RP","3112","FA","24","100,000","A","0","0%","0%"
"*06r7i*","Kolton Curtis","TEX","SP","3113","FA","22","100,000","A","0","0%","0%"
"*070er*","Mathieu Curtis","ATL","RP","3114","FA","21","100,000","A","0","0%","0%"
"*02ob9*","John Curtiss","(N/A)","RP","3115","FA","33","100,000","A","0","0%","0%"
"*051ha*","Jack Cushing","(N/A)","RP","3116","FA","29","100,000","A","0","0%","0%"
"*05r3f*","Ryan Cusick","PHI","RP","3117","FA","26","100,000","A","0","2%","0%"
"*07249*","Jeancer Custodio","PIT","CF,OF","3118","FA","17","100,000","A","0","4%","0%"
"*06zdk*","Hayden Cuthbertson","MIA","RP","3119","FA","22","100,000","A","0","0%","0%"
"*05yel*","Daniel Cuvet","(N/A)","SS","3120","FA","21","100,000","A","0","0%","0%"
"*06ags*","Blake Cyr","(N/A)","SS","3121","FA","22","100,000","A","0","0%","0%"
"*065je*","T.J. Czyz","(N/A)","SP","3122","FA","25","100,000","A","0","0%","0%"
"*076af*","Sherrintley Da Costa Gomez","ATL","CF,OF","3124","FA","17","100,000","A","0","0%","0%"
"*0779u*","Evan Da Souza","MIA","SP","3125","FA","17","100,000","A","0","0%","0%"
"*04q0v*","R.J. Dabovich","SF","RP","3126","FA","27","100,000","A","0","0%","0%"
"*06mv2*","Ace Daigle","(N/A)","1B","3127","FA","20","100,000","A","0","0%","0%"
"*03z62*","Bobby Dalbec","(N/A)","1B","3128","C&G","31","0","A","0","1%","0%"
"*06huc*","Elijah Dale","SEA","RP","3129","FA","25","100,000","A","0","0%","0%"
"*04sxp*","Jarryd Dale","(N/A)","2B","3130","FA","25","100,000","A","0","0%","0%"
"*06zgs*","Jaxon Dalena","SD","SP","3131","FA","24","100,000","A","0","0%","0%"
"*04pua*","Nick Dalesandro","(N/A)","C,LF,OF","3132","FA","29","100,000","A","0","0%","0%"
"*06r8g*","Wilder Dalis","COL","3B,SS","3133","FA","19","100,000","A","0","3%","0%"
"*066ap*","Jack Dallas","PHI","RP","3134","FA","27","100,000","A","0","0%","0%"
"*062zt*","Matthew Dallas","(N/A)","SP","3135","FA","22","100,000","A","0","0%","0%"
"*065v0*","Micah Dallas","ATH","RP","3136","FA","26","100,000","A","0","0%","0%"
"*06if2*","Pedro Dalmagro","CLE","C","3137","FA","20","100,000","A","0","0%","0%"
"*0512o*","Andrew Dalquist","SD","RP","3138","FA","25","100,000","A","0","1%","0%"
"*072bw*","Matthew Dalquist","MIN","SP","3139","FA","23","100,000","A","0","0%","0%"
"*06rws*","Omar Damian","HOU","SP","3140","FA","18","100,000","A","0","0%","0%"
"*063e5*","Caden Dana","LAA","SP","3141","FA","22","100,000","A","0","21%","0%"
"*066jj*","Casey Dana","(N/A)","LF,OF","3142","FA","27","100,000","A","0","0%","0%"
"*06uwq*","Caleb Daniel","(N/A)","LF,OF","3143","FA","20","100,000","A","0","0%","0%"
"*070bw*","Colin Daniel","ATL","SP","3144","FA","22","100,000","A","0","0%","0%"
"*04pv6*","Davis Daniel","CIN","SP","3145","FA","29","100,000","A","0","1%","0%"
"*064nh*","Omari Daniel","DET","RP","3146","FA","22","100,000","A","0","0%","0%"
"*05mrj*","Zach Daniels","(N/A)","CF,OF","3147","FA","27","100,000","A","0","0%","0%"
"*06qq1*","Joey Danielson","TEX","RP","3148","FA","25","100,000","A","0","0%","0%"
"*0311e*","Tyler Danish","(N/A)","SP","3149","FA","31","100,000","A","0","0%","0%"
"*06rgn*","Jackson Dannelley","WSH","RP","3150","FA","24","100,000","A","0","0%","0%"
"*03o0h*","Hagen Danner","CIN","RP","3151","FA","27","100,000","A","0","1%","0%"
"*077ei*","Noah Danza","(N/A)","SS","3152","FA","18","100,000","A","0","0%","0%"
"*06kk2*","Zander Darby","SF","2B","3153","FA","23","100,000","A","0","0%","0%"
"*076uv*","Taylor Darden","NYM","2B","3154","FA","26","100,000","A","0","0%","0%"
"*06ofp*","Dugan Darnell","(N/A)","RP","3155","FA","29","100,000","A","0","0%","0%"
"*0664r*","Michael Darrell-Hicks","PIT","SP","3156","FA","28","100,000","A","0","0%","0%"
"*06qe2*","Edwin Darville","BOS","2B","3157","FA","19","100,000","A","0","0%","0%"
"*06aql*","Shoei Darvish","(N/A)","LF,OF","3158","FA","18","100,000","A","0","0%","0%"
"*01c5l*","Yu Darvish","SD","SP","3159","FA","39","100,000","A","0","4%","0%"
"*0518v*","Jack Dashwood","HOU","RP","3160","FA","28","100,000","A","0","0%","0%"
"*06qrt*","Derek Datil","TB","CF,OF","3161","FA","20","100,000","A","0","0%","0%"
"*04pw0*","Kyle Datres","(N/A)","3B","3162","FA","30","100,000","A","0","0%","0%"
"*06zb1*","Michael Dattalo","STL","3B","3163","FA","22","100,000","A","0","0%","0%"
"*07036*","Zach Daudet","HOU","1B","3164","FA","23","100,000","A","0","0%","0%"
"*075gl*","Ian Daugherty","MIN","C","3165","FA","23","100,000","A","0","0%","0%"
"*06rvt*","Charles Davalan","LAD","CF,OF","3166","Kai","22","500,000","A","0","21%","0%"
"*06mio*","David Davalillo","TEX","SP","3167","C&G","25","500,000","A","0","14%","0%"
"*06qsf*","Gabriel Davalillo","LAA","C","3168","FA","18","100,000","A","0","6%","0%"
"*05w9t*","Aaron Davenport","CLE","SP","3169","FA","25","100,000","A","0","1%","0%"
"*06ywh*","Mason Davenport","TOR","RP","3170","FA","22","100,000","A","0","0%","0%"
"*06qup*","Ramsey David","HOU","RP","3171","FA","25","100,000","A","0","0%","0%"
"*06hua*","Bo Davidson","SF","CF,OF","3172","Max","24","100,000","A","0","22%","0%"
"*04n1n*","Logan Davidson","TB","1B","3173","FA","28","100,000","A","0","1%","0%"
"*04225*","Tucker Davidson","PHI","SP","3174","FA","30","100,000","A","0","0%","0%"
"*06ucw*","Drew Davies","CIN","1B","3175","FA","20","100,000","A","0","0%","0%"
"*03qku*","Garrett Davila","(N/A)","RP","3176","FA","29","100,000","A","0","0%","0%"
"*05h7l*","Jose Davila","STL","SP","3177","FA","23","100,000","A","0","0%","0%"
"*06mhu*","Manuel Davila","MIL","RP","3178","FA","18","100,000","A","0","0%","0%"
"*070bn*","Alton Davis II","LAA","RP","3179","FA","22","100,000","A","0","0%","0%"
"*03dji*","Austin Davis","(N/A)","RP","3180","FA","33","100,000","A","0","0%","0%"
"*004gj*","Ben Davis","COL","C","3181","FA","0","100,000","A","0","0%","0%"
"*06qi2*","Braden Davis","STL","SP","3182","FA","23","100,000","A","0","1%","0%"
"*04pmv*","Brennen Davis","SEA","LF,CF,OF","3183","FA","26","100,000","A","0","8%","0%"
"*05jrf*","Chase Davis","STL","CF,OF","3184","JD","24","500,000","A","0","9%","0%"
"*05xq1*","Colin Davis","SEA","LF,OF","3185","FA","27","100,000","A","0","0%","0%"
"*06v2t*","Dalton Davis","SEA","1B","3186","FA","25","100,000","A","0","0%","0%"
"*06mwe*","Gabe Davis","CHW","RP","3187","FA","22","100,000","A","0","3%","0%"
"*02bu2*","J.D. Davis","(N/A)","1B","3188","FA","33","100,000","A","0","0%","0%"
"*0710s*","Jared Davis","ATH","2B","3189","FA","22","100,000","A","0","0%","0%"
"*07788*","Lance Davis","(N/A)","SP","3190","FA","21","100,000","A","0","0%","0%"
"*06ppt*","Luke Davis","PHI","C,1B","3191","FA","23","100,000","A","0","0%","0%"
"*05ynf*","Marc Davis","(N/A)","SP","3192","FA","26","100,000","A","0","0%","0%"
"*06yue*","Nathaneal Davis","(N/A)","LF,OF","3193","FA","18","100,000","A","0","0%","0%"
"*04pva*","Noah Davis","PIT","SP","3194","FA","29","100,000","A","0","0%","0%"
"*06sj6*","Tague Davis","(N/A)","1B","3195","FA","20","100,000","A","0","0%","0%"
"*06qre*","Tyler Davis","BOS","RP","3196","FA","24","100,000","A","0","0%","0%"
"*06igc*","Caden Dawson","(N/A)","CF,OF","3197","FA","18","100,000","A","0","0%","0%"
"*072dk*","Logan Dawson","PHI","SS","3198","FA","20","100,000","A","0","0%","0%"
"*06quq*","Brady Day","PHI","3B","3199","FA","24","100,000","A","0","0%","0%"
"*06l0m*","Cam Day","LAD","RP","3200","FA","23","100,000","A","0","0%","0%"
"*06hwp*","Ernie Day","(N/A)","SP","3201","FA","24","100,000","A","0","0%","0%"
"*06656*","Joshua Day","(N/A)","SS","3202","FA","26","100,000","A","0","0%","0%"
"*03mwy*","Yonathan Daza","(N/A)","LF,OF","3203","FA","32","100,000","A","0","0%","0%"
"*05m1f*","Danny De Andrade","MIN","2B,3B","3204","FA","22","100,000","A","0","1%","0%"
"*06agg*","Sebastian De Andrade","SEA","C","3205","FA","20","100,000","A","0","0%","0%"
"*061p7*","Luis De Avila","(N/A)","SP","3206","FA","25","100,000","A","0","0%","0%"
"*07615*","Diover De Aza","NYM","3B","3207","FA","18","100,000","A","0","0%","0%"
"*06qz8*","Slater de Brun","TB","CF,OF","10013","Kai","19","500,000","A","0","12%","0%"
"*06mfh*","Manuel De Cesare","(N/A)","1B","3208","FA","19","100,000","A","0","0%","0%"
"*07781*","Arturo De Freitas","TEX","C","3209","FA","25","100,000","A","0","0%","0%"
"*0524m*","Brett de Geus","(N/A)","RP","10014","FA","28","100,000","A","0","0%","0%"
"*04z6o*","Alex De Goti","(N/A)","2B,LF,OF","3210","FA","31","100,000","A","0","0%","0%"
"*066bw*","Cedric De Grandpre","ATL","SP","3211","FA","24","100,000","A","0","1%","0%"
"*05li9*","Alex De Jesus","(N/A)","1B,3B","3212","FA","24","100,000","A","0","0%","0%"
"*059zq*","Angel De Jesus","(N/A)","RP","3213","FA","29","100,000","A","0","0%","0%"
"*06ulf*","Cesar De Jesus","TB","RP","3214","FA","22","100,000","A","0","0%","0%"
"*06imx*","Dairon De Jesus","(N/A)","RP","3215","FA","22","100,000","A","0","0%","0%"
"*05ygu*","Jose De Jesus","(N/A)","CF,OF","3216","FA","21","100,000","A","0","0%","0%"
"*0777e*","Juan De Jesus","CHC","CF,OF","3217","FA","18","100,000","A","0","0%","0%"
"*05yir*","Randy De Jesus","LAA","RF,OF","3218","FA","21","100,000","A","0","1%","0%"
"*06ig7*","Justice De Jong","(N/A)","3B","3219","FA","18","100,000","A","0","0%","0%"
"*05yhd*","Abdias De La Cruz","ARI","LF,RF,OF","3220","FA","21","100,000","A","0","1%","0%"
"*06mvd*","Alejandro De La Cruz","MIA","RP","3221","FA","19","100,000","A","0","0%","0%"
"*06c3f*","Alessander De La Cruz","COL","RF,OF","3222","FA","20","100,000","A","0","1%","0%"
"*06ih4*","Alexis De La Cruz","(N/A)","RP","3223","FA","21","100,000","A","0","0%","0%"
"*03bud*","Bryan De La Cruz","PHI","LF,OF","3224","FA","29","100,000","A","0","2%","0%"
"*04o4r*","Carlos De La Cruz","(N/A)","RF,OF","3225","FA","26","100,000","A","0","0%","0%"
"*05yl3*","Daneurys De La Cruz","(N/A)","1B","3226","FA","25","100,000","A","0","0%","0%"
"*06r95*","Elian De La Cruz","ARI","RF,OF","3227","FA","18","100,000","A","0","1%","0%"
"*06kya*","Erick De La Cruz","ARI","CF,OF","3228","FA","19","100,000","A","0","0%","0%"
"*06dm0*","Felipe De La Cruz","NYM","RP","3229","FA","25","100,000","A","0","7%","0%"
"*06cp5*","Jancory De La Cruz","MIA","LF,OF","3230","FA","20","100,000","A","0","0%","0%"
"*06rh2*","Jhoan De La Cruz","SD","SS","3231","FA","18","100,000","A","0","1%","0%"
"*04un0*","Jose De La Cruz","(N/A)","RF,OF","3232","FA","24","100,000","A","0","0%","0%"
"*06rkm*","Jose De La Cruz","COL","C","3233","FA","19","100,000","A","0","0%","0%"
"*06v2y*","Jose De La Cruz","HOU","3B","3234","FA","18","100,000","A","0","0%","0%"
"*062zq*","Juan De La Cruz","MIA","SP","3235","FA","21","100,000","A","0","0%","0%"
"*06jfl*","Luis De La Cruz","CLE","1B","3236","FA","19","100,000","A","0","0%","0%"
"*06rp0*","Luis De La Cruz","MIA","RP","3237","FA","23","100,000","A","0","0%","0%"
"*06r6x*","Marlon De La Cruz","WSH","SP","3238","FA","20","100,000","A","0","0%","0%"
"*060yu*","Michael De La Cruz","(N/A)","C","3239","FA","33","100,000","A","0","0%","0%"
"*0744p*","Michael De La Cruz","MIA","CF,OF","3240","FA","17","100,000","A","0","0%","0%"
"*06l0t*","Misael De La Cruz","(N/A)","SP","3241","FA","21","100,000","A","0","0%","0%"
"*06v3v*","Nauris De La Cruz","WSH","CF,OF","3242","FA","18","100,000","A","0","1%","0%"
"*06agj*","Nicolas De La Cruz","BOS","RP","3243","FA","20","100,000","A","0","0%","0%"
"*062zn*","Rodolfo De La Cruz","(N/A)","SP","3244","FA","22","100,000","A","0","0%","0%"
"*06qjk*","Rolando De La Cruz","(N/A)","SP","3245","FA","25","100,000","A","0","0%","0%"
"*077bw*","Sahir De La Cruz","TOR","SP","3246","FA","18","100,000","A","0","0%","0%"
"*072ye*","Starlyn De La Cruz","ATL","CF,OF","3247","FA","17","100,000","A","0","1%","0%"
"*06z5h*","Wanderly De La Cruz","CIN","CF,OF","3248","FA","18","100,000","A","0","0%","0%"
"*06qhf*","Wilfri De La Cruz","BAL","SS","3249","FA","18","100,000","A","0","3%","0%"
"*05lo7*","Willmer De La Cruz","(N/A)","SS","3250","FA","23","100,000","A","0","0%","0%"
"*072ig*","Yensi De La Cruz","HOU","CF,OF","3251","FA","19","100,000","A","0","0%","0%"
"*064oc*","Yuliangel De La Cruz","LAD","RP","3252","FA","21","100,000","A","0","0%","0%"
"*06l0j*","Franklin De La Paz","(N/A)","SP","3253","FA","27","100,000","A","0","0%","0%"
"*06kva*","Greylin De La Paz","LAA","3B","3254","FA","19","100,000","A","0","0%","0%"
"*06r3y*","Jarlen De La Paz","(N/A)","SP","3255","FA","21","100,000","A","0","0%","0%"
"*06iez*","Reynaldo De La Paz","ATH","RF,OF","3256","FA","20","100,000","A","0","1%","0%"
"*076se*","Ricardo De La Paz","SD","RF,OF","3257","FA","16","100,000","A","0","2%","0%"
"*06y88*","Carlos De La Rosa","SF","SP","3258","FA","18","100,000","A","0","1%","0%"
"*06kvl*","Dioris De La Rosa","LAA","SP","3259","FA","19","100,000","A","0","0%","0%"
"*06r0c*","Franck De La Rosa","(N/A)","RP","3260","FA","0","100,000","A","0","0%","0%"
"*04yt7*","Jeremy De La Rosa","(N/A)","RF,OF","3261","FA","24","100,000","A","0","1%","0%"
"*06r14*","Jose De La Rosa","(N/A)","SP","3262","FA","21","100,000","A","0","0%","0%"
"*06v2x*","Jose De La Rosa","SF","RP","3263","FA","18","100,000","A","0","0%","0%"
"*052i1*","Luis De La Rosa","(N/A)","SP","3264","FA","24","100,000","A","0","0%","0%"
"*074uf*","Mairon De La Rosa","SEA","SS","3265","FA","16","100,000","A","0","0%","0%"
"*05yl8*","Manuel De La Rosa","(N/A)","SP","3266","FA","23","100,000","A","0","0%","0%"
"*06rsy*","Mayki De La Rosa","ARI","LF,OF","3267","FA","18","100,000","A","0","0%","0%"
"*06202*","Moises De La Rosa","(N/A)","RF,OF","3268","FA","21","100,000","A","0","0%","0%"
"*05t5l*","Samil De La Rosa","(N/A)","LF,OF","3269","FA","22","100,000","A","0","0%","0%"
"*06ugp*","Luis De La Torre","SF","SP","3270","FA","22","100,000","A","0","3%","0%"
"*06ril*","Abel De Leon","(N/A)","C","3271","FA","21","100,000","A","0","0%","0%"
"*06rjg*","Adrian De Leon","ARI","C","3272","FA","22","100,000","A","0","0%","0%"
"*067zq*","Darlyn De Leon","CHC","CF,OF","3273","FA","21","100,000","A","0","0%","0%"
"*06cwu*","Darwin De Leon","(N/A)","2B","3274","FA","22","100,000","A","0","0%","0%"
"*06mox*","Edgardo De Leon","MIA","1B","3275","FA","19","100,000","A","0","1%","0%"
"*05yif*","Fraymi De Leon","(N/A)","2B,3B,SS","3276","FA","21","100,000","A","0","0%","0%"
"*0376n*","Jose De Leon","(N/A)","SP","3277","FA","33","100,000","A","0","0%","0%"
"*074qk*","Leonil De Leon","STL","SP","3278","FA","17","100,000","A","0","0%","0%"
"*06c7h*","Luis De Leon","SD","2B","3279","FA","20","100,000","A","0","0%","0%"
"*06ckl*","Luis De Leon","BAL","SP","3280","FA","23","100,000","A","0","20%","0%"
"*06y9p*","Luis De Leon","HOU","C","3281","FA","19","100,000","A","0","0%","0%"
"*06ule*","Meylin De Leon","(N/A)","2B","3282","FA","19","100,000","A","0","0%","0%"
"*06uld*","Alexander De Los Santos","PHI","SP","3283","FA","19","100,000","A","0","0%","0%"
"*05uxv*","Anderson De Los Santos","BAL","1B,3B","3284","FA","22","100,000","A","0","1%","0%"
"*06ytb*","Angel De Los Santos","DET","SS","3285","FA","18","100,000","A","0","2%","0%"
"*076ah*","Carlos De Los Santos","MIA","CF,OF","3286","FA","17","100,000","A","0","0%","0%"
"*06hyr*","Daiber De Los Santos","MIN","SS","3287","FA","19","100,000","A","0","2%","0%"
"*06rti*","David De Los Santos","BAL","SP","3288","FA","20","100,000","A","0","0%","0%"
"*06rth*","Eliazar De Los Santos","(N/A)","RP","3289","FA","23","100,000","A","0","0%","0%"
"*06m8j*","Ericksson De Los Santos","DET","RP","3290","FA","20","100,000","A","0","0%","0%"
"*06rsk*","Greudis De Los Santos","ARI","SP","3291","FA","20","100,000","A","0","0%","0%"
"*06rsl*","Jefrey De Los Santos","(N/A)","RF,OF","3292","FA","23","100,000","A","0","0%","0%"
"*06r9b*","Johan De Los Santos","PIT","2B,SS","3293","FA","17","100,000","A","0","15%","0%"
"*06rsm*","Joldelanio De Los Santos","LAD","RP","3294","FA","22","100,000","A","0","0%","0%"
"*061bu*","Juan De Los Santos","(N/A)","SP","3295","FA","24","100,000","A","0","0%","0%"
"*06amh*","Luis De Los Santos","(N/A)","SS","3296","FA","28","100,000","A","0","0%","0%"
"*07765*","Manny De Los Santos","MIL","CF,OF","3297","FA","17","100,000","A","0","0%","0%"
"*061i0*","Omar De Los Santos","(N/A)","LF,RF,OF","3298","FA","26","100,000","A","0","0%","0%"
"*06rsn*","Raimundo De Los Santos","TOR","SS","3299","FA","21","100,000","A","0","0%","0%"
"*06rso*","Raudy De Los Santos","(N/A)","2B","3300","FA","23","100,000","A","0","0%","0%"
"*072wk*","Richard De Los Santos","COL","SS","3301","FA","17","100,000","A","0","0%","0%"
"*06uy2*","Sebastian De Los Santos","CLE","RF,OF","3302","FA","20","100,000","A","0","0%","0%"
"*06rsp*","Weslin De Los Santos","(N/A)","RP","3303","FA","20","100,000","A","0","0%","0%"
"*05ygt*","Yordany De Los Santos","PIT","2B,SS","3304","FA","21","100,000","A","0","4%","0%"
"*06idt*","Branny De Oleo","NYM","3B","3305","FA","21","100,000","A","0","0%","0%"
"*061zv*","Josue De Paula","LAD","LF,RF,OF","3306","Kai","21","500,000","A","0","55%","0%"
"*06z58*","Rosniell De Paula","COL","SS","3307","FA","17","100,000","A","0","0%","0%"
"*06rm4*","Yilver De Paula","LAA","SS","3308","FA","18","100,000","A","0","1%","0%"
"*06zql*","Wilberson De Pena","NYY","LF,OF","3309","FA","19","100,000","A","0","6%","+2%"
"*06sum*","Carlos De Sousa","TB","C","3310","FA","20","100,000","A","0","0%","0%"
"*067yc*","Leo De Vries","ATH","SS","3311","Max","19","500,000","A","0","63%","0%"
"*06qtw*","Aidan Deakins","TEX","SP","3332","FA","22","100,000","A","0","0%","0%"
"*06if6*","Breyias Dean","MIA","3B","3333","FA","20","100,000","A","0","0%","0%"
"*06hoa*","Nick Dean","CHC","SP","3334","FA","25","100,000","A","0","0%","0%"
"*0648u*","Noah Dean","WSH","SP","3335","FA","25","100,000","A","0","0%","0%"
"*04ob8*","Tyler Dearden","(N/A)","LF,OF","3336","FA","28","100,000","A","0","0%","0%"
"*06kkg*","Kyle DeBarge","MIN","2B,SS","3312","FA","23","100,000","A","0","5%","0%"
"*06o8r*","Jaron DeBerry","MIL","SP","3313","FA","23","100,000","A","0","3%","0%"
"*05ua0*","Max Debiec","(N/A)","SP","3337","FA","23","100,000","A","0","1%","0%"
"*06v2s*","Nick DeCarlo","(N/A)","RP","3314","FA","24","100,000","A","0","0%","0%"
"*06l5c*","Jason DeCaro","PIT","SP","3315","FA","20","100,000","A","0","0%","0%"
"*06ook*","Brandon Decker","NYY","SP","3338","FA","24","100,000","A","0","0%","0%"
"*066f6*","Cameron Decker","LAD","1B","3339","FA","22","100,000","A","0","0%","0%"
"*04pmx*","Nick Decker","(N/A)","CF,OF","3340","FA","26","100,000","A","0","0%","0%"
"*04prm*","Niko Decolati","(N/A)","CF,OF","3341","FA","28","100,000","A","0","0%","0%"
"*07035*","Justin DeCriscio","SD","3B","3316","FA","23","100,000","A","0","0%","0%"
"*06lff*","Bailey Dees","(N/A)","RP","3342","FA","27","100,000","A","0","0%","0%"
"*064nm*","Jaycob Deese","PIT","RP","3343","FA","26","100,000","A","0","0%","0%"
"*06rgh*","Kevin Defrank","MIA","SP","3344","FA","17","100,000","A","0","19%","0%"
"*06qpz*","Ryan Degges","CLE","SP","3345","FA","23","100,000","A","0","0%","0%"
"*076rs*","Maicor Degollado","BAL","SS","3346","FA","18","100,000","A","0","0%","0%"
"*06qsh*","Kyle DeGroat","KC","SP","3317","FA","20","100,000","A","0","1%","0%"
"*070bt*","Holden deJong","BAL","SP","10015","FA","22","100,000","A","0","0%","0%"
"*03qkh*","Paul DeJong","(N/A)","3B","3318","FA","32","100,000","A","0","1%","0%"
"*06r85*","Anthony Del Angel","(N/A)","3B","3347","FA","19","100,000","A","0","0%","0%"
"*051h6*","Fineas Del Bonta-Smith","(N/A)","RP","3348","FA","29","100,000","A","0","0%","0%"
"*076so*","Francisco Del Campo","MIA","C","3349","FA","17","100,000","A","0","0%","0%"
"*07773*","Adrian Del Cid","LAD","SS","3350","FA","17","100,000","A","0","0%","0%"
"*057xr*","Alisson Del Orbe","(N/A)","2B","3351","FA","24","100,000","A","0","0%","0%"
"*05un0*","Angel Del Rosario","(N/A)","3B","3352","FA","23","100,000","A","0","0%","0%"
"*06l0p*","Ismael Del Rosario","(N/A)","LF,OF","3353","FA","19","100,000","A","0","0%","0%"
"*06imy*","Joelvis Del Rosario","(N/A)","SP","3354","FA","25","100,000","A","0","0%","0%"
"*05y6d*","Richel Del Rosario","(N/A)","1B,3B,LF,OF","3355","FA","22","100,000","A","0","0%","0%"
"*060yr*","Jacob DeLabio","(N/A)","RP","3319","FA","28","100,000","A","0","0%","0%"
"*06c2h*","Chad Delancey","(N/A)","LF,OF","3356","FA","20","100,000","A","0","0%","0%"
"*041w5*","Jason Delay","BOS","C","3357","FA","31","100,000","A","0","0%","0%"
"*06ahf*","Jake DeLeo","(N/A)","CF,OF","3320","FA","25","100,000","A","0","0%","0%"
"*067zg*","Adrian Delgado","(N/A)","RP","3358","FA","21","100,000","A","0","0%","0%"
"*0776n*","Anthony Delgado","NYM","1B","3359","FA","19","100,000","A","0","0%","0%"
"*06y9y*","Antonio Delgado","HOU","RP","3360","FA","19","100,000","A","0","0%","0%"
"*06bs5*","Enderson Delgado","DET","C","3361","FA","21","100,000","A","0","0%","0%"
"*06mht*","Jesus Delgado","(N/A)","RP","3362","FA","22","100,000","A","0","0%","0%"
"*06rwc*","Jesus Delgado","ATH","SP","3363","FA","20","100,000","A","0","0%","0%"
"*06med*","Joan Delgado","(N/A)","RF,OF","3364","FA","21","100,000","A","0","0%","0%"
"*061z7*","Keiner Delgado","PIT","2B,3B","3365","FA","22","100,000","A","0","3%","0%"
"*05gs6*","Zach DeLoach","(N/A)","CF,OF","3321","FA","27","100,000","A","0","1%","0%"
"*06quy*","Joe Delossantos","(N/A)","LF,OF","3366","FA","25","100,000","A","0","0%","0%"
"*06r1p*","Geremi Delpino","(N/A)","RP","3367","FA","22","100,000","A","0","0%","0%"
"*06494*","Dylan DeLucia","CLE","SP","3322","FA","25","100,000","A","0","0%","0%"
"*06z42*","Cody Delvecchio","SF","SP","3368","FA","22","100,000","A","0","0%","0%"
"*06r9y*","Sadbiel Delzine","BOS","SP","3369","FA","18","100,000","A","0","7%","0%"
"*062ec*","Carson DeMartini","PHI","3B,SS","3323","FA","23","100,000","A","0","3%","0%"
"*07739*","Josue Demey","LAA","C","3370","FA","19","100,000","A","0","0%","0%"
"*06gjk*","Austin Deming","(N/A)","3B","3371","FA","26","100,000","A","0","0%","0%"
"*060vb*","Eddy Demurias","(N/A)","RP","3372","FA","28","100,000","A","0","0%","0%"
"*06rlk*","Joseph Deng Thon","LAD","RP","3373","FA","18","100,000","A","0","0%","0%"
"*05jpf*","Trenton Denholm","CLE","SP","3374","FA","26","100,000","A","0","1%","0%"
"*05yft*","Theo Denlinger","(N/A)","SP","3375","FA","30","100,000","A","0","0%","0%"
"*06ume*","Jacob Denner","SEA","RP","3376","FA","25","100,000","A","0","0%","0%"
"*0763q*","Hogan Denny","(N/A)","RF,OF","3377","FA","20","100,000","A","0","0%","0%"
"*05ydf*","Noah Denoyer","(N/A)","SP","3378","FA","28","100,000","A","0","0%","0%"
"*06f1i*","Cade Denton","COL","RP","3379","FA","24","100,000","A","0","0%","0%"
"*05u2h*","Zane Denton","(N/A)","3B","3380","FA","25","100,000","A","0","0%","0%"
"*06zlf*","Anthony DePino","CHW","1B","3324","FA","23","100,000","A","0","1%","0%"
"*05155*","Brad Deppermann","SF","RP","3381","FA","30","100,000","A","0","0%","0%"
"*06ukf*","Tate DeRias","(N/A)","SP","3325","FA","20","100,000","A","0","0%","0%"
"*06ror*","Kyle Dernedde","CLE","2B,3B","3382","FA","25","100,000","A","0","0%","0%"
"*070ct*","Ryan DeSanto","CLE","SP","3326","FA","22","100,000","A","0","0%","0%"
"*06sut*","Nicolas Deschamps","(N/A)","C","3383","FA","23","100,000","A","0","0%","0%"
"*02but*","Anthony DeSclafani","(N/A)","SP","3327","FA","36","100,000","A","0","0%","0%"
"*01tji*","Delino DeShields","(N/A)","CF,OF","3328","FA","33","100,000","A","0","0%","0%"
"*076qn*","Ben` DeTaeye","TEX","RP","3329","FA","25","100,000","A","0","0%","0%"
"*067ym*","Parker Detmers","(N/A)","SP","3384","FA","21","100,000","A","0","0%","0%"
"*063e1*","Nathan Dettmer","ATH","SP","3385","FA","24","100,000","A","0","0%","0%"
"*051bu*","Cam Devanney","(N/A)","3B","3386","FA","29","100,000","A","0","0%","0%"
"*04mkz*","Jose Devers","(N/A)","2B","3387","FA","26","100,000","A","0","0%","0%"
"*05uhx*","Jose Devers","CLE","SS","3388","FA","23","100,000","A","0","0%","0%"
"*060vz*","Luis Devers","(N/A)","SP","3389","FA","26","100,000","A","0","0%","0%"
"*05163*","Ricky DeVito","(N/A)","RP","3330","FA","27","100,000","A","0","0%","0%"
"*065j7*","Nolan DeVos","HOU","SP","3331","FA","25","100,000","A","0","0%","0%"
"*066mf*","Filippo Di Turi","MIL","2B,3B,SS","3390","FA","20","100,000","A","0","1%","0%"
"*06495*","Derek Diamond","PIT","RP","3395","FA","25","100,000","A","0","0%","0%"
"*076kj*","Luis Dias","BAL","C","3396","FA","16","100,000","A","0","0%","0%"
"*06o02*","Khadim Diaw","MIN","C","3397","FA","22","100,000","A","0","1%","0%"
"*02y8t*","Aledmys Diaz","(N/A)","1B,3B,SS","3398","FA","35","100,000","A","0","0%","0%"
"*03qqf*","Alexis Diaz","TEX","RP","3399","FA","29","100,000","A","0","6%","0%"
"*06rsg*","Anderson Diaz","DET","SP","3400","FA","18","100,000","A","0","0%","0%"
"*06con*","Angel Diaz","(N/A)","C","3401","FA","22","100,000","A","0","0%","0%"
"*05m6d*","Blayberg Diaz","MIL","C","3402","FA","23","100,000","A","0","0%","0%"
"*06hsu*","Brauli Diaz","(N/A)","3B","3403","FA","20","100,000","A","0","0%","0%"
"*066mu*","Camilo Diaz","HOU","3B","3404","FA","20","100,000","A","0","1%","0%"
"*05yh4*","Davis Diaz","ATH","C","3405","FA","23","100,000","A","0","0%","0%"
"*06sav*","Dencer Diaz","(N/A)","1B","3406","FA","17","100,000","A","0","0%","0%"
"*0375c*","Edwin Diaz","HOU","3B,SS","3407","FA","30","100,000","A","0","0%","0%"
"*06f0j*","Franyel Diaz","NYM","RP","3408","FA","21","100,000","A","0","0%","0%"
"*06rs3*","Gleiner Diaz","SEA","RP","3409","FA","22","100,000","A","0","0%","0%"
"*05t8w*","Indigo Diaz","(N/A)","RP","3410","FA","27","100,000","A","0","0%","0%"
"*03da6*","Isan Diaz","(N/A)","2B,SS","3411","FA","30","100,000","A","0","0%","0%"
"*06riq*","Jairo Diaz","CHC","C","3412","FA","22","100,000","A","0","0%","0%"
"*06dpt*","Jatnk Diaz","DET","SP","3413","FA","21","100,000","A","0","0%","0%"
"*06qh6*","Jhiancarlos Diaz","(N/A)","SS","3414","FA","19","100,000","A","0","0%","0%"
"*050k5*","Jhon Diaz","TB","LF,RF,OF","3415","FA","23","100,000","A","0","1%","0%"
"*06hsv*","Jhon Diaz","(N/A)","2B","3416","FA","21","100,000","A","0","0%","0%"
"*04oc6*","Jhonathan Diaz","SEA","RP","3417","FA","29","100,000","A","0","1%","0%"
"*05rjb*","Joel Diaz","NYM","SP","3418","FA","22","100,000","A","0","1%","0%"
"*04yub*","Jordan Diaz","(N/A)","2B","3419","FA","25","100,000","A","0","0%","0%"
"*06ajs*","Joseph Diaz","(N/A)","CF,OF","3420","FA","20","100,000","A","0","0%","0%"
"*05itw*","Kelvin Diaz","(N/A)","2B","3421","FA","23","100,000","A","0","0%","0%"
"*06u78*","Kelvin Diaz","(N/A)","SS","3422","FA","23","100,000","A","0","0%","0%"
"*031ui*","Lewin Diaz","(N/A)","1B","3423","FA","29","100,000","A","0","0%","0%"
"*06dvu*","Lisbel Diaz","SF","LF,CF,RF,OF","3424","FA","21","100,000","A","0","1%","0%"
"*03mkx*","Miguel Diaz","(N/A)","RP","3425","FA","31","100,000","A","0","0%","0%"
"*066k6*","Nomar Diaz","(N/A)","C","3426","FA","22","100,000","A","0","0%","0%"
"*06ulc*","Norbis Diaz","(N/A)","RP","3427","FA","21","100,000","A","0","0%","0%"
"*06r51*","Oniel Diaz","CIN","SP","3428","FA","20","100,000","A","0","0%","0%"
"*06o0b*","Randal Diaz","BAL","2B,3B,SS","3429","FA","23","100,000","A","0","0%","0%"
"*06ulb*","Reudis Diaz","CHW","RP","3430","FA","20","100,000","A","0","0%","0%"
"*0526b*","Victor Diaz","(N/A)","1B","3431","FA","24","100,000","A","0","0%","0%"
"*06qt6*","Victor Diaz","CIN","RP","3432","FA","23","100,000","A","0","0%","0%"
"*05gyh*","Wilman Diaz","(N/A)","2B","3433","FA","22","100,000","A","0","1%","0%"
"*060p4*","Winder Diaz","(N/A)","2B","3434","FA","23","100,000","A","0","0%","0%"
"*06rir*","Yidel Diaz","(N/A)","C","3435","FA","21","100,000","A","0","0%","0%"
"*060ql*","Yimmy Diaz","(N/A)","SS","3436","FA","22","100,000","A","0","0%","0%"
"*05gvn*","Yoljeldriz Diaz","(N/A)","RP","3437","FA","25","100,000","A","0","0%","0%"
"*06rpc*","Yorvit Diaz","ATH","3B","3438","FA","18","100,000","A","0","0%","0%"
"*03vuk*","Yusniel Diaz","(N/A)","RF,OF","3439","FA","29","100,000","A","0","0%","0%"
"*067z6*","Blake Dickerson","DET","SP","3440","FA","21","100,000","A","0","1%","0%"
"*06fqf*","Dustin Dickerson","KC","SS","3441","FA","25","100,000","A","0","0%","0%"
"*067zd*","Korbyn Dickerson","SEA","CF,OF","3442","FA","22","100,000","A","0","4%","0%"
"*06mne*","Luke Dickerson","WSH","2B,SS","3443","FA","20","100,000","A","0","11%","0%"
"*060my*","Jared Dickey","ATH","RF,OF","3444","FA","24","100,000","A","0","1%","0%"
"*06lz2*","Daniel Dickinson","MIL","2B","3445","FA","22","100,000","A","0","1%","0%"
"*06lwi*","Jose Dickson","DET","SS","3446","FA","19","100,000","A","0","0%","0%"
"*0516i*","Jose Dicochea","ATH","P","3447","FA","25","100,000","A","0","0%","0%"
"*06qqq*","Harrison Didawick","(N/A)","LF,OF","3448","FA","23","100,000","A","0","0%","0%"
"*03mpg*","Ray-Patrick Didder","(N/A)","2B,SS","3449","FA","31","100,000","A","0","0%","0%"
"*06uxk*","Sayer Diederich","(N/A)","RP","3450","FA","25","100,000","A","0","0%","0%"
"*06hi6*","Hunter Dietz","NYY","SP","3451","FA","21","100,000","A","0","1%","0%"
"*06zg0*","Tyler Dietz","SD","RP","3452","FA","23","100,000","A","0","0%","0%"
"*075ny*","Choyce Diffey","CHW","RP","3453","FA","24","100,000","A","0","0%","0%"
"*03c7r*","Wilmer Difo","(N/A)","2B,3B","3454","FA","34","100,000","A","0","0%","0%"
"*06mey*","Jairon Digon","ARI","RP","3455","FA","20","100,000","A","0","0%","0%"
"*06kvd*","Eriel Dihigo","COL","3B","3456","FA","19","100,000","A","0","0%","0%"
"*0710t*","Jay Dill","ATH","RP","3457","FA","23","100,000","A","0","0%","0%"
"*04pzn*","Trey Dillard","(N/A)","RP","3458","FA","27","100,000","A","0","0%","0%"
"*077em*","Julio Dilone","SD","RP","3459","FA","26","100,000","A","0","0%","0%"
"*07796*","Matti DiMaggio","(N/A)","CF,OF","3391","FA","15","100,000","A","0","0%","0%"
"*06yqb*","Michael DiMartini","(N/A)","CF,OF","3392","FA","21","100,000","A","0","0%","0%"
"*04ydk*","Dawson Dimon","(N/A)","C","3460","FA","27","100,000","A","0","0%","0%"
"*0766f*","Mason Dinesen","BAL","SS","3461","FA","27","100,000","A","0","0%","0%"
"*06o0e*","Marco Dinges","MIL","C","3462","FA","22","100,000","A","0","9%","0%"
"*06gu6*","Jonah Dipoto","(N/A)","RP","3463","FA","29","100,000","A","0","0%","0%"
"*06r04*","Isaias Dipre","(N/A)","SS","3464","FA","23","100,000","A","0","0%","0%"
"*06krw*","Eliazar Dishmey","MIA","SP","3465","FA","21","100,000","A","0","2%","0%"
"*076g9*","Samil Dishmey","LAA","LF,OF","3466","FA","20","100,000","A","0","0%","0%"
"*06htw*","Arturo Disla","TEX","1B","3467","FA","25","100,000","A","0","0%","0%"
"*06hiz*","Angelo DiSpigna","(N/A)","1B,LF,OF","3393","FA","26","100,000","A","0","0%","0%"
"*0668a*","Jordan Dissin","PHI","C","3468","FA","24","100,000","A","0","0%","0%"
"*05rc0*","Jordan DiValerio","(N/A)","SP","3394","FA","28","100,000","A","0","0%","0%"
"*066j0*","JD Dix","ARI","2B","3469","FA","20","100,000","A","0","14%","0%"
"*05yet*","Brenden Dixon","CHW","3B","3470","FA","25","100,000","A","0","0%","0%"
"*06fqj*","Joey Dixon","HOU","RP","3471","FA","24","100,000","A","0","0%","0%"
"*06qk6*","Hunter Dobbins","DET","C","3472","FA","23","100,000","A","0","0%","0%"
"*04pn2*","Tanner Dodson","(N/A)","RP","3473","FA","29","100,000","A","0","0%","0%"
"*06431*","Griffin Doersching","(N/A)","1B","3474","FA","27","100,000","A","0","0%","0%"
"*06nug*","Nate Dohm","STL","SP","3475","FA","23","100,000","A","0","2%","0%"
"*06qub*","Jason Doktorczyk","MIN","SP","3476","FA","23","100,000","A","0","0%","0%"
"*06zek*","Ryan Dollar","NYM","RP","3477","FA","22","100,000","A","0","0%","0%"
"*05jrq*","Taylor Dollard","SEA","SP","3478","FA","27","100,000","A","0","1%","0%"
"*06agi*","Nick Dombkowski","PIT","RP","3479","FA","27","100,000","A","0","0%","0%"
"*062yw*","Trey Dombroski","HOU","SP","3480","FA","25","100,000","A","0","1%","0%"
"*06ooj*","Vicarte Domingo","SD","RP","3481","FA","23","100,000","A","0","0%","0%"
"*06kj1*","Alexis Dominguez","(N/A)","RP","3482","FA","20","100,000","A","0","0%","0%"
"*06c83*","Diego Dominguez","TOR","RP","3483","FA","22","100,000","A","0","0%","0%"
"*06c59*","Eric Dominguez","(N/A)","RP","3484","FA","23","100,000","A","0","0%","0%"
"*05uxw*","Johan Dominguez","(N/A)","SP","3485","FA","30","100,000","A","0","0%","0%"
"*051bk*","Michael Dominguez","(N/A)","P","3486","FA","25","100,000","A","0","0%","0%"
"*06r1v*","Ramiro Dominguez","MIN","2B","3487","FA","19","100,000","A","0","1%","0%"
"*05gbb*","Robert Dominguez","(N/A)","RP","3488","FA","24","100,000","A","0","0%","0%"
"*06r3r*","Brody Donay","TB","C,1B","3489","FA","22","100,000","A","0","0%","0%"
"*05r6f*","Rayne Doncon","MIN","3B","3490","FA","22","100,000","A","0","2%","0%"
"*06uqp*","Carlos Done","MIL","RF,OF","3491","FA","19","100,000","A","0","0%","0%"
"*0734g*","Carlos Done","TEX","LF,RF,OF","3492","FA","17","100,000","A","0","0%","0%"
"*06z64*","Leni Done","NYY","3B","3493","FA","19","100,000","A","0","1%","0%"
"*06quw*","Anthony Donofrio","SEA","LF,RF,OF","3494","FA","26","100,000","A","0","0%","0%"
"*0664q*","Liam Doolan","(N/A)","SP","3495","FA","27","100,000","A","0","0%","0%"
"*0520t*","J.J. D'Orazio","LAA","C","3123","FA","24","100,000","A","0","0%","0%"
"*06quu*","Ethan Dorchies","MIL","SP","3496","FA","19","100,000","A","0","5%","0%"
"*06qio*","Carter Dorighi","SEA","1B,2B,3B","3497","FA","23","100,000","A","0","0%","0%"
"*06quk*","Carson Dorsey","BAL","SP","3498","FA","23","100,000","A","0","1%","0%"
"*06rj9*","Manuel Dos Passos","ATL","C","3499","FA","19","100,000","A","0","0%","0%"
"*06yd4*","Sebastian Dos Santos","STL","SS","3500","FA","18","100,000","A","0","12%","0%"
"*06r6t*","Vinicius Dos Santos","SF","LF,OF","3501","FA","19","100,000","A","0","0%","0%"
"*06z13*","Luke Dotson","ARI","RP","3502","FA","22","100,000","A","0","0%","0%"
"*060io*","Christian Doty","(N/A)","SS","3503","FA","19","100,000","A","0","0%","0%"
"*06za1*","Ty Doucette","CIN","1B","3504","FA","22","100,000","A","0","0%","0%"
"*06fv7*","Jack Dougherty","MIN","SP","3505","FA","24","100,000","A","0","0%","0%"
"*06kk6*","Braylon Doughty","CLE","SP","3506","Max","20","2,000,000","A","0","24%","0%"
"*05gds*","Cade Doughty","TOR","2B,3B,SS","3507","FA","25","100,000","A","0","1%","0%"
"*072ar*","Kameron Douglas","DET","RF,OF","3508","FA","22","100,000","A","0","0%","0%"
"*06fzp*","Drew Dowd","TB","RP","3509","FA","24","100,000","A","0","1%","0%"
"*06hh7*","Kevin Dowdell","(N/A)","RP","3510","FA","26","100,000","A","0","0%","0%"
"*06qtr*","Brandon Downer","BAL","SP","3511","FA","23","100,000","A","0","0%","0%"
"*06rni*","Jhojan Downer","SD","C","3512","FA","19","100,000","A","0","0%","0%"
"*05tzc*","Aaron Downs","(N/A)","3B","3513","FA","24","100,000","A","0","0%","0%"
"*04eeg*","Jeter Downs","(N/A)","2B,3B","3514","FA","27","100,000","A","0","1%","0%"
"*06roc*","Liam Doyle","STL","SP","3515","Max","22","500,000","A","0","50%","0%"
"*04ef7*","Tommy Doyle","(N/A)","RP","3516","FA","30","100,000","A","0","0%","0%"
"*06qtx*","Joel Dragoo","PHI","LF,RF,OF","3517","FA","23","100,000","A","0","0%","0%"
"*06dna*","Isaiah Drake","ATL","CF,RF,OF","3518","FA","21","100,000","A","0","4%","0%"
"*066m0*","Kohl Drake","ARI","SP","3519","FA","26","100,000","A","0","7%","0%"
"*06kk8*","Dylan Dreiling","TEX","LF,CF,OF","3520","FA","23","100,000","A","0","5%","0%"
"*06zb0*","Dylan Driessen","STL","RP","3521","FA","21","100,000","A","0","0%","0%"
"*0512b*","Logan Driscoll","TB","C","3522","FA","28","100,000","A","0","0%","0%"
"*06gif*","Jay Driver","CLE","RP","3523","FA","24","100,000","A","0","0%","0%"
"*06ppu*","Ryan Dromboski","PHI","SP","3524","FA","23","100,000","A","0","0%","0%"
"*05ua1*","Brody Drost","(N/A)","CF,OF","3525","FA","24","100,000","A","0","0%","0%"
"*06z5z*","Jorge Drullard","BAL","2B","3526","FA","18","100,000","A","0","0%","0%"
"*02hlw*","Brandon Drury","KC","2B,DH","3527","FA","33","100,000","A","0","1%","0%"
"*06qpm*","Hunter Dryden","SF","SP","3528","FA","24","100,000","A","0","1%","0%"
"*06xzx*","Athanael Duarte","LAA","1B,3B","3529","FA","21","100,000","A","0","0%","0%"
"*06kyz*","Fernando Duarte","(N/A)","RP","3530","FA","19","100,000","A","0","0%","0%"
"*076gl*","Luis Duarte","MIN","C","3531","FA","17","100,000","A","0","0%","0%"
"*074vv*","Victor Duarte","SD","2B","3532","FA","25","100,000","A","0","0%","0%"
"*0764g*","Victor Duarte","ATL","RP","3533","FA","18","100,000","A","0","0%","0%"
"*072r0*","Yoel Duarte","SD","SP","3534","FA","17","100,000","A","0","0%","0%"
"*06qqn*","Jayden Dubanewicz","MIL","SP","3535","FA","20","100,000","A","0","3%","0%"
"*04pxb*","Shawn Dubin","(N/A)","RP","3536","FA","30","100,000","A","0","1%","0%"
"*073ne*","Dylan Dubovik","(N/A)","RF,OF","3537","FA","19","100,000","A","0","0%","0%"
"*06ig8*","Jacob Dudan","ATH","SP","3538","FA","21","100,000","A","0","0%","0%"
"*06zak*","Bryson Dudley","KC","RP","3539","FA","22","100,000","A","0","0%","0%"
"*06805*","Damon Dues","(N/A)","2B,CF,OF","3540","FA","28","100,000","A","0","0%","0%"
"*06ciy*","Brandon Dufault","(N/A)","SP","3541","FA","27","100,000","A","0","0%","0%"
"*02mzd*","Tyler Duffey","(N/A)","RP","3542","FA","35","100,000","A","0","0%","0%"
"*02c5y*","Matt Duffy","(N/A)","3B","3543","FA","35","100,000","A","0","0%","0%"
"*06f0l*","Matt Duffy","BOS","SP","3544","FA","24","100,000","A","0","0%","0%"
"*05u6i*","Nick Dugan","(N/A)","SP","3545","FA","21","100,000","A","0","0%","0%"
"*0603k*","Gavin Dugas","(N/A)","3B","3546","FA","26","100,000","A","0","0%","0%"
"*0421i*","Robert Dugger","(N/A)","SP","3547","FA","31","100,000","A","0","0%","0%"
"*06kwm*","Hunter Dula","(N/A)","RP","3548","FA","27","100,000","A","0","0%","0%"
"*061yf*","Kevin Dume","(N/A)","1B","3549","FA","21","100,000","A","0","0%","0%"
"*06mvf*","Nick Dumesnil","DET","CF,OF","3550","FA","22","100,000","A","0","1%","0%"
"*06qr8*","Titus Dumitru","PIT","LF,OF","3551","FA","23","100,000","A","0","0%","0%"
"*06y0a*","Matt Dunaway","SF","RP","3552","FA","27","100,000","A","0","0%","0%"
"*075xr*","Sean Duncan","NYY","SP","3553","FA","18","100,000","A","0","0%","0%"
"*06h20*","Andrew Dunford","HOU","RP","3554","FA","21","100,000","A","0","0%","0%"
"*0516r*","Clay Dungan","SD","2B,SS,CF,OF","3555","FA","30","100,000","A","0","0%","0%"
"*05jr2*","Elijah Dunham","LAA","RF,OF","3556","FA","28","100,000","A","0","0%","0%"
"*05ra1*","Hayden Dunhurst","(N/A)","C","3557","FA","25","100,000","A","0","0%","0%"
"*075c6*","Sean Dunlap","(N/A)","C","3558","FA","18","100,000","A","0","0%","0%"
"*041m4*","Justin Dunn","LAA","SP","3559","FA","30","100,000","A","0","0%","0%"
"*04pqr*","Nick Dunn","(N/A)","2B","3560","FA","29","100,000","A","0","0%","0%"
"*06371*","Ross Dunn","MIN","SP","3561","FA","24","100,000","A","0","0%","0%"
"*041m9*","Dane Dunning","SEA","SP","3562","FA","31","100,000","A","0","2%","0%"
"*06626*","Alfredo Duno","CIN","C","3563","Zack","20","500,000","A","0","41%","0%"
"*041y7*","Parker Dunshee","(N/A)","P","3564","FA","31","100,000","A","0","0%","0%"
"*041qq*","Jon Duplantier","(N/A)","RP","3565","FA","32","100,000","A","0","0%","0%"
"*067zr*","Alessandro Duran","SF","1B","3566","FA","21","100,000","A","0","0%","0%"
"*04yi6*","Carlos Duran","LAD","SP","3567","FA","24","100,000","A","0","1%","0%"
"*06rw8*","Carlos Duran","(N/A)","SP","3568","FA","18","100,000","A","0","0%","0%"
"*065s0*","Edinson Duran","NYY","C","3569","FA","23","100,000","A","0","0%","0%"
"*05xyq*","Edward Duran","TOR","C","3570","FA","22","100,000","A","0","0%","0%"
"*06rnd*","Juan Duran","BAL","RP","3571","FA","22","100,000","A","0","0%","0%"
"*074dt*","Juan Duran","WSH","CF,OF","3572","FA","17","100,000","A","0","0%","0%"
"*0775p*","Juanyerlin Duran","BOS","SP","3573","FA","18","100,000","A","0","0%","0%"
"*06o12*","Julian Duran","(N/A)","RP","3574","FA","20","100,000","A","0","0%","0%"
"*07301*","Ricky Duran","ATH","SS","3575","FA","17","100,000","A","0","0%","0%"
"*06z5l*","Steven Duran","MIL","SP","3576","FA","17","100,000","A","0","0%","0%"
"*06ytz*","Yovanny Duran","MIN","CF,OF","3577","FA","18","100,000","A","0","0%","0%"
"*05j8v*","Luis Durango","NYY","LF,OF","3578","FA","23","100,000","A","0","0%","0%"
"*06qsp*","Brendan Durfee","SD","C","3579","FA","24","100,000","A","0","0%","0%"
"*06huo*","Hayden Durke","ARI","RP","3580","FA","24","100,000","A","0","0%","0%"
"*06rln*","Max Durrington","ATH","2B","3581","FA","19","100,000","A","0","0%","0%"
"*06ywg*","Konni Durschlag","SEA","CF,OF","3582","FA","24","100,000","A","0","0%","0%"
"*05tp8*","Andrew Dutkanych","STL","SP","3583","FA","22","100,000","A","0","0%","0%"
"*074vy*","Reese Dutton","PHI","SP","3584","FA","25","100,000","A","0","0%","0%"
"*07039*","Samuel Dutton","ATH","SP","3585","FA","23","100,000","A","0","0%","0%"
"*027ow*","Adam Duvall","(N/A)","LF,CF,OF","3586","FA","37","100,000","A","0","0%","0%"
"*076gn*","Jake Dykhoff","BAL","RP","3587","FA","27","100,000","A","0","0%","0%"
"*06qip*","Connor Dykstra","SEA","C","3588","FA","25","100,000","A","0","0%","0%"
"*06rre*","Joseph Dzierwa","BAL","SP","3589","ELLY","22","100,000","A","0","26%","+1%"
"*06o03*","Daniel Eagen","ARI","SP","3590","FA","23","100,000","A","0","9%","0%"
"*072ym*","Tyler Early","(N/A)","1B,P","3591","FA","14","100,000","A","0","1%","0%"
"*04prf*","Jayce Easley","(N/A)","2B,3B","3593","FA","26","100,000","A","0","0%","0%"
"*06qj2*","J'Briell Easley","TEX","SP","3592","FA","24","100,000","A","0","0%","0%"
"*06ywf*","Reid Easterly","SEA","RP","3594","FA","24","100,000","A","0","0%","0%"
"*06pgh*","Konner Eaton","COL","SP","3595","FA","23","100,000","A","0","1%","0%"
"*06alr*","Brady Ebel","MIL","SS","3596","FA","18","100,000","A","0","9%","+1%"
"*077c5*","Trey Ebel","MIL","SS","3597","FA","17","100,000","A","0","0%","0%"
"*06hs4*","Weston Eberly","(N/A)","C","3598","FA","25","100,000","A","0","0%","0%"
"*06qkg*","Bryce Eblin","CHW","2B","3599","FA","24","100,000","A","0","0%","0%"
"*06cqx*","Steven Echavarria","ATH","SP","3600","FA","20","100,000","A","0","3%","0%"
"*06zb4*","Kaden Echeman","STL","SP","3601","FA","23","100,000","A","0","0%","0%"
"*06za6*","Noah Edders","CHC","RP","3602","FA","23","100,000","A","0","0%","0%"
"*06fqk*","Jake Eddington","PHI","RP","3603","FA","25","100,000","A","0","0%","0%"
"*0514l*","Cam Eden","(N/A)","RF,OF","3604","FA","28","100,000","A","0","0%","0%"
"*06zam*","Kamden Edge","KC","RP","3605","FA","21","100,000","A","0","0%","0%"
"*06l50*","Brian Edgington","CIN","SP","3606","FA","27","100,000","A","0","0%","0%"
"*06s3c*","Derrick Edington","TB","RP","3607","FA","26","100,000","A","0","0%","0%"
"*072dj*","Clay Edmondson","SD","SP","3608","FA","23","100,000","A","0","0%","0%"
"*05yo8*","Christian Edwards","(N/A)","SP","3609","FA","27","100,000","A","0","0%","0%"
"*0513e*","Evan Edwards","(N/A)","1B","3610","FA","29","100,000","A","0","0%","0%"
"*06gjx*","Garrett Edwards","TB","SP","3611","FA","24","100,000","A","0","0%","0%"
"*06ul8*","Jacob Edwards","CIN","RP","3612","FA","25","100,000","A","0","0%","0%"
"*073sd*","Mason Edwards","ATH","SP","3613","FA","21","100,000","A","0","1%","0%"
"*05yd4*","Zach Edwards","(N/A)","SP","3614","FA","21","100,000","A","0","0%","0%"
"*06ltg*","Payton Eeles","BAL","2B,SS","3615","FA","26","100,000","A","0","4%","0%"
"*03qs8*","Scott Effross","DET","RP","3616","FA","32","100,000","A","0","1%","0%"
"*06h1r*","Kenten Egbert","CHC","SP","3617","FA","25","100,000","A","0","0%","0%"
"*066l0*","Zach Ehrhard","LAD","LF,CF,RF,OF","3618","FA","23","100,000","A","0","6%","0%"
"*06l4q*","Austin Ehrlicher","BOS","SP","3619","FA","23","100,000","A","0","0%","0%"
"*04mls*","Jeremy Eierman","(N/A)","SS","3620","FA","29","100,000","A","0","0%","0%"
"*06qto*","Brandon Eike","SEA","1B,3B","3621","FA","24","100,000","A","0","0%","0%"
"*0700z*","Riley Eikhoff","CHW","SP","3622","FA","24","100,000","A","0","0%","0%"
"*075lq*","Kade Elam","(N/A)","SS","3623","FA","20","100,000","A","0","0%","0%"
"*06zej*","Will Eldridge","ATL","RP","3624","FA","22","100,000","A","0","0%","0%"
"*0763i*","Juan Elejandro","ATL","2B","3625","FA","18","100,000","A","0","0%","0%"
"*06oog*","Frank Elissalt","STL","RP","3626","FA","24","100,000","A","0","0%","0%"
"*06qti*","Lucas Elissalt","DET","SP","3627","FA","21","100,000","A","0","1%","0%"
"*06fzi*","Jaron Elkins","LAD","CF,RF,OF","3628","FA","21","100,000","A","0","2%","0%"
"*066da*","Tim Elko","CHW","1B","3629","FA","27","100,000","A","0","2%","0%"
"*064n3*","Magnus Ellerts","CLE","RP","3630","FA","25","100,000","A","0","0%","0%"
"*0603n*","Clark Elliott","ATH","LF,OF","3631","FA","25","100,000","A","0","1%","0%"
"*0629r*","Hunter Elliott","(N/A)","SP","3632","FA","23","100,000","A","0","0%","0%"
"*03dab*","Chris Ellis","(N/A)","SP","3633","FA","33","100,000","A","0","0%","0%"
"*04eet*","Drew Ellis","(N/A)","1B,3B","3634","FA","30","100,000","A","0","0%","0%"
"*04es1*","Duke Ellis","NYY","LF,CF,OF","3635","FA","28","100,000","A","0","0%","0%"
"*06qit*","Matthew Ellis","SEA","C","3636","FA","25","100,000","A","0","0%","0%"
"*06iet*","James Ellwanger","MIN","SP","3637","FA","22","100,000","A","0","3%","0%"
"*06mel*","Marco Eluscat","SD","SP","3638","FA","20","100,000","A","0","0%","0%"
"*06hgy*","Cole Elvis","(N/A)","C","3639","FA","26","100,000","A","0","0%","0%"
"*02hqe*","Kent Emanuel","(N/A)","RP","3640","FA","34","100,000","A","0","0%","0%"
"*05jpn*","Stevie Emanuels","ATH","RP","3641","FA","27","100,000","A","0","0%","0%"
"*076si*","Jon Embury","(N/A)","3B","3642","FA","20","100,000","A","0","0%","0%"
"*06hsa*","Austin Emener","COL","RP","3643","FA","24","100,000","A","0","0%","0%"
"*066j2*","Grady Emerson","TB","SS","3644","FA","18","100,000","A","0","6%","0%"
"*05jqu*","Kale Emshoff","(N/A)","C,1B","3645","FA","28","100,000","A","0","0%","0%"
"*061zj*","Andy Encarnacion","ARI","LF,OF","3646","FA","21","100,000","A","0","0%","0%"
"*063zd*","Anyelo Encarnacion","STL","SS","3647","FA","22","100,000","A","0","1%","0%"
"*057za*","Breidy Encarnacion","(N/A)","SP","3648","FA","25","100,000","A","0","0%","0%"
"*06xzv*","Diwarys Encarnacion","MIA","SS","3649","FA","20","100,000","A","0","0%","0%"
"*077b7*","Erick Encarnacion","ATH","3B","3650","FA","17","100,000","A","0","0%","0%"
"*05ycp*","Freili Encarnacion","BOS","1B,3B","3651","FA","21","100,000","A","0","2%","0%"
"*06kv2*","Handelfry Encarnacion","MIL","CF,RF,OF","3652","FA","19","100,000","A","0","4%","0%"
"*05ydx*","Juan Daniel Encarnacion","(N/A)","SP","3653","FA","25","100,000","A","0","0%","0%"
"*06klh*","Kifraidy Encarnacion","MIA","RP","3654","FA","20","100,000","A","0","0%","0%"
"*06suz*","Lorenzo Encarnacion","(N/A)","SP","3655","FA","24","100,000","A","0","0%","0%"
"*05ydw*","Luis Encarnacion","(N/A)","1B","3656","FA","23","100,000","A","0","0%","0%"
"*064w7*","Nixon Encarnacion","(N/A)","RP","3657","FA","21","100,000","A","0","0%","0%"
"*060w3*","Yamal Encarnacion","HOU","RF,OF","3658","FA","22","100,000","A","0","0%","0%"
"*05rc1*","Jimmy Endersby","(N/A)","SP","3659","FA","28","100,000","A","0","0%","0%"
"*04205*","Scott Engler","(N/A)","P","3660","FA","29","100,000","A","0","0%","0%"
"*0512d*","Tristin English","(N/A)","1B","3661","FA","29","100,000","A","0","1%","0%"
"*04ak4*","Blayne Enlow","ATL","SP","3662","FA","27","100,000","A","0","0%","0%"
"*03qvm*","Nic Enright","TOR","RP","3663","FA","29","100,000","A","0","1%","0%"
"*076f0*","Junsang Eom","ARI","SS,P","3664","FA","18","100,000","A","0","1%","0%"
"*06zdj*","Sean Episcope","MIL","SP","3665","FA","22","100,000","A","0","0%","0%"
"*06fu3*","Haden Erbe","(N/A)","RP","3666","FA","27","100,000","A","0","0%","0%"
"*06imz*","Alessandro Ercolani","PIT","SP","3667","FA","22","100,000","A","0","1%","0%"
"*066md*","Kevin Ereu","(N/A)","1B","3668","FA","20","100,000","A","0","0%","0%"
"*05jqq*","Mason Erla","LAA","RP","3669","FA","28","100,000","A","0","0%","0%"
"*06u6l*","Estarlin Escalante","(N/A)","RP","3670","FA","22","100,000","A","0","0%","0%"
"*06rl3*","Yhoan Escalona","PHI","3B","3671","FA","20","100,000","A","0","0%","0%"
"*06idi*","Aneudi Escanio","(N/A)","SS","3672","FA","21","100,000","A","0","0%","0%"
"*05wbo*","Brenny Escanio","(N/A)","2B,SS","3673","FA","23","100,000","A","0","0%","0%"
"*06vya*","Alan Escobar","CHW","LF,OF","3674","FA","17","100,000","A","0","0%","0%"
"*06423*","Aroon Escobar","PHI","2B","3675","FA","21","100,000","A","0","17%","0%"
"*021n3*","Eduardo Escobar","(N/A)","3B","3676","Max","37","0","A","0","92%","0%"
"*024nt*","Edwin Escobar","(N/A)","RP","3677","FA","34","100,000","A","0","0%","0%"
"*076s2*","Jesus Escobar","ARI","SP","3678","FA","20","100,000","A","0","0%","0%"
"*066qd*","Jose Escobar","CHC","LF,OF","3679","FA","21","100,000","A","0","1%","0%"
"*04z94*","Maikol Escotto","(N/A)","2B,SS","3680","FA","24","100,000","A","0","0%","0%"
"*06o0h*","Luis Escudero","NYY","2B","3681","FA","20","100,000","A","0","1%","0%"
"*05u1q*","Samuel Escudero","PIT","C","3682","FA","22","100,000","A","0","0%","0%"
"*075lc*","Jack Eshleman","TOR","RP","3683","FA","22","100,000","A","0","0%","0%"
"*06qod*","Alan Espinal","COL","C","3684","FA","24","100,000","A","0","0%","0%"
"*06ugv*","Cesar Espinal","MIL","RP","3685","FA","20","100,000","A","0","0%","0%"
"*06yyt*","Edian Espinal","DET","2B","3686","FA","21","100,000","A","0","0%","0%"
"*06uj4*","Edwardo Espinal","LAA","CF,OF","3687","FA","20","100,000","A","0","0%","0%"
"*05gdj*","Ewry Espinal","(N/A)","LF,OF","3688","FA","23","100,000","A","0","0%","0%"
"*06op6*","Jeury Espinal","ARI","RP","3689","FA","19","100,000","A","0","0%","0%"
"*06iyu*","Juan Espinal","ATL","RF,OF","3690","FA","19","100,000","A","0","0%","0%"
"*05y5v*","Christopher Espinola","(N/A)","CF,OF","3691","FA","22","100,000","A","0","0%","0%"
"*060qf*","Carlos Espinosa","LAA","RP","3692","FA","24","100,000","A","0","0%","0%"
"*06yex*","Romeli Espinosa","PHI","SS","3693","FA","18","100,000","A","0","1%","0%"
"*03g4b*","Anderson Espinoza","(N/A)","RP","3694","FA","28","100,000","A","0","0%","0%"
"*064vs*","Eiver Espinoza","(N/A)","RP","3695","FA","22","100,000","A","0","0%","0%"
"*06qxw*","Francisco Espinoza","LAD","C","3696","FA","19","100,000","A","0","0%","0%"
"*06c2x*","Leonel Espinoza","CHC","CF,RF,OF","3697","FA","23","100,000","A","0","0%","0%"
"*0624a*","Lizandro Espinoza","ATL","SS,CF,OF","3698","FA","23","100,000","A","0","0%","0%"
"*066my*","Ludwing Espinoza","CHC","2B","3699","FA","20","100,000","A","0","0%","0%"
"*06o0x*","Luis Espinoza","BAL","SP","3700","FA","19","100,000","A","0","0%","0%"
"*06zwv*","Rainer Espinoza","SF","LF,OF","3701","FA","17","100,000","A","0","0%","0%"
"*074ce*","Sebastian Espinoza","CLE","CF,OF","3702","FA","17","100,000","A","0","0%","0%"
"*06r6m*","Victor Espiritu","TOR","RP","3703","FA","21","100,000","A","0","0%","0%"
"*06igu*","Luke Esquivel","(N/A)","1B","3704","FA","17","100,000","A","0","0%","0%"
"*06yk0*","Conor Essenburg","ATL","CF,OF,P","3705","FA","19","100,000","A","0","3%","0%"
"*0641j*","Jaydenn Estanista","MIA","RP","3706","FA","24","100,000","A","0","0%","0%"
"*0700w*","Claudio Estelie","PIT","RP","3707","FA","22","100,000","A","0","0%","0%"
"*07771*","Emerson Estevez","NYM","LF,RF,OF","3708","FA","17","100,000","A","0","0%","0%"
"*06kuk*","Evan Estevez","SF","1B","3709","FA","18","100,000","A","0","0%","0%"
"*05j74*","Geury Estevez","(N/A)","SS","3710","FA","24","100,000","A","0","0%","0%"
"*06aot*","John Estevez","ATL","RF,OF","3711","FA","20","100,000","A","0","0%","0%"
"*06mc2*","Samuel Estevez","MIA","LF,OF","3712","FA","19","100,000","A","0","0%","0%"
"*0630n*","Aron Estrada","BAL","2B,LF,OF","3713","T","21","500,000","A","0","11%","0%"
"*06rkf*","Johan Estrada","(N/A)","1B","3714","FA","20","100,000","A","0","0%","0%"
"*06qo2*","Mack Estrada","NYY","SP","3715","FA","21","100,000","A","0","0%","0%"
"*06yqz*","Mason Estrada","LAD","SP","3716","FA","22","100,000","A","0","0%","0%"
"*06y03*","Ricardo Estrada","SF","RP","3717","FA","24","100,000","A","0","0%","0%"
"*03aay*","Thairo Estrada","(N/A)","2B","3718","FA","30","100,000","A","0","2%","0%"
"*0776k*","Luis Estrella","STL","RF,OF","3719","FA","17","100,000","A","0","0%","0%"
"*064vp*","Mauricio Estrella","SF","RP","3720","FA","22","100,000","A","0","0%","0%"
"*06qll*","J.T. Etheridge","NYY","SP","3721","FA","24","100,000","A","0","0%","0%"
"*06fut*","Matthew Etzel","MIA","LF,CF,OF","3722","FA","24","100,000","A","0","1%","0%"
"*06rr6*","Chan Eui Song","(N/A)","2B","3723","FA","27","100,000","A","0","0%","0%"
"*06ahg*","Casan Evans","(N/A)","SS","3724","FA","20","100,000","A","0","0%","0%"
"*06hsb*","Donye Evans","DET","RP","3725","FA","24","100,000","A","0","0%","0%"
"*06hv8*","Logan Evans","SEA","SP","3726","FA","25","100,000","A","0","12%","0%"
"*02610*","Phillip Evans","(N/A)","1B,3B","3727","FA","33","100,000","A","0","0%","0%"
"*066it*","Wyatt Evans","(N/A)","RP","3728","FA","23","100,000","A","0","0%","0%"
"*06qu5*","Zach Evans","SD","2B,3B","3729","FA","24","100,000","A","0","0%","0%"
"*06uuu*","AJ Evasco","(N/A)","RF,OF","3730","FA","20","100,000","A","0","0%","0%"
"*066je*","E.J. Exposito","DET","2B,3B","3731","FA","25","100,000","A","0","0%","0%"
"*06mph*","Anthony Eyanson","BOS","SP","3732","Zack","21","500,000","A","0","38%","0%"
"*04z95*","Albert Fabian","SD","LF,OF","3733","FA","24","100,000","A","0","0%","0%"
"*06ulj*","Andy Fabian","BAL","RP","3734","FA","23","100,000","A","0","0%","0%"
"*05ybu*","Deric Fabian","(N/A)","SS","3735","FA","23","100,000","A","0","0%","0%"
"*05gsp*","Jud Fabian","BAL","CF,OF","3736","FA","25","100,000","A","0","3%","0%"
"*06u6h*","Samuel Fabian","(N/A)","RP","3737","FA","23","100,000","A","0","0%","0%"
"*03o3v*","Sandro Fabian","(N/A)","LF,RF,OF","3738","FA","28","100,000","A","0","0%","0%"
"*05xxv*","Allen Facundo","NYY","SP","3739","FA","23","100,000","A","0","2%","0%"
"*04aec*","Alex Faedo","LAA","RP","3740","FA","30","100,000","A","0","1%","0%"
"*06qj1*","Christian Fagnant","WSH","C","3741","FA","25","100,000","A","0","0%","0%"
"*066io*","Jake Faherty","MIA","RP","3742","FA","23","100,000","A","0","0%","0%"
"*06uli*","Fred Fajardo","(N/A)","RP","3743","FA","21","100,000","A","0","0%","0%"
"*06hu5*","German Fajardo","SEA","RP","3744","FA","25","100,000","A","0","0%","0%"
"*06mcc*","Yhoiker Fajardo","STL","SP","3745","FA","19","100,000","A","0","11%","0%"
"*04s8l*","Yoyner Fajardo","(N/A)","RF,OF","3746","FA","27","100,000","A","0","0%","0%"
"*075kt*","Adam Falinski","MIN","RP","3747","FA","23","100,000","A","0","0%","0%"
"*06zg5*","Nick Falter","SD","SP","3748","FA","23","100,000","A","0","0%","0%"
"*05ua2*","Trey Faltine","CIN","2B","3749","FA","25","100,000","A","0","0%","0%"
"*06vy8*","Cesar Familia","CHW","RP","3750","FA","18","100,000","A","0","0%","0%"
"*0624b*","Christopher Familia","(N/A)","LF,OF","3751","FA","26","100,000","A","0","0%","0%"
"*06lwg*","Jose Familia","PHI","SS","3752","FA","18","100,000","A","0","0%","0%"
"*072zy*","Kendri Fana","LAA","SP","3753","FA","17","100,000","A","0","1%","0%"
"*06r8d*","Nomar Fana","(N/A)","LF,RF,OF","3754","FA","23","100,000","A","0","0%","0%"
"*060qh*","Willy Fanas","(N/A)","RF,OF","3755","FA","22","100,000","A","0","0%","0%"
"*070dx*","Callan Fang","MIN","SP","3756","FA","22","100,000","A","0","0%","0%"
"*06ks6*","Ryne Farber","(N/A)","SS","3757","FA","21","100,000","A","0","0%","0%"
"*07778*","Ray Faria","BAL","C","3758","FA","17","100,000","A","0","0%","0%"
"*070cb*","Elijah Farley","HOU","CF,OF","3759","FA","20","100,000","A","0","0%","0%"
"*066sx*","Jonny Farmelo","SEA","CF,OF","3760","R&J","21","500,000","A","0","33%","0%"
"*02n6j*","Buck Farmer","(N/A)","RP","3761","FA","35","100,000","A","0","0%","0%"
"*0669m*","Caleb Farmer","WSH","C","3762","FA","26","100,000","A","0","0%","0%"
"*066ao*","Ezra Farmer","(N/A)","LF,OF","3763","FA","23","100,000","A","0","0%","0%"
"*06qug*","Greg Farone","SF","SP","3764","FA","24","100,000","A","0","0%","0%"
"*06hex*","Trent Farquhar","PHI","2B,3B","3765","FA","25","100,000","A","0","0%","0%"
"*06ra3*","Sawyer Farr","(N/A)","SS","3766","FA","21","100,000","A","0","0%","0%"
"*05xpx*","Thomas Farr","CIN","RP","3767","FA","27","100,000","A","0","0%","0%"
"*06qsm*","Ian Farrow","(N/A)","RF,OF","3768","FA","23","100,000","A","0","0%","0%"
"*06z7o*","Drew Faurot","MIA","2B","3769","FA","22","100,000","A","0","1%","0%"
"*06y9u*","Jaden Fauske","CHW","CF,OF","3770","FA","19","100,000","A","0","8%","0%"
"*066an*","Braeden Fausnaught","PHI","SP","3771","FA","26","100,000","A","0","0%","0%"
"*06pgp*","Caden Favors","CLE","SP","3772","FA","24","100,000","A","0","1%","0%"
"*064zn*","Moises Febrillet","(N/A)","3B","3773","FA","21","100,000","A","0","0%","0%"
"*062ja*","Ryan Feczko","(N/A)","SP","3774","FA","25","100,000","A","0","0%","0%"
"*06bmz*","Daniel Federman","(N/A)","RP","3775","FA","27","100,000","A","0","0%","0%"
"*04anh*","Brady Feigl","(N/A)","RP","3776","FA","35","100,000","A","0","0%","0%"
"*041qj*","Mario Feliciano","(N/A)","C","3777","FA","27","100,000","A","0","0%","0%"
"*060mo*","Angel Felipe","(N/A)","RP","3778","FA","28","100,000","A","0","0%","0%"
"*06c3b*","Diego Felix","(N/A)","CF,OF","3779","FA","19","100,000","A","0","0%","0%"
"*06mmp*","Eddy Felix","DET","SP","3780","FA","22","100,000","A","0","0%","0%"
"*06hwv*","Edrick Felix","(N/A)","3B","3781","FA","24","100,000","A","0","0%","0%"
"*06ibj*","Adbiel Feliz","PIT","2B,SS","3782","FA","19","100,000","A","0","0%","0%"
"*0510y*","Albert Feliz","(N/A)","1B","3783","FA","24","100,000","A","0","0%","0%"
"*06ibw*","Angel Feliz","WSH","SS","3784","FA","19","100,000","A","0","2%","0%"
"*05it8*","Cristian Feliz","(N/A)","RF,OF","3785","FA","23","100,000","A","0","0%","0%"
"*05ad6*","George Feliz","SEA","CF,OF","3786","FA","23","100,000","A","0","1%","0%"
"*04rzy*","Ignacio Feliz","(N/A)","SP","3787","FA","26","100,000","A","0","0%","0%"
"*0737n*","Imanol Feliz","HOU","LF,RF,OF","3788","FA","17","100,000","A","0","0%","0%"
"*06k85*","Jose Feliz","WSH","SP","3789","FA","20","100,000","A","0","0%","0%"
"*06rkv*","Wandi Feliz","COL","CF,OF","3790","FA","18","100,000","A","0","0%","0%"
"*06ugu*","Mervin Fell","ARI","SP","3791","FA","23","100,000","A","0","0%","0%"
"*0514x*","Drake Fellows","PHI","P","3792","FA","28","100,000","A","0","0%","0%"
"*04ppx*","Durbin Feltman","STL","SP","3793","FA","29","100,000","A","0","0%","0%"
"*06fqd*","Jackson Feltner","(N/A)","1B","3794","FA","24","100,000","A","0","0%","0%"
"*06r5q*","Kenny Fenelon","MIL","CF,OF","3795","FA","18","100,000","A","0","2%","0%"
"*06hhe*","Connor Fenlong","DET","SP","3796","FA","26","100,000","A","0","0%","0%"
"*064n4*","Cade Fergus","(N/A)","CF,RF,OF","3797","FA","25","100,000","A","0","0%","0%"
"*05uaf*","Max Ferguson","BOS","2B,LF,OF","3798","FA","26","100,000","A","0","0%","0%"
"*072p5*","Albert Fermin","HOU","SS","3799","FA","17","100,000","A","0","6%","0%"
"*06lwh*","Anderson Fermin","BOS","CF,OF","3800","FA","19","100,000","A","0","0%","0%"
"*0777b*","Joshua Fermin","KC","LF,OF","3801","FA","17","100,000","A","0","0%","0%"
"*072zq*","Angeni Fernandez","MIL","SS","3802","FA","16","100,000","A","0","4%","0%"
"*074a8*","Brandol Fernandez","COL","SP","3803","FA","17","100,000","A","0","0%","0%"
"*066m8*","Darling Fernandez","ATH","RF,OF","3804","FA","20","100,000","A","0","0%","0%"
"*06kxm*","Dauri Fernandez","CLE","SS","3805","FA","19","100,000","A","0","5%","0%"
"*076go*","Diego Fernandez","CLE","2B","3806","FA","17","100,000","A","0","0%","0%"
"*04y7p*","Eduarqui Fernandez","(N/A)","RF,OF","3807","FA","24","100,000","A","0","0%","0%"
"*06nlp*","Ilan Fernandez","BOS","3B","3808","FA","19","100,000","A","0","0%","0%"
"*06hf8*","Jesus Fernandez","ATH","SS","3809","FA","20","100,000","A","0","0%","0%"
"*06rjd*","Johan Fernandez","ARI","C","3810","FA","19","100,000","A","0","0%","0%"
"*06r5n*","Jomar Fernandez","(N/A)","SP","3811","FA","21","100,000","A","0","0%","0%"
"*064ry*","Jose Fernandez","(N/A)","RP","3812","FA","22","100,000","A","0","0%","0%"
"*048tm*","Juan Fernandez","(N/A)","C","3813","FA","27","100,000","A","0","0%","0%"
"*03mo2*","Junior Fernandez","(N/A)","RP","3814","FA","29","100,000","A","0","0%","0%"
"*072az*","Luke Fernandez","CLE","RP","3815","FA","22","100,000","A","0","0%","0%"
"*06rty*","Malvin Fernandez","ATL","3B","3816","FA","17","100,000","A","0","0%","0%"
"*072g0*","Ricardo Fernandez","STL","SP","3817","FA","17","100,000","A","0","0%","0%"
"*06lta*","Richard Fernandez","ATH","RP","3818","FA","23","100,000","A","0","0%","0%"
"*05g3k*","Yanquiel Fernandez","NYY","RF,OF,DH","3819","FA","23","100,000","A","0","7%","0%"
"*05adw*","Yeiner Fernandez","LAD","C,2B,3B","3820","FA","23","100,000","A","0","1%","0%"
"*05rha*","Yosmi Fernandez","(N/A)","SS","3821","FA","22","100,000","A","0","0%","0%"
"*072np*","Uli Fernsler","(N/A)","SP","3822","FA","18","100,000","A","0","0%","0%"
"*0701l*","Matthew Ferrara","PHI","2B","3823","FA","19","100,000","A","0","1%","0%"
"*06mcb*","Alirio Ferrebus","PHI","C,1B","3824","FA","20","100,000","A","0","3%","0%"
"*060u8*","Johan Ferreira","(N/A)","3B","3825","FA","23","100,000","A","0","0%","0%"
"*06c8t*","Andinson Ferrer","(N/A)","SP","3826","FA","22","100,000","A","0","0%","0%"
"*062e6*","Jaime Ferrer","MIN","C,1B,RF,OF","3827","FA","23","100,000","A","0","0%","0%"
"*05ym2*","Richard Ferrer-Westrop","(N/A)","3B","3828","FA","23","100,000","A","0","0%","0%"
"*06hnr*","Pascanel Ferreras","HOU","2B,3B,SS","3829","FA","24","100,000","A","0","0%","0%"
"*05u6g*","Jackson Ferris","LAD","SP","3830","R&J","22","500,000","A","0","32%","0%"
"*0776w*","William Ferrufino","COL","SS","3831","FA","18","100,000","A","0","0%","0%"
"*05yav*","David Festa","MIN","SP","3832","Steve","26","4,400,000","A","0","17%","0%"
"*03dpn*","J.P. Feyereisen","LAD","RP","3833","FA","33","100,000","A","0","0%","0%"
"*06ql2*","Jadyn Fielder","HOU","LF,OF","3834","FA","21","100,000","A","0","1%","0%"
"*05jq8*","Brandon Fields","(N/A)","CF,OF","3835","FA","25","100,000","A","0","0%","0%"
"*0665l*","Colin Fields","DET","RP","3836","FA","26","100,000","A","0","0%","0%"
"*06pq8*","Dylan Fien","ATH","C","3837","FA","20","100,000","A","0","0%","0%"
"*06qyu*","Gavin Fien","WSH","3B,SS","3838","ELLY","19","500,000","A","0","27%","0%"
"*075ks*","Dilan Figueredo","LAD","RP","3839","FA","23","100,000","A","0","0%","0%"
"*076r0*","Raunny Figueredo","MIA","RF,OF","3840","FA","17","100,000","A","0","0%","0%"
"*076a6*","Breyner Figuereo","TEX","SP","3841","FA","18","100,000","A","0","0%","0%"
"*06s4a*","Enmanuel Figuereo","BOS","RF,OF","3842","FA","18","100,000","A","0","0%","0%"
"*05xnt*","Gleider Figuereo","TEX","3B","3843","FA","22","100,000","A","0","1%","0%"
"*0734e*","Brayan Figueroa","ARI","SS","3844","FA","17","100,000","A","0","0%","0%"
"*066td*","Derlin Figueroa","KC","1B,3B","3845","FA","22","100,000","A","0","0%","0%"
"*0766x*","Diego Figueroa","KC","RP","3846","FA","20","100,000","A","0","0%","0%"
"*06z67*","Edgardo Figueroa","WSH","C","3847","FA","18","100,000","A","0","0%","0%"
"*05uvf*","Jeferson Figueroa","(N/A)","RP","3848","FA","25","100,000","A","0","0%","0%"
"*0776o*","Juan Figueroa","PIT","LF,OF","3849","FA","0","100,000","A","0","0%","0%"
"*064wc*","Leiker Figueroa","(N/A)","3B","3850","FA","21","100,000","A","0","0%","0%"
"*06nv7*","Victor Figueroa","BAL","1B","3851","FA","22","100,000","A","0","7%","0%"
"*04esk*","Dylan File","DET","SP","3852","FA","30","100,000","A","0","0%","0%"
"*062ea*","Jack Findlay","STL","RP","3853","FA","23","100,000","A","0","0%","0%"
"*06ajo*","Jackson Finley","ATH","SP","3854","FA","25","100,000","A","0","0%","0%"
"*06z14*","Leighton Finley","BOS","SP","3855","FA","22","100,000","A","0","0%","0%"
"*04ggh*","Claudio Finol","(N/A)","3B","3856","FA","26","100,000","A","0","0%","0%"
"*0657x*","Graham Firoved","(N/A)","RP","3857","FA","26","100,000","A","0","0%","0%"
"*06k7t*","Andrew Fischer","MIL","3B","3858","J&A","22","500,000","A","0","41%","0%"
"*070db*","Carson Fischer","WSH","RP","3859","FA","23","100,000","A","0","0%","0%"
"*06agk*","Cade Fisher","BOS","SP","3860","FA","22","100,000","A","0","0%","0%"
"*06amp*","Cam Fisher","(N/A)","1B,RF,OF","3861","FA","25","100,000","A","0","0%","0%"
"*06mib*","Colin Fisher","(N/A)","SP","3862","FA","21","100,000","A","0","0%","0%"
"*06uth*","Matthew Fisher","PHI","SP","3863","FA","20","100,000","A","0","5%","0%"
"*05146*","Evan Fitterer","SD","RP","3864","FA","26","100,000","A","0","1%","0%"
"*05rav*","Richard Fitts","STL","SP","3865","FA","26","100,000","A","0","12%","0%"
"*06p5z*","Devin Fitz-Gerald","WSH","SS","3866","Kai","20","100,000","A","0","29%","0%"
"*06hu4*","Hunter Fitz-Gerald","SEA","1B","3867","FA","25","100,000","A","0","0%","0%"
"*06qqp*","Kevin Fitzer","COL","1B,LF,OF","3868","FA","24","100,000","A","0","0%","0%"
"*05uo0*","Ryan Fitzgerald","LAD","2B,SS","3869","FA","32","100,000","A","0","1%","0%"
"*05131*","Tyler Fitzgerald","LAD","2B","3870","FA","28","100,000","A","0","3%","0%"
"*06hwy*","Jake Fitzgibbons","ARI","RP","3871","FA","24","100,000","A","0","0%","0%"
"*06kvh*","Daniel Flames","TEX","2B","3872","FA","19","100,000","A","0","0%","0%"
"*06hpu*","Ethan Flanagan","CHC","SP","3873","FA","24","100,000","A","0","0%","0%"
"*06hwm*","Danny Flatt","NYY","SP","3874","FA","22","100,000","A","0","0%","0%"
"*05ybk*","William Fleming","MIN","RP","3875","FA","27","100,000","A","0","0%","0%"
"*06yxh*","Cooper Flemming","TB","SS","3876","FA","19","100,000","A","0","15%","0%"
"*06gjq*","Stu Flesland III","COL","RP","3877","FA","25","100,000","A","0","0%","0%"
"*04y45*","Dominic Fletcher","PIT","RF,OF","3878","FA","28","100,000","A","0","1%","0%"
"*066qg*","Jose Fleury","HOU","SP","3879","FA","24","100,000","A","0","1%","0%"
"*06o01*","Nathan Flewelling","TB","C","3880","FA","19","100,000","A","0","21%","+1%"
"*02n5v*","Chris Flexen","(N/A)","RP","3881","FA","32","100,000","A","0","0%","0%"
"*066bv*","Tucker Flint","LAA","LF,RF,OF","3882","FA","25","100,000","A","0","0%","0%"
"*06rop*","Jackson Flora","SF","SP","3883","FA","21","100,000","A","0","5%","+1%"
"*06qe5*","Dariel Florentino","PIT","SP","3884","FA","20","100,000","A","0","0%","0%"
"*06mh4*","Edward Florentino","PIT","CF,OF","3885","T","19","500,000","A","0","47%","0%"
"*06ifv*","Jostin Florentino","CHC","SP","3886","FA","21","100,000","A","0","1%","0%"
"*04u6u*","Randy Florentino","(N/A)","C","3887","FA","26","100,000","A","0","0%","0%"
"*062zr*","Anthony Flores","MIL","RP","3888","FA","21","100,000","A","0","0%","0%"
"*075gg*","Arturo Flores","HOU","C","3889","FA","20","100,000","A","0","0%","0%"
"*06ky1*","Diego Flores","NYY","1B","3890","FA","19","100,000","A","0","0%","0%"
"*075l2*","Eminen Flores","TOR","RP","3891","FA","23","100,000","A","0","0%","0%"
"*066kx*","Jalin Flores","STL","3B","3892","FA","22","100,000","A","0","0%","0%"
"*06rfv*","Jason Flores","(N/A)","RP","3893","FA","20","100,000","A","0","0%","0%"
"*06rh8*","Jesus Flores","MIL","RP","3894","FA","21","100,000","A","0","0%","0%"
"*0776x*","Jesus Flores","TEX","C","3895","FA","17","100,000","A","0","0%","0%"
"*06z7k*","Joshua Flores","MIL","SP","3896","FA","19","100,000","A","0","1%","0%"
"*06iao*","Juan Flores","LAA","C","3897","FA","20","100,000","A","0","2%","0%"
"*06ulh*","Junior Flores","PIT","RP","3898","FA","24","100,000","A","0","0%","0%"
"*06s3q*","Luis Flores","CLE","RP","3899","FA","22","100,000","A","0","0%","0%"
"*06k88*","Miguel Flores","CLE","SP","3900","FA","21","100,000","A","0","0%","0%"
"*06rjt*","Miguel Flores","(N/A)","C","3901","FA","21","100,000","A","0","0%","0%"
"*06r5y*","Rafael Flores","TOR","LF,OF","3902","FA","19","100,000","A","0","0%","0%"
"*06k6o*","Randy Flores","(N/A)","2B","3903","FA","25","100,000","A","0","0%","0%"
"*06bpy*","Roderick Flores","MIL","2B","3904","FA","19","100,000","A","0","0%","0%"
"*057xt*","Ronaldo Flores","(N/A)","C","3905","FA","24","100,000","A","0","0%","0%"
"*06ekv*","Stiven Flores","CHW","C","3906","FA","20","100,000","A","0","0%","0%"
"*01cgt*","Wilmer Flores","(N/A)","1B,DH","3907","FA","34","100,000","A","0","2%","0%"
"*05ww2*","Wilmer Flores","(N/A)","RP","3908","FA","25","100,000","A","0","2%","0%"
"*05rcv*","Yemal Flores","(N/A)","SS","3909","FA","22","100,000","A","0","0%","0%"
"*04z8l*","Santiago Florez","(N/A)","SP","3910","FA","26","100,000","A","0","0%","0%"
"*03yth*","Estevan Florial","(N/A)","LF,RF,OF","3911","FA","28","100,000","A","0","0%","0%"
"*02hhd*","Dylan Floro","(N/A)","RP","3912","FA","35","100,000","A","0","0%","0%"
"*0421a*","J.C. Flowers","(N/A)","RP","3913","FA","28","100,000","A","0","0%","0%"
"*0517x*","Taylor Floyd","CIN","RP","3914","FA","28","100,000","A","0","0%","0%"
"*05u2l*","Ty Floyd","CIN","SP","3915","FA","25","100,000","A","0","5%","0%"
"*06l5b*","Cameron Flukey","DET","SP","3916","FA","21","100,000","A","0","3%","0%"
"*06qje*","Bennett Flynn","(N/A)","SP","3917","FA","25","100,000","A","0","0%","0%"
"*04pru*","Michael Flynn","SD","RP","3918","FA","29","100,000","A","0","0%","0%"
"*06qnx*","Aidan Foeller","LAD","SP","3919","FA","24","100,000","A","0","0%","0%"
"*073hk*","Adam Fogel","CHW","RF,OF","3920","FA","27","100,000","A","0","0%","0%"
"*06hp6*","Zach Fogell","BOS","RP","3921","FA","25","100,000","A","0","0%","0%"
"*06p62*","Connor Foley","ARI","SP","3922","FA","23","100,000","A","0","1%","0%"
"*06g6d*","T.J. Fondtain","TB","RP","3923","FA","25","100,000","A","0","0%","0%"
"*051hl*","Shayne Fontana","(N/A)","1B","3924","FA","29","100,000","A","0","0%","0%"
"*06dqn*","Cole Fontenelle","LAA","3B","3925","FA","24","100,000","A","0","0%","0%"
"*06roe*","Patrick Forbes","ARI","SP","3926","Steve","22","500,000","A","0","14%","0%"
"*06kkj*","Ryan Forcucci","HOU","SP","3927","FA","23","100,000","A","0","4%","0%"
"*0514b*","Grant Ford","(N/A)","P","3928","FA","28","100,000","A","0","0%","0%"
"*06kvp*","Henry Ford","(N/A)","3B","3929","FA","21","100,000","A","0","0%","0%"
"*072eq*","TJ Ford","LAA","CF,OF","3930","FA","20","100,000","A","0","0%","0%"
"*05ua3*","Walter Ford","SEA","SP","3931","FA","21","100,000","A","0","3%","0%"
"*06zen*","Brandon Forrester","HOU","SS","3932","FA","22","100,000","A","0","0%","0%"
"*06dqc*","Garret Forrester","MIA","C","3933","FA","24","100,000","A","0","1%","0%"
"*06hwt*","Michael Forret","TB","SP","3934","B&A","22","500,000","A","0","22%","0%"
"*070ee*","Logan Forsythe","ATL","RP","3935","FA","22","100,000","A","0","0%","0%"
"*076cl*","Luis Fortunato","ATL","SS","3936","FA","17","100,000","A","0","0%","0%"
"*06zhd*","Peyton Fosher","MIA","RP","3937","FA","23","100,000","A","0","0%","0%"
"*075gh*","Kyle Fossum","COL","LF,OF","3938","FA","24","100,000","A","0","0%","0%"
"*05jpr*","Cole Foster","(N/A)","3B","3939","FA","24","100,000","A","0","0%","0%"
"*0422q*","Matt Foster","(N/A)","RP","3940","FA","31","100,000","A","0","0%","0%"
"*06fwf*","Rio Foster","LAA","LF,OF","3941","FA","23","100,000","A","0","0%","0%"
"*06kka*","Kale Fountain","SD","1B","3942","FA","20","100,000","A","0","5%","0%"
"*06z0z*","Christian Foutch","BOS","RP","3943","FA","22","100,000","A","0","1%","0%"
"*070eu*","Brody Fowler","ATL","SP","3944","FA","22","100,000","A","0","0%","0%"
"*06qrz*","Brooks Fowler","TEX","SP","3945","FA","23","100,000","A","0","0%","0%"
"*06dse*","Dalton Fowler","(N/A)","RP","3946","FA","26","100,000","A","0","0%","0%"
"*06zzc*","Michael Fowler","MIL","RP","3947","FA","23","100,000","A","0","0%","0%"
"*05w8n*","Jake Fox","CLE","CF,OF","3948","FA","23","100,000","A","0","1%","0%"
"*06hol*","Luke Fox","LAD","SP","3949","FA","24","100,000","A","0","1%","0%"
"*06pqb*","Phil Fox","CHW","RP","3950","FA","23","100,000","A","0","0%","0%"
"*06yyu*","Rory Fox","NYY","SP","3951","FA","22","100,000","A","0","1%","0%"
"*06qzf*","Luis Fragoza","MIN","LF,OF","3952","FA","19","100,000","A","0","1%","0%"
"*06ruo*","Juan Fraide","HOU","SP","3953","FA","20","100,000","A","0","0%","0%"
"*0512f*","Matt Fraizer","BOS","RF,OF","3954","FA","28","100,000","A","0","0%","0%"
"*06sj3*","Chase Fralick","(N/A)","C","3955","FA","20","100,000","A","0","0%","0%"
"*06ifo*","Juan Frances","(N/A)","LF,OF","3956","FA","20","100,000","A","0","0%","0%"
"*06ux9*","Dariel Francia","PIT","RP","3957","FA","19","100,000","A","0","0%","0%"
"*0421k*","Bowden Francis","TOR","SP","3958","FA","30","100,000","A","0","8%","0%"
"*06rq5*","Dale Francis","(N/A)","1B","3959","FA","24","100,000","A","0","0%","0%"
"*072fu*","Ian Francis","CIN","C","3960","FA","23","100,000","A","0","0%","0%"
"*06qh3*","Joshua Francis","SEA","LF,OF","3961","FA","19","100,000","A","0","0%","0%"
"*066mk*","Welbyn Francisca","CLE","SS","3962","FA","20","100,000","A","0","9%","0%"
"*06ul7*","Brent Francisco","MIN","RP","3963","FA","25","100,000","A","0","0%","0%"
"*06s3f*","Carlos Francisco","(N/A)","RP","3964","FA","27","100,000","A","0","0%","0%"
"*06kli*","Estarlin Francisco","(N/A)","RP","3965","FA","19","100,000","A","0","0%","0%"
"*05nir*","Javier Francisco","(N/A)","SS","3966","FA","23","100,000","A","0","0%","0%"
"*06iby*","Branneli Franco","STL","RP","3967","FA","19","100,000","A","0","1%","0%"
"*060gn*","Carlos Franco","ATH","C","3968","FA","23","100,000","A","0","0%","0%"
"*06qlu*","Cesar Franco","(N/A)","CF,RF,OF","3969","FA","24","100,000","A","0","0%","0%"
"*05y3t*","Junior Franco","ARI","LF,OF","3970","FA","23","100,000","A","0","0%","0%"
"*06alx*","Lucas Franco","(N/A)","SS","3971","FA","19","100,000","A","0","0%","0%"
"*06ux8*","Marlon Franco","SF","RP","3972","FA","23","100,000","A","0","0%","0%"
"*060in*","Noah Franco","(N/A)","1B","3973","FA","20","100,000","A","0","0%","0%"
"*06uwc*","Oliver Franco","(N/A)","SP","3974","FA","19","100,000","A","0","0%","0%"
"*0586u*","Sadrac Franco","SD","RP","3975","FA","26","100,000","A","0","0%","0%"
"*04csx*","Wander Franco","(N/A)","SS","3976","FA","25","100,000","A","0","2%","0%"
"*07769*","Sebastian Franeites","MIL","C","3977","FA","17","100,000","A","0","0%","0%"
"*0744m*","Jhon Franganten","STL","LF,OF","3978","FA","16","100,000","A","0","0%","0%"
"*06qrr*","Hayden Frank","CHC","SP","3979","FA","23","100,000","A","0","0%","0%"
"*05y9a*","Jack Frankel","(N/A)","SP","3980","FA","21","100,000","A","0","0%","0%"
"*05rb5*","Christian Franklin","WSH","LF,CF,OF","3981","FA","26","100,000","A","0","3%","0%"
"*0724h*","Kaemyn Franklin","CHC","SP","3982","FA","20","100,000","A","0","0%","0%"
"*04ps3*","Kohl Franklin","CHC","SP","3983","FA","26","100,000","A","0","1%","0%"
"*072ff*","Noah Franklin","TEX","C","3984","FA","19","100,000","A","0","0%","0%"
"*06yjx*","Tanner Franklin","STL","SP","3985","T","22","500,000","A","0","21%","0%"
"*06giw*","Zach Franklin","CHW","RP","3986","FA","27","100,000","A","0","0%","0%"
"*066ci*","Jason Franks","(N/A)","SP","3987","FA","27","100,000","A","0","0%","0%"
"*05ya6*","Arij Fransen","(N/A)","RP","3988","FA","25","100,000","A","0","0%","0%"
"*065jg*","Caleb Franzen","SEA","SP","3989","FA","25","100,000","A","0","0%","0%"
"*06qxp*","Geronimo Franzua","(N/A)","SP","3990","FA","32","100,000","A","0","0%","0%"
"*05jpo*","Nick Frasso","LAD","RP","3991","FA","27","100,000","A","0","5%","0%"
"*051gx*","Nick Fraze","(N/A)","SP","3992","FA","28","100,000","A","0","0%","0%"
"*05148*","Garrett Frechette","(N/A)","1B","3993","FA","25","100,000","A","0","0%","0%"
"*06pik*","Carter Frederick","KC","RF,OF","3994","FA","24","100,000","A","0","0%","0%"
"*073ft*","Tijn Fredrikze","NYY","SP","3995","FA","18","100,000","A","0","0%","0%"
"*06kxo*","Dominic Freeberger","STL","SP","3996","FA","26","100,000","A","0","0%","0%"
"*051bd*","Caleb Freeman","TOR","RP","3997","FA","28","100,000","A","0","0%","0%"
"*072ay*","Kaleb Freeman","CHW","2B","3998","FA","23","100,000","A","0","0%","0%"
"*06qst*","J.R. Freethy","TOR","2B,LF,OF","3999","FA","23","100,000","A","0","0%","0%"
"*06ul6*","Dariel Fregio","DET","RP","4000","FA","26","100,000","A","0","0%","0%"
"*06kld*","Jesus Freitez","COL","C","4001","FA","20","100,000","A","0","0%","0%"
"*06ujp*","Luis Freitez","ATH","CF,RF,OF","4002","FA","23","100,000","A","0","0%","0%"
"*06r4u*","Anderson French","(N/A)","C","4003","FA","20","100,000","A","0","0%","0%"
"*06yjs*","Ethan Frey","HOU","CF,OF","4004","Zack","22","500,000","A","0","18%","0%"
"*06hn8*","Riley Frey","ATL","RP","4005","FA","24","100,000","A","0","0%","0%"
"*06rq4*","Alexander Frias","MIL","RF,OF","4006","FA","18","100,000","A","0","19%","0%"
"*05ydh*","Dayan Frias","CLE","1B,3B","4007","FA","24","100,000","A","0","0%","0%"
"*0757f*","Francisco Frias","HOU","RP","4008","FA","21","100,000","A","0","0%","0%"
"*06s9z*","Jealmy Frias","CIN","RF,OF","4009","FA","18","100,000","A","0","0%","0%"
"*04ysx*","Luis Frias","(N/A)","RP","4010","FA","28","100,000","A","0","0%","0%"
"*07633*","Luis Frias","SF","CF,OF","4011","FA","21","100,000","A","0","0%","0%"
"*06r3b*","Madinson Frias","BOS","RP","4012","FA","21","100,000","A","0","0%","0%"
"*06rj2*","Wander Frias","(N/A)","2B","4013","FA","20","100,000","A","0","0%","0%"
"*06ht7*","Tomas Frick","NYY","C","4014","FA","25","100,000","A","0","0%","0%"
"*06zg4*","Colby Frieda","WSH","RP","4015","FA","23","100,000","A","0","0%","0%"
"*06hu1*","Ross Friedrick","(N/A)","1B","4016","FA","25","100,000","A","0","0%","0%"
"*06pgs*","Jacob Friend","CIN","C","4017","FA","23","100,000","A","0","0%","0%"
"*070et*","Hayden Friese","ATL","1B","4018","FA","21","100,000","A","0","0%","0%"
"*04py8*","Matt Frisbee","(N/A)","P","4019","FA","29","100,000","A","0","0%","0%"
"*05jr8*","Jackson Fristoe","NYY","RP","4020","FA","25","100,000","A","0","0%","0%"
"*06amq*","Dom Fritton","TB","SP","4021","Brian","23","500,000","A","0","1%","0%"
"*0701k*","Anthony Frobose","NYM","SS","4022","FA","19","100,000","A","0","0%","0%"
"*072pa*","Diego Frontado","MIL","SS","4023","FA","17","100,000","A","0","6%","0%"
"*06yyr*","Jacob Frost","LAD","SP","4024","FA","23","100,000","A","0","0%","0%"
"*06fu2*","Zach Fruit","BAL","SP","4025","FA","26","100,000","A","0","1%","0%"
"*031ez*","Paul Fry","(N/A)","RP","4026","FA","33","100,000","A","0","0%","0%"
"*06zcs*","Bradley Frye","SD","3B","4027","FA","24","100,000","A","0","0%","0%"
"*06qzr*","Davirik Fuenmayor","(N/A)","CF,OF","4028","FA","19","100,000","A","0","0%","0%"
"*064vo*","Johandry Fuente","(N/A)","RP","4029","FA","23","100,000","A","0","0%","0%"
"*06ux7*","Alexander Fuentes","SF","SP","4030","FA","21","100,000","A","0","0%","0%"
"*0413a*","Josh Fuentes","(N/A)","3B","4031","FA","33","100,000","A","0","0%","0%"
"*06qh2*","Yadimir Fuentes","(N/A)","1B","4032","FA","19","100,000","A","0","0%","0%"
"*061sz*","Abel Fuerte","(N/A)","SP","4033","FA","21","100,000","A","0","0%","0%"
"*02xih*","Shintaro Fujinami","(N/A)","RP","4034","FA","32","100,000","A","0","0%","0%"
"*06y09*","Masahiro Fukuda","TEX","RP","4035","FA","25","100,000","A","0","0%","0%"
"*06cqh*","Chase Fuller","(N/A)","SS","4036","FA","17","100,000","A","0","1%","0%"
"*02n67*","Carson Fulmer","SEA","RP","4037","FA","32","100,000","A","0","0%","0%"
"*02bqj*","Michael Fulmer","SF","RP","4038","FA","33","100,000","A","0","1%","0%"
"*03nqh*","Kyle Funkhouser","TEX","SP","4039","FA","32","100,000","A","0","0%","0%"
"*06487*","Nate Furman","SF","2B","4040","FA","24","100,000","A","0","2%","0%"
"*06dsb*","Hunter Furtado","PIT","RP","4041","FA","24","100,000","A","0","0%","0%"
"*0763n*","Justin Fuson","CHW","SP","4042","FA","26","100,000","A","0","0%","0%"
"*060es*","Devin Futrell","BOS","SP","4043","FA","23","100,000","A","0","1%","0%"
"*06hf7*","Cole Gabrielson","NYY","LF,RF,OF","4044","FA","26","100,000","A","0","0%","0%"
"*06qrw*","Luke Gabrysh","PHI","SP","4045","FA","23","100,000","A","0","0%","0%"
"*062zu*","Gabe Gaeckle","ATH","SP","4046","FA","21","100,000","A","0","0%","0%"
"*06mic*","Luke Gaffney","(N/A)","1B","4047","FA","22","100,000","A","0","0%","0%"
"*06qsw*","Will Gagnon","LAD","SP","4048","FA","22","100,000","A","0","0%","0%"
"*06qi9*","Garrett Gainey","TB","RP","4049","FA","26","100,000","A","0","0%","0%"
"*06hw6*","Marty Gair","PHI","RP","4050","FA","23","100,000","A","0","0%","0%"
"*06qyj*","Ray Gaither","(N/A)","RP","4051","FA","28","100,000","A","0","0%","0%"
"*06c3r*","Daniel Gaitor","(N/A)","RF,OF","4052","FA","20","100,000","A","0","0%","0%"
"*06qpt*","Andres Galan","TB","SP","4053","FA","23","100,000","A","0","0%","0%"
"*06l0o*","Emiliano Galan","(N/A)","LF,OF","4054","FA","19","100,000","A","0","0%","0%"
"*06tzy*","Luis Galan","CLE","3B","4055","FA","17","100,000","A","0","0%","0%"
"*05t6m*","Yosy Galan","(N/A)","RF,OF","4056","FA","25","100,000","A","0","0%","0%"
"*06huk*","Ryan Galanie","CHW","1B","4057","FA","26","100,000","A","0","0%","0%"
"*066r6*","Yorman Galindez","MIL","SP","4058","FA","23","100,000","A","0","0%","0%"
"*06idz*","Ruben Galindo","(N/A)","RP","4059","FA","25","100,000","A","0","0%","0%"
"*05mod*","Jesus Galiz","LAD","C","4060","FA","22","100,000","A","0","1%","0%"
"*066lw*","Pat Gallagher","TOR","RP","4061","FA","26","100,000","A","0","0%","0%"
"*062j9*","Ryan Gallagher","MIN","SP","4062","FA","23","100,000","A","0","2%","0%"
"*06l59*","Gavin Gallaher","(N/A)","3B","4063","FA","21","100,000","A","0","0%","0%"
"*06sbf*","Moises Gallardo","(N/A)","RF,OF","4064","FA","23","100,000","A","0","0%","0%"
"*04qnb*","Richard Gallardo","TOR","SP","4065","FA","24","100,000","A","0","1%","0%"
"*06z10*","Patrick Galle","STL","RP","4066","FA","22","100,000","A","0","0%","0%"
"*072r1*","Alexis Gallego","SF","SP","4067","FA","17","100,000","A","0","0%","0%"
"*072zz*","Ruben Gallego","ARI","SS","4068","FA","17","100,000","A","0","1%","0%"
"*06r2o*","Alonso Gallegos","(N/A)","SS","4069","FA","19","100,000","A","0","0%","0%"
"*03mul*","Giovanny Gallegos","(N/A)","RP","4070","FA","34","100,000","A","0","0%","0%"
"*06hq7*","Isaac Gallegos","ATL","RP","4071","FA","23","100,000","A","0","0%","0%"
"*02i3v*","Joey Gallo","(N/A)","1B","4072","FA","32","100,000","A","0","0%","0%"
"*06her*","Ronaldo Gallo","PIT","RP","4073","FA","25","100,000","A","0","0%","0%"
"*06z11*","Alex Galvan","ARI","RP","4074","FA","25","100,000","A","0","0%","0%"
"*06r49*","Gilbel Galvan","BOS","RP","4075","FA","19","100,000","A","0","0%","0%"
"*070du*","Rylan Galvan","CHW","C","4076","FA","23","100,000","A","0","0%","0%"
"*066qj*","Jovi Galvez","STL","RP","4077","FA","22","100,000","A","0","0%","0%"
"*062cy*","Sean Gamble","KC","SS","4078","FA","20","100,000","A","0","15%","0%"
"*03ml3*","Arquimedes Gamboa","(N/A)","SS","4079","FA","28","100,000","A","0","0%","0%"
"*0512n*","Grant Gambrell","KC","SP","4080","FA","28","100,000","A","0","0%","0%"
"*02hka*","Ben Gamel","ATL","DH","4081","FA","34","100,000","A","0","0%","0%"
"*06bl5*","Jesus Gamez","TEX","RP","4082","FA","23","100,000","A","0","0%","0%"
"*0774g*","Luis Gamez","LAD","SP","4083","FA","19","100,000","A","0","1%","0%"
"*06z50*","Tadeo Gamez","CHC","SP","4084","FA","18","100,000","A","0","0%","0%"
"*03c8u*","John Gant","(N/A)","SP","4085","FA","33","100,000","A","0","0%","0%"
"*03mey*","Gerson Garabito","MIL","RP","4086","FA","30","100,000","A","0","0%","0%"
"*059zm*","Natanael Garabitos","(N/A)","RP","4087","FA","25","100,000","A","0","0%","0%"
"*06zem*","Carter Garate","TEX","3B","4088","FA","22","100,000","A","0","0%","0%"
"*06z0w*","Raul Garayzar","ARI","RP","4089","FA","23","100,000","A","0","0%","0%"
"*06r1e*","Carlos Garces","CLE","CF,OF","4090","FA","19","100,000","A","0","0%","0%"
"*06rnw*","Eliomar Garces","TB","SS","4091","FA","18","100,000","A","0","0%","0%"
"*06tzt*","Jonierbis Garces","WSH","CF,OF","4092","FA","18","100,000","A","0","0%","0%"
"*05uaz*","Jose Garces","PIT","RP","4093","FA","22","100,000","A","0","0%","0%"
"*0744o*","Luis Garces","KC","SP","4094","FA","17","100,000","A","0","0%","0%"
"*066b4*","Roel Garcia III","TB","RP","4095","FA","27","100,000","A","0","0%","0%"
"*06hp7*","Hector Garcia Jr.","(N/A)","SP","4096","FA","24","100,000","A","0","0%","0%"
"*06tko*","Adrian Garcia","(N/A)","2B","4097","FA","19","100,000","A","0","0%","0%"
"*06z5j*","Alexander Garcia","CLE","SP","4098","FA","19","100,000","A","0","0%","0%"
"*06qxv*","Anderson Garcia","KC","3B","4099","FA","19","100,000","A","0","0%","0%"
"*06o0w*","Angel Garcia","BAL","RF,OF","4100","FA","19","100,000","A","0","0%","0%"
"*075s0*","Angel Garcia","(N/A)","LF,OF","4101","FA","14","100,000","A","0","0%","0%"
"*06r2a*","Anhuar Garcia","CHC","SP","4102","FA","22","100,000","A","0","0%","0%"
"*06uh1*","Anthony Garcia","(N/A)","RP","4103","FA","24","100,000","A","0","0%","0%"
"*06g24*","Benito Garcia","(N/A)","RP","4104","FA","26","100,000","A","0","0%","0%"
"*06v2r*","Brett Garcia","(N/A)","RP","4105","FA","26","100,000","A","0","0%","0%"
"*05ui7*","Carlos Garcia","(N/A)","RP","4106","FA","27","100,000","A","0","0%","0%"
"*06rn3*","Carlos Garcia","TOR","C,1B","4107","FA","19","100,000","A","0","0%","0%"
"*060p8*","Cristian Garcia","(N/A)","1B","4108","FA","21","100,000","A","0","0%","0%"
"*071m2*","Daniel Garcia","MIL","SP","4109","FA","18","100,000","A","0","0%","0%"
"*06r0q*","Dariel Garcia","COL","2B,LF,OF","4110","FA","19","100,000","A","0","0%","0%"
"*06k82*","Darison Garcia","KC","2B","4111","FA","19","100,000","A","0","0%","0%"
"*06r09*","Darvin Garcia","(N/A)","SP","4112","FA","27","100,000","A","0","0%","0%"
"*06o09*","Davian Garcia","WSH","SP","4113","FA","22","100,000","A","0","1%","0%"
"*049vk*","David Garcia","MIL","C","4114","FA","26","100,000","A","0","0%","0%"
"*0406o*","Deivi Garcia","(N/A)","SP","4115","FA","27","100,000","A","0","1%","0%"
"*077a2*","Derek Garcia","PIT","RP","4116","FA","17","100,000","A","0","0%","0%"
"*03c8a*","Dermis Garcia","(N/A)","1B","4117","FA","28","100,000","A","0","0%","0%"
"*04ye6*","Eduardo Garcia","MIL","SS,CF,OF","4118","FA","24","100,000","A","0","1%","0%"
"*062zj*","Elian Garcia","(N/A)","LF,OF","4119","FA","21","100,000","A","0","0%","0%"
"*06jgz*","Elvin Garcia","BAL","3B,SS","4120","FA","19","100,000","A","0","2%","0%"
"*06u6k*","Engert Garcia","(N/A)","SP","4121","FA","26","100,000","A","0","0%","0%"
"*05uv4*","Francisco Garcia","(N/A)","3B","4122","FA","23","100,000","A","0","0%","0%"
"*0777c*","Ire Garcia","HOU","C","4123","FA","18","100,000","A","0","0%","0%"
"*06rt1*","Isaac Garcia","CIN","LF,OF","4124","FA","18","100,000","A","0","0%","0%"
"*06ux6*","Jaiker Garcia","PIT","RP","4125","FA","21","100,000","A","0","0%","0%"
"*0730h*","Jawel Garcia","WSH","LF,RF,OF","4126","FA","17","100,000","A","0","0%","0%"
"*06c5f*","Jogly Garcia","CLE","SP","4127","FA","22","100,000","A","0","1%","0%"
"*05yig*","Johanfran Garcia","BOS","C","4128","FA","21","100,000","A","0","2%","0%"
"*066fk*","John Garcia","HOU","C","4129","FA","25","100,000","A","0","0%","0%"
"*06max*","Juan Garcia","(N/A)","C","4130","FA","19","100,000","A","0","0%","0%"
"*06rig*","Juan Garcia","(N/A)","C","4131","FA","23","100,000","A","0","0%","0%"
"*0779k*","Julian Garcia","MIL","SP","4132","FA","18","100,000","A","0","0%","0%"
"*06mdg*","Junior Garcia","ATL","CF,RF,OF","4133","FA","21","100,000","A","0","0%","0%"
"*06akb*","Keiver Garcia","(N/A)","SS","4134","FA","19","100,000","A","0","0%","0%"
"*06mep*","Kevin Garcia","MIL","C","4135","FA","18","100,000","A","0","0%","0%"
"*06byi*","Leonard Garcia","LAA","RP","4136","FA","22","100,000","A","0","0%","0%"
"*021oi*","Leury Garcia","(N/A)","RF,OF","4137","FA","35","100,000","A","0","0%","0%"
"*073nd*","Linkin Garcia","(N/A)","SS","4138","FA","20","100,000","A","0","0%","0%"
"*04ni3*","Luis Garcia","NYY","SP","4139","FA","29","100,000","A","0","6%","0%"
"*06rnx*","Luis Garcia","CLE","SS","4140","FA","18","100,000","A","0","0%","0%"
"*07616*","Luis Garcia","TEX","RP","4141","FA","22","100,000","A","0","0%","0%"
"*05lb9*","Nick Garcia","SEA","RP","4142","FA","27","100,000","A","0","0%","0%"
"*06qyi*","Pedro Garcia","(N/A)","SP","4143","FA","31","100,000","A","0","0%","0%"
"*06upz*","Pedro Garcia","DET","RP","4144","FA","24","100,000","A","0","0%","0%"
"*04vvz*","Reivaj Garcia","(N/A)","2B,3B,SS","4145","FA","24","100,000","A","0","0%","0%"
"*06qy6*","Rodrigo Garcia","(N/A)","C","4146","FA","19","100,000","A","0","0%","0%"
"*06z62*","Roni Garcia","NYM","2B","4147","FA","18","100,000","A","0","0%","0%"
"*06ahs*","Roy Garcia","(N/A)","RP","4148","FA","25","100,000","A","0","0%","0%"
"*0511x*","Ryan Garcia","(N/A)","RP","4149","FA","28","100,000","A","0","0%","0%"
"*06qkv*","Sam Garcia","MIL","SP","4150","FA","24","100,000","A","0","0%","0%"
"*0776m*","Santiago Garcia","MIL","SS","4151","FA","0","100,000","A","0","0%","0%"
"*06c4d*","Saul Garcia","NYM","RP","4152","FA","23","100,000","A","0","0%","0%"
"*076sr*","Victor Garcia","CHC","C","4153","FA","18","100,000","A","0","0%","0%"
"*06rtz*","Yassel Garcia","ATL","3B","4154","FA","18","100,000","A","0","0%","0%"
"*05h2s*","Yhoswar Garcia","(N/A)","LF,CF,OF","4155","FA","24","100,000","A","0","0%","0%"
"*02z0e*","Yimi Garcia","TOR","RP","4156","FA","35","100,000","A","0","10%","0%"
"*06hw1*","Yirer Garcia","TB","C","4157","FA","20","100,000","A","0","0%","0%"
"*04pf6*","Yunior Garcia","(N/A)","LF,CF,RF,OF","4158","FA","24","100,000","A","0","0%","0%"
"*0765f*","Sam Gardner","TOR","RP","4159","FA","29","100,000","A","0","0%","0%"
"*072je*","Nate Garkow","(N/A)","RP","4160","FA","28","100,000","A","0","0%","0%"
"*066dh*","Jake Garland","ATH","SP","4161","FA","25","100,000","A","0","0%","0%"
"*03v3t*","Kyle Garlick","(N/A)","LF,OF","4162","FA","34","100,000","A","0","0%","0%"
"*06qkp*","Travis Garnett","(N/A)","RP","4163","FA","23","100,000","A","0","0%","0%"
"*06ilw*","Tristan Garnett","PHI","RP","4164","FA","28","100,000","A","0","0%","0%"
"*02i3x*","Amir Garrett","(N/A)","RP","4165","FA","34","100,000","A","0","0%","0%"
"*066fb*","Drew Garrett","(N/A)","SP","4166","FA","26","100,000","A","0","0%","0%"
"*05rcy*","Ray Garrett","(N/A)","SS","4167","FA","22","100,000","A","0","0%","0%"
"*03dpt*","Reed Garrett","NYM","RP","4168","FA","33","100,000","A","0","4%","0%"
"*03dgh*","Stone Garrett","(N/A)","LF,OF","4169","FA","30","100,000","A","0","0%","0%"
"*066j9*","Andy Garriola","CHC","LF,CF,RF,OF","4170","FA","26","100,000","A","0","0%","0%"
"*06qrn*","Joey Gartrell","BOS","RP","4171","FA","23","100,000","A","0","0%","0%"
"*06rnf*","Andres Garza","(N/A)","C","4172","FA","19","100,000","A","0","0%","0%"
"*03adu*","Justin Garza","(N/A)","RP","4173","FA","32","100,000","A","0","0%","0%"
"*067y3*","Will Gasparino","(N/A)","CF,OF","4174","FA","21","100,000","A","0","0%","0%"
"*04ofy*","Sandy Gaston","WSH","RP","4175","FA","24","100,000","A","0","1%","0%"
"*066ew*","Evan Gates","PHI","RP","4176","FA","28","100,000","A","0","0%","0%"
"*032ll*","Jake Gatewood","(N/A)","2B,3B,SS","4177","FA","30","100,000","A","0","0%","0%"
"*06ilv*","Claudio Gatier","(N/A)","RP","4178","FA","24","100,000","A","0","0%","0%"
"*06pgc*","Connor Gatwood","(N/A)","SP","4179","FA","20","100,000","A","0","0%","0%"
"*0629a*","Austin Gauthier","LAD","2B","4180","FA","27","100,000","A","0","1%","0%"
"*0657h*","Thomas Gavello","SF","2B,3B,LF,OF","4181","FA","25","100,000","A","0","0%","0%"
"*04aq9*","Grant Gavin","(N/A)","SP","4182","FA","31","100,000","A","0","0%","0%"
"*06mik*","Aldo Gaxiola","TOR","3B","4183","FA","20","100,000","A","0","0%","0%"
"*06qhz*","Jon Jon Gazdar","STL","2B,3B,SS","4184","FA","24","100,000","A","0","0%","0%"
"*06ax9*","Jordan Geber","NYM","SP","4185","FA","26","100,000","A","0","0%","0%"
"*066ac*","Will Geerdes","(N/A)","SP","4186","FA","26","100,000","A","0","0%","0%"
"*072fh*","Connor Gehr","BAL","SP","4187","FA","20","100,000","A","0","0%","0%"
"*072fd*","Cory Geinzer","TEX","SP","4188","FA","20","100,000","A","0","0%","0%"
"*060g1*","Jake Gelof","LAD","2B,3B","4189","FA","24","100,000","A","0","5%","0%"
"*072ps*","Michael Gemma","(N/A)","SP","4190","FA","24","100,000","A","0","0%","0%"
"*05r5e*","Angel Genao","CLE","3B,SS","4191","R&J","22","500,000","A","0","34%","0%"
"*06sbt*","Feliz Genao","ARI","1B","4192","FA","18","100,000","A","0","0%","0%"
"*06rrx*","Jhostin Genao","TEX","CF,OF","4193","FA","18","100,000","A","0","0%","0%"
"*06k86*","Manuel Genao","MIA","RP","4194","FA","20","100,000","A","0","1%","0%"
"*043cc*","Ricardo Genoves","(N/A)","C","4195","FA","27","100,000","A","0","0%","0%"
"*075gk*","Harry Genth","MIN","SS","4196","FA","23","100,000","A","0","0%","0%"
"*06ywe*","Eric Genther","NYY","LF,OF","4197","FA","24","100,000","A","0","0%","0%"
"*05jqw*","Tyler Gentry","DET","RF,OF","4198","FA","27","100,000","A","0","2%","0%"
"*06qtk*","Drake George","SF","SP","4199","FA","24","100,000","A","0","0%","0%"
"*06cql*","Kendall George","LAD","CF,OF","4200","FA","21","100,000","A","0","12%","0%"
"*07308*","Kingston George","(N/A)","RF,OF","4201","FA","15","100,000","A","0","0%","0%"
"*06qr6*","Nate George","BAL","CF,OF","4202","T","20","500,000","A","0","27%","0%"
"*06qta*","Pierce George","CHW","RP","4203","FA","23","100,000","A","0","0%","0%"
"*0730p*","Johan Geraldo","CHC","SS","4204","FA","17","100,000","A","0","1%","0%"
"*06tlo*","Jose Geraldo","(N/A)","RP","4205","FA","27","100,000","A","0","0%","0%"
"*06v2w*","Jose Geraldo","SEA","RP","4206","FA","26","100,000","A","0","0%","0%"
"*060xy*","Jose Gerardo","(N/A)","RP","4207","FA","21","100,000","A","0","0%","0%"
"*03c97*","Domingo German","(N/A)","SP","4208","FA","33","100,000","A","0","0%","0%"
"*07634*","Lewis German","KC","CF,OF","4209","FA","18","100,000","A","0","0%","0%"
"*064vt*","Luis German","SD","RP","4210","FA","24","100,000","A","0","0%","0%"
"*0666b*","Manuel German","KC","1B","4211","FA","21","100,000","A","0","0%","0%"
"*06v26*","Marconi German","WSH","2B,SS","4212","FA","18","100,000","A","0","7%","0%"
"*06gjv*","Nestor German","BAL","SP","4213","FA","24","100,000","A","0","13%","0%"
"*064nq*","Domingo Geronimo","(N/A)","RP","4214","FA","21","100,000","A","0","0%","0%"
"*06qsi*","Sam Gerth","COL","RP","4215","FA","21","100,000","A","0","0%","0%"
"*06qqu*","Will Gervase","LAA","RP","4216","FA","24","100,000","A","0","0%","0%"
"*072io*","Luis Ghisays","CHC","SP","4217","FA","20","100,000","A","0","0%","0%"
"*03qpg*","Ian Gibaut","(N/A)","RP","4218","FA","32","100,000","A","0","0%","0%"
"*06kr2*","Josh Gibbs","(N/A)","SS","4219","FA","19","100,000","A","0","0%","0%"
"*073si*","Cole Gibler","(N/A)","RP","4220","FA","20","100,000","A","0","0%","0%"
"*066ey*","Max Gieg","LAA","RP","4221","FA","25","100,000","A","0","0%","0%"
"*0648o*","Spencer Giesting","ARI","SP","4222","FA","25","100,000","A","0","1%","0%"
"*06i07*","Adrian Gil","CHW","C,1B","4223","FA","20","100,000","A","0","0%","0%"
"*06u76*","Igor Gil","SD","RP","4224","FA","25","100,000","A","0","0%","0%"
"*06yxf*","Jhon Gil","LAD","C","4225","FA","18","100,000","A","0","0%","0%"
"*06hsz*","John Gil","ATL","SS","4226","FA","20","100,000","A","0","22%","0%"
"*04nx4*","Mateo Gil","(N/A)","SS,DH","4227","FA","25","100,000","A","0","0%","0%"
"*060wn*","Samuel Gil","DET","2B,3B","4228","FA","21","100,000","A","0","0%","0%"
"*06sbu*","Santiago Gil","ARI","C","4229","FA","18","100,000","A","0","0%","0%"
"*066ln*","Geoffrey Gilbert","NYY","RP","4230","FA","25","100,000","A","0","0%","0%"
"*06tx7*","Jake Gilbert","(N/A)","RP","4231","FA","29","100,000","A","0","0%","0%"
"*04ei1*","Lucas Gilbreath","(N/A)","RP","4232","FA","30","100,000","A","0","0%","0%"
"*02bvf*","Ken Giles","(N/A)","RP","4233","FA","35","100,000","A","0","0%","0%"
"*064o6*","Gary Gill Hill","TB","SP","4234","FA","21","100,000","A","0","10%","0%"
"*05y17*","Logan Gillaspie","SD","RP","4235","FA","29","100,000","A","0","0%","0%"
"*05u2m*","Theo Gillen","TB","CF,OF","4236","B&A","20","500,000","A","0","41%","0%"
"*06ywd*","Blake Gillespie","NYY","SP","4237","FA","22","100,000","A","0","1%","0%"
"*07034*","Cole Gilley","PHI","RP","4238","FA","24","100,000","A","0","0%","0%"
"*03duw*","Isiah Gilliam","(N/A)","RF,OF","4239","FA","29","100,000","A","0","0%","0%"
"*05yof*","Keagan Gillies","BAL","RP","4240","FA","28","100,000","A","0","0%","0%"
"*06qj6*","Hayden Gilliland","LAD","C","4241","FA","24","100,000","A","0","0%","0%"
"*066cw*","Brett Gillis","HOU","SP","4242","FA","26","100,000","A","0","0%","0%"
"*076gf*","Brock Gillis","WSH","SP","4243","FA","24","100,000","A","0","0%","0%"
"*06t23*","Tanner Gillis","MIL","SP","4244","FA","25","100,000","A","0","0%","0%"
"*0516q*","Connor Gillispie","PHI","SP","4245","FA","28","100,000","A","0","1%","0%"
"*06yyk*","Jason Gilman","BOS","SP","4246","FA","23","100,000","A","0","0%","0%"
"*06qgx*","Greyson Gimenez","WSH","RP","4247","FA","21","100,000","A","0","0%","0%"
"*06h1q*","Landon Ginn","(N/A)","RP","4248","FA","25","100,000","A","0","0%","0%"
"*0514z*","Sawyer Gipson-Long","DET","RP","4249","FA","28","100,000","A","0","7%","0%"
"*06qid*","Brendan Girton","NYM","SP","4250","FA","24","100,000","A","0","1%","0%"
"*03djp*","Chris Gittens","(N/A)","1B","4251","FA","32","100,000","A","0","0%","0%"
"*06m8l*","Ettore Giulianelli","CLE","RP","4252","FA","23","100,000","A","0","0%","0%"
"*04es7*","Matt Givin","(N/A)","RP","4253","FA","27","100,000","A","0","0%","0%"
"*051c9*","DJ Gladney","NYY","LF,CF,OF","4254","FA","25","100,000","A","0","0%","0%"
"*06gil*","Phillip Glasser","WSH","LF,OF","4255","FA","26","100,000","A","0","0%","0%"
"*06qez*","Joe Glassey","BAL","SP","4256","FA","25","100,000","A","0","0%","0%"
"*0741h*","Caden Glauber","(N/A)","RP","4257","FA","18","100,000","A","0","0%","0%"
"*06uh0*","Peyton Glavine","(N/A)","RP","4258","FA","27","100,000","A","0","0%","0%"
"*06qu9*","Dub Gleed","TOR","1B,3B","4259","FA","23","100,000","A","0","0%","0%"
"*060hr*","Robbie Glendinning","(N/A)","SS","4260","FA","30","100,000","A","0","0%","0%"
"*060pf*","Douglas Glod","(N/A)","LF,RF,OF","4261","FA","21","100,000","A","0","0%","0%"
"*05jpq*","Jimmy Glowenke","(N/A)","SS","4262","FA","27","100,000","A","0","0%","0%"
"*06rs9*","Seung Min Go","(N/A)","2B","4263","FA","25","100,000","A","0","0%","0%"
"*0664p*","Ben Gobbel","LAA","3B","4264","FA","26","100,000","A","0","0%","0%"
"*06am1*","Henry Godbout","BOS","2B","4265","FA","22","100,000","A","0","9%","0%"
"*05llr*","Jose Godoy","(N/A)","C","4266","FA","31","100,000","A","0","0%","0%"
"*0665r*","Connor Godwin","(N/A)","RP","4267","FA","24","100,000","A","0","0%","0%"
"*05yah*","Luke Gold","(N/A)","1B","4268","FA","25","100,000","A","0","0%","0%"
"*06rst*","Jordan Goldmann","(N/A)","RF,OF,SP","4269","FA","24","100,000","A","0","0%","0%"
"*05m6i*","Blake Goldsberry","(N/A)","RP","4270","FA","29","100,000","A","0","0%","0%"
"*073se*","Cade Goldstein","(N/A)","RF,OF","4271","FA","20","100,000","A","0","0%","0%"
"*03dbe*","Austin Gomber","ATL","SP","4272","FA","32","100,000","A","0","2%","0%"
"*06ri8*","Gabriel Gomes","(N/A)","C","4273","FA","22","100,000","A","0","0%","0%"
"*0724b*","Angeibel Gomez","KC","CF,OF","4274","FA","17","100,000","A","0","20%","+1%"
"*04qox*","Antonio Gomez","NYY","C","4275","FA","24","100,000","A","0","1%","0%"
"*06bj3*","Antony Gomez","(N/A)","CF,OF","4276","FA","20","100,000","A","0","0%","0%"
"*06qyk*","Cesar Gomez","(N/A)","RP","4277","FA","28","100,000","A","0","0%","0%"
"*0689s*","Cristofer Gomez","NYM","RP","4278","FA","23","100,000","A","0","0%","0%"
"*06rwj*","Daniel Gomez","STL","SP","4279","FA","18","100,000","A","0","0%","0%"
"*067z1*","Franklin Gomez","CLE","SP","4280","FA","21","100,000","A","0","2%","0%"
"*0730m*","Geowin Gomez","ATL","SP","4281","FA","17","100,000","A","0","0%","0%"
"*06r0d*","Henry Gomez","(N/A)","RP","4282","FA","24","100,000","A","0","0%","0%"
"*06qk2*","Jacob Gomez","(N/A)","RP","4283","FA","24","100,000","A","0","0%","0%"
"*0737o*","Jarvis Gomez","SEA","CF,OF","4284","FA","17","100,000","A","0","0%","0%"
"*06rro*","Johanse Gomez","BAL","CF,RF,OF","4285","FA","18","100,000","A","0","0%","0%"
"*03mwx*","Jose Gomez","(N/A)","SS","4286","FA","29","100,000","A","0","0%","0%"
"*05yh1*","Kenni Gomez","HOU","CF,RF,OF","4287","FA","21","100,000","A","0","1%","0%"
"*06r9o*","Luis Gomez","(N/A)","C","4288","FA","32","100,000","A","0","0%","0%"
"*06rla*","Mario Gomez","(N/A)","C","4289","FA","23","100,000","A","0","0%","0%"
"*06qvb*","Michael Gomez","(N/A)","RP","4290","FA","29","100,000","A","0","0%","0%"
"*06tlv*","Miguel Gomez","(N/A)","RP","4291","FA","24","100,000","A","0","0%","0%"
"*03yuu*","Moises Gomez","(N/A)","LF,OF","4292","FA","27","100,000","A","0","1%","0%"
"*04ydf*","Ofreidy Gomez","NYM","RP","4293","FA","31","100,000","A","0","0%","0%"
"*072x2*","Pedro Gomez","BAL","RF,OF","4294","FA","17","100,000","A","0","1%","0%"
"*066t5*","Raimon Gomez","BAL","RP","4295","FA","24","100,000","A","0","1%","0%"
"*064p0*","Raudy Gomez","(N/A)","SP","4296","FA","21","100,000","A","0","0%","0%"
"*06cww*","Redinson Gomez","COL","RP","4297","FA","21","100,000","A","0","0%","0%"
"*05uch*","Rio Gomez","(N/A)","RP","4298","FA","31","100,000","A","0","0%","0%"
"*06hem*","Ruddy Gomez","MIN","RP","4299","FA","26","100,000","A","0","0%","0%"
"*06ckp*","Santiago Gomez","NYY","2B","4300","FA","22","100,000","A","0","0%","0%"
"*06mih*","Saul Gomez","BAL","1B","4301","FA","18","100,000","A","0","0%","0%"
"*06rgp*","Vladi Gomez","NYM","2B","4302","FA","20","100,000","A","0","0%","0%"
"*072hq*","Yendy Gomez","DET","RP","4303","FA","22","100,000","A","0","0%","0%"
"*061v6*","Yorman Gomez","CLE","SP","4304","FA","23","100,000","A","0","2%","0%"
"*06qny*","Sebastian Gongora","BAL","SP","4305","FA","24","100,000","A","0","1%","0%"
"*03740*","Stephen Gonsalves","(N/A)","RP","4306","FA","32","100,000","A","0","0%","0%"
"*041v6*","Tony Gonsolin","(N/A)","SP","4307","FA","32","100,000","A","0","3%","0%"
"*06mff*","Justin Gonzales","BOS","CF,RF,OF","4308","B&A","19","500,000","A","0","29%","0%"
"*03111*","Marco Gonzales","TEX","SP","4309","FA","34","100,000","A","0","1%","0%"
"*06s3i*","Alex Gonzalez","HOU","SP","4310","FA","20","100,000","A","0","0%","0%"
"*04mkv*","Alvaro Gonzalez","(N/A)","2B","4311","FA","25","100,000","A","0","0%","0%"
"*06mfg*","Anferni Gonzalez","(N/A)","SP","4312","FA","20","100,000","A","0","0%","0%"
"*060gj*","Angel Gonzalez","(N/A)","RP","4313","FA","23","100,000","A","0","0%","0%"
"*06r1b*","Angel Gonzalez","MIL","LF,OF","4314","FA","19","100,000","A","0","0%","0%"
"*06rn8*","Anyelo Gonzalez","(N/A)","C","4315","FA","21","100,000","A","0","0%","0%"
"*06akw*","Asbel Gonzalez","KC","CF,OF","4316","FA","20","100,000","A","0","4%","0%"
"*050yj*","Bryan Gonzalez","(N/A)","1B","4317","FA","24","100,000","A","0","0%","0%"
"*06f17*","Bryan Gonzalez","LAD","C","4318","FA","21","100,000","A","0","0%","0%"
"*066ow*","Carlos Gonzalez","SEA","1B","4319","FA","22","100,000","A","0","0%","0%"
"*061we*","Cesar Gonzalez","ATH","1B","4320","FA","21","100,000","A","0","0%","0%"
"*06msz*","Christian Gonzalez","CHW","RF,OF","4321","FA","19","100,000","A","0","0%","0%"
"*05uhz*","Cristian Gonzalez","(N/A)","SS","4322","FA","24","100,000","A","0","0%","0%"
"*06cqt*","Cristopfer Gonzalez","(N/A)","LF,OF","4323","FA","20","100,000","A","0","0%","0%"
"*064qb*","Danny Gonzalez","(N/A)","LF,OF","4324","FA","21","100,000","A","0","0%","0%"
"*06k7z*","Deinys Gonzalez","TB","C","4325","FA","19","100,000","A","0","0%","0%"
"*06yvz*","Deiry Gonzalez","PHI","SP","4326","FA","18","100,000","A","0","0%","0%"
"*06kxt*","Diego Gonzalez","(N/A)","1B","4327","FA","19","100,000","A","0","0%","0%"
"*06qxb*","Diego Gonzalez","CHC","C","4328","FA","19","100,000","A","0","0%","0%"
"*06qxc*","Diego Gonzalez","(N/A)","3B","4329","FA","23","100,000","A","0","0%","0%"
"*06ytq*","Diomar Gonzalez","ATH","SP","4330","FA","21","100,000","A","0","0%","0%"
"*0730q*","Eduardo Gonzalez","CHC","SS","4331","FA","17","100,000","A","0","0%","0%"
"*064oz*","Edwin Gonzalez","(N/A)","SP","4332","FA","22","100,000","A","0","0%","0%"
"*03bnk*","Erik Gonzalez","(N/A)","3B,SS","4333","FA","34","100,000","A","0","0%","0%"
"*05xmx*","Esteban Gonzalez","CLE","LF,CF,RF,OF","4334","FA","23","100,000","A","0","0%","0%"
"*0749z*","Fabian Gonzalez","SEA","SS","4335","FA","17","100,000","A","0","0%","0%"
"*06qoo*","Fernando Gonzalez","SF","C","4336","FA","24","100,000","A","0","0%","0%"
"*0760b*","Harold Gonzalez","LAD","3B","4337","FA","19","100,000","A","0","0%","0%"
"*06r7p*","Howard Gonzalez","(N/A)","CF,OF","4338","FA","19","100,000","A","0","0%","0%"
"*06ake*","Irvin Gonzalez","CIN","RP","4339","FA","20","100,000","A","0","0%","0%"
"*06er4*","J.D. Gonzalez","TB","C","4340","FA","20","100,000","A","0","1%","0%"
"*06kxh*","James Gonzalez","ATH","SP","4341","FA","25","100,000","A","0","0%","0%"
"*06ux5*","Javier Gonzalez","BAL","RP","4342","FA","20","100,000","A","0","0%","0%"
"*06hel*","Joan Gonzalez","(N/A)","SP","4343","FA","28","100,000","A","0","0%","0%"
"*06rh7*","Joangel Gonzalez","ARI","RP","4344","FA","22","100,000","A","0","0%","0%"
"*072df*","Jonathan Gonzalez","PHI","SP","4345","FA","23","100,000","A","0","0%","0%"
"*06l4p*","Jorge Gonzalez","(N/A)","SP","4346","FA","23","100,000","A","0","0%","0%"
"*06mcd*","Jose Gonzalez","LAA","SP","4347","FA","24","100,000","A","0","0%","0%"
"*06rhm*","Jose Gonzalez","(N/A)","LF,OF","4348","FA","25","100,000","A","0","0%","0%"
"*06v30*","Jose Gonzalez","LAD","1B","4349","FA","21","100,000","A","0","0%","0%"
"*06ugz*","Joseilyn Gonzalez","LAD","RP","4350","FA","24","100,000","A","0","0%","0%"
"*06ps2*","Josuar Gonzalez","SF","SS","4351","R&J","18","500,000","A","0","42%","0%"
"*06cmy*","Josue Gonzalez","NYY","1B","4352","FA","22","100,000","A","0","0%","0%"
"*06rik*","Juan Gonzalez","(N/A)","C","4353","FA","25","100,000","A","0","0%","0%"
"*04ao0*","Luis Gonzalez","(N/A)","RP","4354","FA","34","100,000","A","0","0%","0%"
"*04gdv*","Luis Gonzalez","(N/A)","RF,OF","4355","FA","30","100,000","A","0","0%","0%"
"*066qx*","Luis Gonzalez","PHI","SP","4356","FA","21","100,000","A","0","0%","0%"
"*06qzd*","Lukas Gonzalez","MIL","RP","4357","FA","19","100,000","A","0","0%","0%"
"*05yip*","Martin Gonzalez","SEA","3B","4358","FA","21","100,000","A","0","0%","0%"
"*06num*","Oliver Gonzalez","LAD","SP","4359","FA","19","100,000","A","0","1%","0%"
"*062n2*","Omar Gonzalez","NYY","SP","4360","FA","20","100,000","A","0","0%","0%"
"*06umd*","Orlando Gonzalez","PHI","RP","4361","FA","23","100,000","A","0","0%","0%"
"*03nrk*","Oscar Gonzalez","(N/A)","OF","4362","FA","28","100,000","A","0","0%","0%"
"*04rhi*","Pedro Gonzalez","(N/A)","RP","4363","FA","26","100,000","A","0","0%","0%"
"*06mij*","Rafael Gonzalez","HOU","RP","4364","FA","22","100,000","A","0","0%","0%"
"*061z9*","Ricardo Gonzalez","TB","SS","4365","FA","22","100,000","A","0","0%","0%"
"*06rk3*","Ricson Gonzalez","KC","C","4366","FA","21","100,000","A","0","0%","0%"
"*062zl*","Robert Gonzalez","(N/A)","CF,OF","4367","FA","21","100,000","A","0","0%","0%"
"*06sbr*","Rodrigo Gonzalez","ARI","SS","4368","FA","18","100,000","A","0","0%","0%"
"*075lm*","Samuel Gonzalez","ATH","SS","4369","FA","19","100,000","A","0","0%","0%"
"*04q59*","Saul Gonzalez","(N/A)","P","4370","FA","26","100,000","A","0","0%","0%"
"*076vn*","Tony Gonzalez","PIT","RP","4371","FA","22","100,000","A","0","0%","0%"
"*0648x*","Tres Gonzalez","(N/A)","LF,RF,OF","4372","FA","25","100,000","A","0","0%","0%"
"*03aqt*","Victor Gonzalez","(N/A)","RP","4373","FA","30","100,000","A","0","0%","0%"
"*07764*","Victor Gonzalez","TEX","SS","4374","FA","17","100,000","A","0","0%","0%"
"*052ht*","Wikelman Gonzalez","CHW","RP","4375","FA","24","100,000","A","0","5%","0%"
"*06rll*","Yeferson Gonzalez","(N/A)","SP","4376","FA","19","100,000","A","0","0%","0%"
"*062zo*","Yoendris Gonzalez","CHC","RP","4377","FA","23","100,000","A","0","0%","0%"
"*06r3c*","Yohandry Gonzalez","(N/A)","RP","4378","FA","20","100,000","A","0","0%","0%"
"*06qna*","Cayman Goode","ATL","SP","4379","FA","21","100,000","A","0","0%","0%"
"*070eg*","Jack Goodman","DET","SS","4380","FA","22","100,000","A","0","0%","0%"
"*067xt*","Nick Goodwin","TOR","2B","4381","FA","24","100,000","A","0","0%","0%"
"*05yg2*","Shawn Goosenberg","(N/A)","SS","4382","FA","26","100,000","A","0","0%","0%"
"*06ih6*","Lucas Gordillo","(N/A)","SP","4383","FA","24","100,000","A","0","0%","0%"
"*06oo9*","Austin Gordon","LAA","SP","4384","FA","23","100,000","A","0","0%","0%"
"*06qr1*","Christian Gordon","CHC","SP","4385","FA","25","100,000","A","0","0%","0%"
"*06f1e*","Lucas Gordon","CHW","SP","4386","FA","24","100,000","A","0","0%","0%"
"*03c7z*","Nick Gordon","(N/A)","2B","4387","FA","30","100,000","A","0","0%","0%"
"*06qtf*","R.J. Gordon","NYM","SP","4388","FA","24","100,000","A","0","1%","0%"
"*077br*","Jose Gori","TOR","C","4389","FA","17","100,000","A","0","0%","0%"
"*0511z*","Matt Gorski","LAD","1B","4390","FA","28","100,000","A","0","1%","0%"
"*01sha*","Anthony Gose","KC","RP","4391","FA","35","100,000","A","0","0%","0%"
"*04yih*","JJ Goss","ATH","RP","4392","FA","25","100,000","A","0","2%","0%"
"*0316r*","Trevor Gott","(N/A)","RP","4393","FA","33","100,000","A","0","0%","0%"
"*06z41*","Jordan Gottesman","SF","SP","4394","FA","23","100,000","A","0","0%","0%"
"*0649f*","Tyler Gough","LAD","SP","4395","FA","22","100,000","A","0","1%","0%"
"*06oob*","Gunner Gouldsmith","ATH","2B,SS","4396","FA","24","100,000","A","0","0%","0%"
"*062e8*","Duce Gourson","PIT","1B,2B,3B","4397","FA","23","100,000","A","0","1%","0%"
"*041q3*","Kevin Gowdy","(N/A)","RP","4398","FA","28","100,000","A","0","0%","0%"
"*06gig*","Riley Gowens","CHW","SP","4399","FA","26","100,000","A","0","1%","0%"
"*06yyq*","Ben Grable","NYY","SP","4400","Zack","24","500,000","A","0","2%","0%"
"*04put*","Regi Grace","(N/A)","P","4401","FA","26","100,000","A","0","0%","0%"
"*06kx4*","A.J. Gracia","ATL","RF,OF","4402","FA","21","100,000","A","0","2%","0%"
"*06alv*","Clay Grady","(N/A)","SS","4403","FA","22","100,000","A","0","0%","0%"
"*06guj*","Jace Grady","(N/A)","CF,OF","4404","FA","25","100,000","A","0","0%","0%"
"*06zg3*","Aaron Graeber","LAA","RF,OF","4405","FA","23","100,000","A","0","0%","0%"
"*0516d*","Logan Gragg","(N/A)","RP","4406","FA","27","100,000","A","0","0%","0%"
"*062e4*","Carter Graham","CIN","1B,3B","4407","FA","24","100,000","A","0","1%","0%"
"*065nr*","Kevin Graham","(N/A)","LF,OF","4408","FA","26","100,000","A","0","0%","0%"
"*06zb3*","Payton Graham","STL","SP","4409","FA","22","100,000","A","0","0%","0%"
"*05ub1*","Peyton Graham","DET","2B","4410","FA","25","100,000","A","0","2%","0%"
"*05zd9*","Gavin Grahovac","LAA","1B","4411","FA","21","100,000","A","0","0%","0%"
"*05140*","Conor Grammes","(N/A)","SP","4412","FA","29","100,000","A","0","0%","0%"
"*06riu*","Dilan Granadillo","CHC","C","4413","FA","25","100,000","A","0","0%","0%"
"*05re3*","Adari Grant","(N/A)","SS","4414","FA","23","100,000","A","0","0%","0%"
"*06hek*","Donte Grant","(N/A)","CF,OF","4415","FA","21","100,000","A","0","0%","0%"
"*06rp5*","Frenny Grant","DET","SP","4416","FA","22","100,000","A","0","0%","0%"
"*061zt*","Harold Grant","(N/A)","LF,OF","4417","FA","21","100,000","A","0","0%","0%"
"*03zbj*","Brusdar Graterol","LAD","RP","4418","FA","27","100,000","A","0","6%","0%"
"*072wh*","Fernando Graterol","CHW","C","4419","FA","17","100,000","A","0","1%","0%"
"*0724g*","Gabe Graulau","(N/A)","CF,OF","4420","FA","19","100,000","A","0","0%","0%"
"*031c2*","Kendall Graveman","(N/A)","RP","4421","FA","35","100,000","A","0","0%","0%"
"*06578*","Mavis Graves","PHI","SP","4422","FA","22","100,000","A","0","3%","0%"
"*06zcz*","CJ Gray","LAA","SP","4423","FA","19","100,000","A","0","2%","0%"
"*06tx6*","Clayton Gray","COL","LF,OF","4424","FA","24","100,000","A","0","0%","0%"
"*05up0*","Drew Gray","CHC","SP","4425","FA","23","100,000","A","0","1%","0%"
"*06muw*","Evan Gray","SF","RP","4426","FA","25","100,000","A","0","0%","0%"
"*04ggs*","Joe Gray","(N/A)","CF,OF","4427","FA","26","100,000","A","0","0%","0%"
"*02bxv*","Jon Gray","(N/A)","RP","4428","FA","34","100,000","A","0","1%","0%"
"*04pn3*","Josiah Gray","WSH","SP","4429","FA","28","100,000","A","0","13%","0%"
"*06mvg*","Murf Gray","PIT","3B","4430","FA","22","100,000","A","0","20%","+1%"
"*05136*","Seth Gray","(N/A)","1B,3B","4431","FA","28","100,000","A","0","0%","0%"
"*06654*","Shane Gray","(N/A)","SP","4432","FA","26","100,000","A","0","0%","0%"
"*06y9r*","Taitn Gray","TB","C","4433","W <small>(Sun)</small>","18","100,000","A","0","20%","0%"
"*06qsq*","Austin Green","NYY","2B","4434","FA","24","100,000","A","0","0%","0%"
"*0374o*","Chad Green","(N/A)","RP","4435","FA","35","100,000","A","0","1%","0%"
"*05oek*","Elijah Green","WSH","CF,OF","4436","FA","22","100,000","A","0","11%","0%"
"*04py0*","Josh Green","(N/A)","RP","4437","FA","30","100,000","A","0","0%","0%"
"*069zm*","Landon Green","(N/A)","SP","4438","FA","17","100,000","A","0","0%","0%"
"*05ynr*","Mason Green","COL","RP","4439","FA","27","100,000","A","0","0%","0%"
"*04ejd*","Max Green","NYM","P","4440","FA","30","100,000","A","0","0%","0%"
"*060g5*","Payton Green","MIA","SS","4441","FA","23","100,000","A","0","0%","0%"
"*06ag6*","Rodney Green","ATH","LF,CF,OF","4442","FA","23","100,000","A","0","1%","0%"
"*06hn9*","Spencer Green","LAD","SP","4443","FA","21","100,000","A","0","0%","0%"
"*03749*","Conner Greene","(N/A)","RP","4444","FA","31","100,000","A","0","0%","0%"
"*05jrd*","Isaiah Greene","(N/A)","LF,OF","4445","FA","24","100,000","A","0","1%","0%"
"*02hds*","Shane Greene","(N/A)","RP","4446","FA","37","100,000","A","0","0%","0%"
"*04pym*","Zach Greene","(N/A)","RP","4447","FA","29","100,000","A","0","0%","0%"
"*06cqj*","Mason Greenhouse","(N/A)","LF,OF","4448","FA","20","100,000","A","0","0%","0%"
"*0763o*","Simon Gregersen","ARI","RP","4449","FA","23","100,000","A","0","0%","0%"
"*06qjb*","Owen Gregg","TOR","SS","4450","FA","19","100,000","A","0","0%","0%"
"*076k8*","Drew Grego","(N/A)","SS","4451","FA","19","100,000","A","0","0%","0%"
"*070ek*","Dylan Grego","SD","2B","4452","FA","22","100,000","A","0","0%","0%"
"*05xrw*","Hunter Gregory","MIN","RP","4453","FA","27","100,000","A","0","0%","0%"
"*06kk7*","Trey Gregory-Alford","LAA","SP","4454","FA","20","100,000","A","0","6%","0%"
"*0005k*","Zack Greinke","(N/A)","SP","4455","B&A","42","0","A","0","91%","0%"
"*06ppv*","Tanner Gresham","PHI","SP","4456","FA","24","100,000","A","0","0%","0%"
"*05u2w*","Caden Grice","ARI","SP","4457","FA","24","100,000","A","0","2%","0%"
"*05ylr*","David Griffin","(N/A)","RP","4458","FA","30","100,000","A","0","0%","0%"
"*06yuy*","Jordin Griffin","(N/A)","LF,OF","4459","FA","17","100,000","A","0","0%","0%"
"*073ua*","Ethan Grim","(N/A)","SP","4460","FA","19","100,000","A","0","0%","0%"
"*06kvt*","Jared Grindlinger","LAA","1B","4461","FA","17","100,000","A","0","2%","0%"
"*075lp*","Trent Grindlinger","(N/A)","C","4462","FA","20","100,000","A","0","0%","0%"
"*06zgt*","Grayson Grinsell","DET","SP","4463","FA","22","100,000","A","0","1%","0%"
"*05jqd*","Marquis Grissom Jr.","WSH","RP","4464","FA","25","100,000","A","0","0%","0%"
"*06tli*","Rob Griswold","(N/A)","RP","4465","FA","28","100,000","A","0","0%","0%"
"*03ysp*","Jay Groome","(N/A)","SP","4466","FA","27","100,000","A","0","1%","0%"
"*04zo1*","Jaxx Groshans","(N/A)","C","4467","FA","27","100,000","A","0","0%","0%"
"*04n8x*","Jordan Groshans","ATL","3B","4468","FA","26","100,000","A","0","3%","0%"
"*01seb*","Robbie Grossman","(N/A)","LF,RF,OF","4469","FA","36","100,000","A","0","0%","0%"
"*06gul*","Josh Grosz","ARI","SP","4470","FA","23","100,000","A","0","1%","0%"
"*02c0c*","Robert Gsellman","(N/A)","RP","4471","FA","33","100,000","A","0","0%","0%"
"*06rr9*","Ruei Yang Gu Lin","(N/A)","SP","4472","FA","26","100,000","A","0","0%","0%"
"*06uxe*","Xiomer Guacache","DET","RP","4473","FA","22","100,000","A","0","0%","0%"
"*06z4z*","Omar Guadamuz","CIN","3B","4474","FA","18","100,000","A","0","0%","0%"
"*05xmu*","Fernando Guanare","(N/A)","SP","4475","FA","23","100,000","A","0","0%","0%"
"*06py1*","Alfredo Guanchez","ARI","3B","4476","FA","20","100,000","A","0","0%","0%"
"*06jh1*","Gabriel Guanchez","SEA","C","4477","FA","19","100,000","A","0","0%","0%"
"*066me*","Luis Guanipa","ATL","RF,OF","4478","FA","20","100,000","A","0","5%","0%"
"*060mw*","Wander Guante","(N/A)","RP","4479","FA","26","100,000","A","0","0%","0%"
"*074ch*","Jendry Guaraco","COL","SS","4480","FA","17","100,000","A","0","0%","0%"
"*072ed*","Jakob Guardado","LAA","SP","4481","FA","24","100,000","A","0","0%","0%"
"*05y4e*","Manuel Guariman","(N/A)","C","4482","FA","22","100,000","A","0","0%","0%"
"*04ym4*","Richard Guasch","BAL","RP","4483","FA","28","100,000","A","0","0%","0%"
"*066jk*","Quinn Gudaitis","(N/A)","SP","4484","FA","27","100,000","A","0","0%","0%"
"*06rkh*","Jeiker Gudino","DET","C","4485","FA","19","100,000","A","0","0%","0%"
"*06ro7*","Breyson Guedez","ATH","LF,OF","4486","FA","18","100,000","A","0","4%","0%"
"*06am3*","Jose Guedez","HOU","SP","4487","FA","24","100,000","A","0","0%","0%"
"*04ei8*","Sean Guenther","DET","RP","4488","FA","30","100,000","A","0","1%","0%"
"*06uhj*","Daniel Guerra","TOR","SP","4489","FA","22","100,000","A","0","1%","0%"
"*03fi1*","Javy Guerra","CHW","RP","4490","FA","30","100,000","A","0","0%","0%"
"*06c3d*","Jose Guerra","(N/A)","1B","4491","FA","20","100,000","A","0","0%","0%"
"*06qsx*","Mason Guerra","ATL","1B","4492","FA","23","100,000","A","0","0%","0%"
"*072hp*","Wilton Guerrero Jr","PIT","SS","4493","FA","17","100,000","A","0","2%","0%"
"*066mz*","Brailer Guerrero","TB","RF,OF","4494","FA","20","100,000","A","0","12%","0%"
"*064qc*","Eduardo Guerrero","LAD","2B,3B,SS","4495","FA","21","100,000","A","0","0%","0%"
"*04ycn*","Juan Guerrero","(N/A)","LF,RF,OF","4496","FA","24","100,000","A","0","0%","0%"
"*05xyu*","Kevin Guerrero","(N/A)","CF,OF","4497","FA","22","100,000","A","0","0%","0%"
"*06aop*","Luis Guerrero","TB","RP","4498","FA","25","100,000","A","0","1%","0%"
"*06tfy*","Oliver Guerrero","TEX","DH","4499","FA","18","100,000","A","0","0%","0%"
"*068z1*","Pablo Guerrero","TEX","1B","4500","FA","19","100,000","A","0","3%","0%"
"*05yns*","Tyson Guerrero","KC","SP","4501","FA","27","100,000","A","0","0%","0%"
"*06kjv*","Vladi Guerrero","(N/A)","1B","4502","FA","19","100,000","A","0","1%","0%"
"*0731o*","Yhon Guerrero","CLE","LF,OF","4503","FA","17","100,000","A","0","0%","0%"
"*06uxd*","Anderson Guevara","SEA","RP","4504","FA","21","100,000","A","0","0%","0%"
"*05ud4*","Diego Guevara","(N/A)","RF,OF","4505","FA","23","100,000","A","0","0%","0%"
"*06mfr*","Jose Guevara","NYM","SP","4506","FA","21","100,000","A","0","0%","0%"
"*05ybs*","Gavin Guidry","(N/A)","SS","4507","FA","23","100,000","A","0","0%","0%"
"*05yi1*","Freddy Guilamo","(N/A)","C","4508","FA","25","100,000","A","0","0%","0%"
"*05rbu*","Daniel Guilarte","MIL","2B,3B,CF,OF","4509","FA","22","100,000","A","0","0%","0%"
"*064o3*","Tyler Guilfoil","(N/A)","RP","4510","FA","26","100,000","A","0","0%","0%"
"*06hsh*","Garret Guillemette","HOU","C,1B","4511","FA","24","100,000","A","0","0%","0%"
"*06ry2*","Frandy Guillen","BAL","3B","4512","FA","18","100,000","A","0","0%","0%"
"*06hzg*","Xavier Guillen","(N/A)","RF,OF","4513","FA","21","100,000","A","0","0%","0%"
"*0317b*","Luis Guillorme","(N/A)","2B,3B","4514","FA","31","100,000","A","0","0%","0%"
"*06yju*","Jack Gurevitch","STL","1B","4515","FA","22","100,000","A","0","2%","0%"
"*06kve*","Edward Guribe","STL","3B","4516","FA","19","100,000","A","0","0%","0%"
"*025jv*","Yuli Gurriel","(N/A)","DH","4517","FA","42","100,000","A","0","0%","0%"
"*06qk3*","Mac Guscette","ATL","C","4518","FA","24","100,000","A","0","0%","0%"
"*06hox*","Harry Gustin","SD","RP","4519","FA","24","100,000","A","0","0%","0%"
"*04ae9*","Dalton Guthrie","(N/A)","CF,OF","4520","FA","30","100,000","A","0","0%","0%"
"*06qo0*","Troy Guthrie","TOR","RP","4521","FA","20","100,000","A","0","0%","0%"
"*0440c*","Abrahan Gutierrez","NYY","C","4522","FA","26","100,000","A","0","0%","0%"
"*06bpv*","Albert Gutierrez","(N/A)","1B","4523","FA","22","100,000","A","0","0%","0%"
"*05wy2*","Anthony Gutierrez","TEX","CF,OF","4524","FA","21","100,000","A","0","4%","0%"
"*06bkz*","Carlos Gutierrez","SF","RF,OF","4525","FA","21","100,000","A","0","1%","0%"
"*06s3p*","Carlos Gutierrez","(N/A)","RF,OF","4539","FA","22","100,000","A","0","0%","0%"
"*066ml*","Daiverson Gutierrez","NYM","C","4526","FA","20","100,000","A","0","1%","0%"
"*076g4*","Edgardo Gutierrez","BOS","C","4527","FA","17","100,000","A","0","0%","0%"
"*076uz*","Eider Gutierrez","CIN","RF,OF","4528","FA","17","100,000","A","0","1%","0%"
"*06klg*","Eric Gutierrez","(N/A)","RP","4529","FA","20","100,000","A","0","0%","0%"
"*06lp7*","Gerardo Gutierrez","(N/A)","RP","4530","FA","27","100,000","A","0","0%","0%"
"*06ifr*","Jean Gutierrez","(N/A)","RP","4531","FA","20","100,000","A","0","0%","0%"
"*06ift*","Jean Gutierrez","(N/A)","RF,OF","4532","FA","20","100,000","A","0","0%","0%"
"*06ifc*","Joan Gutierrez","(N/A)","3B","4533","FA","20","100,000","A","0","0%","0%"
"*06uxc*","Jose Gutierrez","KC","SP","4534","FA","23","100,000","A","0","0%","0%"
"*056j7*","Luis Gutierrez","SD","SP","4535","FA","22","100,000","A","0","1%","0%"
"*06r0g*","Luis Gutierrez","KC","SS","4536","FA","20","100,000","A","0","0%","0%"
"*06l0h*","Roque Gutierrez","LAD","RP","4537","FA","23","100,000","A","0","0%","0%"
"*03mmw*","Vladimir Gutierrez","(N/A)","RP","4538","FA","30","100,000","A","0","0%","0%"
"*06hn2*","Adonys Guzman","BOS","C","4540","FA","22","100,000","A","0","0%","0%"
"*04rhh*","Alvin Guzman","(N/A)","RP","4541","FA","24","100,000","A","0","0%","0%"
"*06c8a*","Angel Guzman","SF","1B","4542","FA","20","100,000","A","0","0%","0%"
"*06ic5*","Angel Guzman","TOR","2B","4543","FA","19","100,000","A","0","1%","0%"
"*04yk5*","Carlos Guzman","NYM","RP","4544","FA","28","100,000","A","0","0%","0%"
"*06akr*","David Guzman","TOR","RF,OF","4545","FA","20","100,000","A","0","0%","0%"
"*05tl6*","Diego Guzman","KC","3B","4546","FA","22","100,000","A","0","0%","0%"
"*06aoq*","Emilker Guzman","(N/A)","RP","4547","FA","27","100,000","A","0","0%","0%"
"*03xs6*","Jeison Guzman","(N/A)","SS","4548","FA","27","100,000","A","0","0%","0%"
"*076l3*","Joephillip Guzman","BAL","2B","4549","FA","19","100,000","A","0","0%","0%"
"*0406z*","Jonathan Guzman","(N/A)","SS","4550","FA","26","100,000","A","0","0%","0%"
"*06qfm*","Jorge Guzman","(N/A)","SP","4551","FA","19","100,000","A","0","0%","0%"
"*076sd*","Jose Guzman","DET","RP","4552","FA","21","100,000","A","0","0%","0%"
"*06uxb*","Michael Guzman","(N/A)","3B","4553","FA","20","100,000","A","0","0%","0%"
"*06zei*","Randy Guzman","NYM","1B","4554","FA","21","100,000","A","0","2%","0%"
"*0770p*","Randy Guzman","NYM","RP","4555","FA","18","100,000","A","0","0%","0%"
"*06mi4*","Ricardo Guzman","TB","RP","4556","FA","21","100,000","A","0","0%","0%"
"*02i1a*","Ronald Guzman","(N/A)","1B","4557","FA","31","100,000","A","0","0%","0%"
"*06rng*","Walfrent Guzman","(N/A)","1B","4558","FA","21","100,000","A","0","0%","0%"
"*06rr1*","Been Gwak","(N/A)","SP","4559","FA","27","100,000","A","0","0%","0%"
"*072ey*","Carter Gwost","PIT","LF,OF","4560","FA","19","100,000","A","0","0%","0%"
"*04ps0*","Zach Haake","(N/A)","RP","4561","FA","29","100,000","A","0","0%","0%"
"*06ek3*","Hunter Haas","(N/A)","1B,3B","4562","FA","24","100,000","A","0","0%","0%"
"*061yj*","Aaron Haase","(N/A)","RP","4563","FA","26","100,000","A","0","0%","0%"
"*06bl1*","Kevin Hacen","(N/A)","3B","4564","FA","20","100,000","A","0","0%","0%"
"*05y3o*","Adam Hachman","(N/A)","SP","4565","FA","21","100,000","A","0","0%","0%"
"*05yeq*","Adam Hackenberg","TOR","C","4566","FA","26","100,000","A","0","0%","0%"
"*062e9*","Drue Hackenberg","ATL","SP","4567","FA","24","100,000","A","0","8%","0%"
"*06qib*","Owen Hackman","ATL","SP","4568","FA","24","100,000","A","0","0%","0%"
"*06ms2*","Chris Hacopian","WSH","3B","4569","FA","21","100,000","A","0","2%","0%"
"*06ih1*","Shinnosuke Hada","(N/A)","SP","4570","FA","22","100,000","A","0","0%","0%"
"*06pgq*","Woody Hadeen","DET","2B,SS,CF,OF","4571","FA","24","100,000","A","0","0%","0%"
"*07306*","Carter Hadnot","(N/A)","SS","4572","FA","18","100,000","A","0","0%","0%"
"*06onz*","David Hagaman","ARI","SP","4573","Kai","23","500,000","A","0","9%","0%"
"*04q54*","Justin Hagenman","NYM","SP","4574","FA","29","100,000","A","0","1%","0%"
"*020dj*","Jesse Hahn","(N/A)","RP","4575","FA","36","100,000","A","0","0%","0%"
"*06r4v*","Adam Haight","(N/A)","SS","4576","FA","20","100,000","A","0","0%","0%"
"*06qul*","Elijah Hainline","LAD","2B,SS","4577","FA","23","100,000","A","0","1%","0%"
"*06qoy*","Jalen Hairston","CIN","3B","4578","FA","22","100,000","A","0","0%","0%"
"*06tvm*","Landon Hairston","(N/A)","CF,OF","4579","FA","20","100,000","A","0","1%","0%"
"*05lg6*","Jeffrey Hakanson","(N/A)","P","4580","FA","27","100,000","A","0","0%","0%"
"*06qux*","Matt Halbach","CHC","1B","4581","FA","23","100,000","A","0","0%","0%"
"*0648s*","Cade Halemanu","(N/A)","RP","4582","FA","25","100,000","A","0","0%","0%"
"*06ew1*","Skylar Hales","STL","RP","4583","FA","24","100,000","A","0","1%","0%"
"*0422d*","Jim Haley","(N/A)","2B","4584","FA","31","100,000","A","0","0%","0%"
"*070c4*","Talon Haley","LAA","SP","4585","FA","20","100,000","A","0","1%","0%"
"*04ef3*","Adam Hall","(N/A)","LF,OF","4586","FA","27","100,000","A","0","0%","0%"
"*06432*","Anthony Hall","(N/A)","RF,OF","4587","FA","25","100,000","A","0","0%","0%"
"*0669l*","Bubba Hall","(N/A)","RP","4588","FA","26","100,000","A","0","0%","0%"
"*041yc*","Darick Hall","(N/A)","1B","4589","FA","30","100,000","A","0","0%","0%"
"*06qkt*","Jakob Hall","(N/A)","RP","4590","FA","23","100,000","A","0","0%","0%"
"*06ynm*","Nathan Hall","ARI","CF,OF","4591","FA","22","100,000","A","0","0%","0%"
"*06yyp*","Nathan Hall","NYM","SP","4592","FA","22","100,000","A","0","0%","0%"
"*06fqo*","Noah Hall","NYM","SP","4593","FA","25","100,000","A","0","0%","0%"
"*06hey*","Owen Hall","DET","SP","4594","FA","20","100,000","A","0","4%","0%"
"*06zgy*","Ryan Hall","DET","SP","4595","FA","19","100,000","A","0","1%","0%"
"*06rw2*","Steele Hall","CIN","SS","4596","Max","18","500,000","A","0","33%","0%"
"*06247*","Tanner Hall","MIN","SP","4597","FA","24","100,000","A","0","0%","0%"
"*066b5*","Tayden Hall","MIL","1B","4598","FA","23","100,000","A","0","0%","0%"
"*060u2*","Patrick Halligan","BOS","RP","4599","FA","26","100,000","A","0","0%","0%"
"*06ros*","Mike Hallquist","CHC","3B","4600","FA","24","100,000","A","0","0%","0%"
"*05jq0*","Colby Halter","ATH","2B,3B","4601","FA","24","100,000","A","0","0%","0%"
"*076g8*","Malachai Halterman","MIL","C,LF,OF","4602","FA","19","100,000","A","0","0%","0%"
"*05yb9*","Dominic Hambley","(N/A)","RP","4603","FA","23","100,000","A","0","0%","0%"
"*05udy*","Dom Hamel","NYY","SP","4604","FA","27","100,000","A","0","2%","0%"
"*01sy8*","Billy Hamilton","(N/A)","CF,OF","4605","FA","35","100,000","A","0","0%","0%"
"*074mn*","Connor Hamilton","(N/A)","SP","4606","FA","20","100,000","A","0","0%","0%"
"*05xps*","Quincy Hamilton","(N/A)","RF,OF","4607","FA","28","100,000","A","0","0%","0%"
"*070bx*","River Hamilton","DET","SP","4608","FA","19","100,000","A","0","1%","0%"
"*06hwx*","Xander Hamilton","(N/A)","RP","4609","FA","25","100,000","A","0","0%","0%"
"*06f0u*","Jaden Hamm","DET","SP","4610","FA","23","100,000","A","0","8%","0%"
"*06h1y*","Bryson Hammer","COL","RP","4611","FA","24","100,000","A","0","0%","0%"
"*0519m*","Dan Hammer","NYM","RP","4612","FA","28","100,000","A","0","0%","0%"
"*066fz*","Ethan Hammerberg","(N/A)","RP","4613","FA","25","100,000","A","0","0%","0%"
"*06qrd*","Blake Hammond","ATH","RP","4614","FA","23","100,000","A","0","0%","0%"
"*075l5*","Eric Hammond","MIN","RP","4615","FA","23","100,000","A","0","0%","0%"
"*06cqi*","Josh Hammond","KC","3B,SS","4616","Zack","19","500,000","A","0","23%","0%"
"*041qk*","Garrett Hampson","CIN","LF,OF","4617","FA","31","100,000","A","0","1%","0%"
"*06qot*","Jace Hampson","NYM","SP","4618","FA","20","100,000","A","0","0%","0%"
"*05yh3*","Chase Hampton","NYY","SP","4619","FA","24","100,000","A","0","15%","0%"
"*06qvq*","Tyler Hampu","COL","RP","4620","FA","24","100,000","A","0","0%","0%"
"*06ysk*","Kailen Hamson","BAL","SP","4621","FA","24","100,000","A","0","0%","0%"
"*06hu9*","Ty Hanchey","SF","C","4622","FA","26","100,000","A","0","0%","0%"
"*02mwj*","Mitch Haniger","(N/A)","RF,OF","4623","FA","35","100,000","A","0","0%","0%"
"*06ru9*","Jake Hanley","(N/A)","1B","4624","FA","20","100,000","A","0","0%","0%"
"*04pmh*","Jameson Hannah","(N/A)","LF,OF","4625","FA","28","100,000","A","0","0%","0%"
"*051gc*","Bradley Hanner","NYY","RP","4626","FA","27","100,000","A","0","0%","0%"
"*07714*","Wyatt Hanoian","(N/A)","SS","4627","FA","20","100,000","A","0","0%","0%"
"*076qm*","Luke Hansel","COL","RP","4628","FA","24","100,000","A","0","0%","0%"
"*06hsc*","Josh Hansell","KC","SP","4629","FA","24","100,000","A","0","0%","0%"
"*04ptj*","Austin Hansen","(N/A)","P","4630","FA","29","100,000","A","0","0%","0%"
"*06qon*","Ben Hansen","ATH","SP","4631","FA","24","100,000","A","0","0%","0%"
"*05yks*","Pete Hansen","STL","SP","4632","FA","25","100,000","A","0","1%","0%"
"*072bp*","Luke Hanson","TEX","3B","4633","FA","22","100,000","A","0","0%","0%"
"*06qlr*","Parks Harber","SF","3B","4634","FA","24","100,000","A","0","9%","0%"
"*051d8*","Ryan Harbin","PIT","RP","4635","FA","24","100,000","A","0","0%","0%"
"*06qng*","Tyson Hardin","MIL","SP","4636","C&G","24","100,000","A","0","13%","0%"
"*06r23*","Houston Harding","LAA","RP","4637","FA","28","100,000","A","0","0%","0%"
"*05tay*","Tyler Hardman","NYY","1B","4638","FA","27","100,000","A","0","1%","0%"
"*06iev*","Brendan Hardy","(N/A)","RP","4639","FA","26","100,000","A","0","0%","0%"
"*076ch*","Halton Hardy","MIN","RP","4640","FA","24","100,000","A","0","0%","0%"
"*06qj3*","Theo Hardy","TEX","SS","4641","FA","24","100,000","A","0","0%","0%"
"*06kjz*","Chase Harlan","LAD","3B","4642","ELLY","20","500,000","A","0","19%","0%"
"*06hn7*","Josh Harlow","CLE","RP","4643","FA","25","100,000","A","0","0%","0%"
"*066lq*","Johnathan Harmon","CIN","SP","4644","FA","25","100,000","A","0","0%","0%"
"*06pp5*","Landon Harmon","WSH","SP","4645","FA","19","100,000","A","0","12%","0%"
"*066cm*","Sean Harney","ARI","RP","4646","FA","28","100,000","A","0","0%","0%"
"*066df*","Daniel Harper","PHI","RP","4647","FA","27","100,000","A","0","0%","0%"
"*066lc*","Landon Harper","ATL","SP","4648","FA","25","100,000","A","0","0%","0%"
"*06zao*","Gage Harrelson","LAA","RF,OF","4649","FA","22","100,000","A","0","0%","0%"
"*067yq*","Alex Harrington","(N/A)","SS","4650","FA","19","100,000","A","0","0%","0%"
"*05zya*","Thomas Harrington","PIT","SP","4651","FA","25","100,000","A","0","16%","0%"
"*05u2y*","Aiden Harris","(N/A)","3B","4652","FA","19","100,000","A","0","0%","0%"
"*067yr*","Brady Harris","(N/A)","SS","4653","FA","18","100,000","A","0","0%","0%"
"*06f0m*","Calvin Harris","CHW","C","4654","FA","24","100,000","A","0","0%","0%"
"*06gjz*","Dakota Harris","STL","1B,2B,3B","4655","FA","24","100,000","A","0","0%","0%"
"*0664g*","Hayden Harris","ATL","RP","4656","FA","27","100,000","A","0","2%","0%"
"*03yxs*","Hobie Harris","BOS","RP","4657","FA","33","100,000","A","0","0%","0%"
"*06q2i*","Sam Harris","(N/A)","1B","4658","FA","21","100,000","A","0","0%","0%"
"*06hu8*","Trent Harris","SF","RP","4659","FA","27","100,000","A","0","1%","0%"
"*06za5*","Zach Harris","COL","RP","4660","FA","22","100,000","A","0","0%","0%"
"*06fqp*","Charles Harrison","(N/A)","RP","4661","FA","24","100,000","A","0","0%","0%"
"*05yaq*","Devereaux Harrison","TOR","RP","4662","FA","25","100,000","A","0","0%","0%"
"*06hoq*","Kalae Harrison","(N/A)","2B","4663","FA","24","100,000","A","0","0%","0%"
"*06f1o*","Trevor Harrison","TB","SP","4664","FA","20","100,000","A","0","7%","0%"
"*06f1g*","Jay Harry","TOR","SS,CF,OF","4665","FA","24","100,000","A","0","1%","0%"
"*0761f*","Marcelo Harsch","(N/A)","RP","4666","FA","19","100,000","A","0","0%","0%"
"*06qs6*","Ben Hartl","CHW","C","4667","FA","23","100,000","A","0","0%","0%"
"*072bo*","Jacob Hartlaub","TB","SP","4668","FA","23","100,000","A","0","0%","0%"
"*05t7b*","Josh Hartle","CLE","SP","4669","FA","23","100,000","A","0","4%","0%"
"*06ig4*","Colton Hartman","(N/A)","SP","4670","FA","21","100,000","A","0","0%","0%"
"*06pi0*","Eric Hartman","ATL","2B,LF,CF,OF","4671","ELLY","20","2,000,000","A","0","36%","0%"
"*05mrm*","Jack Hartman","TB","RP","4672","FA","28","100,000","A","0","0%","0%"
"*06ifw*","Josiah Hartshorn","CHC","1B,RF,OF","4673","ELLY","19","500,000","A","0","30%","0%"
"*06615*","Grant Hartwig","MIN","SP","4674","FA","28","100,000","A","0","0%","0%"
"*06qk9*","Clete Hartzog","CHW","RP","4675","FA","25","100,000","A","0","0%","0%"
"*065iz*","Ryan Harvey","DET","RP","4676","FA","25","100,000","A","0","0%","0%"
"*06zfp*","Ty Harvey","SD","C","4677","FA","19","100,000","A","0","2%","0%"
"*0776g*","Fran-Jean Haseth","LAD","RF,OF","4678","FA","17","100,000","A","0","0%","0%"
"*05jry*","Hudson Haskin","(N/A)","LF,OF","4679","FA","27","100,000","A","0","0%","0%"
"*072bq*","Trevor Haskins","STL","SS","4680","FA","23","100,000","A","0","0%","0%"
"*05gbe*","Robert Hassell","PIT","CF,OF","4681","FA","24","100,000","A","0","13%","0%"
"*041ql*","Thomas Hatch","(N/A)","RP","4682","FA","31","100,000","A","0","0%","0%"
"*066d0*","Josh Hatcher","(N/A)","1B,RF,OF","4683","FA","27","100,000","A","0","0%","0%"
"*07690*","Jackson Hauge","NYM","1B","4684","FA","25","100,000","A","0","0%","0%"
"*06rfy*","Aidan Haugh","TB","SP","4685","FA","23","100,000","A","0","0%","0%"
"*05lfx*","Trevor Hauver","TEX","LF,RF,OF","4686","FA","27","100,000","A","0","1%","0%"
"*06zer*","Peyton Havard","PHI","RP","4687","FA","24","100,000","A","0","0%","0%"
"*072no*","Easton Hawk","(N/A)","RP","4688","FA","20","100,000","A","0","0%","0%"
"*06f1a*","Tommy Hawke","CLE","LF,CF,OF","4689","FA","24","100,000","A","0","1%","0%"
"*06hj0*","Dakota Hawkins","NYM","RP","4690","FA","26","100,000","A","0","0%","0%"
"*05yc8*","Garrett Hawkins","SD","RP","4691","FA","26","100,000","A","0","1%","0%"
"*06fzl*","Ryan Hawks","SEA","SP","4692","FA","25","100,000","A","0","0%","0%"
"*06h92*","Sawyer Hawks","ARI","RP","4693","FA","23","100,000","A","0","0%","0%"
"*06ony*","Luke Hayden","CIN","SP","4694","FA","23","100,000","A","0","0%","0%"
"*066jd*","Hunter Hayes","STL","RP","4695","FA","25","100,000","A","0","0%","0%"
"*06rjx*","Kyle Hayes","WSH","C","4696","FA","28","100,000","A","0","0%","0%"
"*05lfz*","Jagger Haynes","SD","SP","4697","FA","23","100,000","A","0","1%","0%"
"*05ub5*","James Hays","(N/A)","SP","4698","FA","22","100,000","A","0","0%","0%"
"*066nq*","Dillon Head","MIA","LF,CF,OF","4699","FA","21","100,000","A","0","6%","0%"
"*0512p*","Hudson Head","(N/A)","RF,OF","4700","FA","25","100,000","A","0","1%","0%"
"*0741j*","JP Head","(N/A)","LF,OF","4701","FA","20","100,000","A","0","0%","0%"
"*073q7*","Ty Head","BAL","CF,OF","4702","FA","21","100,000","A","0","0%","0%"
"*06c5s*","Andrew Healy","MIL","SP","4703","FA","23","100,000","A","0","0%","0%"
"*072wj*","Jeffery Heard","LAA","RF,OF","4704","FA","23","100,000","A","0","0%","0%"
"*05154*","Ethan Hearn","CHC","C,1B","4705","FA","25","100,000","A","0","0%","0%"
"*02nc0*","Taylor Hearn","(N/A)","RP","4706","FA","31","100,000","A","0","0%","0%"
"*06zb2*","Chase Heath","STL","C","4707","FA","23","100,000","A","0","0%","0%"
"*04efp*","Jacob Heatherly","CHW","SP","4708","FA","28","100,000","A","0","0%","0%"
"*06alh*","Duque Hebbert","DET","RP","4709","FA","24","100,000","A","0","0%","0%"
"*072er*","Curtis Hebert","HOU","SS","4710","FA","22","100,000","A","0","0%","0%"
"*072qz*","Jonathan Hechavarria","ATL","SP","4711","FA","17","100,000","A","0","0%","0%"
"*06mdh*","Silvano Hechavarria","TOR","SP","4712","FA","23","100,000","A","0","1%","0%"
"*06yje*","Ethan Hedges","COL","3B","4713","FA","22","100,000","A","0","1%","0%"
"*062k3*","Luke Heefner","(N/A)","3B","4714","FA","23","100,000","A","0","0%","0%"
"*05ybj*","Dylan Heid","(N/A)","RP","4715","FA","28","100,000","A","0","0%","0%"
"*06ywc*","Brayden Heidel","TOR","RP","4716","FA","24","100,000","A","0","0%","0%"
"*0701n*","Trevor Heishman","DET","SP","4717","FA","19","100,000","A","0","0%","0%"
"*061lo*","Josh Hejka","MIA","RP","4718","FA","29","100,000","A","0","0%","0%"
"*05zda*","Ryder Helfrick","ARI","C","4719","FA","21","100,000","A","0","1%","0%"
"*031gh*","Ben Heller","(N/A)","RP","4720","FA","34","100,000","A","0","0%","0%"
"*05ub7*","Dominic Hellman","(N/A)","SS","4721","FA","22","100,000","A","0","0%","0%"
"*060n8*","Lou Helmig","(N/A)","RF,OF","4722","FA","23","100,000","A","0","0%","0%"
"*04q4d*","Clay Helvey","(N/A)","RP","4723","FA","29","100,000","A","0","0%","0%"
"*06r8n*","Max Hemenway","(N/A)","SS","4724","FA","18","100,000","A","0","0%","0%"
"*05jpx*","Tink Hence","STL","SP","4725","Brenden","23","500,000","A","0","28%","0%"
"*06fzn*","Ixan Henderson","STL","SP","4726","FA","24","100,000","A","0","5%","0%"
"*06r70*","Lash Henderson","(N/A)","CF,OF","4727","FA","17","100,000","A","0","0%","0%"
"*04n1t*","Austin Hendrick","CIN","RF,OF","4728","FA","25","100,000","A","0","3%","0%"
"*02bwg*","Kyle Hendricks","(N/A)","SP","4729","Kai","36","0","A","0","53%","0%"
"*04q2c*","Josh Hendrickson","HOU","SP","4730","FA","28","100,000","A","0","0%","0%"
"*0517w*","Wyatt Hendrie","(N/A)","C","4731","FA","27","100,000","A","0","0%","0%"
"*01ub8*","Liam Hendriks","CHC","RP","4732","FA","37","100,000","A","0","2%","0%"
"*031ev*","Ryan Hendrix","(N/A)","RP","4733","FA","31","100,000","A","0","0%","0%"
"*06gjj*","Brian Hendry","NYY","SP","4734","FA","26","100,000","A","0","0%","0%"
"*0424v*","Blair Henley","(N/A)","RP","4735","FA","29","100,000","A","0","0%","0%"
"*06fz4*","Kyle Henley","CIN","CF,OF","4736","FA","21","100,000","A","0","1%","0%"
"*06zgf*","J.D. Hennen","BAL","SP","4737","FA","23","100,000","A","0","0%","0%"
"*067wx*","Ryan Hennen","(N/A)","RP","4738","FA","28","100,000","A","0","0%","0%"
"*072fv*","Jean Henriquez","(N/A)","RP","4739","FA","32","100,000","A","0","0%","0%"
"*075le*","Jordan Henriquez","CHC","RP","4740","FA","22","100,000","A","0","0%","0%"
"*06ulm*","Juan Henriquez","(N/A)","SP","4741","FA","20","100,000","A","0","0%","0%"
"*066rt*","Julio Henriquez","MIA","1B","4742","FA","21","100,000","A","0","0%","0%"
"*04tzu*","Ronny Henriquez","MIA","RP","4743","Max","26","3,000,000","A","0","20%","0%"
"*064o9*","Yonatan Henriquez","NYM","CF,RF,OF","4744","FA","21","100,000","A","0","0%","0%"
"*042aw*","Henry Henry","(N/A)","RP","4745","FA","27","100,000","A","0","0%","0%"
"*041sv*","Payton Henry","PHI","C","4746","FA","29","100,000","A","0","0%","0%"
"*0512a*","Tommy Henry","ARI","RP","4747","FA","28","100,000","A","0","1%","0%"
"*06z02*","Justin Henschel","CIN","SP","4748","FA","22","100,000","A","0","0%","0%"
"*066ct*","Rob Hensey","(N/A)","SP","4749","FA","26","100,000","A","0","0%","0%"
"*04vnd*","David Hensley","(N/A)","2B,RF,OF","4750","FA","30","100,000","A","0","0%","0%"
"*05176*","Spencer Henson","(N/A)","1B","4751","FA","28","100,000","A","0","0%","0%"
"*04eg0*","Lincoln Henzman","(N/A)","RP","4752","FA","31","100,000","A","0","0%","0%"
"*070d3*","Ryan Heppner","ATL","SP","4753","FA","21","100,000","A","0","0%","0%"
"*06qnm*","Sean Heppner","(N/A)","RP","4754","FA","23","100,000","A","0","0%","0%"
"*06qjz*","Christian Herberholz","BAL","RP","4755","FA","25","100,000","A","0","0%","0%"
"*0765c*","Andrew Herbert","BAL","RP","4756","FA","25","100,000","A","0","0%","0%"
"*06tls*","Jholbran Herder","LAD","RP","4757","FA","21","100,000","A","0","0%","0%"
"*06oh4*","Adrian Heredia","BAL","SP","4758","FA","21","100,000","A","0","0%","0%"
"*06imd*","Joel Heredia","(N/A)","RP","4759","FA","22","100,000","A","0","0%","0%"
"*06o0m*","Nathanael Heredia","(N/A)","RP","4760","FA","25","100,000","A","0","0%","0%"
"*06bj7*","Osvaldo Heredia","MIA","CF,OF","4761","FA","20","100,000","A","0","0%","0%"
"*05y67*","Raylin Heredia","PHI","RF,OF","4762","FA","22","100,000","A","0","1%","0%"
"*03at0*","Kevin Herget","NYM","RP","4763","FA","35","100,000","A","0","0%","0%"
"*061zi*","Sean Hermann","SEA","RP","4764","FA","23","100,000","A","0","0%","0%"
"*06kll*","Abraham Hernandez","MIA","SP","4765","FA","19","100,000","A","0","0%","0%"
"*05up5*","Adrian Hernandez","(N/A)","RP","4766","FA","26","100,000","A","0","0%","0%"
"*060x2*","Alberto Hernandez","HOU","2B","4767","FA","22","100,000","A","0","0%","0%"
"*06r8e*","Alcides Hernandez","SD","DH","4768","FA","21","100,000","A","0","0%","0%"
"*06sj7*","Alex Hernandez","(N/A)","2B","4769","FA","20","100,000","A","0","0%","0%"
"*05ydi*","Alexis Hernandez","CHC","2B,SS","4770","FA","21","100,000","A","0","1%","0%"
"*060pa*","Alexis Hernandez","TOR","RF,OF","4771","FA","23","100,000","A","0","0%","0%"
"*06cmn*","Alix Hernandez","SF","RP","4772","FA","22","100,000","A","0","0%","0%"
"*0519g*","Allan Hernandez","(N/A)","RP","4773","FA","25","100,000","A","0","0%","0%"
"*06aq3*","Angelo Hernandez","(N/A)","DH","4774","FA","20","100,000","A","0","0%","0%"
"*06ujo*","Arxy Hernandez","CHW","3B,SS","4775","FA","22","100,000","A","0","0%","0%"
"*05js8*","Ben Hernandez","SEA","RP","4776","FA","25","100,000","A","0","0%","0%"
"*06rj6*","Brayan Hernandez","(N/A)","C","4843","FA","24","100,000","A","0","0%","0%"
"*04n0k*","Carlos Hernandez","CLE","RP","4777","FA","29","100,000","A","0","1%","0%"
"*074a7*","Carlos Hernandez","CIN","SS","4778","FA","17","100,000","A","0","0%","0%"
"*06j3g*","Cesar Hernandez","HOU","LF,OF","4779","FA","23","100,000","A","0","0%","0%"
"*072j1*","Christopher Hernandez","TEX","SP","4780","FA","20","100,000","A","0","0%","0%"
"*05gdy*","Cristian Hernandez","(N/A)","RP","4781","FA","25","100,000","A","0","0%","0%"
"*05gwo*","Cristian Hernandez","MIA","SS","4782","FA","22","100,000","A","0","8%","0%"
"*06hsy*","Cristian Hernandez","MIN","SP","4783","FA","21","100,000","A","0","0%","0%"
"*06rlo*","Daniel Hernandez","WSH","C","4784","FA","18","100,000","A","0","0%","0%"
"*051z5*","Daysbel Hernandez","(N/A)","RP","4785","FA","29","100,000","A","0","1%","0%"
"*061w2*","Diego Hernandez","(N/A)","CF,OF","4786","FA","25","100,000","A","0","0%","0%"
"*064ok*","Diego Hernandez","(N/A)","SP","4787","FA","21","100,000","A","0","0%","0%"
"*06qgy*","Diego Hernandez","(N/A)","SS","4788","FA","19","100,000","A","0","0%","0%"
"*067zs*","Diomedes Hernandez","NYY","C","4789","FA","21","100,000","A","0","0%","0%"
"*06r6v*","Edinson Hernandez","WSH","RP","4790","FA","20","100,000","A","0","0%","0%"
"*02i19*","Elier Hernandez","(N/A)","CF,OF","4791","FA","31","100,000","A","0","0%","0%"
"*03yx9*","Elieser Hernandez","ATL","RP","4792","FA","31","100,000","A","0","0%","0%"
"*072pq*","Emmanuel Hernandez","TB","SP","4793","FA","17","100,000","A","0","1%","0%"
"*05yh2*","Erick Hernandez","(N/A)","CF,OF","4794","FA","21","100,000","A","0","0%","0%"
"*06ckn*","Evelio Hernandez","CLE","RP","4795","FA","22","100,000","A","0","0%","0%"
"*073nh*","Felipe Hernandez","NYY","SP","4796","FA","17","100,000","A","0","0%","0%"
"*06tzs*","Freddy Hernandez","LAA","SP","4797","FA","18","100,000","A","0","0%","0%"
"*072g6*","Henderson Hernandez","NYM","SP","4798","FA","19","100,000","A","0","0%","0%"
"*06oo1*","Herick Hernandez","ATL","SP","4799","FA","22","100,000","A","0","2%","0%"
"*06rj8*","Hojans Hernandez","(N/A)","1B","4800","FA","20","100,000","A","0","0%","0%"
"*04ess*","Jakob Hernandez","(N/A)","RP","4801","FA","30","100,000","A","0","0%","0%"
"*06ih2*","Jason Hernandez","(N/A)","LF,RF,OF","4802","FA","20","100,000","A","0","0%","0%"
"*06ff3*","Jesus Hernandez","MIA","2B,3B","4803","FA","22","100,000","A","0","0%","0%"
"*06ull*","Jommy Hernandez","CHW","RP","4804","FA","20","100,000","A","0","0%","0%"
"*072hf*","Joniel Hernandez","SD","SS","4805","Zack","17","500,000","A","0","3%","0%"
"*06dnd*","Jorge Hernandez","KC","2B,3B","4806","FA","20","100,000","A","0","0%","0%"
"*0737l*","Joscar Hernandez","ARI","CF,OF","4807","FA","17","100,000","A","0","0%","0%"
"*066st*","Jose Hernandez","(N/A)","RP","4808","FA","28","100,000","A","0","0%","0%"
"*074g9*","Jose Hernandez","LAD","1B,3B","4809","FA","23","100,000","A","0","0%","0%"
"*061yi*","Joseph Hernandez","(N/A)","RP","4810","FA","26","100,000","A","0","0%","0%"
"*06if3*","Juan Hernandez","DET","3B","4811","FA","20","100,000","A","0","0%","0%"
"*06rf8*","Julian Hernandez","(N/A)","C","4812","FA","20","100,000","A","0","0%","0%"
"*076vj*","Julien Hernandez","ARI","SP","4813","FA","24","100,000","A","0","0%","0%"
"*06c8p*","Justin Hernandez","(N/A)","RP","4814","FA","21","100,000","A","0","0%","0%"
"*06r6j*","Kendrick Hernandez","DET","3B","4815","FA","19","100,000","A","0","0%","0%"
"*06u6j*","Leandro Hernandez","(N/A)","RP","4816","FA","24","100,000","A","0","0%","0%"
"*060o8*","Luigi Hernandez","(N/A)","SP","4817","FA","22","100,000","A","0","0%","0%"
"*06ysl*","Luis Hernandez","(N/A)","1B","4818","FA","18","100,000","A","0","0%","0%"
"*071w9*","Luis Hernandez","SF","SS","4819","J&A","17","500,000","A","0","35%","0%"
"*075lj*","Luis Hernandez","MIN","C","4820","FA","24","100,000","A","0","0%","0%"
"*06bs2*","Maikel Hernandez","(N/A)","SP","4821","FA","21","100,000","A","0","0%","0%"
"*06rp2*","Maikel Hernandez","(N/A)","C","4822","FA","23","100,000","A","0","0%","0%"
"*05m19*","Maikol Hernandez","(N/A)","3B,SS","4823","FA","22","100,000","A","0","1%","0%"
"*068rs*","Maxwel Hernandez","(N/A)","RP","4824","FA","23","100,000","A","0","0%","0%"
"*06pg8*","Melkis Hernandez","CLE","SP","4825","FA","21","100,000","A","0","0%","0%"
"*06o0k*","Melvin Hernandez","MIL","SP","4826","FA","20","100,000","A","0","1%","0%"
"*06plp*","Merphy Hernandez","MIN","CF,OF","4827","FA","19","100,000","A","0","0%","0%"
"*042b0*","Miguel Hernandez","(N/A)","3B,SS","4828","FA","27","100,000","A","0","0%","0%"
"*06yt8*","Miguel Hernandez","STL","SS","4829","FA","18","100,000","A","0","1%","0%"
"*041ue*","Nick Hernandez","ATH","P","4830","FA","31","100,000","A","0","0%","0%"
"*05j75*","Omar Hernandez","KC","C","4831","FA","24","100,000","A","0","0%","0%"
"*05rk5*","Ronald Hernandez","NYM","C,1B","4832","FA","22","100,000","A","0","0%","0%"
"*04al0*","Ronaldo Hernandez","(N/A)","C","4833","FA","28","100,000","A","0","1%","0%"
"*068y1*","Ronny Hernandez","BOS","C","4834","FA","21","100,000","A","0","1%","0%"
"*06cqn*","Roynier Hernandez","COL","2B","4835","FA","21","100,000","A","0","0%","0%"
"*065j9*","Sammy Hernandez","STL","C,1B","4836","FA","22","100,000","A","0","0%","0%"
"*067yn*","Seth Hernandez","PIT","SP","4837","JD","20","500,000","A","0","56%","0%"
"*04avd*","Wilkel Hernandez","(N/A)","SP","4838","FA","27","100,000","A","0","0%","0%"
"*06may*","Yandro Hernandez","(N/A)","RF,OF","4839","FA","21","100,000","A","0","0%","0%"
"*0737k*","Yohendi Hernandez","ARI","CF,OF","4840","FA","16","100,000","A","0","0%","0%"
"*04yin*","Yonny Hernandez","NYM","2B,SS","4841","FA","28","100,000","A","0","0%","0%"
"*06rum*","Yoslaniel Hernandez","PIT","SP","4842","FA","18","100,000","A","0","0%","0%"
"*06m7e*","Adrian Herrera","(N/A)","RP","4844","FA","21","100,000","A","0","0%","0%"
"*06r2x*","Angel Herrera","PIT","SP","4845","FA","19","100,000","A","0","0%","0%"
"*059zp*","Eduardo Herrera","(N/A)","RP","4846","FA","26","100,000","A","0","0%","0%"
"*06hip*","Eduardo Herrera","CHW","1B","4847","FA","19","100,000","A","0","2%","0%"
"*06qhp*","Franyer Herrera","NYY","RP","4848","FA","21","100,000","A","0","0%","0%"
"*06r58*","Herlinton Herrera","(N/A)","1B","4849","FA","19","100,000","A","0","0%","0%"
"*06mmw*","Javier Herrera","LAD","LF,OF","4850","FA","21","100,000","A","0","0%","0%"
"*06uxa*","Jorge Herrera","(N/A)","RP","4851","FA","23","100,000","A","0","0%","0%"
"*05xz1*","Jose Herrera","TEX","C","4852","FA","29","100,000","A","0","0%","0%"
"*06kvm*","Kendrick Herrera","PIT","SS","4853","FA","19","100,000","A","0","0%","0%"
"*064zl*","Marcos Herrera","COL","SP","4854","FA","21","100,000","A","0","0%","0%"
"*051wx*","Martin Herrera","(N/A)","SP","4855","FA","25","100,000","A","0","0%","0%"
"*06ri4*","Reiner Herrera","CLE","C","4856","FA","20","100,000","A","0","1%","0%"
"*06qza*","Roybert Herrera","NYM","1B","4857","FA","19","100,000","A","0","0%","0%"
"*06s69*","Steven Herrera","MIA","2B","4858","FA","18","100,000","A","0","0%","0%"
"*05yiy*","Yilber Herrera","MIN","3B","4859","FA","21","100,000","A","0","0%","0%"
"*06c8w*","Yordy Herrera","STL","RP","4860","FA","21","100,000","A","0","0%","0%"
"*05iyt*","Yujanyer Herrera","COL","SP","4861","FA","22","100,000","A","0","1%","0%"
"*06owe*","Griffin Herring","COL","SP","4862","FA","23","100,000","A","0","3%","0%"
"*04ppq*","Jimmy Herron","(N/A)","LF,RF,OF","4863","FA","29","100,000","A","0","0%","0%"
"*06qiw*","Tyler Herron","(N/A)","C","4864","FA","23","100,000","A","0","0%","0%"
"*072fs*","Eli Herst","(N/A)","SP","4865","FA","18","100,000","A","0","0%","0%"
"*06pgk*","Cole Hertzler","HOU","SP","4866","FA","23","100,000","A","0","2%","0%"
"*0516h*","DJ Herz","WSH","SP","4867","FA","25","100,000","A","0","20%","0%"
"*066iq*","Ben Hess","NYY","SP","4868","Brian","23","500,000","A","0","25%","0%"
"*06tlr*","Kyle Hess","(N/A)","RF,OF","4869","FA","27","100,000","A","0","0%","0%"
"*04t9a*","Zack Hess","(N/A)","SP","4870","FA","29","100,000","A","0","0%","0%"
"*06gum*","Kehden Hettiger","PHI","C,1B","4871","FA","22","100,000","A","0","0%","0%"
"*05uvd*","Peter Heubeck","LAD","SP","4872","FA","23","100,000","A","0","2%","0%"
"*06zhc*","Mac Heuer","NYY","SP","4873","FA","22","100,000","A","0","1%","0%"
"*06qjq*","Stone Hewlett","(N/A)","RP","4874","FA","24","100,000","A","0","0%","0%"
"*067zc*","Luke Heyman","BOS","C","4875","FA","23","100,000","A","0","1%","0%"
"*076vi*","Frederick Hiciano","MIN","SP","4876","FA","18","100,000","A","0","0%","0%"
"*066jv*","Matt Hickey","(N/A)","SP","4877","FA","28","100,000","A","0","0%","0%"
"*05tzm*","Nathan Hickey","BOS","1B","4878","FA","26","100,000","A","0","2%","0%"
"*05llv*","Mason Hickman","(N/A)","RP","4879","FA","27","100,000","A","0","0%","0%"
"*06hw7*","James Hicks","HOU","SP","4880","FA","25","100,000","A","0","2%","0%"
"*06zci*","Davion Hickson","LAD","SP","4881","FA","22","100,000","A","0","0%","0%"
"*06ih8*","Atsumi Hidaka","(N/A)","SP","4882","FA","21","100,000","A","0","0%","0%"
"*05rht*","Alejandro Hidalgo","MIN","SP","4883","FA","23","100,000","A","0","0%","0%"
"*072f9*","Andri Hidalgo","BAL","SP","4884","FA","17","100,000","A","0","3%","0%"
"*06zs6*","Diomar Hidalgo","BOS","SS","4885","FA","19","100,000","A","0","0%","0%"
"*074a0*","Gabriel Hidalgo","SEA","SP","4886","FA","19","100,000","A","0","0%","0%"
"*064oi*","Kelvin Hidalgo","COL","3B,SS","4887","FA","21","100,000","A","0","1%","0%"
"*04pv2*","Jake Higginbotham","(N/A)","RP","4888","FA","30","100,000","A","0","0%","0%"
"*06qrs*","Thomas Higgins Jr.","SEA","SP","4889","FA","23","100,000","A","0","0%","0%"
"*066a1*","Matt Higgins","(N/A)","1B","4890","FA","27","100,000","A","0","0%","0%"
"*05y9q*","Ryan Higgins","(N/A)","3B","4891","FA","26","100,000","A","0","0%","0%"
"*067ze*","Ross Highfill","(N/A)","C","4892","FA","22","100,000","A","0","0%","0%"
"*05u6o*","Sam Highfill","PHI","SP","4893","FA","25","100,000","A","0","0%","0%"
"*06o8p*","Cobb Hightower","BAL","SS","4894","FA","21","100,000","A","0","3%","0%"
"*06r81*","Jovensly Hilaire","TEX","CF,OF","4895","FA","19","100,000","A","0","0%","0%"
"*06ulk*","Danny Hilario","TB","RP","4896","FA","21","100,000","A","0","0%","0%"
"*072bx*","Michael Hilker","MIN","SP","4897","FA","21","100,000","A","0","0%","0%"
"*066k2*","Brady Hill","WSH","RP","4898","FA","25","100,000","A","0","0%","0%"
"*03dqc*","Cam Hill","TB","RP","4899","FA","32","100,000","A","0","0%","0%"
"*06qkr*","Camron Hill","PHI","SP","4900","FA","23","100,000","A","0","0%","0%"
"*051f3*","Darius Hill","(N/A)","LF,OF","4901","FA","28","100,000","A","0","0%","0%"
"*06mnh*","Dasan Hill","MIN","SP","4902","Kai","20","500,000","A","0","19%","0%"
"*055ca*","Garrett Hill","(N/A)","RP","4904","FA","30","100,000","A","0","0%","0%"
"*0513i*","GJ Hill","COL","RF,OF","4903","FA","25","100,000","A","0","0%","0%"
"*0637q*","Jamison Hill","(N/A)","RP","4905","FA","27","100,000","A","0","0%","0%"
"*06ypo*","Luke Hill","CLE","3B","4906","FA","22","100,000","A","0","4%","0%"
"*0008c*","Rich Hill","(N/A)","SP","4907","FA","46","100,000","A","0","0%","0%"
"*06nvj*","Turner Hill","SF","LF,CF,OF","4908","FA","27","100,000","A","0","0%","0%"
"*03qs6*","Sam Hilliard","(N/A)","OF","4909","FA","32","100,000","A","0","0%","0%"
"*03poy*","Juan Hillman","(N/A)","SP","4910","FA","29","100,000","A","0","0%","0%"
"*04pro*","P.J. Hilson","PIT","LF,CF,OF","4911","FA","25","100,000","A","0","0%","0%"
"*06uhf*","Jacob Hinderleider","COL","1B","4912","FA","25","100,000","A","0","0%","0%"
"*060g6*","Hunter Hines","WSH","1B","4913","FA","23","100,000","A","0","0%","0%"
"*05yfz*","Carlos Hinestroza","(N/A)","SP","4914","FA","23","100,000","A","0","0%","0%"
"*02j36*","C.J. Hinojosa","(N/A)","SS","4915","FA","32","100,000","A","0","0%","0%"
"*06z40*","Casey Hintz","SEA","RP","4916","FA","22","100,000","A","0","0%","0%"
"*06oh3*","Robert Hipwell","SF","1B,3B","4917","FA","23","100,000","A","0","1%","0%"
"*04l80*","Miguel Hiraldo","(N/A)","2B","4918","FA","25","100,000","A","0","0%","0%"
"*072fa*","Jensen Hirschkorn","ATL","SP","4919","FA","18","100,000","A","0","0%","0%"
"*05jqe*","Grayson Hitt","(N/A)","RP","4920","FA","24","100,000","A","0","1%","0%"
"*06zqp*","Jamie Hitt","SD","RP","4921","FA","24","100,000","A","0","0%","0%"
"*04e82*","Keston Hiura","(N/A)","1B","4922","FA","29","100,000","A","0","0%","0%"
"*06k6q*","Jake Hjelle","(N/A)","1B","4923","FA","25","100,000","A","0","0%","0%"
"*04nx1*","Sean Hjelle","(N/A)","RP","4924","FA","29","100,000","A","0","0%","0%"
"*05yef*","Cooper Hjerpe","STL","SP","4925","FA","25","100,000","A","0","12%","0%"
"*06guk*","Carson Hobbs","LAD","RP","4926","FA","24","100,000","A","0","0%","0%"
"*06cuf*","Michael Hobbs","SEA","RP","4927","FA","27","100,000","A","0","0%","0%"
"*06hur*","Caleb Hobson","COL","CF,OF","4928","FA","24","100,000","A","0","0%","0%"
"*06qpn*","Trent Hodgdon","CIN","RP","4929","FA","23","100,000","A","0","0%","0%"
"*06z7q*","Landon Hodge","CHW","C","4930","FA","19","100,000","A","0","1%","0%"
"*051aa*","Porter Hodge","CHC","RP","4931","FA","25","100,000","A","0","7%","0%"
"*075ga*","Ty Hodge","BOS","SS","4932","FA","23","100,000","A","0","0%","0%"
"*075kx*","Garrett Hodges","MIL","RP","4933","FA","23","100,000","A","0","0%","0%"
"*06qlc*","Hunter Hodges","NYM","RP","4934","FA","23","100,000","A","0","0%","0%"
"*0649b*","Douglas Hodo III","BAL","LF,CF,OF","4935","FA","25","100,000","A","0","0%","0%"
"*05156*","Bryan Hoeing","SD","RP","4936","FA","29","100,000","A","0","1%","0%"
"*04zjm*","Kody Hoese","(N/A)","3B","4937","FA","29","100,000","A","0","1%","0%"
"*06r4e*","Paul Hoff","MIL","SP","4938","FA","19","100,000","A","0","0%","0%"
"*06u74*","Wyatt Hoffman","SD","LF,OF","4939","FA","27","100,000","A","0","0%","0%"
"*06ulr*","Matt Hogan","(N/A)","CF,OF","4940","FA","26","100,000","A","0","0%","0%"
"*06zeq*","Jonathan Hogart","PHI","RF,OF","4941","FA","24","100,000","A","0","0%","0%"
"*04pmd*","Gunnar Hoglund","ATH","SP","4942","FA","26","100,000","A","0","8%","0%"
"*06zhf*","Josh Hogue","MIA","RF,OF","4943","FA","22","100,000","A","0","0%","0%"
"*05u2z*","Braden Holcomb","(N/A)","SS","4944","FA","21","100,000","A","0","0%","0%"
"*06pgy*","Colby Holcombe","TOR","SP","4945","FA","23","100,000","A","0","0%","0%"
"*0665k*","Connor Holden","(N/A)","SP","4946","FA","28","100,000","A","0","0%","0%"
"*072e1*","Ma'Kale Holden","MIL","SP","4947","FA","19","100,000","A","0","0%","0%"
"*061zo*","Gery Holguin","(N/A)","1B,3B","4948","FA","20","100,000","A","0","0%","0%"
"*061tm*","Aaron Holiday","(N/A)","RP","4949","FA","26","100,000","A","0","0%","0%"
"*06nuf*","Brian Holiday","STL","SP","4950","FA","23","100,000","A","0","1%","0%"
"*075nz*","Carter Holjes","MIN","RP","4951","FA","25","100,000","A","0","0%","0%"
"*068c0*","Hunter Hollan","CIN","SP","4952","FA","24","100,000","A","0","1%","0%"
"*04py4*","Korey Holland","(N/A)","LF,RF,OF","4953","FA","26","100,000","A","0","0%","0%"
"*04y96*","Will Holland","(N/A)","SS,CF,OF","4954","FA","28","100,000","A","0","0%","0%"
"*062cx*","Ethan Holliday","COL","SS","4955","Brenden","19","500,000","A","0","51%","0%"
"*06zb7*","Nick Hollifield","WSH","C","4956","FA","22","100,000","A","0","0%","0%"
"*04ylq*","Connor Hollis","(N/A)","2B,CF,OF","4957","FA","31","100,000","A","0","0%","0%"
"*066ab*","Kaden Hollow","(N/A)","1B","4958","FA","25","100,000","A","0","0%","0%"
"*06r75*","Bo Holloway","(N/A)","SP","4959","FA","18","100,000","A","0","0%","0%"
"*03dsa*","Jordan Holloway","(N/A)","RP","4960","FA","30","100,000","A","0","0%","0%"
"*05xpw*","Grant Holman","PHI","RP","4961","FA","26","100,000","A","0","1%","0%"
"*05yh6*","Luke Holman","CIN","SP","4962","FA","23","100,000","A","0","3%","0%"
"*0765q*","Juan Holmann","MIN","SS","4963","FA","17","100,000","A","0","0%","0%"
"*06pqd*","Bridger Holmes","LAA","RP","4964","FA","23","100,000","A","0","0%","0%"
"*075ey*","Jackson Holmes","ATH","SP","4965","FA","23","100,000","A","0","0%","0%"
"*06pge*","John Holobetz","BOS","SP","4966","FA","23","100,000","A","0","3%","0%"
"*05yo4*","Owen Holt","CIN","RP","4967","FA","27","100,000","A","0","0%","0%"
"*06uxl*","Peyton Holt","(N/A)","3B","4968","FA","25","100,000","A","0","0%","0%"
"*05yit*","Carter Holton","ATL","SP","4969","FA","23","100,000","A","0","2%","0%"
"*0517g*","Jake Holton","SF","1B","4970","FA","28","100,000","A","0","0%","0%"
"*05yl4*","Blake Holub","MIL","RP","4971","FA","27","100,000","A","0","0%","0%"
"*06mux*","Max Holy","HOU","2B,SS","4972","FA","24","100,000","A","0","0%","0%"
"*062e5*","Vance Honeycutt","BAL","CF,OF","4973","FA","23","100,000","A","0","18%","0%"
"*062yt*","Travis Honeyman","STL","CF,OF","4974","FA","24","100,000","A","0","2%","0%"
"*03d7m*","Brent Honeywell Jr.","(N/A)","RP","4975","FA","31","100,000","A","0","0%","0%"
"*0649d*","Josh Hood","SEA","3B,SS","4976","FA","25","100,000","A","0","0%","0%"
"*075ls*","Landon Hood","(N/A)","SP","4977","FA","19","100,000","A","0","0%","0%"
"*06ql6*","Hunter Hoopes","MIN","RP","4978","FA","26","100,000","A","0","0%","0%"
"*060yo*","Anthony Hoopii-Tuionetoa","(N/A)","RP","4979","FA","25","100,000","A","0","0%","0%"
"*06eyu*","Zyhir Hope","LAD","LF,RF,OF","4980","Max","21","500,000","A","0","48%","0%"
"*06hev*","Chase Hopewell","(N/A)","SP","4981","FA","25","100,000","A","0","0%","0%"
"*06ooa*","Tommy Hopfe","COL","2B,LF,OF","4982","FA","23","100,000","A","0","0%","0%"
"*06f1b*","Brody Hopkins","TB","SP","4983","Max","24","500,000","A","0","40%","0%"
"*0516l*","TJ Hopkins","(N/A)","RF,OF","4984","FA","29","100,000","A","0","0%","0%"
"*06qjp*","Kaden Hopson","LAA","DH","4985","FA","25","100,000","A","0","0%","0%"
"*074bc*","Archer Horn","(N/A)","SS","4986","FA","18","100,000","A","0","0%","0%"
"*05mrs*","Bailey Horn","DET","RP","4987","FA","28","100,000","A","0","0%","0%"
"*0687a*","Garrett Horn","MIN","SP","4988","FA","23","100,000","A","0","0%","0%"
"*06cez*","Sam Horn","LAD","SP","4989","FA","22","100,000","A","0","1%","0%"
"*05r56*","Bryson Horne","(N/A)","1B","4990","FA","27","100,000","A","0","0%","0%"
"*06hrz*","Jackson Hornung","TOR","1B,LF,OF","4991","FA","25","100,000","A","0","0%","0%"
"*072h7*","Jeyson Horton","LAA","SS","4992","FA","17","100,000","A","0","2%","0%"
"*05yha*","Mac Horvath","TB","2B,RF,OF","4993","FA","24","100,000","A","0","5%","0%"
"*06zge*","Luke Hoskins","DET","RP","4994","FA","23","100,000","A","0","0%","0%"
"*06zan*","Matthew Hoskins","TB","RP","4995","FA","22","100,000","A","0","0%","0%"
"*074lr*","Haruki Hosono","(N/A)","SP","4996","FA","24","100,000","A","0","0%","0%"
"*05y0w*","Bennett Hostetler","MIA","C","4997","FA","28","100,000","A","0","0%","0%"
"*06ql3*","Jack Hostetler","MIL","SP","4998","FA","22","100,000","A","0","0%","0%"
"*076a9*","Jackson Hotchkiss","(N/A)","RF,OF","4999","FA","20","100,000","A","0","0%","0%"
"*066nf*","Colin Houck","NYM","3B,SS","5000","FA","21","100,000","A","0","6%","0%"
"*03djk*","Tanner Houck","BOS","SP","5001","FA","30","100,000","A","0","15%","0%"
"*06qyn*","Maddux Houghton","MIN","CF,OF","5002","FA","27","100,000","A","0","0%","0%"
"*051d2*","Connor Housley","(N/A)","P","5003","FA","24","100,000","A","0","0%","0%"
"*06mps*","Marek Houston","MIN","SS","5004","FA","22","100,000","A","0","16%","0%"
"*06qkq*","Dylan Howard","HOU","SP","5005","FA","23","100,000","A","0","0%","0%"
"*0599w*","Ed Howard","CHC","SS","5006","FA","24","100,000","A","0","3%","0%"
"*04eeu*","Spencer Howard","(N/A)","SP","5007","FA","29","100,000","A","0","0%","0%"
"*070bi*","Tyler Howard","CLE","C","5008","FA","22","100,000","A","0","0%","0%"
"*06qo8*","Garrett Howe","CLE","2B,SS","5009","FA","24","100,000","A","0","0%","0%"
"*04era*","Korry Howell","(N/A)","LF,CF,OF","5010","FA","27","100,000","A","0","0%","0%"
"*06qsn*","Preston Howey","DET","RP","5011","FA","24","100,000","A","0","0%","0%"
"*06ul5*","Stephen Hrustich","DET","LF,RF,OF","5012","FA","24","100,000","A","0","0%","0%"
"*05vym*","Jo-Hsi Hsu","(N/A)","SP","5013","FA","25","100,000","A","0","0%","0%"
"*06ulp*","Chung-Hsiang Huang","ARI","SP","5014","FA","20","100,000","A","0","1%","0%"
"*06rs5*","Pao Lo Huang","(N/A)","SP","5015","FA","22","100,000","A","0","0%","0%"
"*05xu4*","Bryce Hubbart","CIN","RP","5016","FA","25","100,000","A","0","1%","0%"
"*06f0o*","Wyatt Hudepohl","NYM","SP","5017","FA","24","100,000","A","0","0%","0%"
"*041md*","Dakota Hudson","(N/A)","SP","5018","FA","31","100,000","A","0","0%","0%"
"*05y2z*","Levi Huesman","WSH","RP","5019","FA","22","100,000","A","0","0%","0%"
"*06eys*","Anthony Huezo","HOU","CF,OF","5020","FA","20","100,000","A","0","2%","0%"
"*064ne*","Chance Huff","WSH","RP","5021","FA","26","100,000","A","0","0%","0%"
"*06433*","Kody Huff","CLE","C","5022","FA","25","100,000","A","0","0%","0%"
"*06kxj*","Riley Huge","ATH","RP","5023","FA","24","100,000","A","0","0%","0%"
"*0647q*","Kenya Huggins","ATH","SP","5024","FA","23","100,000","A","0","1%","0%"
"*04eon*","Brandon Hughes","(N/A)","RP","5025","FA","30","100,000","A","0","0%","0%"
"*070bu*","CJ Hughes","MIL","SS","5026","FA","18","100,000","A","0","2%","0%"
"*06v2v*","Grif Hughes","COL","RP","5027","FA","24","100,000","A","0","0%","0%"
"*06qoz*","Gus Hughes","WSH","RP","5028","FA","24","100,000","A","0","0%","0%"
"*03pp4*","Jonathan Hughes","(N/A)","RP","5029","FA","29","100,000","A","0","0%","0%"
"*070dl*","Logan Hughes","HOU","LF,OF","5030","FA","21","100,000","A","0","1%","0%"
"*06qqt*","Nolan Hughes","WSH","RP","5031","FA","24","100,000","A","0","0%","0%"
"*06yjt*","Griffin Hugus","SEA","SP","5032","FA","22","100,000","A","0","2%","0%"
"*05ue8*","Eiker Huizi","WSH","RP","5033","FA","25","100,000","A","0","0%","0%"
"*06qtp*","Connor Hujsak","TB","LF,CF,RF,OF","5034","FA","24","100,000","A","0","0%","0%"
"*06652*","Nick Hull","SEA","RP","5035","FA","26","100,000","A","0","0%","0%"
"*0421c*","Cooper Hummel","(N/A)","LF,OF","5036","FA","31","100,000","A","0","0%","0%"
"*06zep*","Jacob Humphrey","COL","CF,OF","5037","FA","23","100,000","A","0","0%","0%"
"*06zeu*","Nathan Humphreys","PHI","CF,OF","5038","FA","23","100,000","A","0","0%","0%"
"*060mc*","Zach Humphreys","LAA","C","5039","FA","28","100,000","A","0","0%","0%"
"*0648g*","Jackson Humphries","CLE","SP","5040","FA","21","100,000","A","0","1%","0%"
"*061je*","Sean Hunley","(N/A)","RP","5041","FA","27","100,000","A","0","0%","0%"
"*070d4*","Riely Hunsaker","CHC","SP","5042","FA","23","100,000","A","0","0%","0%"
"*066b3*","K.C. Hunt","TB","SP","5043","FA","26","100,000","A","0","5%","0%"
"*0647k*","Cade Hunter","CIN","C","5044","FA","25","100,000","A","0","0%","0%"
"*06z0x*","Caden Hunter","BAL","SP","5045","FA","22","100,000","A","0","7%","0%"
"*072fw*","Henry Hunter","CIN","C","5046","FA","23","100,000","A","0","0%","0%"
"*06rh1*","Kenly Hunter","STL","CF,OF","5047","FA","18","100,000","A","0","1%","0%"
"*0669r*","Jerry Huntzinger","(N/A)","C","5048","FA","27","100,000","A","0","0%","0%"
"*05t9k*","Thatcher Hurd","NYY","SP","5049","FA","23","100,000","A","0","3%","0%"
"*06htu*","Devin Hurdle","(N/A)","2B","5050","FA","26","100,000","A","0","0%","0%"
"*060u1*","Jack Hurley","ARI","LF,CF,OF","5051","FA","24","100,000","A","0","2%","0%"
"*06c2a*","Daviel Hurtado","NYM","SP","5052","FA","21","100,000","A","0","1%","0%"
"*06fxd*","Joel Hurtado","LAA","SP","5053","Ethan","25","500,000","A","0","1%","0%"
"*06rkl*","Ricardo Hurtado","DET","C","5054","FA","23","100,000","A","0","0%","0%"
"*06i06*","Victor Hurtado","WSH","LF,OF","5055","FA","19","100,000","A","0","3%","0%"
"*05r9h*","Jacob Hurtubise","MIL","LF,OF","5056","FA","28","100,000","A","0","1%","0%"
"*05yil*","Grant Hussey","(N/A)","1B","5057","FA","23","100,000","A","0","0%","0%"
"*025kq*","Drew Hutchison","(N/A)","RP","5058","FA","35","100,000","A","0","0%","0%"
"*06rrb*","Jun Seo Hwang","(N/A)","SP","5059","FA","20","100,000","A","0","0%","0%"
"*065v6*","Braxton Hyde","COL","RP","5060","FA","25","100,000","A","0","0%","0%"
"*06z9c*","Will Hynes","CLE","SP","5061","FA","19","100,000","A","0","1%","0%"
"*06bpz*","Pedro Ibarguen","MIL","RF,OF","5062","FA","20","100,000","A","0","1%","0%"
"*04ylr*","Joel Ibarra","PIT","RP","5063","FA","24","100,000","A","0","0%","0%"
"*05was*","Ruben Ibarra","CIN","1B","5064","FA","27","100,000","A","0","0%","0%"
"*01s98*","Jose Iglesias","(N/A)","2B,3B,SS","5065","FA","36","100,000","A","0","1%","0%"
"*06hng*","Ryan Ignoffo","MIA","C","5066","FA","25","100,000","A","0","0%","0%"
"*06ky6*","Luis Ilarraza","NYY","RP","5067","FA","19","100,000","A","0","0%","0%"
"*06hp5*","Anthony Imhoff","(N/A)","SP","5068","FA","24","100,000","A","0","0%","0%"
"*04b12*","Diego Infante","(N/A)","LF,RF,OF","5069","FA","26","100,000","A","0","0%","0%"
"*05jqg*","Sammy Infante","(N/A)","3B","5070","FA","25","100,000","A","0","0%","0%"
"*06s39*","Wisler Infante","SEA","SP","5071","FA","18","100,000","A","0","0%","0%"
"*076k9*","Enzo Infelise","(N/A)","C","5072","FA","19","100,000","A","0","0%","0%"
"*060up*","Kolton Ingram","(N/A)","RP","5073","FA","29","100,000","A","0","0%","0%"
"*06hww*","Jojo Ingrassia","BOS","RP","5074","FA","23","100,000","A","0","1%","0%"
"*06qs0*","Haruto Inoue","(N/A)","SP","5075","FA","25","100,000","A","0","0%","0%"
"*06uws*","Austin Irby","(N/A)","1B","5076","FA","20","100,000","A","0","0%","0%"
"*06rol*","Brent Iredale","PIT","3B","5077","FA","23","100,000","A","0","0%","0%"
"*06in1*","Thomas Ireland","TEX","RP","5078","FA","24","100,000","A","0","0%","0%"
"*060q2*","Jairo Iriarte","CHW","RP","5079","FA","24","100,000","A","0","5%","0%"
"*06c10*","Ike Irish","BAL","C,1B","5080","ELLY","22","500,000","A","0","32%","0%"
"*041ru*","Cole Irvin","LAD","SP","5081","FA","32","100,000","A","0","1%","0%"
"*062pp*","Xavier Isaac","TB","DH","5082","JD","22","500,000","A","0","31%","0%"
"*06hwg*","Chase Isbell","KC","RP","5083","FA","25","100,000","A","0","0%","0%"
"*06q34*","Edgar Isea","(N/A)","RP","5084","FA","23","100,000","A","0","0%","0%"
"*073nw*","Genki Ishigaki","(N/A)","SP","5085","FA","18","100,000","A","0","0%","0%"
"*072wl*","Daichi Ishii","(N/A)","RP","5086","FA","28","100,000","A","0","0%","0%"
"*074ac*","Kenny Ishikawa","(N/A)","CF,OF","5087","FA","22","100,000","A","0","0%","0%"
"*074v9*","Yusei Ishizuka","(N/A)","SS","5088","FA","20","100,000","A","0","0%","0%"
"*060oz*","Alex Isola","(N/A)","1B,LF,OF","5089","FA","27","100,000","A","0","0%","0%"
"*060gf*","Eddy Isturiz","(N/A)","LF,OF","5090","FA","22","100,000","A","0","0%","0%"
"*06sms*","Hiromi Itoh","(N/A)","SP","5091","FA","28","100,000","A","0","2%","0%"
"*04efv*","Tyler Ivey","(N/A)","SP","5092","FA","30","100,000","A","0","0%","0%"
"*06rf7*","Nieves Izaguirre","PHI","SS","5093","FA","18","100,000","A","0","0%","0%"
"*066k7*","Jose Izarra","LAD","2B","5094","FA","24","100,000","A","0","0%","0%"
"*05yic*","Victor Izturis","CLE","C","5095","FA","21","100,000","A","0","0%","0%"
"*063e6*","Ashton Izzi","ARI","SP","5096","FA","22","100,000","A","0","2%","0%"
"*06hp0*","Matt Jachec","CLE","RP","5097","FA","24","100,000","A","0","0%","0%"
"*04elo*","Andre Jackson","(N/A)","RP","5098","FA","30","100,000","A","0","0%","0%"
"*06yyj*","Core Jackson","NYY","SS","5099","FA","22","100,000","A","0","1%","0%"
"*06mhz*","Daniel Jackson","COL","C","5100","FA","21","100,000","A","0","1%","0%"
"*06suv*","Gabriel Jackson","(N/A)","RP","5101","FA","24","100,000","A","0","0%","0%"
"*06hh2*","Isaiah Jackson","KC","RP","5102","FA","24","100,000","A","0","0%","0%"
"*06l5p*","Isaiah Jackson","BOS","CF,OF","5103","FA","22","100,000","A","0","0%","0%"
"*06qpp*","JoJo Jackson","NYY","RF,OF","5104","FA","23","100,000","A","0","2%","0%"
"*05yo9*","Jordan Jackson","(N/A)","RP","5105","FA","27","100,000","A","0","0%","0%"
"*025ey*","Luke Jackson","(N/A)","RP","5106","FA","34","100,000","A","0","1%","0%"
"*070bq*","Luke Jackson","TB","RP","5107","FA","22","100,000","A","0","0%","0%"
"*06qpo*","Ryan Jackson","SD","2B,3B,SS","5108","FA","24","100,000","A","0","0%","0%"
"*06qwt*","Ben Jacobs","DET","SP","5109","FA","22","100,000","A","0","9%","0%"
"*06h05*","Carson Jacobs","CHW","RP","5110","FA","24","100,000","A","0","0%","0%"
"*06s35*","Zach Jacobs","CLE","RP","5111","FA","24","100,000","A","0","0%","0%"
"*06588*","Tanner Jacobson","(N/A)","RP","5112","FA","26","100,000","A","0","0%","0%"
"*06c33*","Joe Jacques","NYM","SP","5113","FA","31","100,000","A","0","0%","0%"
"*06rif*","Brandon Jaime","CIN","C","5114","FA","21","100,000","A","0","0%","0%"
"*06y9q*","Brayden Jaksa","(N/A)","C","5115","FA","19","100,000","A","0","0%","0%"
"*06alw*","Coy James","WSH","SS","5116","FA","19","100,000","A","0","5%","0%"
"*076ux*","Fenuel James","CHC","RP","5117","FA","23","100,000","A","0","0%","0%"
"*049dt*","Josh James","(N/A)","RP","5118","FA","33","100,000","A","0","0%","0%"
"*0648l*","Kamren James","TB","LF,OF","5119","FA","26","100,000","A","0","0%","0%"
"*06qv5*","Fisher Jameson","COL","RP","5120","FA","23","100,000","A","0","0%","0%"
"*066ls*","Justin Janas","(N/A)","RF,OF","5121","FA","25","100,000","A","0","0%","0%"
"*06kkk*","Walker Janek","HOU","C","5122","FA","23","100,000","A","0","7%","0%"
"*06f8f*","Hyun-Seok Jang","LAD","SP","5123","Brenden","22","100,000","A","0","8%","0%"
"*076cv*","Jimmy Janicki","(N/A)","3B","5124","FA","20","100,000","A","0","0%","0%"
"*06qnn*","Camden Janik","PIT","LF,OF","5125","FA","24","100,000","A","0","0%","0%"
"*06mw9*","Niko Janssens","(N/A)","SP","5126","FA","20","100,000","A","0","0%","0%"
"*076ci*","Luis Jaquez","TEX","SS","5127","FA","17","100,000","A","0","0%","0%"
"*05gvt*","Bryce Jarvis","ARI","RP","5128","FA","28","100,000","A","0","1%","0%"
"*04prb*","Justin Jarvis","(N/A)","SP","5129","FA","26","100,000","A","0","0%","0%"
"*05y54*","Mike Jarvis","PIT","2B,LF,OF","5130","FA","28","100,000","A","0","0%","0%"
"*075lo*","Carson Jasa","CHC","SP","5131","FA","21","100,000","A","0","0%","0%"
"*065j8*","Jack Jasiak","CLE","RP","5132","FA","25","100,000","A","0","0%","0%"
"*06ek0*","Dylan Jasso","MIA","3B","5133","FA","23","100,000","A","0","1%","0%"
"*074nz*","Hayden Jatczak","SF","3B","5134","FA","24","100,000","A","0","0%","0%"
"*06rgt*","Cristian Jauregui","PIT","LF,OF","5135","FA","20","100,000","A","0","0%","0%"
"*06com*","Ismael Javier","(N/A)","SS","5136","FA","20","100,000","A","0","0%","0%"
"*04sy2*","Odalvi Javier","(N/A)","SP","5137","FA","29","100,000","A","0","0%","0%"
"*06o07*","Robinson Javier","(N/A)","RP","5138","FA","20","100,000","A","0","0%","0%"
"*06f1m*","Chase Jaworsky","MIA","2B,SS","5139","FA","21","100,000","A","0","1%","0%"
"*06c5h*","Grant Jay","SEA","C","5140","FA","22","100,000","A","0","0%","0%"
"*03n6f*","Tyler Jay","(N/A)","RP","5141","FA","32","100,000","A","0","0%","0%"
"*051d5*","Antoine Jean","COL","RP","5142","FA","24","100,000","A","0","0%","0%"
"*0776c*","Anyelo Jean","PIT","SS","5143","FA","17","100,000","A","0","0%","0%"
"*06ilu*","Enderson Jean","(N/A)","RP","5144","FA","21","100,000","A","0","0%","0%"
"*063dq*","Jefferson Jean","(N/A)","SP","5145","FA","21","100,000","A","0","0%","0%"
"*0637e*","Yanki Jean-Baptiste","(N/A)","1B","5146","FA","21","100,000","A","0","0%","0%"
"*066eq*","Mitch Jebb","PIT","2B,CF,OF","5147","FA","24","100,000","A","0","3%","0%"
"*06r01*","Chris Jefferson","(N/A)","SP","5148","FA","29","100,000","A","0","0%","0%"
"*0689j*","Madison Jeffrey","CHW","RP","5149","FA","26","100,000","A","0","0%","0%"
"*06qun*","Jake Jekielek","TEX","RP","5150","FA","23","100,000","A","0","0%","0%"
"*06496*","Andrew Jenkins","DET","1B","5151","FA","25","100,000","A","0","0%","0%"
"*06hpo*","Bryce Jenkins","NYM","RP","5152","FA","25","100,000","A","0","0%","0%"
"*06beq*","Jeremiah Jenkins","SF","1B","5153","FA","23","100,000","A","0","0%","0%"
"*06rpf*","Sean Jenkins","(N/A)","SP","5154","FA","19","100,000","A","0","0%","0%"
"*05u3v*","Walker Jenkins","MIN","CF,OF","5155","Steve","21","500,000","A","0","63%","0%"
"*06pg5*","Jacob Jenkins-Cowart","MIA","RF,OF","5156","FA","23","100,000","A","0","0%","0%"
"*04ees*","Steven Jennings","(N/A)","RP","5157","FA","27","100,000","A","0","0%","0%"
"*0511q*","Ryan Jensen","CHC","RP","5158","FA","28","100,000","A","0","0%","0%"
"*05ogs*","Wil Jensen","(N/A)","RP","5159","FA","28","100,000","A","0","0%","0%"
"*072h3*","Woo Joo Jeong","(N/A)","RP","5160","FA","19","100,000","A","0","0%","0%"
"*04zaz*","Juan Jerez","(N/A)","2B","5161","FA","24","100,000","A","0","0%","0%"
"*0680o*","Eli Jerzembeck","CHC","RP","5162","FA","23","100,000","A","0","0%","0%"
"*0657g*","Brody Jessee","CIN","RP","5163","FA","25","100,000","A","0","1%","0%"
"*072fx*","Chase Jessee","KC","RP","5164","FA","27","100,000","A","0","0%","0%"
"*06qkz*","Luke Jewett","COL","RP","5165","FA","23","100,000","A","0","0%","0%"
"*0730z*","Wensloby Jhon","ATH","SP","5166","FA","18","100,000","A","0","0%","0%"
"*06rqp*","Aiden Jimenez","KC","RP","5167","FA","22","100,000","A","0","0%","0%"
"*06qy1*","Albert Jimenez","SF","DH","5168","FA","19","100,000","A","0","0%","0%"
"*06qfl*","Anderson Jimenez","SEA","SP","5169","FA","18","100,000","A","0","0%","0%"
"*06kkm*","Angel Jimenez","COL","SP","5170","FA","23","100,000","A","0","0%","0%"
"*05uvv*","Antonio Jimenez","(N/A)","RP","5171","FA","25","100,000","A","0","0%","0%"
"*070ta*","Antonio Jimenez","NYM","SS","5172","FA","22","100,000","A","0","1%","0%"
"*050yo*","Carlos Jimenez","(N/A)","RP","5173","FA","24","100,000","A","0","0%","0%"
"*060qt*","Carlos Jimenez","SEA","CF,OF","5174","FA","23","100,000","A","0","0%","0%"
"*06rq1*","Damian Jimenez","(N/A)","SP","5175","FA","21","100,000","A","0","0%","0%"
"*059zc*","Dany Jimenez","(N/A)","RP","5176","FA","32","100,000","A","0","0%","0%"
"*06ky0*","Edgar Jimenez","NYY","1B","5177","FA","19","100,000","A","0","0%","0%"
"*062x5*","Edwin Jimenez","MIL","SP","5178","FA","24","100,000","A","0","0%","0%"
"*07617*","Elvin Jimenez","MIA","RP","5179","FA","21","100,000","A","0","0%","0%"
"*074ab*","Emilio Jimenez","STL","SP","5180","FA","17","100,000","A","0","0%","0%"
"*066mg*","Enrique Jimenez","MIN","C,1B","5181","FA","20","100,000","A","0","1%","0%"
"*06ag0*","Estibenzon Jimenez","PHI","SP","5182","FA","24","100,000","A","0","0%","0%"
"*066r2*","Federik Jimenez","(N/A)","RP","5183","FA","21","100,000","A","0","0%","0%"
"*06c7d*","Frederik Jimenez","BOS","1B","5184","FA","21","100,000","A","0","0%","0%"
"*04uqb*","Gilberto Jimenez","(N/A)","CF,OF","5185","FA","26","100,000","A","0","0%","0%"
"*072ih*","Hansel Jimenez","CIN","3B,SS","5186","FA","19","100,000","A","0","0%","0%"
"*06ifn*","Jhomber Jimenez","(N/A)","SP","5187","FA","20","100,000","A","0","0%","0%"
"*05r65*","Jhonny Jimenez","LAD","RP","5188","FA","22","100,000","A","0","0%","0%"
"*076ad*","Jhordari Jimenez","CLE","SP","5189","FA","18","100,000","A","0","0%","0%"
"*03as0*","Joe Jimenez","ATL","RP","5190","FA","31","100,000","A","0","4%","0%"
"*0766d*","Jonathan Jimenez","NYM","SP","5191","FA","22","100,000","A","0","0%","0%"
"*06hsp*","Linbel Jimenez","(N/A)","RP","5192","FA","21","100,000","A","0","0%","0%"
"*064os*","Manolfi Jimenez","PHI","LF,RF,OF","5193","FA","21","100,000","A","0","0%","0%"
"*06tlb*","Marco Jimenez","DET","RP","5194","FA","26","100,000","A","0","0%","0%"
"*06umc*","Onias Jimenez","(N/A)","RP","5195","FA","22","100,000","A","0","0%","0%"
"*06ulo*","Ronaldys Jimenez","PIT","RP","5196","FA","20","100,000","A","0","0%","0%"
"*06sby*","Yaury Jimenez","ARI","SP","5197","FA","20","100,000","A","0","0%","0%"
"*06uy4*","Yeuris Jimenez","WSH","RP","5198","FA","25","100,000","A","0","0%","0%"
"*067xv*","Woo Jin An","(N/A)","SP","5199","FA","26","100,000","A","0","1%","0%"
"*04ylx*","Woo-Young Jin","(N/A)","SP","5200","FA","25","100,000","A","0","0%","0%"
"*05rb0*","Jackson Jobe","DET","SP","5201","Steve","23","1,000,000","A","0","51%","0%"
"*06hw2*","Brayden Jobert","(N/A)","1B,LF,OF","5202","FA","25","100,000","A","0","0%","0%"
"*060yq*","Yorfran John","(N/A)","SS","5203","FA","21","100,000","A","0","0%","0%"
"*06qse*","Ayden Johnson","ATH","3B","5204","FA","18","100,000","A","0","2%","0%"
"*06qpq*","Ben Johnson","CHC","RP","5205","FA","24","100,000","A","0","0%","0%"
"*06hw0*","Bjorn Johnson","MIL","RP","5206","FA","21","100,000","A","0","0%","0%"
"*0658a*","Brandon Johnson","KC","RP","5207","FA","27","100,000","A","0","0%","0%"
"*05yj2*","Cameron Johnson","CHW","SP","5208","FA","21","100,000","A","0","0%","0%"
"*06icz*","Carter Johnson","MIA","2B,SS","5209","FA","20","100,000","A","0","2%","0%"
"*06sux*","Colton Johnson","(N/A)","RP","5210","FA","27","100,000","A","0","0%","0%"
"*04aui*","Cooper Johnson","TEX","C,DH","5211","FA","28","100,000","A","0","0%","0%"
"*064nc*","Dom Johnson","(N/A)","LF,OF","5212","FA","25","100,000","A","0","0%","0%"
"*070bp*","Jacob Johnson","TEX","SP","5213","FA","20","100,000","A","0","1%","0%"
"*051ay*","Jared Johnson","ATH","RP","5214","FA","25","100,000","A","0","0%","0%"
"*06dqu*","Justin Johnson","KC","2B,3B","5215","FA","26","100,000","A","0","0%","0%"
"*06cqg*","Keon Johnson","HOU","SS","5216","FA","18","100,000","A","0","0%","0%"
"*06l2p*","Kyle Johnson","(N/A)","SP","5217","FA","21","100,000","A","0","0%","0%"
"*06k6r*","Lebarron Johnson","COL","SP","5218","FA","24","100,000","A","0","0%","0%"
"*06qv4*","Luke Johnson","WSH","RP","5219","FA","24","100,000","A","0","0%","0%"
"*06480*","Marcus Johnson","TB","SP","5221","FA","25","100,000","A","0","1%","0%"
"*065v4*","Marques Johnson","SF","RP","5222","FA","26","100,000","A","0","0%","0%"
"*0514w*","MD Johnson","(N/A)","SP","5220","FA","29","100,000","A","0","0%","0%"
"*04pmr*","Osiris Johnson","(N/A)","SS","5223","FA","25","100,000","A","0","0%","0%"
"*06c7u*","Paris Johnson","(N/A)","RF,OF","5224","FA","21","100,000","A","0","0%","0%"
"*0658c*","Preston Johnson","MIN","SP","5225","FA","26","100,000","A","0","0%","0%"
"*07661*","Rett Johnson","(N/A)","LF,OF","5226","FA","20","100,000","A","0","0%","0%"
"*06fze*","Ryan Johnson","(N/A)","SS","5227","FA","25","100,000","A","0","0%","0%"
"*05rc5*","Termarr Johnson","PIT","2B","5228","R&J","22","500,000","A","0","29%","0%"
"*06htl*","Ty Johnson","TB","SP","5229","Steve","24","500,000","A","0","24%","0%"
"*0665j*","Tyler Johnson","(N/A)","1B","5230","FA","26","100,000","A","0","0%","0%"
"*06r4y*","Brodie Johnston","(N/A)","3B","5231","FA","20","100,000","A","0","0%","0%"
"*04ehy*","Kyle Johnston","(N/A)","P","5232","FA","30","100,000","A","0","0%","0%"
"*0637r*","Reid Johnston","(N/A)","SP","5233","FA","27","100,000","A","0","0%","0%"
"*06hvd*","Will Johnston","ATH","SP","5234","FA","25","100,000","A","0","1%","0%"
"*06quf*","Keith Jones II","TEX","LF,RF,OF","5235","FA","24","100,000","A","0","0%","0%"
"*06yux*","Harry Chubb Jones Jr.","(N/A)","SS","5236","FA","17","100,000","A","0","0%","0%"
"*070c9*","Brady Jones","TB","SP","5237","FA","22","100,000","A","0","0%","0%"
"*072br*","Brayden Jones","TB","RP","5238","FA","24","100,000","A","0","0%","0%"
"*06lp5*","Brendan Jones","MIA","LF,CF,OF","5239","FA","24","100,000","A","0","3%","0%"
"*05ya3*","Brock Jones","TB","LF,RF,OF","5240","FA","25","100,000","A","0","2%","0%"
"*06qtt*","Colby Jones","ATL","2B,3B,SS","5241","FA","22","100,000","A","0","0%","0%"
"*05tdk*","Druw Jones","ARI","CF,RF,OF","5242","Brenden","22","500,000","A","0","30%","0%"
"*06qwy*","Eli Jones","MIN","SP","5243","FA","23","100,000","A","0","0%","0%"
"*0761e*","Evan Jones","(N/A)","RP","5244","FA","19","100,000","A","0","0%","0%"
"*060ug*","Holt Jones","MIA","RP","5245","FA","27","100,000","A","0","0%","0%"
"*05u30*","Jared Jones","PIT","1B","5246","FA","22","100,000","A","0","2%","0%"
"*05u2t*","Jayson Jones","CHW","SS","5247","FA","22","100,000","A","0","0%","0%"
"*065uz*","Kyle Jones","(N/A)","RP","5248","FA","26","100,000","A","0","0%","0%"
"*06r3q*","Kyle Jones","(N/A)","CF,OF","5249","FA","21","100,000","A","0","0%","0%"
"*05mrw*","LJ Jones","(N/A)","LF,OF","5250","FA","27","100,000","A","0","0%","0%"
"*0724i*","Merit Jones","MIN","SP","5251","FA","22","100,000","A","0","0%","0%"
"*05ycb*","Nick Jones","LAA","RP","5252","FA","27","100,000","A","0","0%","0%"
"*041q6*","Nolan Jones","CHW","CF,RF,OF","5253","FA","28","100,000","A","0","5%","0%"
"*06qrh*","Sir Jamison Jones","WSH","C","5254","FA","20","100,000","A","0","0%","0%"
"*051fu*","Stephen Jones","MIA","RP","5255","FA","28","100,000","A","0","0%","0%"
"*06pgi*","Tanner Jones","KC","SP","5256","FA","23","100,000","A","0","0%","0%"
"*067yf*","Dakota Jordan","SF","CF,OF","5257","FA","23","100,000","A","0","12%","+1%"
"*06p61*","Dylan Jordan","LAA","SP","5258","FA","20","100,000","A","0","6%","0%"
"*061w0*","Levi Jordan","WSH","3B,SS","5259","FA","30","100,000","A","0","0%","0%"
"*05rf5*","Carlos Jorge","CIN","CF,OF","5260","FA","22","100,000","A","0","7%","0%"
"*05r9e*","Dyan Jorge","COL","2B,SS","5261","FA","23","100,000","A","0","2%","0%"
"*06tln*","Bernard Jose","SD","RP","5262","FA","23","100,000","A","0","0%","0%"
"*0741m*","Yordi Jose","MIN","RP","5263","FA","19","100,000","A","0","0%","0%"
"*06drq*","Tavian Josenberger","BAL","CF,RF,OF","5264","FA","24","100,000","A","0","0%","0%"
"*06hys*","Dawel Joseph","SEA","3B","5265","FA","19","100,000","A","0","4%","0%"
"*06mpo*","Elison Joseph","ATL","RP","5266","FA","25","100,000","A","0","0%","0%"
"*061tq*","Jean Joseph","TOR","CF,RF,OF","5267","FA","21","100,000","A","0","0%","0%"
"*06eo1*","Jakey Josepha","ARI","CF,RF,OF","5268","FA","22","100,000","A","0","0%","0%"
"*060eu*","Ben Joyce","LAA","RP","5269","J&A","25","3,000,000","A","0","35%","0%"
"*05190*","Corey Joyce","TEX","2B,SS","5270","FA","27","100,000","A","0","0%","0%"
"*066sr*","Jimmy Joyce","SEA","RP","5271","FA","27","100,000","A","0","0%","0%"
"*06ib3*","Deok Ju Ham","(N/A)","RP","5272","FA","31","100,000","A","0","0%","0%"
"*05ueo*","Jorge Juan","(N/A)","RP","5273","FA","27","100,000","A","0","0%","0%"
"*05ycj*","Simon Juan","NYM","CF,RF,OF","5274","FA","21","100,000","A","0","1%","0%"
"*06agq*","Daniel Juarez","(N/A)","RP","5275","FA","25","100,000","A","0","0%","0%"
"*05uvy*","Victor Juarez","COL","RP","5276","FA","23","100,000","A","0","0%","0%"
"*06fzg*","Nicholas Judice","BOS","RP","5277","FA","25","100,000","A","0","0%","0%"
"*06uln*","Jorge Julio","(N/A)","RF,OF","5278","FA","19","100,000","A","0","0%","0%"
"*04eit*","Corey Julks","DET","LF,OF","5279","FA","30","100,000","A","0","1%","0%"
"*06rra*","Hyeong Jun So","(N/A)","SP","5280","FA","24","100,000","A","0","0%","0%"
"*06c7w*","Yoerny Junco","(N/A)","3B","5281","FA","21","100,000","A","0","0%","0%"
"*06ibe*","Woo Young Jung","(N/A)","RP","5282","FA","26","100,000","A","0","0%","0%"
"*072dl*","Landry Jurecka","SD","SP","5283","FA","23","100,000","A","0","0%","0%"
"*05yae*","Evan Justice","COL","SP","5284","FA","28","100,000","A","0","0%","0%"
"*0657f*","Andrew Kachel","(N/A)","2B","5285","FA","25","100,000","A","0","0%","0%"
"*06qys*","Chris Kachmar","BAL","SP","5286","FA","29","100,000","A","0","0%","0%"
"*0513a*","Nick Kahle","(N/A)","C","5287","FA","28","100,000","A","0","0%","0%"
"*04ppn*","Connor Kaiser","KC","2B","5288","FA","29","100,000","A","0","0%","0%"
"*06fpi*","Brian Kalmer","(N/A)","1B","5289","FA","25","100,000","A","0","0%","0%"
"*06gir*","Jace Kaminska","MIN","SP","5290","FA","24","100,000","A","0","0%","0%"
"*0310g*","Rob Kaminsky","LAA","SP","5291","FA","31","100,000","A","0","0%","0%"
"*06hpt*","Mikey Kane","(N/A)","1B,3B","5292","FA","25","100,000","A","0","0%","0%"
"*06eku*","Tommy Kane","(N/A)","RP","5293","FA","24","100,000","A","0","0%","0%"
"*073vq*","Yumeto Kanemaru","(N/A)","SP","5294","FA","23","100,000","A","0","0%","0%"
"*05m6j*","Baek-ho Kang","(N/A)","C","5295","FA","26","100,000","A","0","0%","0%"
"*03adt*","James Kaprielian","(N/A)","SP","5296","FA","32","100,000","A","0","0%","0%"
"*04emj*","Ricky Karcher","(N/A)","RP","5297","FA","28","100,000","A","0","0%","0%"
"*06z45*","Anthony Karoly","SEA","SP","5298","FA","22","100,000","A","0","0%","0%"
"*06pg3*","Braedon Karpathios","SD","CF,RF,OF","5299","FA","23","100,000","A","0","0%","0%"
"*05ybt*","Jared Karros","LAD","SP","5300","FA","25","100,000","A","0","1%","0%"
"*075ku*","Jack Kartsonas","TB","SP","5301","FA","25","100,000","A","0","0%","0%"
"*060if*","Josh Kasevich","TOR","SS","5302","Ethan","25","500,000","A","0","4%","0%"
"*06ahn*","Gavin Kash","(N/A)","1B","5303","FA","23","100,000","A","0","0%","0%"
"*05t9j*","Wes Kath","CHW","1B","5304","FA","23","100,000","A","0","1%","0%"
"*05y4c*","Kobe Kato","(N/A)","2B","5305","FA","27","100,000","A","0","0%","0%"
"*05129*","Karl Kauffmann","(N/A)","RP","5306","FA","28","100,000","A","0","0%","0%"
"*04pw7*","Rylan Kaufman","(N/A)","RP","5307","FA","27","100,000","A","0","0%","0%"
"*05jqp*","Niko Kavadas","LAA","1B","5308","FA","27","100,000","A","0","2%","0%"
"*000e4*","Scott Kazmir","(N/A)","SP","","J&A","42","0","A","0","0%","0%"
"*06hf6*","Chris Kean","NYY","RP","5309","FA","24","100,000","A","0","0%","0%"
"*0518t*","Sebastian Keane","(N/A)","RP","5310","FA","25","100,000","A","0","0%","0%"
"*06mmq*","Daniel Keaney","TEX","RP","5311","FA","21","100,000","A","0","0%","0%"
"*06r89*","Aiden Kearney","(N/A)","3B","5312","FA","17","100,000","A","0","0%","0%"
"*0657j*","Matt Keating","NYY","RP","5313","FA","25","100,000","A","0","0%","0%"
"*05tde*","Dominic Keegan","BAL","C","5314","FA","25","100,000","A","0","3%","0%"
"*05zq2*","Aidan Keenan","(N/A)","SS","5315","FA","21","100,000","A","0","0%","0%"
"*06ahd*","Seth Keener","CHW","SP","5316","FA","24","100,000","A","0","1%","0%"
"*04pq5*","DaShawn Keirsey","ATL","LF,CF,RF,OF","5317","FA","29","100,000","A","0","1%","0%"
"*06ami*","Janzen Keisel","(N/A)","SP","5318","FA","23","100,000","A","0","0%","0%"
"*05y75*","Damon Keith","MIL","RF,OF","5319","FA","26","100,000","A","0","0%","0%"
"*02n4l*","Keone Kela","(N/A)","RP","5320","FA","33","100,000","A","0","0%","0%"
"*06zgr*","Nelson Keljo","CLE","SP","5321","FA","22","100,000","A","0","1%","0%"
"*04aqf*","Brian Keller","PHI","SP","5322","FA","32","100,000","A","0","0%","0%"
"*03quq*","Kyle Keller","BOS","RP","5323","FA","33","100,000","A","0","0%","0%"
"*0648j*","Seth Keller","(N/A)","RP","5324","FA","21","100,000","A","0","0%","0%"
"*066lv*","Jackson Kelley","CHW","RP","5325","FA","26","100,000","A","0","0%","0%"
"*05g4j*","Jared Kelley","CHW","RP","5326","FA","24","100,000","A","0","2%","0%"
"*04z5q*","Trevor Kelley","(N/A)","RP","5327","FA","32","100,000","A","0","0%","0%"
"*05xot*","Owen Kellington","PIT","SP","5328","FA","23","100,000","A","0","0%","0%"
"*070bl*","Boston Kellner","(N/A)","3B","5329","FA","20","100,000","A","0","0%","0%"
"*04px1*","Antoine Kelly","CHC","RP","5330","FA","26","100,000","A","0","1%","0%"
"*01fcp*","Casey Kelly","(N/A)","RP","5331","FA","36","100,000","A","0","0%","0%"
"*073sg*","Gavin Kelly","(N/A)","2B","5332","FA","20","100,000","A","0","1%","0%"
"*072mr*","Jaitoine Kelly","ARI","SP","5333","FA","19","100,000","A","0","0%","0%"
"*06uxw*","Justin Kelly","(N/A)","RP","5334","FA","27","100,000","A","0","0%","0%"
"*06z44*","Lucas Kelly","SEA","RP","5335","FA","22","100,000","A","0","0%","0%"
"*06z7p*","Riley Kelly","COL","SP","5336","FA","22","100,000","A","0","1%","0%"
"*073k7*","Ronald Kelly","CHW","SP","5337","FA","17","100,000","A","0","0%","0%"
"*06fzh*","Kannon Kemp","SD","SP","5338","FA","21","100,000","A","0","1%","0%"
"*00003*","Matt Kemp","(N/A)","LF,OF","","Brenden","41","0","A","0","0%","0%"
"*06yyo*","Tyriq Kemp","KC","2B","5339","FA","23","100,000","A","0","0%","0%"
"*076k6*","Jett Kenady","(N/A)","SS","5340","FA","19","100,000","A","0","0%","0%"
"*05ubk*","Jacob Kendall","(N/A)","SS","5341","FA","19","100,000","A","0","0%","0%"
"*06oo8*","Caden Kendle","MIN","CF,RF,OF","5342","FA","24","100,000","A","0","0%","0%"
"*0647m*","Michael Kennedy","CLE","SP","5343","FA","21","100,000","A","0","2%","0%"
"*06hog*","Tyler Kennedy","(N/A)","SP","5344","FA","24","100,000","A","0","0%","0%"
"*06qnv*","Titan Kennedy-Hayes","PHI","RP","5345","FA","24","100,000","A","0","0%","0%"
"*067xl*","Barrett Kent","LAA","SP","5346","FA","21","100,000","A","0","1%","0%"
"*06nuj*","Jackson Kent","WSH","SP","5347","C&G","23","100,000","A","0","7%","0%"
"*06ykk*","Kaeden Kent","NYY","SS","5348","FA","22","100,000","A","0","3%","0%"
"*05yfr*","Nic Kent","COL","2B,3B","5349","FA","26","100,000","A","0","0%","0%"
"*06qwv*","Kane Kepley","CHC","CF,OF","5350","FA","22","100,000","A","0","13%","0%"
"*05zh8*","Kade Kern","(N/A)","RF,OF","5351","FA","24","100,000","A","0","0%","0%"
"*05r9n*","Ray Kerr","ATL","RP","5352","FA","31","100,000","A","0","0%","0%"
"*070c7*","Cameron Keshock","PIT","RP","5353","FA","22","100,000","A","0","0%","0%"
"*0511u*","Grae Kessinger","PIT","1B,SS","5354","FA","28","100,000","A","0","0%","0%"
"*06htn*","Caleb Ketchup","(N/A)","LF,OF","5355","FA","24","100,000","A","0","0%","0%"
"*0724f*","Brock Ketelsen","(N/A)","CF,OF","5356","FA","18","100,000","A","0","0%","0%"
"*01z83*","Dallas Keuchel","(N/A)","SP","5357","FA","38","100,000","A","0","0%","0%"
"*06c5a*","Keythel Key","LAA","SP","5358","FA","22","100,000","A","0","0%","0%"
"*041m8*","Carter Kieboom","PHI","1B","5359","FA","28","100,000","A","0","1%","0%"
"*06r4w*","Terrence Kiel II","(N/A)","CF,OF","5360","FA","20","100,000","A","0","0%","0%"
"*06riz*","Tanner Kiest","(N/A)","RP","5361","FA","31","100,000","A","0","0%","0%"
"*06qqx*","Griffin Kilander","BOS","RP","5362","FA","23","100,000","A","0","0%","0%"
"*06utg*","Dax Kilby","NYY","SS","5363","Zack","19","500,000","A","0","38%","0%"
"*05yd3*","Gavin Kilen","SF","SS","5364","C&G","22","500,000","A","0","16%","0%"
"*04pzx*","Keylan Killgore","(N/A)","RP","5365","FA","29","100,000","A","0","0%","0%"
"*066di*","Kevin Kilpatrick Jr.","ATL","CF,OF","5366","FA","25","100,000","A","0","0%","0%"
"*06kjx*","Do Yeong Kim","(N/A)","3B","5367","FA","22","100,000","A","0","2%","0%"
"*06r9n*","Jayden Kim","PIT","2B","5368","FA","19","100,000","A","0","0%","0%"
"*06iba*","Ju Won Kim","(N/A)","SS","5369","FA","23","100,000","A","0","0%","0%"
"*06ib9*","Min Suk Kim","(N/A)","CF,OF","5370","FA","22","100,000","A","0","0%","0%"
"*06ibh*","Seo Hyeon Kim","(N/A)","RP","5371","FA","22","100,000","A","0","0%","0%"
"*06tu9*","Seong-Jun Kim","TEX","SS","5372","J&A","19","500,000","A","0","4%","0%"
"*05yao*","Larson Kindreich","TEX","RP","5373","FA","27","100,000","A","0","0%","0%"
"*06rrz*","Aidan King","(N/A)","RP","5374","FA","20","100,000","A","0","0%","0%"
"*06tlp*","Chuck King","PHI","SP","5375","FA","28","100,000","A","0","0%","0%"
"*06za7*","Dylan King","CIN","C","5376","FA","24","100,000","A","0","0%","0%"
"*072dn*","Eddie King","PIT","CF,OF","5377","FA","23","100,000","A","0","0%","0%"
"*06hgx*","Jacob King","(N/A)","SP","5378","FA","24","100,000","A","0","0%","0%"
"*06n3o*","Johnny King","TOR","SP","5379","Brenden","19","500,000","A","0","26%","0%"
"*065uv*","Joseph King","STL","RP","5380","FA","25","100,000","A","0","0%","0%"
"*06kvs*","Justin King","MIA","RP","5381","FA","28","100,000","A","0","0%","0%"
"*0647r*","Lamar King","SD","C,1B","5382","FA","22","100,000","A","0","1%","0%"
"*06uf2*","Luis Ramon King","KC","CF,OF","5383","FA","18","100,000","A","0","0%","0%"
"*06rsw*","Luis Steven King","KC","SS","5384","FA","18","100,000","A","0","0%","0%"
"*06z43*","Matt King","PIT","SS","5385","FA","23","100,000","A","0","0%","0%"
"*06cq7*","Seaver King","WSH","SS","5386","Max","23","500,000","A","0","29%","0%"
"*06z0y*","Skylar King","BOS","RF,OF","5387","FA","22","100,000","A","0","0%","0%"
"*06r0r*","Wenderlyn King","MIL","RP","5388","FA","20","100,000","A","0","0%","0%"
"*06hno*","Will King","(N/A)","C","5389","FA","22","100,000","A","0","0%","0%"
"*0519q*","Zach King","(N/A)","SP","5390","FA","28","100,000","A","0","0%","0%"
"*04pvw*","Nolan Kingham","TEX","SP","5391","FA","29","100,000","A","0","0%","0%"
"*060eq*","Jimmy Kingsbury","SEA","RP","5392","FA","27","100,000","A","0","0%","0%"
"*074pf*","Tomoya Kinjo","TOR","SP","5393","FA","23","100,000","A","0","0%","0%"
"*05ua8*","Cooper Kinney","TB","2B,3B","5394","FA","23","100,000","A","0","4%","0%"
"*06c4z*","Grant Kipp","CHC","SP","5395","FA","26","100,000","A","0","0%","0%"
"*06qf3*","Devin Kirby","ATH","SP","5396","FA","26","100,000","A","0","0%","0%"
"*07738*","Zach Kirby","LAA","SP","5397","FA","26","100,000","A","0","0%","0%"
"*06kk0*","William Kirk","(N/A)","SP","5398","FA","20","100,000","A","0","0%","0%"
"*06hhc*","Doug Kirkland","(N/A)","SP","5399","FA","25","100,000","A","0","0%","0%"
"*06tlf*","Jackson Kirkpatrick","CHC","RP","5400","FA","23","100,000","A","0","0%","0%"
"*071xa*","Griffin Kirn","ATH","SP","5401","FA","24","100,000","A","0","0%","0%"
"*06qls*","Brady Kirtner","NYY","RP","5402","FA","24","100,000","A","0","0%","0%"
"*06l5i*","Danny Kirwin","BOS","RP","5403","FA","26","100,000","A","0","0%","0%"
"*06qsu*","Jacob Kisting","TB","RP","5404","FA","23","100,000","A","0","1%","0%"
"*06mi2*","Austin Kitchen","SEA","RP","5405","FA","29","100,000","A","0","0%","0%"
"*04n0l*","Kotaro Kiyomiya","(N/A)","1B","5406","FA","27","100,000","A","0","0%","0%"
"*0596f*","Heston Kjerstad","BAL","LF,RF,OF","5407","FA","27","100,000","A","0","14%","0%"
"*06alc*","Kole Klecker","(N/A)","SP","5408","FA","21","100,000","A","0","0%","0%"
"*06za8*","Matt Klein","COL","C","5409","FA","22","100,000","A","0","0%","0%"
"*077mx*","Ethan Kleinschmit","MIA","SP","5410","W <small>(Sun)</small>","21","100,000","A","0","0%","0%"
"*05y31*","Paxton Kling","TEX","CF,OF","5411","FA","23","100,000","A","0","1%","0%"
"*03dww*","Gabe Klobosits","CHC","RP","5412","FA","31","100,000","A","0","0%","0%"
"*04ppt*","Adam Kloffenstein","NYY","SP","5413","FA","25","100,000","A","0","2%","0%"
"*01z34*","Corey Kluber","(N/A)","SP","","Brian","40","0","A","0","100%","0%"
"*06mwg*","Jacob Kmatz","TB","SP","5414","FA","23","100,000","A","0","1%","0%"
"*06kxb*","Aidan Knaak","(N/A)","SP","5415","FA","21","100,000","A","0","0%","0%"
"*05yc6*","Christian Knapczyk","CLE","2B","5416","FA","24","100,000","A","0","0%","0%"
"*06ysg*","Jake Knapp","CHC","SP","5417","FA","25","100,000","A","0","0%","0%"
"*06149*","Brandon Knarr","(N/A)","SP","5418","FA","28","100,000","A","0","0%","0%"
"*0310k*","Corey Knebel","(N/A)","RP","5419","FA","34","100,000","A","0","0%","0%"
"*04q1u*","Reiss Knehr","MIL","RP","5420","FA","29","100,000","A","0","0%","0%"
"*06zcr*","Todd Kniebbe","BAL","RP","5421","FA","22","100,000","A","0","0%","0%"
"*066d6*","Bill Knight","SEA","CF,OF","5422","FA","26","100,000","A","0","0%","0%"
"*04m5p*","Blaine Knight","(N/A)","RP","5423","FA","30","100,000","A","0","0%","0%"
"*06pvz*","Caleb Knight","(N/A)","C","5424","FA","30","100,000","A","0","0%","0%"
"*06kyo*","Grant Knipp","SEA","C","5425","FA","24","100,000","A","0","1%","0%"
"*041t8*","Andrew Knizner","BOS","C","5426","FA","31","100,000","A","0","1%","0%"
"*0630a*","Michael Knorr","HOU","RP","5427","FA","26","100,000","A","0","1%","0%"
"*069zn*","Josh Knoth","MIL","SP","5428","FA","20","100,000","A","0","7%","0%"
"*05yo7*","Antonio Knowles","LAD","RP","5429","FA","26","100,000","A","0","0%","0%"
"*04n0j*","D'Shawn Knowles","(N/A)","CF,OF","5430","FA","25","100,000","A","0","0%","0%"
"*051au*","Lucas Knowles","LAA","RP","5431","FA","28","100,000","A","0","0%","0%"
"*06lw0*","Nate Knowles","TB","SP","5432","FA","22","100,000","A","0","0%","0%"
"*072zu*","Robbie Knowles","STL","RP","5433","FA","25","100,000","A","0","0%","0%"
"*06h1w*","Sam Knowlton","SF","RP","5434","FA","26","100,000","A","0","0%","0%"
"*070d2*","Connor Knox","CHC","SP","5435","FA","22","100,000","A","0","0%","0%"
"*06oh1*","Ching-Hsien Ko","LAD","LF,CF,OF","5436","Zack","19","500,000","A","0","12%","0%"
"*066aa*","Ian Koenig","SD","SP","5437","FA","25","100,000","A","0","0%","0%"
"*072il*","Cole Koeninger","(N/A)","SS,P","5438","FA","18","100,000","A","0","0%","0%"
"*0701m*","Will Koger","SD","RP","5439","FA","23","100,000","A","0","0%","0%"
"*05y4i*","Tanner Kohlhepp","DET","RP","5440","FA","27","100,000","A","0","0%","0%"
"*0423t*","Taylor Kohlwey","(N/A)","LF,OF","5441","FA","31","100,000","A","0","0%","0%"
"*06yq9*","Pico Kohn","NYY","SP","5442","FA","23","100,000","A","0","2%","0%"
"*05tcc*","Zach Kokoska","COL","1B,RF,OF","5443","FA","27","100,000","A","0","0%","0%"
"*05ynd*","Connor Kokx","(N/A)","CF,OF","5444","FA","26","100,000","A","0","0%","0%"
"*06qtq*","Xavier Kolhosser","MIN","RP","5445","FA","23","100,000","A","0","0%","0%"
"*06ekc*","Aldalay Kolokie","(N/A)","LF,OF","5446","FA","21","100,000","A","0","0%","0%"
"*04eid*","Mark Kolozsvary","PHI","C","5447","FA","30","100,000","A","0","0%","0%"
"*0519w*","Brandon Komar","(N/A)","SP","5448","FA","27","100,000","A","0","0%","0%"
"*074ub*","Haruki Komoda","(N/A)","CF,OF,SP","5449","FA","16","100,000","A","0","0%","0%"
"*05m68*","Chang-mo Koo","(N/A)","SP","5450","FA","29","100,000","A","0","0%","0%"
"*06rr8*","Ja Wook Koo","(N/A)","RF,OF","5451","FA","33","100,000","A","0","0%","0%"
"*06hej*","Addison Kopack","(N/A)","1B","5452","FA","24","100,000","A","0","0%","0%"
"*03d6v*","Michael Kopech","(N/A)","RP","5453","FA","30","100,000","A","0","5%","0%"
"*05wb2*","Matt Koperniak","(N/A)","LF,RF,OF","5454","FA","28","100,000","A","0","1%","0%"
"*05yal*","Ronan Kopp","LAD","RP","5455","FA","23","100,000","A","0","2%","0%"
"*05tow*","Kevin Kopps","(N/A)","RP","5456","FA","29","100,000","A","0","0%","0%"
"*066ak*","Dakota Kotowski","(N/A)","1B","5457","FA","26","100,000","A","0","0%","0%"
"*05ycn*","Rhett Kouba","(N/A)","RP","5458","FA","26","100,000","A","0","0%","0%"
"*06zb6*","Luke Kovach","TOR","SP","5459","FA","23","100,000","A","0","0%","0%"
"*04mlg*","Jackson Kowar","BAL","RP","5460","FA","29","100,000","A","0","1%","0%"
"*06ig5*","Cam Kozeal","MIA","SS","5461","FA","21","100,000","A","0","0%","0%"
"*05xkw*","Nick Krauth","(N/A)","RP","5462","FA","26","100,000","A","0","0%","0%"
"*0513u*","Evan Kravetz","(N/A)","RP","5463","FA","29","100,000","A","0","0%","0%"
"*02bze*","Joey Krehbiel","(N/A)","RP","5464","FA","33","100,000","A","0","0%","0%"
"*06qpr*","Harrison Kreiling","SEA","SP","5465","FA","24","100,000","A","0","0%","0%"
"*051ae*","Zac Kristofak","(N/A)","RP","5466","FA","28","100,000","A","0","0%","0%"
"*0649a*","Austin Krob","(N/A)","RP","5467","FA","26","100,000","A","0","0%","0%"
"*06qhw*","Jacob Kroeger","ATL","SP","5468","FA","26","100,000","A","0","0%","0%"
"*04q0h*","Matt Kroon","(N/A)","LF,OF","5469","FA","29","100,000","A","0","0%","0%"
"*06pgn*","Josh Kross","STL","C,1B","5470","FA","23","100,000","A","0","0%","0%"
"*06ywb*","Dan Kubiuk","(N/A)","RP","5471","FA","30","100,000","A","0","0%","0%"
"*06hp2*","Hunter Kublick","STL","SP","5472","FA","23","100,000","A","0","0%","0%"
"*05t9i*","Ben Kudrna","KC","SP","5473","FA","23","100,000","A","0","5%","0%"
"*062yq*","Cade Kuehler","ATL","SP","5474","FA","24","100,000","A","0","3%","0%"
"*06fqr*","Tate Kuehner","MIL","SP","5475","FA","25","100,000","A","0","1%","0%"
"*03179*","Chad Kuhl","(N/A)","SP","5476","FA","33","100,000","A","0","0%","0%"
"*06zll*","Jacob Kuhn","TB","SP","5477","FA","22","100,000","A","0","0%","0%"
"*060mr*","Travis Kuhn","(N/A)","RP","5478","FA","28","100,000","A","0","0%","0%"
"*060lb*","Tegan Kuhns","STL","SP","5479","FA","21","100,000","A","0","1%","0%"
"*070cd*","Cash Kuiper","DET","SP","5480","FA","21","100,000","A","0","0%","0%"
"*06k6s*","Sam Kulasingam","KC","2B","5481","FA","25","100,000","A","0","0%","0%"
"*06tld*","Trevor Kuncl","CIN","RP","5482","FA","27","100,000","A","0","0%","0%"
"*074lq*","Ryoji Kuribayashi","(N/A)","SP","5483","FA","30","100,000","A","0","0%","0%"
"*067yh*","Cade Kurland","(N/A)","SS","5484","FA","22","100,000","A","0","0%","0%"
"*075ln*","Henry Kusiak","MIN","SS","5485","FA","25","100,000","A","0","0%","0%"
"*06z9e*","Peter Kussow","NYM","SP","5486","FA","19","100,000","A","0","2%","0%"
"*06qwe*","Robert Kwiatkowski","(N/A)","RP","5487","FA","29","100,000","A","0","0%","0%"
"*04epx*","A.J. Labas","(N/A)","P","5492","FA","27","100,000","A","0","0%","0%"
"*06ksf*","Randy Labaut","(N/A)","RP","5493","FA","29","100,000","A","0","0%","0%"
"*076ka*","Will Labonte","(N/A)","SP","5494","FA","19","100,000","A","0","0%","0%"
"*066cc*","Yeniel Laboy","(N/A)","3B","5495","FA","22","100,000","A","0","0%","0%"
"*05t6h*","Victor Labrada","SEA","LF,OF","5496","FA","26","100,000","A","0","1%","0%"
"*06ul4*","P.J. Labriola","BOS","RP","5497","FA","25","100,000","A","0","0%","0%"
"*072ib*","Vahn Lackey","MIN","C","5498","FA","21","100,000","A","0","4%","+1%"
"*06fuo*","Mathias LaCombe","CHW","SP","5488","FA","24","100,000","A","0","1%","0%"
"*06zgx*","Luke Lacourse","LAA","SP","5499","FA","19","100,000","A","0","0%","0%"
"*076s4*","Angelo Ladera","BOS","SP","5500","FA","19","100,000","A","0","0%","0%"
"*074vp*","Jesus Lafalaise","TEX","SP","5501","FA","21","100,000","A","0","0%","0%"
"*06mw8*","Jack Lafflam","(N/A)","C,SP","5502","FA","19","100,000","A","0","0%","0%"
"*06plo*","Frandy Lafond","MIL","RF,OF","5503","FA","19","100,000","A","0","0%","0%"
"*062h4*","Carlos Lagrange","NYY","SP","5504","R&J","23","500,000","A","0","48%","0%"
"*076uw*","Chien-Fan Lai","NYY","SP","5505","FA","18","100,000","A","0","0%","0%"
"*06hw4*","Dane Lais","SD","RP","5506","FA","21","100,000","A","0","0%","0%"
"*03qlx*","Travis Lakins Sr.","(N/A)","RP","5507","FA","32","100,000","A","0","0%","0%"
"*05ym5*","Henry Lalane","NYY","SP","5508","J&A","22","500,000","A","0","19%","0%"
"*041s7*","Jimmy Lambert","(N/A)","RP","5509","FA","31","100,000","A","0","0%","0%"
"*06qic*","Ryan Lambert","NYM","RP","5510","Brenden","23","100,000","A","0","6%","0%"
"*06ifb*","Luis Lameda","MIL","2B","5511","FA","20","100,000","A","0","0%","0%"
"*03ry2*","Dinelson Lamet","(N/A)","RP","5512","FA","34","100,000","A","0","0%","0%"
"*06kza*","Justin Lamkin","KC","SP","5513","FA","22","100,000","A","0","10%","0%"
"*0630g*","Joe Lampe","(N/A)","LF,RF,OF","5514","FA","25","100,000","A","0","1%","0%"
"*075g8*","Zac Lampton","BAL","RP","5515","FA","26","100,000","A","0","0%","0%"
"*06rpz*","Jackson Lancaster","TB","RP","5516","FA","27","100,000","A","0","0%","0%"
"*06zet*","Steven Lancia","CHW","C","5517","FA","24","100,000","A","0","0%","0%"
"*06avz*","Ramon Landaeta","ATH","C","5518","FA","20","100,000","A","0","0%","0%"
"*06hq5*","Andrew Landry","NYY","SP","5519","FA","24","100,000","A","0","0%","0%"
"*07309*","Bowen Landry","(N/A)","SP","5520","FA","15","100,000","A","0","0%","0%"
"*066jt*","Nathan Landry","(N/A)","SP","5521","FA","27","100,000","A","0","0%","0%"
"*06r4m*","Jorvorskie Lane Jr.","(N/A)","C","5522","FA","18","100,000","A","0","0%","0%"
"*066f8*","Carmine Lane","(N/A)","C","5523","FA","25","100,000","A","0","0%","0%"
"*05jrk*","Justin Lange","(N/A)","RP","5524","FA","24","100,000","A","0","1%","0%"
"*068xx*","Ty Langenberg","MIN","SP","5525","FA","24","100,000","A","0","0%","0%"
"*06nzz*","L.P. Langevin","KC","RP","5526","FA","23","100,000","A","0","1%","0%"
"*06hop*","Colby Langford","HOU","RP","5527","FA","24","100,000","A","0","0%","0%"
"*06r22*","Ryan Langford","(N/A)","RP","5528","FA","26","100,000","A","0","0%","0%"
"*06ql1*","Miles Langhorne","(N/A)","RP","5529","FA","23","100,000","A","0","0%","0%"
"*06zgd*","Brandon Langley","SD","RP","5530","FA","21","100,000","A","0","0%","0%"
"*06z48*","Garrett Langrell","SF","RP","5531","FA","25","100,000","A","0","0%","0%"
"*05ubj*","Jake Lankie","(N/A)","SP","5532","FA","21","100,000","A","0","0%","0%"
"*06hwu*","Cale Lansville","(N/A)","SP","5533","FA","23","100,000","A","0","0%","0%"
"*06qno*","Ethan Lanthier","NYM","SP","5534","FA","23","100,000","A","0","0%","0%"
"*06ri0*","Andriel Lantigua","(N/A)","C","5535","FA","22","100,000","A","0","0%","0%"
"*066mp*","Arnaldo Lantigua","CIN","RF,OF","5536","FA","20","100,000","A","0","2%","0%"
"*06ice*","Edward Lantigua","NYM","CF,OF","5537","FA","19","100,000","A","0","1%","0%"
"*06aml*","Lisnerkin Lantigua","CIN","RP","5538","FA","21","100,000","A","0","0%","0%"
"*060fw*","Rafael Lantigua","(N/A)","2B,3B","5539","FA","28","100,000","A","0","1%","0%"
"*06rje*","Robert Lantigua","ARI","C","5540","FA","19","100,000","A","0","0%","0%"
"*072by*","Matt Lanzendorfer","LAD","RP","5541","FA","24","100,000","A","0","0%","0%"
"*075s8*","Diego Lanzosa","TEX","SP","5542","FA","20","100,000","A","0","0%","0%"
"*06rkg*","Armando Lao","DET","1B","5543","FA","19","100,000","A","0","0%","0%"
"*045ok*","Sauryn Lao","(N/A)","RP","5544","FA","26","100,000","A","0","0%","0%"
"*06rn2*","Tyler LaPorte","ATL","RP","5489","FA","29","100,000","A","0","0%","0%"
"*06roo*","Tommy LaPour","MIN","SP","5490","FA","21","100,000","A","0","0%","0%"
"*052kc*","Andry Lara","WSH","SP","5545","FA","23","100,000","A","0","4%","0%"
"*06tpi*","Bryan Lara","LAD","SP","5546","FA","18","100,000","A","0","0%","0%"
"*06bl2*","Davidxon Lara","MIA","RP","5547","FA","19","100,000","A","0","0%","0%"
"*06bsa*","Erick Lara","TB","3B","5548","FA","20","100,000","A","0","0%","0%"
"*06c3g*","Gabriel Lara","NYY","LF,OF","5549","FA","20","100,000","A","0","0%","0%"
"*0403r*","Janser Lara","TEX","RP","5550","FA","29","100,000","A","0","0%","0%"
"*06cev*","Jhancarlos Lara","WSH","RP","5551","Ethan","23","500,000","A","0","4%","0%"
"*076s3*","Joel Lara","NYM","SP","5552","FA","19","100,000","A","0","0%","0%"
"*06hi7*","Jorge Lara","ARI","2B","5553","FA","20","100,000","A","0","0%","0%"
"*0730k*","Rafeliz Lara","CLE","SS","5554","FA","17","100,000","A","0","0%","0%"
"*06am6*","Wilfredo Lara","MIA","SS","5555","FA","22","100,000","A","0","1%","0%"
"*06ulw*","Wilton Lara","(N/A)","3B","5556","FA","22","100,000","A","0","0%","0%"
"*05y5n*","Mac Lardner","(N/A)","SP","5557","FA","28","100,000","A","0","0%","0%"
"*066t8*","Cesar Lares","MIN","SP","5558","FA","23","100,000","A","0","0%","0%"
"*066o6*","Cristopher Larez","NYM","3B","5559","FA","20","100,000","A","0","0%","0%"
"*05yni*","Conor Larkin","TOR","RP","5560","FA","27","100,000","A","0","0%","0%"
"*06yy0*","Alberto Laroche","SF","SP","5561","FA","20","100,000","A","0","1%","0%"
"*04yco*","Denny Larrondo","(N/A)","SP","5562","FA","24","100,000","A","0","0%","0%"
"*05y6x*","Kyle Larsen","PIT","RP","5563","FA","23","100,000","A","0","0%","0%"
"*067z2*","Ashton Larson","(N/A)","CF,OF","5564","FA","21","100,000","A","0","0%","0%"
"*05ydm*","Blake Larson","CHW","SP","5565","FA","20","100,000","A","0","2%","0%"
"*076p9*","Giaconino Lasaracina","TOR","C","5566","FA","22","100,000","A","0","0%","0%"
"*05y9d*","John Lash","(N/A)","SP","5567","FA","19","100,000","A","0","0%","0%"
"*06oom*","Luke Lashutka","MIA","RP","5568","FA","24","100,000","A","0","0%","0%"
"*051ec*","Adam Laskey","COL","SP","5569","FA","28","100,000","A","0","0%","0%"
"*06248*","Ryan Lasko","ATH","CF,OF","5570","FA","24","100,000","A","0","1%","0%"
"*076sj*","Jamie Laskofski","(N/A)","SS","5571","FA","19","100,000","A","0","0%","0%"
"*06r5x*","Rafael Lasorsa","(N/A)","SP","5572","FA","19","100,000","A","0","0%","0%"
"*05r69*","Roger Lasso","(N/A)","CF,OF","5573","FA","22","100,000","A","0","0%","0%"
"*06zaa*","Carson Latimer","CIN","RP","5574","FA","22","100,000","A","0","0%","0%"
"*06zes*","Maddox Latta","TOR","2B","5575","FA","23","100,000","A","0","0%","0%"
"*06l2q*","Anyer Laureano","CIN","RP","5576","FA","23","100,000","A","0","0%","0%"
"*0680l*","Lorenzo Laurel","(N/A)","3B","5577","FA","18","100,000","A","0","0%","0%"
"*06s3b*","Johnathan Lavallee","CIN","RP","5578","FA","26","100,000","A","0","0%","0%"
"*04pyv*","Bryan Lavastida","ATH","C","5579","FA","27","100,000","A","0","0%","0%"
"*05ydc*","Nate Lavender","NYM","RP","5580","FA","26","100,000","A","0","1%","0%"
"*066n9*","Dario Laverde","LAA","C","5581","FA","21","100,000","A","0","1%","0%"
"*04pmf*","Grant Lavigne","(N/A)","1B","5582","FA","26","100,000","A","0","0%","0%"
"*067zb*","Jace LaViolette","CLE","CF,OF","5491","Zack","22","500,000","A","0","28%","0%"
"*02bx6*","Derek Law","ARI","SP","5583","FA","35","100,000","A","0","1%","0%"
"*04awd*","Casey Lawrence","SEA","SP","5584","FA","38","100,000","A","0","0%","0%"
"*06huq*","Colson Lawrence","(N/A)","RP","5585","FA","24","100,000","A","0","0%","0%"
"*06r4p*","Tre' Lawrence","(N/A)","CF,OF","5586","FA","15","100,000","A","0","0%","0%"
"*06zhe*","Carson Laws","MIA","RP","5587","FA","23","100,000","A","0","0%","0%"
"*068nx*","Brendan Lawson","(N/A)","3B","5588","FA","20","100,000","A","0","2%","0%"
"*065v5*","Cortland Lawson","WSH","SS","5589","FA","26","100,000","A","0","0%","0%"
"*06htd*","Justin Lawson","(N/A)","RP","5590","FA","25","100,000","A","0","0%","0%"
"*0741g*","Angel Laya","(N/A)","CF,OF","5591","FA","19","100,000","A","0","0%","0%"
"*05udz*","Derwin Laya","(N/A)","3B","5592","FA","22","100,000","A","0","0%","0%"
"*06krr*","Yojackson Laya","LAD","SS","5593","FA","19","100,000","A","0","0%","0%"
"*06qpe*","Aidan Layton","(N/A)","RP","5594","FA","24","100,000","A","0","0%","0%"
"*06pq4*","DJ Layton","BAL","2B","5595","FA","19","100,000","A","0","1%","0%"
"*06uy1*","Dylan Leach","(N/A)","C","5597","FA","23","100,000","A","0","0%","0%"
"*06hhj*","Hudson Leach","HOU","RP","5598","FA","24","100,000","A","0","0%","0%"
"*06mi5*","Antawn Leal","(N/A)","RP","5599","FA","19","100,000","A","0","0%","0%"
"*05j8k*","David Leal","(N/A)","RP","5600","FA","29","100,000","A","0","0%","0%"
"*02yor*","Erick Leal","(N/A)","SP","5601","FA","31","100,000","A","0","0%","0%"
"*075l3*","Henson Leal","KC","RP","5602","FA","22","100,000","A","0","0%","0%"
"*06lwe*","Victor Leal","MIN","C","5603","FA","19","100,000","A","0","0%","0%"
"*06qv7*","Cameron Leary","ATH","LF,RF,OF","5604","FA","24","100,000","A","0","0%","0%"
"*04eho*","Aaron Leasher","(N/A)","SP","5605","FA","30","100,000","A","0","0%","0%"
"*041r7*","Charles Leblanc","(N/A)","2B","5606","FA","30","100,000","A","0","0%","0%"
"*06c77*","Ariel Lebron","HOU","CF,OF","5607","FA","21","100,000","A","0","0%","0%"
"*06r56*","Cristofer Lebron","STL","LF,OF","5608","FA","19","100,000","A","0","0%","0%"
"*073k4*","Felix Lebron","CHW","SS","5609","FA","17","100,000","A","0","0%","0%"
"*06l57*","Justin Lebron","CIN","SS","5610","FA","21","100,000","A","0","4%","0%"
"*030x2*","Jose Leclerc","SD","RP","5611","FA","32","100,000","A","0","2%","0%"
"*0689z*","Colton Ledbetter","STL","CF,RF,OF","5612","FA","24","100,000","A","0","5%","0%"
"*06cf1*","Bairon Ledesma","(N/A)","2B","5613","FA","21","100,000","A","0","0%","0%"
"*06uxv*","Jose Ledesma","NYY","RP","5614","FA","23","100,000","A","0","0%","0%"
"*05yd5*","Darren Ledford","(N/A)","C","5615","FA","19","100,000","A","0","0%","0%"
"*05y09*","Luis Ledo","(N/A)","RP","5616","FA","31","100,000","A","0","0%","0%"
"*0518j*","Marcus Lee Sang","TEX","DH","5617","FA","25","100,000","A","0","0%","0%"
"*06icu*","Bennett Lee","DET","C","5618","FA","24","100,000","A","0","0%","0%"
"*0701o*","Cam Lee","BAL","CF,OF","5619","FA","20","100,000","A","0","0%","0%"
"*06dtk*","Chansol Lee","(N/A)","SP","5620","FA","20","100,000","A","0","0%","0%"
"*06aky*","Chen-Hsun Lee","SF","SP","5621","FA","24","100,000","A","0","0%","0%"
"*06ul3*","David Lee","(N/A)","RP","5622","FA","26","100,000","A","0","0%","0%"
"*06ibd*","Eui Lee Lee","(N/A)","SP","5623","FA","24","100,000","A","0","0%","0%"
"*06rqj*","Hyun Seung Lee","PIT","3B","5624","FA","18","100,000","A","0","1%","0%"
"*06hum*","Jeremy Lee","(N/A)","SP","5625","FA","24","100,000","A","0","0%","0%"
"*06ifx*","Justin Lee","(N/A)","SP","5626","FA","21","100,000","A","0","0%","0%"
"*0510z*","Korey Lee","CHW","C","5627","FA","27","100,000","A","0","2%","0%"
"*06mim*","Patrick Lee","DET","LF,RF,OF","5628","FA","26","100,000","A","0","0%","0%"
"*06hiu*","Zack Lee","DET","SP","5629","FA","25","100,000","A","0","0%","0%"
"*06suk*","Klendy Leen","(N/A)","C,P","5630","FA","19","100,000","A","0","0%","0%"
"*05u1w*","Ben Leeper","(N/A)","RP","5631","FA","29","100,000","A","0","0%","0%"
"*072be*","Meridian Leffew","DET","3B","5632","FA","19","100,000","A","0","0%","0%"
"*05jqj*","Jack Leftwich","CLE","RP","5633","FA","27","100,000","A","0","1%","0%"
"*06qvn*","Ethan Lege","(N/A)","1B,3B","5634","FA","25","100,000","A","0","0%","0%"
"*06ri7*","Qyshawn Legito","(N/A)","C","5635","FA","20","100,000","A","0","0%","0%"
"*06qxf*","Taylor Lehman","(N/A)","RP","5636","FA","30","100,000","A","0","0%","0%"
"*05y9i*","Zac Leigh","CHC","RP","5637","FA","28","100,000","A","0","0%","0%"
"*062cd*","Aldo Leija","(N/A)","SP","5638","FA","22","100,000","A","0","0%","0%"
"*06qex*","Kenny Leiner","BAL","RP","5639","FA","25","100,000","A","0","0%","0%"
"*066aj*","Ryan Leitch","(N/A)","C","5640","FA","24","100,000","A","0","0%","0%"
"*06k4w*","Cam Leiter","LAD","SP","5641","Kai","22","500,000","A","0","10%","0%"
"*01sfi*","DJ LeMahieu","NYY","2B","5596","FA","38","100,000","A","0","1%","0%"
"*06c0y*","Kleimir Lemos","(N/A)","1B","5642","FA","21","100,000","A","0","0%","0%"
"*05nsn*","Pedro Lemos","SEA","RP","5643","FA","23","100,000","A","0","0%","0%"
"*07787*","Grady Lenahan","(N/A)","RF,OF","5644","FA","19","100,000","A","0","0%","0%"
"*06ri6*","David Leon","(N/A)","C","5676","FA","22","100,000","A","0","0%","0%"
"*06uxu*","Edgar Leon","(N/A)","RP","5645","FA","21","100,000","A","0","0%","0%"
"*072yq*","Jordan Leon","(N/A)","SS","5646","FA","16","100,000","A","0","0%","0%"
"*06plk*","Luis Leon","MIA","CF,OF","5647","FA","19","100,000","A","0","0%","0%"
"*06v6b*","Luis Leon","CHC","CF,RF,OF","5648","FA","18","100,000","A","0","0%","0%"
"*05gdv*","Pedro Leon","PHI","CF,RF,OF","5649","FA","28","100,000","A","0","4%","0%"
"*06rhk*","Santiago Leon","MIN","SS","5650","FA","18","100,000","A","0","1%","0%"
"*06uxj*","Dayne Leonard","CIN","C","5651","FA","26","100,000","A","0","0%","0%"
"*04yi5*","Eddys Leonard","MIL","2B,3B,LF,OF","5652","FA","25","100,000","A","0","2%","0%"
"*06ujs*","Luis Leones","(N/A)","CF,OF","5653","FA","23","100,000","A","0","0%","0%"
"*06l0f*","Ray Leonzi","(N/A)","CF,OF","5654","FA","23","100,000","A","0","0%","0%"
"*06hiv*","Carlos Lequerica","DET","RP","5655","FA","25","100,000","A","0","0%","0%"
"*05tdl*","Dylan Lesko","TB","RP","5656","Steve","22","500,000","A","0","13%","0%"
"*03qqr*","Josh Lester","(N/A)","1B,3B","5657","FA","32","100,000","A","0","0%","0%"
"*0731v*","Jhoseph Leta","CLE","SS","5658","FA","17","100,000","A","0","0%","0%"
"*05koi*","Luke Leto","(N/A)","SS","5659","FA","23","100,000","A","0","0%","0%"
"*06gjw*","Bishop Letson","MIL","SP","5660","ELLY","21","100,000","A","0","16%","0%"
"*06ich*","Jhonny Level","SF","SS","5661","Max","19","500,000","A","0","29%","0%"
"*06f1n*","Zach Levenson","STL","LF,CF,RF,OF","5662","FA","24","100,000","A","0","1%","0%"
"*051bn*","Adam Leverett","SEA","SP","5663","FA","27","100,000","A","0","0%","0%"
"*066cj*","Tatem Levins","TB","C","5664","FA","27","100,000","A","0","0%","0%"
"*06mni*","Chris Levonas","(N/A)","SP","5665","FA","20","100,000","A","0","1%","0%"
"*077er*","Mulivai Levu","CIN","1B","5666","FA","21","100,000","A","0","0%","0%"
"*0513n*","Brandon Lewis","PHI","1B","5667","FA","27","100,000","A","0","0%","0%"
"*060hm*","Cory Lewis","MIN","RP","5668","FA","25","100,000","A","0","2%","0%"
"*06pi9*","Dillon Lewis","MIA","LF,CF,RF,OF","5669","FA","23","100,000","A","0","6%","0%"
"*05h2x*","Ian Lewis","MIA","RF,OF","5670","FA","23","100,000","A","0","1%","0%"
"*03dru*","Justin Lewis","(N/A)","P","5671","FA","30","100,000","A","0","0%","0%"
"*06qwi*","Kade Lewis","CLE","1B","5672","FA","21","100,000","A","0","0%","0%"
"*06mnk*","Tyson Lewis","CIN","SS","5673","B&A","20","500,000","A","0","22%","0%"
"*037ab*","Domingo Leyba","(N/A)","2B","5674","FA","30","100,000","A","0","0%","0%"
"*06z7j*","Caleb Leys","DET","SP","5675","FA","23","100,000","A","0","0%","0%"
"*076kv*","Yu-Lin Liao","MIL","3B","5677","FA","18","100,000","A","0","0%","0%"
"*02ybv*","Luis Liberato","(N/A)","RF,OF","5678","FA","30","100,000","A","0","0%","0%"
"*06uxt*","Jecsua Liborius","LAD","RP","5679","FA","21","100,000","A","0","0%","0%"
"*072yu*","Tyler Lichtenberger","(N/A)","SS","5680","FA","20","100,000","A","0","0%","0%"
"*06mdo*","Yorman Licourt","TOR","RF,OF","5681","FA","22","100,000","A","0","0%","0%"
"*060gl*","Ahbram Liendo","BOS","3B,SS","5682","FA","22","100,000","A","0","0%","0%"
"*06y48*","Mason Ligenza","LAD","CF,OF","5683","FA","19","100,000","A","0","0%","0%"
"*06ron*","Karson Ligon","TOR","SP","5684","FA","23","100,000","A","0","0%","0%"
"*06mpy*","Christian Lim","(N/A)","SP","5685","FA","21","100,000","A","0","0%","0%"
"*06mek*","Denny Lima","CHW","SP","5686","FA","21","100,000","A","0","0%","0%"
"*05151*","Michael Limoncelli","(N/A)","P","5687","FA","26","100,000","A","0","0%","0%"
"*06cn1*","Chen-Wei Lin","STL","SP","5688","FA","24","100,000","A","0","4%","0%"
"*077b8*","Chun Hsi Lin","PIT","SP","5689","FA","18","100,000","A","0","0%","0%"
"*0769n*","Eric Lin","TB","RP","5690","FA","23","100,000","A","0","0%","0%"
"*041zx*","Lyle Lin","(N/A)","C","5691","FA","29","100,000","A","0","0%","0%"
"*06rmx*","Po-Chun Lin","SEA","SP","5692","FA","19","100,000","A","0","1%","0%"
"*06c2c*","Sheng-En Lin","CIN","DH,P","5693","FA","20","100,000","A","0","2%","0%"
"*06op3*","Wei-En Lin","ATH","SP","5694","Zack","20","500,000","A","0","19%","-1%"
"*061wi*","Yu-Min Lin","ARI","SP","5695","FA","23","100,000","A","0","6%","0%"
"*06l0n*","Sean Paul Linan","NYY","SP","5696","FA","21","100,000","A","0","7%","0%"
"*06fu7*","Janderson Linares","(N/A)","RP","5697","FA","20","100,000","A","0","0%","0%"
"*066rz*","Jonathan Linares","LAA","C","5698","FA","21","100,000","A","0","0%","0%"
"*05j90*","Oswaldo Linares","SD","C","5699","FA","23","100,000","A","0","0%","0%"
"*06rnl*","Winder Linares","(N/A)","CF,OF","5700","FA","19","100,000","A","0","0%","0%"
"*06rhl*","Carlos Linarez","(N/A)","C","5710","FA","24","100,000","A","0","0%","0%"
"*05iyj*","Valentin Linarez","WSH","RP","5701","FA","26","100,000","A","0","0%","0%"
"*06rnk*","Yohander Linarez","(N/A)","3B","5702","FA","21","100,000","A","0","0%","0%"
"*051if*","Jeff Lindgren","(N/A)","RP","5703","FA","29","100,000","A","0","0%","0%"
"*04egu*","Ethan Lindow","(N/A)","SP","5704","FA","27","100,000","A","0","0%","0%"
"*06eko*","Andrew Lindsey","TB","SP","5705","FA","26","100,000","A","0","0%","0%"
"*06kxe*","Kellon Lindsey","LAD","SS","5706","FA","20","100,000","A","0","13%","0%"
"*05mrg*","Brady Lindsly","(N/A)","C","5707","FA","28","100,000","A","0","0%","0%"
"*06qnf*","Jack Lines","TB","2B","5708","FA","20","100,000","A","0","0%","0%"
"*06hs8*","Matthew Linskey","(N/A)","RP","5709","FA","24","100,000","A","0","0%","0%"
"*0512j*","Andre Lipcius","(N/A)","1B,2B","5711","FA","28","100,000","A","0","0%","0%"
"*064nd*","Guy Lipscomb Jr.","(N/A)","LF,CF,RF,OF","5712","FA","25","100,000","A","0","0%","0%"
"*0612z*","Trey Lipscomb","WSH","1B,3B,SS","5713","FA","26","100,000","A","0","3%","0%"
"*066is*","Trey Lipsey","(N/A)","LF,OF","5714","FA","23","100,000","A","0","0%","0%"
"*05rdn*","Enderso Lira","(N/A)","C","5715","FA","22","100,000","A","0","0%","0%"
"*074af*","Tony Lira","(N/A)","1B","5716","FA","20","100,000","A","0","0%","0%"
"*06ek1*","Angel Liranzo","PHI","SP","5717","FA","19","100,000","A","0","0%","0%"
"*04af8*","Jesus Liranzo","(N/A)","RP","5718","FA","31","100,000","A","0","0%","0%"
"*06c3o*","Joshua Liranzo","BAL","3B,SS","5719","FA","19","100,000","A","0","1%","0%"
"*05r64*","Thayron Liranzo","DET","C","5720","FA","23","100,000","A","0","17%","0%"
"*06idx*","Hector Liriano","(N/A)","LF,OF","5721","FA","20","100,000","A","0","0%","0%"
"*06lwm*","Raily Liriano","ARI","CF,OF","5722","FA","19","100,000","A","0","0%","0%"
"*0776r*","Jefer Lista","MIL","1B","5723","FA","18","100,000","A","0","0%","0%"
"*073u6*","James Litman","(N/A)","SP","5724","FA","20","100,000","A","0","0%","0%"
"*05mlv*","Christian Little","SEA","SP","5725","FA","23","100,000","A","0","1%","0%"
"*0513z*","Jack Little","DET","SP","5726","FA","28","100,000","A","0","0%","0%"
"*06qro*","Jordan Little","CIN","RP","5727","FA","23","100,000","A","0","0%","0%"
"*05a1c*","Chih-Jung Liu","(N/A)","SP","5728","FA","27","100,000","A","0","0%","0%"
"*0311w*","Ben Lively","CLE","SP","5729","FA","34","100,000","A","0","3%","0%"
"*06yxi*","Dean Livingston","ARI","SP","5730","FA","19","100,000","A","0","3%","0%"
"*06rlq*","Jesus Lizardo","PIT","C","5731","FA","19","100,000","A","0","0%","0%"
"*05n5o*","Victor Lizarraga","SD","SP","5732","FA","22","100,000","A","0","2%","0%"
"*04aza*","Mauricio Llovera","(N/A)","RP","5733","FA","30","100,000","A","0","0%","0%"
"*05ynv*","Daniel Lloyd","BAL","RP","5734","FA","25","100,000","A","0","0%","0%"
"*051bi*","Matt Lloyd","BOS","1B","5735","FA","30","100,000","A","0","0%","0%"
"*06zfn*","Jaiden Lo Re","BAL","SS","5736","FA","19","100,000","A","0","2%","+1%"
"*06rp9*","Alejandro Loaiza","STL","1B","5737","FA","22","100,000","A","0","0%","0%"
"*062yn*","Inmer Lobo","PIT","RP","5738","FA","22","100,000","A","0","0%","0%"
"*06htt*","Ryan Lobus","TEX","RP","5739","FA","25","100,000","A","0","0%","0%"
"*06qte*","Fulton Lockhart","LAA","RP","5740","FA","22","100,000","A","0","0%","0%"
"*05yeu*","Lael Lockhart","DET","SP","5741","FA","28","100,000","A","0","0%","0%"
"*0518f*","Nick Lockhart","(N/A)","RP","5742","FA","25","100,000","A","0","0%","0%"
"*06opa*","Griffin Lockwood-Powell","LAD","C","5743","FA","28","100,000","A","0","0%","0%"
"*06se7*","Alex Lodise","ATL","SS","5744","FA","22","100,000","A","0","6%","0%"
"*073kd*","Jordan Lodise","(N/A)","SS","5745","FA","19","100,000","A","0","0%","0%"
"*06rud*","Kyle Lodise","CHW","SS","5746","FA","22","100,000","A","0","3%","0%"
"*06h91*","Justin Loer","COL","RP","5747","FA","23","100,000","A","0","0%","0%"
"*066fm*","Joshua Loeschorn","PIT","RP","5748","FA","26","100,000","A","0","0%","0%"
"*067yg*","Bradley Loftin","(N/A)","SP","5749","FA","22","100,000","A","0","0%","0%"
"*066lm*","Jackson Loftin","(N/A)","SS,CF,OF","5750","FA","26","100,000","A","0","0%","0%"
"*066fj*","Drake Logan","CHW","CF,RF,OF","5751","FA","25","100,000","A","0","0%","0%"
"*066co*","Gavin Logan","ARI","C","5752","FA","26","100,000","A","0","0%","0%"
"*06yud*","Sean Loggie","(N/A)","SP","5753","FA","18","100,000","A","0","0%","0%"
"*04ejq*","Zach Logue","(N/A)","RP","5754","FA","30","100,000","A","0","0%","0%"
"*06zqn*","Camden Lohman","NYM","SP","5755","FA","19","100,000","A","0","1%","0%"
"*06qj8*","Jacob Lojewski","(N/A)","SS","5756","FA","24","100,000","A","0","0%","0%"
"*06ibi*","Caleb Lomavita","WSH","C","5757","FA","23","100,000","A","0","3%","0%"
"*06b72*","George Lombard Jr.","NYY","SS","5758","Max","21","500,000","A","0","51%","0%"
"*06ih0*","Jacob Lombard","MIA","SS","5759","FA","18","100,000","A","0","3%","0%"
"*06yez*","Michael Lombardi","KC","RP","5760","FA","22","100,000","A","0","5%","0%"
"*05uc9*","Ethan Long","SD","1B","5761","FA","25","100,000","A","0","0%","0%"
"*06qph*","Jacoby Long","(N/A)","CF,OF","5762","FA","24","100,000","A","0","0%","0%"
"*06fwm*","Jonathon Long","CHC","1B","5763","J&A","24","500,000","A","0","21%","0%"
"*06fqm*","Justin Long","ATL","RP","5764","FA","24","100,000","A","0","0%","0%"
"*06bxl*","Ryan Long","BAL","SP","5765","FA","26","100,000","A","0","0%","0%"
"*0421l*","Sam Long","(N/A)","RP","5766","FA","31","100,000","A","0","0%","0%"
"*06qir*","Trevor Long","(N/A)","RP","5767","FA","25","100,000","A","0","0%","0%"
"*06r4j*","Anthony Longo","KC","C","5768","FA","19","100,000","A","0","0%","0%"
"*06hpz*","Aidan Longwell","COL","1B","5769","FA","24","100,000","A","0","0%","0%"
"*04er0*","Seth Lonsway","SF","SP","5770","FA","27","100,000","A","0","0%","0%"
"*06qrc*","Eric Loomis","TEX","RP","5771","FA","24","100,000","A","0","0%","0%"
"*066ji*","Jimmy Loper","(N/A)","SP","5772","FA","26","100,000","A","0","0%","0%"
"*03wkr*","Alejo Lopez","SEA","2B,3B,LF,OF","5773","FA","30","100,000","A","0","0%","0%"
"*06rp7*","Carlos Lopez","CLE","RP","5774","FA","20","100,000","A","0","0%","0%"
"*0776f*","Cesar Lopez","NYY","C","5775","FA","17","100,000","A","0","0%","0%"
"*06rp8*","Chris Lopez","STL","C","5776","FA","21","100,000","A","0","0%","0%"
"*06akd*","Christian Lopez","CIN","RP","5777","FA","20","100,000","A","0","0%","0%"
"*06bj6*","Daniel Lopez","KC","CF,OF","5778","FA","20","100,000","A","0","0%","0%"
"*04yd9*","Eduardo Lopez","(N/A)","1B","5779","FA","24","100,000","A","0","0%","0%"
"*07434*","Enyel Lopez","TEX","SP","5780","FA","20","100,000","A","0","0%","0%"
"*06aq6*","Fabian Lopez","MIA","SS","5781","FA","20","100,000","A","0","0%","0%"
"*06rhy*","Gabriel Lopez","COL","C","5782","FA","20","100,000","A","0","0%","0%"
"*06ux0*","Gerardo Lopez","PHI","SP","5783","FA","20","100,000","A","0","0%","0%"
"*06rh0*","Hiverson Lopez","CLE","C","5871","FA","18","100,000","A","0","0%","0%"
"*04ere*","Irving Lopez","(N/A)","2B","5784","FA","31","100,000","A","0","0%","0%"
"*02c2o*","Jack Lopez","(N/A)","3B,SS","5785","FA","33","100,000","A","0","0%","0%"
"*076kw*","Jeison Lopez","ATH","CF,OF","5786","FA","20","100,000","A","0","0%","0%"
"*066op*","Jesus Lopez","TEX","C","5787","FA","21","100,000","A","0","0%","0%"
"*06r2y*","Jesus Lopez","(N/A)","RP","5788","FA","19","100,000","A","0","0%","0%"
"*06sb4*","Jesus Lopez","SF","SP","5789","FA","21","100,000","A","0","0%","0%"
"*06sb6*","Jesus Lopez","(N/A)","SP","5790","FA","20","100,000","A","0","0%","0%"
"*06hwj*","John Lopez","(N/A)","C,2B","5791","FA","20","100,000","A","0","0%","0%"
"*02brf*","Jorge Lopez","(N/A)","RP","5792","FA","33","100,000","A","0","0%","0%"
"*0614f*","Jose Lopez","(N/A)","RP","5793","FA","27","100,000","A","0","0%","0%"
"*06mdn*","Jose Lopez","(N/A)","RP","5794","FA","20","100,000","A","0","0%","0%"
"*06rld*","Jose Lopez","NYM","SP","5795","FA","22","100,000","A","0","0%","0%"
"*06rlc*","Josue Lopez","(N/A)","RP","5796","FA","24","100,000","A","0","0%","0%"
"*06z5m*","Juan Lopez","WSH","RP","5797","FA","21","100,000","A","0","0%","0%"
"*06pfc*","Leandro Lopez","TEX","RP","5798","FA","24","100,000","A","0","3%","0%"
"*06bsc*","Moises Lopez","(N/A)","2B","5799","FA","20","100,000","A","0","0%","0%"
"*043f9*","Pablo Lopez","MIN","SP","5800","FA","30","100,000","A","0","45%","0%"
"*066mc*","Reiner Lopez","STL","RP","5801","FA","20","100,000","A","0","1%","0%"
"*05rdq*","Robert Lopez","(N/A)","C","5802","FA","22","100,000","A","0","0%","0%"
"*06ulv*","Ronny Lopez","(N/A)","SP","5803","FA","23","100,000","A","0","0%","0%"
"*076s6*","Xavier Lopez","TB","SP","5804","FA","21","100,000","A","0","0%","0%"
"*06rs2*","Aneury Lora","SEA","RP","5805","FA","22","100,000","A","0","0%","0%"
"*06l4z*","Nestor Lorant","CIN","SP","5806","FA","24","100,000","A","0","0%","0%"
"*06yub*","Denton Lord","(N/A)","SP","5807","FA","18","100,000","A","0","0%","0%"
"*06ca0*","Kiefer Lord","BAL","SP","5808","FA","24","100,000","A","0","2%","0%"
"*06u6d*","David Lorduy","CIN","SP","5809","FA","22","100,000","A","0","0%","0%"
"*06cex*","Abel Lorenzo","LAD","RF,OF","5810","FA","20","100,000","A","0","0%","0%"
"*06rl2*","Francisco Loreto","PIT","3B","5811","FA","19","100,000","A","0","0%","0%"
"*06dn1*","Nick Lorusso","NYM","1B,3B","5812","FA","25","100,000","A","0","0%","0%"
"*072ee*","Qrey Lott","SD","CF,OF","5813","FA","21","100,000","A","0","0%","0%"
"*02han*","Aaron Loup","(N/A)","RP","5814","ELLY","38","0","A","0","100%","0%"
"*062sf*","Ryan Loutos","SEA","RP","5815","FA","27","100,000","A","0","0%","0%"
"*06yyh*","Carter Lovasz","ATL","RP","5816","FA","23","100,000","A","0","0%","0%"
"*05uo3*","Austin Love","STL","RP","5817","FA","27","100,000","A","0","0%","0%"
"*07319*","Enrique Lovera","MIL","LF,OF","5818","FA","17","100,000","A","0","0%","0%"
"*06qev*","Eli Lovich","CHC","RF,OF","5819","FA","20","100,000","A","0","1%","0%"
"*06zi2*","Jackson Lovich","NYY","1B","5820","FA","22","100,000","A","0","3%","0%"
"*05y4o*","Quinton Low","MIL","SP","5821","FA","23","100,000","A","0","0%","0%"
"*0665w*","Collin Lowe","(N/A)","RP","5822","FA","27","100,000","A","0","0%","0%"
"*06586*","Isaiah Lowe","SD","SP","5823","FA","23","100,000","A","0","2%","0%"
"*075we*","Bo Lowrance","LAD","3B","5824","FA","18","100,000","A","0","1%","0%"
"*06mfj*","Geuri Lubo","CHC","RF,OF","5825","FA","22","100,000","A","0","0%","0%"
"*051am*","Easton Lucas","(N/A)","RP","5826","FA","29","100,000","A","0","1%","0%"
"*06xy3*","Yaxson Lucena","STL","RF,OF","5827","FA","18","100,000","A","0","0%","0%"
"*06l52*","Ismael Luciano","COL","RP","5828","FA","23","100,000","A","0","0%","0%"
"*06nuc*","Ivan Luciano","ARI","C","5829","FA","19","100,000","A","0","1%","0%"
"*066qh*","Jordy Luciano","(N/A)","SP","5830","FA","24","100,000","A","0","0%","0%"
"*04ooy*","Marco Luciano","NYY","LF,CF,OF","5831","FA","24","100,000","A","0","11%","0%"
"*06r4l*","Sandy Luciano","KC","RF,OF","5832","FA","19","100,000","A","0","0%","0%"
"*061zq*","Waner Luciano","HOU","3B","5833","FA","21","100,000","A","0","1%","0%"
"*065v7*","Kyle Luckham","WSH","SP","5834","FA","26","100,000","A","0","0%","0%"
"*04py1*","Nick Lucky","NYM","2B,SS","5835","FA","26","100,000","A","0","0%","0%"
"*03dt6*","Drew Lugbauer","(N/A)","1B,3B","5836","FA","29","100,000","A","0","0%","0%"
"*06tlm*","Alejandro Lugo","(N/A)","RP","5837","FA","23","100,000","A","0","0%","0%"
"*064eu*","Andy Lugo","MIN","1B,3B","5838","FA","22","100,000","A","0","0%","0%"
"*06mn9*","Cesar Lugo","CHC","LF,OF","5839","FA","19","100,000","A","0","0%","0%"
"*06l0u*","Erick Lugo","(N/A)","LF,OF","5840","FA","19","100,000","A","0","0%","0%"
"*06mi7*","Jesus Lugo","(N/A)","LF,OF","5841","FA","19","100,000","A","0","0%","0%"
"*06ica*","Joswa Lugo","LAA","SS","5842","FA","19","100,000","A","0","6%","0%"
"*04yic*","Matthew Lugo","KC","OF","5843","FA","25","100,000","A","0","4%","0%"
"*04n0h*","Moises Lugo","(N/A)","RP","5844","FA","27","100,000","A","0","0%","0%"
"*04ymb*","William Lugo","(N/A)","2B,3B,SS","5845","FA","24","100,000","A","0","0%","0%"
"*06akj*","Wilmer Lugo","NYM","RP","5846","FA","20","100,000","A","0","0%","0%"
"*06rhs*","Yoneiker Lugo","MIL","C","5847","FA","19","100,000","A","0","0%","0%"
"*061zn*","Jansel Luis","ARI","2B,3B","5848","FA","21","100,000","A","0","6%","0%"
"*066mb*","Yerlin Luis","CLE","LF,OF","5849","FA","20","100,000","A","0","0%","0%"
"*06v4r*","Rylan Lujo","LAA","3B","5850","FA","21","100,000","A","0","0%","0%"
"*06ywa*","Reese Lumpkin","SEA","RP","5851","FA","24","100,000","A","0","0%","0%"
"*06ruf*","Alexey Lumpuy","CHC","CF,RF,OF","5852","FA","22","100,000","A","0","0%","0%"
"*05yfn*","Gil Luna Jr.","(N/A)","SP","5853","FA","26","100,000","A","0","0%","0%"
"*07261*","Emanuel Luna","STL","CF,OF","5854","ELLY","17","500,000","A","0","13%","0%"
"*06njt*","Esteban Luna","BAL","SP","5855","FA","19","100,000","A","0","0%","0%"
"*06upy*","Jesus Luna","(N/A)","RP","5856","FA","25","100,000","A","0","0%","0%"
"*06cmo*","Jorge Luna","NYY","SP","5857","FA","21","100,000","A","0","0%","0%"
"*072p4*","Adrian Lunar","KC","C","5858","FA","17","100,000","A","0","0%","0%"
"*06ma5*","Darrel Lunar","WSH","SP","5859","FA","20","100,000","A","0","0%","0%"
"*06rsc*","Logan Lunceford","LAD","SP","5860","FA","22","100,000","A","0","0%","0%"
"*073sh*","Ethan Lund","(N/A)","SP","5861","FA","20","100,000","A","0","0%","0%"
"*06qr2*","Wyatt Lunsford-Shenkman","SEA","RP","5862","FA","23","100,000","A","0","0%","0%"
"*03dag*","Jordan Luplow","(N/A)","RF,OF","5863","FA","32","100,000","A","0","0%","0%"
"*041ai*","Gavin Lux","TB","2B,LF,OF,DH","5864","Ethan","28","4,000,000","A","0","22%","0%"
"*01gjf*","Jordan Lyles","(N/A)","SP","5865","FA","35","100,000","A","0","0%","0%"
"*066f2*","John Lynch","(N/A)","SP","5866","FA","25","100,000","A","0","0%","0%"
"*06uwr*","Ryan Lynch","SD","RP","5867","FA","21","100,000","A","0","0%","0%"
"*06z47*","Isaac Lyon","WSH","SP","5868","FA","22","100,000","A","0","0%","0%"
"*066le*","Jared Lyons","CIN","SP","5869","FA","25","100,000","A","0","0%","0%"
"*06zex*","Mason Lytle","HOU","CF,OF","5870","FA","25","100,000","A","0","0%","0%"
"*06rfs*","Burke-Lee Mabeus","(N/A)","C","5872","FA","21","100,000","A","0","0%","0%"
"*0657c*","Will Mabrey","ARI","RP","5873","FA","25","100,000","A","0","1%","0%"
"*06kwl*","JT Mabry","(N/A)","2B","5874","FA","26","100,000","A","0","0%","0%"
"*06rpq*","Djean Macares","SF","CF,OF","5881","FA","18","100,000","A","0","0%","0%"
"*06z46*","Danny Macchiarola","SEA","SP","5882","FA","21","100,000","A","0","0%","0%"
"*06qrm*","Zach MacDonald","DET","CF,OF","5875","FA","22","100,000","A","0","0%","0%"
"*04ely*","Tommy Mace","(N/A)","SP","5883","FA","27","100,000","A","0","1%","0%"
"*06z66*","Juan Macero","LAD","3B","5884","FA","18","100,000","A","0","0%","0%"
"*041qc*","Travis MacGregor","NYY","RP","5876","FA","28","100,000","A","0","0%","0%"
"*062z8*","Anderson Machado","(N/A)","SS","5885","FA","22","100,000","A","0","0%","0%"
"*04km8*","Andres Machado","(N/A)","RP","5886","FA","33","100,000","A","0","0%","0%"
"*06qk1*","Austin Machado","ATL","C","5887","FA","25","100,000","A","0","0%","0%"
"*06rq3*","Diago Machado","SEA","RF,OF","5888","FA","21","100,000","A","0","0%","0%"
"*05ao9*","Estiven Machado","(N/A)","SS","5889","FA","23","100,000","A","0","0%","0%"
"*06tzx*","Johan Machado","MIA","3B,SS","5890","FA","18","100,000","A","0","0%","0%"
"*03qok*","Vimael Machin","COL","3B","5891","FA","32","100,000","A","0","0%","0%"
"*05uai*","Irvin Machuca","(N/A)","RP","5892","FA","26","100,000","A","0","0%","0%"
"*06nz1*","Antonis Macias","TEX","2B","5893","FA","21","100,000","A","0","0%","0%"
"*06yn1*","Dallas Macias","ATL","LF,OF","5894","FA","22","100,000","A","0","0%","0%"
"*06rsq*","Johan Macias","LAA","2B,SS","5895","FA","23","100,000","A","0","0%","0%"
"*04puv*","Josh Maciejewski","(N/A)","RP","5896","FA","30","100,000","A","0","0%","0%"
"*04ptr*","Willie MacIver","TOR","C","5877","FA","29","100,000","A","0","1%","0%"
"*04ps1*","Charles Mack","(N/A)","SS","5897","FA","26","100,000","A","0","0%","0%"
"*06yar*","Landon Mack","(N/A)","SP","5898","FA","20","100,000","A","0","0%","0%"
"*06zi1*","Zack Mack","NYM","RP","5899","FA","23","100,000","A","0","0%","0%"
"*05mrk*","Dylan MacLean","TEX","P","5878","FA","24","100,000","A","0","1%","0%"
"*05rek*","Christian MacLeod","MIA","SP","5879","FA","26","100,000","A","0","0%","0%"
"*06zew*","Coleman MacRae","HOU","SP","5880","FA","22","100,000","A","0","0%","0%"
"*04b21*","Angel Macuare","(N/A)","RP","5900","FA","26","100,000","A","0","0%","0%"
"*05ym9*","Jake Madden","COL","RP","5901","FA","24","100,000","A","0","1%","0%"
"*06yyg*","Riley Maddox","WSH","SP","5902","FA","0","100,000","A","0","0%","0%"
"*06ibv*","Jesus Made","MIL","SS","5903","Max","19","500,000","A","0","62%","0%"
"*0527f*","Kevin Made","WSH","2B,SS","5904","FA","23","100,000","A","0","3%","0%"
"*06bpu*","Emannoel Madeira","(N/A)","SP","5905","FA","19","100,000","A","0","0%","0%"
"*074vt*","Alex Madera","CHC","SS","5906","FA","25","100,000","A","0","0%","0%"
"*06r44*","Steven Madero","DET","1B","5907","FA","19","100,000","A","0","0%","0%"
"*04ptu*","Ben Madison","(N/A)","P","5908","FA","28","100,000","A","0","0%","0%"
"*070by*","Truitt Madonna","SD","C","5909","FA","19","100,000","A","0","1%","0%"
"*04ejw*","Bligh Madris","(N/A)","1B","5910","FA","30","100,000","A","0","0%","0%"
"*06qv3*","Bryce Madron","(N/A)","CF,OF","5911","FA","25","100,000","A","0","0%","0%"
"*06zgq*","Kendrey Maduro","LAA","3B","5912","FA","22","100,000","A","0","0%","0%"
"*06ulu*","Fermin Magallanes","BAL","RP","5913","FA","24","100,000","A","0","0%","0%"
"*06yys*","Mario Magana","(N/A)","CF,OF","5914","FA","19","100,000","A","0","0%","0%"
"*06pmw*","Bryan Magdaleno","TEX","RP","5915","FA","25","100,000","A","0","0%","0%"
"*06qsg*","Ryan Magdic","ATH","RP","5916","FA","26","100,000","A","0","0%","0%"
"*06hoz*","Cam Magee","(N/A)","SS","5917","FA","24","100,000","A","0","0%","0%"
"*02hnm*","Drew Maggi","(N/A)","2B","5918","FA","37","100,000","A","0","0%","0%"
"*06qke*","Grant Magill","CHW","C","5919","FA","25","100,000","A","0","0%","0%"
"*0778e*","Wills Maginnis","BOS","1B","5920","FA","21","100,000","A","0","0%","0%"
"*051bg*","Andrew Magno","BAL","RP","5921","FA","28","100,000","A","0","0%","0%"
"*05ogx*","Solomon Maguire","(N/A)","CF,OF","5922","FA","23","100,000","A","0","0%","0%"
"*06yyf*","Lucas Mahlstedt","LAA","RP","5923","FA","23","100,000","A","0","0%","0%"
"*06dq6*","Jack Mahoney","COL","SP","5924","FA","24","100,000","A","0","1%","0%"
"*06uy0*","Jack Mahoney","ATH","RP","5925","FA","27","100,000","A","0","0%","0%"
"*05xu6*","Adam Maier","SEA","SP","5926","FA","24","100,000","A","0","1%","0%"
"*0401b*","Kevin Maitan","(N/A)","1B","5927","FA","26","100,000","A","0","1%","0%"
"*06z5b*","Cesar Maiz","CIN","SP","5928","FA","18","100,000","A","0","0%","0%"
"*06nm0*","Aidan Major","CLE","SP","5929","FA","23","100,000","A","0","0%","0%"
"*06hub*","Alex Makarewich","LAD","RP","5930","FA","24","100,000","A","0","0%","0%"
"*06qkd*","Alec Makarewicz","CHW","1B,3B","5931","FA","25","100,000","A","0","0%","0%"
"*067z5*","Shugo Maki","(N/A)","2B","5932","FA","28","100,000","A","0","0%","0%"
"*060oi*","Chance Mako","(N/A)","SP","5933","FA","21","100,000","A","0","0%","0%"
"*06uwp*","Cooper Malamazian","(N/A)","SS","5934","FA","20","100,000","A","0","0%","0%"
"*066l8*","Aidan Maldonado","MIL","RP","5935","FA","26","100,000","A","0","0%","0%"
"*0518d*","Anthony Maldonado","(N/A)","RP","5936","FA","28","100,000","A","0","0%","0%"
"*06cmg*","Cam Maldonado","SF","RF,OF","5937","FA","22","100,000","A","0","3%","0%"
"*0620s*","Gerelmi Maldonado","SF","SP","5938","FA","22","100,000","A","0","1%","0%"
"*021t6*","Martin Maldonado","SD","C","5939","FA","39","100,000","A","0","0%","0%"
"*0603j*","Nick Maldonado","MIA","RP","5940","FA","26","100,000","A","0","0%","0%"
"*06hyx*","Dalton Mall","(N/A)","SP","5941","FA","26","100,000","A","0","0%","0%"
"*06qij*","Josh Mallitz","SD","RP","5942","FA","24","100,000","A","0","0%","0%"
"*05uy1*","Justyn-Henry Malloy","TB","RF,OF,DH","5943","FA","26","100,000","A","0","3%","0%"
"*04y7b*","Brennan Malone","(N/A)","RP","5944","FA","25","100,000","A","0","1%","0%"
"*06mid*","Maddox Malony","(N/A)","3B","5945","FA","21","100,000","A","0","0%","0%"
"*06h00*","Rorik Maltrud","CLE","SP","5946","FA","26","100,000","A","0","0%","0%"
"*06rix*","Alexander Mambel","BOS","1B","5947","FA","19","100,000","A","0","0%","0%"
"*0779s*","Jeyver Manaure","ARI","SP","5948","FA","19","100,000","A","0","0%","0%"
"*066jq*","Joey Mancini","HOU","SP","5949","FA","25","100,000","A","0","0%","0%"
"*06gic*","Mark Manfredi","MIL","RP","5950","FA","25","100,000","A","0","0%","0%"
"*06qp0*","Thomas Mangus","CHC","RP","5951","FA","23","100,000","A","0","0%","0%"
"*072ic*","Rocco Maniscalco","STL","SS","5952","FA","17","100,000","A","0","1%","0%"
"*04pr2*","Devin Mann","(N/A)","1B,3B","5953","FA","29","100,000","A","0","0%","0%"
"*06hx0*","Hunter Mann","COL","RP","5954","FA","24","100,000","A","0","0%","0%"
"*06do7*","Luke Mann","ATH","1B,3B","5955","FA","26","100,000","A","0","0%","0%"
"*06ih7*","Chusei Mannami","(N/A)","1B","5956","FA","26","100,000","A","0","0%","0%"
"*075l1*","Grant Manning","WSH","RP","5957","FA","25","100,000","A","0","0%","0%"
"*041m1*","Matt Manning","(N/A)","RP","5958","FA","28","100,000","A","0","1%","0%"
"*06umb*","Noah Manning","(N/A)","RP","5959","FA","24","100,000","A","0","0%","0%"
"*05jq4*","Timmy Manning","(N/A)","RP","5960","FA","24","100,000","A","0","0%","0%"
"*072hh*","Jose Manon","ATL","SS","5961","FA","17","100,000","A","0","2%","0%"
"*076rv*","Henry Manrique","NYM","LF,OF","5962","FA","17","100,000","A","0","0%","0%"
"*06bt4*","Renair Manrique","(N/A)","SS","5963","FA","20","100,000","A","0","0%","0%"
"*075ez*","Alejandro Manzano","ATH","RP","5964","FA","24","100,000","A","0","0%","0%"
"*06ky4*","Marco Manzano","NYY","RP","5965","FA","22","100,000","A","0","0%","0%"
"*05uwh*","Mikell Manzano","(N/A)","RP","5966","FA","23","100,000","A","0","0%","0%"
"*06r50*","Anyel Manzueta","WSH","RP","5967","FA","19","100,000","A","0","0%","0%"
"*06tsv*","Sami Manzueta","HOU","2B,3B","5968","FA","17","100,000","A","0","0%","0%"
"*06mw5*","Luis Maracara","SD","RP","5969","FA","18","100,000","A","0","0%","0%"
"*06suq*","Agustin Marcano","(N/A)","C","5970","FA","20","100,000","A","0","0%","0%"
"*060oh*","Carlos Marcano","DET","SP","5971","FA","23","100,000","A","0","0%","0%"
"*076ac*","Jhosued Marcano","CHC","SP","5972","FA","17","100,000","A","0","0%","0%"
"*06gy9*","Jose Marcano","CLE","1B","5973","FA","20","100,000","A","0","0%","0%"
"*06jgy*","Jose Marcano","TEX","C","5974","FA","19","100,000","A","0","0%","0%"
"*05tdm*","Rafael Marcano","(N/A)","RP","5975","FA","26","100,000","A","0","0%","0%"
"*070cv*","Orlando Marcelin","TOR","RP","5976","FA","19","100,000","A","0","0%","0%"
"*06aju*","Hansel Marcelino","(N/A)","RP","5977","FA","24","100,000","A","0","0%","0%"
"*06o04*","Manuel Marchan","CIN","SP","5978","FA","19","100,000","A","0","0%","0%"
"*06rhv*","Moises Marchan","KC","C","5981","FA","18","100,000","A","0","1%","0%"
"*07713*","Taj Marchand","TB","SS","5979","FA","17","100,000","A","0","0%","0%"
"*061vz*","Jorge Marcheco","ATH","RP","5980","FA","23","100,000","A","0","1%","0%"
"*06yaq*","Jake Marciano","(N/A)","SP","5982","FA","20","100,000","A","0","0%","0%"
"*06qr4*","Brady Marget","TB","1B","5983","FA","23","100,000","A","0","0%","0%"
"*04eie*","Nick Margevicius","(N/A)","SP","5984","FA","30","100,000","A","0","0%","0%"
"*02i3d*","Manuel Margot","(N/A)","RF,OF","5985","FA","31","100,000","A","0","0%","0%"
"*06jgh*","Yander Maria","CHC","SP","5986","FA","19","100,000","A","0","0%","0%"
"*06uxs*","Diovel Mariano","CLE","RP","5987","FA","22","100,000","A","0","0%","0%"
"*06icf*","Naibel Mariano","CIN","SS","5988","FA","19","100,000","A","0","1%","0%"
"*06onr*","Reyli Mariano","LAD","2B","5989","FA","19","100,000","A","0","1%","0%"
"*06sup*","Jermaine Maricuto","(N/A)","1B","5990","FA","20","100,000","A","0","0%","0%"
"*06r32*","Alexis Marin","(N/A)","SP","5991","FA","21","100,000","A","0","0%","0%"
"*06mi6*","Jahir Marin","(N/A)","C","5992","FA","19","100,000","A","0","0%","0%"
"*05xdf*","Junior Marin","(N/A)","LF,OF","5993","FA","22","100,000","A","0","0%","0%"
"*06riv*","Liosward Marin","BOS","DH","5994","FA","20","100,000","A","0","0%","0%"
"*06rft*","Manny Marin","(N/A)","SS","5995","FA","21","100,000","A","0","0%","0%"
"*06rkd*","Nelson Marin","(N/A)","C,1B","5996","FA","20","100,000","A","0","0%","0%"
"*077c3*","Victor Marin","CLE","SP","5997","FA","17","100,000","A","0","0%","0%"
"*06zev*","Louis Marinaro","TEX","RP","5998","FA","21","100,000","A","0","0%","0%"
"*06rl8*","Luis Marinez","(N/A)","1B","5999","FA","24","100,000","A","0","0%","0%"
"*06ya0*","Stiven Marinez","NYY","SS","6000","FA","18","100,000","A","0","0%","0%"
"*02hiz*","Michael Mariot","(N/A)","RP","6001","FA","37","100,000","A","0","0%","0%"
"*01sit*","Jake Marisnick","(N/A)","CF,OF","6002","FA","35","100,000","A","0","0%","0%"
"*06za9*","Easton Marks","COL","SP","6003","FA","22","100,000","A","0","0%","0%"
"*05u9a*","Jordan Marks","(N/A)","RP","6004","FA","27","100,000","A","0","0%","0%"
"*051fl*","Cade Marlowe","ATH","RF,OF","6005","FA","29","100,000","A","0","2%","0%"
"*06lwl*","Eddy Marmolejos","WSH","3B","6006","FA","19","100,000","A","0","0%","0%"
"*0730e*","Ryan Marohn","PIT","SP","6007","FA","21","100,000","A","0","0%","0%"
"*06dq2*","Landen Maroudis","TOR","SP","6008","FA","21","100,000","A","0","2%","0%"
"*0669w*","Austin Marozas","TOR","RP","6009","FA","27","100,000","A","0","0%","0%"
"*06qqr*","Anthony Marquez","SF","SS","6010","FA","19","100,000","A","0","0%","0%"
"*06bj4*","Anyelo Marquez","LAA","2B","6011","FA","20","100,000","A","0","0%","0%"
"*06v29*","Edinzo Marquez","NYY","SP","6012","FA","21","100,000","A","0","0%","0%"
"*05u1r*","Emilio Marquez","(N/A)","RP","6013","FA","28","100,000","A","0","0%","0%"
"*06bn0*","Gustavo Marquez","(N/A)","CF,OF","6014","FA","21","100,000","A","0","0%","0%"
"*06kxz*","Jesus Marquez","(N/A)","1B","6015","FA","19","100,000","A","0","0%","0%"
"*06uvt*","Luis Marquez","TEX","2B,SS","6016","FA","20","100,000","A","0","0%","0%"
"*06r5t*","Noslen Marquez","(N/A)","SP","6017","FA","21","100,000","A","0","0%","0%"
"*06y0k*","Ramon Marquez","PHI","SP","6018","FA","19","100,000","A","0","16%","0%"
"*070kr*","Victor Marquez","PIT","C","6019","FA","18","100,000","A","0","0%","0%"
"*06rw4*","Adriano Marrero","LAD","SP","6020","FA","18","100,000","A","0","0%","0%"
"*06idy*","Andrew Marrero","HOU","RP","6021","FA","26","100,000","A","0","0%","0%"
"*06rt5*","Elias Marrero","(N/A)","DH","6022","FA","18","100,000","A","0","0%","0%"
"*04psx*","Elih Marrero","KC","C","6023","FA","29","100,000","A","0","0%","0%"
"*0518e*","Wendell Marrero","(N/A)","RF,OF","6024","FA","25","100,000","A","0","0%","0%"
"*06pq7*","Mason Marriott","ARI","SP","6025","FA","23","100,000","A","0","0%","0%"
"*0512c*","Alec Marsh","KC","SP","6026","FA","28","100,000","A","0","4%","0%"
"*06qlb*","Chandler Marsh","BAL","RP","6027","FA","23","100,000","A","0","0%","0%"
"*06uw4*","Tatum Marsh","(N/A)","LF,OF","6028","FA","21","100,000","A","0","0%","0%"
"*06kww*","Duncan Marsten","CIN","SP","6029","FA","21","100,000","A","0","0%","0%"
"*06rk5*","Angel Marte","(N/A)","C","6030","FA","20","100,000","A","0","0%","0%"
"*07618*","Edwin Marte","BAL","SP","6031","FA","19","100,000","A","0","0%","0%"
"*06bl3*","Francis Marte","ATH","SP","6032","FA","20","100,000","A","0","0%","0%"
"*04ydj*","Jose Marte","NYM","RP","6033","FA","30","100,000","A","0","0%","0%"
"*0764e*","Josehp Marte","LAD","SP","6034","FA","21","100,000","A","0","0%","0%"
"*066rs*","Modeifi Marte","ARI","1B","6035","FA","23","100,000","A","0","0%","0%"
"*06ie7*","Sabier Marte","NYY","SP","6036","FA","22","100,000","A","0","1%","0%"
"*073k8*","Yordany Marte","CHW","SP","6037","FA","16","100,000","A","0","0%","0%"
"*06cqy*","Yunior Marte","SF","SP","6038","FA","22","100,000","A","0","1%","0%"
"*06ic2*","Curley Martha","TEX","2B","6039","FA","19","100,000","A","0","1%","0%"
"*06qvt*","Christian Martin","STL","2B","6040","FA","23","100,000","A","0","0%","0%"
"*06qr5*","Colby Martin","MIA","RP","6041","FA","25","100,000","A","0","0%","0%"
"*066jo*","David Martin","(N/A)","C","6042","FA","25","100,000","A","0","0%","0%"
"*04q4k*","Garrett Martin","NYY","LF,CF,RF,OF","6043","FA","26","100,000","A","0","1%","0%"
"*0374g*","Jason Martin","(N/A)","LF,OF","6044","FA","30","100,000","A","0","0%","0%"
"*06h21*","Logan Martin","SF","SP","6045","FA","25","100,000","A","0","0%","0%"
"*04epq*","Mason Martin","(N/A)","1B,CF,OF","6046","FA","27","100,000","A","0","0%","0%"
"*06zap*","Max Martin","KC","RP","6047","FA","22","100,000","A","0","0%","0%"
"*06yq6*","Maximus Martin","BOS","SS","6048","FA","22","100,000","A","0","1%","0%"
"*06gjp*","Maxton Martin","TEX","LF,OF","6049","FA","21","100,000","A","0","1%","0%"
"*066dq*","Payton Martin","LAD","SP","6050","FA","22","100,000","A","0","4%","0%"
"*03pj6*","Richie Martin","COL","3B,SS","6051","FA","31","100,000","A","0","0%","0%"
"*05gs8*","Robby Martin","(N/A)","RF,OF","6052","FA","26","100,000","A","0","0%","0%"
"*062cz*","Roman Martin","ATH","SS","6053","FA","21","100,000","A","0","0%","0%"
"*03dwo*","Rudy Martin","BAL","CF,OF","6054","FA","30","100,000","A","0","0%","0%"
"*066t4*","Walker Martin","SF","3B,SS","6055","FA","22","100,000","A","0","5%","0%"
"*06yya*","Bryce Martin-Grudzielanek","NYY","3B","6056","FA","23","100,000","A","0","0%","0%"
"*06ult*","Clarence Martina","WSH","RP","6057","FA","21","100,000","A","0","0%","0%"
"*074cm*","D-Shawn Martina","ARI","CF,OF","6058","FA","17","100,000","A","0","0%","0%"
"*05u3c*","Adrian Martinez","(N/A)","RP","6059","FA","29","100,000","A","0","0%","0%"
"*05y4l*","Alex Martinez","LAA","RP","6060","FA","23","100,000","A","0","0%","0%"
"*0689m*","Alexander Martinez","(N/A)","C","6061","FA","21","100,000","A","0","0%","0%"
"*06r5e*","Alfonzo Martinez","TB","RF,OF","6062","FA","20","100,000","A","0","0%","0%"
"*06qy7*","Anel Martinez","(N/A)","SP","6063","FA","21","100,000","A","0","0%","0%"
"*06bpt*","Anthony Martinez","CLE","DH","6064","FA","22","100,000","A","0","0%","0%"
"*06kxu*","Browm Martinez","WSH","LF,CF,OF","6065","FA","19","100,000","A","0","0%","0%"
"*06r8b*","Bryan Martinez","LAA","LF,OF","6066","FA","20","100,000","A","0","0%","0%"
"*06z5x*","Carlos Martinez","MIA","C","6067","FA","18","100,000","A","0","0%","0%"
"*0733w*","Carlos Martinez","CLE","C","6068","FA","16","100,000","A","0","0%","0%"
"*074a1*","Carlos Martinez","SEA","SP","6069","FA","19","100,000","A","0","0%","0%"
"*077eg*","Carlos Martinez","SF","RP","6070","FA","21","100,000","A","0","0%","0%"
"*0657n*","Chazz Martinez","KC","RP","6071","FA","26","100,000","A","0","0%","0%"
"*04q3u*","Daniel Martinez","(N/A)","SP","6072","FA","27","100,000","A","0","0%","0%"
"*076ro*","Eddson Martinez","SD","LF,OF","6073","FA","18","100,000","A","0","0%","0%"
"*06sa0*","Emil Martinez","(N/A)","SS","6074","FA","18","100,000","A","0","0%","0%"
"*06er5*","Emmanuel Martinez","(N/A)","RP","6075","FA","22","100,000","A","0","0%","0%"
"*06rho*","Eric Martinez","MIL","C","6076","FA","22","100,000","A","0","0%","0%"
"*06sui*","Felix Martinez","(N/A)","RP","6077","FA","24","100,000","A","0","0%","0%"
"*06bl4*","Frank Martinez","TEX","RP","6078","FA","24","100,000","A","0","0%","0%"
"*05ycw*","Gabriel Martinez","(N/A)","RF,OF","6079","FA","23","100,000","A","0","1%","0%"
"*0776j*","Geomaikel Martinez","BOS","RF,OF","6080","FA","18","100,000","A","0","0%","0%"
"*06qwk*","Izaak Martinez","CLE","RP","6081","FA","24","100,000","A","0","0%","0%"
"*04m8w*","J.P. Martinez","(N/A)","LF,RF,OF","6082","FA","30","100,000","A","0","0%","0%"
"*06z00*","Jack Martinez","STL","RP","6083","FA","23","100,000","A","0","0%","0%"
"*0730o*","Jaims Martinez","CHC","SS","6084","FA","17","100,000","A","0","0%","0%"
"*06mf0*","Jaset Martinez","CIN","1B","6085","FA","19","100,000","A","0","0%","0%"
"*074vm*","Jendy Martinez","MIN","SS","6086","FA","17","100,000","A","0","0%","0%"
"*066m6*","Jeter Martinez","PIT","SP","6087","FA","20","100,000","A","0","4%","0%"
"*06ifp*","Jonathan Martinez","CLE","2B","6088","FA","19","100,000","A","0","0%","0%"
"*06s3o*","Jose Martinez","NYY","RP","6089","FA","21","100,000","A","0","0%","0%"
"*04dws*","Ernesto Martinez, Jr.","NYY","1B","6128","Ethan","27","500,000","A","0","2%","0%"
"*06meh*","Juan Martinez","CHW","1B,CF,OF","6090","FA","19","100,000","A","0","0%","0%"
"*06qxu*","Juan Martinez","MIL","2B,3B","6091","FA","19","100,000","A","0","7%","0%"
"*06u6p*","Juan Martinez","(N/A)","SP","6092","FA","23","100,000","A","0","0%","0%"
"*05acp*","Justin Martinez","ARI","RP","6093","FA","24","100,000","A","0","25%","0%"
"*06rfo*","Kendry Martinez","SEA","2B","6129","FA","18","100,000","A","0","1%","0%"
"*06uwd*","Kevin Martinez","COL","SP","6094","FA","18","100,000","A","0","0%","0%"
"*06ut2*","Keyner Martinez","SF","SP","6095","FA","21","100,000","A","0","5%","0%"
"*06mbp*","Larry Martinez","TB","1B","6096","FA","20","100,000","A","0","0%","0%"
"*06s7q*","Liomar Martinez","MIA","SP","6097","FA","21","100,000","A","0","2%","0%"
"*06rgu*","Luis Martinez","(N/A)","1B","6098","FA","20","100,000","A","0","0%","0%"
"*06z03*","Maison Martinez","CIN","RP","6099","FA","22","100,000","A","0","0%","0%"
"*061a5*","Maximo Martinez","(N/A)","RP","6100","FA","22","100,000","A","0","0%","0%"
"*06qyf*","Michael Martinez","(N/A)","RP","6101","FA","27","100,000","A","0","0%","0%"
"*06r2s*","Michael Martinez","ATL","LF,OF","6102","FA","19","100,000","A","0","4%","0%"
"*04mms*","Orelvis Martinez","(N/A)","2B","6103","FA","24","100,000","A","0","5%","0%"
"*04qnf*","Orlando Martinez","TEX","LF,OF","6104","FA","28","100,000","A","0","0%","0%"
"*076qo*","Pablo Martinez","HOU","SS","6105","FA","18","100,000","A","0","0%","0%"
"*04rvw*","Pedro Martinez","(N/A)","SS","6106","FA","25","100,000","A","0","0%","0%"
"*0664m*","Quinton Martinez","(N/A)","SP","6107","FA","27","100,000","A","0","0%","0%"
"*04n0g*","Raidel Martinez","(N/A)","SP","6108","FA","29","100,000","A","0","0%","0%"
"*06r16*","Randol Martinez","(N/A)","RP","6109","FA","19","100,000","A","0","0%","0%"
"*06kx7*","Randy Martinez","CLE","1B","6110","FA","19","100,000","A","0","0%","0%"
"*05t7u*","Raudelis Martinez","BOS","1B","6111","FA","24","100,000","A","0","0%","0%"
"*06qtd*","Robinson Martinez","(N/A)","RP","6112","FA","28","100,000","A","0","0%","0%"
"*03mon*","Rodolfo Martinez","(N/A)","RP","6113","FA","32","100,000","A","0","0%","0%"
"*06tzw*","Santiago Martinez","MIL","SP","6114","FA","17","100,000","A","0","0%","0%"
"*0730y*","Santiago Martinez","HOU","3B,SS","6115","FA","18","100,000","A","0","0%","0%"
"*0420n*","Seth Martinez","BOS","RP","6116","FA","31","100,000","A","0","0%","0%"
"*06jh5*","Stiven Martinez","BAL","CF,OF","6117","FA","18","100,000","A","0","2%","0%"
"*06qk7*","Xavier Martinez","CLE","RP","6118","FA","23","100,000","A","0","0%","0%"
"*06l3l*","Yeral Martinez","(N/A)","1B","6119","FA","23","100,000","A","0","0%","0%"
"*057ah*","Yohander Martinez","(N/A)","SS","6120","FA","24","100,000","A","0","0%","0%"
"*06mva*","Yordani Martinez","MIA","2B","6121","FA","19","100,000","A","0","0%","0%"
"*06giu*","Luis Martinez-Gomez","CHC","RP","6122","FA","23","100,000","A","0","0%","0%"
"*02bvk*","Nick Martini","(N/A)","RF,OF,DH","6123","FA","36","100,000","A","0","0%","0%"
"*060qg*","Mairoshendrick Martinus","LAD","3B,SS,CF,OF","6124","FA","21","100,000","A","0","1%","0%"
"*06qzp*","Shendrion Martinus","CIN","3B","6125","FA","19","100,000","A","0","0%","0%"
"*051c0*","Brandon Martorano","(N/A)","C","6126","FA","28","100,000","A","0","0%","0%"
"*0648v*","Nathan Martorella","(N/A)","1B","6127","FA","25","100,000","A","0","2%","0%"
"*06h1u*","Jack Maruskin","(N/A)","SP","6130","FA","26","100,000","A","0","0%","0%"
"*0648t*","J.P. Massey","(N/A)","RP","6131","FA","26","100,000","A","0","0%","0%"
"*06dn0*","Michael Massey","DET","SP","6132","FA","23","100,000","A","0","1%","0%"
"*06fu1*","Cameron Masterman","(N/A)","LF,OF","6133","FA","27","100,000","A","0","0%","0%"
"*0757q*","Andy Mata","DET","3B","6134","FA","18","100,000","A","0","0%","0%"
"*075li*","Angel Mata","PHI","C","6135","FA","21","100,000","A","0","0%","0%"
"*04ahc*","Bryan Mata","(N/A)","RP","6136","FA","27","100,000","A","0","1%","0%"
"*06z5w*","Richer Mata","KC","1B","6137","FA","18","100,000","A","0","0%","0%"
"*077eq*","Jace Mataczynski","BOS","SS","6138","FA","18","100,000","A","0","0%","0%"
"*067ww*","Angel Mateo","TB","LF,RF,OF","6139","FA","21","100,000","A","0","0%","0%"
"*06ics*","Carlos Mateo","PIT","RP","6140","FA","20","100,000","A","0","0%","0%"
"*076gk*","Cesar Mateo","TEX","SS","6141","FA","17","100,000","A","0","0%","0%"
"*05xp5*","Daniel Mateo","(N/A)","CF,OF","6142","FA","25","100,000","A","0","0%","0%"
"*06r2w*","Juan Mateo","ATL","3B","6143","FA","19","100,000","A","0","1%","0%"
"*077bu*","Marcos Mateo","CHC","SS","6144","FA","17","100,000","A","0","0%","0%"
"*04euk*","Shane Matheny","(N/A)","1B","6145","FA","30","100,000","A","0","0%","0%"
"*066t9*","Juan Matheus","MIA","3B","6146","FA","22","100,000","A","0","1%","0%"
"*060gd*","Quinn Mathews","STL","SP","6147","Zack","25","500,000","A","0","44%","+1%"
"*06qii*","Jack Mathey","SD","C","6148","FA","22","100,000","A","0","0%","0%"
"*03qkb*","Mark Mathias","(N/A)","2B","6149","FA","31","100,000","A","0","0%","0%"
"*070dv*","Dylan Mathiesen","PIT","SP","6150","FA","22","100,000","A","0","0%","0%"
"*06qsy*","Ryan Mathiesen","HOU","RP","6151","FA","23","100,000","A","0","0%","0%"
"*06j3h*","Cole Mathis","NYM","3B","6152","FA","22","100,000","A","0","5%","0%"
"*06pgl*","Carter Mathison","PHI","RF,OF","6153","FA","23","100,000","A","0","0%","0%"
"*06muy*","Carlos Matias","TB","LF,OF","6154","FA","19","100,000","A","0","0%","0%"
"*06jd5*","Richard Matic","NYY","3B","6155","FA","18","100,000","A","0","3%","0%"
"*03dub*","J.J. Matijevic","(N/A)","1B","6156","FA","30","100,000","A","0","0%","0%"
"*06akq*","David Matoma","PIT","RP","6157","FA","20","100,000","A","0","1%","0%"
"*0669u*","Jacob Maton","(N/A)","SP","6158","FA","26","100,000","A","0","0%","0%"
"*04ei5*","Nick Maton","(N/A)","DH","6159","FA","29","100,000","A","0","0%","0%"
"*0777d*","Alfiery Matos","NYY","CF,OF","6160","FA","18","100,000","A","0","0%","0%"
"*06amm*","Delvis Matos","(N/A)","LF,OF","6161","FA","21","100,000","A","0","0%","0%"
"*06v2q*","Dwayne Matos","(N/A)","SP","6162","FA","25","100,000","A","0","0%","0%"
"*06k87*","Erick Matos","ATH","SP","6163","FA","19","100,000","A","0","0%","0%"
"*0769m*","Leanders Matos","MIL","SS","6164","FA","17","100,000","A","0","7%","+1%"
"*06qu2*","Sean Matson","CLE","RP","6165","FA","24","100,000","A","0","0%","0%"
"*072wm*","Haru Matsumoto","(N/A)","RP","6166","FA","25","100,000","A","0","0%","0%"
"*06qs2*","Shion Matsuo","(N/A)","C","6167","FA","22","100,000","A","0","0%","0%"
"*06kto*","Shinya Matsuyama","(N/A)","SP","6168","FA","26","100,000","A","0","0%","0%"
"*06giq*","Case Matter","TEX","RP","6169","FA","24","100,000","A","0","0%","0%"
"*06taf*","Jason Matthews","CHW","3B","6170","FA","29","100,000","A","0","0%","0%"
"*0516a*","John Matthews","(N/A)","RP","6171","FA","28","100,000","A","0","0%","0%"
"*05u3t*","Micah Matthews","(N/A)","3B","6172","FA","20","100,000","A","0","0%","0%"
"*06l3j*","Connor Mattison","(N/A)","SP","6173","FA","21","100,000","A","0","0%","0%"
"*05xom*","Tyler Mattison","DET","SP","6174","FA","26","100,000","A","0","1%","0%"
"*01iz0*","Tyler Matzek","(N/A)","RP","6175","FA","35","100,000","A","0","0%","0%"
"*06ahc*","Alex Mauricio","(N/A)","RP","6176","FA","29","100,000","A","0","0%","0%"
"*070dd*","Logan Maxwell","NYY","RF,OF","6177","FA","23","100,000","A","0","0%","0%"
"*06mwh*","Aiden May","MIA","SP","6178","FA","23","100,000","A","0","2%","0%"
"*059c2*","Seth Mayberry","(N/A)","RP","6179","FA","26","100,000","A","0","0%","0%"
"*05rez*","Brando Mayea","NYY","CF,OF","6180","FA","20","100,000","A","0","6%","0%"
"*06qra*","Bryce Mayer","HOU","SP","6181","FA","24","100,000","A","0","4%","0%"
"*0514a*","Gunner Mayer","SEA","RP","6182","FA","25","100,000","A","0","0%","0%"
"*06c5n*","Jacob Mayers","BOS","RP","6183","FA","22","100,000","A","0","0%","0%"
"*06lp4*","Kash Mayfield","SD","SP","6184","C&G","21","500,000","A","0","27%","0%"
"*06yts*","Diustin Mayorquin","MIL","SP","6185","FA","18","100,000","A","0","1%","0%"
"*060gg*","Adam Mazur","MIA","SP","6186","FA","25","100,000","A","0","5%","0%"
"*06qky*","Niko Mazza","SF","SP","6187","FA","24","100,000","A","0","0%","0%"
"*04pw3*","James McArthur","KC","RP","6188","FA","29","100,000","A","0","2%","0%"
"*06twb*","Aric McAtee","CHW","RP","6189","FA","26","100,000","A","0","0%","0%"
"*0757c*","Nick McAuliffe","MIN","RP","6190","FA","25","100,000","A","0","0%","0%"
"*0512h*","Michael McAvene","(N/A)","P","6191","FA","28","100,000","A","0","0%","0%"
"*06alp*","Ben McCabe","COL","C","6192","FA","26","100,000","A","0","0%","0%"
"*06485*","David McCabe","ATL","1B,3B","6193","FA","26","100,000","A","0","1%","0%"
"*070dc*","David McCann","NYY","C","6194","FA","22","100,000","A","0","0%","0%"
"*0513b*","Kyle McCann","COL","C","6195","FA","28","100,000","A","0","0%","0%"
"*05xow*","Jordan McCants","(N/A)","2B,SS","6196","FA","24","100,000","A","0","0%","0%"
"*06qqs*","T.J. McCants","CHW","LF,RF,OF","6197","FA","25","100,000","A","0","0%","0%"
"*0730a*","Kaiden McCarthy","ATL","SP","6198","FA","17","100,000","A","0","0%","0%"
"*074vr*","Nolan McCarthy","DET","CF,OF","6199","FA","24","100,000","A","0","0%","0%"
"*05y5h*","DJ McCarty","TEX","SP","6200","FA","23","100,000","A","0","0%","0%"
"*0669q*","Ryan McCarty","PIT","2B,LF,OF","6201","FA","27","100,000","A","0","0%","0%"
"*04em5*","Darren McCaughan","(N/A)","RP","6202","FA","30","100,000","A","0","0%","0%"
"*06zlg*","Will McCausland","CLE","SP","6203","FA","22","100,000","A","0","0%","0%"
"*06gji*","Nik McClaughry","(N/A)","SS","6204","FA","26","100,000","A","0","0%","0%"
"*06igv*","Dexter McCleon Jr","(N/A)","1B","6205","FA","16","100,000","A","0","1%","0%"
"*06hj4*","Zac McCleve","(N/A)","RP","6206","FA","25","100,000","A","0","0%","0%"
"*072ef*","LeTrey McCollum","LAA","CF,OF","6207","FA","23","100,000","A","0","0%","0%"
"*068vt*","Tommy McCollum","TB","RP","6208","FA","27","100,000","A","0","0%","0%"
"*06zlk*","Jacob McCombs","MIN","CF,OF","6209","FA","22","100,000","A","0","0%","0%"
"*06z7n*","Mason McConnaughey","TEX","SP","6210","FA","22","100,000","A","0","1%","0%"
"*06qhv*","Cole McConnell","(N/A)","LF,RF,OF","6211","FA","25","100,000","A","0","0%","0%"
"*04esz*","Chas McCormick","CHC","LF,CF,RF,OF","6212","FA","31","100,000","A","0","2%","0%"
"*06qig*","Alex McCoy","SD","LF,OF","6213","FA","24","100,000","A","0","1%","0%"
"*06av8*","Kyle McCoy","CIN","SP","6214","FA","22","100,000","A","0","0%","0%"
"*04ehx*","Mason McCoy","SD","SS","6215","FA","31","100,000","A","0","0%","0%"
"*06aht*","Ryan McCoy","TB","RF,OF","6216","FA","24","100,000","A","0","0%","0%"
"*07715*","Mason McCraine","(N/A)","1B","6217","FA","20","100,000","A","0","0%","0%"
"*06hnh*","Mac McCroskey","LAA","2B,SS","6218","FA","26","100,000","A","0","0%","0%"
"*06qu4*","Ryan McCrystal","CIN","C,1B","6219","FA","23","100,000","A","0","0%","0%"
"*06655*","Brody McCullough","CHC","SP","6220","FA","26","100,000","A","0","1%","0%"
"*0662x*","Connor McCullough","CHW","SP","6221","FA","26","100,000","A","0","0%","0%"
"*06cqb*","Carson McCusker","(N/A)","RF,OF","6222","FA","28","100,000","A","0","0%","0%"
"*06zi3*","Jake McCutcheon","MIA","LF,OF","6223","FA","22","100,000","A","0","0%","0%"
"*06qin*","Charlie McDaniel","SF","SP","6224","FA","25","100,000","A","0","0%","0%"
"*0662w*","Drew McDaniel","CHW","SP","6225","FA","25","100,000","A","0","0%","0%"
"*06eks*","Quinn McDaniel","MIN","2B","6226","FA","23","100,000","A","0","0%","0%"
"*06qyw*","Garrett McDaniels","LAD","RP","6227","FA","26","100,000","A","0","0%","0%"
"*06tvl*","Ryan McDonagh","KC","SP","6228","FA","20","100,000","A","0","0%","0%"
"*072nq*","Caden McDonald","(N/A)","RP","6229","FA","21","100,000","A","0","0%","0%"
"*06gj2*","LJ McDonough","ATL","RP","6230","FA","26","100,000","A","0","0%","0%"
"*05ung*","Tyler McDonough","BOS","SS","6231","FA","27","100,000","A","0","1%","0%"
"*05xpj*","Tanner McDougal","CHW","SP","6232","Steve","23","500,000","A","0","32%","0%"
"*076sf*","Maddox McDougall","(N/A)","RP","6233","FA","20","100,000","A","0","0%","0%"
"*03qrb*","Max McDowell","(N/A)","C","6234","FA","32","100,000","A","0","0%","0%"
"*06qps*","Micah McDowell","(N/A)","LF,OF","6235","FA","25","100,000","A","0","0%","0%"
"*06uvx*","Walker McDuffie","(N/A)","RP","6236","FA","20","100,000","A","0","0%","0%"
"*05zy8*","Chris McElvain","TOR","SP","6237","FA","25","100,000","A","0","0%","0%"
"*06ieu*","Ethan McElvain","(N/A)","SP","6238","FA","21","100,000","A","0","0%","0%"
"*05xyv*","Daniel McElveny","(N/A)","C","6239","FA","23","100,000","A","0","0%","0%"
"*051jg*","Alex McFarlane","PHI","SP","6240","FA","25","100,000","A","0","2%","0%"
"*04env*","Aaron McGarity","(N/A)","RP","6241","FA","31","100,000","A","0","0%","0%"
"*05uni*","Griff McGarry","LAD","SP","6242","FA","27","100,000","A","0","4%","0%"
"*0603s*","Haydn McGeary","(N/A)","C,1B","6243","FA","26","100,000","A","0","1%","0%"
"*062k8*","Cade McGee","STL","2B,3B","6244","FA","23","100,000","A","0","0%","0%"
"*06zf2*","Jonny McGill","LAA","RF,OF","6245","FA","24","100,000","A","0","0%","0%"
"*06yw9*","Connor McGinnis","NYY","2B","6246","FA","23","100,000","A","0","0%","0%"
"*02btq*","Scott McGough","(N/A)","RP","6247","FA","36","100,000","A","0","0%","0%"
"*051ip*","Trey McGough","(N/A)","RP","6248","FA","28","100,000","A","0","0%","0%"
"*05y68*","Bryce McGowan","COL","RP","6249","FA","26","100,000","A","0","0%","0%"
"*05xpu*","Christian McGowan","PHI","SP","6250","FA","26","100,000","A","0","0%","0%"
"*06z4a*","Cooper McGrath","SF","RP","6251","FA","25","100,000","A","0","0%","0%"
"*05yiv*","Teddy McGraw","SEA","SP","6252","FA","24","100,000","A","0","2%","0%"
"*06qpj*","Logan McGuire","CLE","RP","6253","FA","23","100,000","A","0","0%","0%"
"*05ynw*","Shane McGuire","ATH","C,1B","6254","FA","27","100,000","A","0","0%","0%"
"*05zdb*","Mason McGwire","CHC","SP","6255","FA","22","100,000","A","0","4%","0%"
"*05zd8*","Max McGwire","(N/A)","1B","6256","FA","23","100,000","A","0","0%","0%"
"*0669k*","John McHenry","(N/A)","SS","6257","FA","25","100,000","A","0","0%","0%"
"*05yi0*","Paul McIntosh","PHI","C","6258","FA","28","100,000","A","0","0%","0%"
"*06qof*","Dalton McIntyre","ATL","CF,OF","6259","FA","23","100,000","A","0","0%","0%"
"*05y4u*","Donovan McIntyre","(N/A)","LF,CF,OF","6260","FA","23","100,000","A","0","0%","0%"
"*04pz8*","Tyler McKay","(N/A)","RP","6261","FA","28","100,000","A","0","0%","0%"
"*06lex*","Aaron McKeithan","SEA","C","6262","FA","26","100,000","A","0","0%","0%"
"*0516m*","Evan McKendry","MIA","SP","6263","FA","28","100,000","A","0","0%","0%"
"*03qkw*","Ryan McKenna","(N/A)","LF,OF","6264","FA","29","100,000","A","0","0%","0%"
"*06rw3*","Briggs McKenzie","ATL","SP","6265","FA","19","100,000","A","0","19%","0%"
"*05txw*","Jared McKenzie","(N/A)","LF,CF,RF,OF","6266","FA","25","100,000","A","0","0%","0%"
"*03pon*","Triston McKenzie","(N/A)","SP","6267","Brenden","28","3,000,000","A","0","4%","0%"
"*0310d*","Billy McKinney","(N/A)","RF,OF","6268","FA","31","100,000","A","0","0%","0%"
"*05yis*","Nick McLain","CHW","CF,OF","6269","FA","23","100,000","A","0","1%","0%"
"*05yax*","Sean McLain","LAD","SS","6270","FA","25","100,000","A","0","0%","0%"
"*06que*","Ben McLaughlin","ARI","1B","6271","FA","24","100,000","A","0","0%","0%"
"*05yhs*","J.D. McLaughlin","(N/A)","CF,OF","6272","FA","25","100,000","A","0","0%","0%"
"*0657a*","Mark McLaughlin","CHW","RP","6273","FA","25","100,000","A","0","1%","0%"
"*06aqj*","Trey McLoughlin","HOU","RP","6274","FA","27","100,000","A","0","0%","0%"
"*07032*","Tyler McLoughlin","NYM","SP","6275","FA","24","100,000","A","0","0%","0%"
"*06yzt*","Rylan McMahan","(N/A)","SP","6276","FA","18","100,000","A","0","0%","0%"
"*05170*","Hunter McMahon","(N/A)","P","6277","FA","28","100,000","A","0","0%","0%"
"*06hw8*","Garrett McMillan","PIT","SP","6278","FA","25","100,000","A","0","0%","0%"
"*0423z*","John McMillon","(N/A)","RP","6279","FA","28","100,000","A","0","1%","0%"
"*075g9*","Cooper McMurray","ATL","1B","6280","FA","24","100,000","A","0","0%","0%"
"*05y0v*","Brennon McNair","(N/A)","LF,OF","6281","FA","23","100,000","A","0","0%","0%"
"*06uxr*","Caleb McNeely","(N/A)","RF,OF","6282","FA","26","100,000","A","0","0%","0%"
"*068jh*","Luke McNeillie","(N/A)","SP","6283","FA","21","100,000","A","0","0%","0%"
"*074vz*","Brandon McPherson","HOU","SP","6284","FA","26","100,000","A","0","0%","0%"
"*073sm*","Ryan McPherson","(N/A)","RP","6285","FA","20","100,000","A","0","0%","0%"
"*072ez*","Jay McQueen","TEX","RF,OF","6286","FA","19","100,000","A","0","2%","0%"
"*07038*","J.D. McReynolds","TEX","RP","6287","FA","23","100,000","A","0","0%","0%"
"*06qtg*","Matt McShane","BOS","RP","6288","FA","23","100,000","A","0","0%","0%"
"*06suw*","Jake McSteen","(N/A)","RP","6289","FA","30","100,000","A","0","0%","0%"
"*051cu*","Morgan McSweeney","(N/A)","SP","6290","FA","28","100,000","A","0","0%","0%"
"*03dgk*","Sam McWilliams","BOS","RP","6291","FA","30","100,000","A","0","0%","0%"
"*06ek2*","Xavier Meachem","MIA","RP","6292","FA","23","100,000","A","0","0%","0%"
"*06498*","Jacob Meador","(N/A)","RP","6293","FA","25","100,000","A","0","0%","0%"
"*03dim*","John Means","KC","SP","6294","FA","33","100,000","A","0","3%","0%"
"*06mnf*","Bryce Meccage","MIL","SP","6295","FA","20","100,000","A","0","5%","0%"
"*06yzv*","Kyler Meccage","(N/A)","LF,OF","6296","FA","17","100,000","A","0","0%","0%"
"*05mrh*","Kade Mechals","(N/A)","P","6297","FA","28","100,000","A","0","0%","0%"
"*06qnp*","Alexander Meckley","WSH","SP","6298","FA","23","100,000","A","0","0%","0%"
"*03rrh*","Adonis Medina","(N/A)","RP","6299","FA","29","100,000","A","0","0%","0%"
"*06sbs*","Albert Medina","ARI","LF,OF","6300","FA","18","100,000","A","0","0%","0%"
"*06lwk*","Alver Medina","(N/A)","3B","6301","FA","19","100,000","A","0","0%","0%"
"*06kvq*","Amilcar Medina","ATH","RP","6302","FA","21","100,000","A","0","0%","0%"
"*074w1*","Carlos Medina","SD","SP","6303","FA","21","100,000","A","0","0%","0%"
"*06kxv*","Dilan Medina","(N/A)","CF,OF","6304","FA","20","100,000","A","0","0%","0%"
"*06cmq*","Elias Medina","LAD","RF,OF","6305","FA","20","100,000","A","0","1%","0%"
"*06c38*","Jhon Medina","COL","SP","6306","FA","20","100,000","A","0","0%","0%"
"*06r7t*","Johandi Medina","TOR","RP","6307","FA","19","100,000","A","0","0%","0%"
"*066s0*","Jose Medina","(N/A)","1B","6308","FA","21","100,000","A","0","0%","0%"
"*06mia*","Juan Medina","(N/A)","SP","6309","FA","19","100,000","A","0","0%","0%"
"*063u5*","Manuel Medina","(N/A)","RP","6310","FA","24","100,000","A","0","0%","0%"
"*07783*","Maximin Medina","WSH","SP","6311","FA","18","100,000","A","0","0%","0%"
"*06v2a*","Raimel Medina","KC","LF,OF","6312","FA","21","100,000","A","0","0%","0%"
"*06ric*","Ramcell Medina","KC","SS","6313","FA","18","100,000","A","0","1%","0%"
"*06rhw*","Raymer Medina","TB","SS","6314","FA","18","100,000","A","0","1%","0%"
"*06mmz*","Roberto Medina","TB","RP","6315","FA","21","100,000","A","0","0%","0%"
"*06r0i*","Ruben Medina","TEX","SP","6316","FA","21","100,000","A","0","0%","0%"
"*06c34*","Yorfran Medina","(N/A)","1B","6317","FA","21","100,000","A","0","0%","0%"
"*05upb*","James Meeker","(N/A)","RP","6318","FA","31","100,000","A","0","0%","0%"
"*06zf1*","Chase Meggers","NYM","C","6319","FA","23","100,000","A","0","0%","0%"
"*04ywk*","Tylor Megill","NYM","SP","6320","FA","30","100,000","A","0","11%","0%"
"*05yng*","Justin Meis","PIT","RP","6321","FA","26","100,000","A","0","0%","0%"
"*06kul*","Adriander Mejia","BAL","C","6322","FA","19","100,000","A","0","0%","0%"
"*0776v*","Angel Mejia","SD","C","6323","FA","18","100,000","A","0","0%","0%"
"*05w9d*","Enmanuel Mejia","(N/A)","RP","6324","FA","27","100,000","A","0","0%","0%"
"*03mog*","Erick Mejia","WSH","RP","6325","FA","31","100,000","A","0","0%","0%"
"*077a5*","Ernesto Mejia","KC","RP","6326","FA","17","100,000","A","0","0%","0%"
"*06jfn*","Esteban Mejia","BAL","SP","6327","FA","19","100,000","A","0","16%","0%"
"*06lvd*","Esteban Mejia","TEX","3B,SS","6328","FA","21","100,000","A","0","0%","0%"
"*03a95*","Francisco Mejia","(N/A)","C","6329","FA","30","100,000","A","0","0%","0%"
"*06585*","Ian Mejia","ATL","SP","6330","FA","26","100,000","A","0","2%","0%"
"*06sbv*","Ismael Mejia","ARI","1B","6331","FA","18","100,000","A","0","0%","0%"
"*04o64*","J.C. Mejia","(N/A)","RP","6332","FA","29","100,000","A","0","0%","0%"
"*05ucg*","Jonathan Mejia","STL","2B,SS","6333","FA","21","100,000","A","0","2%","0%"
"*06biu*","Jose Mejia","ARI","3B","6334","FA","20","100,000","A","0","2%","0%"
"*06rot*","Jose Mejia","KC","SP","6335","FA","19","100,000","A","0","0%","0%"
"*06uls*","Naoel Mejia","PHI","RP","6336","FA","24","100,000","A","0","0%","0%"
"*06r4k*","Omar Mejia","KC","3B","6337","FA","19","100,000","A","0","0%","0%"
"*075lf*","Rordy Mejia","SD","RP","6338","FA","21","100,000","A","0","0%","0%"
"*06ktl*","Samuel Mejia","(N/A)","RP","6339","FA","24","100,000","A","0","0%","0%"
"*06fi0*","Sandy Mejia","HOU","SP","6340","FA","22","100,000","A","0","0%","0%"
"*05xzy*","Alvaro Mejias","TB","RP","6341","FA","22","100,000","A","0","0%","0%"
"*05tcf*","Manuel Mejias","(N/A)","C","6342","FA","22","100,000","A","0","0%","0%"
"*06lfw*","Ubert Mejias","SF","RP","6343","FA","25","100,000","A","0","0%","0%"
"*072if*","Ezequiel Melbourne","LAD","SS","6344","FA","17","100,000","A","0","1%","0%"
"*0777a*","Ezequiel Melburne","LAD","SS","6345","FA","17","100,000","A","0","0%","0%"
"*04nkc*","Alejandro Melean","(N/A)","RP","6346","FA","25","100,000","A","0","0%","0%"
"*06zf6*","Adiel Melendez","ATL","SP","6347","FA","24","100,000","A","0","0%","0%"
"*06rht*","Anderson Melendez","(N/A)","RP","6348","FA","23","100,000","A","0","0%","0%"
"*06pfl*","Cristofer Melendez","(N/A)","RP","6349","FA","28","100,000","A","0","0%","0%"
"*06um1*","Edwardo Melendez","CHC","RP","6350","FA","22","100,000","A","0","0%","0%"
"*06z9u*","Gustavo Melendez","PIT","SS","6351","FA","18","100,000","A","0","1%","0%"
"*060ih*","Ivan Melendez","(N/A)","1B","6352","FA","26","100,000","A","0","3%","0%"
"*05t5w*","Jaime Melendez","(N/A)","RP","6353","FA","24","100,000","A","0","0%","0%"
"*06fqw*","Yahil Melendez","CHC","SS","6354","FA","20","100,000","A","0","1%","0%"
"*06r1t*","Oscar Melgarejo","CLE","SP","6355","FA","20","100,000","A","0","0%","0%"
"*06lwf*","Leandy Mella","DET","LF,OF","6356","FA","19","100,000","A","0","0%","0%"
"*061gx*","Jacob Melton","TB","CF,OF","6357","FA","25","100,000","A","0","24%","0%"
"*06l51*","Bryan Mena","PIT","SP","6358","FA","22","100,000","A","0","0%","0%"
"*05ita*","Cristian Mena","ARI","RP","6359","FA","23","100,000","A","0","5%","0%"
"*0527e*","Ismael Mena","(N/A)","CF,OF","6360","FA","23","100,000","A","0","1%","0%"
"*06bkx*","Walvin Mena","ARI","RP","6361","FA","20","100,000","A","0","0%","0%"
"*06qf0*","Chipper Menard","(N/A)","RP","6362","FA","24","100,000","A","0","0%","0%"
"*05u6j*","Wes Mendes","HOU","SP","6363","FA","21","100,000","A","0","0%","0%"
"*060yp*","Alberto Mendez","(N/A)","2B,3B","6364","FA","21","100,000","A","0","0%","0%"
"*06u6o*","Alejandro Mendez","(N/A)","RP","6798","FA","25","100,000","A","0","0%","0%"
"*0737m*","Brayan Mendez","HOU","LF,OF","6365","FA","17","100,000","A","0","0%","0%"
"*06rs0*","Bryant Mendez","SEA","2B","6366","FA","22","100,000","A","0","0%","0%"
"*06o0t*","Franyer Mendez","CIN","SP","6367","FA","19","100,000","A","0","0%","0%"
"*06klj*","Gerinton Mendez","MIA","SP","6368","FA","19","100,000","A","0","0%","0%"
"*05rhb*","Hendry Mendez","MIN","LF,OF","6369","T","22","500,000","A","0","13%","0%"
"*06sbw*","Jeshua Mendez","ARI","C","6370","FA","18","100,000","A","0","0%","0%"
"*066r4*","Jesus Mendez","CHW","RP","6371","FA","21","100,000","A","0","0%","0%"
"*06p5y*","Joel Mendez","(N/A)","LF,OF","6372","FA","23","100,000","A","0","0%","0%"
"*06ri1*","Jorge Mendez","(N/A)","C","6373","FA","22","100,000","A","0","0%","0%"
"*06rm2*","Juan Mendez","(N/A)","RP","6374","FA","27","100,000","A","0","0%","0%"
"*0620i*","Julio Mendez","MIA","SP","6375","FA","21","100,000","A","0","1%","0%"
"*066ok*","Leam Mendez","(N/A)","SP","6376","FA","26","100,000","A","0","0%","0%"
"*06hsi*","Lenin Mendez","(N/A)","RP","6377","FA","21","100,000","A","0","0%","0%"
"*0620t*","Luis Mendez","COL","1B","6378","FA","23","100,000","A","0","0%","0%"
"*06r8f*","Miguel Mendez","SD","RP","6379","FA","24","100,000","A","0","8%","0%"
"*0731x*","Sebastian Mendez","HOU","SS","6380","FA","17","100,000","A","0","0%","0%"
"*04z92*","Teofilo Mendez","ARI","RP","6381","FA","24","100,000","A","0","0%","0%"
"*066q7*","Wady Mendez","(N/A)","RF,OF","6382","FA","21","100,000","A","0","0%","0%"
"*06rm0*","Wuilberth Mendez","DET","SP","6383","FA","22","100,000","A","0","0%","0%"
"*075zj*","Augusto Mendieta","KC","RP","6384","FA","21","100,000","A","0","0%","0%"
"*06amj*","Noah Mendlinger","STL","2B,LF,RF,OF","6385","FA","25","100,000","A","0","0%","0%"
"*06qxk*","Abdiel Mendoza","SEA","RP","6386","FA","27","100,000","A","0","0%","0%"
"*05y66*","Brayan Mendoza","MIA","RP","6387","FA","22","100,000","A","0","0%","0%"
"*05w7q*","Carlos Mendoza","TOR","2B,3B","6388","FA","26","100,000","A","0","0%","0%"
"*04mll*","Damian Mendoza","(N/A)","RP","6389","FA","25","100,000","A","0","0%","0%"
"*06ru1*","Edwin Mendoza","ATH","RP","6390","FA","18","100,000","A","0","0%","0%"
"*077ba*","Giancarlos Mendoza","CHC","SS","6391","FA","17","100,000","A","0","0%","0%"
"*0777f*","Helvin Mendoza","LAD","CF,OF","6392","FA","17","100,000","A","0","0%","0%"
"*062l4*","Jordarlin Mendoza","NYY","RP","6393","FA","22","100,000","A","0","0%","0%"
"*076g7*","Jose M. Mendoza","CHW","C","6394","FA","18","100,000","A","0","0%","0%"
"*0507o*","Ramon Mendoza","STL","3B","6395","FA","25","100,000","A","0","0%","0%"
"*077bv*","Roberto Mendoza","TB","RP","6396","FA","19","100,000","A","0","0%","0%"
"*07776*","Santiago Mendoza","TB","C","6397","FA","18","100,000","A","0","0%","0%"
"*066fu*","Joseph Menefee","CIN","RP","6398","FA","26","100,000","A","0","0%","0%"
"*05ynz*","Antonio Menendez","ARI","RP","6399","FA","27","100,000","A","0","0%","0%"
"*076sm*","Liordanys Menendez","LAA","SS","6400","FA","18","100,000","A","0","0%","0%"
"*06ifi*","Ruben Menes","STL","SP","6401","FA","24","100,000","A","0","0%","0%"
"*075ky*","Jose Meneses","MIL","RP","6402","FA","21","100,000","A","0","0%","0%"
"*03dav*","Daniel Mengden","(N/A)","SP","6403","FA","33","100,000","A","0","0%","0%"
"*072fg*","Luke Mensik","SF","SP","6404","FA","18","100,000","A","0","0%","0%"
"*06yy9*","Lorenzo Meola","SF","2B","6405","FA","22","100,000","A","0","1%","0%"
"*06aq7*","Richard Meran","NYY","RF,OF","6406","FA","20","100,000","A","0","0%","0%"
"*06r8m*","Dylan Mercado","(N/A)","3B","6407","FA","16","100,000","A","0","0%","0%"
"*06qzc*","Enderson Mercado","MIL","SP","6408","FA","19","100,000","A","0","0%","0%"
"*06szo*","Estarling Mercado","NYM","1B","6409","FA","23","100,000","A","0","0%","0%"
"*04emr*","Jan Mercado","(N/A)","C","6410","FA","26","100,000","A","0","0%","0%"
"*06uxq*","Logan Mercado","ARI","RP","6411","FA","24","100,000","A","0","0%","0%"
"*04eeq*","Michael Mercado","PHI","SP","6412","FA","27","100,000","A","0","1%","0%"
"*02k19*","Oscar Mercado","(N/A)","LF,RF,OF","6413","FA","31","100,000","A","0","0%","0%"
"*052kd*","Reidy Mercado","(N/A)","CF,OF","6414","FA","25","100,000","A","0","0%","0%"
"*06me8*","Abel Mercedes","ATH","RP","6415","FA","24","100,000","A","0","0%","0%"
"*0744e*","Alexander Mercedes","MIL","SP","6416","FA","17","100,000","A","0","0%","0%"
"*06kzd*","Ernesto Mercedes","NYM","RP","6417","FA","22","100,000","A","0","0%","0%"
"*062zi*","Jeffrey Mercedes","CLE","2B,3B","6418","FA","21","100,000","A","0","0%","0%"
"*06u75*","Jorge Mercedes","(N/A)","RP","6419","FA","26","100,000","A","0","0%","0%"
"*05yfj*","Juan Mercedes","(N/A)","RP","6420","FA","26","100,000","A","0","0%","0%"
"*06tlq*","Juan Mercedes","(N/A)","RP","6421","FA","24","100,000","A","0","0%","0%"
"*05itd*","Manuel Mercedes","SF","SP","6422","FA","23","100,000","A","0","0%","0%"
"*06u6f*","Miqueas Mercedes","MIL","SP","6423","FA","20","100,000","A","0","0%","0%"
"*05ych*","Yasser Mercedes","MIN","CF,RF,OF","6424","FA","21","100,000","A","0","6%","0%"
"*06v62*","LJ Mercurius","(N/A)","SP","6425","FA","21","100,000","A","0","0%","0%"
"*066dn*","Hayden Merda","NYY","RP","6426","FA","26","100,000","A","0","0%","0%"
"*06awf*","Luis Merejo","CLE","1B,RF,OF","6427","FA","20","100,000","A","0","3%","0%"
"*073xy*","Ryjeteri Merite","CIN","SP","6428","FA","20","100,000","A","0","1%","0%"
"*0668h*","Nick Merkel","MIL","RP","6429","FA","28","100,000","A","0","0%","0%"
"*072zx*","Enmanuel Merlo","MIN","SS","6430","FA","17","100,000","A","0","1%","0%"
"*06tlu*","Matt Merrill","(N/A)","RP","6431","FA","28","100,000","A","0","0%","0%"
"*06ytp*","Caden Merritt","ATL","RF,OF","6432","FA","19","100,000","A","0","0%","0%"
"*03deo*","Julian Merryweather","MIN","RP","6433","FA","34","100,000","A","0","1%","0%"
"*06qt0*","David Mershon","LAA","2B,SS","6434","FA","23","100,000","A","0","0%","0%"
"*05ojj*","Matt Mervis","(N/A)","1B","6435","FA","28","100,000","A","0","2%","0%"
"*072ji*","Michael Mesa","TOR","LF,OF","6436","FA","17","100,000","A","0","0%","0%"
"*06um0*","Miguel Mesa","BAL","RP","6437","FA","23","100,000","A","0","0%","0%"
"*06qne*","Carson Messina","TOR","RP","6438","FA","20","100,000","A","0","1%","0%"
"*06k7q*","Cole Messina","COL","C","6439","FA","23","100,000","A","0","1%","0%"
"*04etz*","Skyler Messinger","COL","3B","6440","FA","27","100,000","A","0","0%","0%"
"*05y71*","Zach Messinger","NYY","RP","6441","FA","26","100,000","A","0","0%","0%"
"*06r4d*","Frankeli Mesta","PIT","3B","6442","FA","19","100,000","A","0","0%","0%"
"*05xws*","Brian Metoyer","NYM","RP","6443","FA","29","100,000","A","0","0%","0%"
"*072h1*","Sam Mettert","CHC","RP","6444","FA","23","100,000","A","0","0%","0%"
"*06ifa*","Chase Meyer","(N/A)","RP","6445","FA","21","100,000","A","0","0%","0%"
"*06qvi*","Danery Meyer","SEA","RP","6446","FA","19","100,000","A","0","0%","0%"
"*0665p*","Jake Meyer","(N/A)","C","6447","FA","27","100,000","A","0","0%","0%"
"*062yr*","Noble Meyer","MIA","SP","6448","FA","21","100,000","A","0","28%","0%"
"*05yd8*","Chris Meyers","DET","1B,LF,OF","6449","FA","27","100,000","A","0","0%","0%"
"*074cn*","Nishentel Meyers","CIN","2B","6450","FA","17","100,000","A","0","0%","0%"
"*0765m*","Abner Meza","NYM","SP","6451","FA","19","100,000","A","0","0%","0%"
"*076sp*","Jonaikel Meza","CLE","RP","6452","FA","19","100,000","A","0","0%","0%"
"*06p7c*","Jose Meza","LAD","1B,RF,OF","6453","FA","23","100,000","A","0","0%","0%"
"*06ag7*","Kendal Meza","SEA","RP","6454","FA","20","100,000","A","0","0%","0%"
"*05ygs*","Luis Meza","(N/A)","C","6455","FA","21","100,000","A","0","0%","0%"
"*06v2b*","Moises Meza","COL","SP","6456","FA","20","100,000","A","0","0%","0%"
"*06rih*","John Michael Faile","CIN","1B","6457","FA","26","100,000","A","0","0%","0%"
"*066d4*","Trevin Michael","DET","RP","6458","FA","28","100,000","A","0","0%","0%"
"*06dqo*","Garrett Michel","(N/A)","1B","6459","FA","22","100,000","A","0","0%","0%"
"*06pid*","Eddie Micheletti Jr.","TOR","LF,RF,OF","6460","FA","24","100,000","A","0","1%","0%"
"*066cb*","Ryan Middendorf","(N/A)","RP","6461","FA","28","100,000","A","0","0%","0%"
"*06tf9*","JB Middleton","COL","SP","6462","FA","22","100,000","A","0","3%","0%"
"*031av*","Keynan Middleton","LAD","RP","6463","FA","32","100,000","A","0","0%","0%"
"*06hst*","Daniel Mielcarek","LAD","DH","6464","FA","20","100,000","A","0","0%","0%"
"*06ux2*","Frank Mieses","CHW","CF,OF","6465","FA","18","100,000","A","0","0%","0%"
"*04b10*","Luis Mieses","(N/A)","RF,OF","6466","FA","26","100,000","A","0","0%","0%"
"*070dk*","Starlin Mieses","BAL","RF,OF","6467","FA","18","100,000","A","0","0%","0%"
"*06uya*","Jose Miguel Rodriguez","NYY","SP","6468","FA","22","100,000","A","0","0%","0%"
"*076sc*","Elwis Mijares","NYM","RP","6469","FA","20","100,000","A","0","0%","0%"
"*06c3p*","Yaikel Mijares","CLE","2B,3B","6470","FA","20","100,000","A","0","0%","0%"
"*06qx7*","Jordan Mikel","(N/A)","RP","6471","FA","27","100,000","A","0","0%","0%"
"*06hse*","Justin Miknis","(N/A)","C","6472","FA","25","100,000","A","0","0%","0%"
"*05186*","Nick Mikolajchak","(N/A)","RP","6473","FA","28","100,000","A","0","0%","0%"
"*05jrt*","Matt Mikulski","(N/A)","RP","6474","FA","27","100,000","A","0","0%","0%"
"*05ylf*","Bobby Milacki","(N/A)","RP","6475","FA","29","100,000","A","0","0%","0%"
"*05yek*","Steven Milam","(N/A)","SS","6476","FA","21","100,000","A","0","0%","0%"
"*06qzg*","Abrahan Milan","CLE","RP","6477","FA","20","100,000","A","0","0%","0%"
"*062z7*","Karson Milbrandt","MIA","SP","6478","Max","22","500,000","A","0","40%","0%"
"*061ab*","Deylen Miley","(N/A)","SP","6479","FA","28","100,000","A","0","0%","0%"
"*01sev*","Wade Miley","(N/A)","SP","6480","FA","39","100,000","A","0","1%","0%"
"*04ajs*","Michell Miliano","(N/A)","RP","6481","FA","26","100,000","A","0","0%","0%"
"*0664f*","Justin Militello","STL","RP","6482","FA","22","100,000","A","0","0%","0%"
"*06rme*","Anthony Millan","HOU","CF,OF","6483","FA","18","100,000","A","0","0%","0%"
"*06z7r*","Cameron Millar","KC","SP","6484","FA","19","100,000","A","0","2%","0%"
"*05u36*","Aidan Miller","PHI","SS","6485","J&A","22","500,000","A","0","54%","0%"
"*06r00*","Andrew Miller","(N/A)","C","6486","FA","28","100,000","A","0","0%","0%"
"*05gwz*","Bobby Miller","LAD","SP","6487","FA","27","100,000","A","0","13%","0%"
"*075s4*","Brady Miller","NYM","SP","6488","FA","26","100,000","A","0","0%","0%"
"*0765x*","Cal Miller","(N/A)","3B","6489","FA","20","100,000","A","0","0%","0%"
"*06yn2*","Cody Miller","ATL","SS","6490","FA","22","100,000","A","0","2%","0%"
"*06ekl*","Cole Miller","ATH","SP","6491","FA","21","100,000","A","0","1%","0%"
"*05175*","Darrien Miller","MIL","C","6492","FA","25","100,000","A","0","0%","0%"
"*06nud*","Gage Miller","MIA","2B,3B","6493","FA","23","100,000","A","0","1%","0%"
"*05xu3*","Jacob Miller","(N/A)","C","6494","FA","22","100,000","A","0","0%","0%"
"*05yc3*","Jacob Miller","MIA","SP","6495","FA","22","100,000","A","0","1%","0%"
"*05y4n*","Jake Miller","CLE","RP","6496","FA","26","100,000","A","0","0%","0%"
"*066ch*","Jake Miller","DET","SP","6497","FA","25","100,000","A","0","2%","0%"
"*066mv*","Janero Miller","MIA","RP","6498","FA","20","100,000","A","0","1%","0%"
"*066bu*","Joe Miller","DET","SP","6499","FA","26","100,000","A","0","0%","0%"
"*073ub*","Maddox Miller","(N/A)","RP","6500","FA","19","100,000","A","0","0%","0%"
"*06hw9*","Mason Miller","KC","RP","6501","FA","24","100,000","A","0","2%","0%"
"*05ua6*","Noah Miller","LAD","SS","6502","FA","23","100,000","A","0","2%","0%"
"*04ppl*","Owen Miller","CHC","2B","6503","FA","29","100,000","A","0","1%","0%"
"*06lte*","Ryan Miller","COL","RP","6504","FA","30","100,000","A","0","0%","0%"
"*01sbv*","Shelby Miller","CHC","RP","6505","FA","35","100,000","A","0","3%","0%"
"*05y7p*","Tyler Miller","PHI","1B","6506","FA","26","100,000","A","0","0%","0%"
"*041rc*","Tyson Miller","(N/A)","RP","6507","FA","30","100,000","A","0","1%","0%"
"*06qpg*","Lyle Miller-Green","PHI","1B","6508","FA","25","100,000","A","0","0%","0%"
"*05171*","Cody Milligan","(N/A)","LF,CF,RF,OF","6509","FA","27","100,000","A","0","0%","0%"
"*0766a*","Noah Millikan","WSH","SP","6510","FA","23","100,000","A","0","0%","0%"
"*072cn*","Rylan Mills","MIL","C","6511","FA","20","100,000","A","0","0%","0%"
"*05xoe*","Zane Mills","CHC","RP","6512","FA","26","100,000","A","0","0%","0%"
"*064wi*","Brennan Milone","ATH","1B","6513","FA","25","100,000","A","0","1%","0%"
"*021ue*","Tommy Milone","(N/A)","RP","6514","FA","39","100,000","A","0","0%","0%"
"*05tzf*","Camden Minacci","LAA","RP","6515","FA","24","100,000","A","0","1%","0%"
"*06oof*","Ryan Minckler","WSH","RP","6516","FA","23","100,000","A","0","0%","0%"
"*0763g*","Yeider Mindiola","NYM","C","6517","FA","19","100,000","A","0","0%","0%"
"*072f8*","Tyler Minick","(N/A)","3B","6518","FA","21","100,000","A","0","0%","0%"
"*06sus*","Maykel Minoso","(N/A)","C","6519","FA","21","100,000","A","0","0%","0%"
"*06fz9*","Hayden Minton","DET","SP","6520","FA","25","100,000","A","0","0%","0%"
"*06suy*","Jorge Minyety","(N/A)","RP","6521","FA","23","100,000","A","0","0%","0%"
"*074ue*","Maikel Miralles","SD","SP","6522","FA","21","100,000","A","0","0%","0%"
"*06ya1*","Adolfo Miranda","NYM","RF,OF","6523","FA","19","100,000","A","0","0%","0%"
"*07340*","Jesus Miranda","DET","SP","6524","FA","17","100,000","A","0","0%","0%"
"*041qh*","Jose Miranda","(N/A)","3B","6525","FA","28","100,000","A","0","3%","0%"
"*066rh*","Kevin Miranda","(N/A)","SP","6526","FA","27","100,000","A","0","0%","0%"
"*06ici*","Nestor Miranda","DET","DH","6527","FA","20","100,000","A","0","0%","0%"
"*060xw*","Andrew Misiaszek","(N/A)","RP","6528","FA","28","100,000","A","0","0%","0%"
"*03quj*","Anthony Misiewicz","CIN","RP","6529","FA","31","100,000","A","0","0%","0%"
"*03db3*","Daniel Missaki","TEX","RP","6530","FA","30","100,000","A","0","0%","0%"
"*05y3q*","Blake Mitchell","KC","C","6531","Brenden","21","500,000","A","0","25%","0%"
"*04eex*","Cal Mitchell","(N/A)","CF,RF,OF","6532","FA","27","100,000","A","0","0%","0%"
"*05u9u*","Derrick Mitchell","(N/A)","RF,OF","6533","FA","21","100,000","A","0","0%","0%"
"*06zlj*","Jase Mitchell","HOU","C","6534","FA","19","100,000","A","0","1%","0%"
"*06o0c*","Nick Mitchell","CLE","CF,OF","6535","FA","22","100,000","A","0","1%","0%"
"*06zf5*","Robert Mitchell","LAA","SP","6536","FA","20","100,000","A","0","0%","0%"
"*06y9v*","Ryan Mitchell","STL","SS","6537","Brian","19","500,000","A","0","8%","0%"
"*05yag*","Tucker Mitchell","TEX","C","6538","FA","25","100,000","A","0","0%","0%"
"*070dt*","Xavier Mitchell","LAA","SP","6539","FA","20","100,000","A","0","1%","0%"
"*0701p*","Justin Mitrovich","MIN","SP","6540","FA","22","100,000","A","0","0%","0%"
"*06zbb*","Matthew Miura","STL","CF,OF","6541","FA","22","100,000","A","0","0%","0%"
"*06c1b*","Hiroya Miyagi","(N/A)","SP","6542","FA","24","100,000","A","0","1%","0%"
"*06ylp*","Tatsuki Mizuno","(N/A)","SS","6543","FA","25","100,000","A","0","0%","0%"
"*05uc1*","Chase Mobley","CLE","SP","6544","FA","20","100,000","A","0","2%","0%"
"*05yaj*","Andre Modungo","(N/A)","3B","6545","FA","20","100,000","A","0","0%","0%"
"*0734f*","Timothy Mogen","SD","SS","6546","FA","17","100,000","A","0","0%","0%"
"*06bsh*","Javier Mogollon","CHW","2B","6547","FA","20","100,000","A","0","2%","0%"
"*066oc*","Osbriel Mogollon","(N/A)","SP","6548","FA","22","100,000","A","0","0%","0%"
"*075s2*","Samir Mohammed","(N/A)","SP","6549","FA","17","100,000","A","0","0%","0%"
"*06aga*","Livan Moinelo","(N/A)","SP","6550","FA","30","100,000","A","0","0%","0%"
"*06uxz*","Augie Mojica","ARI","RP","6551","FA","21","100,000","A","0","0%","0%"
"*066pz*","Misael Mojica","(N/A)","3B","6552","FA","21","100,000","A","0","0%","0%"
"*066mm*","Raymond Mola","PIT","1B","6553","FA","20","100,000","A","0","0%","0%"
"*055ce*","Jeremy Molero","(N/A)","RP","6554","FA","26","100,000","A","0","0%","0%"
"*06amn*","Moises Molero","(N/A)","CF,OF","6555","FA","21","100,000","A","0","0%","0%"
"*06foc*","Carlos Molina","(N/A)","RP","6556","FA","21","100,000","A","0","0%","0%"
"*06rjb*","Carlos Molina","(N/A)","C","6557","FA","19","100,000","A","0","0%","0%"
"*06gx3*","Mason Molina","STL","SP","6558","FA","23","100,000","A","0","6%","0%"
"*06sc1*","Miguel Molina","DET","SP","6559","FA","18","100,000","A","0","0%","0%"
"*074xa*","Miguel Molina","PIT","SP","6560","FA","16","100,000","A","0","0%","0%"
"*05u9s*","Ian Moller","TEX","C","6561","FA","23","100,000","A","0","0%","0%"
"*06gjd*","Josh Mollerus","(N/A)","SP","6562","FA","26","100,000","A","0","0%","0%"
"*06r79*","Maddox Molony","(N/A)","SS","6563","FA","21","100,000","A","0","0%","0%"
"*06qnr*","Tommy Molsky","KC","RP","6564","FA","23","100,000","A","0","0%","0%"
"*06rsb*","Keito Mombetsu","(N/A)","SP","6565","FA","22","100,000","A","0","0%","0%"
"*05xuf*","Gabriel Moncada","(N/A)","1B","6566","FA","24","100,000","A","0","0%","0%"
"*06kvj*","Yaki Mondesir","BAL","SP","6567","FA","19","100,000","A","0","0%","0%"
"*041xq*","Nate Mondou","SD","1B,2B","6568","FA","31","100,000","A","0","0%","0%"
"*06c28*","Yordanny Monegro","BOS","SP","6569","T","23","500,000","A","0","8%","0%"
"*05zyc*","Blake Money","BAL","SP","6570","FA","24","100,000","A","0","0%","0%"
"*072hk*","Ricki Moneys","MIL","SS","6571","FA","17","100,000","A","0","9%","0%"
"*06gjh*","Sam Mongelli","LAD","2B","6572","FA","25","100,000","A","0","0%","0%"
"*075go*","Nick Monile","MIL","LF,OF","6573","FA","22","100,000","A","0","0%","0%"
"*06yq7*","Nick Monistere","HOU","SS","6574","FA","22","100,000","A","0","1%","0%"
"*05yo2*","Caden Monke","KC","RP","6575","FA","26","100,000","A","0","0%","0%"
"*06426*","Jose Monserrate","MIA","CF,OF","6576","FA","21","100,000","A","0","0%","0%"
"*06qa4*","Juan Monso","CHC","2B","6577","FA","19","100,000","A","0","0%","0%"
"*05yob*","Joseph Montalvo","DET","SP","6578","FA","24","100,000","A","0","1%","0%"
"*03ynb*","Daniel Montano","(N/A)","CF,OF","6579","FA","27","100,000","A","0","0%","0%"
"*06v3w*","Omar Montano","MIN","SP","6580","FA","20","100,000","A","0","0%","0%"
"*073nx*","Angel Montas","(N/A)","3B","6581","FA","15","100,000","A","0","0%","0%"
"*02yg3*","Frankie Montas","(N/A)","SP","6582","FA","33","100,000","A","0","2%","0%"
"*06uod*","Angel Montero","NYM","SP","6583","FA","18","100,000","A","0","0%","0%"
"*06sbm*","Daonil Montero","ARI","3B","6584","FA","18","100,000","A","0","0%","0%"
"*06v2c*","Darlyn Montero","(N/A)","1B","6585","FA","24","100,000","A","0","0%","0%"
"*06icg*","Edgar Montero","ATH","SS","6586","FA","19","100,000","A","0","4%","0%"
"*03seg*","Elehuris Montero","(N/A)","1B","6587","FA","27","100,000","A","0","0%","0%"
"*06kxr*","Estivenzon Montero","NYY","RF,OF","6588","FA","19","100,000","A","0","0%","0%"
"*06uq3*","Euri Montero","WSH","RP","6589","FA","24","100,000","A","0","0%","0%"
"*05re8*","Fidel Montero","CHW","RP","6590","FA","22","100,000","A","0","0%","0%"
"*06kv3*","Frederi Montero","MIL","1B,3B","6591","FA","19","100,000","A","0","0%","0%"
"*05r5l*","Hans Montero","NYY","1B,2B","6592","FA","22","100,000","A","0","0%","0%"
"*0689l*","Jose Montero","CIN","SP","6593","FA","23","100,000","A","0","0%","0%"
"*05r5m*","Juan Montero","BOS","C","6594","FA","24","100,000","A","0","0%","0%"
"*06sul*","Neurelin Montero","TEX","C","6595","FA","20","100,000","A","0","0%","0%"
"*06y2w*","Pedro Montero","MIA","SP","6596","FA","19","100,000","A","0","0%","0%"
"*02jhl*","Rafael Montero","NYY","RP","6597","FA","35","100,000","A","0","1%","0%"
"*06bkw*","Ricardo Montero","LAD","RP","6598","FA","22","100,000","A","0","0%","0%"
"*07780*","Williams Montero","BOS","SP","6599","FA","18","100,000","A","0","0%","0%"
"*0637m*","Willy Montero","NYY","CF,OF","6600","FA","21","100,000","A","0","0%","0%"
"*03dnu*","Bryce Montes de Oca","(N/A)","RP","6602","FA","30","100,000","A","0","0%","0%"
"*069xv*","Christian Montes De Oca","(N/A)","RP","6601","FA","26","100,000","A","0","0%","0%"
"*04py7*","Coco Montes","(N/A)","2B,3B","6603","FA","29","100,000","A","0","0%","0%"
"*05rfc*","Lazaro Montes","SEA","RF,OF","6604","T","21","500,000","A","0","47%","0%"
"*05rdp*","Daniel Montesino","(N/A)","LF,OF","6605","FA","22","100,000","A","0","0%","0%"
"*06nlo*","Rafi Montesino","(N/A)","CF,OF","6606","FA","19","100,000","A","0","0%","0%"
"*06aq9*","Carlos Monteverde","(N/A)","1B","6607","FA","20","100,000","A","0","0%","0%"
"*05yer*","Patrick Monteverde","MIA","SP","6608","FA","28","100,000","A","0","1%","0%"
"*05gws*","Carson Montgomery","SD","SP","6609","FA","23","100,000","A","0","1%","0%"
"*03dbo*","Jordan Montgomery","TEX","SP","6610","FA","33","100,000","A","0","12%","0%"
"*01s9g*","Mike Montgomery","(N/A)","RP","6611","FA","37","100,000","A","0","0%","0%"
"*06onq*","Nick Montgomery","ATL","C","6612","FA","20","100,000","A","0","1%","0%"
"*066li*","Torin Montgomery","(N/A)","1B","6613","FA","25","100,000","A","0","0%","0%"
"*06z0v*","Tayler Montiel","ARI","RP","6614","FA","24","100,000","A","0","0%","0%"
"*06rtl*","Christopher Montilla","(N/A)","RP","6615","FA","19","100,000","A","0","0%","0%"
"*064og*","Franyerber Montilla","DET","2B,SS","6616","FA","21","100,000","A","0","2%","0%"
"*06z63*","Jose Montilla","KC","C","6617","FA","18","100,000","A","0","0%","0%"
"*06cmz*","Jose Monzon","TB","3B","6618","FA","20","100,000","A","0","0%","0%"
"*072en*","McLane Moody","PIT","SP","6619","FA","19","100,000","A","0","0%","0%"
"*06hsd*","Bernard Moon","CIN","2B","6620","FA","21","100,000","A","0","0%","0%"
"*06ih9*","Bo-gyeong Moon","(N/A)","1B","6621","FA","26","100,000","A","0","0%","0%"
"*06ibb*","Dong Ju Moon","(N/A)","SP","6622","FA","22","100,000","A","0","0%","0%"
"*0728p*","Seojun Moon","TOR","SP","6623","FA","19","100,000","A","0","2%","0%"
"*05rci*","Alex Mooney","CLE","2B,3B,SS","6624","FA","24","100,000","A","0","1%","0%"
"*0603o*","Andrew Moore","SD","RP","6625","FA","26","100,000","A","0","0%","0%"
"*06zba*","Ben Moore","WSH","RP","6626","FA","22","100,000","A","0","0%","0%"
"*06qhy*","Brock Moore","SEA","RP","6627","FA","26","100,000","A","0","1%","0%"
"*066dk*","Brody Moore","STL","2B,SS","6628","FA","25","100,000","A","0","0%","0%"
"*070e7*","Ethan Moore","(N/A)","SS","6629","FA","19","100,000","A","0","0%","0%"
"*05tzb*","Grayson Moore","CHC","RP","6630","FA","25","100,000","A","0","0%","0%"
"*072ij*","Lucas Moore","(N/A)","CF,RF,OF","6631","FA","21","100,000","A","0","0%","0%"
"*05y7u*","Malcolm Moore","TEX","C","6632","FA","22","100,000","A","0","5%","0%"
"*06qrg*","Mason Moore","CHW","SP","6633","FA","24","100,000","A","0","0%","0%"
"*01fug*","Matt Moore","KC","RP","6634","FA","37","100,000","A","0","0%","0%"
"*051ai*","McKinley Moore","(N/A)","RP","6635","FA","27","100,000","A","0","0%","0%"
"*05raq*","Robert Moore","PHI","2B,3B","6636","FA","24","100,000","A","0","1%","0%"
"*076gg*","Steffon Moore","CIN","RP","6637","FA","29","100,000","A","0","0%","0%"
"*06ih5*","Wesley Moore","PHI","RP","6638","FA","26","100,000","A","0","0%","0%"
"*058ta*","Darlin Moquete","(N/A)","LF,OF","6639","FA","26","100,000","A","0","0%","0%"
"*06ri9*","Angelo Mora","(N/A)","C","6640","FA","21","100,000","A","0","0%","0%"
"*06alo*","Chase Mora","(N/A)","2B","6641","FA","22","100,000","A","0","0%","0%"
"*066o4*","Javier Mora","(N/A)","2B","6642","FA","23","100,000","A","0","0%","0%"
"*05wvs*","Juan Mora","(N/A)","2B,3B","6643","FA","26","100,000","A","0","0%","0%"
"*05yhp*","Accimias Morales","LAD","RP","6644","FA","21","100,000","A","0","1%","0%"
"*06how*","Coby Morales","NYY","1B","6645","FA","24","100,000","A","0","0%","0%"
"*061zs*","Daje Morales","(N/A)","2B","6646","FA","21","100,000","A","0","0%","0%"
"*06ibo*","Emil Morales","LAD","SS","6647","B&A","19","500,000","A","0","37%","0%"
"*0436o*","Francisco Morales","(N/A)","RP","6648","FA","26","100,000","A","0","0%","0%"
"*0582y*","Jeferson Morales","(N/A)","LF,OF","6649","FA","27","100,000","A","0","0%","0%"
"*06rk1*","Jesus Morales","KC","C","6650","FA","18","100,000","A","0","0%","0%"
"*03r05*","Jonathan Morales","(N/A)","C","6651","FA","31","100,000","A","0","0%","0%"
"*075o4*","Jordan Morales","CHW","RP","6652","FA","26","100,000","A","0","0%","0%"
"*05uwp*","Michael Morales","SEA","SP","6653","FA","23","100,000","A","0","2%","0%"
"*06v2d*","Moises Morales","TEX","RP","6654","FA","22","100,000","A","0","0%","0%"
"*05js4*","Yohandy Morales","WSH","1B,3B","6655","FA","24","100,000","A","0","34%","-1%"
"*01sl8*","Brian Moran","(N/A)","RP","6656","FA","37","100,000","A","0","0%","0%"
"*06c7c*","Jefferson Moran","STL","SP","6657","FA","22","100,000","A","0","0%","0%"
"*070eh*","Tyson Moran","KC","SS","6658","FA","20","100,000","A","0","0%","0%"
"*06aq2*","Francisco Morao","BAL","SP","6659","FA","20","100,000","A","0","0%","0%"
"*06v24*","Jhonny Morao","(N/A)","RP","6660","FA","18","100,000","A","0","0%","0%"
"*060ou*","Aneudis Mordan","(N/A)","1B","6661","FA","22","100,000","A","0","0%","0%"
"*06hwo*","Zane Morehouse","CLE","RP","6662","FA","26","100,000","A","0","0%","0%"
"*06uwj*","Luis Morejon","COL","LF,OF","6663","FA","18","100,000","A","0","0%","0%"
"*06vy5*","Albert Morel","LAA","SP","6664","FA","18","100,000","A","0","0%","0%"
"*06dq5*","Braylin Morel","(N/A)","RF,OF","6665","FA","20","100,000","A","0","3%","0%"
"*06r9r*","Darell Morel","PIT","SS","6666","ELLY","18","2,000,000","A","0","10%","0%"
"*0510b*","Rafael Morel","(N/A)","LF,CF,RF,OF","6667","FA","24","100,000","A","0","0%","0%"
"*06muv*","Luis Morellis","(N/A)","SP","6668","FA","22","100,000","A","0","0%","0%"
"*06z49*","Estevan Moreno","SEA","SS","6669","FA","22","100,000","A","0","0%","0%"
"*0776e*","Frank Moreno","NYM","C","6670","FA","17","100,000","A","0","0%","0%"
"*03ppb*","Gerson Moreno","(N/A)","RP","6671","FA","30","100,000","A","0","0%","0%"
"*06tl2*","Johan Moreno","(N/A)","SP","6672","FA","21","100,000","A","0","0%","0%"
"*06v2p*","Johan Moreno","SD","RP","6673","FA","23","100,000","A","0","0%","0%"
"*05jqn*","Koen Moreno","CHC","RP","6674","FA","24","100,000","A","0","0%","0%"
"*04zb0*","Luis Moreno","(N/A)","RP","6675","FA","27","100,000","A","0","0%","0%"
"*0637o*","Luis Moreno","MIA","RP","6676","FA","27","100,000","A","0","0%","0%"
"*05tux*","Dauri Moreta","(N/A)","RP","6677","FA","30","100,000","A","0","0%","0%"
"*06miq*","Edgar Moreta","NYM","SP","6678","FA","22","100,000","A","0","0%","0%"
"*0731g*","Alexandre Moreti","PHI","SP","6679","FA","19","100,000","A","0","0%","0%"
"*06akv*","Keeler Morfe","BAL","SP","6680","FA","20","100,000","A","0","1%","0%"
"*070br*","Barrett Morgan","BOS","SP","6681","FA","21","100,000","A","0","0%","0%"
"*061bp*","Blake Morgan","TB","SP","6682","FA","23","100,000","A","0","1%","0%"
"*06l4x*","Chase Morgan","(N/A)","SP","6683","FA","21","100,000","A","0","0%","0%"
"*06kki*","Marcus Morgan","(N/A)","SP","6684","FA","23","100,000","A","0","0%","0%"
"*05wrt*","Tre' Morgan","TB","1B","6685","FA","24","100,000","A","0","22%","0%"
"*06hwn*","Tyler Morgan","SD","RP","6686","FA","25","100,000","A","0","0%","0%"
"*0657p*","Zach Morgan","SF","C","6687","FA","26","100,000","A","0","0%","0%"
"*06r8u*","Shotaro Morii","ATH","SS","6688","J&A","19","500,000","A","0","21%","0%"
"*06ooz*","Alfred Morillo","ARI","RP","6689","FA","24","100,000","A","0","0%","0%"
"*06mq7*","Dariel Morillo","DET","SP","6690","FA","19","100,000","A","0","0%","0%"
"*074w2*","Elier Morillo","MIA","RP","6691","FA","20","100,000","A","0","0%","0%"
"*06kvc*","Estivel Morillo","CLE","CF,OF","6692","FA","18","100,000","A","0","0%","0%"
"*06mmt*","Jirvin Morillo","CIN","C","6693","FA","19","100,000","A","0","2%","0%"
"*072cm*","Reed Moring","MIN","SP","6694","FA","21","100,000","A","0","0%","0%"
"*0723d*","Shota Morishita","(N/A)","CF,OF","6695","FA","25","100,000","A","0","1%","0%"
"*05uav*","Cody Morissette","MIN","2B","6696","FA","26","100,000","A","0","1%","0%"
"*06328*","PJ Morlando","MIA","LF,OF","6697","FA","21","100,000","A","0","8%","0%"
"*06yyl*","Jack Moroknek","WSH","RF,OF","6698","FA","23","100,000","A","0","0%","0%"
"*06qqo*","Andrew Morones","KC","RP","6699","FA","25","100,000","A","0","0%","0%"
"*074aa*","Rafeli Moronta","STL","SP","6700","FA","16","100,000","A","0","0%","0%"
"*051aq*","Nick Morreale","(N/A)","RP","6701","FA","28","100,000","A","0","0%","0%"
"*066au*","Hueston Morrill","NYY","RP","6702","FA","26","100,000","A","0","0%","0%"
"*071cs*","Hayden Morris","(N/A)","SP","6703","FA","21","100,000","A","0","0%","0%"
"*075ip*","Judah Morris","ATH","1B","6704","FA","24","100,000","A","0","0%","0%"
"*06yof*","Mason Morris","CIN","SP","6705","FA","22","100,000","A","0","2%","0%"
"*076k7*","Trey Morris","(N/A)","SP","6706","FA","19","100,000","A","0","0%","0%"
"*06uxi*","Zack Morris","COL","RP","6707","FA","25","100,000","A","0","0%","0%"
"*06y4i*","Jacob Morrison","MIL","SP","6708","FA","22","100,000","A","0","2%","0%"
"*072hs*","MT Morrissey","PHI","RP","6709","FA","24","100,000","A","0","0%","0%"
"*066o7*","Felix Morrobel","LAA","2B","6710","FA","20","100,000","A","0","0%","0%"
"*05rb7*","Yeison Morrobel","TEX","LF,RF,OF","6711","FA","22","100,000","A","0","1%","0%"
"*06qnb*","Cody Morse","LAD","RP","6712","FA","23","100,000","A","0","0%","0%"
"*06r71*","Gary Morse","(N/A)","SP","6713","FA","19","100,000","A","0","0%","0%"
"*005jn*","Charlie Morton","(N/A)","SP","6714","FA","42","100,000","A","0","1%","0%"
"*051ew*","Kadon Morton","(N/A)","LF,CF,OF","6715","FA","25","100,000","A","0","0%","0%"
"*067zi*","Elias Moscoso","(N/A)","RP","6716","FA","21","100,000","A","0","0%","0%"
"*06msx*","Isaac Moscote","(N/A)","2B","6717","FA","19","100,000","A","0","0%","0%"
"*05xxo*","Oddanier Mosqueda","PIT","RP","6718","FA","27","100,000","A","0","0%","0%"
"*066s3*","Deivis Mosquera","(N/A)","RF,OF","6719","FA","21","100,000","A","0","0%","0%"
"*05w80*","Diego Mosquera","NYM","LF,OF","6720","FA","22","100,000","A","0","0%","0%"
"*06kv9*","Eiver Mosquera","MIA","SP","6721","FA","19","100,000","A","0","0%","0%"
"*06pk8*","Callan Moss","PIT","1B","6722","FA","22","100,000","A","0","1%","0%"
"*06yug*","Cooper Moss","(N/A)","SP","6723","FA","19","100,000","A","0","0%","0%"
"*05y9c*","Dean Moss","TB","RF,OF","6724","FA","20","100,000","A","0","2%","0%"
"*06gjn*","Jack Moss","HOU","1B","6725","FA","24","100,000","A","0","0%","0%"
"*06v66*","Wylan Moss","(N/A)","SP","6726","FA","20","100,000","A","0","0%","0%"
"*04zia*","Gabe Mosser","SEA","SP","6727","FA","30","100,000","A","0","0%","0%"
"*06rtk*","Alberto Mota","TEX","RP","6728","FA","23","100,000","A","0","0%","0%"
"*06r45*","Eddy Mota","(N/A)","RP","6729","FA","22","100,000","A","0","0%","0%"
"*06rk2*","Edgar Mota","(N/A)","1B","6730","FA","20","100,000","A","0","0%","0%"
"*06rtj*","Eliseo Mota","DET","RP","6731","FA","23","100,000","A","0","0%","0%"
"*064wd*","Jorgelys Mota","WSH","3B","6732","FA","21","100,000","A","0","0%","0%"
"*076qq*","Rainy Mota","PHI","RP","6733","FA","20","100,000","A","0","0%","0%"
"*04pza*","Drew Mount","(N/A)","CF,OF","6734","FA","30","100,000","A","0","0%","0%"
"*06l5h*","P.J. Moutzouridis","(N/A)","SS","6735","FA","21","100,000","A","0","0%","0%"
"*06qy2*","Jeyson Moya","SF","3B","6736","FA","19","100,000","A","0","0%","0%"
"*06qzt*","Jonathan Moya","DET","LF,OF","6737","FA","19","100,000","A","0","0%","0%"
"*06hf5*","Josh Moylan","NYY","1B,3B","6738","FA","24","100,000","A","0","0%","0%"
"*05tcb*","Frank Mozzicato","KC","SP","6739","FA","23","100,000","A","0","9%","0%"
"*06qj7*","Christian Mracna","(N/A)","RP","6740","FA","26","100,000","A","0","0%","0%"
"*076vp*","Scott Mudler","PHI","C","6741","FA","23","100,000","A","0","0%","0%"
"*075l4*","Mitch Mueller","MIN","RP","6742","FA","24","100,000","A","0","0%","0%"
"*05y3m*","Zander Mueth","PIT","SP","6743","FA","21","100,000","A","0","3%","0%"
"*06rkt*","Armstrong Muhoozi","PIT","CF,OF","6744","FA","19","100,000","A","0","0%","0%"
"*06k7v*","Cesar Mujica","PHI","C","6745","FA","19","100,000","A","0","0%","0%"
"*06ibg*","Ren Mukunoki","(N/A)","SP","6746","FA","25","100,000","A","0","0%","0%"
"*05ubs*","Nazier Mule","CHC","SP","6747","FA","21","100,000","A","0","2%","0%"
"*04epi*","Chris Muller","(N/A)","RP","6748","FA","30","100,000","A","0","0%","0%"
"*041q4*","Kyle Muller","(N/A)","RP","6749","FA","28","100,000","A","0","0%","0%"
"*05y9b*","Michael Mullinax","(N/A)","RF,OF","6750","FA","21","100,000","A","0","0%","0%"
"*05uc2*","Hayden Mullins","BOS","SP","6751","FA","25","100,000","A","0","2%","0%"
"*06shr*","Rui Muneyama","(N/A)","SS","6752","FA","23","100,000","A","0","0%","0%"
"*04pkx*","Ismael Munguia","TOR","CF,OF","6753","FA","27","100,000","A","0","0%","0%"
"*06zac*","Izeah Muniz","COL","RP","6754","FA","22","100,000","A","0","0%","0%"
"*07619*","Juan Muniz","PIT","RP","6755","FA","18","100,000","A","0","0%","0%"
"*06yta*","Albert Munoz","CHW","RP","6756","FA","18","100,000","A","0","0%","0%"
"*077a1*","Daniel Munoz","MIL","RP","6757","FA","17","100,000","A","0","0%","0%"
"*072ev*","Derek Munoz","CLE","SP","6758","FA","18","100,000","A","0","0%","0%"
"*0637l*","Jean Munoz","SEA","RP","6759","FA","23","100,000","A","0","0%","0%"
"*072oy*","Ronny Munoz","MIA","SS","6790","FA","17","100,000","A","0","1%","0%"
"*05y7h*","Samuel Munoz","LAD","LF,OF","6760","FA","21","100,000","A","0","2%","0%"
"*072yg*","Yadier Munoz","CHC","SS","6761","FA","17","100,000","A","0","0%","0%"
"*05rgo*","Yeuni Munoz","(N/A)","RF,OF","6762","FA","22","100,000","A","0","0%","0%"
"*06yy8*","Jake Munroe","LAA","3B","6763","FA","22","100,000","A","0","4%","0%"
"*06hn4*","Aaron Munson","TOR","RP","6764","FA","24","100,000","A","0","0%","0%"
"*06idg*","Shoki Murakami","(N/A)","SP","6765","FA","28","100,000","A","0","1%","0%"
"*0515a*","Noah Murdock","PIT","RP","6766","FA","27","100,000","A","0","1%","0%"
"*05a07*","Penn Murfee","(N/A)","RP","6767","FA","32","100,000","A","0","0%","0%"
"*077cn*","Anthony Murphy","(N/A)","CF,OF","6768","FA","19","100,000","A","0","0%","0%"
"*06hv6*","Chandler Murphy","TB","SP","6769","FA","25","100,000","A","0","0%","0%"
"*05ydj*","Hayden Murphy","ARI","RP","6770","FA","22","100,000","A","0","0%","0%"
"*06cn2*","John Murphy","(N/A)","RP","6771","FA","29","100,000","A","0","0%","0%"
"*066a7*","Kai Murphy","SD","LF,CF,OF","6772","FA","25","100,000","A","0","0%","0%"
"*05wbc*","Luke Murphy","LAA","RP","6773","FA","26","100,000","A","0","0%","0%"
"*031au*","Patrick Murphy","TEX","RP","6774","FA","31","100,000","A","0","0%","0%"
"*05mrt*","Ryan Murphy","STL","RP","6775","FA","26","100,000","A","0","1%","0%"
"*066l9*","Shane Murphy","CHW","SP","6776","FA","25","100,000","A","0","1%","0%"
"*02t8m*","Tom Murphy","(N/A)","C","6777","FA","35","100,000","A","0","0%","0%"
"*05xpz*","Austin Murr","PHI","LF,OF","6778","FA","27","100,000","A","0","0%","0%"
"*05y6v*","BJ Murray Jr.","CHC","1B,3B","6779","FA","26","100,000","A","0","1%","0%"
"*05uc5*","Ethan Murray","MIL","2B,3B,SS","6780","FA","26","100,000","A","0","0%","0%"
"*05udf*","Ethan Murray","(N/A)","SS","6781","FA","20","100,000","A","0","0%","0%"
"*04pkn*","Kyler Murray","ATH","CF,OF","6782","FA","28","100,000","A","0","0%","0%"
"*06ul2*","Zach Murray","(N/A)","SP","6783","FA","24","100,000","A","0","0%","0%"
"*06cq3*","Andruw Musett","BOS","C","6784","FA","20","100,000","A","0","0%","0%"
"*02bqy*","Joe Musgrove","SD","SP","6785","Ethan","33","5,000,000","A","0","63%","0%"
"*06fql*","Tucker Musgrove","SD","SP","6786","FA","24","100,000","A","0","2%","0%"
"*04ei3*","Parker Mushinski","COL","RP","6787","FA","30","100,000","A","0","0%","0%"
"*06r3f*","Cesar Muzziotti","(N/A)","SP","6788","FA","19","100,000","A","0","0%","0%"
"*03zxj*","Simon Muzziotti","(N/A)","LF,OF","6789","FA","27","100,000","A","0","0%","0%"
"*04pvr*","Tanner Myatt","(N/A)","RP","6791","FA","28","100,000","A","0","0%","0%"
"*075kv*","Braylon Myers","CHC","RP","6792","FA","23","100,000","A","0","0%","0%"
"*06yw8*","Carson Myers","TOR","RP","6793","FA","23","100,000","A","0","0%","0%"
"*06qi8*","Kole Myers","LAD","LF,OF","6794","FA","25","100,000","A","0","0%","0%"
"*066qu*","Mitch Myers","ATH","RP","6795","FA","27","100,000","A","0","0%","0%"
"*06o0o*","Noah Myers","TB","LF,CF,RF,OF","6796","FA","26","100,000","A","0","0%","0%"
"*066r5*","Tyler Myrick","(N/A)","RP","6797","FA","28","100,000","A","0","0%","0%"
"*076qr*","Nate Nabholz","SF","RP","6799","FA","25","100,000","A","0","0%","0%"
"*05g4m*","Deivis Nadal","(N/A)","SS","6800","FA","24","100,000","A","0","0%","0%"
"*06ds8*","Demetrio Nadal","(N/A)","LF,OF","6801","FA","22","100,000","A","0","0%","0%"
"*0744x*","Wyatt Nadeau","(N/A)","SP","6802","FA","19","100,000","A","0","0%","0%"
"*05t29*","Joe Nahas","(N/A)","RP","6803","FA","26","100,000","A","0","0%","0%"
"*03qwi*","James Naile","(N/A)","RP","6804","FA","33","100,000","A","0","0%","0%"
"*06qe3*","Raisei Nakamura","(N/A)","RP","6805","FA","23","100,000","A","0","0%","0%"
"*0662v*","Taishi Nakawake","(N/A)","3B","6806","FA","28","100,000","A","0","0%","0%"
"*06uw5*","Anderson Nance","(N/A)","RP","6807","FA","20","100,000","A","0","0%","0%"
"*06fr1*","Nate Nankil","ATH","LF,CF,RF,OF","6808","FA","23","100,000","A","0","1%","0%"
"*06uml*","Luke Napleton","(N/A)","C","6809","FA","24","100,000","A","0","0%","0%"
"*02j2u*","Tyler Naquin","(N/A)","RP","6810","FA","35","100,000","A","0","0%","0%"
"*0512x*","Joe Naranjo","(N/A)","1B","6811","FA","25","100,000","A","0","0%","0%"
"*0731n*","Karel Naranjo","CLE","SS","6812","FA","17","100,000","A","0","0%","0%"
"*06rrh*","Brayan Narvaez","SF","SP","6813","FA","21","100,000","A","0","0%","0%"
"*05xo1*","Efrenyer Narvaez","(N/A)","C","6814","FA","23","100,000","A","0","0%","0%"
"*043f8*","Omar Narvaez","(N/A)","C","6815","FA","34","100,000","A","0","0%","0%"
"*05wbp*","Nick Nastrini","(N/A)","RP","6816","FA","26","100,000","A","0","2%","0%"
"*073k2*","Diego Natera","CHW","C","6817","FA","18","100,000","A","0","0%","0%"
"*04ejl*","Packy Naughton","STL","RP","6818","FA","30","100,000","A","0","0%","0%"
"*060ve*","Tim Naughton","(N/A)","RP","6819","FA","30","100,000","A","0","0%","0%"
"*051wm*","Andrick Nava","MIL","C","6820","FA","24","100,000","A","0","0%","0%"
"*06rfu*","Bryce Navarre","(N/A)","SP","6821","FA","20","100,000","A","0","0%","0%"
"*06r59*","Cristian Navarro","(N/A)","SP","6822","FA","18","100,000","A","0","0%","0%"
"*03zxk*","Cristopher Navarro","(N/A)","3B","6823","FA","27","100,000","A","0","0%","0%"
"*05xnu*","Diego Navarro","(N/A)","RP","6824","FA","23","100,000","A","0","0%","0%"
"*06mq3*","Reinold Navarro","PIT","SP","6825","FA","19","100,000","A","0","3%","0%"
"*06iaz*","Ruddy Navarro","SEA","SP","6826","FA","19","100,000","A","0","0%","0%"
"*06jfa*","Anderson Navas","PHI","C,1B","6827","FA","19","100,000","A","0","0%","0%"
"*051fb*","Andrew Navigato","DET","1B,SS","6828","FA","28","100,000","A","0","0%","0%"
"*077eh*","Lucas Nawrocki","(N/A)","SP","6829","FA","18","100,000","A","0","0%","0%"
"*06cqm*","Myles Naylor","ATH","3B","6830","FA","21","100,000","A","0","3%","0%"
"*05u37*","Brady Neal","CIN","C","6831","FA","21","100,000","A","0","0%","0%"
"*06ykw*","Keaton Neal","(N/A)","SS","6832","FA","18","100,000","A","0","0%","0%"
"*067z3*","Vaughn Necker","(N/A)","SP","6833","FA","19","100,000","A","0","0%","0%"
"*075ts*","Jack Nedrow","TOR","SP","6834","FA","23","100,000","A","0","0%","0%"
"*06589*","Brandon Neeck","PIT","RP","6835","FA","26","100,000","A","0","1%","0%"
"*06mw1*","Brandon Neely","BOS","RP","6836","FA","23","100,000","A","0","1%","0%"
"*05y7r*","Jack Neely","CHC","RP","6837","FA","26","100,000","A","0","2%","0%"
"*04mr8*","Juan Carlos Negret","(N/A)","CF,OF","6838","FA","27","100,000","A","0","0%","0%"
"*06cq9*","Tyson Neighbors","BAL","RP","6839","Steve","23","500,000","A","0","6%","0%"
"*06zad*","Cameron Nelson","COL","CF,OF","6840","FA","22","100,000","A","0","0%","0%"
"*03qum*","James Nelson","(N/A)","3B,LF,OF","6841","FA","28","100,000","A","0","0%","0%"
"*04eny*","Kyle Nelson","(N/A)","RP","6842","FA","30","100,000","A","0","0%","0%"
"*05tq0*","Mat Nelson","(N/A)","C","6843","FA","27","100,000","A","0","0%","0%"
"*041r9*","Nick Nelson","(N/A)","RP","6844","FA","30","100,000","A","0","0%","0%"
"*06yk1*","Riley Nelson","CLE","1B","6845","FA","22","100,000","A","0","0%","0%"
"*03h90*","Hector Neris","(N/A)","RP","6846","FA","37","100,000","A","0","0%","0%"
"*066a6*","Braden Nett","ATH","SP","6847","FA","24","100,000","A","0","9%","0%"
"*06uq2*","Dawson Netz","CHC","RP","6848","FA","25","100,000","A","0","0%","0%"
"*06fsk*","Mitch Neunborn","PHI","SP","6849","FA","29","100,000","A","0","0%","0%"
"*06yy7*","Dalton Neuschwander","BAL","SP","6850","FA","24","100,000","A","0","0%","0%"
"*06ute*","Mason Neville","CIN","LF,OF","6851","FA","22","100,000","A","0","4%","0%"
"*064nl*","Kyle Nevin","LAD","1B,3B","6852","FA","24","100,000","A","0","0%","0%"
"*03pok*","Tyler Nevin","(N/A)","3B","6853","FA","29","100,000","A","0","0%","0%"
"*05jws*","Chris Newell","LAD","CF,OF","6854","FA","25","100,000","A","0","1%","0%"
"*06c5k*","DJ Newman","HOU","SP","6855","FA","22","100,000","A","0","0%","0%"
"*03pj2*","Kevin Newman","KC","3B","6856","FA","32","100,000","A","0","1%","0%"
"*03yt7*","Ljay Newsome","(N/A)","SP","6857","FA","29","100,000","A","0","0%","0%"
"*06zab*","Austin Newton","COL","RP","6858","FA","22","100,000","A","0","0%","0%"
"*06um6*","Ben Newton","ATH","3B","6859","FA","24","100,000","A","0","0%","0%"
"*04mjm*","Shervyen Newton","(N/A)","SS","6860","FA","27","100,000","A","0","0%","0%"
"*05yak*","Xavier Neyens","HOU","3B","6861","Brian","19","500,000","A","0","29%","0%"
"*064ou*","Cherif Neymour","(N/A)","SS","6862","FA","21","100,000","A","0","0%","0%"
"*06dlx*","Jackson Nezuh","HOU","SP","6863","FA","24","100,000","A","0","1%","0%"
"*06rqt*","Roiber Niazoa","(N/A)","1B","6864","FA","21","100,000","A","0","0%","0%"
"*05y48*","Kay-Lan Nicasia","(N/A)","CF,RF,OF","6865","FA","24","100,000","A","0","0%","0%"
"*0701q*","Mason Nichols","TB","RP","6866","FA","23","100,000","A","0","0%","0%"
"*05ucb*","T.J. Nichols","TB","SP","6867","B&A","24","500,000","A","0","15%","0%"
"*06op0*","Ryan Nicholson","LAA","1B","6868","FA","25","100,000","A","0","0%","0%"
"*06v4y*","Cameron Nickens","STL","LF,OF","6869","FA","23","100,000","A","0","0%","0%"
"*06qpx*","Jackson Nicklaus","(N/A)","1B","6870","FA","23","100,000","A","0","0%","0%"
"*02n1i*","Tomas Nido","DET","C","6871","FA","32","100,000","A","0","0%","0%"
"*06cqo*","Angel Nieblas","(N/A)","3B","6872","FA","20","100,000","A","0","0%","0%"
"*0649c*","Cy Nielson","PIT","RP","6873","FA","25","100,000","A","0","0%","0%"
"*04odg*","Quincy Nieporte","(N/A)","1B","6874","FA","31","100,000","A","0","0%","0%"
"*0664a*","Hayden Nierman","BAL","RP","6875","FA","26","100,000","A","0","0%","0%"
"*05yb2*","Hector Nieves","(N/A)","2B","6876","FA","23","100,000","A","0","0%","0%"
"*06su3*","Marlon Nieves","LAD","SP","6877","FA","21","100,000","A","0","2%","0%"
"*076sl*","Brandon Nigh","HOU","3B","6878","FA","22","100,000","A","0","0%","0%"
"*05rit*","Frank Nigro","(N/A)","C","6879","FA","28","100,000","A","0","0%","0%"
"*06zcj*","Peyton Niksch","MIL","SP","6880","FA","22","100,000","A","0","0%","0%"
"*06qwl*","Dominic Niman","TB","RP","6881","FA","25","100,000","A","0","0%","0%"
"*05y3p*","Arjun Nimmala","TOR","SS","6882","Brenden","20","500,000","A","0","36%","0%"
"*075rz*","Brayden Nims","(N/A)","LF,OF","6883","FA","14","100,000","A","0","0%","0%"
"*061u3*","Yerald Nin","ARI","2B,SS","6884","FA","20","100,000","A","0","0%","0%"
"*05gdw*","Haruki Nishikawa","(N/A)","2B","6885","FA","34","100,000","A","0","0%","0%"
"*05r0y*","Vinny Nittoli","(N/A)","RP","6886","FA","35","100,000","A","0","0%","0%"
"*06ybc*","Maika Niu","NYY","SS","6887","FA","22","100,000","A","0","0%","0%"
"*0731q*","Cesar Nivar","CLE","LF,CF,RF,OF","6888","FA","17","100,000","A","0","0%","0%"
"*06qfn*","Jormy Nivar","TEX","RP","6889","FA","23","100,000","A","0","0%","0%"
"*06dn8*","Spencer Nivens","KC","LF,RF,OF","6890","FA","24","100,000","A","0","1%","0%"
"*06hf4*","Aaron Nixon","NYY","RP","6891","FA","25","100,000","A","0","0%","0%"
"*0779n*","Luke Nixon","(N/A)","2B","6892","FA","21","100,000","A","0","0%","0%"
"*06u6i*","Jack Noble","(N/A)","RP","6893","FA","26","100,000","A","0","0%","0%"
"*04enw*","Ryan Noda","BAL","1B","6894","FA","30","100,000","A","0","1%","0%"
"*062jy*","Yordan Nodal","(N/A)","RP","6895","FA","24","100,000","A","0","0%","0%"
"*04yrs*","Jhonkensy Noel","BAL","RF,OF","6896","FA","25","100,000","A","0","4%","0%"
"*041so*","Stephen Nogosek","(N/A)","RP","6897","FA","31","100,000","A","0","0%","0%"
"*06zgp*","Cameron Nohos","(N/A)","RP","6898","FA","23","100,000","A","0","0%","0%"
"*06su6*","Chance Nolan","(N/A)","RP","6899","FA","26","100,000","A","0","0%","0%"
"*065iy*","Connor Noland","CHC","SP","6900","FA","26","100,000","A","0","1%","0%"
"*05g4n*","Rodolfo Nolasco","(N/A)","RF,OF","6901","FA","24","100,000","A","0","0%","0%"
"*061jb*","Yohemy Nolasco","(N/A)","RP","6902","FA","23","100,000","A","0","0%","0%"
"*06rj5*","Andres Nolaya","BAL","C","6903","FA","21","100,000","A","0","0%","0%"
"*02hia*","Sean Nolin","(N/A)","RP","6904","FA","36","100,000","A","0","0%","0%"
"*05ycg*","Jaden Noot","(N/A)","SP","6905","FA","22","100,000","A","0","0%","0%"
"*06rsd*","Ethan Norby","CIN","SP","6906","FA","21","100,000","A","0","0%","0%"
"*06649*","Trey Nordmann","BAL","RP","6907","FA","25","100,000","A","0","0%","0%"
"*06ien*","Dante Nori","PHI","CF,OF","6908","FA","21","100,000","A","0","12%","0%"
"*064oy*","Franyer Noria","(N/A)","3B","6909","FA","21","100,000","A","0","0%","0%"
"*06587*","Branden Noriega","(N/A)","SP","6910","FA","25","100,000","A","0","0%","0%"
"*06s34*","Cruz Noriega","(N/A)","RP","6911","FA","28","100,000","A","0","0%","0%"
"*03xu8*","Takahiro Norimoto","(N/A)","SP","6912","FA","35","100,000","A","0","0%","0%"
"*066jr*","Satchell Norman","(N/A)","C,1B","6913","FA","23","100,000","A","0","0%","0%"
"*05lg2*","Liam Norris","(N/A)","RP","6914","FA","24","100,000","A","0","0%","0%"
"*04pvt*","Nicholas Northcut","(N/A)","3B","6915","FA","27","100,000","A","0","0%","0%"
"*031bm*","Jacob Nottingham","SEA","C","6916","FA","31","100,000","A","0","0%","0%"
"*061zy*","Anderson Nova","(N/A)","RF,OF","6917","FA","21","100,000","A","0","0%","0%"
"*06um5*","Jose Nova","MIL","RP","6918","FA","24","100,000","A","0","0%","0%"
"*061z8*","Josi Novas","KC","3B,SS","6919","FA","21","100,000","A","0","0%","0%"
"*06zf4*","Jackson Nove","ATH","RP","6920","FA","23","100,000","A","0","0%","0%"
"*06rhf*","Kevin Novoa","(N/A)","1B","6921","FA","21","100,000","A","0","0%","0%"
"*06qvp*","Tucker Novotny","ATH","RP","6922","FA","23","100,000","A","0","0%","0%"
"*06zar*","Luke Nowak","KC","LF,OF","6923","FA","23","100,000","A","0","0%","0%"
"*060x0*","Jaylen Nowlin","MIN","RP","6924","FA","25","100,000","A","0","0%","0%"
"*06jfm*","Jemone Nuel","BAL","SS","6925","FA","19","100,000","A","0","0%","0%"
"*0724a*","Angel Nunez Jr.","CIN","CF,OF","6926","FA","17","100,000","A","0","6%","0%"
"*06ag3*","Abraham Nunez","CHW","CF,OF","6927","FA","20","100,000","A","0","0%","0%"
"*066s6*","Alejandro Nunez","HOU","2B,3B,SS","6928","FA","21","100,000","A","0","0%","0%"
"*06r8i*","Daniel Nunez","ARI","SP","6929","FA","23","100,000","A","0","0%","0%"
"*03xla*","Darien Nunez","(N/A)","RP","6930","FA","33","100,000","A","0","0%","0%"
"*050vo*","Dedniel Nunez","NYM","RP","6931","FA","30","100,000","A","0","2%","0%"
"*03125*","Dom Nunez","CLE","C","6932","FA","31","100,000","A","0","0%","0%"
"*06l0i*","Eduarniel Nunez","CHC","RP","6951","FA","27","100,000","A","0","1%","0%"
"*05lt9*","Edwin Nunez","STL","RP","6933","FA","24","100,000","A","0","0%","0%"
"*0603i*","Elijah Nunez","WSH","CF,OF","6934","FA","24","100,000","A","0","0%","0%"
"*06phu*","German Nunez","(N/A)","SP","6935","FA","24","100,000","A","0","0%","0%"
"*06rgj*","Irvin Nunez","MIN","C","6936","FA","20","100,000","A","0","0%","0%"
"*06r5s*","Jorge Nunez","ATL","RP","6937","FA","18","100,000","A","0","0%","0%"
"*063a0*","Juan Nunez","BAL","RP","6938","FA","25","100,000","A","0","1%","0%"
"*06qzk*","Juan Nunez","HOU","RP","6939","FA","22","100,000","A","0","0%","0%"
"*06rlm*","Lennyn Nunez","(N/A)","RF,OF","6940","FA","22","100,000","A","0","0%","0%"
"*04rzr*","Malcom Nunez","(N/A)","3B","6941","FA","25","100,000","A","0","1%","0%"
"*06qzo*","Pablo Nunez","CIN","CF,OF","6942","FA","19","100,000","A","0","0%","0%"
"*06rt8*","Pedro Nunez","COL","SP","6943","FA","18","100,000","A","0","0%","0%"
"*04xf0*","Rainer Nunez","(N/A)","1B","6944","FA","25","100,000","A","0","0%","0%"
"*06cqq*","Starlyn Nunez","BOS","3B,SS","6945","FA","20","100,000","A","0","1%","0%"
"*06rin*","Vicent Nunez","(N/A)","C","6946","FA","21","100,000","A","0","0%","0%"
"*06r6q*","Zeus Nunez","(N/A)","DH","6947","FA","19","100,000","A","0","0%","0%"
"*06r20*","James Nunnallee","(N/A)","CF,OF","6948","FA","20","100,000","A","0","0%","0%"
"*05jrm*","Jordan Nwogu","CHC","LF,RF,OF","6949","FA","27","100,000","A","0","1%","0%"
"*067yo*","Austin Nye","(N/A)","C","6950","FA","20","100,000","A","0","0%","0%"
"*06z04*","Kellan Oakes","HOU","RP","6971","FA","22","100,000","A","0","0%","0%"
"*06hf0*","Joey Oakie","CLE","SP","6972","FA","20","100,000","A","0","10%","0%"
"*0766g*","Angel Obando","TOR","RP","6973","FA","27","100,000","A","0","0%","0%"
"*06id0*","Cade Obermueller","PHI","SP","6974","FA","22","100,000","A","0","4%","0%"
"*06um4*","Jimmy Obertop","COL","1B","6975","FA","26","100,000","A","0","0%","0%"
"*06v2f*","Emilio Obispo","NYM","SP","6976","FA","19","100,000","A","0","0%","0%"
"*06ajp*","Juan Obispo","WSH","RF,OF","6977","FA","20","100,000","A","0","0%","0%"
"*06yw4*","Brady O'Brien","SEA","3B","6952","FA","24","100,000","A","0","0%","0%"
"*05yfv*","Ryan Och","SD","RP","6978","FA","28","100,000","A","0","0%","0%"
"*0664i*","Nathaniel Ochoa Leyva","(N/A)","LF,OF","6979","FA","22","100,000","A","0","0%","0%"
"*06klf*","Carlos Ochoa","MIA","RP","6980","FA","19","100,000","A","0","0%","0%"
"*06s4b*","Jhonger Ochoa","DET","2B","6981","FA","18","100,000","A","0","0%","0%"
"*06fto*","Nehomar Ochoa","HOU","RF,OF","6982","FA","20","100,000","A","0","1%","0%"
"*06agd*","Jack O'Connor","LAD","RP","6953","FA","22","100,000","A","0","0%","0%"
"*06ekg*","Yoiber Ocopio","SD","C","6983","FA","21","100,000","A","0","0%","0%"
"*06hwr*","Jacob Odle","STL","SP","6984","FA","22","100,000","A","0","5%","0%"
"*06dqq*","Ethan O'Donnell","MIA","LF,CF,OF","6954","FA","24","100,000","A","0","1%","0%"
"*06fpl*","Trennor O'Donnell","BOS","RP","6955","FA","25","100,000","A","0","0%","0%"
"*074vx*","Jack O'Dowd","COL","2B","6956","FA","25","100,000","A","0","1%","0%"
"*06c2e*","Shawndrick Oduber","(N/A)","RP","6985","FA","21","100,000","A","0","0%","0%"
"*062k7*","Griff O'Ferrall","BAL","2B,SS","6957","FA","23","100,000","A","0","3%","0%"
"*06ak7*","Adrian Ogando","(N/A)","RP","6986","FA","22","100,000","A","0","0%","0%"
"*06ig0*","Gerald Ogando","BAL","RP","6987","FA","25","100,000","A","0","0%","0%"
"*06hwb*","Joan Ogando","HOU","SP","6988","FA","22","100,000","A","0","0%","0%"
"*0700k*","Jostin Ogando","BOS","1B","6989","FA","18","100,000","A","0","0%","0%"
"*06eyo*","Luis Ogando","(N/A)","3B","6990","FA","22","100,000","A","0","0%","0%"
"*066fv*","Keshawn Ogans","ATL","3B","6991","FA","24","100,000","A","0","0%","0%"
"*06l54*","Shinnosuke Ogasawara","(N/A)","RP","6992","FA","28","100,000","A","0","4%","0%"
"*06ktq*","Shuto Ogata","(N/A)","SP","6993","FA","27","100,000","A","0","0%","0%"
"*041rt*","Braeden Ogle","(N/A)","RP","6994","FA","28","100,000","A","0","0%","0%"
"*06ekp*","Connor O'Halloran","TOR","SP","6958","FA","23","100,000","A","0","0%","0%"
"*072bu*","Connor O'Hara","TEX","RP","6959","FA","25","100,000","A","0","0%","0%"
"*05svl*","Rafael Ohashi","(N/A)","SP","6995","FA","23","100,000","A","0","0%","0%"
"*05ylk*","Pierson Ohl","COL","SP","6996","FA","26","100,000","A","0","1%","0%"
"*07342*","Jack Ohman","(N/A)","SP","6997","FA","20","100,000","A","0","0%","0%"
"*06smt*","Ryo Ohta","(N/A)","2B","6998","FA","25","100,000","A","0","0%","0%"
"*0722o*","Ryosuke Ohtsu","(N/A)","SP","6999","FA","27","100,000","A","0","0%","0%"
"*06r5g*","Michell Ojeda","PIT","2B","7000","FA","19","100,000","A","0","0%","0%"
"*0778w*","Poly Ojeda","NYY","C,1B","7001","FA","17","100,000","A","0","0%","0%"
"*0778b*","Ricky Ojeda","(N/A)","RP","7002","FA","20","100,000","A","0","0%","0%"
"*03dg6*","Brian O'Keefe","SEA","C","6960","FA","33","100,000","A","0","0%","0%"
"*03ywx*","Chris Okey","(N/A)","C","7003","FA","31","100,000","A","0","0%","0%"
"*060z3*","Yasunobu Okugawa","(N/A)","SP","7004","FA","25","100,000","A","0","0%","0%"
"*06sbb*","Billy Oldham","MIN","SP","7005","FA","25","100,000","A","0","0%","0%"
"*05xy1*","Wyatt Olds","BOS","RP","7006","FA","26","100,000","A","0","0%","0%"
"*06pgo*","Peyton Olejnik","LAA","SP","7007","FA","23","100,000","A","0","0%","0%"
"*06437*","Ricardo Olivar","MIN","C,LF,OF","7008","FA","24","100,000","A","0","2%","0%"
"*04c8q*","Edward Olivares","(N/A)","RF,OF","7009","FA","30","100,000","A","0","0%","0%"
"*06307*","Jose Olivares","MIN","SP","7010","FA","23","100,000","A","0","0%","0%"
"*04yjb*","Helcris Olivarez","(N/A)","RP","7011","FA","25","100,000","A","0","1%","0%"
"*06l2t*","Connor Oliver","PIT","RP","7012","FA","25","100,000","A","0","0%","0%"
"*06c82*","Ronny Oliver","(N/A)","SP","7013","FA","22","100,000","A","0","0%","0%"
"*06xwb*","Michael Oliveto","DET","C","7014","FA","19","100,000","A","0","3%","0%"
"*06r6o*","Carlos Olivo","TOR","SP","7015","FA","19","100,000","A","0","0%","0%"
"*05y49*","Christian Olivo","CHC","3B","7016","FA","22","100,000","A","0","0%","0%"
"*0730x*","Douglas Olivo","DET","LF,CF,RF,OF","7017","FA","17","100,000","A","0","0%","0%"
"*0422w*","Adam Oller","(N/A)","SP","7018","FA","31","100,000","A","0","0%","0%"
"*06sbd*","Kleiber Olmedo","SD","RP","7019","FA","21","100,000","A","0","0%","0%"
"*05yio*","Juan Olmos","ATL","RP","7020","FA","21","100,000","A","0","0%","0%"
"*06hod*","Johnny Olmstead","MIA","2B,SS","7021","FA","26","100,000","A","0","0%","0%"
"*072yi*","Finnian O'Loughlin","(N/A)","CF,OF,P","6961","FA","17","100,000","A","0","0%","0%"
"*04n1l*","Jack O'Loughlin","(N/A)","SP","6962","FA","26","100,000","A","0","0%","0%"
"*06gj1*","Joe Olsavsky","ATL","1B,3B","7022","FA","24","100,000","A","0","0%","0%"
"*04pw4*","Jon Olsen","(N/A)","SP","7023","FA","29","100,000","A","0","0%","0%"
"*05y74*","Mat Olsen","(N/A)","SP","7024","FA","26","100,000","A","0","0%","0%"
"*06qtb*","Bryant Olson","WSH","RP","7025","FA","23","100,000","A","0","0%","0%"
"*06ek6*","Emmett Olson","MIA","SP","7026","FA","24","100,000","A","0","1%","0%"
"*06y08*","Mason Olson","TOR","SP","7027","FA","24","100,000","A","0","0%","0%"
"*04px8*","Reese Olson","DET","SP","7028","Brenden","26","3,000,000","A","0","32%","0%"
"*05yl2*","Diego Omana","CIN","C","7029","FA","23","100,000","A","0","0%","0%"
"*06qoi*","Hunter Omlid","COL","RP","7030","FA","26","100,000","A","0","0%","0%"
"*06mw6*","Sann Omosako","TOR","SP","7031","FA","20","100,000","A","0","0%","0%"
"*05jqb*","Steven Ondina","(N/A)","LF,OF","7032","FA","24","100,000","A","0","0%","0%"
"*06yy6*","Conner O'Neal","LAD","C","6963","FA","23","100,000","A","0","0%","0%"
"*051ff*","Matt O'Neill","ARI","C","6964","FA","28","100,000","A","0","0%","0%"
"*03dpe*","Benjamin Onyshko","(N/A)","P","7033","FA","29","100,000","A","0","0%","0%"
"*06zf9*","Andrews Opata","BOS","CF,OF","7034","FA","22","100,000","A","0","0%","0%"
"*05jpj*","Casey Opitz","CHC","C","7035","FA","27","100,000","A","0","0%","0%"
"*06f1q*","Christian Oppor","CHW","SP","7036","Steve","21","500,000","A","0","14%","0%"
"*051cp*","Johzan Oquendo","(N/A)","RP","7037","FA","25","100,000","A","0","0%","0%"
"*072yr*","Easton O'Quinn","(N/A)","3B","6965","FA","15","100,000","A","0","0%","0%"
"*064nx*","Dylan O'Rae","MIL","2B,CF,OF","6966","FA","22","100,000","A","0","1%","0%"
"*07782*","Dayron Oramas","NYM","SS","7038","FA","17","100,000","A","0","0%","0%"
"*06rhn*","Edgardo Ordonez","MIL","C","7039","FA","22","100,000","A","0","0%","0%"
"*06ri3*","Jesus Ordonez","(N/A)","C","7040","FA","26","100,000","A","0","0%","0%"
"*06r21*","John O'Reilly","(N/A)","RP","6967","FA","30","100,000","A","0","0%","0%"
"*06ax1*","Douglas Orellana","NYM","RP","7041","FA","24","100,000","A","0","0%","0%"
"*06qxt*","Erny Orellana","LAD","RF,OF","7042","FA","19","100,000","A","0","0%","0%"
"*06rja*","Josnaider Orellana","BAL","C","7043","FA","21","100,000","A","0","0%","0%"
"*06huf*","Brennan Orf","(N/A)","1B","7044","FA","24","100,000","A","0","0%","0%"
"*04tjk*","Jonathan Ornelas","NYY","SS","7045","FA","26","100,000","A","0","1%","0%"
"*04aov*","Tirso Ornelas","SD","LF,OF","7046","FA","26","100,000","A","0","5%","0%"
"*076g3*","Enrique Oropeza","CHC","RF,OF","7047","FA","17","100,000","A","0","2%","0%"
"*06rw7*","Rafael Oropeza","(N/A)","SS","7048","FA","18","100,000","A","0","0%","0%"
"*06yw5*","Tommy O'Rourke","NYY","RP","6968","FA","24","100,000","A","0","0%","0%"
"*066m5*","Maikol Orozco","DET","LF,OF","7049","FA","20","100,000","A","0","0%","0%"
"*06zin*","Brayan Orrantia","BAL","RP","7050","FA","20","100,000","A","0","0%","0%"
"*0733x*","Diego Orro","DET","CF,OF","7051","FA","17","100,000","A","0","0%","0%"
"*05rfn*","Kaleb Ort","LAA","RP","7052","FA","34","100,000","A","0","0%","0%"
"*064nz*","Jorel Ortega","MIN","2B","7053","FA","25","100,000","A","0","0%","0%"
"*06ra8*","Jose Ortega","SD","RP","7054","FA","21","100,000","A","0","0%","0%"
"*06rj4*","Juan Ortega","BAL","C","7055","FA","20","100,000","A","0","0%","0%"
"*050ig*","Oliver Ortega","(N/A)","RP","7056","FA","29","100,000","A","0","0%","0%"
"*022vt*","Rafael Ortega","(N/A)","CF,OF","7057","FA","35","100,000","A","0","0%","0%"
"*06sao*","Raynerd Ortega","(N/A)","2B","7058","FA","21","100,000","A","0","0%","0%"
"*066pr*","Victor Ortega","MIA","C","7059","FA","22","100,000","A","0","0%","0%"
"*06qyg*","Andres Ortiz","DET","SP","7060","FA","19","100,000","A","0","0%","0%"
"*06r8h*","Angel Ortiz","ARI","RF,OF","7061","FA","23","100,000","A","0","0%","0%"
"*06r77*","Avery Ortiz","(N/A)","2B","7062","FA","21","100,000","A","0","0%","0%"
"*0765g*","Berny Ortiz","BOS","SP","7063","FA","20","100,000","A","0","0%","0%"
"*06c2t*","Capri Ortiz","LAA","SS","7064","FA","21","100,000","A","0","0%","0%"
"*05ilo*","D'Angelo Ortiz","BOS","1B,3B","7065","FA","22","100,000","A","0","1%","0%"
"*06r41*","David Ortiz","TEX","1B","7066","FA","18","100,000","A","0","0%","0%"
"*06pg4*","Deniel Ortiz","STL","1B,3B","7067","FA","21","100,000","A","0","11%","0%"
"*066a5*","Devin Ortiz","WSH","3B","7068","FA","27","100,000","A","0","0%","0%"
"*062z9*","German Ortiz","ATH","1B","7069","FA","21","100,000","A","0","0%","0%"
"*0657v*","Jankel Ortiz","(N/A)","SS","7070","FA","22","100,000","A","0","0%","0%"
"*06mdk*","JeanPierre Ortiz","CIN","RP","7071","FA","22","100,000","A","0","0%","0%"
"*03sgb*","Jhailyn Ortiz","(N/A)","RF,OF","7072","FA","27","100,000","A","0","0%","0%"
"*06huj*","Jose Ortiz","SF","RF,OF","7073","FA","21","100,000","A","0","0%","0%"
"*05xsq*","Luis Ortiz","CLE","SP","7074","FA","27","100,000","A","0","1%","0%"
"*06mdl*","Nicolas Ortiz","(N/A)","C","7075","FA","19","100,000","A","0","0%","0%"
"*06k89*","Robin Ortiz","CHC","CF,OF","7076","FA","19","100,000","A","0","0%","0%"
"*04mu1*","Robinson Ortiz","SEA","RP","7077","FA","26","100,000","A","0","1%","0%"
"*0744q*","Samuel Ortiz","PHI","SP","7078","FA","17","100,000","A","0","0%","0%"
"*06l0g*","Orlando Ortiz-Mayr","MIA","SP","7079","FA","28","100,000","A","0","0%","0%"
"*06mpm*","Juan Ortuno","MIL","2B","7080","FA","19","100,000","A","0","1%","0%"
"*06uxp*","Blaze O'Saben","(N/A)","CF,OF","6969","FA","26","100,000","A","0","0%","0%"
"*06z05*","Braden Osbolt","CIN","SP","7081","FA","21","100,000","A","0","0%","0%"
"*06bps*","Fran Oschell","(N/A)","RP","7082","FA","23","100,000","A","0","0%","0%"
"*06zi4*","Ryan Osinski","NYY","RP","7083","FA","22","100,000","A","0","0%","0%"
"*06gio*","Graham Osman","CIN","RP","7084","FA","25","100,000","A","0","0%","0%"
"*051jq*","Bryce Osmond","LAA","SP","7085","FA","25","100,000","A","0","0%","0%"
"*066s4*","Hector Osorio","TEX","RF,OF","7086","FA","21","100,000","A","0","6%","+1%"
"*06qh8*","Isaac Osorio","(N/A)","CF,OF","7087","FA","19","100,000","A","0","0%","0%"
"*05ydg*","Javier Osorio","DET","3B","7088","FA","21","100,000","A","0","1%","0%"
"*06sc2*","Manuel Osorio","CLE","SP","7089","FA","20","100,000","A","0","0%","0%"
"*061z0*","Oswaldo Osorio","LAD","2B,3B","7090","FA","21","100,000","A","0","1%","0%"
"*06sua*","Ricardo Osorio","ATH","RP","7091","FA","18","100,000","A","0","0%","0%"
"*04emh*","Erik Ostberg","(N/A)","C,DH","7092","FA","30","100,000","A","0","0%","0%"
"*06u1h*","Justin Osterhouse","(N/A)","2B","7093","FA","21","100,000","A","0","0%","0%"
"*06rr4*","Taisei Ota","(N/A)","SP","7094","FA","27","100,000","A","0","0%","0%"
"*072g7*","Johan Otanez","WSH","RP","7095","FA","24","100,000","A","0","0%","0%"
"*057p2*","Michel Otanez","TEX","RP","7096","FA","29","100,000","A","0","1%","0%"
"*060p0*","Peniel Otano","(N/A)","SP","7097","FA","23","100,000","A","0","0%","0%"
"*06umk*","Tomo Otosaka","(N/A)","CF,OF","7098","FA","32","100,000","A","0","0%","0%"
"*065v1*","Tanner O'Tremba","(N/A)","LF,OF","6970","FA","26","100,000","A","0","0%","0%"
"*05unj*","Micah Ottenbreit","PHI","SP","7099","FA","23","100,000","A","0","0%","0%"
"*04egl*","Glenn Otto","HOU","RP","7100","FA","30","100,000","A","0","0%","0%"
"*06yan*","Jordan Ouanyou","CIN","1B","7101","FA","18","100,000","A","0","0%","0%"
"*06hp1*","Daniel Ouderkirk","SEA","RP","7102","FA","26","100,000","A","0","0%","0%"
"*06ytv*","Fredderick Ovalle","PIT","2B","7103","FA","19","100,000","A","0","0%","0%"
"*04nh5*","Alexander Ovalles","(N/A)","CF,OF","7104","FA","25","100,000","A","0","0%","0%"
"*062dw*","Layonel Ovalles","(N/A)","RP","7105","FA","23","100,000","A","0","0%","0%"
"*077ek*","Josiah Overbeek","(N/A)","1B,P","7106","FA","20","100,000","A","0","0%","0%"
"*06col*","Austin Overn","TB","LF,CF,RF,OF","7107","FA","23","100,000","A","0","9%","0%"
"*03doq*","Connor Overton","(N/A)","RP","7108","FA","32","100,000","A","0","0%","0%"
"*06u6n*","Adolfo Oviedo","PIT","RP","7109","FA","21","100,000","A","0","0%","0%"
"*06203*","Eduardo Oviedo","(N/A)","CF,OF","7110","FA","21","100,000","A","0","0%","0%"
"*05ymx*","Ivan Oviedo","(N/A)","RP","7111","FA","23","100,000","A","0","0%","0%"
"*03zuo*","Luis Oviedo","(N/A)","SP","7112","FA","27","100,000","A","0","0%","0%"
"*0664e*","Harry Owen","(N/A)","C","7113","FA","24","100,000","A","0","0%","0%"
"*06y01*","Hunter Owen","KC","SP","7114","FA","24","100,000","A","0","0%","0%"
"*060qc*","Noah Owen","(N/A)","SP","7115","FA","25","100,000","A","0","0%","0%"
"*06zcl*","Braylon Owens","MIL","SP","7116","FA","23","100,000","A","0","0%","0%"
"*06vxu*","Josh Owens","TEX","SS,P","7117","FA","19","100,000","A","0","9%","0%"
"*051a6*","Tyler Owens","DET","RP","7118","FA","25","100,000","A","0","0%","0%"
"*06gij*","Avery Owusu-Asiedu","ARI","LF,CF,OF","7119","FA","23","100,000","A","0","0%","0%"
"*06umj*","Brennen Oxford","(N/A)","RP","7120","FA","26","100,000","A","0","0%","0%"
"*06zf8*","Jo Oyama","SEA","2B","7121","FA","25","100,000","A","0","0%","0%"
"*072g5*","Anderson Ozuna","NYM","SP","7122","FA","19","100,000","A","0","0%","0%"
"*06qhd*","Darwing Ozuna","ATH","RF,OF","7123","FA","18","100,000","A","0","1%","0%"
"*06mmu*","Sandy Ozuna","COL","SP","7124","FA","20","100,000","A","0","0%","0%"
"*06rp6*","Juan Pablo Cabrera","STL","C","7125","FA","19","100,000","A","0","0%","0%"
"*06rit*","Miguel Pabon","(N/A)","C","7126","FA","25","100,000","A","0","0%","0%"
"*03xlc*","Cristian Pache","NYM","CF,RF,OF","7127","FA","27","100,000","A","0","1%","0%"
"*05yen*","Alberto Pacheco","COL","SP","7128","FA","23","100,000","A","0","0%","0%"
"*06r34*","Azaeel Pacheco","ATH","C","7129","FA","19","100,000","A","0","0%","0%"
"*06rn1*","Brad Pacheco","PHI","SP","7130","FA","21","100,000","A","0","0%","0%"
"*060gh*","Carlos Pacheco","ATH","CF,RF,OF","7131","FA","21","100,000","A","0","0%","0%"
"*0731a*","Diego Pacheco","CIN","C","7132","FA","17","100,000","A","0","0%","0%"
"*05y0s*","Freddy Pacheco","(N/A)","RP","7133","FA","28","100,000","A","0","0%","0%"
"*05rax*","Izaac Pacheco","DET","3B","7134","FA","23","100,000","A","0","2%","0%"
"*06su7*","Luis Pacheco","(N/A)","RP","7135","FA","27","100,000","A","0","0%","0%"
"*06r26*","Orlando Pacheco","(N/A)","C","7136","FA","21","100,000","A","0","0%","0%"
"*0630i*","Christopher Paciolla","(N/A)","3B","7137","FA","22","100,000","A","0","0%","0%"
"*0515t*","Nick Paciorek","(N/A)","P","7138","FA","28","100,000","A","0","0%","0%"
"*073ke*","Anthony Pack Jr.","(N/A)","RF,OF","7139","FA","19","100,000","A","0","0%","0%"
"*05yhu*","Spencer Packard","SEA","1B,LF,OF","7140","FA","28","100,000","A","0","0%","0%"
"*06qvr*","Liam Paddack","CHW","RP","7141","FA","22","100,000","A","0","0%","0%"
"*06zf7*","Jaylen Paden","ATL","RP","7142","FA","24","100,000","A","0","0%","0%"
"*07341*","Alexander Padilla","DET","SP","7143","FA","17","100,000","A","0","0%","0%"
"*06r39*","Leider Padilla","LAD","LF,RF,OF","7144","FA","19","100,000","A","0","0%","0%"
"*03qra*","Nicholas Padilla","(N/A)","RP","7145","FA","29","100,000","A","0","0%","0%"
"*06k81*","Yairo Padilla","STL","SS","7146","FA","19","100,000","A","0","11%","0%"
"*03deh*","Kevin Padlo","(N/A)","1B","7147","FA","30","100,000","A","0","0%","0%"
"*076vk*","Gabriel Paez","TB","SP","7148","FA","20","100,000","A","0","0%","0%"
"*06uv8*","Ricardo Paez","MIN","LF,OF","7149","FA","19","100,000","A","0","0%","0%"
"*04q7h*","Ezequiel Pagan","(N/A)","RF,OF","7150","FA","26","100,000","A","0","0%","0%"
"*051ep*","Kanoa Pagan","(N/A)","P","7151","FA","27","100,000","A","0","0%","0%"
"*06hn6*","Charlie Pagliarini","SEA","2B","7152","FA","25","100,000","A","0","0%","0%"
"*06hpp*","Trey Paige","STL","1B,3B","7153","FA","25","100,000","A","0","0%","0%"
"*060mi*","Owen Paino","(N/A)","SS","7154","FA","20","100,000","A","0","0%","0%"
"*06qye*","Isaac Palacio","(N/A)","RP","7155","FA","20","100,000","A","0","0%","0%"
"*076rz*","Matias Palacio","TB","SS","7156","FA","17","100,000","A","0","0%","0%"
"*06sap*","Brainerh Palacios","TB","C","7157","FA","18","100,000","A","0","0%","0%"
"*067zk*","Jesus Palacios","(N/A)","SP","7158","FA","21","100,000","A","0","0%","0%"
"*06c30*","Johan Palacios","(N/A)","RP","7159","FA","21","100,000","A","0","0%","0%"
"*041ra*","Joshua Palacios","PIT","RF,OF","7160","FA","30","100,000","A","0","0%","0%"
"*04tp0*","Luis Palacios","MIA","RP","7161","FA","26","100,000","A","0","1%","0%"
"*06kvk*","Nathaniel Palacios","(N/A)","1B","7162","FA","19","100,000","A","0","0%","0%"
"*0766w*","Neiker Palacios","ARI","RP","7163","FA","19","100,000","A","0","0%","0%"
"*06rjq*","Manuel Palencia","NYY","C","7164","FA","23","100,000","A","0","0%","0%"
"*05t9c*","Aaron Palensky","(N/A)","LF,RF,OF","7165","FA","27","100,000","A","0","0%","0%"
"*0649g*","Davis Palermo","COL","RP","7166","FA","26","100,000","A","0","0%","0%"
"*0662u*","Jake Palisch","CHW","SP","7167","FA","27","100,000","A","0","0%","0%"
"*06ubv*","Alberth Palma","TB","SS","7168","FA","20","100,000","A","0","0%","0%"
"*05y3s*","Miguel Palma","NYY","C","7169","FA","24","100,000","A","0","0%","0%"
"*06ulz*","Moises Palma","TB","RP","7170","FA","21","100,000","A","0","0%","0%"
"*04ug2*","Ronaiker Palma","(N/A)","C","7171","FA","26","100,000","A","0","0%","0%"
"*05wbq*","Damiano Palmegiani","(N/A)","1B","7172","FA","26","100,000","A","0","1%","0%"
"*070bo*","Dylan Palmer","PIT","2B","7173","FA","22","100,000","A","0","0%","0%"
"*04q4g*","Jaylen Palmer","NYM","CF,RF,OF","7174","FA","25","100,000","A","0","0%","0%"
"*05jqm*","Trent Palmer","(N/A)","P","7175","FA","27","100,000","A","0","0%","0%"
"*06qoh*","Twine Palmer","BAL","SP","7176","FA","21","100,000","A","0","0%","0%"
"*072j5*","Jeronimo Palmeros","SD","SP","7177","FA","19","100,000","A","0","0%","0%"
"*06zb9*","Noah Palmese","TOR","RP","7178","FA","22","100,000","A","0","0%","0%"
"*068bz*","Wen-Hui Pan","PHI","RP","7179","FA","23","100,000","A","0","2%","0%"
"*05t92*","Inohan Paniagua","DET","SP","7180","FA","26","100,000","A","0","0%","0%"
"*031ce*","Thomas Pannone","MIL","SP","7181","FA","32","100,000","A","0","0%","0%"
"*075wb*","Miguel Pantoja","TOR","RP","7182","FA","18","100,000","A","0","0%","0%"
"*05xoq*","Shane Panzini","KC","RP","7183","FA","24","100,000","A","0","1%","0%"
"*0514c*","Stephen Paolini","(N/A)","CF,RF,OF","7184","FA","25","100,000","A","0","0%","0%"
"*073sf*","John Paone","(N/A)","SP","7185","FA","20","100,000","A","0","0%","0%"
"*03dpc*","Michael Papierski","(N/A)","C","7186","FA","30","100,000","A","0","0%","0%"
"*066a4*","Cole Paplham","SD","RP","7187","FA","26","100,000","A","0","0%","0%"
"*06l55*","Luis Parababire","ATL","C","7188","FA","20","100,000","A","0","0%","0%"
"*05jrc*","Kevin Parada","NYM","C","7189","Brian","24","500,000","A","0","7%","0%"
"*04ecd*","Eric Pardinho","(N/A)","RP","7190","FA","25","100,000","A","0","1%","0%"
"*06rtq*","Angel Paredes","(N/A)","LF,OF","7191","FA","19","100,000","A","0","0%","0%"
"*06tzv*","Cesar Paredes","LAA","SS","7192","FA","18","100,000","A","0","0%","0%"
"*04ywp*","Enoli Paredes","BAL","RP","7193","FA","30","100,000","A","0","0%","0%"
"*0734d*","Jean Paredes","TB","RF,OF","7194","FA","17","100,000","A","0","0%","0%"
"*06v6a*","Luis Paredes","(N/A)","RP","7195","FA","20","100,000","A","0","0%","0%"
"*06cmp*","Wilkin Paredes","ARI","SP","7196","FA","22","100,000","A","0","0%","0%"
"*06rl9*","Javier Pariguan","(N/A)","C","7197","FA","22","100,000","A","0","0%","0%"
"*050s0*","Kyren Paris","LAA","2B,CF,OF","7198","FA","24","100,000","A","0","7%","0%"
"*06zbc*","Trendan Parish","TB","RP","7199","FA","24","100,000","A","0","0%","0%"
"*0769o*","Chan-Min Park","PHI","SP","7200","FA","17","100,000","A","0","0%","0%"
"*06fpk*","Eddie Park","CHW","LF,CF,RF,OF","7201","FA","24","100,000","A","0","0%","0%"
"*03mky*","Hoy Park","(N/A)","2B,LF,CF,RF,OF","7202","FA","30","100,000","A","0","0%","0%"
"*06rs8*","Ji Hwan Park","(N/A)","2B","7203","FA","21","100,000","A","0","0%","0%"
"*05rbq*","Min-Woo Park","(N/A)","2B","7204","FA","33","100,000","A","0","0%","0%"
"*06pg2*","Aaron Parker","TOR","C","7205","FA","23","100,000","A","0","1%","0%"
"*06zae*","Brady Parker","COL","SP","7206","FA","22","100,000","A","0","0%","0%"
"*0517s*","Brandon Parker","(N/A)","CF,RF,OF","7207","FA","27","100,000","A","0","0%","0%"
"*05ual*","Caedmon Parker","CHW","SP","7208","FA","23","100,000","A","0","0%","0%"
"*06afk*","Erik Parker","(N/A)","SS","7209","FA","20","100,000","A","0","0%","0%"
"*070ea*","Jacob Parker","(N/A)","CF,OF","7210","FA","19","100,000","A","0","0%","0%"
"*06se6*","JoJo Parker","TOR","SS","7211","ELLY","19","500,000","A","0","43%","0%"
"*04em0*","David Parkinson","(N/A)","SP","7212","FA","30","100,000","A","0","0%","0%"
"*075o5*","Brendan Parks","BAL","RP","7213","FA","23","100,000","A","0","0%","0%"
"*05y19*","Hunter Parks","CIN","RP","7214","FA","25","100,000","A","0","1%","0%"
"*06quh*","Wyatt Parliament","NYY","SP","7215","FA","22","100,000","A","0","0%","0%"
"*06xzz*","Abraham Parra","SD","SP","7216","FA","20","100,000","A","0","0%","0%"
"*07609*","Jose Parra","ATH","SP","7217","FA","20","100,000","A","0","0%","0%"
"*072oa*","Juan Parra","PHI","SS","7218","FA","17","100,000","A","0","1%","0%"
"*05y6c*","Nixon Parra","(N/A)","RP","7219","FA","22","100,000","A","0","0%","0%"
"*0515z*","Drew Parrish","(N/A)","RP","7220","FA","28","100,000","A","0","0%","0%"
"*051eb*","Hunter Parsons","(N/A)","RP","7221","FA","29","100,000","A","0","0%","0%"
"*073uc*","Nico Partida","(N/A)","SS","7222","FA","19","100,000","A","0","0%","0%"
"*06y7g*","Nic Partridge","(N/A)","3B","7223","FA","19","100,000","A","0","0%","0%"
"*06bn3*","Yovannki Pascual","(N/A)","RP","7224","FA","23","100,000","A","0","0%","0%"
"*06h1v*","Paulshawn Pasqualotto","MIN","RP","7225","FA","25","100,000","A","0","0%","0%"
"*06qlp*","Duncan Pastore","NYY","2B","7226","FA","26","100,000","A","0","0%","0%"
"*056j4*","Jose Pastrano","(N/A)","SS","7227","FA","23","100,000","A","0","0%","0%"
"*06l0x*","Samuel Pateti","(N/A)","RP","7228","FA","19","100,000","A","0","0%","0%"
"*06hoy*","Sterling Patick","LAD","SP","7229","FA","21","100,000","A","0","1%","0%"
"*04k22*","Luis Patino","(N/A)","SP","7230","FA","26","100,000","A","0","1%","0%"
"*06rs4*","Marco Patino","(N/A)","SP","7231","FA","21","100,000","A","0","0%","0%"
"*06rku*","Orlando Patino","CHW","CF,RF,OF","7232","FA","18","100,000","A","0","0%","0%"
"*06imw*","Oswaldo Patino","(N/A)","2B","7233","FA","20","100,000","A","0","0%","0%"
"*04mmv*","Wilderd Patino","(N/A)","CF,OF","7234","FA","25","100,000","A","0","0%","0%"
"*06qpi*","Andrew Patrick","(N/A)","CF,OF","7235","FA","23","100,000","A","0","0%","0%"
"*066j5*","Cole Patten","(N/A)","SP","7236","FA","26","100,000","A","0","0%","0%"
"*06490*","Hunter Patteson","KC","SP","7237","FA","26","100,000","A","0","0%","0%"
"*06r2p*","Myles Patton","BOS","SP","7238","FA","22","100,000","A","0","0%","0%"
"*06yy5*","Truman Pauley","CHW","SP","7239","FA","22","100,000","A","0","0%","0%"
"*06v2e*","Alexis Paulino","(N/A)","RP","7240","FA","23","100,000","A","0","0%","0%"
"*06tad*","Anderson Paulino","(N/A)","RP","7241","FA","27","100,000","A","0","0%","0%"
"*06c81*","Brailyn Paulino","STL","RP","7242","FA","20","100,000","A","0","0%","0%"
"*05un1*","Eddinson Paulino","NYM","2B","7243","FA","24","100,000","A","0","1%","0%"
"*06mv6*","Engel Paulino","MIL","CF,OF","7244","FA","19","100,000","A","0","0%","0%"
"*06maq*","Enzo Paulino","(N/A)","1B","7245","FA","22","100,000","A","0","0%","0%"
"*06bj5*","Jose Paulino","(N/A)","CF,OF","7246","FA","20","100,000","A","0","0%","0%"
"*06jfo*","Jose Paulino","MIA","SP","7247","FA","19","100,000","A","0","1%","0%"
"*04k4v*","Naswell Paulino","(N/A)","RP","7248","FA","26","100,000","A","0","0%","0%"
"*06v2h*","Wilmis Paulino","COL","RP","7249","FA","20","100,000","A","0","0%","0%"
"*073sk*","Erik Paulsen","(N/A)","1B","7250","FA","21","100,000","A","0","0%","0%"
"*06rmc*","Gerlyn Payano","MIL","RF,OF","7251","FA","18","100,000","A","0","0%","0%"
"*06uly*","Jeison Payano","BOS","RP","7252","FA","20","100,000","A","0","0%","0%"
"*066r8*","Nelfri Payano","CIN","RP","7253","FA","21","100,000","A","0","0%","0%"
"*0700x*","Limanol Payero","PIT","CF,OF","7254","FA","18","100,000","A","0","0%","0%"
"*06kkf*","Braylon Payne","MIL","CF,OF","7255","ELLY","19","100,000","A","0","25%","0%"
"*072b0*","Landen Payne","CHW","RP","7256","FA","23","100,000","A","0","0%","0%"
"*06qp2*","Nate Payne","MIA","SP","7257","FA","20","100,000","A","0","7%","0%"
"*05xlb*","Tyler Payne","(N/A)","C","7258","FA","33","100,000","A","0","0%","0%"
"*06z5c*","Emilio Payro","HOU","SP","7259","FA","18","100,000","A","0","0%","0%"
"*06af5*","Jack Payton","SF","C","7260","FA","24","100,000","A","0","0%","0%"
"*031eg*","Mark Payton","(N/A)","LF,OF","7261","FA","34","100,000","A","0","0%","0%"
"*061v4*","Karell Paz","(N/A)","LF,RF,OF","7262","FA","26","100,000","A","0","0%","0%"
"*06dne*","Marcos Paz","(N/A)","1B,SP","7263","FA","19","100,000","A","0","0%","0%"
"*06y02*","Francisco Pazos","SEA","SP","7264","FA","20","100,000","A","0","0%","0%"
"*05ud5*","Josh Pearson","(N/A)","RF,OF","7265","FA","23","100,000","A","0","0%","0%"
"*06ax6*","Shaddon Peavyhouse","(N/A)","RP","7266","FA","27","100,000","A","0","0%","0%"
"*060uf*","John Peck","DET","3B,SS","7267","FA","24","100,000","A","0","2%","0%"
"*06f14*","Ethan Pecko","HOU","SP","7268","FA","23","100,000","A","0","15%","0%"
"*06c5j*","Cannon Peebles","CLE","C","7269","FA","22","100,000","A","0","0%","0%"
"*0514h*","Zach Peek","NYM","RP","7270","FA","28","100,000","A","0","0%","0%"
"*06r4z*","Ty Peeples","(N/A)","CF,OF","7271","FA","19","100,000","A","0","0%","0%"
"*06c7i*","Tai Peete","STL","LF,CF,OF","7272","FA","20","100,000","A","0","14%","0%"
"*060x3*","Antony Peguero","(N/A)","RF,OF","7273","FA","21","100,000","A","0","0%","0%"
"*05uk1*","Elvis Peguero","BAL","RP","7274","FA","29","100,000","A","0","0%","0%"
"*06sud*","Esmerlin Peguero","(N/A)","SP","7275","FA","21","100,000","A","0","0%","0%"
"*06hnz*","Fernando Peguero","BAL","2B","7276","FA","21","100,000","A","0","0%","0%"
"*060mj*","Francis Peguero","(N/A)","RP","7277","FA","28","100,000","A","0","0%","0%"
"*06su5*","Jeremy Peguero","(N/A)","RP","7278","FA","24","100,000","A","0","0%","0%"
"*06mp5*","Jhoan Peguero","BOS","RF,OF","7279","FA","20","100,000","A","0","0%","0%"
"*05rjm*","Jonathan Peguero","(N/A)","C","7280","FA","21","100,000","A","0","0%","0%"
"*06beo*","Juanfel Peguero","TB","SS","7281","FA","21","100,000","A","0","0%","0%"
"*04ol2*","Liover Peguero","PHI","SS","7282","FA","25","100,000","A","0","3%","0%"
"*05nny*","Odalys Peguero","(N/A)","SS","7283","FA","23","100,000","A","0","0%","0%"
"*06kle*","Rafy Peguero","LAD","LF,OF","7284","FA","19","100,000","A","0","0%","0%"
"*03dwk*","CD Pelham","ATH","RP","7285","FA","31","100,000","A","0","0%","0%"
"*05uc6*","Mason Pelio","(N/A)","SP","7286","FA","26","100,000","A","0","0%","0%"
"*0516o*","Colin Peluse","PHI","RP","7287","FA","28","100,000","A","0","0%","0%"
"*074vs*","Luke Pelzer","KC","CF,OF","7288","FA","23","100,000","A","0","0%","0%"
"*05y43*","Jose Pena Jr.","PHI","RP","7289","FA","23","100,000","A","0","0%","0%"
"*06rjl*","Adrian Pena","MIA","SP","7290","FA","18","100,000","A","0","1%","0%"
"*06mec*","Alain Pena","HOU","SP","7291","FA","23","100,000","A","0","0%","0%"
"*06v2g*","Ayendy Pena","CIN","RP","7292","FA","22","100,000","A","0","0%","0%"
"*05j8m*","Carlos Pena","DET","RP","7293","FA","27","100,000","A","0","0%","0%"
"*06ek8*","Dameury Pena","MIN","2B","7294","FA","20","100,000","A","0","2%","0%"
"*066ry*","Daniel Pena","MIN","C","7295","FA","21","100,000","A","0","0%","0%"
"*076gj*","Darling Pena","COL","3B","7296","FA","17","100,000","A","0","0%","0%"
"*06r43*","David Pena","SEA","SP","7297","FA","21","100,000","A","0","0%","0%"
"*06m0g*","Elian Pena","NYM","SS","7298","Kai","18","500,000","A","0","32%","0%"
"*06c39*","Eliezer Pena","COL","SP","7299","FA","20","100,000","A","0","0%","0%"
"*06ut3*","Emmanuel Pena","BAL","SP","7300","FA","18","100,000","A","0","0%","0%"
"*050k3*","Erick Pena","(N/A)","CF,OF","7301","FA","23","100,000","A","0","1%","0%"
"*06o11*","Ezequiel Pena","CHC","2B","7302","FA","19","100,000","A","0","0%","0%"
"*06rn7*","Fernando Pena","SF","1B","7303","FA","19","100,000","A","0","0%","0%"
"*064rr*","Francis Pena","SD","RP","7304","FA","25","100,000","A","0","1%","0%"
"*06u7b*","Isaac Pena","(N/A)","3B","7305","FA","22","100,000","A","0","0%","0%"
"*05rkn*","Jefferson Pena","(N/A)","LF,OF","7306","FA","22","100,000","A","0","0%","0%"
"*06z5n*","Joan Pena","MIL","SP","7307","FA","18","100,000","A","0","0%","0%"
"*06jh7*","Joandrew Pena","(N/A)","1B","7308","FA","19","100,000","A","0","0%","0%"
"*06rmb*","Jose Pena","BAL","SS","7454","FA","17","100,000","A","0","1%","0%"
"*06j3f*","Luis Pena","MIL","2B,SS","7309","T","19","500,000","A","0","48%","0%"
"*05rbd*","Manuel Pena","ARI","1B","7310","FA","22","100,000","A","0","9%","0%"
"*066oo*","Ricardo Pena","MIN","C","7311","FA","21","100,000","A","0","0%","0%"
"*06rrs*","Sebastian Pena","SD","CF,OF","7312","FA","18","100,000","A","0","0%","0%"
"*052ib*","Viandel Pena","DET","2B","7313","FA","25","100,000","A","0","0%","0%"
"*060yx*","Yordalin Pena","STL","CF,RF,OF","7314","FA","21","100,000","A","0","0%","0%"
"*076rp*","Yostin Pena","NYY","CF,RF,OF","7315","FA","18","100,000","A","0","1%","0%"
"*06qnt*","Dalton Pence","TEX","SP","7316","FA","23","100,000","A","0","2%","0%"
"*06rsi*","Striker Pence","(N/A)","3B","7317","FA","17","100,000","A","0","1%","0%"
"*05rg6*","Caleb Pendleton","(N/A)","1B","7318","FA","24","100,000","A","0","0%","0%"
"*06yw6*","Dayne Pengelly","TOR","SP","7319","FA","23","100,000","A","0","0%","0%"
"*066ah*","Ty Penner","(N/A)","1B","7320","FA","26","100,000","A","0","0%","0%"
"*06qie*","Jack Penney","DET","2B,SS","7321","FA","23","100,000","A","0","0%","0%"
"*06qk4*","Garrett Pennington","DET","1B,LF,OF","7322","FA","25","100,000","A","0","0%","0%"
"*06kyc*","Walter Pennington","(N/A)","RP","7323","FA","28","100,000","A","0","0%","0%"
"*06fuv*","Zach Penrod","WSH","RP","7324","FA","29","100,000","A","0","0%","0%"
"*070de*","Blake Penso","COL","C","7325","FA","24","100,000","A","0","0%","0%"
"*06zgu*","Gabel Pentecost","HOU","SP","7326","FA","22","100,000","A","0","0%","0%"
"*06583*","Nick Peoples","WSH","RF,OF","7327","FA","21","100,000","A","0","0%","0%"
"*0512m*","Ryan Pepiot","TB","SP","7328","Kai","28","6,600,000","A","0","60%","0%"
"*06fv5*","Jake Peppers","CHW","RP","7329","FA","24","100,000","A","0","0%","0%"
"*062x6*","Dominic Perachi","PIT","SP","7330","FA","25","100,000","A","0","0%","0%"
"*05gd5*","Luis Perales","WSH","RP","7331","FA","23","100,000","A","0","18%","0%"
"*06qww*","Angel Peralta","HOU","SP","7332","FA","19","100,000","A","0","0%","0%"
"*06ky9*","Christopher Peralta","MIL","SP","7333","FA","19","100,000","A","0","0%","0%"
"*06jfb*","Dexters Peralta","NYY","SS","7334","FA","19","100,000","A","0","1%","0%"
"*0769r*","Eliezer Peralta","MIA","SP","7335","FA","17","100,000","A","0","0%","0%"
"*076ag*","Engel Peralta","MIA","RP","7336","FA","22","100,000","A","0","0%","0%"
"*062d0*","Fabio Peralta","(N/A)","1B","7337","FA","20","100,000","A","0","0%","0%"
"*077c4*","Kriscol Peralta","STL","RP","7338","FA","18","100,000","A","0","0%","0%"
"*060x5*","Luis Peralta","CHC","RP","7339","FA","25","100,000","A","0","1%","0%"
"*06if5*","Pedro Peralta","PHI","SP","7340","FA","19","100,000","A","0","0%","0%"
"*05rhr*","Ramon Peralta","(N/A)","SS","7341","FA","22","100,000","A","0","0%","0%"
"*01sfv*","Wily Peralta","(N/A)","RP","7342","FA","37","100,000","A","0","0%","0%"
"*02y27*","Jose Peraza","(N/A)","2B","7343","FA","32","100,000","A","0","0%","0%"
"*061li*","Cole Percival","(N/A)","RP","7344","FA","27","100,000","A","0","0%","0%"
"*0510h*","Alan Perdomo","(N/A)","RP","7345","FA","24","100,000","A","0","0%","0%"
"*03mhv*","Angel Perdomo","(N/A)","RP","7346","FA","32","100,000","A","0","0%","0%"
"*06uhk*","Cesar Perdomo","SF","SP","7347","FA","24","100,000","A","0","2%","+1%"
"*06f07*","Jhonny Perdomo","(N/A)","2B","7348","FA","24","100,000","A","0","0%","0%"
"*067z8*","Jose Perdomo","ATL","SS","7349","FA","19","100,000","A","0","9%","0%"
"*072qy*","Jose Perdomo","ATH","C","7350","FA","17","100,000","A","0","0%","0%"
"*0778h*","Luis Perdomo","BAL","SP","7351","FA","19","100,000","A","0","0%","0%"
"*06rl7*","Alejandro Pereira","ATH","C","7352","FA","19","100,000","A","0","0%","0%"
"*072on*","Claudio Pereira","BOS","SP","7353","FA","17","100,000","A","0","0%","0%"
"*06cew*","Sandro Pereira","HOU","2B","7354","FA","20","100,000","A","0","0%","0%"
"*074a2*","Santiago Pereira","SEA","C","7355","FA","17","100,000","A","0","0%","0%"
"*0637p*","Wilfredo Pereira","(N/A)","SP","7356","FA","27","100,000","A","0","0%","0%"
"*050ya*","Robert Perez Jr.","(N/A)","CF,OF","7357","FA","26","100,000","A","0","0%","0%"
"*06cey*","Adonys Perez","ARI","SP","7358","FA","22","100,000","A","0","0%","0%"
"*064ns*","Alfonso Perez","SF","RP","7359","FA","20","100,000","A","0","0%","0%"
"*05rcz*","Andrew Perez","(N/A)","RP","7360","FA","28","100,000","A","0","0%","0%"
"*06aw7*","Andy Perez","COL","SS","7361","FA","22","100,000","A","0","1%","0%"
"*06ful*","Angel Perez","PIT","1B","7362","FA","20","100,000","A","0","0%","0%"
"*06rlr*","Angel Perez","CLE","RP","7363","FA","22","100,000","A","0","0%","0%"
"*06r80*","Axel Perez","BAL","SP","7364","FA","20","100,000","A","0","0%","0%"
"*04ywz*","Brayan Perez","(N/A)","RP","7365","FA","25","100,000","A","0","0%","0%"
"*05xuj*","Bryan Perez","COL","SP","7366","FA","22","100,000","A","0","0%","0%"
"*01suw*","Carlos Perez","(N/A)","C","7367","FA","35","100,000","A","0","0%","0%"
"*03mkv*","Carlos Perez","(N/A)","C,1B","7368","FA","29","100,000","A","0","0%","0%"
"*05jq5*","Carlos Perez","(N/A)","C","7369","FA","24","100,000","A","0","0%","0%"
"*066m2*","Cristian Perez","DET","CF,OF","7370","FA","19","100,000","A","0","0%","0%"
"*06dmo*","Daniel Perez","(N/A)","1B","7371","FA","24","100,000","A","0","0%","0%"
"*06rlh*","Darling Perez","NYM","SP","7372","FA","19","100,000","A","0","0%","0%"
"*064ox*","Doilin Perez","(N/A)","SP","7373","FA","21","100,000","A","0","0%","0%"
"*05y6m*","Doimil Perez","(N/A)","SP","7374","FA","22","100,000","A","0","0%","0%"
"*06klm*","Edelvis Perez","CLE","SP","7375","FA","21","100,000","A","0","0%","0%"
"*06iej*","Edgleen Perez","PIT","C","7376","FA","20","100,000","A","0","1%","0%"
"*06aku*","Eduardo Perez","HOU","DH","7377","FA","19","100,000","A","0","0%","0%"
"*06rqq*","Elias Perez","SEA","RF,OF","7378","FA","18","100,000","A","0","0%","0%"
"*06if1*","Enyervert Perez","ARI","1B,3B","7379","FA","20","100,000","A","0","0%","0%"
"*06aq1*","Erigaldi Perez","CLE","SP","7380","FA","20","100,000","A","0","0%","0%"
"*06ek7*","Fernando Perez","TOR","SP","7381","FA","22","100,000","A","0","1%","0%"
"*04al9*","Francisco Perez","(N/A)","RP","7382","FA","28","100,000","A","0","0%","0%"
"*0723a*","Francisco Perez","TEX","C","7383","FA","19","100,000","A","0","0%","0%"
"*043ny*","Hector Perez","(N/A)","RP","7384","FA","30","100,000","A","0","0%","0%"
"*05g3l*","Hedbert Perez","TOR","RF,OF","7385","FA","23","100,000","A","0","4%","0%"
"*021wf*","Hernan Perez","(N/A)","2B,3B","7386","FA","35","100,000","A","0","0%","0%"
"*06kzb*","Javier Perez","HOU","RP","7387","FA","22","100,000","A","0","1%","0%"
"*06uj6*","Jean Perez","(N/A)","2B","7388","FA","23","100,000","A","0","0%","0%"
"*061mj*","Jeral Perez","CHW","2B,SS","7389","T","21","500,000","A","0","6%","0%"
"*076vq*","Jesus Perez","MIA","LF,OF","7390","FA","18","100,000","A","0","0%","0%"
"*04eez*","Joe Perez","(N/A)","RP","7391","FA","26","100,000","A","0","0%","0%"
"*072zj*","Jordan Perez","SD","SP","7392","FA","17","100,000","A","0","0%","0%"
"*05r5t*","Jose Perez","TB","3B,LF,OF","7393","FA","22","100,000","A","0","0%","0%"
"*075ll*","Jose Perez","BAL","SS","7394","FA","21","100,000","A","0","0%","0%"
"*06rt4*","Josh Perez","CLE","SP","7395","FA","18","100,000","A","0","0%","0%"
"*06rvv*","Joyner Perez","MIN","LF,OF","7396","FA","18","100,000","A","0","0%","0%"
"*05ygk*","Juan Perez","(N/A)","C","7397","FA","21","100,000","A","0","0%","0%"
"*06rmz*","Kenyi Perez","CHC","RP","7645","FA","24","100,000","A","0","0%","0%"
"*0778v*","Luis Perez","TB","LF,OF","7398","FA","18","100,000","A","0","0%","0%"
"*064p5*","Manuel Perez","ATH","SP","7399","FA","20","100,000","A","0","0%","0%"
"*066lx*","Marcelo Perez","SEA","SP","7400","FA","26","100,000","A","0","0%","0%"
"*064qa*","Marlon Perez","(N/A)","RP","7401","FA","26","100,000","A","0","0%","0%"
"*02btc*","Michael Perez","(N/A)","C","7402","FA","33","100,000","A","0","0%","0%"
"*06tn8*","Michael Perez","MIA","RP","7403","FA","23","100,000","A","0","0%","0%"
"*06mhv*","Miguel Perez","(N/A)","LF,OF","7404","FA","20","100,000","A","0","0%","0%"
"*0503r*","Milkar Perez","(N/A)","1B","7405","FA","24","100,000","A","0","0%","0%"
"*064nj*","Nico Perez","LAD","2B","7406","FA","21","100,000","A","0","1%","0%"
"*063dr*","Onil Perez","SF","C","7407","FA","23","100,000","A","0","0%","0%"
"*060vw*","Railin Perez","HOU","RP","7408","FA","24","100,000","A","0","0%","0%"
"*0638i*","Reylin Perez","HOU","2B","7409","FA","21","100,000","A","0","0%","0%"
"*05r5d*","Rickardo Perez","(N/A)","1B","7410","FA","22","100,000","A","0","0%","0%"
"*061rg*","Robert Perez","(N/A)","LF,OF","7411","FA","22","100,000","A","0","0%","0%"
"*021wh*","Roberto Perez","(N/A)","C","7412","FA","37","100,000","A","0","0%","0%"
"*06qe4*","Roberto Perez","SEA","RP","7413","FA","22","100,000","A","0","0%","0%"
"*060w1*","Samuel Perez","(N/A)","RP","7414","FA","26","100,000","A","0","0%","0%"
"*06l0q*","Sebastian Perez","TB","SP","7415","FA","19","100,000","A","0","0%","0%"
"*06s3j*","Steven Perez","CLE","RP","7416","FA","25","100,000","A","0","0%","0%"
"*0778g*","Waner Perez","BAL","RP","7417","FA","20","100,000","A","0","0%","0%"
"*06ms4*","Yeri Perez","KC","RP","7418","FA","21","100,000","A","0","0%","0%"
"*06qhx*","Rafe Perich","TEX","3B","7419","FA","24","100,000","A","0","3%","+1%"
"*06htj*","Carlton Perkins","CHW","RP","7420","FA","23","100,000","A","0","0%","0%"
"*03xs7*","Yonathan Perlaza","(N/A)","RF,OF","7421","FA","27","100,000","A","0","0%","0%"
"*04n96*","Jose Peroza","(N/A)","3B","7422","FA","26","100,000","A","0","0%","0%"
"*060mh*","Vincent Perozo","NYM","C,1B","7423","FA","23","100,000","A","0","0%","0%"
"*06htp*","Darius Perry","(N/A)","C","7424","FA","25","100,000","A","0","0%","0%"
"*06hq0*","Kamdyn Perry","TEX","SP","7425","FA","20","100,000","A","0","0%","0%"
"*067xg*","Nolan Perry","TOR","SP","7426","FA","22","100,000","A","0","21%","0%"
"*06zck*","Tanner Perry","MIL","SP","7427","FA","23","100,000","A","0","0%","0%"
"*04o0b*","Fabian Pertuz","(N/A)","SS","7428","FA","25","100,000","A","0","0%","0%"
"*06qru*","Cole Peschl","MIN","SP","7429","FA","23","100,000","A","0","1%","0%"
"*06awo*","Leonardo Pestana","(N/A)","RP","7430","FA","27","100,000","A","0","0%","0%"
"*06mee*","Drew Pestka","CIN","RP","7431","FA","22","100,000","A","0","0%","0%"
"*06h04*","Connery Peters","(N/A)","SP","7432","FA","26","100,000","A","0","0%","0%"
"*06z3q*","Mason Peters","SEA","RP","7433","FA","22","100,000","A","0","5%","0%"
"*066lu*","Mathew Peters","(N/A)","RP","7434","FA","25","100,000","A","0","0%","0%"
"*06zcq*","Treyson Peters","PIT","RP","7435","FA","23","100,000","A","0","0%","0%"
"*06o08*","Sam Petersen","WSH","CF,OF","7436","FA","23","100,000","A","0","4%","0%"
"*061bn*","Austin Peterson","CLE","SP","7437","FA","26","100,000","A","0","2%","0%"
"*06r4n*","Beau Peterson","HOU","3B","7438","FA","18","100,000","A","0","0%","0%"
"*06qil*","Ben Peterson","SF","RP","7439","FA","24","100,000","A","0","0%","0%"
"*03114*","Dustin Peterson","(N/A)","LF,RF,OF","7440","FA","31","100,000","A","0","0%","0%"
"*06hnm*","Kai Peterson","WSH","RP","7441","FA","23","100,000","A","0","0%","0%"
"*05yc4*","Liam Peterson","CLE","SP","7442","FA","21","100,000","A","0","2%","0%"
"*0657r*","Nate Peterson","CIN","RP","7443","FA","26","100,000","A","0","0%","0%"
"*0515c*","Todd Peterson","(N/A)","RP","7444","FA","28","100,000","A","0","0%","0%"
"*060ui*","RJ Petit","COL","RP","7445","FA","26","100,000","A","0","1%","0%"
"*06tn9*","Jorger Petri","DET","RP","7446","FA","21","100,000","A","0","0%","0%"
"*06op1*","Ian Petrutz","STL","LF,RF,OF","7447","FA","23","100,000","A","0","0%","0%"
"*05yff*","Ethan Petry","WSH","LF,OF","7448","FA","22","100,000","A","0","11%","0%"
"*06hhi*","Ben Petschke","(N/A)","RP","7449","FA","24","100,000","A","0","0%","0%"
"*0669j*","Zion Pettigrew","(N/A)","3B","7450","FA","27","100,000","A","0","0%","0%"
"*077eo*","Luke Pettitte","NYY","DH,SP","7451","FA","21","100,000","A","0","0%","0%"
"*06zff*","Tyler Pettorini","PHI","2B,3B","7452","FA","23","100,000","A","0","0%","0%"
"*072bg*","Zane Petty","CLE","SP","7453","FA","22","100,000","A","0","0%","0%"
"*065nq*","Jake Pfennigs","(N/A)","RP","7455","FA","26","100,000","A","0","0%","0%"
"*06qim*","Cam Pferrer","(N/A)","RP","7456","FA","27","100,000","A","0","0%","0%"
"*06bkt*","Alex Pham","BAL","RP","7457","FA","26","100,000","A","0","1%","0%"
"*065jh*","Roman Phansalkar","(N/A)","RP","7458","FA","28","100,000","A","0","0%","0%"
"*072dq*","Robert Phelps","PHI","SS","7459","FA","22","100,000","A","0","0%","0%"
"*06mie*","Tre Phelps","PIT","RF,OF","7460","FA","22","100,000","A","0","0%","0%"
"*05125*","Beau Philip","TOR","SS","7461","FA","27","100,000","A","0","0%","0%"
"*05yma*","Cole Phillips","MIL","SP","7462","FA","23","100,000","A","0","2%","0%"
"*0657m*","Dylan Phillips","LAA","RP","7463","FA","27","100,000","A","0","0%","0%"
"*06utf*","Marcus Phillips","BOS","SP","7464","FA","21","100,000","A","0","10%","0%"
"*06zcp*","Trace Phillips","TB","SP","7465","FA","22","100,000","A","0","0%","0%"
"*06yjr*","Alex Philpott","(N/A)","RP","7466","FA","21","100,000","A","0","0%","0%"
"*05jqx*","Jackson Phipps","ATH","SP","7467","FA","24","100,000","A","0","0%","0%"
"*06z7i*","Tim Piasentin","TOR","3B","7468","FA","19","100,000","A","0","3%","0%"
"*06f1l*","Coleman Picard","KC","RP","7469","FA","24","100,000","A","0","0%","0%"
"*06ifg*","Bladimir Pichardo","(N/A)","RP","7470","FA","20","100,000","A","0","0%","0%"
"*06ulx*","Jank Pichardo","HOU","RP","7471","FA","21","100,000","A","0","0%","0%"
"*060qn*","Kervin Pichardo","WSH","3B,SS","7472","FA","24","100,000","A","0","0%","0%"
"*06exo*","Starlyn Pichardo","(N/A)","RP","7473","FA","22","100,000","A","0","0%","0%"
"*06zi5*","Cannon Pickell","MIA","RP","7474","FA","23","100,000","A","0","0%","0%"
"*06qht*","Ryan Picollo","SEA","RF,OF","7475","FA","24","100,000","A","0","0%","0%"
"*06v69*","Domenic Picone","STL","RP","7476","FA","25","100,000","A","0","0%","0%"
"*06kyu*","Carson Pierce","TOR","RP","7477","FA","24","100,000","A","0","0%","0%"
"*06se8*","Daniel Pierce","TB","SS","7478","FA","19","100,000","A","0","14%","0%"
"*06204*","Louis Pierre","(N/A)","RF,OF","7479","FA","21","100,000","A","0","0%","0%"
"*05rk6*","Mauricio Pierre","(N/A)","RF,OF","7480","FA","22","100,000","A","0","0%","0%"
"*070e9*","Mason Pike","(N/A)","SS","7481","FA","19","100,000","A","0","0%","0%"
"*06qx2*","Anderson Pilar","ATL","RP","7482","FA","28","100,000","A","0","0%","0%"
"*04muw*","Konnor Pilkington","WSH","RP","7483","FA","28","100,000","A","0","1%","0%"
"*06hp3*","Jeremy Pilon","TB","SP","7484","FA","20","100,000","A","0","0%","0%"
"*06v31*","Antonio Pimentel","PIT","LF,OF","7485","FA","20","100,000","A","0","0%","0%"
"*06hj5*","Brandon Pimentel","(N/A)","1B","7486","FA","26","100,000","A","0","0%","0%"
"*06v2o*","Luis Pimentel","CIN","RP","7487","FA","22","100,000","A","0","0%","0%"
"*04zv4*","Robinson Pina","(N/A)","RP","7488","FA","27","100,000","A","0","0%","0%"
"*06ru7*","Rudit Pina","(N/A)","SP","7489","FA","20","100,000","A","0","0%","0%"
"*066q6*","Darlin Pinales","ATH","RP","7490","FA","23","100,000","A","0","0%","0%"
"*064s2*","Enmanuel Pinales","SD","SP","7491","FA","25","100,000","A","0","0%","0%"
"*06ruk*","Yostin Pinales","ATL","SP","7492","FA","18","100,000","A","0","0%","0%"
"*06ru5*","Fidel Pinango","NYM","3B,RF,OF","7493","FA","19","100,000","A","0","0%","0%"
"*072ii*","Nicolo Pinazzi","LAA","RP","7494","FA","26","100,000","A","0","0%","0%"
"*06ek5*","Andrew Pinckney","WSH","LF,CF,RF,OF","7495","FA","25","100,000","A","0","2%","0%"
"*06qa3*","Rashawn Pinder","TEX","CF,OF","7496","FA","19","100,000","A","0","0%","0%"
"*06rh6*","Alen Pineda","(N/A)","C","7497","FA","21","100,000","A","0","0%","0%"
"*05ykv*","Esmith Pineda","CIN","RF,OF","7498","FA","21","100,000","A","0","1%","0%"
"*06rh5*","Euri Pineda","(N/A)","RP","7499","FA","20","100,000","A","0","0%","0%"
"*072qw*","Frandel Pineda","TEX","RP","7500","FA","17","100,000","A","0","1%","0%"
"*04b3d*","Israel Pineda","(N/A)","C","7501","FA","26","100,000","A","0","0%","0%"
"*0662k*","Jack Pineda","KC","SS","7502","FA","26","100,000","A","0","0%","0%"
"*060uv*","Leandro Pineda","WSH","RF,OF","7503","FA","24","100,000","A","0","0%","0%"
"*06ibs*","Leonardo Pineda","TB","CF,RF,OF","7504","FA","19","100,000","A","0","1%","0%"
"*066o3*","Luis Pineda","(N/A)","C","7505","FA","24","100,000","A","0","0%","0%"
"*05iyv*","Pedro Pineda","ATH","CF,OF","7506","FA","22","100,000","A","0","2%","0%"
"*06kxw*","Queni Pineda","NYY","C","7507","FA","19","100,000","A","0","0%","0%"
"*0765p*","Yeider Pineda","BOS","SP","7508","FA","17","100,000","A","0","0%","0%"
"*06k7x*","Aaron Pinero","TB","3B","7509","FA","19","100,000","A","0","0%","0%"
"*06qws*","Yander Pinero","ATL","RP","7510","FA","19","100,000","A","0","0%","0%"
"*05uob*","Luis Pino","STL","LF,RF,OF","7511","FA","22","100,000","A","0","0%","0%"
"*057n1*","Yassel Pino","(N/A)","1B","7512","FA","24","100,000","A","0","0%","0%"
"*0648a*","Andrew Pintar","MIA","CF,RF,OF","7513","FA","25","100,000","A","0","1%","0%"
"*05j6w*","Adrian Pinto","TOR","2B","7514","FA","23","100,000","A","0","1%","0%"
"*06mpv*","Avinson Pinto","BOS","SS","7515","FA","19","100,000","A","0","0%","0%"
"*05r16*","Jean Pinto","(N/A)","SP","7516","FA","25","100,000","A","0","0%","0%"
"*06k7u*","Jesus Pinto","DET","CF,OF","7517","FA","19","100,000","A","0","1%","0%"
"*06ru8*","Jose Pinto","(N/A)","SP","7518","FA","23","100,000","A","0","0%","0%"
"*05rh6*","Juan Pinto","SEA","SP","7519","FA","21","100,000","A","0","0%","0%"
"*06ooe*","Nick Pinto","CHW","SP","7520","FA","26","100,000","A","0","0%","0%"
"*040fw*","Rene Pinto","(N/A)","C","7521","FA","29","100,000","A","0","1%","0%"
"*03mol*","Ricardo Pinto","(N/A)","RP","7522","FA","32","100,000","A","0","0%","0%"
"*06ru6*","Santiago Pinto","DET","LF,OF","7523","FA","20","100,000","A","0","0%","0%"
"*072zi*","Alexandel Pio","PIT","SS","7524","FA","17","100,000","A","0","0%","0%"
"*072ho*","Gregory Pio","SEA","LF,CF,RF,OF","7525","FA","17","100,000","A","0","2%","0%"
"*06r0j*","Konner Piotto","(N/A)","C","7526","FA","28","100,000","A","0","0%","0%"
"*05y6t*","Kenny Piper","TB","C","7527","FA","28","100,000","A","0","0%","0%"
"*04ptv*","Dominic Pipkin","PIT","RP","7528","FA","26","100,000","A","0","0%","0%"
"*07774*","Daniel Pire","MIA","C","7529","FA","17","100,000","A","0","0%","0%"
"*06c35*","Jose Pirela","CLE","LF,CF,RF,OF","7530","FA","20","100,000","A","0","1%","0%"
"*064vw*","Yorvi Pirela","(N/A)","RP","7531","FA","21","100,000","A","0","0%","0%"
"*06fr0*","Dominic Pitelli","CIN","2B,SS","7532","FA","24","100,000","A","0","0%","0%"
"*06nua*","Emilien Pitre","TB","2B,SS","7533","FA","23","100,000","A","0","3%","0%"
"*06sbn*","Jose Pitre","ARI","CF,OF","7534","FA","18","100,000","A","0","0%","0%"
"*06ujn*","C.J. Pittaro","ATH","1B,LF,OF","7535","FA","24","100,000","A","0","0%","0%"
"*06zfm*","Eli Pitts","CIN","CF,OF","7536","FA","19","100,000","A","0","3%","0%"
"*06l5e*","Tyler Pitzer","(N/A)","SP","7537","FA","21","100,000","A","0","0%","0%"
"*056j6*","Adrian Placencia","LAA","2B","7538","FA","23","100,000","A","0","1%","0%"
"*05rjl*","Geovanny Planchart","TOR","C","7539","FA","24","100,000","A","0","0%","0%"
"*04z6j*","Alexfri Planez","(N/A)","CF,OF","7540","FA","24","100,000","A","0","0%","0%"
"*04pqg*","Michael Plassmeyer","SEA","RP","7541","FA","29","100,000","A","0","0%","0%"
"*0622o*","Axiel Plaz","PIT","C","7542","FA","20","100,000","A","0","4%","0%"
"*041wu*","Zach Plesac","(N/A)","SP","7543","FA","31","100,000","A","0","0%","0%"
"*06qx8*","Chase Plymell","CHW","RP","7544","FA","28","100,000","A","0","0%","0%"
"*02mz1*","Colin Poche","(N/A)","RP","7545","FA","32","100,000","A","0","0%","0%"
"*04psi*","Nick Podkul","(N/A)","3B","7546","FA","29","100,000","A","0","0%","0%"
"*06zh6*","Andrew Pogue","DET","RP","7547","FA","25","100,000","A","0","0%","0%"
"*06r7s*","Marcos Pol","(N/A)","SP","7548","FA","21","100,000","A","0","0%","0%"
"*066o1*","Albert Polanco","MIA","RP","7549","FA","21","100,000","A","0","0%","0%"
"*06qo5*","Andy Polanco","SF","CF,OF","7550","FA","21","100,000","A","0","0%","0%"
"*06tma*","Brandison Polanco","(N/A)","RP","7551","FA","23","100,000","A","0","0%","0%"
"*06tmb*","Brayan Polanco","(N/A)","RP","7552","FA","21","100,000","A","0","0%","0%"
"*060go*","Bryan Polanco","WSH","SP","7553","FA","24","100,000","A","0","0%","0%"
"*06r9c*","Cristopher Polanco","TOR","SS","7554","FA","18","100,000","A","0","2%","0%"
"*06tme*","Dariel Polanco","SD","RP","7555","FA","20","100,000","A","0","0%","0%"
"*072hj*","Eybersson Polanco","LAA","RP","7556","FA","22","100,000","A","0","0%","0%"
"*06r33*","Julio Polanco","(N/A)","RP","7557","FA","19","100,000","A","0","0%","0%"
"*076gp*","Martires Polanco","ATL","SP","7558","FA","19","100,000","A","0","0%","0%"
"*06tmd*","Moises Polanco","MIL","2B","7559","FA","19","100,000","A","0","0%","0%"
"*066s7*","Narciso Polanco","TB","2B,3B","7560","FA","21","100,000","A","0","0%","0%"
"*06tmc*","Natanael Polanco","MIA","RP","7561","FA","23","100,000","A","0","0%","0%"
"*05g4c*","Ronny Polanco","(N/A)","3B","7562","FA","22","100,000","A","0","0%","0%"
"*05kel*","Shalin Polanco","PIT","LF,CF,RF,OF","7563","FA","22","100,000","A","0","1%","0%"
"*05lnl*","Kaden Polcovich","(N/A)","CF,OF","7564","FA","27","100,000","A","0","0%","0%"
"*0648b*","Chandler Pollard","TEX","SS","7565","FA","22","100,000","A","0","0%","0%"
"*06nyu*","Davis Polo","ATL","SP","7566","FA","21","100,000","A","0","0%","0%"
"*04ru8*","Jairo Pomares","(N/A)","LF,RF,OF","7567","FA","25","100,000","A","0","1%","0%"
"*06ktr*","TJ Pompey","(N/A)","SS","7568","FA","21","100,000","A","0","0%","0%"
"*06mpk*","Eduardo Ponce","SEA","C","7569","FA","19","100,000","A","0","0%","0%"
"*06rnh*","Isaac Ponce","SD","C","7570","FA","19","100,000","A","0","0%","0%"
"*066jf*","Blaze Pontes","ATH","RP","7571","FA","26","100,000","A","0","0%","0%"
"*04pvy*","Thomas Ponticelli","(N/A)","RP","7572","FA","29","100,000","A","0","0%","0%"
"*074vu*","Tom Poole","TB","CF,OF","7573","FA","23","100,000","A","0","0%","0%"
"*06qut*","Trey Pooser","STL","SP","7574","FA","24","100,000","A","0","0%","0%"
"*051bb*","Austin Pope","(N/A)","RP","7575","FA","27","100,000","A","0","0%","0%"
"*0626s*","Bryan Pope","(N/A)","SP","7576","FA","27","100,000","A","0","0%","0%"
"*06z3r*","Broedy Poppell","SF","C,RF,OF","7577","FA","24","100,000","A","0","0%","0%"
"*0422f*","Sean Poppen","(N/A)","RP","7578","FA","32","100,000","A","0","0%","0%"
"*06z0o*","Robby Porco","LAD","RP","7579","FA","22","100,000","A","0","0%","0%"
"*06rto*","Danny Portel","NYM","RP","7580","FA","21","100,000","A","0","0%","0%"
"*05u6h*","Brock Porter","TEX","RP","7581","Brenden","23","500,000","A","0","11%","0%"
"*06drr*","Edgar Portes","BAL","RP","7582","FA","23","100,000","A","0","0%","0%"
"*06m9q*","Ovis Portes","CIN","RP","7583","FA","21","100,000","A","0","0%","0%"
"*06v27*","Yeferson Portolatin","STL","2B","7584","FA","18","100,000","A","0","0%","0%"
"*06mdb*","Leuris Portorreal","WSH","SP","7585","FA","20","100,000","A","0","0%","0%"
"*06v60*","Roilan Portuondo","PIT","RP","7586","FA","27","100,000","A","0","0%","0%"
"*06uxh*","Owen Pote","CIN","SP","7587","FA","20","100,000","A","0","0%","0%"
"*02b2k*","Cody Poteet","(N/A)","SP","7588","FA","31","100,000","A","0","0%","0%"
"*070d1*","Logan Poteet","CHC","C","7589","FA","22","100,000","A","0","0%","0%"
"*072dp*","Matt Potok","PHI","RP","7590","FA","23","100,000","A","0","0%","0%"
"*06zfo*","Nick Potter","HOU","RP","7591","FA","22","100,000","A","0","1%","0%"
"*061t0*","Nikau Pouaka-Grego","PHI","2B","7592","FA","21","100,000","A","0","1%","0%"
"*06pq6*","Caden Powell","HOU","3B,SS","7593","FA","22","100,000","A","0","1%","0%"
"*05jqt*","Holden Powell","WSH","RP","7594","FA","26","100,000","A","0","1%","0%"
"*06qj9*","Peyton Powell","(N/A)","1B,LF,OF","7595","FA","25","100,000","A","0","0%","0%"
"*06421*","Walker Powell","(N/A)","SP","7596","FA","30","100,000","A","0","0%","0%"
"*060qs*","Miguel Pozo","(N/A)","SP","7597","FA","24","100,000","A","0","0%","0%"
"*06r48*","Abis Prado","(N/A)","RP","7598","FA","19","100,000","A","0","0%","0%"
"*066o2*","Arnold Prado","(N/A)","LF,RF,OF","7599","FA","21","100,000","A","0","0%","0%"
"*051wn*","Elio Prado","(N/A)","CF,OF","7600","FA","24","100,000","A","0","0%","0%"
"*06fu6*","Eric Prado","MIL","SP","7601","FA","20","100,000","A","0","0%","0%"
"*06rl0*","Santiago Prado","(N/A)","2B","7602","FA","19","100,000","A","0","0%","0%"
"*06kwo*","Ryan Prager","CLE","SP","7603","FA","23","100,000","A","0","0%","0%"
"*0515d*","Anthony Prato","(N/A)","2B,LF,OF","7604","FA","28","100,000","A","0","0%","0%"
"*06dqa*","Karniel Pratt","(N/A)","LF,OF","7605","FA","21","100,000","A","0","0%","0%"
"*04b08*","Nick Pratto","SD","1B","7606","FA","27","100,000","A","0","1%","0%"
"*05y0z*","Sam Praytor","(N/A)","C","7607","FA","27","100,000","A","0","0%","0%"
"*056j2*","Reginald Preciado","CHC","3B","7608","FA","23","100,000","A","0","2%","0%"
"*06gje*","Christian Pregent","(N/A)","C","7609","FA","25","100,000","A","0","0%","0%"
"*06jh2*","Jesus Premoli","(N/A)","3B","7610","FA","19","100,000","A","0","0%","0%"
"*06ytx*","Sandy Presbot","MIA","CF,OF","7611","FA","18","100,000","A","0","0%","0%"
"*06zfq*","Peyton Prescott","NYM","RP","7612","FA","22","100,000","A","0","0%","0%"
"*06cge*","Yimi Presinal","KC","RP","7613","FA","21","100,000","A","0","0%","0%"
"*06qom*","Dawson Price","DET","RP","7614","FA","21","100,000","A","0","0%","0%"
"*065v9*","Patrick Pridgen","(N/A)","RP","7615","FA","27","100,000","A","0","0%","0%"
"*0519s*","Micah Pries","(N/A)","1B","7616","FA","28","100,000","A","0","0%","0%"
"*050vn*","Quinn Priester","MIL","SP","7617","FA","25","100,000","A","0","47%","-1%"
"*06yyn*","Franklin Primera","BOS","C","7618","FA","19","100,000","A","0","12%","0%"
"*077bt*","Luciano Prince","CHC","SP","7619","FA","17","100,000","A","0","0%","0%"
"*06c3l*","Connor Prins","(N/A)","SP","7620","FA","22","100,000","A","0","0%","0%"
"*06hus*","William Privette","TEX","RP","7621","FA","24","100,000","A","0","0%","0%"
"*06kkl*","Jurdrick Profar","CHW","2B","7622","FA","19","100,000","A","0","0%","0%"
"*01spl*","Jurickson Profar","ATL","LF,OF","7623","FA","33","100,000","A","0","13%","0%"
"*070c2*","Owen Proksch","TEX","RP","7624","FA","22","100,000","A","0","0%","0%"
"*0633d*","Michael Prosecky","COL","SP","7625","FA","25","100,000","A","0","1%","0%"
"*075xs*","Cole Prosek","CHW","3B","7626","FA","19","100,000","A","0","0%","0%"
"*072do*","Jacob Pruitt","PHI","RP","7627","FA","22","100,000","A","0","0%","0%"
"*04n1d*","Robert Puason","ATH","RP","7628","FA","23","100,000","A","0","2%","0%"
"*0741n*","Sebastian Puche","CLE","C","7629","FA","17","100,000","A","0","0%","0%"
"*041pt*","A.J. Puckett","(N/A)","RP","7630","FA","31","100,000","A","0","0%","0%"
"*06rjr*","Luis Puello","NYY","RF,OF","7631","FA","20","100,000","A","0","0%","0%"
"*05yl5*","Jorge Puerta","(N/A)","C","7632","FA","24","100,000","A","0","0%","0%"
"*06ic8*","Oscar Pujols","COL","RP","7633","FA","19","100,000","A","0","1%","0%"
"*03yso*","A.J. Puk","ARI","RP","7634","ELLY","31","500,000","A","0","17%","0%"
"*06zbd*","Owen Puk","WSH","RP","7635","FA","23","100,000","A","0","0%","0%"
"*073vj*","Danyony Pulido","PHI","RP","7636","FA","23","100,000","A","0","0%","0%"
"*076cm*","Jorwin Pulido","ATL","C","7637","FA","17","100,000","A","0","0%","0%"
"*06v2n*","Sebastian Pulido","(N/A)","RP","7638","FA","20","100,000","A","0","0%","0%"
"*074ci*","Ricardo Pulles","LAD","C","7639","FA","17","100,000","A","0","0%","0%"
"*06r87*","Andrew Purdy","(N/A)","3B","7640","FA","20","100,000","A","0","0%","0%"
"*060uc*","Jarren Purify","(N/A)","SS","7641","FA","20","100,000","A","0","0%","0%"
"*062e1*","Blake Purnell","TOR","RP","7642","FA","24","100,000","A","0","0%","0%"
"*072fy*","Nick Putnam","LAD","RP","7643","FA","23","100,000","A","0","0%","0%"
"*062eb*","Josh Pyne","(N/A)","3B","7644","FA","24","100,000","A","0","0%","0%"
"*0657d*","Zack Qin","SD","RP","7646","FA","21","100,000","A","0","1%","0%"
"*048vs*","Juniel Querecuto","(N/A)","3B","7647","FA","33","100,000","A","0","0%","0%"
"*06het*","Luis Quesada","HOU","RF,OF","7648","FA","21","100,000","A","0","0%","0%"
"*06f0w*","Dylan Questad","MIN","RP","7649","FA","21","100,000","A","0","1%","0%"
"*04es2*","Andrew Quezada","(N/A)","SP","7650","FA","29","100,000","A","0","0%","0%"
"*06kgm*","Joshua Quezada","MIL","RP","7651","FA","22","100,000","A","0","0%","0%"
"*067zn*","Junior Quezada","(N/A)","CF,OF","7652","FA","21","100,000","A","0","0%","0%"
"*06mpw*","Yunior Quezada","LAD","CF,OF","7653","FA","20","100,000","A","0","0%","0%"
"*06rrl*","Riley Quick","MIN","SP","7654","Steve","22","500,000","A","0","18%","0%"
"*06qk8*","Stephen Quigley","CIN","RP","7655","FA","26","100,000","A","0","0%","0%"
"*04k0x*","Jose Quijada","(N/A)","RP","7656","FA","30","100,000","A","0","0%","0%"
"*06qsz*","Braden Quinn","(N/A)","SP","7657","FA","23","100,000","A","0","0%","0%"
"*06ybe*","JT Quinn","BAL","RP","7658","FA","22","100,000","A","0","11%","0%"
"*06vxv*","James Quinn-Irons","TB","RF,OF","7659","FA","22","100,000","A","0","4%","0%"
"*05u31*","Luis Quinones","MIN","SP","7660","FA","29","100,000","A","0","0%","0%"
"*06p5o*","Josueth Quinonez","DET","CF,OF","7661","FA","19","100,000","A","0","0%","0%"
"*05ylq*","Adrian Quintana","SEA","RP","7662","FA","23","100,000","A","0","0%","0%"
"*06ibm*","Jorge Quintana","SD","SS","7663","FA","19","100,000","A","0","3%","0%"
"*06r1s*","Marlon Quintana","PIT","SP","7664","FA","20","100,000","A","0","0%","0%"
"*06igh*","Roiner Quintana","HOU","2B,RF,OF","7665","FA","21","100,000","A","0","0%","0%"
"*05aom*","Roismar Quintana","(N/A)","RF,OF","7666","FA","23","100,000","A","0","0%","0%"
"*06uq1*","Yulian Quintana","PIT","RP","7667","FA","26","100,000","A","0","0%","0%"
"*06nu8*","Cesar Quintas","SEA","1B,LF,RF,OF","7668","FA","23","100,000","A","0","0%","0%"
"*06c79*","Eduardo Quintero","LAD","CF,RF,OF","7669","ELLY","20","500,000","A","0","46%","0%"
"*061ye*","Geraldo Quintero","ATL","LF,OF","7670","FA","24","100,000","A","0","1%","0%"
"*06tsw*","Marlon Quintero","LAA","C","7671","FA","19","100,000","A","0","0%","0%"
"*06mmy*","Alexi Quiroz","HOU","C","7672","FA","19","100,000","A","0","0%","0%"
"*06s38*","Christopher Quiroz","SEA","SP","7673","FA","18","100,000","A","0","0%","0%"
"*04m7n*","Esteban Quiroz","(N/A)","2B","7674","FA","34","100,000","A","0","0%","0%"
"*062h6*","Nelson Quiroz","LAD","C","7675","FA","24","100,000","A","0","0%","0%"
"*076qt*","Taylor Rabe","KC","SP","7676","FA","21","100,000","A","0","0%","0%"
"*05yib*","Nelson Rada","LAA","CF,OF","7677","Ethan","20","500,000","A","0","18%","0%"
"*05lg5*","Baron Radcliff","(N/A)","1B,LF,CF,RF,OF","7678","FA","27","100,000","A","0","0%","0%"
"*0741o*","Jack Radel","HOU","SP","7679","FA","21","100,000","A","0","0%","0%"
"*06u6c*","Shane Rademacher","SF","SP","7680","FA","25","100,000","A","0","0%","0%"
"*06hyp*","Adriel Radney","ARI","RF,OF","7681","FA","19","100,000","A","0","2%","0%"
"*066dj*","Stefan Raeth","(N/A)","RP","7682","FA","25","100,000","A","0","0%","0%"
"*073sj*","Cord Rager","(N/A)","SP","7683","FA","19","100,000","A","0","0%","0%"
"*06r72*","Blake Ragsdale","(N/A)","SS","7684","FA","17","100,000","A","0","0%","0%"
"*05lg4*","Carson Ragsdale","(N/A)","RP","7685","FA","28","100,000","A","0","0%","0%"
"*06zi7*","Josiah Ragsdale","MIL","CF,OF","7686","FA","22","100,000","A","0","7%","+1%"
"*05yai*","Bryce Rainer","DET","SS","7687","Max","21","500,000","A","0","44%","0%"
"*03pp7*","Tanner Rainey","DET","RP","7688","FA","33","100,000","A","0","0%","0%"
"*0515j*","Jack Ralston","MIA","RP","7689","FA","28","100,000","A","0","0%","0%"
"*066jw*","Blake Rambusch","SEA","2B,LF,OF","7690","FA","26","100,000","A","0","0%","0%"
"*06qx1*","Felix Ramires","(N/A)","RP","7691","FA","26","100,000","A","0","0%","0%"
"*06ax7*","Abrahan Ramirez","MIA","2B,3B","7692","FA","21","100,000","A","0","1%","0%"
"*05aap*","Adolfo Ramirez","(N/A)","RP","7693","FA","27","100,000","A","0","0%","0%"
"*04z9g*","Aldo Ramirez","(N/A)","RP","7694","FA","25","100,000","A","0","0%","0%"
"*0526a*","Alex Ramirez","CHC","RF,OF","7695","FA","23","100,000","A","0","1%","0%"
"*04yd0*","Alexander Ramirez","(N/A)","LF,OF","7696","FA","23","100,000","A","0","1%","0%"
"*06kvi*","Amauri Ramirez","HOU","RF,OF","7697","FA","19","100,000","A","0","0%","0%"
"*070dn*","Angel Ramirez","KC","LF,OF","7698","FA","21","100,000","A","0","0%","0%"
"*073af*","Angel Ramirez","WSH","CF,OF","7699","FA","17","100,000","A","0","0%","0%"
"*0761a*","Chaily Ramirez","CHC","RP","7700","FA","21","100,000","A","0","0%","0%"
"*076a8*","Chris Ramirez","(N/A)","SS","7701","FA","20","100,000","A","0","0%","0%"
"*072f7*","Cleiner Ramirez","NYM","CF,OF","7702","FA","17","100,000","A","0","2%","0%"
"*077cl*","Edwin Ramirez","PHI","LF,OF","7703","FA","18","100,000","A","0","0%","0%"
"*03zxg*","Emmanuel Ramirez","(N/A)","SP","7704","FA","32","100,000","A","0","0%","0%"
"*05y5t*","Enmanuel Ramirez","(N/A)","RF,OF","7705","FA","22","100,000","A","0","0%","0%"
"*02cch*","Erasmo Ramirez","(N/A)","RP","7706","FA","36","100,000","A","0","0%","0%"
"*06asu*","German Ramirez","HOU","3B,SS","7707","FA","19","100,000","A","0","0%","0%"
"*0776s*","Gilbert Ramirez","PIT","C","7708","FA","17","100,000","A","0","0%","0%"
"*074dv*","Hanley Ramirez","PIT","CF,OF","7709","FA","19","100,000","A","0","0%","0%"
"*02i3m*","Harold Ramirez","(N/A)","DH","7710","FA","31","100,000","A","0","0%","0%"
"*06kln*","Irwin Ramirez","PIT","SP","7711","FA","19","100,000","A","0","0%","0%"
"*063gl*","Jawilme Ramirez","STL","RP","7712","FA","24","100,000","A","0","0%","0%"
"*05y50*","Jean Ramirez","(N/A)","RF,OF","7713","FA","25","100,000","A","0","0%","0%"
"*07691*","Jeury Ramirez","CHC","LF,OF","7714","FA","18","100,000","A","0","0%","0%"
"*06rn6*","Jorge Ramirez","(N/A)","C","7715","FA","20","100,000","A","0","0%","0%"
"*06qx9*","Jose Ramirez","(N/A)","RP","7716","FA","25","100,000","A","0","0%","0%"
"*06rse*","Jose Ramirez","DET","RF,OF","7717","FA","18","100,000","A","0","0%","0%"
"*067zl*","Josias Ramirez","CHC","1B","7718","FA","21","100,000","A","0","0%","0%"
"*0731j*","Joskairo Ramirez","BOS","LF,OF","7719","FA","17","100,000","A","0","1%","0%"
"*06bpw*","Keiverson Ramirez","STL","SP","7720","FA","21","100,000","A","0","0%","0%"
"*05r6e*","Kelvin Ramirez","LAD","RP","7721","FA","25","100,000","A","0","0%","0%"
"*068nf*","Lucas Ramirez","LAA","RF,OF","7722","FA","20","100,000","A","0","6%","0%"
"*05zy9*","Luis Ramirez","TEX","RP","7723","FA","25","100,000","A","0","0%","0%"
"*06k80*","Manni Ramirez","TEX","RF,OF","7724","FA","19","100,000","A","0","0%","0%"
"*05ux7*","Micael Ramirez","(N/A)","C","7725","FA","27","100,000","A","0","0%","0%"
"*0764f*","Michael Ramirez","LAD","RP","7726","FA","21","100,000","A","0","0%","0%"
"*026mp*","Nick Ramirez","(N/A)","RP","7727","FA","36","100,000","A","0","0%","0%"
"*0737t*","Osiris Ramirez","MIL","SS","7728","FA","17","100,000","A","0","1%","0%"
"*061zl*","Rafael Ramirez","WSH","2B","7729","FA","20","100,000","A","0","0%","0%"
"*066rd*","Rafael Ramirez","(N/A)","2B","7730","FA","21","100,000","A","0","0%","0%"
"*06cn0*","Ramon Ramirez","KC","C","7731","FA","21","100,000","A","0","5%","0%"
"*06gxb*","Raynier Ramirez","(N/A)","3B","7732","FA","21","100,000","A","0","0%","0%"
"*06ma4*","Richard Ramirez","PIT","C,1B","7733","FA","21","100,000","A","0","0%","0%"
"*072qx*","Roderic Ramirez","CHW","RP","7734","FA","17","100,000","A","0","0%","0%"
"*06owd*","Ronald Ramirez","DET","2B","7735","FA","19","100,000","A","0","0%","0%"
"*06v2m*","Ruben Ramirez","SEA","RP","7736","FA","21","100,000","A","0","0%","0%"
"*073t7*","Santiago Ramirez","TEX","C","7737","FA","17","100,000","A","0","0%","0%"
"*06ump*","Wanmer Ramirez","(N/A)","RP","7738","FA","22","100,000","A","0","0%","0%"
"*06ro3*","Yeuri Ramirez","DET","SP","7739","FA","18","100,000","A","0","0%","0%"
"*06zaq*","Randy Ramnarace","KC","RP","7740","FA","21","100,000","A","0","0%","0%"
"*06xzw*","Dariel Ramon","TOR","3B,SS","7741","FA","20","100,000","A","0","0%","0%"
"*06lvo*","Eriandys Ramon","CHC","SS","7742","FA","23","100,000","A","0","0%","0%"
"*06uv9*","Albert Ramos","DET","SP","7743","FA","20","100,000","A","0","0%","0%"
"*06qk0*","Alex Ramos","BAL","SP","7744","FA","19","100,000","A","0","0%","0%"
"*06v2l*","Anderson Ramos","MIN","RP","7745","FA","20","100,000","A","0","0%","0%"
"*059bs*","Bryan Ramos","BAL","3B","7746","FA","24","100,000","A","0","5%","0%"
"*072ip*","Efrailin Ramos","TB","SP","7747","FA","20","100,000","A","0","0%","0%"
"*0763r*","Emilio Ramos","CHC","RP","7748","FA","20","100,000","A","0","0%","0%"
"*05ybm*","Eury Ramos","(N/A)","RP","7749","FA","28","100,000","A","0","0%","0%"
"*06umo*","Fernando Ramos","(N/A)","RP","7750","FA","23","100,000","A","0","0%","0%"
"*06rnt*","Hector Ramos","BOS","SS","7751","FA","18","100,000","A","0","1%","0%"
"*05yho*","Henry Ramos","KC","RF,OF","7752","FA","21","100,000","A","0","0%","0%"
"*066f5*","Javier Ramos","(N/A)","SP","7753","FA","26","100,000","A","0","0%","0%"
"*050vp*","Jose Ramos","NYM","LF,CF,RF,OF","7754","FA","25","100,000","A","0","4%","0%"
"*06ick*","Jose Ramos","ATH","CF,OF","7755","FA","19","100,000","A","0","0%","0%"
"*06uhe*","Jose Ramos","SF","2B","7756","FA","23","100,000","A","0","0%","0%"
"*060ot*","Lenerd Ramos","(N/A)","RP","7757","FA","22","100,000","A","0","0%","0%"
"*06uma*","Porfirio Ramos","HOU","RP","7758","FA","22","100,000","A","0","0%","0%"
"*06akz*","Raylin Ramos","BAL","LF,CF,RF,OF","7759","FA","21","100,000","A","0","0%","0%"
"*06umn*","Renil Ramos","CLE","RP","7760","FA","20","100,000","A","0","0%","0%"
"*06sc0*","Reynell Ramos","KC","SP","7761","FA","19","100,000","A","0","0%","0%"
"*06r2n*","Santiago Ramos","(N/A)","C","7762","FA","19","100,000","A","0","0%","0%"
"*06kxk*","Yaisel Ramos","(N/A)","CF,OF","7763","FA","23","100,000","A","0","0%","0%"
"*04q57*","Lane Ramsey","(N/A)","RP","7764","FA","30","100,000","A","0","0%","0%"
"*061a6*","Ryan Ramsey","KC","SP","7765","FA","25","100,000","A","0","0%","0%"
"*06nuh*","Josh Randall","WSH","SP","7766","FA","23","100,000","A","0","1%","0%"
"*06yxg*","Jonathan Rangel","MIL","1B","7767","FA","19","100,000","A","0","0%","0%"
"*06mwa*","Trey Rangel","(N/A)","SP","7768","FA","19","100,000","A","0","0%","0%"
"*05yf5*","Nick Raposo","SEA","C","7769","FA","28","100,000","A","0","0%","0%"
"*066fs*","Shawn Rapp","(N/A)","SP","7770","FA","26","100,000","A","0","0%","0%"
"*05y2i*","Tyler Ras","CHC","RP","7771","FA","26","100,000","A","0","0%","0%"
"*051ao*","Bodi Rascon","(N/A)","RP","7772","FA","25","100,000","A","0","0%","0%"
"*06z0u*","Carter Rasmussen","BOS","RP","7773","FA","22","100,000","A","0","0%","0%"
"*06zau*","Connor Rasmussen","KC","2B","7774","FA","22","100,000","A","0","0%","0%"
"*06qr3*","Eric Rataczak","(N/A)","RF,OF","7775","FA","25","100,000","A","0","0%","0%"
"*05rds*","Luis Ravelo","(N/A)","SS","7776","FA","22","100,000","A","0","0%","0%"
"*02hhz*","Rangel Ravelo","(N/A)","1B","7777","FA","34","100,000","A","0","0%","0%"
"*062e2*","Dylan Ray","ARI","SP","7778","FA","25","100,000","A","0","1%","0%"
"*05yoc*","Johnny Ray","(N/A)","SP","7779","FA","27","100,000","A","0","0%","0%"
"*06z06*","Cole Raymond","LAA","SP","7780","FA","19","100,000","A","0","0%","0%"
"*05unz*","Elian Rayo","(N/A)","3B","7781","FA","23","100,000","A","0","0%","0%"
"*06ftu*","Oscar Rayo","KC","RP","7782","FA","24","100,000","A","0","0%","0%"
"*06k7o*","Tanner Reaves","(N/A)","2B","7783","FA","23","100,000","A","0","0%","0%"
"*074a5*","Ambeiro Recio","SEA","CF,OF","7784","FA","17","100,000","A","0","0%","0%"
"*05ude*","Ryan Reckley","SF","2B,RF,OF","7785","FA","21","100,000","A","0","1%","0%"
"*05y2g*","Joe Record","(N/A)","RP","7786","FA","31","100,000","A","0","0%","0%"
"*076uy*","Aidan Redahan","COL","1B","7787","FA","24","100,000","A","0","0%","0%"
"*0730d*","Logan Reddemann","COL","2B,CF,OF","7788","FA","21","100,000","A","0","1%","0%"
"*06dqt*","Joe Redfield","(N/A)","LF,OF","7789","FA","24","100,000","A","0","0%","0%"
"*06qok*","Zachary Redner","LAA","RP","7790","FA","21","100,000","A","0","0%","0%"
"*06uq0*","Iker Redona","CIN","SP","7791","FA","18","100,000","A","0","1%","0%"
"*06hvy*","Carlson Reed","PIT","SP","7792","FA","23","100,000","A","0","2%","0%"
"*03yk5*","Michael Reed","(N/A)","LF,CF,RF,OF","7793","FA","31","100,000","A","0","0%","0%"
"*072ei*","Ryan Reed","SD","SP","7794","FA","22","100,000","A","0","0%","0%"
"*05rb6*","Tyree Reed","(N/A)","LF,OF","7795","FA","23","100,000","A","0","0%","0%"
"*072ej*","Canon Reeder","PIT","CF,OF","7796","FA","23","100,000","A","0","0%","0%"
"*04y7y*","Jackson Rees","(N/A)","SP","7797","FA","31","100,000","A","0","0%","0%"
"*06r7c*","Ace Reese","SEA","LF,OF","7798","FA","21","100,000","A","0","2%","0%"
"*03dan*","Jakson Reetz","SEA","C","7799","FA","30","100,000","A","0","0%","0%"
"*0664u*","Nicholas Regalado","(N/A)","RP","7800","FA","24","100,000","A","0","0%","0%"
"*074ph*","Cristian Rego","PHI","SP","7801","FA","17","100,000","A","0","0%","0%"
"*06rua*","Dominick Reid","CHC","SP","7802","FA","22","100,000","A","0","1%","0%"
"*06qry*","Rocco Reid","ARI","RP","7803","FA","23","100,000","A","0","0%","0%"
"*03d7a*","Sean Reid-Foley","(N/A)","RP","7804","FA","30","100,000","A","0","0%","0%"
"*05y0r*","Evan Reifert","TB","RP","7805","FA","27","100,000","A","0","2%","0%"
"*05jpm*","Patrick Reilly","BAL","SP","7806","FA","24","100,000","A","0","1%","0%"
"*065iv*","Vince Reilly","CHC","RP","7807","FA","25","100,000","A","0","0%","0%"
"*06481*","Jacob Reimer","NYM","3B","7808","R&J","22","500,000","A","0","25%","0%"
"*031b6*","Jack Reinheimer","(N/A)","SS","7809","FA","33","100,000","A","0","0%","0%"
"*076st*","Jake Reinisch","ATH","RF,OF","7810","FA","24","100,000","A","0","0%","0%"
"*0665t*","Livan Reinoso","MIA","RP","7811","FA","27","100,000","A","0","0%","0%"
"*0731m*","Svert Reinoso","CLE","SS","7812","FA","17","100,000","A","0","1%","0%"
"*0731p*","Wilber Reinoso","CLE","SS","7813","FA","17","100,000","A","0","0%","0%"
"*06gim*","Tom Reisinger","(N/A)","RP","7814","FA","25","100,000","A","0","0%","0%"
"*06z7m*","Jason Reitz","MIN","SP","7815","FA","21","100,000","A","0","1%","0%"
"*06uw6*","Chris Rembert","PIT","2B","7816","FA","21","100,000","A","0","0%","0%"
"*041va*","Zach Remillard","(N/A)","3B","7817","FA","32","100,000","A","0","0%","0%"
"*06qqw*","Jacob Remily","CLE","SP","7818","FA","20","100,000","A","0","0%","0%"
"*01tt9*","Anthony Rendon","LAA","3B","7819","FA","36","100,000","A","0","1%","0%"
"*03022*","Hunter Renfroe","KC","RF,OF","7820","FA","34","100,000","A","0","1%","0%"
"*06zi6*","Chase Renner","MIA","RP","7821","FA","22","100,000","A","0","0%","0%"
"*0724c*","Francisco Renteria","PHI","CF,OF","7822","Zack","17","500,000","A","0","29%","0%"
"*06qp3*","Tyler Renz","MIL","SP","7823","FA","19","100,000","A","0","1%","0%"
"*06pp3*","Carlos Renzullo","COL","LF,OF","7824","FA","19","100,000","A","0","0%","0%"
"*06rhd*","Alexander Requena","MIA","C","7825","FA","20","100,000","A","0","0%","0%"
"*06qgz*","Angel Requena","WSH","1B","7826","FA","19","100,000","A","0","0%","0%"
"*075xi*","Jose Requena","ARI","CF,OF","7827","FA","17","100,000","A","0","0%","0%"
"*06r4t*","Drew Rerick","(N/A)","SP","7828","FA","20","100,000","A","0","0%","0%"
"*04ofm*","Bladimir Restituyo","(N/A)","LF,RF,OF","7829","FA","25","100,000","A","0","0%","0%"
"*066lk*","Adam Retzbach","BAL","C,1B","7830","FA","25","100,000","A","0","0%","0%"
"*06o0s*","Peson Revierre","(N/A)","LF,OF","7831","FA","19","100,000","A","0","0%","0%"
"*06z3s*","Dusty Revis","CIN","SP","7832","FA","22","100,000","A","0","0%","0%"
"*06hpw*","Carlos Rey","ARI","RP","7833","FA","24","100,000","A","0","0%","0%"
"*0776p*","Adonanfer Reyes","LAA","RF,OF","7834","FA","17","100,000","A","0","0%","0%"
"*06umu*","Alan Reyes","STL","RP","7835","FA","22","100,000","A","0","0%","0%"
"*075kz*","Anfernny Reyes","MIL","RP","7836","FA","22","100,000","A","0","0%","0%"
"*06qyt*","Angel Reyes","(N/A)","SP","7837","FA","28","100,000","A","0","0%","0%"
"*05j8x*","Carlo Reyes","(N/A)","SP","7838","FA","28","100,000","A","0","0%","0%"
"*06kxy*","Christofer Reyes","NYY","2B","7839","FA","18","100,000","A","0","0%","0%"
"*06k7y*","Dalvinson Reyes","BOS","SP","7840","FA","19","100,000","A","0","1%","0%"
"*040fv*","Denyi Reyes","(N/A)","SP","7841","FA","29","100,000","A","0","0%","0%"
"*0776z*","Elian Reyes","TOR","RF,OF","7842","FA","17","100,000","A","0","0%","0%"
"*06mf9*","Elvis Reyes","(N/A)","RP","7843","FA","23","100,000","A","0","0%","0%"
"*0663r*","Emmanuel Reyes","KC","SP","7844","FA","22","100,000","A","0","1%","0%"
"*06qy4*","Endry Reyes","TOR","1B","7845","FA","19","100,000","A","0","0%","0%"
"*02i3z*","Franmil Reyes","(N/A)","LF,OF","7846","FA","31","100,000","A","0","0%","0%"
"*06nr9*","Franyerson Reyes","DET","SP","7847","FA","19","100,000","A","0","0%","0%"
"*060og*","Gabriel Reyes","DET","SP","7848","FA","23","100,000","A","0","0%","0%"
"*03mm1*","Gerardo Reyes","(N/A)","RP","7849","FA","33","100,000","A","0","0%","0%"
"*06y1k*","Howard Reyes","DET","C","7850","FA","18","100,000","A","0","0%","0%"
"*06qkh*","Jan Luis Reyes","CHC","LF,RF,OF","7851","FA","20","100,000","A","0","0%","0%"
"*06tl7*","Jean Reyes","(N/A)","RP","7852","FA","23","100,000","A","0","0%","0%"
"*06idh*","Jeremy Reyes","ATL","SP","7853","FA","20","100,000","A","0","1%","0%"
"*06rvw*","Jhomnardo Reyes","MIN","RF,OF","7854","FA","18","100,000","A","0","8%","0%"
"*06v2k*","Jhon Reyes","KC","RP","7855","FA","22","100,000","A","0","0%","0%"
"*06uh6*","Jimmy Reyes","(N/A)","RP","7856","FA","20","100,000","A","0","0%","0%"
"*06ra9*","Josmir Reyes","NYM","C","7857","FA","19","100,000","A","0","0%","0%"
"*076s5*","Juan Reyes","WSH","SP","7858","FA","21","100,000","A","0","0%","0%"
"*03bv8*","Luis Reyes","(N/A)","RP","7859","FA","31","100,000","A","0","0%","0%"
"*05rk7*","Luis Reyes","(N/A)","1B","7860","FA","22","100,000","A","0","0%","0%"
"*066m7*","Luis Reyes","CHW","SP","7861","FA","20","100,000","A","0","0%","0%"
"*06qyh*","Maicol Reyes","TEX","RP","7862","FA","21","100,000","A","0","0%","0%"
"*03azu*","Pablo Reyes","LAA","RF,OF","7863","FA","32","100,000","A","0","0%","0%"
"*0737v*","Raibel Reyes","TB","SP","7864","FA","17","100,000","A","0","0%","0%"
"*06r99*","Raudy Reyes","ATL","SP","7865","FA","17","100,000","A","0","3%","0%"
"*06suf*","Ricardo Reyes","ATH","SP","7866","FA","18","100,000","A","0","0%","0%"
"*05af0*","Ripken Reyes","(N/A)","SS","7867","FA","29","100,000","A","0","0%","0%"
"*02zm9*","Victor Reyes","(N/A)","RF,OF","7868","FA","31","100,000","A","0","0%","0%"
"*06c1o*","Yeiker Reyes","COL","CF,OF","7869","FA","20","100,000","A","0","0%","0%"
"*06umt*","Yokelvin Reyes","LAA","RP","7870","FA","22","100,000","A","0","0%","0%"
"*06r54*","Emanuel Reyna","(N/A)","CF,OF","7871","FA","19","100,000","A","0","0%","0%"
"*06vy6*","Elias Reyno","ATL","LF,OF","7872","FA","18","100,000","A","0","0%","0%"
"*06rsu*","Cole Reynolds","CHC","RP","7873","FA","24","100,000","A","0","0%","0%"
"*041rm*","Sean Reynolds","(N/A)","RP","7874","FA","28","100,000","A","0","0%","0%"
"*076ck*","Ariel Reynoso","LAD","SS","7875","FA","17","100,000","A","0","0%","0%"
"*06uw7*","Dario Reynoso","SF","2B,3B","7876","FA","21","100,000","A","0","0%","0%"
"*075la*","Erick Reynoso","ARI","RP","7877","FA","23","100,000","A","0","0%","0%"
"*06r53*","Franniel Reynoso","WSH","SP","7878","FA","19","100,000","A","0","0%","0%"
"*06cqc*","Juan Reynoso","MIA","RP","7879","FA","22","100,000","A","0","0%","0%"
"*072zh*","Leonardo Reynoso","SEA","SS","7880","FA","17","100,000","A","0","0%","0%"
"*064n7*","Eric Reyzelman","NYY","RP","7881","FA","25","100,000","A","0","1%","0%"
"*05rf7*","John Rhodes","(N/A)","1B","7882","FA","25","100,000","A","0","0%","0%"
"*05y6p*","Sulivan Ribeiro","(N/A)","SP","7883","FA","22","100,000","A","0","0%","0%"
"*06ibq*","Yandel Ricardo","KC","SS","7884","FA","19","100,000","A","0","3%","0%"
"*05yhb*","Jake Rice","(N/A)","RP","7885","FA","29","100,000","A","0","0%","0%"
"*072f0*","Jordan Rich","CHW","CF,RF,OF","7886","FA","19","100,000","A","0","0%","0%"
"*06qy5*","Kendy Richard","ATL","SP","7887","FA","21","100,000","A","0","0%","0%"
"*05r5r*","Alonzo Richardson","(N/A)","RP","7888","FA","23","100,000","A","0","0%","0%"
"*05m6b*","Grant Richardson","(N/A)","LF,RF,OF","7889","FA","27","100,000","A","0","0%","0%"
"*06yvu*","Grant Richardson","ATH","SP","7890","FA","22","100,000","A","0","0%","0%"
"*06qgv*","Riangelo Richardson","CIN","2B","7891","FA","19","100,000","A","0","0%","0%"
"*06hte*","Tre Richardson","STL","2B","7892","FA","24","100,000","A","0","1%","0%"
"*06s33*","Nick Richmond","(N/A)","RP","7893","FA","28","100,000","A","0","0%","0%"
"*065jf*","Caleb Ricketts","PHI","C","7894","FA","26","100,000","A","0","0%","0%"
"*06zh5*","Cal Riehl","SD","RP","7895","FA","23","100,000","A","0","0%","0%"
"*06f0r*","Justin Riemer","ATH","2B,3B","7896","FA","24","100,000","A","0","0%","0%"
"*0637i*","Dennys Riera","SF","3B","7897","FA","21","100,000","A","0","0%","0%"
"*06s9y*","Jose Riera","CLE","2B","7898","FA","18","100,000","A","0","0%","0%"
"*06kkh*","Rustan Rigdon","(N/A)","SS","7899","FA","20","100,000","A","0","0%","0%"
"*060fx*","Roc Riggio","COL","2B","7900","FA","24","100,000","A","0","7%","0%"
"*074mm*","Cam Righi","(N/A)","RF,OF","7901","FA","19","100,000","A","0","0%","0%"
"*07262*","Juan Rijo","SEA","CF,OF","7902","FA","17","100,000","A","0","6%","0%"
"*06z5d*","Leonard Rijo","MIL","SS","7903","FA","18","100,000","A","0","0%","0%"
"*04pr5*","Trey Riley","(N/A)","RP","7904","FA","28","100,000","A","0","0%","0%"
"*06qkw*","Will Riley","SEA","RP","7905","FA","24","100,000","A","0","0%","0%"
"*06qxz*","Alexander Rincon","BAL","CF,OF","7906","FA","19","100,000","A","0","0%","0%"
"*066lf*","Bryan Rincon","PHI","SS","7907","FA","22","100,000","A","0","6%","0%"
"*06mil*","Hancel Rincon","STL","SP","7908","FA","24","100,000","A","0","1%","0%"
"*072hr*","Hansel Rincon","NYY","RP","7909","FA","23","100,000","A","0","0%","0%"
"*06aki*","Heriberto Rincon","NYM","CF,OF","7910","FA","20","100,000","A","0","0%","0%"
"*051c4*","Logan Rinehart","(N/A)","RP","7911","FA","28","100,000","A","0","0%","0%"
"*073u8*","Ruger Riojas","PHI","RP","7912","FA","23","100,000","A","0","0%","0%"
"*06cmc*","Alberto Rios","LAA","C","7913","FA","24","100,000","A","0","1%","0%"
"*06rjh*","Alejandro Rios","ARI","C","7914","FA","21","100,000","A","0","0%","0%"
"*06rij*","Alvaro Rios","(N/A)","C","7915","FA","19","100,000","A","0","0%","0%"
"*03qlr*","Edwin Rios","(N/A)","3B","7916","FA","32","100,000","A","0","0%","0%"
"*06bl0*","Jesus Rios","MIA","RP","7917","FA","24","100,000","A","0","0%","0%"
"*06rhc*","Nestor Rios","MIA","C","7918","FA","21","100,000","A","0","0%","0%"
"*06qop*","Brayden Risedorph","CHC","RP","7919","FA","22","100,000","A","0","0%","0%"
"*06z3t*","Braydon Risley","PIT","RP","7920","FA","21","100,000","A","0","0%","0%"
"*06qog*","Erik Ritchie","(N/A)","RP","7921","FA","23","100,000","A","0","0%","0%"
"*06r7a*","Kollin Ritchie","(N/A)","LF,OF","7922","FA","21","100,000","A","0","0%","0%"
"*0515g*","Luke Ritter","PHI","2B,3B,LF,OF","7923","FA","29","100,000","A","0","0%","0%"
"*04pq6*","Alfonso Rivas","(N/A)","1B,LF,OF","7924","FA","29","100,000","A","0","0%","0%"
"*06qhb*","Harold Rivas","BOS","CF,OF","7925","FA","18","100,000","A","0","3%","0%"
"*05ity*","Javier Rivas","PIT","3B,SS","7926","FA","23","100,000","A","0","0%","0%"
"*05iyh*","Jeremy Rivas","(N/A)","2B,SS","7927","FA","23","100,000","A","0","0%","0%"
"*06ri5*","Kevin Rivas","CLE","1B","7928","FA","23","100,000","A","0","0%","0%"
"*06pg1*","Xavier Rivas","NYY","SP","7929","FA","24","100,000","A","0","1%","0%"
"*06ic4*","Yensi Rivas","(N/A)","3B","7930","FA","19","100,000","A","0","0%","0%"
"*06aks*","Yosneiker Rivas","SF","2B","7931","FA","20","100,000","A","0","0%","0%"
"*06r1m*","Alejandro Rivera","CLE","SP","7932","FA","19","100,000","A","0","0%","0%"
"*062l5*","Angel Rivera","(N/A)","C","7933","FA","23","100,000","A","0","0%","0%"
"*06ibx*","Belfi Rivera","ARI","CF,OF","7934","FA","19","100,000","A","0","0%","0%"
"*066qy*","Bryan Rivera","MIL","RP","7935","FA","21","100,000","A","0","0%","0%"
"*075gf*","Ediel Rivera","NYY","C","7936","FA","20","100,000","A","0","0%","0%"
"*03qvs*","Emmanuel Rivera","(N/A)","3B","7937","FA","30","100,000","A","0","0%","0%"
"*0513h*","Erik Rivera","BOS","RP","7938","FA","25","100,000","A","0","0%","0%"
"*061yo*","Javier Rivera","CIN","SP","7939","FA","26","100,000","A","0","0%","0%"
"*051gu*","Josh Rivera","TOR","SS","7940","FA","25","100,000","A","0","1%","0%"
"*04rhj*","Laz Rivera","(N/A)","SS","7941","FA","31","100,000","A","0","0%","0%"
"*06riw*","Miguel Rivera","(N/A)","C","7942","FA","19","100,000","A","0","0%","0%"
"*06bse*","Raudy Rivera","(N/A)","RP","7943","FA","21","100,000","A","0","0%","0%"
"*061oc*","Yaqui Rivera","BAL","RP","7944","FA","23","100,000","A","0","1%","0%"
"*06tl1*","Angel Rivero","TOR","SP","7945","FA","19","100,000","A","0","0%","0%"
"*06imv*","Eliezer Rivero","LAA","1B","7946","FA","21","100,000","A","0","0%","0%"
"*06ro4*","Eryks Rivero","MIL","RF,OF","7947","FA","18","100,000","A","0","0%","0%"
"*06rlz*","Gabriel Rivero","HOU","RP","7948","FA","21","100,000","A","0","0%","0%"
"*06cee*","Jesus Rivero","(N/A)","RP","7949","FA","23","100,000","A","0","0%","0%"
"*06aq8*","Jonathan Rivero","PIT","C","7950","FA","20","100,000","A","0","0%","0%"
"*06r4i*","Marwin Rivero","KC","DH","7951","FA","19","100,000","A","0","0%","0%"
"*06z5i*","Roy Rivero","KC","2B","7952","FA","18","100,000","A","0","0%","0%"
"*060nm*","Yoander Rivero","(N/A)","2B","7953","FA","24","100,000","A","0","0%","0%"
"*06l46*","Luis Rives","HOU","LF,OF","7954","FA","21","100,000","A","0","0%","0%"
"*0737q*","Mavrick Rizy","(N/A)","RP","7955","FA","21","100,000","A","0","0%","0%"
"*076vm*","Darwin Roa","PIT","RP","7956","FA","19","100,000","A","0","0%","0%"
"*04q48*","Dalton Roach","(N/A)","RP","7957","FA","30","100,000","A","0","0%","0%"
"*06rj3*","Jhonanderson Robain","(N/A)","C","7958","FA","20","100,000","A","0","0%","0%"
"*05ui0*","Julio Robaina","ATL","SP","7959","FA","25","100,000","A","0","0%","0%"
"*05gea*","Sem Robberse","STL","SP","7960","FA","24","100,000","A","0","3%","0%"
"*0731w*","Aiden Robbins","NYM","LF,CF,RF,OF","7961","FA","21","100,000","A","0","0%","0%"
"*04elv*","Josh Roberson","(N/A)","RP","7962","FA","30","100,000","A","0","0%","0%"
"*04et8*","Daniel Robert","PHI","RP","7963","FA","31","100,000","A","0","0%","0%"
"*05gsk*","Robert Robertis","(N/A)","LF,OF","7964","FA","23","100,000","A","0","0%","0%"
"*06mv3*","Kevin Roberts Jr.","BAL","CF,OF","7965","FA","17","100,000","A","0","0%","0%"
"*0516c*","Austin Roberts","TEX","RP","7966","FA","27","100,000","A","0","0%","0%"
"*0657q*","Brett Roberts","(N/A)","SS","7967","FA","25","100,000","A","0","0%","0%"
"*05xov*","Caleb Roberts","MIN","LF,OF","7968","FA","26","100,000","A","0","0%","0%"
"*04pv9*","Cody Roberts","(N/A)","C","7969","FA","30","100,000","A","0","0%","0%"
"*06gj8*","Cole Roberts","(N/A)","SS","7970","FA","25","100,000","A","0","0%","0%"
"*075lh*","Jacob Roberts","WSH","RP","7971","FA","24","100,000","A","0","0%","0%"
"*06qi3*","Kai Roberts","SD","CF,OF","7972","FA","25","100,000","A","0","0%","0%"
"*04eik*","Max Roberts","(N/A)","RP","7973","FA","28","100,000","A","0","0%","0%"
"*06696*","Blake Robertson","(N/A)","1B","7974","FA","25","100,000","A","0","0%","0%"
"*0515s*","Nick Robertson","LAD","SP","7975","FA","28","100,000","A","0","0%","0%"
"*06zie*","Sam Robertson","NYM","3B,CF,OF","7976","FA","22","100,000","A","0","0%","0%"
"*066lg*","Tyler Robertson","(N/A)","CF,OF","7977","FA","26","100,000","A","0","0%","0%"
"*04y9g*","Will Robertson","(N/A)","LF,OF","7978","FA","28","100,000","A","0","0%","0%"
"*04eue*","Cam Robinson","(N/A)","RP","7979","FA","26","100,000","A","0","0%","0%"
"*041sm*","Errol Robinson","(N/A)","SS","7980","FA","31","100,000","A","0","0%","0%"
"*05u39*","Ethan Robinson","(N/A)","SP","7981","FA","21","100,000","A","0","0%","0%"
"*06hws*","Hayden Robinson","MIL","SP","7982","FA","21","100,000","A","0","0%","0%"
"*04g7l*","Kristian Robinson","ARI","CF,RF,OF","7983","FA","25","100,000","A","0","8%","0%"
"*06qgq*","Kyle Robinson","PIT","SP","7984","FA","23","100,000","A","0","0%","0%"
"*07037*","Shai Robinson","MIN","2B","7985","FA","22","100,000","A","0","0%","0%"
"*06mv8*","Kevin Robledo","MIA","C","7986","FA","19","100,000","A","0","0%","0%"
"*060o6*","Benony Robles","(N/A)","RP","7987","FA","25","100,000","A","0","0%","0%"
"*03yri*","Domingo Robles","ATH","SP","7988","FA","28","100,000","A","0","0%","0%"
"*06r6w*","Jean Robles","WSH","SP","7989","FA","19","100,000","A","0","0%","0%"
"*06c3i*","Kay Robles","(N/A)","CF,OF","7990","FA","21","100,000","A","0","0%","0%"
"*04pw8*","Sean Roby","(N/A)","3B","7991","FA","28","100,000","A","0","0%","0%"
"*05jqh*","Tekoah Roby","STL","SP","7992","FA","24","100,000","A","0","12%","0%"
"*06af4*","Carson Roccaforte","KC","CF,OF","7993","FA","24","100,000","A","0","3%","0%"
"*06hgw*","Liam Rocha","(N/A)","SP","7994","FA","24","100,000","A","0","0%","0%"
"*06uxy*","Sam Rochard","MIN","RP","7995","FA","25","100,000","A","0","0%","0%"
"*06qjm*","Kyle Roche","LAA","RP","7996","FA","24","100,000","A","0","0%","0%"
"*065ux*","Dylan Rock","(N/A)","LF,OF","7997","FA","27","100,000","A","0","0%","0%"
"*06dn4*","Brock Rodden","SEA","SS","7998","FA","26","100,000","A","0","1%","0%"
"*03lua*","Brendan Rodgers","BOS","2B","7999","FA","29","100,000","A","0","2%","0%"
"*04emy*","Brody Rodning","(N/A)","RP","8000","FA","30","100,000","A","0","0%","0%"
"*066ov*","Victor Rodrigues","LAD","C","8001","FA","21","100,000","A","0","0%","0%"
"*064nu*","Adrian Rodriguez","ARI","SS","8002","FA","22","100,000","A","0","0%","0%"
"*06bbx*","Adrian Rodriguez","TEX","RP","8003","FA","25","100,000","A","0","0%","0%"
"*06roz*","Adrian Rodriguez","(N/A)","3B","8004","FA","20","100,000","A","0","0%","0%"
"*04pht*","Alberto Rodriguez","KC","RF,OF","8005","FA","25","100,000","A","0","1%","0%"
"*0776y*","Alessandro Rodriguez","NYY","C","8006","FA","17","100,000","A","0","0%","0%"
"*06v23*","Alex Rodriguez","TEX","LF,OF","8007","FA","0","100,000","A","0","0%","0%"
"*06sun*","Alfredo Rodriguez","TB","C","8008","FA","20","100,000","A","0","0%","0%"
"*074wp*","Anderson Rodriguez","LAA","LF,OF","8009","FA","17","100,000","A","0","0%","0%"
"*0669t*","Andy Rodriguez","TB","RP","8010","FA","23","100,000","A","0","0%","0%"
"*06mwf*","Andy Rodriguez","(N/A)","RP","8011","FA","27","100,000","A","0","0%","0%"
"*06man*","Aneuris Rodriguez","(N/A)","RP","8012","FA","22","100,000","A","0","0%","0%"
"*066q8*","Angel Rodriguez","(N/A)","RF,OF","8013","FA","21","100,000","A","0","0%","0%"
"*06rke*","Angel Rodriguez","DET","C","8014","FA","19","100,000","A","0","0%","0%"
"*074cj*","Brad Rodriguez","WSH","RF,OF","8015","FA","17","100,000","A","0","0%","0%"
"*0776i*","Brayan Rodriguez","TB","SS","8016","FA","17","100,000","A","0","0%","0%"
"*04loe*","Carlos Rodriguez","SD","RF,OF","8107","FA","25","100,000","A","0","1%","0%"
"*05j97*","Carlos Rodriguez","SD","C","8018","FA","23","100,000","A","0","0%","0%"
"*06nny*","Carlos Rodriguez","(N/A)","1B","8019","FA","22","100,000","A","0","0%","0%"
"*06rm1*","Carlos Rodriguez","DET","SP","8020","FA","20","100,000","A","0","0%","0%"
"*041rr*","Chris Rodriguez","(N/A)","RP","8021","FA","27","100,000","A","0","0%","0%"
"*06ify*","Christian Rodriguez","(N/A)","SP","8022","FA","21","100,000","A","0","0%","0%"
"*06qhr*","Christian Rodriguez","NYM","RP","8023","FA","21","100,000","A","0","0%","0%"
"*06qus*","Christian Rodriguez","BAL","SP","8024","FA","24","100,000","A","0","0%","0%"
"*05yb6*","CJ Rodriguez","ATH","C","8017","FA","26","100,000","A","0","0%","0%"
"*06ps4*","Cris Rodriguez","DET","CF,OF","8025","FA","18","100,000","A","0","21%","0%"
"*055c9*","Cristhian Rodriguez","(N/A)","3B","8026","FA","24","100,000","A","0","0%","0%"
"*06uo6*","Daniel Rodriguez","TEX","SS","8027","FA","18","100,000","A","0","1%","0%"
"*066r7*","Darwin Rodriguez","MIA","RP","8028","FA","21","100,000","A","0","0%","0%"
"*06v2j*","Darwin Rodriguez","KC","SP","8029","FA","22","100,000","A","0","0%","0%"
"*06hta*","David Rodriguez","ATL","RP","8030","FA","24","100,000","A","0","0%","0%"
"*05umz*","Dionys Rodriguez","(N/A)","RP","8031","FA","25","100,000","A","0","0%","0%"
"*05un8*","Eddy Rodriguez","(N/A)","1B,RF,OF","8032","FA","22","100,000","A","0","0%","0%"
"*05y7z*","Edryn Rodriguez","(N/A)","2B","8033","FA","23","100,000","A","0","0%","0%"
"*06rib*","Elorky Rodriguez","TEX","CF,OF","8034","FA","18","100,000","A","0","3%","0%"
"*04avf*","Elvin Rodriguez","(N/A)","SP","8035","FA","28","100,000","A","0","0%","0%"
"*054p6*","Emmanuel Rodriguez","MIN","CF,OF","8036","T","23","500,000","A","0","44%","0%"
"*0776h*","Enny Rodriguez","DET","SS","8037","FA","18","100,000","A","0","0%","0%"
"*05yg4*","Erian Rodriguez","CHC","SP","8038","FA","24","100,000","A","0","0%","0%"
"*0763h*","Esterling Rodriguez","PHI","CF,OF","8039","FA","20","100,000","A","0","0%","0%"
"*06qyl*","Frank Rodriguez","LAD","C","8040","FA","24","100,000","A","0","0%","0%"
"*070d0*","Freddy Rodriguez","CHC","RP","8041","FA","22","100,000","A","0","0%","0%"
"*07777*","Freilyn Rodriguez","CLE","CF,OF","8042","FA","18","100,000","A","0","0%","0%"
"*04el4*","Gabriel Rodriguez","NYM","RP","8043","FA","27","100,000","A","0","0%","0%"
"*04qov*","Gabriel Rodriguez","(N/A)","SS","8044","FA","24","100,000","A","0","0%","0%"
"*060gk*","Gabriel Rodriguez","CHW","RP","8045","FA","23","100,000","A","0","0%","0%"
"*06jgx*","Gabriel Rodriguez","CLE","SS","8046","FA","19","100,000","A","0","2%","0%"
"*06rnv*","Gabriel Rodriguez","PIT","CF,OF","8047","FA","18","100,000","A","0","0%","0%"
"*06fex*","Gerardo Rodriguez","BOS","C","8048","FA","20","100,000","A","0","0%","0%"
"*06v2i*","Geury Rodriguez","TEX","RP","8049","FA","21","100,000","A","0","0%","0%"
"*066nd*","Gustavo Rodriguez","ATH","RP","8050","FA","25","100,000","A","0","0%","0%"
"*05xse*","Hector Rodriguez","CIN","LF,OF","8051","Max","22","6,000,000","A","0","27%","0%"
"*066o8*","Jeremy Rodriguez","NYM","2B,3B,SS","8052","FA","20","100,000","A","0","3%","0%"
"*06msy*","Jesus Rodriguez","(N/A)","LF,OF","8053","FA","19","100,000","A","0","0%","0%"
"*03ani*","Joely Rodriguez","(N/A)","RP","8054","FA","34","100,000","A","0","0%","0%"
"*06qe1*","Johan Rodriguez","CLE","SS","8055","FA","18","100,000","A","0","0%","0%"
"*06qzb*","Jorge Rodriguez","BOS","C","8056","FA","20","100,000","A","0","0%","0%"
"*05gcy*","Jose Rodriguez","(N/A)","2B","8057","FA","25","100,000","A","0","1%","0%"
"*06201*","Jose Rodriguez","(N/A)","RF,OF","8058","FA","21","100,000","A","0","0%","0%"
"*06kwn*","Jose Rodriguez","LAD","RP","8059","FA","25","100,000","A","0","1%","0%"
"*06rjc*","Jose Rodriguez","ARI","C","8060","FA","19","100,000","A","0","0%","0%"
"*07302*","Jose Rodriguez","MIL","SS","8108","FA","17","100,000","A","0","1%","0%"
"*04awg*","Julio Rodriguez","(N/A)","C","8061","FA","29","100,000","A","0","0%","0%"
"*06lfx*","Julio Rodriguez","HOU","RP","8062","FA","26","100,000","A","0","0%","0%"
"*062hl*","Justin Rodriguez","(N/A)","3B","8063","FA","22","100,000","A","0","0%","0%"
"*04mlm*","Keyber Rodriguez","TEX","3B","8064","FA","25","100,000","A","0","0%","0%"
"*076jf*","Leandro Rodriguez","SF","SP","8065","FA","20","100,000","A","0","0%","0%"
"*06rly*","Leyvi Rodriguez","NYM","RP","8066","FA","20","100,000","A","0","0%","0%"
"*05wdm*","Lizandro Rodriguez","(N/A)","2B","8067","FA","23","100,000","A","0","0%","0%"
"*06l3k*","Louis Rodriguez","(N/A)","RP","8068","FA","22","100,000","A","0","0%","0%"
"*04vso*","Luis Rodriguez","(N/A)","SP","8069","FA","26","100,000","A","0","0%","0%"
"*051wt*","Luis Rodriguez","(N/A)","CF,OF","8070","FA","23","100,000","A","0","1%","0%"
"*066na*","Luis Rodriguez","CLE","SS","8071","FA","21","100,000","A","0","0%","0%"
"*06r27*","Luis Rodriguez","(N/A)","SP","8072","FA","23","100,000","A","0","0%","0%"
"*074pg*","Luis Rodriguez","HOU","SP","8073","FA","22","100,000","A","0","0%","0%"
"*05zd5*","Luis R. Rodriguez","NYM","SP","8074","FA","23","100,000","A","0","0%","0%"
"*06r4a*","Maikel Rodriguez","MIA","RP","8075","FA","19","100,000","A","0","0%","0%"
"*06rvx*","Maikol Rodriguez","SEA","RF,OF","8076","FA","19","100,000","A","0","0%","0%"
"*05ad7*","Manuel Rodriguez","TB","RP","8077","FA","29","100,000","A","0","3%","0%"
"*06ayq*","Manuel Rodriguez","MIL","SP","8078","FA","20","100,000","A","0","2%","0%"
"*06z5k*","Maximo Rodriguez","SEA","RP","8079","FA","20","100,000","A","0","0%","0%"
"*06pqq*","Melvin Rodriguez","MIN","SP","8080","FA","20","100,000","A","0","0%","0%"
"*05txv*","Miguel Rodriguez","(N/A)","SP","8081","FA","27","100,000","A","0","0%","0%"
"*06ftw*","Miguel Rodriguez","BAL","C","8082","FA","20","100,000","A","0","1%","0%"
"*074cc*","Misael Rodriguez","MIN","CF,OF","8083","FA","17","100,000","A","0","0%","0%"
"*076sb*","Moises Rodriguez","DET","RP","8084","FA","24","100,000","A","0","0%","0%"
"*06yy1*","Nick Rodriguez","LAA","2B","8085","FA","23","100,000","A","0","0%","0%"
"*04mkm*","Osiel Rodriguez","(N/A)","SP","8086","FA","24","100,000","A","0","0%","0%"
"*060g0*","Pedro Rodriguez","NYY","RP","8087","FA","23","100,000","A","0","0%","0%"
"*066qw*","Raimy Rodriguez","HOU","SP","8088","FA","21","100,000","A","0","0%","0%"
"*06mnp*","Rainiel Rodriguez","STL","C","8089","T","19","500,000","A","0","46%","0%"
"*048ye*","Ramon Rodriguez","MIL","C","8090","FA","27","100,000","A","0","0%","0%"
"*05w9g*","Randy Rodriguez","SF","RP","8091","FA","26","100,000","A","0","16%","0%"
"*06hoc*","Raudi Rodriguez","LAA","CF,RF,OF","8092","FA","23","100,000","A","0","10%","0%"
"*03mnn*","Richard Rodriguez","(N/A)","RP","8093","FA","36","100,000","A","0","0%","0%"
"*06mpz*","Tyler Rodriguez","MIL","LF,OF","8094","FA","20","100,000","A","0","0%","0%"
"*0761b*","Victor Rodriguez","MIA","RP","8095","FA","19","100,000","A","0","0%","0%"
"*076l4*","Victor Rodriguez","LAA","SS","8096","FA","20","100,000","A","0","0%","0%"
"*01srp*","Wilking Rodriguez","(N/A)","RP","8097","FA","36","100,000","A","0","0%","0%"
"*06hon*","Wilson Rodriguez","NYY","LF,RF,OF","8098","FA","21","100,000","A","0","1%","0%"
"*06cqp*","Wuilliams Rodriguez","BOS","RP","8099","FA","20","100,000","A","0","0%","0%"
"*06r2v*","Wuilliams Rodriguez","SEA","RP","8100","FA","22","100,000","A","0","0%","0%"
"*06kr5*","Yerlin Rodriguez","MIL","RP","8101","FA","24","100,000","A","0","0%","0%"
"*04qot*","Yerry Rodriguez","NYY","SP","8102","FA","28","100,000","A","0","0%","0%"
"*06rmw*","Yobal Rodriguez","CHW","SP","8103","FA","18","100,000","A","0","0%","0%"
"*066mq*","Yophery Rodriguez","BOS","LF,RF,OF","8104","FA","20","100,000","A","0","8%","0%"
"*06rt2*","Yordan Rodriguez","NYM","RP","8105","FA","18","100,000","A","0","0%","0%"
"*06hio*","Yovanny Rodriguez","NYM","C","8106","FA","19","100,000","A","0","3%","0%"
"*04pn0*","Cole Roederer","(N/A)","LF,CF,RF,OF","8109","FA","26","100,000","A","0","0%","0%"
"*06zai*","Zach Rogacki","COL","C,RF,OF","8110","FA","23","100,000","A","0","0%","0%"
"*0630c*","Dalton Rogers","BOS","SP","8111","FA","25","100,000","A","0","1%","0%"
"*075ir*","Daniel Rogers","SF","C","8112","FA","24","100,000","A","0","0%","0%"
"*06gjy*","Grant Rogers","TOR","SP","8113","FA","25","100,000","A","0","1%","0%"
"*05ybf*","Jack Rogers","(N/A)","RF,OF","8114","FA","27","100,000","A","0","0%","0%"
"*06hne*","Johnathan Rogers","DET","RP","8115","FA","21","100,000","A","0","0%","0%"
"*06f13*","Si-Hwan Roh","(N/A)","3B","8116","FA","25","100,000","A","0","0%","0%"
"*062l3*","Anderdson Rojas","ARI","3B","8117","FA","22","100,000","A","0","0%","0%"
"*06tac*","Carlos Rojas","(N/A)","C","8118","FA","23","100,000","A","0","0%","0%"
"*06uxx*","Cesar Rojas","WSH","RP","8119","FA","24","100,000","A","0","0%","0%"
"*06ums*","Daniel Rojas","STL","LF,RF,OF","8120","FA","20","100,000","A","0","0%","0%"
"*0777g*","Darian Rojas","ATH","CF,OF","8121","FA","19","100,000","A","0","0%","0%"
"*06qzs*","Eduardo Rojas","LAD","C","8122","FA","19","100,000","A","0","0%","0%"
"*06dq4*","Eyeksson Rojas","WSH","2B","8123","FA","20","100,000","A","0","0%","0%"
"*06ic0*","Franklin Rojas","TOR","C","8124","FA","19","100,000","A","0","0%","0%"
"*06rhq*","Freider Rojas","MIL","C","8125","FA","20","100,000","A","0","0%","0%"
"*06c2y*","Gilberto Rojas","(N/A)","C","8126","FA","21","100,000","A","0","0%","0%"
"*06r4o*","Gio Rojas","TEX","SP","8127","FA","19","100,000","A","0","3%","0%"
"*061wh*","Jefferson Rojas","CHC","2B,SS","8128","C&G","21","200,000","A","0","28%","0%"
"*04w4e*","Johan Rojas","PHI","CF,OF","8129","FA","25","100,000","A","0","2%","0%"
"*04lo8*","Jose Rojas","NYM","LF,OF","8130","FA","33","100,000","A","0","0%","0%"
"*0633j*","Juan Rojas","BAL","RP","8131","FA","22","100,000","A","0","0%","0%"
"*06s3s*","Juan Rojas","HOU","3B","8132","FA","18","100,000","A","0","0%","0%"
"*06rkj*","Samuel Rojas","(N/A)","C","8133","FA","23","100,000","A","0","0%","0%"
"*06uyb*","Santiago Rojas","MIN","RP","8134","FA","19","100,000","A","0","0%","0%"
"*06k83*","Sebastian Rojas","ATH","RF,OF","8135","FA","19","100,000","A","0","0%","0%"
"*074lw*","Sebastian Rojas","STL","C","8136","FA","17","100,000","A","0","0%","0%"
"*06mi9*","Shnaider Rojas","(N/A)","SP","8137","FA","19","100,000","A","0","0%","0%"
"*06c80*","Stiveen Rojas","MIA","RP","8138","FA","19","100,000","A","0","0%","0%"
"*05yin*","Yendry Rojas","(N/A)","SS","8139","FA","21","100,000","A","0","0%","0%"
"*06y00*","Yenrri Rojas","CHC","SP","8140","FA","22","100,000","A","0","0%","0%"
"*0680r*","Yondrei Rojas","TOR","RP","8141","FA","23","100,000","A","0","0%","0%"
"*075s9*","Cole Roland","TEX","RP","8142","FA","27","100,000","A","0","0%","0%"
"*06fww*","Chris Roller","(N/A)","CF,RF,OF","8143","FA","29","100,000","A","0","0%","0%"
"*06ru2*","Angel Roman","(N/A)","RP","8144","FA","22","100,000","A","0","0%","0%"
"*06rgm*","Javier Roman","(N/A)","1B","8145","FA","23","100,000","A","0","0%","0%"
"*0700y*","Ricardo Roman","LAD","SP","8146","FA","19","100,000","A","0","0%","0%"
"*06qqz*","Jimmy Romano","CIN","RP","8147","FA","23","100,000","A","0","0%","0%"
"*02j2m*","Sal Romano","(N/A)","RP","8148","FA","32","100,000","A","0","0%","0%"
"*051el*","Nate Rombach","WSH","C","8149","FA","25","100,000","A","0","0%","0%"
"*06pgj*","Josiah Romeo","ATH","SP","8150","FA","20","100,000","A","0","0%","0%"
"*064o2*","Maxwell Romero Jr.","WSH","C","8151","FA","25","100,000","A","0","0%","0%"
"*075ld*","Alfredo Romero","CHC","RP","8152","FA","23","100,000","A","0","0%","0%"
"*06rny*","Brayan Romero","(N/A)","SP","8153","FA","24","100,000","A","0","0%","0%"
"*052hw*","Carlos Romero","(N/A)","RP","8154","FA","27","100,000","A","0","0%","0%"
"*05r62*","Christian Romero","LAD","SP","8155","FA","23","100,000","A","0","0%","0%"
"*06r4g*","David Romero","(N/A)","2B","8156","FA","19","100,000","A","0","0%","0%"
"*06ql5*","Ivran Romero","MIN","RP","8157","FA","24","100,000","A","0","0%","0%"
"*06imf*","Jose Romero","SEA","SP","8158","FA","21","100,000","A","0","0%","0%"
"*06um9*","Jose Romero","CHC","RP","8159","FA","25","100,000","A","0","0%","0%"
"*06ds9*","Kiko Romero","(N/A)","1B","8160","FA","25","100,000","A","0","0%","0%"
"*06ibl*","Leandro Romero","SEA","SS","8161","FA","19","100,000","A","0","1%","0%"
"*064zj*","Luciano Romero","(N/A)","RP","8162","FA","21","100,000","A","0","0%","0%"
"*06umr*","Luifer Romero","(N/A)","SP","8163","FA","21","100,000","A","0","0%","0%"
"*05y7y*","Mikey Romero","BOS","2B,3B,SS","8164","FA","22","100,000","A","0","9%","0%"
"*0614a*","Noelberth Romero","(N/A)","LF,OF","8165","FA","24","100,000","A","0","0%","0%"
"*06y89*","Ricardo Romero","CLE","2B","8166","FA","18","100,000","A","0","1%","0%"
"*06r18*","Rubens Romero","PIT","RP","8167","FA","19","100,000","A","0","0%","0%"
"*073k9*","Sebastian Romero","CHW","LF,OF","8168","FA","17","100,000","A","0","2%","0%"
"*06t24*","Shai Romero","LAD","RP","8169","FA","18","100,000","A","0","0%","0%"
"*04eoc*","Tommy Romero","(N/A)","SP","8170","FA","29","100,000","A","0","0%","0%"
"*06bn1*","Yael Romero","CIN","1B","8171","FA","20","100,000","A","0","0%","0%"
"*06zfe*","Cory Ronan","KC","RP","8172","FA","24","100,000","A","0","0%","0%"
"*06mi3*","Carlos Rondon","NYY","C","8173","FA","20","100,000","A","0","0%","0%"
"*077bs*","Josue Rondon","WSH","RP","8174","FA","17","100,000","A","0","0%","0%"
"*06rh3*","Leonardo Rondon","(N/A)","SP","8175","FA","19","100,000","A","0","0%","0%"
"*06rk7*","Newremberg Rondon","DET","1B","8176","FA","23","100,000","A","0","0%","0%"
"*04ppm*","John Rooney","TB","RP","8177","FA","29","100,000","A","0","0%","0%"
"*06hh0*","Bayden Root","(N/A)","RP","8178","FA","27","100,000","A","0","0%","0%"
"*06kxc*","Zach Root","LAD","SP","8179","Brian","22","500,000","A","0","18%","0%"
"*072pb*","Ariel Roque","BAL","CF,OF","8180","FA","17","100,000","A","0","1%","0%"
"*06min*","Yoel Roque","MIN","SP","8181","FA","19","100,000","A","0","0%","0%"
"*06c7o*","Fernando Roquez","(N/A)","LF,OF","8182","FA","20","100,000","A","0","0%","0%"
"*06qxi*","Yadiel Roquez","TEX","RP","8183","FA","19","100,000","A","0","0%","0%"
"*041q7*","Ben Rortvedt","NYM","C","8184","FA","28","100,000","A","0","1%","0%"
"*072eg*","Diego Rosa","ATH","C","8185","FA","19","100,000","A","0","0%","0%"
"*0766i*","Euri Rosa","LAD","C","8186","FA","19","100,000","A","0","0%","0%"
"*067zp*","Jeffry Rosa","(N/A)","LF,OF","8187","FA","21","100,000","A","0","0%","0%"
"*04cts*","Joseph Rosa","(N/A)","2B","8188","FA","29","100,000","A","0","0%","0%"
"*064q9*","Pitterson Rosa","PIT","RP","8189","FA","21","100,000","A","0","0%","0%"
"*066ld*","Jamaliel Rosado Jr.","(N/A)","SS","8190","FA","22","100,000","A","0","0%","0%"
"*06qpk*","Gabriel Rosado","DET","C","8191","FA","20","100,000","A","0","0%","0%"
"*06op9*","Jarold Rosado","CHW","RP","8192","FA","24","100,000","A","0","0%","0%"
"*05jri*","Alejandro Rosario","WSH","SP","8193","FA","24","100,000","A","0","18%","0%"
"*06f1h*","Alfonsin Rosario","CLE","CF,RF,OF","8194","FA","22","100,000","A","0","6%","0%"
"*051kx*","Dalvy Rosario","(N/A)","LF,OF","8195","FA","25","100,000","A","0","0%","0%"
"*0514y*","Dilan Rosario","(N/A)","SS","8196","FA","25","100,000","A","0","0%","0%"
"*025f7*","Eddie Rosario","(N/A)","DH","8197","FA","34","100,000","A","0","0%","0%"
"*045on*","Eguy Rosario","(N/A)","SS","8198","FA","26","100,000","A","0","1%","0%"
"*07247*","Elian Rosario","TEX","3B","8199","FA","17","100,000","A","0","7%","0%"
"*06o06*","Enyel Rosario","(N/A)","3B","8200","FA","19","100,000","A","0","0%","0%"
"*072hi*","Gabriel Rosario","BAL","1B,LF,CF,RF,OF","8201","FA","17","100,000","A","0","1%","0%"
"*073vp*","Gerlin Rosario","ATH","RP","8202","FA","24","100,000","A","0","0%","0%"
"*06ilt*","Guillermo Rosario","PHI","1B","8203","FA","21","100,000","A","0","0%","0%"
"*06suo*","Helder Rosario","(N/A)","C","8204","FA","21","100,000","A","0","0%","0%"
"*075is*","Hemmanuel Rosario","HOU","C","8205","FA","25","100,000","A","0","0%","0%"
"*045oe*","Jeisson Rosario","(N/A)","CF,OF","8206","FA","26","100,000","A","0","0%","0%"
"*04yds*","Jerming Rosario","LAD","RP","8207","FA","24","100,000","A","0","0%","0%"
"*06mv9*","Jonathan Rosario","MIA","RP","8208","FA","19","100,000","A","0","0%","0%"
"*05js9*","Kala'i Rosario","MIN","RF,OF","8209","FA","24","100,000","A","0","3%","0%"
"*06ro9*","Kelvin Rosario","ARI","RP","8210","FA","19","100,000","A","0","0%","0%"
"*074ae*","Leomar Rosario","HOU","SP","8211","FA","23","100,000","A","0","0%","0%"
"*06ytt*","Naimer Rosario","ARI","SP","8212","FA","20","100,000","A","0","0%","0%"
"*06uhi*","Raymon Rosario","(N/A)","RP","8213","FA","21","100,000","A","0","0%","0%"
"*070ev*","Rodny Rosario","CLE","3B","8214","FA","18","100,000","A","0","0%","0%"
"*06c6s*","Ronald Rosario","BOS","C","8215","FA","23","100,000","A","0","0%","0%"
"*06sur*","Juan Rosas","TOR","C","8216","FA","20","100,000","A","0","0%","0%"
"*06fqu*","Caden Rose","BOS","LF,RF,OF","8217","FA","24","100,000","A","0","0%","0%"
"*07716*","Jackson Rose","(N/A)","RP","8218","FA","19","100,000","A","0","0%","0%"
"*06suc*","Nathan Rose","(N/A)","3B","8219","FA","25","100,000","A","0","0%","0%"
"*06mpx*","Zion Rose","KC","CF,OF","8220","FA","21","100,000","A","0","1%","0%"
"*06qoa*","Nick Roselli","NYM","2B,LF,OF","8221","FA","23","100,000","A","0","0%","0%"
"*0429i*","Kenny Rosenberg","(N/A)","RP","8222","FA","31","100,000","A","0","0%","0%"
"*05uwz*","Corey Rosier","(N/A)","LF,RF,OF","8223","FA","26","100,000","A","0","0%","0%"
"*06ria*","Emdys Rosillo","CIN","1B","8224","FA","19","100,000","A","0","0%","0%"
"*06658*","Ben Ross","MIN","3B,SS,CF,OF","8225","FA","25","100,000","A","0","1%","0%"
"*06580*","Dylan Ross","NYM","RP","8226","FA","25","100,000","A","0","3%","0%"
"*06qu1*","Jackson Ross","WSH","1B,3B","8227","FA","26","100,000","A","0","0%","0%"
"*06qp5*","Michael Ross","MIN","SP","8228","FA","24","100,000","A","0","0%","0%"
"*068xz*","Shawn Ross","PIT","C","8229","FA","26","100,000","A","0","0%","0%"
"*0779p*","Julio M Rossi","CLE","SP","8230","FA","17","100,000","A","0","0%","0%"
"*06qlk*","Tony Rossi","NYY","RP","8231","FA","27","100,000","A","0","0%","0%"
"*057mz*","Houston Roth","SEA","RP","8232","FA","28","100,000","A","0","0%","0%"
"*06z0t*","Collin Rothermel","ARI","SP","8233","FA","23","100,000","A","0","0%","0%"
"*072f1*","Luke Roupe","MIL","SP","8234","FA","19","100,000","A","0","0%","0%"
"*075sg*","Scott Rouse","SEA","RP","8235","FA","24","100,000","A","0","0%","0%"
"*060q1*","Ethan Routzahn","SD","RP","8236","FA","28","100,000","A","0","0%","0%"
"*05rkx*","Braxton Roxby","SF","RP","8237","FA","27","100,000","A","0","0%","0%"
"*06yy2*","Zach Royse","ATL","SP","8238","FA","22","100,000","A","0","0%","0%"
"*05ya7*","Aaron Rozek","MIN","RP","8239","FA","30","100,000","A","0","0%","0%"
"*07492*","Carlos Rubecindo","BAL","CF,OF","8240","FA","17","100,000","A","0","0%","0%"
"*06mq4*","Reykelly Rubi","(N/A)","RP","8241","FA","20","100,000","A","0","0%","0%"
"*06sar*","Kadil Rubio","TB","RF,OF","8242","FA","18","100,000","A","0","0%","0%"
"*06ew0*","Carson Rucker","DET","3B","8243","FA","21","100,000","A","0","1%","0%"
"*05tca*","Jake Rucker","MIN","2B","8244","FA","26","100,000","A","0","0%","0%"
"*0769p*","Ryan Rudas","NYM","RF,OF","8245","FA","17","100,000","A","0","0%","0%"
"*05y3c*","Jaden Rudd","(N/A)","LF,OF","8246","FA","23","100,000","A","0","0%","0%"
"*05yhf*","Matt Rudick","NYM","DH","8247","FA","28","100,000","A","0","0%","0%"
"*072fz*","Brad Rudis","MIN","RP","8248","FA","23","100,000","A","0","0%","0%"
"*0664z*","Will Rudy","MIL","SP","8249","FA","25","100,000","A","0","0%","0%"
"*0665u*","Christian Ruebeck","LAD","RP","8250","FA","25","100,000","A","0","0%","0%"
"*06hva*","Noah Ruen","LAD","RP","8251","FA","23","100,000","A","0","0%","0%"
"*051dt*","Jason Ruffcorn","SEA","RP","8252","FA","27","100,000","A","0","0%","0%"
"*04c0v*","Agustin Ruiz","(N/A)","CF,OF","8253","FA","26","100,000","A","0","0%","0%"
"*072ik*","Aiden Ruiz","PIT","SS","8254","FA","19","100,000","A","0","0%","0%"
"*06imj*","Harrison Ruiz","CLE","SP","8255","FA","22","100,000","A","0","0%","0%"
"*05ydv*","Jorge Ruiz","LAA","LF,CF,RF,OF","8256","FA","22","100,000","A","0","1%","0%"
"*02i45*","Jose Ruiz","(N/A)","RP","8257","FA","31","100,000","A","0","0%","0%"
"*06hgv*","Poncho Ruiz","MIN","C","8258","FA","24","100,000","A","0","0%","0%"
"*066mi*","Tony Ruiz","(N/A)","1B","8259","FA","20","100,000","A","0","0%","0%"
"*064rt*","Xavier Ruiz","(N/A)","RP","8260","FA","23","100,000","A","0","0%","0%"
"*060gc*","Yarison Ruiz","(N/A)","RP","8261","FA","26","100,000","A","0","0%","0%"
"*06umq*","Yermain Ruiz","BOS","SP","8262","FA","20","100,000","A","0","0%","0%"
"*06idu*","Yirber Ruiz","(N/A)","RF,OF","8263","FA","21","100,000","A","0","0%","0%"
"*06if7*","Yoiber Ruiz","(N/A)","C","8264","FA","20","100,000","A","0","0%","0%"
"*06rug*","Juan Rujano","STL","DH","8265","FA","18","100,000","A","0","0%","0%"
"*06576*","Luis Rujano","CHC","RP","8266","FA","23","100,000","A","0","0%","0%"
"*06um8*","Aaron Rund","(N/A)","RP","8267","FA","27","100,000","A","0","0%","0%"
"*066et*","Milo Rushford","(N/A)","RF,OF","8268","FA","22","100,000","A","0","0%","0%"
"*074va*","Jesse Rusinek","(N/A)","RP","8269","FA","19","100,000","A","0","0%","0%"
"*06cmi*","AJ Russell","TEX","SP","8270","Kai","22","500,000","A","0","14%","0%"
"*06do6*","Jonathan Russell","TB","RP","8271","FA","21","100,000","A","0","0%","0%"
"*06pgu*","Mason Russell","(N/A)","SP","8272","FA","20","100,000","A","0","0%","0%"
"*06hor*","Stone Russell","KC","1B,3B","8273","FA","22","100,000","A","0","0%","0%"
"*06git*","Zane Russell","ARI","RP","8274","FA","24","100,000","A","0","0%","0%"
"*06hq4*","Luke Russo","PHI","RP","8275","FA","25","100,000","A","0","0%","0%"
"*051i3*","Carter Rustad","CLE","RP","8276","FA","25","100,000","A","0","0%","0%"
"*06tlt*","Sam Ruta","KC","1B,3B","8277","FA","24","100,000","A","0","0%","0%"
"*072bf*","Joe Ruzicka","DET","SP","8278","FA","22","100,000","A","0","0%","0%"
"*05ynx*","River Ryan","LAD","SP","8279","Ethan","27","1,000,000","A","0","47%","-1%"
"*04aja*","Ryder Ryan","LAD","SP","8280","FA","31","100,000","A","0","1%","0%"
"*05199*","Sam Ryan","(N/A)","RP","8281","FA","27","100,000","A","0","0%","0%"
"*06o0f*","Eddie Rynders","PIT","3B","8282","FA","20","100,000","A","0","2%","0%"
"*0514i*","Andrew Saalfrank","ARI","RP","8283","FA","28","100,000","A","0","3%","0%"
"*072h2*","Carsten Sabathia","(N/A)","1B","8284","FA","22","100,000","A","0","0%","0%"
"*06s49*","Filippo Sabatini","PHI","RP","8285","FA","19","100,000","A","0","0%","0%"
"*05ge2*","Aaron Sabato","MIN","1B","8286","FA","27","100,000","A","0","2%","0%"
"*05158*","Blake Sabol","TB","C","8287","FA","28","100,000","A","0","1%","0%"
"*066l7*","Tommy Sacco Jr.","HOU","2B,SS,LF,OF","8288","FA","27","100,000","A","0","0%","0%"
"*05t5i*","Lexer Saduy","(N/A)","CF,OF","8289","FA","23","100,000","A","0","0%","0%"
"*02byy*","Connor Sadzeck","(N/A)","RP","8290","FA","34","100,000","A","0","0%","0%"
"*05y5q*","Dustin Saenz","TEX","RP","8291","FA","27","100,000","A","0","0%","0%"
"*0731d*","Sebastian Saenz","PHI","C","8292","FA","17","100,000","A","0","0%","0%"
"*06kuj*","Christian Saez","STL","1B","8293","FA","19","100,000","A","0","0%","0%"
"*06r38*","Jhoanjel Saez","(N/A)","2B","8294","FA","19","100,000","A","0","0%","0%"
"*06ktm*","Hiroto Saiki","(N/A)","SP","8295","FA","27","100,000","A","0","1%","0%"
"*06yy3*","Nolan Sailors","KC","CF,OF","8296","FA","23","100,000","A","0","0%","0%"
"*06r0h*","Yuhi Sako","(N/A)","RP","8297","FA","26","100,000","A","0","0%","0%"
"*06lu6*","Darlin Saladin","STL","SP","8298","FA","23","100,000","A","0","1%","0%"
"*06psm*","Andrew Salas","MIA","CF,OF","8299","FA","18","100,000","A","0","12%","0%"
"*06ava*","Anibal Salas","DET","CF,OF","8300","FA","20","100,000","A","0","1%","0%"
"*075l6*","Braulio Salas","MIA","RP","8301","FA","21","100,000","A","0","0%","0%"
"*05ybr*","Ethan Salas","SD","C","8302","J&A","20","500,000","A","0","44%","0%"
"*066rq*","Gerardo Salas","STL","SP","8303","FA","23","100,000","A","0","0%","0%"
"*06r46*","Hector Salas","HOU","2B,3B","8304","FA","22","100,000","A","0","0%","0%"
"*056j0*","Jose Salas","MIN","1B,2B","8305","FA","23","100,000","A","0","3%","0%"
"*06zaj*","Roberto Salas","COL","SP","8306","FA","18","100,000","A","0","0%","0%"
"*0760a*","Jubrayker Salaya","CHC","RP","8307","FA","19","100,000","A","0","0%","0%"
"*064vx*","Braian Salazar","SD","RP","8308","FA","21","100,000","A","0","0%","0%"
"*05rlb*","Eduardo Salazar","MIN","RP","8309","FA","28","100,000","A","0","0%","0%"
"*06sjt*","Grabiel Salazar","BAL","RP","8310","FA","25","100,000","A","0","0%","0%"
"*05unx*","Johnfrank Salazar","STL","1B","8311","FA","22","100,000","A","0","0%","0%"
"*06jbk*","Kleyver Salazar","BOS","C","8312","FA","20","100,000","A","0","0%","0%"
"*0737u*","Moises Salazar","MIL","C","8313","FA","16","100,000","A","0","0%","0%"
"*05w8m*","Andruw Salcedo","(N/A)","C,1B","8314","FA","23","100,000","A","0","0%","0%"
"*06m8k*","Kelvis Salcedo","DET","SP","8315","FA","20","100,000","A","0","4%","0%"
"*0761c*","Yeraldo Salcedo","PIT","RP","8316","FA","19","100,000","A","0","0%","0%"
"*072yj*","Connor Salerno","(N/A)","1B,LF,CF,RF,OF","8317","FA","17","100,000","A","0","0%","0%"
"*06qv1*","R.J. Sales","WSH","SP","8318","FA","22","100,000","A","0","0%","0%"
"*06zh4*","AJ Salgado","NYM","1B","8319","FA","24","100,000","A","0","0%","0%"
"*06uy7*","Edinson Salgado","KC","RP","8320","FA","21","100,000","A","0","0%","0%"
"*06z9f*","Michael Salina","SD","SP","8321","FA","22","100,000","A","0","1%","0%"
"*06qpw*","Iziah Salinas","BAL","SP","8322","FA","21","100,000","A","0","0%","0%"
"*05wy3*","Royber Salinas","(N/A)","RP","8323","FA","25","100,000","A","0","1%","0%"
"*05j6z*","Ruben Salinas","(N/A)","RP","8324","FA","23","100,000","A","0","0%","0%"
"*06rrv*","Angel Salio","CIN","3B","8325","FA","18","100,000","A","0","1%","0%"
"*06rwb*","Carlos Salmeron","ATH","RF,OF","8326","FA","18","100,000","A","0","0%","0%"
"*06r30*","Javier Salomon","(N/A)","SP","8327","FA","19","100,000","A","0","0%","0%"
"*06j7p*","Mariano Salomon","NYY","RP","8328","FA","23","100,000","A","0","0%","0%"
"*06rjy*","Dionmy Salon","(N/A)","C","8329","FA","24","100,000","A","0","0%","0%"
"*06ekm*","Devin Saltiban","PHI","2B,CF,OF","8330","FA","21","100,000","A","0","2%","0%"
"*04ej0*","Bryan Sammons","(N/A)","RP","8331","FA","31","100,000","A","0","0%","0%"
"*06asv*","Noah Samol","(N/A)","RP","8332","FA","22","100,000","A","0","0%","0%"
"*02c2m*","Adrian Sampson","(N/A)","SP","8333","FA","34","100,000","A","0","0%","0%"
"*076kb*","Denis Samudio","TOR","RP","8334","FA","21","100,000","A","0","0%","0%"
"*0737g*","Yilmar Samudio","PHI","SP","8335","FA","17","100,000","A","0","0%","0%"
"*06qi4*","Logan Samuels","ATL","RP","8336","FA","24","100,000","A","0","0%","0%"
"*060x4*","Jose Sanabria","(N/A)","3B,SS","8337","FA","23","100,000","A","0","0%","0%"
"*0663v*","Jose Sanabria","(N/A)","CF,OF","8338","FA","24","100,000","A","0","0%","0%"
"*066ez*","Romeo Sanabria","SD","1B","8339","FA","24","100,000","A","0","1%","0%"
"*0241y*","Aaron Sanchez","(N/A)","SP","8340","FA","34","100,000","A","0","0%","0%"
"*05yiz*","Adan Sanchez","(N/A)","C","8341","FA","21","100,000","A","0","0%","0%"
"*06hyt*","Adolfo Sanchez","CIN","CF,RF,OF","8342","FA","19","100,000","A","0","6%","0%"
"*06sue*","Angel Sanchez","(N/A)","RP","8343","FA","20","100,000","A","0","0%","0%"
"*05jx9*","Axel Sanchez","SEA","SS","8344","FA","23","100,000","A","0","1%","0%"
"*06k7p*","Brett Sanchez","(N/A)","SP","8345","FA","26","100,000","A","0","0%","0%"
"*06iad*","Brian Sanchez","PIT","CF,OF","8346","FA","22","100,000","A","0","1%","0%"
"*05rh1*","Bryan Sanchez","(N/A)","SP","8347","FA","23","100,000","A","0","0%","0%"
"*062ys*","Carlos Sanchez","CIN","3B,SS","8348","FA","21","100,000","A","0","2%","0%"
"*06rha*","Carlos Sanchez","MIA","C","8349","FA","21","100,000","A","0","0%","0%"
"*077ef*","Carlos Sanchez","BAL","SS","8350","FA","22","100,000","A","0","0%","0%"
"*0689q*","Denison Sanchez","BOS","RP","8351","FA","20","100,000","A","0","0%","0%"
"*06rgs*","Dikember Sanchez","(N/A)","RP","8352","FA","22","100,000","A","0","0%","0%"
"*061a7*","Edgar Sanchez","ATH","RP","8353","FA","25","100,000","A","0","0%","0%"
"*06p5x*","Edwin Sanchez","HOU","1B,RF,OF","8354","FA","21","100,000","A","0","0%","0%"
"*06ic3*","Emilio Sanchez","BAL","SS","8355","FA","19","100,000","A","0","1%","0%"
"*066r3*","Enger Sanchez","(N/A)","SP","8356","FA","23","100,000","A","0","0%","0%"
"*06ky5*","Enixon Sanchez","NYY","SP","8357","FA","19","100,000","A","0","0%","0%"
"*06sbo*","Eybert Sanchez","ARI","SS","8358","FA","18","100,000","A","0","0%","0%"
"*06r0m*","Fernando Sanchez","SD","RP","8359","FA","25","100,000","A","0","0%","0%"
"*066pj*","Franklin Sanchez","MIA","RP","8360","FA","25","100,000","A","0","0%","0%"
"*06o0p*","Gregory Sanchez","COL","SP","8361","FA","19","100,000","A","0","0%","0%"
"*062zg*","Heison Sanchez","(N/A)","2B","8362","FA","21","100,000","A","0","0%","0%"
"*05t7t*","Hugo Sanchez","(N/A)","SS","8363","FA","23","100,000","A","0","0%","0%"
"*06htq*","J.J. Sanchez","(N/A)","RP","8364","FA","26","100,000","A","0","0%","0%"
"*0519a*","Jadiel Sanchez","(N/A)","RF,OF","8365","FA","25","100,000","A","0","0%","0%"
"*03hfi*","Jake Sanchez","(N/A)","RP","8366","FA","36","100,000","A","0","0%","0%"
"*06ph4*","Javier Sanchez","TEX","1B","8367","FA","18","100,000","A","0","0%","0%"
"*076aa*","Johnderis Sanchez","NYM","SS","8368","FA","17","100,000","A","0","0%","0%"
"*07766*","Jonnhan Sanchez","NYM","1B","8369","FA","19","100,000","A","0","0%","0%"
"*06ie9*","Jordan Sanchez","BAL","RF,OF","8370","FA","20","100,000","A","0","2%","0%"
"*06r2t*","Jose Sanchez","WSH","RP","8371","FA","20","100,000","A","0","0%","0%"
"*04z9n*","Juan Sanchez","(N/A)","RP","8372","FA","25","100,000","A","0","0%","0%"
"*06am7*","Juan Sanchez","(N/A)","RP","8373","FA","23","100,000","A","0","0%","0%"
"*06rgw*","Juan Sanchez","TOR","3B,SS","8374","FA","18","100,000","A","0","21%","0%"
"*06zbg*","Julius Sanchez","TEX","SP","8375","FA","22","100,000","A","0","0%","0%"
"*05294*","Junior Sanchez","(N/A)","3B","8376","FA","23","100,000","A","0","1%","0%"
"*06r2u*","Junior Sanchez","ARI","SP","8377","FA","20","100,000","A","0","6%","0%"
"*066ds*","Justin Sanchez","(N/A)","RP","8378","FA","22","100,000","A","0","0%","0%"
"*06rrn*","Lisandro Sanchez","BAL","CF,OF","8379","FA","18","100,000","A","0","0%","0%"
"*066ny*","Luis Sanchez","ATL","2B,3B","8380","FA","22","100,000","A","0","0%","0%"
"*06awm*","Rafael Sanchez","(N/A)","SP","8381","FA","26","100,000","A","0","0%","0%"
"*05j8f*","Rodolfo Sanchez","(N/A)","SP","8382","FA","26","100,000","A","0","0%","0%"
"*06bku*","Samuel Sanchez","LAD","SP","8383","FA","20","100,000","A","0","0%","0%"
"*06v32*","Samuell Sanchez","DET","LF,OF","8384","FA","20","100,000","A","0","0%","0%"
"*0440n*","Sixto Sanchez","(N/A)","SP","8385","FA","27","100,000","A","0","1%","0%"
"*06tn5*","Steven Sanchez","(N/A)","RP","8386","FA","22","100,000","A","0","0%","0%"
"*06r8c*","Wilmy Sanchez","NYY","RP","8387","FA","22","100,000","A","0","0%","0%"
"*060w4*","Yanquiel Sanchez","(N/A)","RP","8388","FA","25","100,000","A","0","0%","0%"
"*066n4*","Yehizon Sanchez","MIN","RP","8389","FA","25","100,000","A","0","0%","0%"
"*06z57*","Yobanny Sanchez","NYM","SP","8390","FA","18","100,000","A","0","0%","0%"
"*06ic9*","Yohendry Sanchez","SF","C","8391","FA","19","100,000","A","0","0%","0%"
"*04yrn*","Yolbert Sanchez","(N/A)","2B,3B","8392","FA","29","100,000","A","0","0%","0%"
"*02i35*","Yolmer Sanchez","LAA","2B,SS","8393","FA","34","100,000","A","0","0%","0%"
"*06kxp*","Yosber Sanchez","DET","RP","8394","FA","25","100,000","A","0","0%","0%"
"*05u9k*","Jackson Sanders","(N/A)","SP","8395","FA","20","100,000","A","0","0%","0%"
"*06qj5*","Josh Sanders","TEX","RP","8396","FA","24","100,000","A","0","0%","0%"
"*05jsf*","Will Sanders","CHC","SP","8397","FA","24","100,000","A","0","2%","0%"
"*068ny*","Schuyler Sandford","(N/A)","SP","8398","FA","20","100,000","A","0","0%","0%"
"*05xue*","Michael Sandle","(N/A)","LF,OF","8399","FA","27","100,000","A","0","0%","0%"
"*06h02*","Nick Sando","CIN","RP","8400","FA","25","100,000","A","0","0%","0%"
"*0776d*","Carlos Sandoval","HOU","LF,RF,OF","8401","FA","17","100,000","A","0","0%","0%"
"*064n1*","Eliam Sandoval","(N/A)","LF,OF","8402","FA","22","100,000","A","0","0%","0%"
"*06r29*","Joshuan Sandoval","(N/A)","1B","8403","FA","28","100,000","A","0","0%","0%"
"*04yl9*","Jayvien Sandridge","BAL","RP","8404","FA","27","100,000","A","0","0%","0%"
"*03qnj*","Donny Sands","(N/A)","C","8405","FA","30","100,000","A","0","0%","0%"
"*06f8v*","Will Sandy","(N/A)","SP","8406","FA","26","100,000","A","0","0%","0%"
"*073u9*","Will Sanford","(N/A)","SP","8407","FA","20","100,000","A","0","0%","0%"
"*06mnl*","Wyatt Sanford","PIT","2B,SS","8408","FA","20","100,000","A","0","12%","0%"
"*01s9d*","Miguel Sano","(N/A)","1B,3B","8409","FA","33","100,000","A","0","0%","0%"
"*074z3*","Mike Sansone","BOS","SP","8410","FA","26","100,000","A","0","0%","0%"
"*072in*","Anthony Santa Cruz de Oviedo","LAA","1B,LF,OF","8411","FA","19","100,000","A","0","0%","0%"
"*06oon*","Tony Santa Maria","TB","2B,LF,OF","8412","FA","24","100,000","A","0","0%","0%"
"*06bfv*","Adrian Santana","TB","SS","8413","FA","21","100,000","A","0","3%","0%"
"*04aji*","Cristian Santana","(N/A)","3B","8414","FA","29","100,000","A","0","0%","0%"
"*05m4a*","Cristian Santana","DET","1B","8415","FA","22","100,000","A","0","1%","0%"
"*0776b*","Dariel Santana","NYY","SS","8416","FA","18","100,000","A","0","0%","0%"
"*061zm*","Jancel Santana","(N/A)","2B,SS","8417","FA","20","100,000","A","0","0%","0%"
"*06l0r*","Jean Santana","(N/A)","2B","8418","FA","19","100,000","A","0","0%","0%"
"*06v25*","Jose Santana","LAA","SS","8419","FA","18","100,000","A","0","0%","0%"
"*06r55*","Kevin Santana","HOU","SP","8420","FA","19","100,000","A","0","0%","0%"
"*04j4f*","Luis Santana","(N/A)","3B","8421","FA","26","100,000","A","0","0%","0%"
"*05y52*","Natanael Santana","(N/A)","LF,OF","8422","FA","24","100,000","A","0","0%","0%"
"*06ho7*","Paulino Santana","TEX","LF,CF,OF","8423","FA","19","100,000","A","0","11%","0%"
"*072oz*","Randy Santana","DET","RF,OF","8424","FA","17","100,000","A","0","2%","0%"
"*061tr*","Ruben Santana","(N/A)","1B,3B","8425","FA","21","100,000","A","0","1%","0%"
"*072nz*","Sandro Santana","ARI","RP","8426","FA","21","100,000","A","0","0%","0%"
"*06qyr*","Tyler Santana","CHC","RP","8427","FA","28","100,000","A","0","0%","0%"
"*06sbl*","Victor Santana","ARI","3B","8428","FA","18","100,000","A","0","0%","0%"
"*06xwc*","Yoander Santana","PIT","3B","8429","FA","18","100,000","A","0","0%","0%"
"*06c2z*","Yohanfer Santana","MIA","SP","8430","FA","20","100,000","A","0","1%","0%"
"*02w16*","Anthony Santander","TOR","RF,OF,DH","8431","Ethan","31","3,000,000","A","0","32%","0%"
"*05l1n*","Juan Santander","(N/A)","1B","8432","FA","23","100,000","A","0","0%","0%"
"*05uhb*","Carlos Santiago","(N/A)","SS","8433","FA","24","100,000","A","0","0%","0%"
"*0517k*","Glenn Santiago","(N/A)","2B","8434","FA","25","100,000","A","0","0%","0%"
"*05r6b*","Pedro Santillan","(N/A)","RP","8435","FA","25","100,000","A","0","0%","0%"
"*05gwv*","Alex Santos","HOU","SP","8436","FA","24","100,000","A","0","1%","0%"
"*046td*","Antonio Santos","(N/A)","SP","8437","FA","29","100,000","A","0","0%","0%"
"*05j92*","Dahian Santos","(N/A)","RP","8438","FA","23","100,000","A","0","1%","0%"
"*06bj2*","Enmanuel Santos","KC","RF,OF","8439","FA","20","100,000","A","0","0%","0%"
"*066bx*","Javier Santos","(N/A)","SP","8440","FA","23","100,000","A","0","0%","0%"
"*073u5*","Jhoendris Santos","PIT","SS","8441","FA","17","100,000","A","0","0%","0%"
"*04yb5*","Junior Santos","(N/A)","RP","8442","FA","24","100,000","A","0","0%","0%"
"*06fqv*","Nolan Santos","MIN","RP","8443","FA","25","100,000","A","0","0%","0%"
"*0517n*","Oscar Santos","(N/A)","C","8444","FA","25","100,000","A","0","0%","0%"
"*06kvn*","Pedro Santos","(N/A)","RP","8445","FA","26","100,000","A","0","0%","0%"
"*06r6z*","Robert Santos","(N/A)","CF,OF","8446","FA","20","100,000","A","0","0%","0%"
"*06suj*","Steven Santos","(N/A)","1B","8447","FA","19","100,000","A","0","0%","0%"
"*04uwo*","Victor Santos","STL","RP","8448","FA","26","100,000","A","0","0%","0%"
"*06o0v*","Victor Santos","BAL","SP","8449","FA","19","100,000","A","0","0%","0%"
"*06l7a*","Yeriel Santos","HOU","SP","8450","FA","22","100,000","A","0","0%","0%"
"*060ue*","Jonathan Santucci","NYM","SP","8451","FA","23","100,000","A","0","18%","0%"
"*06avy*","Marino Santy","CHC","RP","8452","FA","24","100,000","A","0","0%","0%"
"*06o05*","Boris Sarduy","SF","LF,OF","8453","FA","19","100,000","A","0","0%","0%"
"*075gm*","Chris Sargent","SD","C","8454","FA","26","100,000","A","0","0%","0%"
"*0620y*","Dangelo Sarmiento","(N/A)","2B","8455","FA","21","100,000","A","0","0%","0%"
"*0778u*","Raymond Sarmiento","MIL","SP","8456","FA","18","100,000","A","0","0%","0%"
"*06z0s*","Joel Sarver","ARI","RP","8457","FA","24","100,000","A","0","0%","0%"
"*06mea*","Rintaro Sasaki","MIA","1B","8458","FA","21","100,000","A","0","2%","0%"
"*0512w*","Shane Sasaki","CIN","LF,CF,OF","8459","FA","26","100,000","A","0","1%","0%"
"*06uxg*","Sammy Sass","(N/A)","C","8460","FA","25","100,000","A","0","0%","0%"
"*072hv*","Genei Sato","(N/A)","SP","8461","FA","21","100,000","A","0","1%","0%"
"*06hj6*","Teruaki Sato","(N/A)","3B","8462","FA","27","100,000","A","0","3%","0%"
"*060q3*","Casey Saucke","CHW","RF,OF","8463","FA","22","100,000","A","0","1%","0%"
"*06htf*","Kelena Sauer","TOR","SP","8464","FA","23","100,000","A","0","0%","0%"
"*04ef0*","Matt Sauer","(N/A)","SP","8465","FA","27","100,000","A","0","1%","0%"
"*064nk*","Eli Saul","(N/A)","RP","8466","FA","24","100,000","A","0","0%","0%"
"*06zfi*","Charlie Saum","TOR","C","8467","FA","22","100,000","A","0","0%","0%"
"*072es*","Grayson Saunier","HOU","SP","8468","FA","22","100,000","A","0","0%","0%"
"*06zlm*","Logan Sauve","ATH","C","8469","FA","23","100,000","A","0","0%","0%"
"*05ygw*","Jason Savacool","(N/A)","SP","8470","FA","24","100,000","A","0","0%","0%"
"*06hts*","Luke Savage","TEX","RP","8471","FA","24","100,000","A","0","0%","0%"
"*070ei*","Aaron Savary","CLE","SP","8472","FA","21","100,000","A","0","0%","0%"
"*05j76*","Nate Savino","ARI","RP","8473","FA","24","100,000","A","0","1%","0%"
"*074du*","Samuel Savinon","LAD","SP","8474","FA","19","100,000","A","0","0%","0%"
"*06uvz*","Nate Savoie","(N/A)","RF,OF","8475","FA","20","100,000","A","0","0%","0%"
"*066j8*","Alec Sayre","(N/A)","LF,OF","8476","FA","25","100,000","A","0","0%","0%"
"*03pp9*","Josh Sborz","TEX","RP","8477","FA","32","100,000","A","0","1%","0%"
"*06l5o*","Frankie Scalzo Jr.","CHC","RP","8478","FA","26","100,000","A","0","0%","0%"
"*076ge*","Jack Scanlon","NYM","C","8479","FA","25","100,000","A","0","0%","0%"
"*070cu*","Matt Scannell","ATL","CF,OF","8480","FA","24","100,000","A","0","0%","0%"
"*06f1j*","Caden Scarborough","TEX","SP","8481","B&A","21","500,000","A","0","32%","0%"
"*06zid*","Joe Scarborough","NYM","RP","8482","FA","22","100,000","A","0","0%","0%"
"*075v9*","Luke Schafer","LAA","SP","8483","FA","25","100,000","A","0","0%","0%"
"*06v64*","Jake Schaffner","BOS","SS","8484","FA","21","100,000","A","0","0%","0%"
"*06gj0*","Shay Schanaman","ATL","RP","8485","FA","26","100,000","A","0","0%","0%"
"*07670*","Bryce Schaum","MIL","SP","8486","FA","23","100,000","A","0","0%","0%"
"*06akt*","Dominic Scheffler","CIN","RP","8487","FA","21","100,000","A","0","0%","0%"
"*05uom*","Matt Scheffler","(N/A)","C","8488","FA","28","100,000","A","0","0%","0%"
"*04eh7*","Alex Scherff","(N/A)","SP","8489","FA","28","100,000","A","0","0%","0%"
"*06hep*","Luke Scherrer","PIT","1B","8490","FA","21","100,000","A","0","0%","0%"
"*06qnu*","Jason Schiavone","HOU","C","8491","FA","23","100,000","A","0","3%","0%"
"*06kkc*","Ethan Schiefelbein","DET","RP","8492","FA","20","100,000","A","0","2%","0%"
"*06qss*","Ryan Schiefer","CHW","SP","8493","FA","22","100,000","A","0","0%","0%"
"*05174*","Tyler Schlaffer","CHC","SP","8494","FA","25","100,000","A","0","0%","0%"
"*06oo6*","Rafe Schlesinger","CLE","SP","8495","FA","23","100,000","A","0","1%","0%"
"*04ee7*","Clarke Schmidt","NYY","SP","8496","Max","30","2,600,000","A","0","33%","0%"
"*069xx*","Logan Schmidt","CLE","1B,SP","8497","FA","17","100,000","A","0","1%","0%"
"*06hew*","William Schmidt","(N/A)","SP","8498","FA","20","100,000","A","0","1%","0%"
"*072eh*","Tyler Schmitt","SD","SP","8499","FA","21","100,000","A","0","0%","0%"
"*04pm9*","Nick Schnell","(N/A)","CF,RF,OF","8500","FA","26","100,000","A","0","1%","0%"
"*0622s*","Tanner Schobel","MIN","3B,SS","8501","FA","25","100,000","A","0","1%","0%"
"*063vy*","Garrett Schoenle","CHW","RP","8502","FA","28","100,000","A","0","0%","0%"
"*067xk*","Cole Schoenwetter","CIN","SP","8503","FA","21","100,000","A","0","2%","0%"
"*06cq6*","Tyler Schoff","ATL","RP","8504","FA","27","100,000","A","0","0%","0%"
"*0519j*","T.J. Schofield-Sam","(N/A)","1B","8505","FA","25","100,000","A","0","0%","0%"
"*06hu3*","Will Schomberg","MIA","SP","8506","FA","25","100,000","A","0","0%","0%"
"*064wj*","Kruz Schoolcraft","SD","SP","8507","J&A","19","500,000","A","0","36%","0%"
"*0603l*","RJ Schreck","TOR","CF,RF,OF","8508","FA","26","100,000","A","0","4%","0%"
"*066jz*","Troy Schreffler","(N/A)","LF,OF","8509","FA","25","100,000","A","0","0%","0%"
"*05uam*","Cody Schrier","MIA","1B","8510","FA","23","100,000","A","0","0%","0%"
"*06amt*","Kyle Schroedle","(N/A)","RF,OF","8511","FA","26","100,000","A","0","0%","0%"
"*05re4*","Nolan Schubart","CLE","1B","8512","FA","22","100,000","A","0","3%","0%"
"*06qja*","Jay Schueler","TOR","RP","8513","FA","25","100,000","A","0","0%","0%"
"*06ooi*","Cam Schuelke","CLE","RP","8514","FA","24","100,000","A","0","1%","0%"
"*04q1l*","Austin Schulfer","(N/A)","RP","8515","FA","30","100,000","A","0","0%","0%"
"*0514n*","Andrew Schultz","STL","RP","8516","FA","28","100,000","A","0","0%","0%"
"*06s3k*","Connor Schultz","CHC","RP","8517","FA","27","100,000","A","0","0%","0%"
"*06fzd*","Thomas Schultz","WSH","RP","8518","FA","26","100,000","A","0","0%","0%"
"*0511w*","Aaron Schunk","ATL","SS","8519","FA","28","100,000","A","0","2%","0%"
"*05taz*","JT Schwartz","NYM","1B","8520","FA","26","100,000","A","0","0%","0%"
"*06hj1*","Nick Schwartz","(N/A)","C","8521","FA","25","100,000","A","0","0%","0%"
"*05tq1*","Spencer Schwellenbach","ATL","SP","8522","FA","26","100,000","A","0","71%","0%"
"*073pr*","Cal Scolari","CHW","SP","8523","FA","22","100,000","A","0","0%","0%"
"*0662s*","Jonah Scolaro","(N/A)","SP","8524","FA","27","100,000","A","0","0%","0%"
"*04pqn*","Adam Scott","(N/A)","P","8525","FA","30","100,000","A","0","0%","0%"
"*05ymi*","Braden Scott","ATL","SP","8526","FA","28","100,000","A","0","0%","0%"
"*04oh1*","Connor Scott","KC","RF,OF","8527","FA","26","100,000","A","0","1%","0%"
"*0779b*","Cullen Scott","(N/A)","SP","8528","FA","16","100,000","A","0","0%","0%"
"*06htb*","Kyle Scott","CLE","RP","8529","FA","24","100,000","A","0","0%","0%"
"*06c1i*","Matt Scott","(N/A)","SP","8530","FA","22","100,000","A","0","0%","0%"
"*06fz8*","Quincy Scott","TEX","1B","8531","FA","23","100,000","A","0","0%","0%"
"*057w1*","Stephen Scott","(N/A)","C","8532","FA","29","100,000","A","0","0%","0%"
"*02btg*","Tayler Scott","(N/A)","RP","8533","FA","34","100,000","A","0","0%","0%"
"*066cg*","Wesley Scott","(N/A)","SP","8534","FA","25","100,000","A","0","0%","0%"
"*075sf*","Win Scott","DET","RP","8535","FA","23","100,000","A","0","0%","0%"
"*041u2*","Andre Scrubb","(N/A)","RP","8536","FA","31","100,000","A","0","0%","0%"
"*06c2s*","Anthony Scull","LAA","CF,OF","8537","FA","22","100,000","A","0","0%","0%"
"*06mpt*","Shane Sdao","NYM","RP","8538","FA","22","100,000","A","0","0%","0%"
"*06hef*","Chandler Seagle","(N/A)","C","8539","FA","30","100,000","A","0","0%","0%"
"*06ysh*","Jacob Seamon","(N/A)","CF,OF","8540","FA","16","100,000","A","0","0%","0%"
"*06gip*","Andrew Sears","DET","SP","8541","FA","23","100,000","A","0","2%","0%"
"*066by*","Ben Sears","KC","RP","8542","FA","26","100,000","A","0","0%","0%"
"*06qi1*","Brett Sears","ATL","SP","8543","FA","26","100,000","A","0","1%","0%"
"*06qlm*","Parker Seay","NYY","RP","8544","FA","25","100,000","A","0","0%","0%"
"*06ql4*","Zander Sechrist","(N/A)","RP","8545","FA","24","100,000","A","0","0%","0%"
"*06z3o*","Trey Seeley","SF","SP","8546","FA","24","100,000","A","0","0%","0%"
"*06422*","Enrique Segura","TEX","SP","8547","FA","21","100,000","A","0","0%","0%"
"*066nr*","Anson Seibert","(N/A)","3B","8548","FA","20","100,000","A","0","0%","0%"
"*06l45*","Hayden Seig","LAA","RP","8549","FA","27","100,000","A","0","0%","0%"
"*06rhr*","Kegnnalex Seijas","MIL","1B","8550","FA","20","100,000","A","0","0%","0%"
"*04q7i*","Colin Selby","BAL","RP","8551","FA","28","100,000","A","0","1%","0%"
"*06ky3*","Brock Sell","(N/A)","CF,OF","8552","FA","19","100,000","A","0","0%","0%"
"*06hf2*","Trent Sellers","NYY","SP","8553","FA","26","100,000","A","0","0%","0%"
"*06hwz*","Jack Sellinger","MIA","RP","8554","FA","26","100,000","A","0","0%","0%"
"*05u9l*","Brock Selvidge","NYY","SP","8555","FA","23","100,000","A","0","3%","0%"
"*06cp8*","Moises Semerite","ATL","SS","8556","FA","20","100,000","A","0","0%","0%"
"*05jr6*","Adam Seminaris","PHI","SP","8557","FA","27","100,000","A","0","0%","0%"
"*060gm*","Montana Semmel","(N/A)","RP","8558","FA","24","100,000","A","0","0%","0%"
"*04elc*","Shawn Semple","(N/A)","SP","8559","FA","30","100,000","A","0","0%","0%"
"*06v3x*","Yorber Semprun","NYM","2B","8560","FA","18","100,000","A","0","0%","0%"
"*0778i*","Alfredo Sena","(N/A)","SS","8561","FA","16","100,000","A","0","0%","0%"
"*06mno*","Reidis Sena","BOS","RP","8562","FA","25","100,000","A","0","0%","0%"
"*072bj*","Andrew Sentlinger","CHW","RP","8563","FA","22","100,000","A","0","0%","0%"
"*03zc9*","Nick Senzel","(N/A)","3B,LF,OF","8564","FA","31","100,000","A","0","1%","0%"
"*075lg*","Jack Seppings","MIL","RP","8565","FA","24","100,000","A","0","0%","0%"
"*076gb*","Eddison Septimo","BOS","RP","8566","FA","19","100,000","A","0","0%","0%"
"*060w0*","Gabriel Sequeira","(N/A)","RP","8567","FA","28","100,000","A","0","0%","0%"
"*06rls*","Joseph Sequera","(N/A)","C","8568","FA","20","100,000","A","0","0%","0%"
"*0637k*","Leonel Sequera","STL","SP","8569","FA","20","100,000","A","0","1%","0%"
"*072qt*","Diego Serna","SD","SP","8570","FA","17","100,000","A","0","1%","0%"
"*062jx*","Jared Serna","MIA","2B,SS","8571","FA","24","100,000","A","0","4%","0%"
"*05uve*","Luis Serna","NYY","SP","8572","FA","21","100,000","A","0","2%","0%"
"*06cqk*","Omar Serna","(N/A)","C","8573","FA","19","100,000","A","0","0%","0%"
"*06ajk*","Eli Serrano","NYM","CF,RF,OF","8574","FA","23","100,000","A","0","2%","0%"
"*04nur*","Florencio Serrano","(N/A)","RP","8575","FA","26","100,000","A","0","0%","0%"
"*05rjc*","Jhoniel Serrano","(N/A)","SP","8576","FA","22","100,000","A","0","0%","0%"
"*05rzk*","Jose Serrano","(N/A)","1B","8577","FA","22","100,000","A","0","0%","0%"
"*06umy*","Jose Serrano","HOU","RP","8578","FA","22","100,000","A","0","0%","0%"
"*072jh*","Samil Serrano","WSH","CF,OF","8579","FA","17","100,000","A","0","1%","0%"
"*06r7g*","Teilon Serrano","MIN","CF,OF","8580","FA","18","100,000","A","0","2%","0%"
"*0737s*","Yanfri Serrano","CHC","LF,RF,OF","8581","FA","17","100,000","A","0","0%","0%"
"*0657b*","Danny Serretti","ARI","3B","8582","FA","26","100,000","A","0","2%","0%"
"*05jpc*","Anthony Servideo","(N/A)","3B","8583","FA","27","100,000","A","0","0%","0%"
"*06r9f*","Kenny Serwa","DET","SP","8584","FA","28","100,000","A","0","1%","0%"
"*066az*","Adam Serwinowski","LAD","SP","8585","FA","22","100,000","A","0","6%","0%"
"*05r0t*","Anderson Severino","(N/A)","RP","8586","FA","31","100,000","A","0","0%","0%"
"*0731s*","Aneudi Severino","TOR","LF,OF","8587","FA","17","100,000","A","0","0%","0%"
"*06rw9*","Carlos Severino","PHI","SS","8588","FA","18","100,000","A","0","0%","0%"
"*06rsr*","Frailyn Severino","(N/A)","3B","8589","FA","19","100,000","A","0","0%","0%"
"*05yim*","Jhonny Severino","PIT","2B,3B","8590","FA","21","100,000","A","0","2%","0%"
"*06c8s*","Juan Severino","(N/A)","RP","8591","FA","22","100,000","A","0","0%","0%"
"*06rss*","Lluveres Severino","TOR","RP","8592","FA","22","100,000","A","0","0%","0%"
"*04ahd*","Yunior Severino","(N/A)","RF,OF","8593","FA","26","100,000","A","0","1%","0%"
"*072vv*","Leonardo Sevilla","ARI","SS","8594","FA","18","100,000","A","0","0%","0%"
"*06yuz*","Dylan Seward","(N/A)","SS","8595","FA","17","100,000","A","0","1%","0%"
"*05jrw*","Bob Seymour","(N/A)","1B","8596","FA","27","100,000","A","0","0%","0%"
"*06c29*","Tzu-Chen Sha","ATH","SP","8597","FA","22","100,000","A","0","1%","0%"
"*06fz7*","Colby Shade","MIA","LF,CF,OF","8598","FA","24","100,000","A","0","0%","0%"
"*06qpy*","Jacob Shafer","ATL","SP","8599","FA","24","100,000","A","0","0%","0%"
"*06uy8*","Bryce Shaffer","TB","RP","8600","FA","24","100,000","A","0","0%","0%"
"*072bh*","Andrew Shaffner","CIN","RP","8601","FA","23","100,000","A","0","0%","0%"
"*06fqs*","Teddy Sharkey","BAL","RP","8602","FA","24","100,000","A","0","0%","0%"
"*06hoj*","Jacob Sharp","TOR","C","8603","FA","24","100,000","A","0","0%","0%"
"*066fl*","Reese Sharp","(N/A)","SP","8604","FA","25","100,000","A","0","0%","0%"
"*0424b*","Sterling Sharp","(N/A)","SP","8605","FA","31","100,000","A","0","0%","0%"
"*05u9f*","Davis Sharpe","CLE","RP","8606","FA","26","100,000","A","0","0%","0%"
"*06hoo*","A.J. Shaver","(N/A)","CF,OF","8607","FA","24","100,000","A","0","0%","0%"
"*01uay*","Bryan Shaw","(N/A)","RP","8608","FA","38","100,000","A","0","0%","0%"
"*06z3p*","Colton Shaw","SEA","SP","8609","FA","23","100,000","A","0","1%","0%"
"*06qr7*","Evan Shaw","LAD","RP","8610","FA","25","100,000","A","0","0%","0%"
"*06gid*","Sam Shaw","TOR","2B","8611","FA","21","100,000","A","0","2%","0%"
"*05tzk*","Evan Shawver","COL","RP","8612","FA","26","100,000","A","0","1%","0%"
"*06dvt*","Tanner Shears","(N/A)","SP","8613","FA","27","100,000","A","0","0%","0%"
"*06umi*","Tommy Sheehan","CHW","SP","8614","FA","27","100,000","A","0","0%","0%"
"*03c9c*","Justus Sheffield","(N/A)","RP","8615","FA","30","100,000","A","0","0%","0%"
"*06yt7*","Noah Sheffield","(N/A)","3B","8616","FA","20","100,000","A","0","0%","0%"
"*06zbf*","Jake Shelagowski","STL","RP","8617","FA","22","100,000","A","0","0%","0%"
"*0779c*","Martin Shelar","BOS","CF,OF","8618","FA","18","100,000","A","0","0%","0%"
"*06al9*","Colby Shelton","CHW","SS","8619","FA","23","100,000","A","0","3%","0%"
"*06fus*","Easton Shelton","LAD","1B","8620","FA","20","100,000","A","0","2%","0%"
"*06pvl*","Chia-Shi Shen","SEA","SP","8621","FA","22","100,000","A","0","1%","0%"
"*04y98*","Austin Shenton","(N/A)","1B,3B","8622","FA","28","100,000","A","0","1%","0%"
"*05yar*","Rouselle Shepard","(N/A)","SS","8623","FA","18","100,000","A","0","0%","0%"
"*06qoc*","Blake Shepardson","CHW","RP","8624","FA","23","100,000","A","0","0%","0%"
"*06p60*","Grant Shepardson","MIA","SP","8625","FA","20","100,000","A","0","1%","0%"
"*06hhh*","Anthony Sherwin","(N/A)","3B","8626","FA","24","100,000","A","0","0%","0%"
"*072yv*","Reo Shibata","(N/A)","SP","8627","FA","20","100,000","A","0","0%","0%"
"*06hf1*","Ben Shields","COL","SP","8628","FA","27","100,000","A","0","1%","0%"
"*06kke*","David Shields","KC","SP","8629","FA","19","100,000","A","0","17%","0%"
"*0662p*","Jun-Seok Shim","NYM","RP","8630","FA","22","100,000","A","0","2%","0%"
"*06hs0*","Wooyeoul Shin","(N/A)","1B","8631","FA","24","100,000","A","0","0%","0%"
"*076n0*","Nathan Shinn","STL","SP","8632","FA","22","100,000","A","0","0%","0%"
"*06qou*","Jake Shirk","PIT","RP","8633","FA","24","100,000","A","0","0%","0%"
"*07770*","David Shirley","MIA","SS","8634","FA","18","100,000","A","0","0%","0%"
"*06ahv*","Luke Shliger","DET","C","8635","FA","24","100,000","A","0","0%","0%"
"*06qxo*","Dylan Shockley","(N/A)","C","8636","FA","29","100,000","A","0","0%","0%"
"*075o6*","Jason Shockley","BAL","RP","8637","FA","23","100,000","A","0","0%","0%"
"*05y4r*","Adam Shoemaker","HOU","SP","8638","FA","23","100,000","A","0","0%","0%"
"*06qvj*","Kodey Shojinaga","PHI","C,1B","8639","FA","23","100,000","A","0","0%","0%"
"*05ydu*","Chase Shores","LAA","RP","8640","FA","22","100,000","A","0","7%","0%"
"*0519b*","Avery Short","ARI","SP","8641","FA","25","100,000","A","0","0%","0%"
"*04pqc*","Aaron Shortridge","WSH","SP","8642","FA","29","100,000","A","0","0%","0%"
"*06r4q*","Carter Shouse","(N/A)","CF,OF","8643","FA","16","100,000","A","0","0%","0%"
"*064ni*","Zack Showalter","(N/A)","RP","8644","FA","22","100,000","A","0","1%","0%"
"*075lk*","Caleb Shpur","DET","RF,OF","8645","FA","24","100,000","A","0","0%","0%"
"*02hkk*","Chasen Shreve","(N/A)","RP","8646","FA","36","100,000","A","0","0%","0%"
"*051cf*","Ryan Shreve","(N/A)","RP","8647","FA","28","100,000","A","0","0%","0%"
"*06kjw*","Garrett Shull","(N/A)","CF,OF","8648","FA","21","100,000","A","0","0%","0%"
"*0514g*","Seth Shuman","WSH","SP","8649","FA","28","100,000","A","0","0%","0%"
"*03qmv*","Nicholas Shumpert","(N/A)","SS","8650","FA","29","100,000","A","0","0%","0%"
"*06zic*","RJ Shunck","MIA","RP","8651","FA","22","100,000","A","0","0%","0%"
"*04yik*","Sammy Siani","SEA","LF,RF,OF","8652","FA","25","100,000","A","0","1%","0%"
"*06zrb*","Evan Siary","TEX","SP","8653","FA","22","100,000","A","0","0%","0%"
"*03zxi*","Jose Sibrian","(N/A)","C","8654","FA","27","100,000","A","0","0%","0%"
"*072ft*","Cooper Sides","(N/A)","SP","8655","FA","18","100,000","A","0","0%","0%"
"*06cp6*","Juan Sierra","HOU","RF,OF","8656","FA","20","100,000","A","0","0%","0%"
"*03h8n*","Magneuris Sierra","(N/A)","LF,CF,OF","8657","FA","30","100,000","A","0","0%","0%"
"*073xw*","Kason Siguenza","LAA","SS","8658","FA","18","100,000","A","0","0%","0%"
"*05y6u*","Phillip Sikes","(N/A)","RF,OF","8659","FA","27","100,000","A","0","0%","0%"
"*0511f*","TJ Sikkema","(N/A)","SP","8660","FA","27","100,000","A","0","1%","0%"
"*066dg*","Easton Sikorski","CIN","RP","8661","FA","26","100,000","A","0","0%","0%"
"*0730w*","Roman Silgado","DET","C","8662","FA","17","100,000","A","0","0%","0%"
"*06rii*","Renny Sillet","(N/A)","C","8663","FA","19","100,000","A","0","0%","0%"
"*06c5l*","Anthony Silva","CLE","2B","8664","FA","23","100,000","A","0","0%","0%"
"*06rl4*","Brahian Silva","(N/A)","C","8665","FA","23","100,000","A","0","0%","0%"
"*066mh*","Carlos Silva","(N/A)","C","8666","FA","20","100,000","A","0","0%","0%"
"*066os*","Daniel Silva","(N/A)","1B","8667","FA","21","100,000","A","0","0%","0%"
"*05vy4*","Eric Silva","DET","SP","8668","FA","23","100,000","A","0","0%","0%"
"*06rjz*","Gabriel Silva","KC","C","8669","FA","22","100,000","A","0","0%","0%"
"*06ak9*","Heribert Silva","CLE","CF,RF,OF","8670","FA","20","100,000","A","0","0%","0%"
"*076kx*","Jose Silva","CHC","SS","8671","FA","19","100,000","A","0","1%","0%"
"*06rh9*","Manuel Silva","(N/A)","DH","8672","FA","19","100,000","A","0","0%","0%"
"*0731e*","Patrick Silva","PHI","3B","8673","FA","17","100,000","A","0","0%","0%"
"*066jx*","William Silva","(N/A)","SP","8674","FA","24","100,000","A","0","0%","0%"
"*06uy9*","Yeferson Silva","(N/A)","RP","8675","FA","21","100,000","A","0","0%","0%"
"*05yei*","Yoelvin Silven","(N/A)","SP","8676","FA","27","100,000","A","0","0%","0%"
"*060of*","Andres Silvera","PIT","RP","8677","FA","21","100,000","A","0","0%","0%"
"*06kgn*","Franchely Silverio","HOU","SS","8678","FA","19","100,000","A","0","0%","0%"
"*072yf*","Garielvin Silverio","BOS","CF,OF","8679","FA","17","100,000","A","0","1%","0%"
"*060qq*","Jesus Silverio","(N/A)","SP","8680","FA","24","100,000","A","0","0%","0%"
"*06rjm*","Engel Silvestre","(N/A)","RP","8681","FA","20","100,000","A","0","0%","0%"
"*076vl*","Jose Silvestre","TEX","SP","8682","FA","19","100,000","A","0","0%","0%"
"*06ekk*","Kevin Sim","(N/A)","1B","8683","FA","24","100,000","A","0","0%","0%"
"*06uy6*","Yoryi Simarra","(N/A)","RP","8684","FA","21","100,000","A","0","0%","0%"
"*051jn*","Karson Simas","CHC","2B","8685","FA","25","100,000","A","0","0%","0%"
"*06ybd*","Miguel Sime","WSH","SP","8686","ELLY","19","500,000","A","0","21%","0%"
"*06tlj*","Victor Simeon","TEX","RP","8687","FA","25","100,000","A","0","0%","0%"
"*06hwi*","Dylan Simmons","CIN","RP","8688","FA","25","100,000","A","0","0%","0%"
"*04prp*","Kendall Simmons","(N/A)","3B","8689","FA","26","100,000","A","0","0%","0%"
"*06qh7*","Kenyon Simmons","(N/A)","3B","8690","FA","19","100,000","A","0","0%","0%"
"*06301*","Toby Simmons","(N/A)","CF,OF","8691","FA","21","100,000","A","0","0%","0%"
"*06hud*","Ben Simon","NYM","RP","8692","FA","24","100,000","A","0","0%","0%"
"*06rml*","Jhon Simon","TEX","3B","8693","FA","18","100,000","A","0","0%","0%"
"*067x1*","Johan Simon","DET","RP","8694","FA","25","100,000","A","0","0%","0%"
"*0648h*","Liam Simon","SF","RP","8695","FA","25","100,000","A","0","0%","0%"
"*05t25*","Ronny Simon","PIT","2B,LF,OF","8696","FA","26","100,000","A","0","1%","0%"
"*06qxh*","William Simoneit","TOR","C","8697","FA","29","100,000","A","0","0%","0%"
"*06af8*","Anthony Simonelli","KC","RP","8698","FA","27","100,000","A","0","0%","0%"
"*06fqh*","Jared Simpson","WSH","RP","8699","FA","26","100,000","A","0","0%","0%"
"*051e0*","Will Simpson","TB","1B","8700","FA","24","100,000","A","0","2%","0%"
"*074mo*","Aiden Sims","(N/A)","SP","8701","FA","20","100,000","A","0","0%","0%"
"*06u7e*","Hale Sims","(N/A)","RP","8702","FA","26","100,000","A","0","0%","0%"
"*05rgm*","Landon Sims","ARI","RP","8703","FA","25","100,000","A","0","2%","0%"
"*06r74*","Savion Sims","(N/A)","SP","8704","FA","19","100,000","A","0","0%","0%"
"*05xq3*","Nick Sinacola","(N/A)","RP","8705","FA","26","100,000","A","0","0%","0%"
"*06rjn*","Jack Sinclair","WSH","RP","8706","FA","27","100,000","A","0","0%","0%"
"*01srk*","Jon Singleton","(N/A)","DH","8707","FA","34","100,000","A","0","0%","0%"
"*06qsj*","Justin Sinibaldi","CHW","SP","8708","FA","24","100,000","A","0","0%","0%"
"*06c8x*","Luke Sinnard","ATL","SP","8709","FA","23","100,000","A","0","6%","0%"
"*06ylq*","Kyle Sinzza","ARI","2B","8710","FA","19","100,000","A","0","0%","0%"
"*066qb*","Jean Carlos Sio","SF","2B,SS","8711","FA","22","100,000","A","0","0%","0%"
"*06byh*","Saul Siri","(N/A)","RP","8712","FA","21","100,000","A","0","0%","0%"
"*066ip*","Mike Sirota","LAD","CF,OF","8713","R&J","23","500,000","A","0","44%","0%"
"*076qk*","Oliver Sirotti","ATH","RP","8714","FA","19","100,000","A","0","0%","0%"
"*06qh4*","Givian Sirvania","BOS","3B","8715","FA","18","100,000","A","0","0%","0%"
"*03117*","Chance Sisco","(N/A)","C","8716","FA","31","100,000","A","0","0%","0%"
"*06nk6*","Cameron Sisneros","HOU","1B","8717","FA","25","100,000","A","0","0%","0%"
"*05ogv*","Noah Skirrow","(N/A)","SP","8718","FA","27","100,000","A","0","0%","0%"
"*06qox*","Ryan Slater","SF","RP","8719","FA","24","100,000","A","0","0%","0%"
"*06y9s*","Johnny Slawinski","LAA","SP","8720","FA","19","100,000","A","0","8%","0%"
"*077ej*","Jack Slightom","KC","SP","8721","FA","18","100,000","A","0","0%","0%"
"*070cz*","Braeden Sloan","BAL","RP","8722","FA","23","100,000","A","0","0%","0%"
"*06qgr*","Ethan Sloan","DET","RP","8723","FA","23","100,000","A","0","0%","0%"
"*06ier*","Ryan Sloan","SEA","SP","8724","B&A","20","500,000","A","0","53%","0%"
"*0511g*","Ethan Small","(N/A)","RP","8725","FA","29","100,000","A","0","1%","0%"
"*060y0*","Colby Smelley","(N/A)","C","8726","FA","26","100,000","A","0","0%","0%"
"*064o0*","Jackson Smeltz","SD","RP","8727","FA","27","100,000","A","0","0%","0%"
"*041ry*","Devin Smeltzer","(N/A)","RP","8728","FA","30","100,000","A","0","0%","0%"
"*05ygm*","Adam Smith","SEA","RP","8729","FA","26","100,000","A","0","0%","0%"
"*06dq9*","Aidan Smith","TB","CF,OF","8730","FA","21","100,000","A","0","15%","0%"
"*06yxo*","Angelo Smith","LAA","RP","8731","FA","22","100,000","A","0","0%","0%"
"*070ef*","Aubrey Smith","HOU","RP","8732","FA","22","100,000","A","0","0%","0%"
"*067xp*","Austin Smith","COL","RP","8733","FA","27","100,000","A","0","0%","0%"
"*06yxn*","Austin Smith","TOR","CF,OF","8734","FA","23","100,000","A","0","0%","0%"
"*06yxm*","Boston Smith","CHW","C","8735","FA","23","100,000","A","0","1%","0%"
"*06ftt*","Brady Smith","LAD","SP","8736","FA","21","100,000","A","0","6%","0%"
"*070cx*","Brayden Smith","STL","2B","8737","FA","22","100,000","A","0","0%","0%"
"*06f15*","Cade Smith","NYY","SP","8738","FA","24","100,000","A","0","2%","0%"
"*03753*","Caleb Smith","(N/A)","SP","8739","FA","34","100,000","A","0","0%","0%"
"*05jq1*","D'Andre Smith","NYM","LF,RF,OF","8740","FA","25","100,000","A","0","0%","0%"
"*06umx*","Darien Smith","SF","RP","8741","FA","26","100,000","A","0","0%","0%"
"*06hx2*","David Smith","(N/A)","LF,OF","8742","FA","25","100,000","A","0","0%","0%"
"*06zah*","Derrick Smith","COL","RP","8743","FA","22","100,000","A","0","0%","0%"
"*03qkc*","Drew Smith","(N/A)","RP","8744","FA","32","100,000","A","0","0%","0%"
"*06qpu*","Gavin Smith","TOR","SS","8745","FA","20","100,000","A","0","0%","0%"
"*06nkn*","Grant Smith","(N/A)","SS","8746","FA","25","100,000","A","0","0%","0%"
"*05zd4*","Hagen Smith","CHW","SP","8747","Steve","22","500,000","A","0","50%","0%"
"*04q72*","Josh Smith","(N/A)","P","8749","FA","29","100,000","A","0","0%","0%"
"*072co*","JP Smith","MIN","1B","8748","FA","21","100,000","A","0","0%","0%"
"*06qwu*","Kolten Smith","MIN","RP","8750","FA","22","100,000","A","0","0%","0%"
"*0512y*","Marcus Smith","CIN","RF,OF","8751","FA","25","100,000","A","0","0%","0%"
"*06qwa*","Myles Smith","(N/A)","LF,OF","8752","FA","24","100,000","A","0","0%","0%"
"*05tze*","Noah Smith","(N/A)","SS","8753","FA","23","100,000","A","0","0%","0%"
"*06oo2*","Parker Smith","HOU","SP","8754","FA","23","100,000","A","0","1%","0%"
"*05tp9*","Peyton Smith","(N/A)","SP","8755","FA","23","100,000","A","0","0%","0%"
"*06rqc*","Robinson Smith","PIT","SP","8756","FA","18","100,000","A","0","0%","0%"
"*05uhc*","Russell Smith","MIL","RP","8757","FA","27","100,000","A","0","0%","0%"
"*06qud*","Ryan Smith","(N/A)","RP","8758","FA","23","100,000","A","0","0%","0%"
"*06r2z*","Shurland Smith","(N/A)","SP","8759","FA","19","100,000","A","0","0%","0%"
"*06qrp*","Tanner Smith","BAL","RP","8760","FA","23","100,000","A","0","0%","0%"
"*074vw*","Tanner Smith","ATL","C","8761","FA","23","100,000","A","0","0%","0%"
"*06kkd*","Travis Smith","MIL","SP","8762","FA","23","100,000","A","0","0%","0%"
"*05u9g*","Tristan Smith","CIN","RP","8763","FA","23","100,000","A","0","1%","0%"
"*06v1x*","Tyler Smith","(N/A)","2B","8764","FA","20","100,000","A","0","0%","0%"
"*01skh*","Will Smith","(N/A)","RP","8765","FA","37","100,000","A","0","0%","0%"
"*04egd*","Canaan Smith-Njigba","(N/A)","LF,RF,OF","8766","FA","27","100,000","A","0","1%","0%"
"*05uy5*","AJ Smith-Shawver","ATL","SP","8767","Kai","23","500,000","A","0","47%","+1%"
"*05ydn*","Campbell Smithwick","(N/A)","C","8768","FA","21","100,000","A","0","0%","0%"
"*025ej*","Drew Smyly","(N/A)","RP","8769","FA","37","100,000","A","0","0%","0%"
"*041vf*","Kirby Snead","PHI","RP","8770","FA","31","100,000","A","0","0%","0%"
"*06ywn*","Nate Snead","LAA","RP","8771","FA","22","100,000","A","0","4%","0%"
"*06zag*","Kade Snell","CHC","LF,OF","8772","FA","23","100,000","A","0","2%","0%"
"*06hpq*","Hayden Snelsire","TB","RP","8773","FA","25","100,000","A","0","0%","0%"
"*03176*","D.J. Snelten","(N/A)","RP","8774","FA","34","100,000","A","0","0%","0%"
"*05y18*","Collin Snider","CHC","RP","8775","FA","30","100,000","A","0","1%","0%"
"*051f5*","Jake Snider","(N/A)","LF,OF","8776","FA","28","100,000","A","0","0%","0%"
"*06zbe*","Eric Snow","TOR","SS","8777","FA","22","100,000","A","0","0%","0%"
"*06tl8*","Jack Snyder","(N/A)","RP","8778","FA","27","100,000","A","0","0%","0%"
"*06quv*","Michael Snyder","(N/A)","1B,3B,LF,OF","8779","FA","25","100,000","A","0","0%","0%"
"*066j1*","Trey Snyder","NYM","2B,3B","8780","FA","20","100,000","A","0","1%","0%"
"*072bt*","Andrew Sojka","DET","CF,OF","8781","FA","25","100,000","A","0","0%","0%"
"*06r5w*","Justim Sojo","(N/A)","SS","8782","FA","19","100,000","A","0","0%","0%"
"*06qlq*","Jack Sokol","NYY","RP","8783","FA","24","100,000","A","0","0%","0%"
"*01te5*","Donovan Solano","(N/A)","1B","8784","FA","38","100,000","A","0","1%","0%"
"*066m3*","Edwin Solano","(N/A)","SS","8785","FA","20","100,000","A","0","0%","0%"
"*06uqh*","Mendry Solano","(N/A)","RP","8786","FA","22","100,000","A","0","0%","0%"
"*06r37*","Rocky Solano","(N/A)","CF,OF","8787","FA","19","100,000","A","0","0%","0%"
"*06qhc*","Warel Solano","TB","3B","8788","FA","18","100,000","A","0","1%","0%"
"*05yj6*","Yoffry Solano","MIA","2B","8789","FA","21","100,000","A","0","0%","0%"
"*072ds*","Santiago Solarte","MIA","SS","8790","FA","17","100,000","A","0","9%","0%"
"*072cq*","AJ Soldra","LAD","LF,OF","8791","FA","22","100,000","A","0","0%","0%"
"*06ciz*","Yassel Soler","ARI","3B","8792","FA","20","100,000","A","0","2%","0%"
"*051g5*","Chase Solesky","TB","SP","8793","FA","28","100,000","A","0","0%","0%"
"*05t7a*","Anthony Solometo","PIT","SP","8794","Brenden","23","500,000","A","0","8%","0%"
"*04el5*","Jared Solomon","(N/A)","RP","8795","FA","29","100,000","A","0","0%","0%"
"*03dt9*","Peter Solomon","(N/A)","RP","8796","FA","29","100,000","A","0","0%","0%"
"*05yc0*","Tommy Sommer","(N/A)","SP","8797","FA","27","100,000","A","0","0%","0%"
"*05134*","Noah Song","BOS","RP","8798","FA","29","100,000","A","0","1%","0%"
"*06umh*","Kaleb Sophy","(N/A)","SP","8799","FA","25","100,000","A","0","0%","0%"
"*06r1a*","Angel Soriano","PIT","SP","8800","FA","19","100,000","A","0","0%","0%"
"*06akn*","Yeycol Soriano","(N/A)","CF,OF","8801","FA","20","100,000","A","0","0%","0%"
"*06r76*","Caden Sorrell","CHC","LF,OF","8802","FA","21","100,000","A","0","0%","0%"
"*07400*","Abel Sosa","MIN","RF,OF","8803","FA","17","100,000","A","0","0%","0%"
"*06l5a*","Alex Sosa","(N/A)","C","8804","FA","21","100,000","A","0","0%","0%"
"*06rjo*","Andres Sosa","(N/A)","C","8805","FA","28","100,000","A","0","0%","0%"
"*06cwv*","Andrews Sosa","(N/A)","C","8806","FA","21","100,000","A","0","0%","0%"
"*06mv4*","Anthony Sosa","(N/A)","1B","8807","FA","19","100,000","A","0","0%","0%"
"*06rlx*","Gabriel Sosa","SEA","RP","8808","FA","25","100,000","A","0","0%","0%"
"*06rlw*","Guillermo Sosa","(N/A)","2B","8809","FA","19","100,000","A","0","0%","0%"
"*051eq*","Gustavo Sosa","(N/A)","C","8810","FA","25","100,000","A","0","0%","0%"
"*06rlv*","Ivan Sosa","KC","RF,OF","8811","FA","21","100,000","A","0","0%","0%"
"*05iyi*","Listher Sosa","(N/A)","SP","8812","FA","24","100,000","A","0","0%","0%"
"*066qs*","Miguel Sosa","(N/A)","LF,OF","8813","FA","22","100,000","A","0","0%","0%"
"*06rlu*","Raymond Sosa","BAL","RP","8814","FA","20","100,000","A","0","0%","0%"
"*061zu*","Thomas Sosa","BAL","RF,OF","8815","FA","21","100,000","A","0","1%","0%"
"*06rlt*","Yenfri Sosa","MIA","RP","8816","FA","22","100,000","A","0","0%","0%"
"*06r8l*","Ryuhei Sotani","(N/A)","SP","8817","FA","25","100,000","A","0","0%","0%"
"*05zq5*","Charlee Soto","MIN","SP","8818","FA","20","100,000","A","0","18%","0%"
"*06qhh*","Dorian Soto","BOS","SS","8819","J&A","18","500,000","A","0","14%","0%"
"*068vu*","Elian Soto","WSH","1B","8820","FA","20","100,000","A","0","1%","0%"
"*02hna*","Elliot Soto","(N/A)","2B,SS","8821","FA","36","100,000","A","0","0%","0%"
"*06j8p*","Juarlin Soto","TOR","3B","8822","FA","19","100,000","A","0","0%","0%"
"*04am3*","Livan Soto","(N/A)","2B,SS","8823","FA","26","100,000","A","0","0%","0%"
"*05y47*","Marco Soto","(N/A)","2B","8824","FA","22","100,000","A","0","0%","0%"
"*06r52*","Randy Soto","TOR","C,1B","8825","FA","19","100,000","A","0","0%","0%"
"*06fv1*","Ubaldo Soto","LAA","SP","8826","FA","20","100,000","A","0","1%","0%"
"*05yl0*","Wally Soto","(N/A)","C,1B","8827","FA","23","100,000","A","0","0%","0%"
"*06xzu*","Yordani Soto","CHW","SS","8828","FA","17","100,000","A","0","0%","0%"
"*076sg*","Jake Souders","(N/A)","RF,OF","8829","FA","20","100,000","A","0","0%","0%"
"*05gt5*","Alerick Soularie","(N/A)","SS","8830","FA","27","100,000","A","0","0%","0%"
"*051fh*","Jared Southard","LAA","RP","8831","FA","25","100,000","A","0","0%","0%"
"*06rry*","Tate Southisene","ATL","SS","8832","FA","19","100,000","A","0","21%","+1%"
"*062d1*","Ty Southisene","CHC","2B","8833","FA","21","100,000","A","0","1%","0%"
"*06l58*","Nolan Souza","(N/A)","2B","8834","FA","21","100,000","A","0","0%","0%"
"*05xpy*","Dylan Spain","(N/A)","RP","8835","FA","28","100,000","A","0","0%","0%"
"*05yd7*","Garrett Spain","MIN","RF,OF","8836","FA","25","100,000","A","0","0%","0%"
"*06igw*","Tyler Spangler","PHI","SS","8837","FA","18","100,000","A","0","1%","0%"
"*04eh5*","Lamar Sparks","(N/A)","CF,OF","8838","FA","27","100,000","A","0","0%","0%"
"*06qtc*","Nolan Sparks","STL","SP","8839","FA","23","100,000","A","0","0%","0%"
"*06sba*","Brayden Spears","CHC","RP","8840","FA","25","100,000","A","0","0%","0%"
"*041q9*","Alex Speas","(N/A)","SP","8841","FA","28","100,000","A","0","0%","0%"
"*05ycm*","Tommy Specht","(N/A)","LF,RF,OF","8842","FA","22","100,000","A","0","0%","0%"
"*06rkz*","Declan Speirs","(N/A)","C","8843","FA","21","100,000","A","0","0%","0%"
"*070ca*","Connor Spencer","CHC","RP","8844","FA","25","100,000","A","0","0%","0%"
"*06ydp*","Jared Spencer","TOR","SP","8845","FA","23","100,000","A","0","1%","0%"
"*05r3k*","Carson Spiers","CIN","SP","8846","FA","28","100,000","A","0","1%","0%"
"*06dly*","John Spikerman","PHI","RF,OF","8847","FA","23","100,000","A","0","1%","0%"
"*05uy0*","Ryan Spikes","TB","3B,LF,OF","8848","FA","23","100,000","A","0","1%","0%"
"*06ro6*","Carter Spivey","CLE","RP","8849","FA","26","100,000","A","0","0%","0%"
"*0665y*","Harrison Spohn","(N/A)","SS","8850","FA","27","100,000","A","0","0%","0%"
"*06qtj*","Shea Sprague","BOS","RP","8851","FA","23","100,000","A","0","0%","0%"
"*06qty*","Jared Sprague-Lott","ATH","2B,3B","8852","FA","24","100,000","A","0","0%","0%"
"*075s3*","Jason Spray, Jr.","(N/A)","LF,OF","8853","FA","15","100,000","A","0","0%","0%"
"*06qn6*","Josh Springer","TEX","C","8854","FA","20","100,000","A","0","0%","0%"
"*05xu7*","Jordan Sprinkle","CHW","2B,3B,LF,OF","8855","FA","25","100,000","A","0","1%","0%"
"*06zrh*","Ryan Sprock","TOR","3B","8856","FA","21","100,000","A","0","1%","0%"
"*074cl*","Ashwar Sprok","MIN","SS","8857","FA","17","100,000","A","0","0%","0%"
"*0664t*","Brett Squires","KC","1B","8858","FA","26","100,000","A","0","0%","0%"
"*06qsr*","Austin St. Laurent","SEA","2B,3B,SS","8859","FA","24","100,000","A","0","0%","0%"
"*06pgd*","Ryan Stafford","BAL","C","8860","FA","23","100,000","A","0","0%","0%"
"*06c1m*","Sammy Stafura","PIT","SS","8861","FA","21","100,000","A","0","6%","0%"
"*0603m*","Connor Staine","COL","SP","8862","FA","25","100,000","A","0","0%","0%"
"*065j6*","Dale Stanavich","SF","RP","8863","FA","27","100,000","A","0","0%","0%"
"*06ph0*","Chris Stanfield","(N/A)","CF,OF","8864","FA","22","100,000","A","0","0%","0%"
"*05u9n*","Riley Stanford","TB","SP","8865","FA","23","100,000","A","0","0%","0%"
"*066fg*","Gage Stanifer","TOR","SP","8866","FA","22","100,000","A","0","15%","0%"
"*060oc*","John Stankiewicz","(N/A)","RP","8867","FA","27","100,000","A","0","0%","0%"
"*02mx5*","Teddy Stankiewicz","(N/A)","P","8868","FA","32","100,000","A","0","0%","0%"
"*05yll*","Hunter Stanley","CLE","RP","8869","FA","28","100,000","A","0","0%","0%"
"*06suh*","Cal Stark","TEX","C","8870","FA","23","100,000","A","0","0%","0%"
"*06h01*","Gabe Starks","CIN","RP","8871","FA","24","100,000","A","0","0%","0%"
"*06umw*","Gant Starling","(N/A)","RP","8872","FA","25","100,000","A","0","0%","0%"
"*03qr4*","Cody Stashak","(N/A)","RP","8873","FA","32","100,000","A","0","0%","0%"
"*072pt*","Cole Stasio","TEX","SP","8874","FA","24","100,000","A","0","0%","0%"
"*06ql9*","Tyler Stasiowski","(N/A)","RP","8875","FA","24","100,000","A","0","0%","0%"
"*04eri*","Adam Stauffer","(N/A)","RP","8876","FA","27","100,000","A","0","0%","0%"
"*03pp2*","Josh Staumont","(N/A)","RP","8877","FA","32","100,000","A","0","0%","0%"
"*06hs5*","Isaac Stebens","BOS","RP","8878","FA","24","100,000","A","0","0%","0%"
"*075f0*","Anthony Steele","(N/A)","RP","8879","FA","23","100,000","A","0","0%","0%"
"*03deg*","Justin Steele","CHC","SP","8880","C&G","31","5,000,000","A","0","60%","-1%"
"*06qp8*","Jake Steels","(N/A)","LF,RF,OF","8881","FA","24","100,000","A","0","0%","0%"
"*06z3m*","Jackson Steensma","SEA","SP","8882","FA","22","100,000","A","0","5%","0%"
"*06uhh*","Conor Steinbaugh","HOU","RP","8883","FA","27","100,000","A","0","0%","0%"
"*05xos*","Jacob Steinmetz","ARI","SP","8884","FA","23","100,000","A","0","1%","0%"
"*06qtl*","Anthony Stephan","CIN","LF,OF","8885","FA","23","100,000","A","0","0%","0%"
"*05y5g*","Josh Stephan","TEX","SP","8886","FA","24","100,000","A","0","2%","0%"
"*0421j*","Trevor Stephan","CLE","RP","8887","FA","30","100,000","A","0","1%","0%"
"*06nub*","Khal Stephen","CLE","SP","8888","FA","23","100,000","A","0","19%","-1%"
"*02n8k*","Jackson Stephens","(N/A)","RP","8889","FA","32","100,000","A","0","0%","0%"
"*02bq7*","Robert Stephenson","LAA","RP","8890","FA","33","100,000","A","0","7%","0%"
"*064n2*","Seth Stephenson","DET","LF,CF,RF,OF","8891","FA","25","100,000","A","0","0%","0%"
"*06hf3*","Levi Sterling","PIT","SP","8892","FA","19","100,000","A","0","9%","0%"
"*05rcm*","Felix Stevens","(N/A)","RF,OF","8893","FA","26","100,000","A","0","0%","0%"
"*072cp*","Jonathan Stevens","MIN","RP","8894","FA","22","100,000","A","0","0%","0%"
"*066as*","Kevin Stevens","NYY","RP","8895","FA","28","100,000","A","0","0%","0%"
"*0665z*","Tristan Stevens","MIA","RP","8896","FA","28","100,000","A","0","0%","0%"
"*06htg*","Will Stevens","(N/A)","RP","8897","FA","25","100,000","A","0","0%","0%"
"*03pox*","Andrew Stevenson","(N/A)","CF,OF","8898","FA","32","100,000","A","0","0%","0%"
"*04pug*","Cal Stevenson","DET","CF,OF","8899","FA","29","100,000","A","0","0%","0%"
"*0517i*","Jake Stevenson","(N/A)","RP","8900","FA","29","100,000","A","0","0%","0%"
"*06ieq*","Luke Stevenson","SEA","C","8901","FA","21","100,000","A","0","8%","0%"
"*06hn3*","Owen Stevenson","(N/A)","SP","8902","FA","23","100,000","A","0","0%","0%"
"*06hnb*","Casey Steward","PHI","SP","8903","FA","24","100,000","A","0","0%","0%"
"*03pj8*","DJ Stewart","(N/A)","LF,RF,OF","8904","FA","32","100,000","A","0","0%","0%"
"*06r86*","Ethan Stewart","(N/A)","RF,OF","8905","FA","16","100,000","A","0","0%","0%"
"*05tqp*","Joshua Stewart","(N/A)","SP","8906","FA","23","100,000","A","0","0%","0%"
"*03qw8*","Will Stewart","(N/A)","SP","8907","FA","29","100,000","A","0","0%","0%"
"*06ra4*","Zack Stewart","(N/A)","RF,OF","8908","FA","22","100,000","A","0","0%","0%"
"*06gun*","Travis Sthele","WSH","SP","8909","FA","24","100,000","A","0","0%","0%"
"*051g4*","Matt Stil","(N/A)","RP","8910","FA","26","100,000","A","0","0%","0%"
"*0765d*","Stephen Still","BAL","SP","8911","FA","24","100,000","A","0","0%","0%"
"*072i3*","Aiden Stillman","(N/A)","SP","8912","FA","19","100,000","A","0","0%","0%"
"*072fc*","Dillon Stiltner","NYM","SP","8913","FA","19","100,000","A","0","0%","0%"
"*066jb*","Tristan Stivors","(N/A)","SP","8914","FA","27","100,000","A","0","0%","0%"
"*01shb*","Robert Stock","NYM","RP","8915","FA","36","100,000","A","0","0%","0%"
"*06hix*","Luke Stofel","DET","SP","8916","FA","24","100,000","A","0","0%","0%"
"*06ig6*","Cole Stokes","(N/A)","SP","8917","FA","21","100,000","A","0","0%","0%"
"*05xu9*","Adam Stone","CHC","RP","8918","FA","24","100,000","A","0","0%","0%"
"*06qjf*","Alex Stone","TOR","C","8919","FA","24","100,000","A","0","0%","0%"
"*077ep*","Duke Stone","(N/A)","SP","8920","FA","20","100,000","A","0","0%","0%"
"*05mrx*","Gavin Stone","LAD","SP","8921","Brenden","27","1,500,000","A","0","19%","0%"
"*070dy*","Ethan Storm","TB","SP","8922","FA","22","100,000","A","0","0%","0%"
"*06dsc*","Justin Storm","MIA","RP","8923","FA","24","100,000","A","0","0%","0%"
"*0512k*","Levi Stoudt","PHI","RP","8924","FA","28","100,000","A","0","0%","0%"
"*04q3m*","Hunter Stovall","(N/A)","3B,SS","8925","FA","29","100,000","A","0","0%","0%"
"*05rl2*","Peyton Stovall","CIN","1B,2B","8926","FA","23","100,000","A","0","1%","0%"
"*04pmi*","Josh Stowers","(N/A)","CF,OF","8927","FA","29","100,000","A","0","0%","0%"
"*05147*","Kellen Strahm","(N/A)","LF,RF,OF","8928","FA","29","100,000","A","0","0%","0%"
"*06zaf*","Justin Stransky","CHC","C","8929","FA","23","100,000","A","0","0%","0%"
"*01cdo*","Stephen Strasburg","(N/A)","SP","","JD","37","0","A","0","90%","0%"
"*02mw1*","Chris Stratton","(N/A)","RP","8930","FA","35","100,000","A","0","0%","0%"
"*06zih*","Garrett Stratton","NYM","RP","8931","FA","22","100,000","A","0","0%","0%"
"*074vc*","Cash Strayer","(N/A)","CF,OF","8932","FA","19","100,000","A","0","0%","0%"
"*06pue*","Jacob Stretch","TEX","RP","8933","FA","23","100,000","A","0","0%","0%"
"*06fqg*","Austin Strickland","SF","RP","8934","FA","24","100,000","A","0","0%","0%"
"*01ses*","Hunter Strickland","(N/A)","RP","8935","FA","37","100,000","A","0","0%","0%"
"*05ynm*","Samuel Strickland","ATL","RP","8936","FA","27","100,000","A","0","0%","0%"
"*06if8*","Landon Stripling","(N/A)","1B","8937","FA","21","100,000","A","0","0%","0%"
"*064wk*","Jayden Stroman","(N/A)","SS,P","8938","FA","19","100,000","A","0","0%","0%"
"*02hg4*","Marcus Stroman","(N/A)","SP","8939","FA","35","100,000","A","0","1%","0%"
"*06qi5*","Jackson Strong","DET","CF,RF,OF","8940","FA","22","100,000","A","0","0%","0%"
"*06r91*","Royelny Strop","STL","CF,OF","8941","FA","18","100,000","A","0","1%","0%"
"*06pkg*","Sawyer Strosnider","MIL","CF,OF","8942","FA","21","100,000","A","0","1%","0%"
"*04eg8*","Drew Strotman","(N/A)","RP","8943","FA","29","100,000","A","0","0%","0%"
"*04yif*","Chase Strumpf","(N/A)","2B,3B","8944","FA","28","100,000","A","0","0%","0%"
"*05ybl*","Michael Stryffeler","(N/A)","SP","8945","FA","30","100,000","A","0","0%","0%"
"*061mp*","Peter Strzelecki","MIL","RP","8946","FA","31","100,000","A","0","0%","0%"
"*066ar*","Baron Stuart","WSH","RP","8947","FA","26","100,000","A","0","0%","0%"
"*076qs*","Daunte Stuart","PHI","2B","8948","FA","25","100,000","A","0","0%","0%"
"*0648p*","Tyler Stuart","WSH","SP","8949","FA","26","100,000","A","0","1%","0%"
"*05180*","C.J. Stubbs","TOR","C","8950","FA","29","100,000","A","0","0%","0%"
"*0741f*","John Stuetzer","(N/A)","SS","8951","FA","19","100,000","A","0","0%","0%"
"*06o0a*","Sam Stuhr","ATH","SP","8952","FA","23","100,000","A","0","0%","0%"
"*051ak*","Ted Stuka","(N/A)","P","8953","FA","29","100,000","A","0","0%","0%"
"*06uh3*","Eston Stull","MIN","RP","8954","FA","27","100,000","A","0","0%","0%"
"*06hnd*","Peyton Stumbo","PIT","SP","8955","FA","24","100,000","A","0","0%","0%"
"*06zig*","Brennan Stuprich","NYY","SP","8956","FA","24","100,000","A","0","0%","0%"
"*072ca*","Lan-Hong Su","SD","SP","8957","FA","19","100,000","A","0","1%","0%"
"*05rh8*","Alexander Suarez","(N/A)","LF,OF","8958","FA","24","100,000","A","0","0%","0%"
"*0776t*","Angel Suarez","ARI","SS","8959","FA","17","100,000","A","0","0%","0%"
"*06l0l*","Christian Suarez","LAD","RP","8960","FA","25","100,000","A","0","0%","0%"
"*072zw*","Isaias Suarez","WSH","LF,OF","8961","FA","17","100,000","A","0","1%","0%"
"*072fl*","Jaider Suarez","KC","SS","8962","FA","17","100,000","A","0","2%","0%"
"*06mt1*","Jhoangel Suarez","(N/A)","3B","8963","FA","19","100,000","A","0","0%","0%"
"*055hw*","Joander Suarez","NYM","SP","8964","FA","26","100,000","A","0","1%","0%"
"*06umv*","Josdanner Suarez","ARI","RP","8965","FA","21","100,000","A","0","0%","0%"
"*068nc*","Jose Suarez","STL","RF,OF","8966","FA","21","100,000","A","0","0%","0%"
"*06mq5*","Orlando Suarez","CHW","SP","8967","FA","19","100,000","A","0","0%","0%"
"*06um7*","Ramon Suarez","TOR","RP","8968","FA","22","100,000","A","0","0%","0%"
"*06ro8*","Ronny Suarez","ARI","RF,OF","8969","FA","18","100,000","A","0","0%","0%"
"*0620x*","Santiago Suarez","TB","SP","8970","FA","21","100,000","A","0","16%","0%"
"*06hsq*","Wilson Suarez","(N/A)","1B","8971","FA","21","100,000","A","0","0%","0%"
"*0737r*","Edward Suazo","ATH","SS","8972","FA","17","100,000","A","0","0%","0%"
"*05y3z*","Ryan Sublette","(N/A)","RP","8973","FA","27","100,000","A","0","0%","0%"
"*076sh*","Cayden Suchy","(N/A)","SP","8974","FA","20","100,000","A","0","0%","0%"
"*06lfg*","Chris Suero","NYM","C,LF,OF","8975","FA","22","100,000","A","0","5%","0%"
"*06rks*","Larry Suero","COL","3B","8976","FA","18","100,000","A","0","0%","0%"
"*03mp9*","Wander Suero","ATH","RP","8977","FA","34","100,000","A","0","0%","0%"
"*05j8l*","Adrian Sugastey","SF","C","8978","FA","24","100,000","A","0","0%","0%"
"*0669h*","Matt Suggs","WSH","C","8979","FA","26","100,000","A","0","0%","0%"
"*05aku*","Luis Suisbel","SEA","3B","8980","FA","23","100,000","A","0","1%","0%"
"*06rtv*","Juan Sulbaran","TEX","C","8981","FA","20","100,000","A","0","0%","0%"
"*05nmx*","Billy Sullivan","(N/A)","RP","8982","FA","27","100,000","A","0","0%","0%"
"*06pqm*","Cameron Sullivan","CLE","SP","8983","FA","20","100,000","A","0","1%","0%"
"*06qgp*","Joseph Sullivan","HOU","CF,OF","8984","FA","24","100,000","A","0","4%","0%"
"*068a4*","Liam Sullivan","WSH","SP","8985","FA","24","100,000","A","0","0%","0%"
"*05y41*","Sean Sullivan","PIT","RP","8986","FA","25","100,000","A","0","1%","0%"
"*06hue*","William Sullivan","(N/A)","1B","8987","FA","25","100,000","A","0","0%","0%"
"*073vk*","Chihiro Sumida","(N/A)","SP","8988","FA","26","100,000","A","0","0%","0%"
"*06mpr*","Brendan Summerhill","TB","CF,OF","8989","FA","22","100,000","A","0","12%","0%"
"*06qjr*","Colin Summerhill","(N/A)","1B","8990","FA","24","100,000","A","0","0%","0%"
"*06gjf*","Jared Sundstrom","SEA","LF,RF,OF","8991","FA","25","100,000","A","0","1%","0%"
"*06f1s*","Joe Suozzi","(N/A)","RF,OF","8992","FA","28","100,000","A","0","0%","0%"
"*03d7n*","Trey Supak","TEX","SP","8993","FA","30","100,000","A","0","1%","0%"
"*06uqi*","Jesus Superlano","ATH","3B","8994","FA","20","100,000","A","0","0%","0%"
"*06mwc*","Anderson Suriel","(N/A)","RF,OF","8995","FA","23","100,000","A","0","0%","0%"
"*076cj*","Jeremy Suriel","ARI","CF,OF","8996","FA","17","100,000","A","0","1%","0%"
"*06c7z*","Jose Suriel","(N/A)","SP","8997","FA","21","100,000","A","0","0%","0%"
"*06tzu*","Junior Suriel","LAA","CF,OF","8998","FA","17","100,000","A","0","0%","0%"
"*06yt6*","Ethan Surowiec","(N/A)","1B","8999","FA","21","100,000","A","0","0%","0%"
"*06hsx*","Jeicol Surumay","(N/A)","SP","9000","FA","20","100,000","A","0","0%","0%"
"*05ucj*","Ezequiel Surun","(N/A)","SS","9001","FA","22","100,000","A","0","0%","0%"
"*06pla*","Anthony Susac","TEX","RP","9002","FA","23","100,000","A","0","0%","0%"
"*05y7n*","Jarlin Susana","WSH","SP","9003","JD","22","500,000","A","0","42%","0%"
"*041z2*","Jack Suwinski","LAD","LF,CF,RF,OF","9004","FA","27","100,000","A","0","2%","0%"
"*07798*","Theo Swafford","(N/A)","SS","9005","FA","17","100,000","A","0","0%","0%"
"*04mn3*","Travis Swaggerty","(N/A)","LF,OF","9006","FA","28","100,000","A","0","1%","0%"
"*06f0t*","Eriq Swan","WSH","SP","9007","FA","24","100,000","A","0","1%","0%"
"*04egc*","John Swanda","(N/A)","SP","9008","FA","27","100,000","A","0","0%","0%"
"*06ghi*","Nic Swanson","HOU","SP","9009","FA","27","100,000","A","0","0%","0%"
"*06kk1*","Zach Swanson","DET","SP","9010","FA","20","100,000","A","0","1%","0%"
"*05tuw*","Trey Sweeney","DET","SS","9011","FA","26","100,000","A","0","6%","0%"
"*059ed*","Devin Sweet","BOS","RP","9012","FA","29","100,000","A","0","0%","0%"
"*05xq5*","Drew Swift","ATH","SS","9013","FA","27","100,000","A","0","0%","0%"
"*06qih*","Carson Swilling","SD","RP","9014","FA","24","100,000","A","0","0%","0%"
"*05jpy*","Nick Swiney","(N/A)","RP","9015","FA","27","100,000","A","0","0%","0%"
"*06qqy*","Tyler Switalski","SF","RP","9016","FA","23","100,000","A","0","1%","0%"
"*05ycl*","Travis Sykora","WSH","SP","9017","J&A","22","500,000","A","0","43%","0%"
"*025ew*","Noah Syndergaard","(N/A)","SP","9018","FA","33","100,000","A","0","0%","0%"
"*03qlb*","Thomas Szapucki","(N/A)","RP","9019","FA","30","100,000","A","0","0%","0%"
"*06fv4*","Charlie Szykowny","SF","1B,3B","9020","FA","26","100,000","A","0","0%","0%"
"*06qji*","Logan Tabeling","LAD","SP","9021","FA","24","100,000","A","0","0%","0%"
"*06sju*","Luke Taggart","DET","RP","9022","FA","28","100,000","A","0","0%","0%"
"*06bj8*","Joseph Tailor","(N/A)","2B","9023","FA","20","100,000","A","0","0%","0%"
"*06ag9*","Kaima Taira","(N/A)","SP","9024","FA","26","100,000","A","0","0%","0%"
"*06bsb*","Eduardo Tait","MIN","C","9025","FA","19","100,000","A","0","28%","0%"
"*06heq*","Noah Takacs","PIT","RP","9026","FA","24","100,000","A","0","0%","0%"
"*075lu*","Haruto Takahashi","(N/A)","SP","9027","FA","30","100,000","A","0","0%","0%"
"*06ahh*","Hiroto Takahashi","(N/A)","SP","9028","FA","23","100,000","A","0","2%","0%"
"*06rie*","Keiji Takahashi","(N/A)","SP","9029","FA","29","100,000","A","0","0%","0%"
"*06ax2*","Kona Takahashi","(N/A)","SP","9030","FA","29","100,000","A","0","1%","0%"
"*06qlt*","Thomas Takayoshi","ATH","C","9031","FA","25","100,000","A","0","0%","0%"
"*071xb*","Itsuki Takemoto","ATH","SP","9032","FA","22","100,000","A","0","0%","0%"
"*06fu5*","Enmanuel Talavera","(N/A)","SP","9033","FA","20","100,000","A","0","0%","0%"
"*06ajz*","Roiber Talavera","(N/A)","RP","9034","FA","22","100,000","A","0","0%","0%"
"*06cmh*","James Tallon","PHI","RP","9035","FA","22","100,000","A","0","0%","0%"
"*06rki*","Martin Tamara","DET","C,1B","9036","FA","22","100,000","A","0","0%","0%"
"*061wg*","Miguel Tamares","(N/A)","SS","9037","FA","21","100,000","A","0","0%","0%"
"*05rkf*","Misael Tamarez","SD","RP","9038","FA","26","100,000","A","0","0%","0%"
"*06r1u*","Kevin Tamburini","(N/A)","1B","9039","FA","20","100,000","A","0","0%","0%"
"*06qs1*","Haruya Tanaka","(N/A)","SP","9040","FA","22","100,000","A","0","0%","0%"
"*06bja*","Anthony Tandron","SF","1B","9041","FA","20","100,000","A","0","0%","0%"
"*06gwj*","Atsuki Taneichi","(N/A)","SP","9042","FA","27","100,000","A","0","0%","0%"
"*06upv*","Alistair Tanner","DET","SP","9043","FA","19","100,000","A","0","0%","0%"
"*076n2*","Gabe Tanner","CHW","RP","9044","FA","24","100,000","A","0","0%","0%"
"*05wxx*","Logan Tanner","CIN","C","9045","FA","25","100,000","A","0","1%","0%"
"*062et*","German Tapia","(N/A)","LF,OF","9046","FA","22","100,000","A","0","0%","0%"
"*06r17*","Jesus Tapia","(N/A)","RP","9047","FA","19","100,000","A","0","0%","0%"
"*032pz*","Raimel Tapia","(N/A)","LF,OF","9048","FA","32","100,000","A","0","0%","0%"
"*06qyq*","Sergio Tapia","DET","C","9049","FA","23","100,000","A","0","0%","0%"
"*06hn5*","Graysen Tarlow","STL","C","9050","FA","25","100,000","A","0","0%","0%"
"*04efr*","Freddy Tarnok","(N/A)","SP","9051","FA","27","100,000","A","0","1%","0%"
"*076cp*","Giacomo Taschin","TOR","RP","9052","FA","19","100,000","A","0","0%","0%"
"*06pff*","Bryce Tassin","(N/A)","RP","9053","FA","29","100,000","A","0","0%","0%"
"*03p9d*","Dillon Tate","LAA","RP","9054","FA","32","100,000","A","0","1%","0%"
"*070bj*","Dylan Tate","LAD","RP","9055","FA","22","100,000","A","0","0%","0%"
"*06zrc*","Josh Tate","PIT","CF,OF","9056","FA","22","100,000","A","0","0%","0%"
"*072yn*","Taegen Tate","(N/A)","SP","9057","FA","16","100,000","A","0","0%","0%"
"*072et*","Ivan Tatis","LAA","SS","9058","FA","20","100,000","A","0","0%","0%"
"*073nc*","Kota Tatsu","(N/A)","SP","9059","FA","22","100,000","A","0","0%","0%"
"*067xo*","Dillon Tatum","(N/A)","C","9060","FA","26","100,000","A","0","0%","0%"
"*05yhh*","Terrell Tatum","(N/A)","LF,OF","9061","FA","26","100,000","A","0","0%","0%"
"*0312v*","Mike Tauchman","NYM","RF,OF,DH","9062","FA","35","100,000","A","0","3%","0%"
"*06z3n*","Aiden Taurek","SEA","LF,OF","9063","FA","22","100,000","A","0","0%","0%"
"*06zfh*","James Taussig","CHW","RF,OF","9064","FA","23","100,000","A","0","0%","0%"
"*06mms*","Carlos Tavares","WSH","1B","9065","FA","20","100,000","A","0","0%","0%"
"*05r8d*","Ambioris Tavarez","ATL","2B,SS","9066","FA","22","100,000","A","0","1%","0%"
"*06qgw*","Feldi Tavarez","WSH","C","9067","FA","19","100,000","A","0","0%","0%"
"*061zh*","Sammy Tavarez","(N/A)","RP","9068","FA","27","100,000","A","0","0%","0%"
"*05ygp*","Braylin Tavera","BAL","LF,CF,RF,OF","9069","FA","21","100,000","A","0","1%","0%"
"*05y73*","Carlos Tavera","BAL","RP","9070","FA","27","100,000","A","0","0%","0%"
"*06ky2*","Junior Tavera","NYY","SP","9071","FA","19","100,000","A","0","0%","0%"
"*06c7k*","Bracewell Taveras","STL","2B,3B","9072","FA","20","100,000","A","0","0%","0%"
"*06rkw*","Carlos Taveras","MIN","CF,OF","9073","FA","18","100,000","A","0","1%","0%"
"*06c50*","Emilio Taveras","(N/A)","1B","9074","FA","23","100,000","A","0","0%","0%"
"*05yl7*","Felix Taveras","(N/A)","LF,OF","9075","FA","23","100,000","A","0","0%","0%"
"*064w6*","Jhonly Taveras","(N/A)","RP","9076","FA","21","100,000","A","0","0%","0%"
"*06ag8*","Jonathan Taveras","(N/A)","2B","9077","FA","20","100,000","A","0","0%","0%"
"*0766e*","Jose Taveras","LAD","RP","9078","FA","20","100,000","A","0","0%","0%"
"*05j96*","Leonardo Taveras","(N/A)","RP","9079","FA","27","100,000","A","0","0%","0%"
"*06r1j*","Romer Taveras","CLE","RF,OF","9080","FA","19","100,000","A","0","0%","0%"
"*05ubo*","Andrew Taylor","HOU","SP","9081","FA","24","100,000","A","0","1%","0%"
"*03116*","Blake Taylor","(N/A)","RP","9082","FA","30","100,000","A","0","0%","0%"
"*05wy1*","Brayden Taylor","TB","2B,3B","9083","FA","24","100,000","A","0","17%","0%"
"*05luq*","Carson Taylor","ATL","1B","9084","FA","27","100,000","A","0","0%","0%"
"*041ro*","Curtis Taylor","(N/A)","SP","9085","FA","30","100,000","A","0","0%","0%"
"*06c0z*","Devin Taylor","ATH","LF,OF","9086","Zack","22","500,000","A","0","17%","0%"
"*066cp*","Evan Taylor","CHC","RP","9087","FA","26","100,000","A","0","0%","0%"
"*06y07*","John Taylor","TEX","2B,SS","9088","FA","25","100,000","A","0","0%","0%"
"*06gjt*","Nelly Taylor","BOS","CF,RF,OF","9089","FA","23","100,000","A","0","1%","0%"
"*065ns*","Troy Taylor","SEA","RP","9090","FA","24","100,000","A","0","2%","0%"
"*05t79*","Will Taylor","PIT","CF,OF","9091","FA","23","100,000","A","0","1%","0%"
"*06yw0*","Zane Taylor","ATH","SP","9092","FA","24","100,000","A","0","3%","0%"
"*06mx1*","Kavares Tears","SD","RF,OF","9093","FA","23","100,000","A","0","2%","0%"
"*064n5*","Dylan Tebrake","WSH","RP","9094","FA","27","100,000","A","0","0%","0%"
"*06ahr*","Abrahan Tejada","(N/A)","SP","9095","FA","21","100,000","A","0","0%","0%"
"*05ykw*","Angel Tejada","(N/A)","2B","9096","FA","22","100,000","A","0","0%","0%"
"*06uhm*","Clevari Tejada","PIT","SP","9097","FA","21","100,000","A","0","0%","0%"
"*06rqv*","D'Angelo Tejada","CHW","SS","9098","FA","20","100,000","A","0","0%","0%"
"*067zj*","Henry Tejada","BAL","RP","9099","FA","21","100,000","A","0","0%","0%"
"*05ui1*","Joaquin Tejada","(N/A)","RP","9100","FA","23","100,000","A","0","0%","0%"
"*06me9*","Oliver Tejada","SF","RF,OF","9101","FA","19","100,000","A","0","1%","0%"
"*062xy*","Railin Tejada","(N/A)","RF,OF","9102","FA","21","100,000","A","0","0%","0%"
"*06sjp*","Ronald Tejada","NYY","RP","9103","FA","19","100,000","A","0","0%","0%"
"*06c2d*","Dashyll Tejeda","WSH","RF,OF","9104","FA","20","100,000","A","0","0%","0%"
"*0763l*","Eduarlin Tejeda","SD","2B","9105","FA","21","100,000","A","0","0%","0%"
"*0638j*","Enmanuel Tejeda","NYY","2B","9106","FA","21","100,000","A","0","2%","0%"
"*067yl*","Yoel Tejeda","WSH","SP","9107","FA","23","100,000","A","0","1%","0%"
"*076ab*","Carlos Tejera","PIT","CF,OF","9108","FA","18","100,000","A","0","0%","0%"
"*06gj7*","Shane Telfer","(N/A)","SP","9109","FA","25","100,000","A","0","0%","0%"
"*06sjv*","Nico Tellache","SEA","SP","9110","FA","28","100,000","A","0","0%","0%"
"*06pps*","Raider Tello","PHI","1B,3B","9111","FA","25","100,000","A","0","0%","0%"
"*05ri0*","Felix Tena","(N/A)","RF,OF","9112","FA","22","100,000","A","0","0%","0%"
"*076nc*","Renso Tenas","KC","SS","9113","FA","17","100,000","A","0","0%","0%"
"*048yd*","Robbie Tenerowicz","(N/A)","2B","9114","FA","31","100,000","A","0","0%","0%"
"*06hwk*","Mikey Tepper","WSH","SP","9115","FA","24","100,000","A","0","0%","0%"
"*06qs3*","Ryusei Terachi","(N/A)","C","9116","FA","20","100,000","A","0","0%","0%"
"*06nlm*","Efren Teran","CHW","SS","9117","FA","19","100,000","A","0","0%","0%"
"*077a4*","Elvis Teran","NYM","RF,OF","9118","FA","17","100,000","A","0","0%","0%"
"*06und*","Saul Teran","PHI","RP","9119","FA","24","100,000","A","0","0%","0%"
"*06pgb*","D'Marion Terrell","(N/A)","CF,OF","9120","FA","20","100,000","A","0","0%","0%"
"*05rk1*","Enmanuel Terrero","(N/A)","RF,OF","9121","FA","23","100,000","A","0","0%","0%"
"*06c88*","Gabriel Terrero","(N/A)","2B","9122","FA","20","100,000","A","0","0%","0%"
"*06rfz*","Marcos Terrero","(N/A)","C","9123","FA","20","100,000","A","0","0%","0%"
"*06tm7*","Robert Terrero","ARI","SP","9124","FA","19","100,000","A","0","0%","0%"
"*06rwe*","Ronald Terrero","BAL","2B","9125","FA","18","100,000","A","0","0%","0%"
"*06qnc*","Andrew Tess","BAL","C,1B","9126","FA","19","100,000","A","0","0%","0%"
"*076vh*","Austin Testerman","CLE","SP","9127","FA","24","100,000","A","0","0%","0%"
"*05jr3*","Jacob Teter","(N/A)","1B","9128","FA","27","100,000","A","0","0%","0%"
"*04eip*","Jackson Tetreault","(N/A)","SP","9129","FA","30","100,000","A","0","0%","0%"
"*06hzh*","Yereny Teus","TB","SP","9130","FA","22","100,000","A","0","0%","0%"
"*06c4x*","Francis Texido","LAA","SP","9131","FA","21","100,000","A","0","0%","0%"
"*06k4x*","Tanner Thach","COL","1B","9132","FA","22","100,000","A","0","2%","0%"
"*04053*","Matt Thaiss","(N/A)","C","9133","FA","31","100,000","A","0","0%","0%"
"*04hy7*","Juan Then","(N/A)","RP","9134","FA","26","100,000","A","0","0%","0%"
"*0616m*","Rodney Theophile","(N/A)","SP","9135","FA","26","100,000","A","0","0%","0%"
"*06z65*","Jhosman Theran","LAD","CF,OF","9136","FA","18","100,000","A","0","0%","0%"
"*072ek*","Cardell Thibodeaux","ATL","LF,OF","9137","FA","22","100,000","A","0","0%","0%"
"*06yzs*","Frank Thomas III","(N/A)","1B","9138","FA","17","100,000","A","0","0%","0%"
"*05xol*","Andy Thomas","SD","C,1B","9139","FA","28","100,000","A","0","0%","0%"
"*041xd*","Cody Thomas","(N/A)","LF,RF,OF","9140","FA","31","100,000","A","0","0%","0%"
"*06qkb*","Gray Thomas","(N/A)","RP","9141","FA","23","100,000","A","0","0%","0%"
"*06ht6*","Jared Thomas","(N/A)","C","9142","FA","25","100,000","A","0","0%","0%"
"*06mpb*","Jared Thomas","COL","LF,CF,OF","9143","FA","23","100,000","A","0","11%","0%"
"*06mfi*","Jhoan Thomas","WSH","RP","9144","FA","19","100,000","A","0","0%","0%"
"*066f7*","Johnathon Thomas","WSH","LF,CF,RF,OF","9145","FA","26","100,000","A","0","0%","0%"
"*070bv*","Justin Thomas","HOU","CF,OF","9146","FA","22","100,000","A","0","0%","0%"
"*07768*","Luis Thomas","CHC","SS","9147","FA","17","100,000","A","0","0%","0%"
"*06653*","Rhylan Thomas","TOR","RF,OF","9148","FA","26","100,000","A","0","2%","0%"
"*04tlx*","Tahnaj Thomas","(N/A)","SP","9149","FA","27","100,000","A","0","0%","0%"
"*04ei4*","Tyler Thomas","(N/A)","RP","9150","FA","30","100,000","A","0","0%","0%"
"*06qpv*","Jay Thomason","MIN","3B","9151","FA","24","100,000","A","0","0%","0%"
"*072h0*","Landon Thome","CHW","2B","9152","FA","18","100,000","A","0","0%","0%"
"*06qth*","Bennett Thompson","CLE","C","9153","FA","23","100,000","A","0","1%","0%"
"*06hh5*","Benny Thompson","LAA","RP","9154","FA","24","100,000","A","0","0%","0%"
"*06qhu*","Brandt Thompson","STL","SP","9155","FA","24","100,000","A","0","0%","0%"
"*06ywj*","Danny Thompson","TOR","RP","9156","FA","23","100,000","A","0","1%","0%"
"*06cgf*","Darrell Thompson","(N/A)","RP","9157","FA","32","100,000","A","0","0%","0%"
"*06r88*","Evan Thompson","(N/A)","CF,OF","9158","FA","15","100,000","A","0","0%","0%"
"*06r4c*","J.D. Thompson","MIL","SP","9159","Kai","22","500,000","A","0","5%","0%"
"*06660*","Jake Thompson","LAA","3B","9160","FA","28","100,000","A","0","0%","0%"
"*06ht9*","Jordan Thompson","(N/A)","SS","9161","FA","24","100,000","A","0","0%","0%"
"*041qz*","Mason Thompson","TEX","RP","9162","FA","28","100,000","A","0","0%","0%"
"*04rzq*","Matthew Thompson","(N/A)","SP","9163","FA","25","100,000","A","0","0%","0%"
"*06tl9*","Paxton Thompson","(N/A)","RP","9164","FA","26","100,000","A","0","0%","0%"
"*04evj*","Riley Thompson","(N/A)","RP","9165","FA","30","100,000","A","0","0%","0%"
"*01sb1*","Trayce Thompson","(N/A)","RF,OF","9166","FA","35","100,000","A","0","0%","0%"
"*04aqh*","Tyree Thompson","(N/A)","RP","9167","FA","29","100,000","A","0","0%","0%"
"*03de5*","Zach Thompson","(N/A)","RP","9168","FA","32","100,000","A","0","0%","0%"
"*04n0p*","Zack Thompson","STL","RP","9169","FA","28","100,000","A","0","1%","0%"
"*05t0n*","Sam Thoresen","(N/A)","RP","9170","FA","27","100,000","A","0","0%","0%"
"*061ym*","Tyler Thornton","(N/A)","RP","9171","FA","26","100,000","A","0","0%","0%"
"*05yb1*","Drew Thorpe","CHW","SP","9172","Max","25","2,600,000","A","0","22%","0%"
"*0310l*","Andrew Thurman","SD","SP","9173","FA","34","100,000","A","0","0%","0%"
"*06tm8*","Grayson Thurman","(N/A)","RP","9174","FA","27","100,000","A","0","0%","0%"
"*06qvm*","Brock Tibbitts","TOR","C","9175","FA","23","100,000","A","0","0%","0%"
"*066ir*","James Tibbs III","LAD","RF,OF","9176","ELLY","23","500,000","A","0","44%","0%"
"*06qxs*","Humberto Tiberi","LAA","C","9177","FA","19","100,000","A","0","0%","0%"
"*06qp1*","Matt Tiberia","SEA","SP","9178","FA","24","100,000","A","0","0%","0%"
"*06rt7*","Brian Tiburcio","COL","RP","9179","FA","18","100,000","A","0","0%","0%"
"*06hw5*","Josh Tiedemann","NYY","RP","9180","FA","22","100,000","A","0","0%","0%"
"*05js6*","Ricky Tiedemann","TOR","SP","9181","Brenden","23","500,000","A","0","36%","0%"
"*06fqy*","Izack Tiger","TEX","SP","9182","FA","25","100,000","A","0","1%","0%"
"*05j6x*","Junior Tilien","ATL","LF,OF","9183","FA","23","100,000","A","0","0%","0%"
"*06c7a*","Jesus Tillero","LAD","SP","9184","FA","20","100,000","A","0","1%","0%"
"*06zif*","Cam Tilly","NYM","RP","9185","FA","22","100,000","A","0","1%","0%"
"*06qk5*","Shay Timmer","DET","RP","9186","FA","24","100,000","A","0","0%","0%"
"*06hs1*","Josh Timmerman","MIL","RP","9187","FA","23","100,000","A","0","0%","0%"
"*060w8*","Vin Timpanelli","(N/A)","RP","9188","FA","27","100,000","A","0","0%","0%"
"*06gui*","Johnny Tincher","(N/A)","C","9189","FA","24","100,000","A","0","0%","0%"
"*05ymv*","Dameivi Tineo","MIA","SP","9190","FA","22","100,000","A","0","0%","0%"
"*0733t*","Oscar Tineo","DET","SS","9191","FA","17","100,000","A","0","0%","0%"
"*06tn6*","Riskiel Tineo","(N/A)","RP","9192","FA","23","100,000","A","0","0%","0%"
"*06v4x*","Carson Tinney","MIN","C","9193","FA","21","100,000","A","0","0%","0%"
"*03moe*","Jesus Tinoco","MIA","RP","9194","FA","31","100,000","A","0","1%","0%"
"*06ywk*","Matthew Tippie","NYY","RP","9195","FA","23","100,000","A","0","0%","0%"
"*066c0*","Carlos Tirado","(N/A)","1B","9196","FA","21","100,000","A","0","0%","0%"
"*06v63*","Joe Tiroly","(N/A)","2B","9197","FA","21","100,000","A","0","0%","0%"
"*05xpn*","Riley Tirotta","PHI","1B,3B,RF,OF","9198","FA","27","100,000","A","0","0%","0%"
"*06qua*","Griffin Tobias","MIL","RP","9199","FA","20","100,000","A","0","0%","0%"
"*06qi0*","Jonathan Todd","TOR","RP","9200","FA","24","100,000","A","0","0%","0%"
"*04ok3*","Michael Toglia","CIN","1B","9201","FA","27","100,000","A","0","5%","0%"
"*06c1h*","Shosei Togo","(N/A)","SP","9202","FA","25","100,000","A","0","0%","0%"
"*04o0z*","Heitor Tokar","(N/A)","RP","9203","FA","25","100,000","A","0","0%","0%"
"*074vb*","Teddy Tokheim","(N/A)","3B","9204","FA","20","100,000","A","0","0%","0%"
"*06qow*","Cole Tolbert","BOS","SP","9205","FA","23","100,000","A","0","0%","0%"
"*066po*","Francisco Toledo","NYM","C","9206","FA","21","100,000","A","0","0%","0%"
"*06ms3*","Jeral Toledo","(N/A)","2B","9207","FA","23","100,000","A","0","0%","0%"
"*06mvb*","Almen Tolentino","MIA","C","9208","FA","19","100,000","A","0","0%","0%"
"*05h2t*","Milan Tolentino","CLE","2B,3B,SS","9209","FA","24","100,000","A","0","1%","0%"
"*051hr*","Anders Tolhurst","(N/A)","RP","9210","FA","26","100,000","A","0","0%","0%"
"*05yfp*","Erik Tolman","WSH","RP","9211","FA","27","100,000","A","0","0%","0%"
"*05yfd*","Tyler Tolve","ATL","C","9212","FA","26","100,000","A","0","0%","0%"
"*05uc8*","Tucker Toman","TOR","3B","9213","FA","22","100,000","A","0","2%","0%"
"*06rfp*","Juan Tomas","CHC","SS","9214","FA","18","100,000","A","0","2%","0%"
"*0730t*","Luis Tomas","CHC","SS","9215","FA","17","100,000","A","0","0%","0%"
"*051bp*","Anthony Tomczak","(N/A)","RP","9216","FA","25","100,000","A","0","0%","0%"
"*05ilr*","Shohei Tomioka","ATH","RP","9217","FA","30","100,000","A","0","0%","0%"
"*06gin*","Landon Tomkins","PIT","RP","9218","FA","26","100,000","A","0","0%","0%"
"*06ywl*","Julian Tonghini","WSH","RP","9219","FA","24","100,000","A","0","0%","0%"
"*05unh*","Gavin Tonkel","(N/A)","CF,OF","9220","FA","23","100,000","A","0","0%","0%"
"*02oyz*","Michael Tonkin","(N/A)","RP","9221","FA","36","100,000","A","0","0%","0%"
"*06z07*","Sam Tookoian","LAA","RP","9222","FA","23","100,000","A","0","0%","0%"
"*06qrq*","Marshall Toole","TB","CF,RF,OF","9223","FA","23","100,000","A","0","0%","0%"
"*076sq*","Alberto Toribio","KC","SP","9224","FA","19","100,000","A","0","0%","0%"
"*04qg4*","Luis Toribio","(N/A)","3B","9225","FA","25","100,000","A","0","0%","0%"
"*05g46*","Noe Toribio","(N/A)","SP","9226","FA","26","100,000","A","0","0%","0%"
"*063dm*","Cristofer Torin","ARI","2B,SS","9227","FA","21","100,000","A","0","4%","0%"
"*06qhe*","Diego Tornes","ATL","CF,OF","9228","FA","18","100,000","A","0","11%","0%"
"*041se*","Abraham Toro","KC","1B,3B","9229","FA","29","100,000","A","0","2%","0%"
"*074ad*","Edgardo Toro","SEA","CF,OF","9230","FA","18","100,000","A","0","0%","0%"
"*0769q*","Sebastian Toro","NYM","SS","9231","FA","17","100,000","A","0","0%","0%"
"*045ks*","Eduardo Torrealba","(N/A)","SS","9232","FA","27","100,000","A","0","0%","0%"
"*06mv7*","Jonfreider Torrealba","(N/A)","RP","9233","FA","19","100,000","A","0","0%","0%"
"*06r1i*","Osmar Torrealba","CLE","LF,OF","9234","FA","19","100,000","A","0","0%","0%"
"*0730n*","Osmar Abel Torrealba","ATL","CF,OF","9235","FA","17","100,000","A","0","0%","0%"
"*06rpx*","Adrian Torres","LAD","SP","9236","FA","18","100,000","A","0","0%","0%"
"*06hhg*","Alejandro Torres","HOU","RP","9237","FA","25","100,000","A","0","0%","0%"
"*0779t*","Alieski Torres","TOR","SP","9238","FA","18","100,000","A","0","0%","0%"
"*06mv1*","Andres Torres","TB","C,1B","9239","FA","19","100,000","A","0","0%","0%"
"*066fp*","Carlos Torres","COL","RP","9240","FA","25","100,000","A","0","0%","0%"
"*06z68*","Carlos Torres","TEX","C","9241","FA","18","100,000","A","0","0%","0%"
"*06saq*","Emile Torres","TB","CF,OF","9242","FA","18","100,000","A","0","0%","0%"
"*06rid*","Enry Torres","CIN","C","9243","FA","18","100,000","A","0","0%","0%"
"*05ydd*","Eric Torres","BAL","RP","9244","FA","26","100,000","A","0","0%","0%"
"*061z2*","Erick Torres","KC","LF,CF,OF","9245","FA","21","100,000","A","0","0%","0%"
"*06206*","Ervin Torres","(N/A)","RP","9246","FA","21","100,000","A","0","0%","0%"
"*06kv8*","Jason Torres","(N/A)","3B","9247","FA","22","100,000","A","0","0%","0%"
"*06gzz*","Javi Torres","CLE","RP","9248","FA","21","100,000","A","0","0%","0%"
"*05vyr*","Jose Torres","COL","SS","9249","FA","26","100,000","A","0","0%","0%"
"*072g8*","Jose Gabriel Torres","SEA","SP","9250","FA","25","100,000","A","0","0%","0%"
"*06ytw*","Juan Torres","NYY","2B","9251","FA","18","100,000","A","0","0%","0%"
"*04pme*","Lenny Torres","(N/A)","RP","9252","FA","25","100,000","A","0","1%","0%"
"*0642d*","Luis Torres","(N/A)","1B","9253","FA","22","100,000","A","0","0%","0%"
"*06v68*","Luis Torres","TOR","RP","9254","FA","21","100,000","A","0","0%","0%"
"*062kc*","Marcos Torres","TEX","RF,OF","9255","FA","21","100,000","A","0","0%","0%"
"*06r4s*","Michael Torres","(N/A)","CF,OF","9256","FA","20","100,000","A","0","0%","0%"
"*03dbl*","Nick Torres","(N/A)","RF,OF","9257","FA","33","100,000","A","0","0%","0%"
"*06c2g*","Rafhlmil Torres","CIN","2B,SS","9258","FA","20","100,000","A","0","0%","0%"
"*06o0r*","Stharlin Torres","CIN","SP","9259","FA","20","100,000","A","0","2%","0%"
"*0518c*","Victor Torres","(N/A)","C","9260","FA","25","100,000","A","0","0%","0%"
"*06pee*","Wande Torres","MIL","SP","9261","FA","21","100,000","A","0","0%","0%"
"*06kx2*","Wuinder Torres","CLE","C","9262","FA","19","100,000","A","0","0%","0%"
"*04apk*","Cristhian Tortosa","PIT","RP","9263","FA","27","100,000","A","0","0%","0%"
"*06upu*","Miguel Toscano","TB","SP","9264","FA","20","100,000","A","0","0%","0%"
"*04erg*","Frankie Tostado","(N/A)","RF,OF","9265","FA","28","100,000","A","0","0%","0%"
"*02yog*","Touki Toussaint","(N/A)","RP","9266","FA","30","100,000","A","0","0%","0%"
"*05yhv*","Osvaldo Tovalin","(N/A)","3B","9267","FA","26","100,000","A","0","0%","0%"
"*06rnc*","Anderson Tovar","(N/A)","LF,OF","9268","FA","19","100,000","A","0","0%","0%"
"*06c4t*","Deward Tovar","TEX","RF,OF","9269","FA","20","100,000","A","0","0%","0%"
"*064vy*","Eduardo Tovar","(N/A)","RP","9270","FA","22","100,000","A","0","0%","0%"
"*06r1n*","Erich Tovar","CLE","RP","9271","FA","19","100,000","A","0","0%","0%"
"*06rnb*","Geremy Tovar","(N/A)","RP","9272","FA","20","100,000","A","0","0%","0%"
"*06rna*","Jhemiangel Tovar","(N/A)","RP","9273","FA","23","100,000","A","0","0%","0%"
"*077c2*","Jhoener Tovar","PHI","SP","9274","FA","17","100,000","A","0","0%","0%"
"*06rn9*","Jose Tovar","TB","C","9275","FA","20","100,000","A","0","0%","0%"
"*077ck*","Jose Tovar","PHI","C","9276","FA","17","100,000","A","0","0%","0%"
"*06s47*","Luis Tovar","LAD","3B","9277","FA","18","100,000","A","0","0%","0%"
"*06mav*","Pedro Tovar","BAL","RF,OF","9278","FA","20","100,000","A","0","0%","0%"
"*06mwb*","Yimy Tovar","SD","SS","9279","FA","20","100,000","A","0","0%","0%"
"*05yhk*","River Town","(N/A)","RF,OF","9280","FA","27","100,000","A","0","0%","0%"
"*05ilp*","Blake Townsend","TEX","RP","9281","FA","25","100,000","A","0","0%","0%"
"*072nn*","Cade Townsend","CHC","SP","9282","FA","21","100,000","A","0","1%","0%"
"*06uxo*","Nick Trabacchi","MIN","RP","9283","FA","27","100,000","A","0","0%","0%"
"*06uwt*","Nolan Traeger","(N/A)","C","9284","FA","20","100,000","A","0","0%","0%"
"*06hwe*","Michael Trausch","TEX","RP","9285","FA","22","100,000","A","0","0%","0%"
"*06hx3*","Michael Trautwein","CIN","C","9286","FA","26","100,000","A","0","0%","0%"
"*06r3d*","Jesus Travieso","PIT","SP","9287","FA","19","100,000","A","0","1%","0%"
"*06uh2*","Hayden Travinski","(N/A)","1B","9288","FA","25","100,000","A","0","0%","0%"
"*068xw*","Alonzo Tredwell","HOU","SP","9289","FA","24","100,000","A","0","2%","0%"
"*06qjy*","Danny Trehey","HOU","RP","9290","FA","25","100,000","A","0","0%","0%"
"*04eoq*","Alan Trejo","(N/A)","SS","9291","FA","30","100,000","A","0","0%","0%"
"*065jd*","Caeden Trenkle","(N/A)","CF,OF","9292","FA","25","100,000","A","0","0%","0%"
"*06hx1*","Josh Trentadue","TEX","SP","9293","FA","24","100,000","A","0","1%","0%"
"*05rij*","Luca Tresh","KC","C","9294","FA","26","100,000","A","0","0%","0%"
"*05ucf*","James Triantos","CHC","2B,3B,CF,OF","9295","FA","23","100,000","A","0","20%","0%"
"*05wy0*","Carter Trice","CHC","CF,OF","9296","FA","23","100,000","A","0","0%","0%"
"*06o0l*","Fenwick Trimble","MIA","CF,RF,OF","9297","FA","23","100,000","A","0","2%","0%"
"*06qjx*","Justin Trimble","(N/A)","1B,3B","9298","FA","23","100,000","A","0","0%","0%"
"*05uwb*","Reed Trimble","BAL","LF,CF,RF,OF","9299","FA","26","100,000","A","0","1%","0%"
"*06ifm*","Wilian Trinidad","(N/A)","3B","9300","FA","20","100,000","A","0","0%","0%"
"*06hro*","Donny Troconis","ATH","SP","9301","FA","20","100,000","A","0","0%","0%"
"*06f0s*","Austin Troesser","NYM","RP","9302","FA","24","100,000","A","0","0%","0%"
"*04pyq*","Nick Trogrlic-Iverson","(N/A)","RP","9303","FA","28","100,000","A","0","0%","0%"
"*06r35*","Deshandro Tromp","(N/A)","1B","9304","FA","19","100,000","A","0","0%","0%"
"*06qr9*","Eli Trop","(N/A)","RP","9305","FA","24","100,000","A","0","0%","0%"
"*06zij*","Camden Troyer","NYY","RF,OF","9306","FA","23","100,000","A","0","0%","0%"
"*06hoh*","Derek True","HOU","SP","9307","FA","25","100,000","A","0","0%","0%"
"*06qni*","Evan Truitt","SEA","SP","9308","FA","23","100,000","A","0","0%","0%"
"*066pq*","Keduar Trujillo","HOU","1B","9309","FA","22","100,000","A","0","0%","0%"
"*06ak5*","Jyun Yue Tseng","(N/A)","RP","9310","FA","24","100,000","A","0","0%","0%"
"*072qu*","Kotaro Tsunematsu","CHC","LF,RF,OF","9311","FA","22","100,000","A","0","0%","0%"
"*06r6l*","Pedro Tucent","(N/A)","RP","9312","FA","23","100,000","A","0","0%","0%"
"*06hes*","Braydon Tucker","PHI","SP","9313","FA","27","100,000","A","0","0%","0%"
"*05jrj*","Carson Tucker","SD","2B","9314","FA","24","100,000","A","0","1%","0%"
"*06hu7*","Cody Tucker","(N/A)","SP","9315","FA","27","100,000","A","0","0%","0%"
"*06ho9*","Stanley Tucker","BOS","RF,OF","9316","FA","24","100,000","A","0","0%","0%"
"*06hit*","Tevin Tucker","COL","2B","9317","FA","26","100,000","A","0","0%","0%"
"*06qks*","Colin Tuft","BAL","C","9318","FA","23","100,000","A","0","0%","0%"
"*07307*","Amani Tuiasosopo","(N/A)","SS","9319","FA","14","100,000","A","0","0%","0%"
"*06ppr*","Zack Tukis","PHI","RP","9320","FA","23","100,000","A","0","0%","0%"
"*066k0*","Adam Tulloch","CLE","RP","9321","FA","26","100,000","A","0","0%","0%"
"*048vd*","Tanner Tully","(N/A)","SP","9322","FA","31","100,000","A","0","0%","0%"
"*06q33*","Brendan Tunink","LAD","CF,OF","9323","FA","20","100,000","A","0","3%","0%"
"*06upt*","Emil Turbi","(N/A)","SS","9324","FA","21","100,000","A","0","0%","0%"
"*05y7w*","Gavin Turley","ATH","RF,OF","9325","FA","22","100,000","A","0","2%","0%"
"*03d75*","Spencer Turnbull","(N/A)","SP","9326","FA","33","100,000","A","0","0%","0%"
"*04vni*","Gionti Turner","(N/A)","2B","9327","FA","25","100,000","A","0","0%","0%"
"*07305*","Jake Turner","(N/A)","RF,OF","9328","FA","17","100,000","A","0","0%","0%"
"*01lum*","Justin Turner","(N/A)","1B,DH","9329","FA","41","100,000","A","0","0%","0%"
"*04elj*","Matt Turner","NYM","RP","9330","FA","26","100,000","A","0","0%","0%"
"*066cv*","Michael Turner","CHW","C","9331","FA","27","100,000","A","0","0%","0%"
"*0657s*","Tyresse Turner","CLE","3B","9332","FA","26","100,000","A","0","0%","0%"
"*06j3i*","Will Turner","BOS","RF,OF","9333","FA","23","100,000","A","0","0%","0%"
"*06fv2*","Cole Turney","(N/A)","LF,OF","9334","FA","27","100,000","A","0","0%","0%"
"*06qf2*","Trent Turzenski","BAL","RP","9335","FA","25","100,000","A","0","0%","0%"
"*0733y*","Eduardo Tusen","DET","SS","9336","FA","17","100,000","A","0","0%","0%"
"*068nz*","Brady Tygart","BOS","SP","9337","FA","22","100,000","A","0","0%","0%"
"*04q2b*","Kyle Tyler","(N/A)","RP","9338","FA","29","100,000","A","0","0%","0%"
"*0518z*","Mitchell Tyranski","(N/A)","RP","9339","FA","28","100,000","A","0","0%","0%"
"*06uoe*","Giomar Ubiera","NYM","SS","9340","FA","18","100,000","A","0","0%","0%"
"*04tji*","Edwin Uceta","TB","RP","9341","FA","28","100,000","A","0","29%","-1%"
"*04eg4*","Erich Uelmen","(N/A)","RP","9342","FA","30","100,000","A","0","0%","0%"
"*06jfp*","Jhonayker Ugarte","KC","3B,SS","9343","FA","19","100,000","A","0","1%","0%"
"*062hn*","Ronny Ugarte","COL","1B","9344","FA","21","100,000","A","0","0%","0%"
"*074vo*","Angelo Ugueto","SF","CF,OF","9345","FA","17","100,000","A","0","0%","0%"
"*06bsf*","Eyke Ugueto","(N/A)","LF,OF","9346","FA","20","100,000","A","0","0%","0%"
"*05x06*","Miguel Ugueto","STL","CF,RF,OF","9347","FA","23","100,000","A","0","0%","0%"
"*06z5a*","Krishan Ulacio","BOS","RF,OF","9348","FA","18","100,000","A","0","0%","0%"
"*05y65*","Alex Ulloa","(N/A)","SS","9349","FA","23","100,000","A","0","0%","0%"
"*06pqa*","Fidel Ulloa","COL","RP","9350","FA","23","100,000","A","0","0%","0%"
"*06l47*","Hyungchan Um","KC","C","9351","FA","22","100,000","A","0","0%","0%"
"*06tn7*","Grant Umberger","CHW","SP","9352","FA","24","100,000","A","0","0%","0%"
"*02mwx*","Duane Underwood Jr.","(N/A)","RP","9353","FA","31","100,000","A","0","0%","0%"
"*070e8*","Cooper Underwood","(N/A)","SP","9354","FA","19","100,000","A","0","0%","0%"
"*073xx*","Alex Ungar","CHW","RF,OF","9355","FA","24","100,000","A","0","0%","0%"
"*03115*","Riley Unroe","CHW","RF,OF","9356","FA","30","100,000","A","0","0%","0%"
"*0731b*","Myles Upchurch","(N/A)","SP","9357","FA","19","100,000","A","0","0%","0%"
"*0001p*","Justin Upton","(N/A)","LF,OF","","Zack","38","0","A","0","0%","0%"
"*05u5c*","Francisco Urbaez","CIN","2B","9358","FA","28","100,000","A","0","0%","0%"
"*06tm9*","Geison Urbaez","(N/A)","RP","9359","FA","26","100,000","A","0","0%","0%"
"*064ic*","Rayner Urbaez","(N/A)","SP","9360","FA","23","100,000","A","0","0%","0%"
"*0776l*","Anderber Urbina","BOS","SS","9361","FA","17","100,000","A","0","0%","0%"
"*069xw*","Jose Urbina","TB","SP","9362","FA","20","100,000","A","0","4%","0%"
"*06rjf*","Jose Urbina","ARI","C","9363","FA","20","100,000","A","0","0%","0%"
"*04qou*","Misael Urbina","(N/A)","LF,OF","9364","FA","24","100,000","A","0","1%","0%"
"*06lwj*","Nestor Urbina","TOR","DH","9365","FA","19","100,000","A","0","0%","0%"
"*06akg*","Omar Urbina","BAL","1B","9366","FA","20","100,000","A","0","0%","0%"
"*06uqj*","Roberto Urdaneta","ATH","RP","9367","FA","20","100,000","A","0","0%","0%"
"*06zfg*","Ryan Ure","KC","RP","9368","FA","23","100,000","A","0","0%","0%"
"*06uvw*","Antoni Urena","LAD","SS","9369","FA","19","100,000","A","0","0%","0%"
"*066re*","Engelth Urena","NYY","1B","9370","FA","21","100,000","A","0","1%","0%"
"*076s9*","Franly Urena","TOR","RP","9371","FA","22","100,000","A","0","0%","0%"
"*02j6w*","Jose Urena","(N/A)","RP","9372","FA","34","100,000","A","0","0%","0%"
"*04t98*","Manuel Urias","(N/A)","SP","9373","FA","25","100,000","A","0","0%","0%"
"*06r1d*","Delni Uribe","(N/A)","SP","9374","FA","19","100,000","A","0","0%","0%"
"*06ak6*","Isaias Uribe","PIT","RP","9375","FA","23","100,000","A","0","0%","0%"
"*06c3q*","Juan Uribe","(N/A)","2B","9376","FA","20","100,000","A","0","0%","0%"
"*06hs2*","Cole Urman","(N/A)","C,1B","9377","FA","24","100,000","A","0","0%","0%"
"*06v2u*","Miguel Useche","CHC","C","9378","FA","25","100,000","A","0","0%","0%"
"*06r1c*","Santiago Ustariz","CLE","DH","9379","FA","19","100,000","A","0","0%","0%"
"*04zaw*","Naoyuki Uwasawa","(N/A)","SP","9380","FA","32","100,000","A","0","0%","0%"
"*076sa*","Jonas Uzcategui","MIA","RP","9381","FA","21","100,000","A","0","0%","0%"
"*06ms0*","Tommy Vail","CHW","RP","9382","FA","27","100,000","A","0","0%","0%"
"*074cb*","Jack Valbrune","HOU","CF,OF","9383","FA","18","100,000","A","0","0%","0%"
"*063w1*","Javier Valdes","(N/A)","C","9384","FA","27","100,000","A","0","0%","0%"
"*05126*","Yordys Valdes","(N/A)","2B","9385","FA","24","100,000","A","0","0%","0%"
"*06sau*","Adrian Valdez","BOS","LF,OF","9386","FA","18","100,000","A","0","0%","0%"
"*06qy0*","Argenis Valdez","BAL","LF,OF","9387","FA","19","100,000","A","0","0%","0%"
"*04nrs*","Dauris Valdez","(N/A)","RP","9388","FA","30","100,000","A","0","0%","0%"
"*0662n*","Derniche Valdez","CHC","CF,OF","9389","FA","20","100,000","A","0","2%","0%"
"*042af*","Enmanuel Valdez","PIT","1B","9390","FA","27","100,000","A","0","2%","0%"
"*05j8n*","Jesus Valdez","ARI","2B,3B","9391","FA","28","100,000","A","0","0%","0%"
"*05y16*","Joel Valdez","(N/A)","RP","9392","FA","26","100,000","A","0","0%","0%"
"*06tkj*","Jonawel Valdez","MIA","RP","9393","FA","22","100,000","A","0","0%","0%"
"*076rx*","Jose Valdez","SF","CF,OF","9394","FA","17","100,000","A","0","0%","0%"
"*062yu*","Kevin Valdez","CHC","SP","9395","FA","24","100,000","A","0","0%","0%"
"*06424*","Luis Valdez","(N/A)","2B","9396","FA","26","100,000","A","0","0%","0%"
"*0763m*","Luis Valdez","KC","RP","9397","FA","21","100,000","A","0","0%","0%"
"*06vy7*","Luisberth Valdez","ATL","SP","9398","FA","18","100,000","A","0","0%","0%"
"*05rc2*","Malvin Valdez","(N/A)","LF,CF,OF","9399","FA","22","100,000","A","0","0%","0%"
"*06sbe*","Miguel Valdez","(N/A)","RP","9400","FA","22","100,000","A","0","0%","0%"
"*06sbx*","Miguel Valdez","ARI","RP","9401","FA","19","100,000","A","0","0%","0%"
"*076ku*","Moises Valdez","SD","CF,OF","9402","FA","20","100,000","A","0","0%","0%"
"*073k5*","Stiwarts Valdez","CHW","LF,OF","9403","FA","17","100,000","A","0","0%","0%"
"*07248*","Victor Valdez","TB","SS","9404","FA","17","100,000","A","0","7%","0%"
"*064oe*","Yoan Valdez","DET","RP","9405","FA","20","100,000","A","0","0%","0%"
"*06mt0*","Alexandre Valdiviezo","(N/A)","RP","9406","FA","19","100,000","A","0","0%","0%"
"*05yie*","Anthuan Valencia","CIN","LF,OF","9407","FA","21","100,000","A","0","0%","0%"
"*066mr*","Esmil Valencia","MIA","CF,OF","9408","FA","20","100,000","A","0","1%","0%"
"*066a3*","Chase Valentine","(N/A)","CF,OF","9409","FA","24","100,000","A","0","0%","0%"
"*06o0u*","Cleudis Valenzuela","(N/A)","2B","9410","FA","19","100,000","A","0","0%","0%"
"*0519p*","Sahid Valenzuela","(N/A)","2B,3B","9411","FA","28","100,000","A","0","0%","0%"
"*06mlb*","Juan Valera","BOS","SP","9412","FA","20","100,000","A","0","13%","0%"
"*04j4e*","Leonel Valera","(N/A)","SS","9413","FA","27","100,000","A","0","0%","0%"
"*04ycm*","Felix Valerio","(N/A)","2B","9414","FA","25","100,000","A","0","0%","0%"
"*05keg*","Samuel Valerio","(N/A)","SP","9415","FA","24","100,000","A","0","0%","0%"
"*06uwo*","Tomas Valincius","(N/A)","SP","9416","FA","20","100,000","A","0","1%","0%"
"*06igg*","Jefferson Valladares","(N/A)","C,1B","9417","FA","24","100,000","A","0","0%","0%"
"*06hwq*","John Valle","WSH","RP","9418","FA","21","100,000","A","0","0%","0%"
"*063c4*","Alexander Vallecillo","(N/A)","SP","9419","FA","24","100,000","A","0","0%","0%"
"*0749w*","Adan Vallenilla","SEA","SP","9420","FA","20","100,000","A","0","0%","0%"
"*04pqy*","Chris Vallimont","MIN","SP","9421","FA","29","100,000","A","0","0%","0%"
"*06aq4*","Andres Valor","MIA","RF,OF","9422","FA","20","100,000","A","0","2%","0%"
"*04etk*","Alex Valverde","(N/A)","P","9423","FA","29","100,000","A","0","0%","0%"
"*05r5p*","Brian Van Belle","TB","RP","9424","FA","29","100,000","A","0","0%","0%"
"*06zat*","Shane Van Dam","KC","RP","9425","FA","22","100,000","A","0","0%","0%"
"*06lth*","Gijs van den Brink","KC","SP","10016","FA","21","100,000","A","0","0%","0%"
"*06akm*","Stijn Van Der Schaaf","(N/A)","SP","9426","FA","22","100,000","A","0","0%","0%"
"*06ywm*","Ty Van Dyke","STL","SP","9427","FA","22","100,000","A","0","0%","0%"
"*04pvn*","Connor Van Scoyoc","WSH","RP","9428","FA","26","100,000","A","0","0%","0%"
"*06uxf*","Bryson Van Sickle","COL","RP","9429","FA","25","100,000","A","0","0%","0%"
"*06gib*","Ryan Vanderhei","SF","RP","9432","FA","25","100,000","A","0","0%","0%"
"*06zas*","JC Vanek","KC","1B","9433","FA","21","100,000","A","0","0%","0%"
"*06ups*","Vince Vannelle","(N/A)","RP","9434","FA","28","100,000","A","0","0%","0%"
"*064wg*","Reid VanScoter","SEA","SP","9430","FA","27","100,000","A","0","0%","0%"
"*072ys*","Macgraw VanWormer","(N/A)","RF,OF","9431","FA","16","100,000","A","0","0%","0%"
"*05mxd*","Cristhian Vaquero","WSH","CF,RF,OF","9435","FA","21","100,000","A","0","7%","0%"
"*06dqh*","Jose Varela","HOU","RP","9436","FA","21","100,000","A","0","0%","0%"
"*04tm2*","Alexander Vargas","(N/A)","3B,SS","9437","FA","24","100,000","A","0","1%","0%"
"*04rhl*","Carlos Vargas","SEA","RP","9438","FA","26","100,000","A","0","3%","0%"
"*074or*","Christopher Vargas","STL","CF,OF","9439","FA","17","100,000","A","0","0%","0%"
"*061v7*","Echedry Vargas","MIA","3B","9440","FA","21","100,000","A","0","3%","0%"
"*06imt*","Edward Vargas","CHC","RF,OF","9441","FA","22","100,000","A","0","0%","0%"
"*06vy4*","Esnaider Vargas","WSH","RF,OF","9442","FA","18","100,000","A","0","0%","0%"
"*06c7y*","Giovanni Vargas","STL","RP","9443","FA","20","100,000","A","0","0%","0%"
"*061ob*","Imanol Vargas","(N/A)","1B","9444","FA","28","100,000","A","0","0%","0%"
"*05j8z*","Jheremy Vargas","MIL","2B","9445","FA","23","100,000","A","0","0%","0%"
"*06cf5*","Jhocsuanth Vargas","TEX","C","9446","FA","19","100,000","A","0","0%","0%"
"*06625*","Joendry Vargas","LAD","SS","9447","FA","20","100,000","A","0","16%","0%"
"*05un4*","Jordy Vargas","COL","SP","9448","FA","22","100,000","A","0","1%","0%"
"*06mii*","Luis Vargas","ATL","RP","9449","FA","24","100,000","A","0","0%","0%"
"*06249*","Marco Vargas","NYM","2B,SS","9450","FA","21","100,000","A","0","2%","0%"
"*06sjq*","Mauricio Vargas","NYY","RP","9451","FA","19","100,000","A","0","0%","0%"
"*06l0w*","Raul Vargas","(N/A)","2B","9452","FA","19","100,000","A","0","0%","0%"
"*0763k*","Santiago Vargas","SD","SS","9453","FA","18","100,000","A","0","0%","0%"
"*06mig*","Yeferson Vargas","LAA","SP","9454","FA","21","100,000","A","0","0%","0%"
"*06hei*","Will Varmette","SD","SP","9455","FA","23","100,000","A","0","0%","0%"
"*074ud*","Derek Vartanian","ATL","SP","9456","FA","22","100,000","A","0","0%","0%"
"*04ok0*","Mike Vasil","CHW","RP","9457","FA","26","100,000","A","0","5%","0%"
"*06rgk*","Amilcar Vasquez","(N/A)","CF,OF","9458","FA","24","100,000","A","0","0%","0%"
"*06akf*","Andre Vasquez","CIN","RP","9459","FA","20","100,000","A","0","0%","0%"
"*03ym6*","Andrew Vasquez","(N/A)","RP","9460","FA","32","100,000","A","0","0%","0%"
"*06r6u*","Brandon Vasquez","SF","LF,OF","9461","FA","19","100,000","A","0","0%","0%"
"*066rr*","Carlos Vasquez","(N/A)","2B","9462","FA","21","100,000","A","0","0%","0%"
"*06roa*","Daury Vasquez","ARI","SP","9463","FA","20","100,000","A","0","0%","0%"
"*0731k*","Freyerso Vasquez","BOS","LF,CF,RF,OF","9464","FA","17","100,000","A","0","1%","0%"
"*06ula*","Geovanny Vasquez","CHC","RP","9465","FA","22","100,000","A","0","0%","0%"
"*06r7h*","Jose Vasquez","LAD","SP","9466","FA","21","100,000","A","0","0%","0%"
"*075l8*","Juanmi Vasquez","DET","RP","9467","FA","22","100,000","A","0","0%","0%"
"*06sbp*","Keivan Vasquez","ARI","SP","9468","FA","18","100,000","A","0","0%","0%"
"*06tlk*","Samuel Vasquez","MIA","RP","9469","FA","26","100,000","A","0","0%","0%"
"*06aqm*","Wardquelin Vasquez","(N/A)","RP","9470","FA","24","100,000","A","0","0%","0%"
"*05xyj*","Willy Vasquez","BAL","RF,OF","9471","FA","24","100,000","A","0","1%","0%"
"*06rjv*","Yosweld Vasquez","HOU","C","9472","FA","21","100,000","A","0","0%","0%"
"*066kz*","Jonathan Vastine","SD","SS","9473","FA","23","100,000","A","0","0%","0%"
"*06hs9*","Kevin Vaupel","(N/A)","SP","9474","FA","24","100,000","A","0","0%","0%"
"*04xon*","Terrin Vavra","BAL","2B","9475","FA","29","100,000","A","0","0%","0%"
"*066k3*","Javier Vaz","KC","2B,LF,OF","9476","FA","25","100,000","A","0","1%","0%"
"*05m44*","Daniel Vazquez","KC","SS","9477","FA","22","100,000","A","0","1%","0%"
"*04ens*","Luis Vazquez","BAL","3B","9478","FA","26","100,000","A","0","1%","0%"
"*06qlj*","Chris Veach","NYY","RP","9479","FA","24","100,000","A","0","0%","0%"
"*05gbg*","Zac Veen","COL","LF,RF,OF","9480","Brenden","24","500,000","A","0","36%","0%"
"*066es*","Zach Veen","(N/A)","SP","9481","FA","25","100,000","A","0","0%","0%"
"*04o62*","Alfred Vega","(N/A)","RP","9482","FA","25","100,000","A","0","0%","0%"
"*066r0*","Marco Vega","LAA","RP","9483","FA","21","100,000","A","0","0%","0%"
"*04q2i*","Onix Vega","NYM","C","9484","FA","27","100,000","A","0","0%","0%"
"*06pg9*","Kevin Velasco","BAL","SP","9485","FA","20","100,000","A","0","0%","0%"
"*066s5*","Alfredo Velasquez","BAL","2B,SS","9486","FA","21","100,000","A","0","0%","0%"
"*06rt0*","Deivis Velasquez","PHI","C","9487","FA","18","100,000","A","0","0%","0%"
"*05r5f*","Diego Velasquez","SF","2B","9488","FA","22","100,000","A","0","1%","0%"
"*06c7n*","Facundo Velasquez","STL","CF,OF","9489","FA","20","100,000","A","0","0%","0%"
"*06ytr*","Giussepe Velasquez","PHI","SP","9490","FA","23","100,000","A","0","0%","0%"
"*0731l*","Isaac Velasquez","BOS","SS","9491","FA","16","100,000","A","0","0%","0%"
"*06mbq*","Luis Velasquez","NYY","RP","9492","FA","25","100,000","A","0","0%","0%"
"*06qfp*","Nomar Velasquez","CLE","LF,OF","9493","FA","21","100,000","A","0","0%","0%"
"*02n0e*","Andrew Velazquez","KC","2B,SS","9494","FA","32","100,000","A","0","0%","0%"
"*067yp*","Ralphy Velazquez","CLE","1B","9495","B&A","21","500,000","A","0","42%","0%"
"*066su*","Ramses Velazquez","(N/A)","LF,OF","9496","FA","21","100,000","A","0","0%","0%"
"*06kxs*","Remy Veldhuisen","(N/A)","1B","9497","FA","21","100,000","A","0","0%","0%"
"*05vyl*","Antonio Velez","(N/A)","SP","9498","FA","29","100,000","A","0","0%","0%"
"*06u7d*","Ricardo Velez","TEX","RP","9499","FA","27","100,000","A","0","0%","0%"
"*068z3*","Mauricio Veliz","(N/A)","RP","9500","FA","24","100,000","A","0","0%","0%"
"*05r3o*","Daniel Vellojin","TB","C","9501","FA","26","100,000","A","0","0%","0%"
"*05itv*","Manuel Veloz","(N/A)","RP","9502","FA","25","100,000","A","0","0%","0%"
"*0517a*","Anthony Veneziano","(N/A)","SP","9503","FA","28","100,000","A","0","0%","0%"
"*076co*","Zach Vennaro","MIN","RP","9504","FA","30","100,000","A","0","0%","0%"
"*05ynl*","Tommy Ventimiglia","(N/A)","SP","9505","FA","22","100,000","A","0","0%","0%"
"*06qzq*","Aiberson Ventura","(N/A)","RP","9506","FA","20","100,000","A","0","0%","0%"
"*06muz*","Angel Ventura","(N/A)","LF,OF","9507","FA","20","100,000","A","0","0%","0%"
"*06mwd*","Dervy Ventura","SEA","2B","9508","FA","22","100,000","A","0","0%","0%"
"*06rou*","Ezequiel Ventura","(N/A)","RP","9509","FA","24","100,000","A","0","0%","0%"
"*05gbx*","Jordany Ventura","(N/A)","RP","9510","FA","26","100,000","A","0","0%","0%"
"*06sb3*","Melky Ventura","COL","SP","9511","FA","18","100,000","A","0","0%","0%"
"*0733z*","Santiago Ventura","DET","CF,OF","9512","FA","17","100,000","A","0","0%","0%"
"*06qh0*","Alejandro Vera","(N/A)","SP","9513","FA","20","100,000","A","0","0%","0%"
"*050k4*","Arol Vera","LAA","2B,3B,SS","9514","FA","23","100,000","A","0","1%","0%"
"*05grk*","Norge Vera","(N/A)","SP","9515","FA","26","100,000","A","0","1%","0%"
"*076gi*","Edrwin Veras","TOR","RP","9516","FA","23","100,000","A","0","0%","0%"
"*077bb*","Isay Veras","TOR","C","9517","FA","18","100,000","A","0","0%","0%"
"*07318*","Marcos Veras","MIL","SP","9518","FA","16","100,000","A","0","0%","0%"
"*05nsi*","Wilfred Veras","(N/A)","RF,OF","9519","FA","23","100,000","A","0","1%","0%"
"*06r5v*","Yoandys Veraza","BOS","RP","9520","FA","19","100,000","A","0","0%","0%"
"*075iq*","Kevin Verde","NYY","SS","9521","FA","20","100,000","A","0","0%","0%"
"*03d7g*","Alex Verdugo","(N/A)","LF,OF","9522","FA","30","100,000","A","0","1%","0%"
"*06v3y*","Jose Verdugo","SD","SS","9523","FA","18","100,000","A","0","1%","0%"
"*04mln*","Luis Verdugo","SD","1B,3B","9524","FA","25","100,000","A","0","0%","0%"
"*05yia*","Rosman Verdugo","SD","2B,3B","9525","FA","21","100,000","A","0","1%","0%"
"*06qn8*","Ryan Verdugo","HOU","SP","9526","FA","23","100,000","A","0","0%","0%"
"*06ejz*","Will Verdung","ATL","1B,3B","9527","FA","23","100,000","A","0","0%","0%"
"*06u6g*","Brayan Vergara","LAA","RP","9528","FA","20","100,000","A","0","0%","0%"
"*05y4p*","Austin Vernon","TB","RP","9529","FA","27","100,000","A","0","0%","0%"
"*06qv0*","Cade Vernon","SF","RP","9530","FA","24","100,000","A","0","0%","0%"
"*06qey*","Ben Vespi","BAL","RP","9531","FA","25","100,000","A","0","0%","0%"
"*03qv3*","Nick Vespi","(N/A)","RP","9532","FA","30","100,000","A","0","0%","0%"
"*06dqp*","Joe Vetrano","LAD","1B","9533","FA","24","100,000","A","0","0%","0%"
"*05une*","Jordan Viars","(N/A)","1B","9534","FA","23","100,000","A","0","0%","0%"
"*06qsl*","Najer Victor","LAA","RP","9535","FA","24","100,000","A","0","2%","0%"
"*05ydl*","Landon Victorian","(N/A)","SP","9536","FA","20","100,000","A","0","0%","0%"
"*0744d*","Jose Victorino","LAD","SS","9537","FA","17","100,000","A","0","0%","0%"
"*0757d*","Omar Victorino","NYM","SP","9538","FA","21","100,000","A","0","0%","0%"
"*06yqy*","Landyn Vidourek","LAD","RF,OF","9539","FA","22","100,000","A","0","3%","0%"
"*03qvc*","Cam Vieaux","(N/A)","RP","9540","FA","32","100,000","A","0","0%","0%"
"*049ur*","Thyago Vieira","(N/A)","RP","9541","FA","33","100,000","A","0","0%","0%"
"*073k6*","Carlos Vielma","CHW","SS","9542","FA","16","100,000","A","0","0%","0%"
"*072g4*","Jose Vielma","NYM","SP","9543","FA","19","100,000","A","0","0%","0%"
"*05y32*","Max Viera","TOR","2B","9544","FA","25","100,000","A","0","0%","0%"
"*070bh*","Will Vierling","PHI","C","9545","FA","22","100,000","A","0","0%","0%"
"*06ih3*","Anthony Vilar","SD","C,2B","9546","FA","27","100,000","A","0","0%","0%"
"*05r6c*","Michael Vilchez","(N/A)","RP","9547","FA","22","100,000","A","0","0%","0%"
"*06uqk*","Deivi Villafana","CIN","SP","9548","FA","23","100,000","A","0","0%","0%"
"*066pb*","Eli Villalobos","SD","RP","9549","FA","29","100,000","A","0","0%","0%"
"*0648m*","Chris Villaman","(N/A)","RP","9550","FA","25","100,000","A","0","0%","0%"
"*06qts*","Mike Villani","CIN","RP","9551","FA","23","100,000","A","0","0%","0%"
"*0757e*","Ramiro Villanueva","MIN","SP","9552","FA","20","100,000","A","0","0%","0%"
"*04pvh*","David Villar","(N/A)","1B","9553","FA","29","100,000","A","0","0%","0%"
"*06rqf*","Kamuel Villar","COL","SS","9554","FA","18","100,000","A","0","0%","0%"
"*075l7*","Wily Villar","TEX","RP","9555","FA","27","100,000","A","0","0%","0%"
"*06r13*","Elkyns Villarreal","SF","SP","9556","FA","19","100,000","A","0","0%","0%"
"*06uva*","Varis Villarreal","NYY","RP","9557","FA","21","100,000","A","0","0%","0%"
"*06kxx*","Carlos Villarroel","NYY","C","9558","FA","19","100,000","A","0","0%","0%"
"*066or*","Jancel Villarroel","SF","C","9559","FA","21","100,000","A","0","1%","0%"
"*0776u*","Jhosep Villarroel","ARI","C","9560","FA","17","100,000","A","0","0%","0%"
"*05xsw*","Miguel Villarroel","WSH","SS","9561","FA","24","100,000","A","0","0%","0%"
"*06rgq*","Juan Villavicencio","PHI","SS","9562","FA","21","100,000","A","0","0%","0%"
"*05xt4*","Kevin Villavicencio","NYM","3B,LF,OF","9563","FA","22","100,000","A","0","0%","0%"
"*077el*","Yunior Villavicencio","BAL","SP","9564","FA","18","100,000","A","0","0%","0%"
"*076qp*","Edgardo Villegas","TOR","CF,OF","9565","FA","23","100,000","A","0","0%","0%"
"*04q1b*","Ian Villers","(N/A)","RP","9566","FA","25","100,000","A","0","0%","0%"
"*06rsh*","Geremy Villoria","MIN","SP","9567","FA","17","100,000","A","0","0%","0%"
"*06riy*","Diego Viloria","(N/A)","RP","9568","FA","23","100,000","A","0","0%","0%"
"*05xyr*","Luis Viloria","(N/A)","RP","9569","FA","22","100,000","A","0","0%","0%"
"*06ibp*","Francisco Vilorio","NYY","CF,OF","9570","FA","19","100,000","A","0","2%","0%"
"*06heh*","Colton Vincent","SD","C","9571","FA","26","100,000","A","0","0%","0%"
"*06z08*","Wyatt Vincent","NYM","CF,OF","9572","FA","19","100,000","A","0","0%","0%"
"*05157*","Darius Vines","(N/A)","SP","9573","FA","28","100,000","A","0","1%","0%"
"*056j3*","Esmerlin Vinicio","SF","RP","9574","FA","23","100,000","A","0","0%","0%"
"*06th7*","Mason Vinyard","MIA","RP","9575","FA","27","100,000","A","0","0%","0%"
"*06cgi*","Carlos Virahonda","ARI","C","9576","FA","20","100,000","A","0","1%","0%"
"*05y7o*","Kyle Virbitsky","(N/A)","RP","9577","FA","27","100,000","A","0","0%","0%"
"*05y2c*","Caden Vire","BOS","RP","9578","FA","22","100,000","A","0","0%","0%"
"*062zp*","Kendeglys Virguez","CLE","RP","9579","FA","22","100,000","A","0","0%","0%"
"*06rjp*","Edison Vivas","(N/A)","DH","9580","FA","20","100,000","A","0","0%","0%"
"*0763j*","Leonel Vivas","CHC","SS","9581","FA","19","100,000","A","0","0%","0%"
"*07671*","Angel Vizcaino","ATH","RP","9582","FA","20","100,000","A","0","0%","0%"
"*05ued*","Luis Vizcaino","(N/A)","RP","9583","FA","25","100,000","A","0","0%","0%"
"*04oc7*","Raffi Vizcaino","(N/A)","RP","9584","FA","30","100,000","A","0","0%","0%"
"*05gvy*","Anthony Vizcaya","(N/A)","RP","9585","FA","32","100,000","A","0","0%","0%"
"*05rh7*","Ruben Vizcaya","(N/A)","LF,OF","9586","FA","22","100,000","A","0","0%","0%"
"*06mhx*","Dominic Voegele","BAL","SP","9587","FA","21","100,000","A","0","0%","0%"
"*06qku*","Jayden Voelker","TB","SP","9588","FA","23","100,000","A","0","0%","0%"
"*06ooh*","Joe Vogatsky","BOS","RP","9589","FA","24","100,000","A","0","0%","0%"
"*05jsa*","Jake Vogel","(N/A)","CF,OF","9590","FA","24","100,000","A","0","0%","0%"
"*06581*","Tyler Vogel","SF","RP","9591","FA","25","100,000","A","0","0%","0%"
"*03199*","Luke Voit","(N/A)","1B","9592","FA","35","100,000","A","0","0%","0%"
"*06cmf*","Mitch Voit","NYM","2B","9593","Ethan","21","500,000","A","0","11%","0%"
"*06run*","Dylan Volantis","(N/A)","RP","9594","FA","20","100,000","A","0","1%","0%"
"*06ber*","Joey Volchko","CHW","RP","9595","FA","21","100,000","A","0","0%","0%"
"*06zco*","Joey Volini","MIA","RP","9596","FA","23","100,000","A","0","1%","0%"
"*03dpa*","Jason Vosler","(N/A)","1B","9597","FA","32","100,000","A","0","0%","0%"
"*05ud3*","Nate Voss","(N/A)","C","9598","FA","22","100,000","A","0","0%","0%"
"*06dmz*","Brock Vradenburg","(N/A)","1B","9599","FA","24","100,000","A","0","1%","0%"
"*0630b*","Trystan Vrieling","SF","SP","9600","FA","25","100,000","A","0","1%","0%"
"*06roq*","Kien Vu","CIN","LF,OF","9601","FA","22","100,000","A","0","1%","0%"
"*06zrg*","Hayden Vucinovich","MIL","SP","9602","FA","19","100,000","A","0","0%","0%"
"*05jql*","A.J. Vukovich","ARI","LF,RF,OF","9603","FA","24","100,000","A","0","3%","0%"
"*0766b*","LJ Waco","WSH","SP","9604","FA","24","100,000","A","0","0%","0%"
"*03qlh*","Brandon Waddell","NYM","RP","9605","FA","32","100,000","A","0","1%","0%"
"*05jpt*","Luke Waddell","ATL","2B,SS","9606","FA","28","100,000","A","0","0%","0%"
"*031b4*","Tyler Wade","(N/A)","LF,CF,OF","9607","FA","31","100,000","A","0","0%","0%"
"*072fk*","Kaden Waechter","SF","SP","9608","FA","18","100,000","A","0","0%","0%"
"*06qq0*","Ethan Wagner","HOU","CF,OF","9609","FA","20","100,000","A","0","0%","0%"
"*06497*","Logan Wagner","LAD","2B,3B","9610","FA","22","100,000","A","0","1%","0%"
"*0622n*","Max Wagner","TEX","2B,3B","9611","FA","24","100,000","A","0","1%","0%"
"*070cy*","Nico Wagner","ATL","RP","9612","FA","20","100,000","A","0","0%","0%"
"*051gv*","Cameron Wagoner","MIL","SP","9613","FA","25","100,000","A","0","0%","0%"
"*06s3d*","Jesse Wainscott","(N/A)","RP","9614","FA","26","100,000","A","0","0%","0%"
"*05mro*","Mac Wainwright","(N/A)","1B","9615","FA","23","100,000","A","0","0%","0%"
"*0724e*","Ryker Waite","(N/A)","SS","9616","FA","19","100,000","A","0","0%","0%"
"*051dv*","Cole Waites","(N/A)","RP","9617","FA","28","100,000","A","0","0%","0%"
"*072eu*","Josh Wakefield","HOU","RF,OF","9618","FA","22","100,000","A","0","0%","0%"
"*0662o*","Sebastian Walcott","TEX","SS","9619","JD","20","500,000","A","0","55%","0%"
"*06qew*","Bo Walker","ARI","LF,OF","9620","FA","20","100,000","A","0","0%","0%"
"*06zh8*","Charlie Walker","(N/A)","RP","9621","FA","22","100,000","A","0","0%","0%"
"*072hw*","Edgar Walker","PIT","LF,CF,RF,OF","9622","FA","18","100,000","A","0","0%","0%"
"*06z0r*","Ethan Walker","BOS","SP","9623","FA","22","100,000","A","0","0%","0%"
"*075tt*","Jack Walker","MIN","RP","9624","FA","25","100,000","A","0","0%","0%"
"*06zqo*","Kyle Walker","HOU","2B","9625","FA","23","100,000","A","0","0%","0%"
"*05t7v*","Jake Walkinshaw","MIA","RP","9626","FA","30","100,000","A","0","0%","0%"
"*06fzj*","Cory Wall","ATL","RP","9627","FA","26","100,000","A","0","0%","0%"
"*03d6z*","Forrest Wall","(N/A)","LF,CF,OF","9628","FA","30","100,000","A","0","0%","0%"
"*072bs*","Alex Wallace","TB","SP","9629","FA","22","100,000","A","0","0%","0%"
"*05jq9*","Cayden Wallace","WSH","3B","9630","FA","24","100,000","A","0","4%","0%"
"*0512i*","Jacob Wallace","CHC","RP","9631","FA","27","100,000","A","0","0%","0%"
"*06hh3*","Landon Wallace","(N/A)","LF,RF,OF","9632","FA","24","100,000","A","0","0%","0%"
"*05yfx*","Trenton Wallace","TOR","RP","9633","FA","27","100,000","A","0","0%","0%"
"*03121*","Chad Wallach","ATH","C","9634","FA","34","100,000","A","0","0%","0%"
"*066af*","Andrew Walling","PHI","RP","9635","FA","26","100,000","A","0","0%","0%"
"*0668g*","Reece Walling","(N/A)","RF,OF","9636","FA","22","100,000","A","0","0%","0%"
"*05zq3*","Jacob Walsh","WSH","1B","9637","FA","23","100,000","A","0","0%","0%"
"*04ep2*","Jake Walsh","(N/A)","RP","9638","FA","30","100,000","A","0","0%","0%"
"*04p9n*","Jared Walsh","(N/A)","1B","9639","FA","32","100,000","A","0","0%","0%"
"*06577*","Michael Walsh","PIT","RP","9640","FA","25","100,000","A","0","0%","0%"
"*050s3*","Blake Walston","ARI","SP","9641","FA","25","100,000","A","0","4%","0%"
"*05rk4*","Brandon Walter","HOU","SP","9642","FA","29","100,000","A","0","6%","0%"
"*061a8*","Andrew Walters","CLE","RP","9643","FA","25","100,000","A","0","4%","0%"
"*06zqm*","Brian Walters","PHI","RP","9644","FA","23","100,000","A","0","0%","0%"
"*04ptp*","Jake Walters","(N/A)","SP","9645","FA","30","100,000","A","0","0%","0%"
"*06lew*","Jean Walters","ARI","2B","9646","FA","24","100,000","A","0","0%","0%"
"*03qk8*","Nash Walters","(N/A)","RP","9647","FA","29","100,000","A","0","0%","0%"
"*06rhp*","Yannic Walther","MIL","C","9648","FA","22","100,000","A","0","0%","0%"
"*06yjd*","Aaron Walton","CLE","CF,OF","9649","FA","22","100,000","A","0","4%","0%"
"*05u9p*","TJayy Walton","PHI","LF,OF","9650","FA","21","100,000","A","0","1%","0%"
"*06qol*","Cam Walty","CLE","SP","9651","FA","24","100,000","A","0","0%","0%"
"*000ss*","Chien-Ming Wang","(N/A)","RP","","Steve","46","0","A","0","0%","0%"
"*06rs6*","Nian Hao Wang","(N/A)","1B","9652","FA","21","100,000","A","0","0%","0%"
"*05yfw*","Braiden Ward","BOS","LF,CF,OF","9653","FA","27","100,000","A","0","4%","0%"
"*04em1*","Je'Von Ward","TOR","LF,RF,OF","9654","FA","26","100,000","A","0","0%","0%"
"*06bxk*","Nick Ward","(N/A)","SS","9655","FA","30","100,000","A","0","0%","0%"
"*04pre*","Thaddeus Ward","(N/A)","SP","9656","FA","29","100,000","A","0","1%","0%"
"*06fzf*","Bryson Ware","PHI","RF,OF","9657","FA","25","100,000","A","0","0%","0%"
"*06zii*","Conner Ware","NYM","RP","9658","FA","22","100,000","A","0","0%","0%"
"*04ov2*","Austin Warner","(N/A)","SP","9659","FA","32","100,000","A","0","0%","0%"
"*06hnp*","Bryce Warrecker","NYY","RP","9660","FA","24","100,000","A","0","0%","0%"
"*03qyt*","Art Warren","(N/A)","RP","9661","FA","33","100,000","A","0","0%","0%"
"*05jpw*","Zavier Warren","(N/A)","1B,2B,3B,LF,OF","9662","FA","27","100,000","A","0","0%","0%"
"*06qp9*","Kevin Warunek","PHI","RP","9663","FA","23","100,000","A","0","0%","0%"
"*06qjl*","Jaren Warwick","LAA","RP","9664","FA","24","100,000","A","0","0%","0%"
"*06qnl*","Jude Warwick","DET","2B,SS","9665","FA","20","100,000","A","0","1%","0%"
"*066fe*","Curtis Washington Jr.","SEA","LF,CF,RF,OF","9666","FA","26","100,000","A","0","0%","0%"
"*04evn*","Mark Washington","(N/A)","RP","9667","FA","30","100,000","A","0","0%","0%"
"*06qgu*","Nayerich Waterfort","CIN","2B","9668","FA","20","100,000","A","0","0%","0%"
"*04eer*","Drew Waters","KC","LF,CF,RF,OF","9669","FA","27","100,000","A","0","2%","0%"
"*06qz9*","Aaron Watson","CIN","SP","9670","FA","19","100,000","A","0","7%","0%"
"*06dpy*","Danny Watson","NYY","RP","9671","FA","25","100,000","A","0","0%","0%"
"*04eqg*","Kevin Watson","(N/A)","CF,OF","9672","FA","27","100,000","A","0","0%","0%"
"*06qtm*","Matthew Watson","SD","SP","9673","FA","24","100,000","A","0","0%","0%"
"*06qiu*","Michael Watson","STL","RP","9674","FA","24","100,000","A","0","0%","0%"
"*04pyl*","Troy Watson","DET","RP","9675","FA","29","100,000","A","0","0%","0%"
"*06pqe*","Will Watson","NYM","SP","9676","Ethan","23","500,000","A","0","4%","0%"
"*06tvn*","Bino Watters","(N/A)","LF,OF","9677","FA","20","100,000","A","0","0%","0%"
"*0647n*","Jacob Watters","TB","SP","9678","FA","25","100,000","A","0","0%","0%"
"*06zbj*","Anthony Watts","STL","RP","9679","FA","22","100,000","A","0","0%","0%"
"*06zbi*","Dylan Watts","TOR","RP","9680","FA","22","100,000","A","0","0%","0%"
"*062k6*","Juaron Watts-Brown","BAL","SP","9681","FA","24","100,000","A","0","4%","0%"
"*05jpb*","Sam Weatherly","COL","RP","9682","FA","27","100,000","A","0","0%","0%"
"*06h1t*","Ty Weatherly","(N/A)","SP","9683","FA","25","100,000","A","0","0%","0%"
"*075o7*","Jacob Weaver","WSH","RP","9684","FA","23","100,000","A","0","0%","0%"
"*05yod*","Jacob Webb","MIN","RP","9685","FA","27","100,000","A","0","0%","0%"
"*04aqj*","Nate Webb","(N/A)","SP","9686","FA","28","100,000","A","0","0%","0%"
"*05u98*","Ryan Webb","CLE","SP","9687","FA","27","100,000","A","0","0%","0%"
"*04prd*","Andy Weber","CHW","2B,SS","9688","FA","28","100,000","A","0","0%","0%"
"*076s1*","Charlie Weber","HOU","RP","9689","FA","22","100,000","A","0","0%","0%"
"*06zim*","Wilson Weber","MIA","C","9690","FA","24","100,000","A","0","0%","0%"
"*0514v*","Avery Weems","(N/A)","RP","9691","FA","29","100,000","A","0","0%","0%"
"*02bru*","Jordan Weems","(N/A)","RP","9692","FA","33","100,000","A","0","0%","0%"
"*06s3n*","Robert Wegielnik","(N/A)","RP","9693","FA","24","100,000","A","0","0%","0%"
"*06agc*","Jared Wegner","(N/A)","RF,OF","9694","FA","26","100,000","A","0","0%","0%"
"*0668f*","Tyler Wehrle","(N/A)","SP","9695","FA","26","100,000","A","0","0%","0%"
"*06fv6*","Blake Wehunt","BOS","SP","9696","FA","25","100,000","A","0","1%","0%"
"*03dty*","Patrick Weigel","COL","RP","9697","FA","32","100,000","A","0","0%","0%"
"*04ej8*","Blake Weiman","LAA","RP","9698","FA","30","100,000","A","0","0%","0%"
"*06zbh*","Ryan Weingartner","STL","SS","9699","FA","22","100,000","A","0","0%","0%"
"*06f1f*","CJ Weins","DET","RP","9700","FA","25","100,000","A","0","0%","0%"
"*06rw1*","Cole Weinstein","(N/A)","SS","9701","FA","19","100,000","A","0","0%","0%"
"*051fp*","Jack Weisenburger","NYM","P","9702","FA","28","100,000","A","0","0%","0%"
"*06nk7*","Cooper Weiss","(N/A)","SS","9703","FA","25","100,000","A","0","0%","0%"
"*02hkd*","Zack Weiss","(N/A)","RP","9704","FA","34","100,000","A","0","0%","0%"
"*06pq3*","Chandler Welch","MIL","SP","9705","FA","23","100,000","A","0","0%","0%"
"*072hu*","Miguel Welch","BOS","SS","9706","FA","18","100,000","A","0","0%","0%"
"*06zfl*","Jackson Wells","HOU","SP","9707","FA","23","100,000","A","0","0%","0%"
"*06qr0*","Kasen Wells","SD","CF,OF","9708","FA","22","100,000","A","0","0%","0%"
"*03ztv*","Lachlan Wells","(N/A)","SP","9709","FA","29","100,000","A","0","0%","0%"
"*067xi*","Levi Wells","BAL","SP","9710","FA","24","100,000","A","0","4%","0%"
"*02n4q*","J.B. Wendelken","(N/A)","RP","9711","FA","33","100,000","A","0","0%","0%"
"*06f1c*","Jack Wenninger","NYM","SP","9712","Max","24","500,000","A","0","33%","0%"
"*06kxi*","Jackson Wentworth","TOR","SP","9713","FA","23","100,000","A","0","0%","0%"
"*06uw0*","Dalton Wentz","(N/A)","3B","9714","FA","20","100,000","A","0","0%","0%"
"*041pr*","Joey Wentz","ATL","RP","9715","FA","28","100,000","A","0","3%","0%"
"*06heg*","Ryan Wentz","(N/A)","SP","9716","FA","24","100,000","A","0","0%","0%"
"*0665v*","Lucas Wepf","LAD","RP","9717","FA","26","100,000","A","0","0%","0%"
"*0778j*","Ben Wereski","CIN","SP","9718","FA","28","100,000","A","0","0%","0%"
"*06fqz*","Trevor Werner","KC","3B,RF,OF","9719","FA","25","100,000","A","0","1%","0%"
"*0514f*","Hayden Wesneski","HOU","SP","9720","FA","28","100,000","A","0","12%","0%"
"*06z9d*","Aidan West","LAD","SS","9721","FA","19","100,000","A","0","5%","0%"
"*05u6k*","Dean West","TOR","CF,OF","9722","FA","21","100,000","A","0","0%","0%"
"*051aj*","Derek West","(N/A)","P","9723","FA","29","100,000","A","0","0%","0%"
"*06zbl*","Jaxson West","TOR","C","9724","FA","22","100,000","A","0","0%","0%"
"*06qn7*","John West","ARI","SP","9725","FA","24","100,000","A","0","0%","0%"
"*06yw7*","Justin West","NYY","RP","9726","FA","22","100,000","A","0","0%","0%"
"*06yw1*","Kyle West","NYY","1B","9727","FA","23","100,000","A","0","0%","0%"
"*0345w*","Jamie Westbrook","(N/A)","2B","9728","FA","31","100,000","A","0","0%","0%"
"*05gsc*","Jordan Westburg","BAL","2B,3B,DH","9729","FA","27","100,000","A","0","51%","0%"
"*06zh7*","Conner Westenburg","SD","CF,OF","9730","FA","22","100,000","A","0","0%","0%"
"*07303*","Grant Westphal","(N/A)","LF,OF","9731","FA","17","100,000","A","0","0%","0%"
"*06r0n*","Luke Westphal","(N/A)","SP","9732","FA","37","100,000","A","0","0%","0%"
"*06zli*","Cale Wetwiska","DET","SP","9733","FA","22","100,000","A","0","0%","0%"
"*05ymd*","Jacob Wetzel","(N/A)","RF,OF","9734","FA","26","100,000","A","0","0%","0%"
"*072bl*","Nick Weyrich","CHW","RP","9735","FA","23","100,000","A","0","0%","0%"
"*041xc*","Brady Whalen","(N/A)","1B,3B","9736","FA","28","100,000","A","0","0%","0%"
"*066jl*","JP Wheat","CHC","SP","9737","FA","23","100,000","A","0","0%","0%"
"*06rsj*","Ethan Wheeler","(N/A)","SP","9738","FA","18","100,000","A","0","0%","0%"
"*06zgw*","Jack Wheeler","TEX","3B","9739","FA","20","100,000","A","0","1%","0%"
"*06oop*","Braylon Whitaker","BAL","LF,OF","9740","FA","20","100,000","A","0","0%","0%"
"*06ooo*","Logan Whitaker","MIA","RP","9741","FA","26","100,000","A","0","0%","0%"
"*05t9o*","Tyler Whitaker","HOU","LF,RF,OF","9742","FA","23","100,000","A","0","1%","0%"
"*06ajt*","Brandon White","MIA","SP","9743","FA","26","100,000","A","0","2%","0%"
"*066p9*","Brendan White","(N/A)","RP","9744","FA","27","100,000","A","0","0%","0%"
"*0514q*","Colby White","(N/A)","RP","9745","FA","28","100,000","A","0","0%","0%"
"*062k2*","Hudson White","BOS","C","9746","FA","23","100,000","A","0","0%","0%"
"*06tll*","Jack White","SEA","RP","9747","FA","26","100,000","A","0","0%","0%"
"*05t9m*","Lonnie White","PIT","LF,CF,OF","9748","FA","23","100,000","A","0","4%","0%"
"*06k4v*","Mason White","BOS","SS","9749","FA","22","100,000","A","0","1%","0%"
"*041qa*","Mitch White","(N/A)","SP","9750","FA","31","100,000","A","0","0%","0%"
"*04pms*","Owen White","(N/A)","SP","9751","FA","26","100,000","A","0","1%","0%"
"*06yw2*","Sam White","TOR","2B","9752","FA","22","100,000","A","0","0%","0%"
"*05xon*","T.J. White","WSH","LF,OF","9753","FA","22","100,000","A","0","1%","0%"
"*05tp6*","Thomas White","MIA","SP","9754","Brenden","21","500,000","A","0","59%","0%"
"*06hq6*","Sam Whiting","SEA","RP","9755","FA","25","100,000","A","0","0%","0%"
"*041m3*","Forrest Whitley","(N/A)","RP","9756","FA","28","100,000","A","0","2%","0%"
"*059zn*","Kodi Whitley","TB","RP","9757","FA","31","100,000","A","0","0%","0%"
"*06c1l*","Joe Whitman","SF","SP","9758","C&G","24","100,000","A","0","7%","0%"
"*04q6i*","Blake Whitney","(N/A)","P","9759","FA","30","100,000","A","0","0%","0%"
"*06mng*","Dax Whitney","(N/A)","SP","9760","FA","20","100,000","A","0","2%","0%"
"*06qrl*","Conner Whittaker","CLE","RP","9761","FA","23","100,000","A","0","0%","0%"
"*06pey*","Kyle Whitten","(N/A)","RP","9762","FA","27","100,000","A","0","0%","0%"
"*06qyp*","Jarret Whorff","ATL","RP","9763","FA","27","100,000","A","0","0%","0%"
"*06mvs*","Joshua Whritenour","(N/A)","SP","9764","FA","20","100,000","A","0","0%","0%"
"*06huh*","Brett Wichrowski","MIL","SP","9765","FA","23","100,000","A","0","5%","0%"
"*02hq8*","Rowan Wick","SF","RP","9766","FA","33","100,000","A","0","0%","0%"
"*05u97*","Patrick Wicklander","(N/A)","RP","9767","FA","26","100,000","A","0","0%","0%"
"*06v5z*","Ryan Wideman","SD","CF,OF","9768","FA","22","100,000","A","0","10%","0%"
"*06dsd*","Jacob Widener","(N/A)","RP","9769","FA","25","100,000","A","0","0%","0%"
"*041x6*","Taylor Widener","(N/A)","RP","9770","FA","31","100,000","A","0","0%","0%"
"*06qvy*","C.J. Widger","(N/A)","RP","9771","FA","27","100,000","A","0","0%","0%"
"*04q12*","Michael Wielansky","(N/A)","2B,3B","9772","FA","29","100,000","A","0","0%","0%"
"*06pqf*","Connor Wietgrefe","PIT","SP","9773","FA","24","100,000","A","0","1%","0%"
"*06ig9*","Andrew Wiggins","(N/A)","CF,OF","9774","FA","21","100,000","A","0","0%","0%"
"*06if9*","Carson Wiggins","NYM","SP","9775","FA","21","100,000","A","0","1%","0%"
"*05u2p*","Jaxon Wiggins","CHC","SP","9776","R&J","24","500,000","A","0","44%","0%"
"*06fqq*","Owen Wild","TB","SP","9777","FA","23","100,000","A","0","2%","0%"
"*02mwt*","Collin Wiles","(N/A)","SP","9778","FA","32","100,000","A","0","0%","0%"
"*05166*","Nathan Wiles","(N/A)","SP","9779","FA","28","100,000","A","0","0%","0%"
"*076n1*","Connor Wilford","SEA","SP","9780","FA","25","100,000","A","0","0%","0%"
"*05ubi*","Brock Wilken","MIL","3B","9781","Ethan","24","500,000","A","0","21%","0%"
"*03see*","Aaron Wilkerson","(N/A)","SP","9782","FA","37","100,000","A","0","0%","0%"
"*06qp4*","Holden Wilkerson","TOR","SP","9783","FA","23","100,000","A","0","0%","0%"
"*06fu4*","Danny Wilkinson","(N/A)","RP","9784","FA","25","100,000","A","0","0%","0%"
"*06dmr*","Matt Wilkinson","SF","SP","9785","Max","23","2,000,000","A","0","13%","0%"
"*04eqx*","Zach Willeman","(N/A)","SP","9786","FA","30","100,000","A","0","0%","0%"
"*05y3x*","Creed Willems","BAL","C,1B","9787","FA","23","100,000","A","0","3%","0%"
"*06ujr*","Trace Willhoite","NYM","1B","9788","FA","25","100,000","A","0","0%","0%"
"*06uhg*","Junior William","TB","RP","9789","FA","26","100,000","A","0","0%","0%"
"*066ex*","Chris Williams Jr.","(N/A)","RP","9790","FA","26","100,000","A","0","0%","0%"
"*06489*","Alex Williams","MIA","RP","9791","FA","26","100,000","A","0","0%","0%"
"*05yhq*","Cam Williams","(N/A)","3B","9792","FA","28","100,000","A","0","0%","0%"
"*05mrn*","Case Williams","COL","SP","9793","FA","24","100,000","A","0","0%","0%"
"*04pt3*","Chris Williams","(N/A)","C","9794","FA","29","100,000","A","0","0%","0%"
"*06yq5*","Dixon Williams","ATL","2B","9795","FA","22","100,000","A","0","2%","0%"
"*05xof*","Donta' Williams","(N/A)","CF,OF","9796","FA","27","100,000","A","0","0%","0%"
"*05xsp*","Henry Williams","KC","SP","9797","FA","24","100,000","A","0","1%","0%"
"*06gik*","Jeron Williams","HOU","SS","9798","FA","25","100,000","A","0","0%","0%"
"*060la*","Jett Williams","MIL","2B,SS,CF,OF","9799","T","22","600,000","A","0","51%","0%"
"*06zfk*","Jordan Williams","WSH","LF,OF","9800","FA","26","100,000","A","0","0%","0%"
"*05122*","Kendall Williams","(N/A)","SP","9801","FA","25","100,000","A","0","0%","0%"
"*075xt*","Luke Williams","(N/A)","SS","9802","FA","18","100,000","A","0","0%","0%"
"*06rom*","Max Williams","MIA","LF,OF","9803","FA","21","100,000","A","0","1%","0%"
"*070ed*","Nate Williams","CHC","RP","9804","FA","24","100,000","A","0","0%","0%"
"*066ax*","Noah Williams","(N/A)","CF,OF","9805","FA","22","100,000","A","0","0%","0%"
"*064i9*","Peyton Williams","TOR","1B","9806","FA","25","100,000","A","0","0%","0%"
"*03742*","Taylor Williams","(N/A)","RP","9807","FA","34","100,000","A","0","0%","0%"
"*0311b*","Trevor Williams","WSH","SP","9808","FA","34","100,000","A","0","4%","0%"
"*06uwz*","Andrew Williamson","STL","CF,OF","9809","FA","20","100,000","A","0","0%","0%"
"*06c89*","Guillermo Williamson","(N/A)","1B","9810","FA","22","100,000","A","0","0%","0%"
"*06zil*","Jadon Williamson","MIA","RP","9811","FA","23","100,000","A","0","0%","0%"
"*076rt*","Franco Willias","SF","LF,OF","9812","FA","21","100,000","A","0","0%","0%"
"*07789*","Trey Williford","(N/A)","SP","9813","FA","19","100,000","A","0","0%","0%"
"*051d7*","Amos Willingham","MIA","RP","9814","FA","27","100,000","A","0","0%","0%"
"*05yh5*","Coleman Willis","(N/A)","SP","9815","FA","23","100,000","A","0","0%","0%"
"*06zhb*","Dawson Willis","SD","3B","9816","FA","22","100,000","A","0","0%","0%"
"*04eql*","Marlin Willis","(N/A)","RP","9817","FA","28","100,000","A","0","0%","0%"
"*066f3*","Bryce Willits","(N/A)","3B","9818","FA","26","100,000","A","0","0%","0%"
"*06n8y*","Eli Willits","WSH","SS","9819","C&G","18","500,000","A","0","52%","0%"
"*077en*","Jaxon Willits","LAA","SS","9820","FA","21","100,000","A","0","0%","0%"
"*076it*","Ben Wilmes","COL","2B","9821","FA","23","100,000","A","0","0%","0%"
"*06qn9*","A.J. Wilson","(N/A)","RP","9822","FA","25","100,000","A","0","0%","0%"
"*0763p*","Bradley Wilson","TOR","RP","9823","FA","26","100,000","A","0","0%","0%"
"*04pxa*","Cody Wilson","(N/A)","LF,CF,RF,OF","9824","FA","30","100,000","A","0","0%","0%"
"*06ekb*","Dylan Wilson","SEA","SP","9825","FA","20","100,000","A","0","0%","0%"
"*051c1*","Eli Wilson","(N/A)","C","9826","FA","28","100,000","A","0","0%","0%"
"*05ogp*","Ethan Wilson","(N/A)","RF,OF","9827","FA","26","100,000","A","0","0%","0%"
"*025ko*","Justin Wilson","(N/A)","RP","9828","FA","38","100,000","A","0","0%","0%"
"*06zik*","Kaiden Wilson","MIA","RP","9829","FA","22","100,000","A","0","0%","0%"
"*072yt*","Noah Wilson","(N/A)","RF,OF","9830","FA","19","100,000","A","0","0%","0%"
"*067yk*","Paul Wilson","DET","SP","9831","FA","21","100,000","A","0","1%","0%"
"*05uoi*","Peyton Wilson","KC","2B","9832","FA","26","100,000","A","0","1%","0%"
"*06gii*","Ryan Wilson","(N/A)","CF,OF","9833","FA","24","100,000","A","0","0%","0%"
"*06yuw*","Sebastian Wilson","(N/A)","LF,OF","9834","FA","17","100,000","A","0","0%","0%"
"*04psv*","Steven Wilson","TB","RP","9835","FA","31","100,000","A","0","1%","0%"
"*06r5u*","Tejahari Wilson","(N/A)","RP","9836","FA","19","100,000","A","0","0%","0%"
"*06qkx*","Tyler Wilson","NYY","1B,LF,RF,OF","9837","FA","24","100,000","A","0","0%","0%"
"*06fqe*","Braylen Wimmer","COL","2B,3B,LF,RF,OF","9838","FA","25","100,000","A","0","1%","0%"
"*06gjr*","John Wimmer","LAA","SS","9839","FA","21","100,000","A","0","0%","0%"
"*072bk*","Joey Wimpelberg","DET","SP","9840","FA","21","100,000","A","0","0%","0%"
"*04pzz*","Allan Winans","(N/A)","SP","9841","FA","30","100,000","A","0","1%","0%"
"*041ze*","Josh Winckowski","TOR","RP","9842","FA","28","100,000","A","0","1%","0%"
"*04psd*","Josh Winder","(N/A)","RP","9843","FA","29","100,000","A","0","0%","0%"
"*066cd*","Hogan Windish","SEA","1B","9844","FA","27","100,000","A","0","0%","0%"
"*06mpi*","Easton Winfield","(N/A)","LF,OF","9845","FA","20","100,000","A","0","0%","0%"
"*06yqa*","Kaleb Wing","CHC","SP","9846","FA","19","100,000","A","0","5%","0%"
"*03qtp*","Trey Wingenter","(N/A)","RP","9847","FA","32","100,000","A","0","0%","0%"
"*05h9p*","Rixon Wingrove","(N/A)","1B","9848","FA","26","100,000","A","0","0%","0%"
"*05xy2*","Patrick Winkel","TOR","C","9849","FA","26","100,000","A","0","0%","0%"
"*02mwg*","Jesse Winker","(N/A)","DH","9850","FA","32","100,000","A","0","1%","0%"
"*06k8a*","Clay Winklaar","(N/A)","LF,OF","9851","FA","19","100,000","A","0","0%","0%"
"*05yhw*","Jack Winkler","ATH","2B","9852","FA","27","100,000","A","0","0%","0%"
"*06z0q*","Jack Winnay","BOS","3B","9853","FA","23","100,000","A","0","1%","0%"
"*06dnc*","Brandon Winokur","MIN","3B,SS,CF,OF","9854","FA","21","100,000","A","0","10%","0%"
"*06683*","Cade Winquest","STL","SP","9855","FA","26","100,000","A","0","2%","0%"
"*072i4*","Michael Winter","(N/A)","SP","9856","FA","19","100,000","A","0","0%","0%"
"*051br*","Brett Wisely","ATL","2B","9857","FA","27","100,000","A","0","1%","0%"
"*06yw3*","Reece Wissinger","TOR","SP","9858","FA","25","100,000","A","0","0%","0%"
"*06qi7*","Nick Wissman","(N/A)","RP","9859","FA","25","100,000","A","0","0%","0%"
"*06ms5*","Kyson Witherspoon","BOS","SP","9860","Zack","21","500,000","A","0","41%","0%"
"*06yjc*","Malachi Witherspoon","DET","SP","9861","FA","21","100,000","A","0","5%","0%"
"*06s32*","Paul Witt","(N/A)","2B","9862","FA","28","100,000","A","0","0%","0%"
"*05jsb*","Tanner Witt","NYM","RP","9863","FA","24","100,000","A","0","0%","0%"
"*0642n*","Tyler Woessner","(N/A)","RP","9864","FA","26","100,000","A","0","0%","0%"
"*05jpp*","Nate Wohlgemuth","(N/A)","RP","9865","FA","25","100,000","A","0","0%","0%"
"*04pqv*","Adam Wolf","(N/A)","RP","9866","FA","29","100,000","A","0","0%","0%"
"*05xpr*","Jackson Wolf","SD","SP","9867","FA","27","100,000","A","0","1%","0%"
"*05123*","Josh Wolf","(N/A)","RP","9868","FA","25","100,000","A","0","0%","0%"
"*05u2o*","George Wolkow","CHW","CF,RF,OF","9869","FA","20","100,000","A","0","8%","0%"
"*06c1k*","Blake Wolters","KC","SP","9870","FA","21","100,000","A","0","4%","0%"
"*06b79*","Alsander Womack","(N/A)","2B","9871","FA","27","100,000","A","0","0%","0%"
"*06rr3*","Tae In Won","(N/A)","SP","9872","FA","26","100,000","A","0","0%","0%"
"*06c1p*","Williams Wong","(N/A)","2B","9873","FA","20","100,000","A","0","0%","0%"
"*06ujt*","Gage Wood","PHI","SP","9874","Steve","22","500,000","A","0","38%","0%"
"*06482*","Matt Wood","MIL","C","9875","FA","25","100,000","A","0","1%","0%"
"*06v67*","Zeke Wood","STL","RP","9876","FA","26","100,000","A","0","0%","0%"
"*067z7*","Jaden Woods","CHW","RP","9877","FA","24","100,000","A","0","0%","0%"
"*0664s*","Jordan Woods","KC","RP","9878","FA","22","100,000","A","0","1%","0%"
"*06yn3*","Kade Woods","ATL","RP","9879","FA","23","100,000","A","0","0%","0%"
"*06f0n*","Jason Woodward","MIL","SP","9880","FA","24","100,000","A","0","1%","0%"
"*06qrk*","Owen Woodward","NYM","RP","9881","FA","24","100,000","A","0","0%","0%"
"*070cc*","Jay Woolfolk","ATL","SP","9882","FA","23","100,000","A","0","0%","0%"
"*06rrd*","Young Woong Kim","(N/A)","3B","9883","FA","22","100,000","A","0","4%","0%"
"*06zha*","Caden Wooster","NYM","RP","9884","FA","21","100,000","A","0","0%","0%"
"*05ri9*","Ethan Workinger","(N/A)","LF,RF,OF","9885","FA","24","100,000","A","0","0%","0%"
"*05y3y*","Logan Workman","TB","SP","9886","FA","27","100,000","A","0","1%","0%"
"*06gie*","Christian Worley","STL","RP","9887","FA","24","100,000","A","0","0%","0%"
"*0701r*","Reid Worley","SF","SP","9888","FA","20","100,000","A","0","1%","0%"
"*0761d*","Jeter Worthley","(N/A)","C","9889","FA","0","100,000","A","0","0%","0%"
"*06u7c*","Jacob Wosinski","(N/A)","RP","9890","FA","27","100,000","A","0","0%","0%"
"*066en*","Blake Wright","COL","2B,3B","9891","FA","24","100,000","A","0","1%","0%"
"*0518y*","Chris Wright","(N/A)","RP","9892","FA","27","100,000","A","0","0%","0%"
"*0703a*","Daniel Wright","CHW","RP","9893","FA","24","100,000","A","0","0%","0%"
"*0004t*","David Wright","(N/A)","3B","","Ethan","43","0","A","0","0%","0%"
"*06hni*","Garrett Wright","CHW","RP","9894","FA","24","100,000","A","0","0%","0%"
"*06v65*","Garrett Wright","(N/A)","C","9895","FA","21","100,000","A","0","0%","0%"
"*06oo5*","Jakob Wright","LAD","SP","9896","FA","23","100,000","A","0","1%","0%"
"*05ijv*","Joshwan Wright","(N/A)","2B","9897","FA","25","100,000","A","0","0%","0%"
"*04aed*","Kyle Wright","(N/A)","SP","9898","FA","30","100,000","A","0","3%","0%"
"*066g0*","Ryan Wrobleski","(N/A)","C","9899","FA","26","100,000","A","0","0%","0%"
"*05mri*","Jeremy Wu-Yelland","BOS","RP","9900","FA","27","100,000","A","0","0%","0%"
"*06dqf*","Hiro Wyatt","KC","SP","9901","FA","21","100,000","A","0","2%","0%"
"*0669z*","Hayden Wynja","SF","SP","9902","FA","27","100,000","A","0","0%","0%"
"*06zra*","Blaine Wynk","CHW","SP","9903","FA","22","100,000","A","0","0%","0%"
"*067xq*","Cam Wynne","(N/A)","RP","9904","FA","27","100,000","A","0","0%","0%"
"*058py*","Randy Wynne","(N/A)","RP","9905","FA","33","100,000","A","0","0%","0%"
"*06c3h*","Kai Wynyard","TEX","RP","9906","FA","24","100,000","A","0","0%","0%"
"*05g3z*","Joseph Yabbour","(N/A)","RP","9907","FA","23","100,000","A","0","0%","0%"
"*04qp0*","Miguel Yajure","(N/A)","RP","9908","FA","28","100,000","A","0","0%","0%"
"*06uw1*","Sean Yamaguchi","(N/A)","3B","9909","FA","21","100,000","A","0","0%","0%"
"*06tab*","Iori Yamasaki","(N/A)","SP","9910","FA","27","100,000","A","0","0%","0%"
"*06bdc*","Shunpeita Yamashita","(N/A)","SP","9911","FA","24","100,000","A","0","3%","0%"
"*06hj2*","Casey Yamauchi","ATH","2B","9912","FA","25","100,000","A","0","0%","0%"
"*05xsf*","Jefry Yan","NYM","RP","9913","Max","29","1,000,000","A","0","1%","0%"
"*066sv*","Ricardo Yan","ARI","RP","9914","FA","23","100,000","A","0","1%","0%"
"*060wd*","Luis Yanel Diaz","(N/A)","SS","9915","FA","26","100,000","A","0","0%","0%"
"*07763*","Santiago Yanes","BOS","C","9916","FA","17","100,000","A","0","0%","0%"
"*06av6*","Gabriel Yanez","(N/A)","RP","9917","FA","26","100,000","A","0","0%","0%"
"*076hj*","Ismael Yanez","MIL","RP","9918","FA","20","100,000","A","0","0%","0%"
"*0515n*","Eric Yang","(N/A)","C,P","9919","FA","28","100,000","A","0","0%","0%"
"*06r5p*","Nien-Hsi Yang","SF","SP","9920","FA","19","100,000","A","0","0%","0%"
"*06qos*","Evan Yates","BAL","SP","9921","FA","23","100,000","A","0","1%","0%"
"*06hv7*","Chay Yeager","TOR","RP","9922","FA","23","100,000","A","0","0%","0%"
"*067wu*","Justin Yeager","SD","RP","9923","FA","28","100,000","A","0","0%","0%"
"*06bt0*","R.J. Yeager","(N/A)","1B","9924","FA","27","100,000","A","0","0%","0%"
"*06y9t*","Colin Yeaman","BAL","3B","9925","FA","22","100,000","A","0","1%","0%"
"*06r9p*","Ariel Yean","(N/A)","RP","9926","FA","20","100,000","A","0","0%","0%"
"*066l6*","Reynaldo Yean","LAD","RP","9927","FA","22","100,000","A","0","1%","0%"
"*03ner*","Juan Yepez","(N/A)","LF,OF","9928","FA","28","100,000","A","0","1%","0%"
"*041q5*","Andy Yerzy","STL","C","9929","FA","28","100,000","A","0","0%","0%"
"*06rr7*","Seung Yeup Na","(N/A)","1B","9930","FA","24","100,000","A","0","0%","0%"
"*06c7l*","Nelfy Ynfante","STL","SP","9931","FA","21","100,000","A","0","0%","0%"
"*03gl9*","Huascar Ynoa","LAA","SP","9932","FA","28","100,000","A","0","0%","0%"
"*0765w*","Noah Yoder","(N/A)","RP","9933","FA","19","100,000","A","0","0%","0%"
"*06mq0*","Seiya Yokoyama","(N/A)","3B,SS","9934","FA","20","100,000","A","0","0%","0%"
"*06rr2*","Dong Hee Yoon","(N/A)","RF,OF","9935","FA","22","100,000","A","0","0%","0%"
"*06rs7*","Jeong Bin Yoon","(N/A)","RF,OF","9936","FA","27","100,000","A","0","0%","0%"
"*06dqs*","Zach Yorke","(N/A)","1B","9937","FA","22","100,000","A","0","0%","0%"
"*075s1*","Derek Yormack","(N/A)","SP","9938","FA","17","100,000","A","0","0%","0%"
"*06hom*","Eric Yost","SD","SP","9939","FA","23","100,000","A","0","0%","0%"
"*06y4f*","Jordan Yost","DET","SS","9940","FA","19","100,000","A","0","8%","0%"
"*03aad*","Alex Young","WSH","RP","9941","FA","32","100,000","A","0","0%","0%"
"*05u2n*","Carter Young","BAL","3B,SS","9942","FA","25","100,000","A","0","0%","0%"
"*046y2*","Chavez Young","(N/A)","CF,OF","9943","FA","29","100,000","A","0","0%","0%"
"*0425f*","Christian Young","(N/A)","RP","9944","FA","30","100,000","A","0","0%","0%"
"*06zbk*","Ethan Young","STL","RP","9945","FA","22","100,000","A","0","0%","0%"
"*06qu0*","Jack Young","CHW","RP","9946","FA","24","100,000","A","0","0%","0%"
"*065nw*","Luke Young","WSH","RP","9947","FA","24","100,000","A","0","0%","0%"
"*05yat*","Quentin Young","MIN","SS","9948","Brian","19","500,000","A","0","10%","0%"
"*065nt*","Taylor Young","LAD","2B,3B","9949","FA","27","100,000","A","0","0%","0%"
"*05yny*","Wyatt Young","NYM","2B","9950","FA","26","100,000","A","0","0%","0%"
"*06quo*","Trent Youngblood","ARI","LF,OF","9951","FA","24","100,000","A","0","0%","0%"
"*06yq8*","Sean Youngerman","PHI","RP","9952","FA","22","100,000","A","0","1%","0%"
"*06zov*","Zuher Yousuf","PHI","SP","9953","FA","20","100,000","A","0","0%","0%"
"*05y7g*","Kenyon Yovan","LAA","RP","9954","FA","28","100,000","A","0","0%","0%"
"*06r1o*","Rene Yrish","PHI","RP","9955","FA","19","100,000","A","0","0%","0%"
"*06bsg*","Fabian Ysalla","CHW","SP","9956","FA","21","100,000","A","0","0%","0%"
"*06all*","Kun Yu Chiang","(N/A)","SS","9957","FA","26","100,000","A","0","0%","0%"
"*05umy*","Tyrone Yulie","(N/A)","RP","9958","FA","24","100,000","A","0","0%","0%"
"*064r5*","Natanael Yuten","BOS","LF,RF,OF","9959","FA","21","100,000","A","0","0%","0%"
"*04akh*","Aneurys Zabala","(N/A)","SP","9960","FA","29","100,000","A","0","0%","0%"
"*05jpv*","Mario Zabala","SD","RP","9961","FA","24","100,000","A","0","0%","0%"
"*06mv5*","Franco Zabaleta","ATH","SP","9962","FA","19","100,000","A","0","0%","0%"
"*06rwr*","Ryland Zaborowski","LAA","1B","9963","FA","24","100,000","A","0","0%","0%"
"*06c3a*","Alison Zacarias","COL","SP","9964","FA","20","100,000","A","0","0%","0%"
"*06qln*","Cole Zaffiro","(N/A)","RP","9965","FA","24","100,000","A","0","0%","0%"
"*06sbi*","Carlos Zambrano","(N/A)","RP","9966","FA","21","100,000","A","0","0%","0%"
"*06mmm*","Diorland Zambrano","CIN","1B,SS","9967","FA","19","100,000","A","0","0%","0%"
"*05keh*","Freddy Zamora","MIL","SS","9968","FA","27","100,000","A","0","1%","0%"
"*06661*","Josh Zamora","(N/A)","3B","9969","FA","27","100,000","A","0","0%","0%"
"*067xn*","Nazzan Zanetello","BOS","2B,SS","9970","FA","21","100,000","A","0","2%","0%"
"*06ul9*","Daury Zapata","(N/A)","RP","9971","FA","23","100,000","A","0","0%","0%"
"*06umg*","Deyer Zapata","ARI","RP","9972","FA","22","100,000","A","0","0%","0%"
"*060ov*","Genderson Zapata","(N/A)","SP","9973","FA","22","100,000","A","0","0%","0%"
"*066mt*","Gian Zapata","ARI","RF,OF","9974","FA","20","100,000","A","0","1%","0%"
"*06qxn*","Juan Zapata","(N/A)","SP","9975","FA","27","100,000","A","0","0%","0%"
"*06s3m*","Julio Zapata","(N/A)","RP","9976","FA","23","100,000","A","0","0%","0%"
"*06rwd*","Kelvin Zapata","BAL","SP","9977","FA","18","100,000","A","0","0%","0%"
"*066de*","Angel Zarate","(N/A)","LF,OF","9978","FA","27","100,000","A","0","0%","0%"
"*066p3*","Alfredo Zarraga","TB","RP","9979","FA","25","100,000","A","0","0%","0%"
"*0310m*","Rob Zastryzny","MIL","RP","9980","FA","34","100,000","A","0","1%","0%"
"*05toy*","Aaron Zavala","TEX","LF,OF","9981","FA","26","100,000","A","0","2%","0%"
"*05rdr*","Samuel Zavala","CHW","CF,RF,OF","9982","FA","22","100,000","A","0","7%","0%"
"*03qqd*","Seby Zavala","(N/A)","C","9983","FA","32","100,000","A","0","0%","0%"
"*0744z*","Bradley Zayac","(N/A)","SP","9984","FA","20","100,000","A","0","0%","0%"
"*05u9i*","Bryant Zayas","(N/A)","SS","9985","FA","22","100,000","A","0","0%","0%"
"*06c3s*","Julio Zayas","NYM","C","9986","FA","20","100,000","A","0","0%","0%"
"*076ru*","Saivel Zayas","TEX","RF,OF","9987","FA","18","100,000","A","0","0%","0%"
"*06207*","Christian Zazueta","LAD","SP","9988","Zack","21","7,000,000","A","0","27%","0%"
"*060qi*","Adam Zebrowski","ATL","C","9989","FA","25","100,000","A","0","0%","0%"
"*06mpq*","Nico Zeglin","HOU","RP","9990","FA","26","100,000","A","0","0%","0%"
"*06zfj*","Draven Zeigler","PIT","RP","9991","FA","25","100,000","A","0","0%","0%"
"*073t8*","Brian Zeldin","MIN","RP","9992","FA","25","100,000","A","0","0%","0%"
"*06clo*","Jose Zerpa","SEA","RP","9993","FA","21","100,000","A","0","0%","0%"
"*041m5*","T.J. Zeuch","(N/A)","RP","9994","FA","30","100,000","A","0","0%","0%"
"*06c7j*","Alan Zhang Carter","(N/A)","RP","9995","FA","28","100,000","A","0","0%","0%"
"*0737x*","Mingxuan Zhang","PIT","SP","9996","FA","18","100,000","A","0","0%","0%"
"*05zdc*","Chen Zhong-Ao Zhuang","ATH","SP","9997","FA","25","100,000","A","0","2%","0%"
"*0647p*","Jacob Zibin","CLE","SP","9998","FA","21","100,000","A","0","1%","0%"
"*05uny*","Calvin Ziegler","NYM","SP","9999","FA","23","100,000","A","0","2%","0%"
"*066iu*","Gage Ziehl","BOS","SP","10000","FA","23","100,000","A","0","2%","0%"
"*06c8y*","Eli Zielinski","(N/A)","SP","10001","FA","22","100,000","A","0","0%","0%"
"*06qu3*","Zane Zielinski","SF","SS","10002","FA","24","100,000","A","0","0%","0%"
"*06ilg*","Charlie Zink","BOS","RP","10003","FA","20","100,000","A","0","0%","0%"
"*06hv9*","Keegan Zinn","CLE","RP","10004","FA","21","100,000","A","0","0%","0%"
"*06hq9*","Jake Zitella","(N/A)","3B","10005","FA","21","100,000","A","0","0%","0%"
"*06488*","Steven Zobac","KC","SP","10006","FA","25","100,000","A","0","2%","0%"
"*06pw2*","Donovan Zsak","CLE","RP","10007","FA","23","100,000","A","0","0%","0%"
"*06rk0*","Jhosmmel Zue","KC","C","10008","FA","22","100,000","A","0","0%","0%"
"*06k84*","Earle Zulueta","STL","SP","10009","FA","19","100,000","A","0","0%","0%"
"*05it9*","Yosver Zulueta","BAL","RP","10010","FA","28","100,000","A","0","2%","0%"
"*072yo*","Keelan Zumwalt","(N/A)","1B,P","10011","FA","16","100,000","A","0","0%","0%"
"*0614d*","Nick Zwack","SF","SP","10012","FA","27","100,000","A","0","0%","0%"
