"ID","Player","Team","Position","RkOv","Status","Age","Salary","Contract","Score","%D","ADP","Ros","+/-","H/AB","R","HR","RBI","SB","AVG","OBP","SLG","GP"
"*04my4*","Cal Raleigh","SEA","C,DH","1","J&A","29","6,000,000","A","92.29","100","14.3","99%","0%","135/573","101","44","115","13",".236",".338",".504","155"
"*03yrz*","William Contreras","MIL","C,DH","2","Kai","28","23,000,000","A","78.82","100","63.1","99%","0%","154/558","96","19","83","6",".276",".368",".439","151"
"*04z6m*","Agustin Ramirez","MIA","C,DH","3","T","24","1,000,000","A","78.24","100","108","98%","0%","130/530","75","20","71","18",".245",".315",".423","138"
"*05u2v*","Hunter Goodman","COL","C,DH","4","R&J","26","1,800,000","A","77.45","100","87.6","98%","0%","136/541","65","31","88","1",".251",".309",".497","142"
"*04o4s*","Shea Langeliers","ATH","C,DH","5","FA","28","100,000","A","77.07","100","66.9","99%","0%","125/480","69","30","77","7",".260",".319",".506","127"
"*01u75*","Salvador Perez","KC","C,1B,DH","6","FA","35","100,000","A","75.57","100","133.7","95%","0%","143/553","54","29","94","0",".259",".309",".468","144"
"*0524l*","Yainer Diaz","HOU","C,DH","7","FA","27","100,000","A","71.95","100","184.3","96%","0%","155/555","63","20","77","1",".279",".308",".443","143"
"*05yo5*","Ben Rice","NYY","C,1B,DH","8","Zack","26","1,500,000","A","71.34","100","80.3","98%","0%","125/491","81","29","74","3",".255",".335",".503","139"
"*0630d*","Drake Baldwin","ATL","C","9","FA","24","100,000","A","70.16","100","133.5","97%","0%","128/471","57","19","85","0",".272",".348",".442","127"
"*04q2n*","Adley Rutschman","BAL","C,DH","10","Steve","27","22,500,000","A","67.44","100","163.8","98%","0%","132/529","66","15","65","0",".250",".336",".388","139"
"*042sz*","Will Smith","LAD","C","11","Max","30","12,000,000","A","66.11","100","117.1","98%","0%","107/399","72","17","69","2",".268",".372",".454","114"
"*025i9*","J.T. Realmuto","PHI","C","12","FA","34","100,000","A","62.81","100","275.4","81%","+1%","117/464","55","14","51","7",".252",".312",".403","123"
"*05wxy*","Kyle Teel","CHW","C","13","R&J","23","1,000,000","A","62.03","98","311","93%","0%","106/417","63","13","54","6",".254",".361",".396","117"
"*04t3y*","Alejandro Kirk","TOR","C","14","FA","27","100,000","A","61.5","100","218.5","89%","-1%","121/444","41","12","71","1",".273",".345",".399","125"
"*05rbv*","Samuel Basallo","BAL","C","15","T","21","500,000","A","61.2","100","290","96%","0%","96/382","48","22","59","3",".251",".333",".474","107"
"*05gx4*","Dillon Dingler","DET","C","16","FA","27","100,000","A","59.97","92","366.4","73%","-1%","112/421","50","15","58","0",".266",".333",".432","123"
"*05ahg*","Austin Wells","NYY","C","17","FA","26","100,000","A","59.31","94","331.9","83%","-1%","86/380","50","19","70","3",".226",".303",".437","113"
"*04pmu*","Ryan Jeffers","MIN","C,DH","18","FA","28","100,000","A","58.45","92","325.2","65%","-1%","103/412","52","15","54","1",".250",".337",".417","112"
"*04q56*","Logan OHoppe","LAA","C","19","FA","25","100,000","A","58.44","97","292.6","81%","-1%","101/429","48","20","50","2",".235",".289",".406","115"
"*04s1g*","Gabriel Moreno","ARI","C","20","FA","25","100,000","A","57.31","94","338.1","81%","0%","107/383","52","10","56","3",".279",".355",".415","108"
"*048tn*","Carlos Narvaez","BOS","C","21","FA","27","100,000","A","56.16","90","376.2","62%","0%","95/416","53","13","50","2",".228",".326",".380","124"
"*03pix*","Tyler Stephenson","CIN","C,DH","22","FA","29","100,000","A","55.17","90","370.9","63%","-1%","90/369","53","14","57","0",".244",".328",".417","106"
"*04yuu*","Patrick Bailey","SF","C","23","FA","26","100,000","A","54.5","74","442.9","41%","-1%","101/436","49","9","59","1",".232",".292",".346","126"
"*04qnc*","Francisco Alvarez","NYM","C","24","Ethan","24","8,500,000","A","53.9","96","302.1","85%","0%","81/347","47","19","54","0",".233",".316",".444","101"
"*03rmz*","Keibert Ruiz","WSH","C","25","FA","27","100,000","A","53.06","52","446.7","44%","-1%","108/430","39","10","49","1",".251",".289",".367","114"
"*031b2*","Jonah Heim","(N/A)","C,DH","26","FA","30","100,000","A","51.75","22","473.8","23%","0%","93/401","42","11","53","2",".232",".287",".352","118"
"*02mxf*","Carson Kelly","CHC","C","27","FA","31","100,000","A","51","90","361.1","62%","-3%","86/349","43","14","45","2",".246",".324",".407","100"
"*04mrn*","Bo Naylor","CLE","C","28","FA","25","100,000","A","50.07","85","403.4","53%","-1%","75/363","47","14","46","2",".207",".299",".380","119"
"*0514k*","Pedro Pages","STL","C","29","FA","27","100,000","A","49.06","34","465","23%","-2%","87/375","40","12","47","0",".232",".294",".371","115"
"*05un2*","Edgar Quero","CHW","C,DH","30","FA","22","100,000","A","47.74","80","417.5","63%","0%","95/368","35","7","43","0",".258",".348",".356","108"
"*05vy5*","Carter Jensen","KC","C","31","FA","22","100,000","A","45.83","97","344.4","88%","+1%","75/279","38","10","41","3",".269",".366",".452","84"
"*01usr*","Kyle Higashioka","TEX","C,DH","32","FA","35","100,000","A","44.08","34","457","21%","0%","63/253","33","13","45","3",".249",".296",".462","75"
"*04mn4*","Joey Bart","PIT","C","33","FA","29","100,000","A","44.04","30","463","24%","0%","79/315","32","8","39","1",".251",".344",".378","92"
"*03aoy*","Sean Murphy","ATL","C","34","FA","31","100,000","A","42.7","78","413.2","59%","-1%","59/274","33","14","40","0",".215",".317",".409","76"
"*031cd*","Mitch Garver","(N/A)","C,DH","35","FA","35","100,000","A","41.94","12","483.1","9%","0%","56/273","34","12","38","3",".205",".307",".370","76"
"*05oxc*","Henry Davis","PIT","C","36","FA","26","100,000","A","41.81","20","482.6","21%","+1%","66/309","34","9","29","4",".214",".304",".346","92"
"*05ynb*","Liam Hicks","MIA","C,1B,DH","37","FA","26","100,000","A","40.93","22","467.7","23%","0%","72/299","34","4","36","2",".241",".353",".331","92"
"*031el*","Danny Jansen","TEX","C","38","FA","30","100,000","A","40.4","38","461.8","24%","0%","53/249","34","13","34","0",".213",".312",".418","75"
"*05lo5*","Freddy Fermin","SD","C","39","FA","30","100,000","A","40.28","40","454.3","23%","0%","76/296","34","6","29","1",".257",".310",".358","84"
"*05xtz*","Dalton Rushing","LAD","C","40","Brenden","24","1,000,000","A","38.91","48","447.1","67%","0%","57/260","29","10","35","0",".219",".323",".373","78"
"*04pqf*","Nick Fortes","TB","C","41","FA","29","100,000","A","38.64","16","485.4","10%","0%","67/310","30","7","29","1",".216",".270",".332","91"
"*0311f*","Victor Caratini","MIN","C,1B,DH","42","FA","32","100,000","A","37.06","38","457.2","23%","+1%","61/226","27","7","31","1",".270",".343",".407","67"
"*03av1*","Jake Rogers","DET","C","43","FA","30","100,000","A","33.17","10","477.3","8%","0%","43/204","28","8","27","0",".211",".284",".387","59"
"*02nqg*","Luis Torrens","NYM","C","44","FA","29","100,000","A","33.02","11","479.5","9%","0%","54/227","21","5","25","1",".238",".300",".357","67"
"*01s99*","Travis dArnaud","LAA","C","45","FA","36","100,000","A","32.9","9","478.7","8%","0%","45/206","21","9","27","0",".218",".284",".398","59"
"*03fhx*","Elias Diaz","(N/A)","C","46","FA","35","100,000","A","32.64","2","463.6","6%","0%","50/221","23","6","26","0",".226",".282",".353","59"
"*04efi*","Connor Wong","BOS","C","47","FA","29","100,000","A","32.01","16","491.4","14%","0%","50/203","24","4","19","3",".246",".308",".369","59"
"*04pwl*","Hunter Feduccia","TB","C","48","FA","28","100,000","A","31.75","4","467.9","6%","0%","46/232","23","3","23","2",".198",".324",".293","75"
"*03xs3*","Miguel Amaya","CHC","C","49","FA","26","100,000","A","31.56","31","453","31%","-1%","45/192","21","5","31","0",".234",".303",".375","58"
"*029us*","Christian Vazquez","(N/A)","C","50","FA","35","100,000","A","30.82","1","463.3","2%","0%","48/231","21","5","20","1",".208",".268",".303","63"
"*03df0*","Jose Trevino","CIN","C","51","FA","33","100,000","A","29.78","10","477.1","10%","0%","45/191","23","5","19","0",".236",".288",".366","58"
"*05raw*","Harry Ford","WSH","C","52","R&J","22","500,000","A","29.68","36","446.3","65%","0%","37/163","20","3","18","7",".227",".354",".325","51"
"*04azt*","Riley Adams","(N/A)","C","53","FA","29","100,000","A","28.38","4","469.2","4%","-1%","39/180","19","5","17","1",".217",".295",".344","49"
"*02bra*","James McCann","ARI","C","54","FA","35","100,000","A","26.82","14","487.4","5%","0%","35/141","17","5","20","0",".248",".298",".418","42"
"*05gss*","Jeferson Quero","MIL","C","55","FA","23","100,000","A","25.82","19","481.1","52%","+1%","32/146","15","4","19","1",".219",".305",".349","43"
"*05yc9*","Braxton Fulford","COL","C","56","FA","27","100,000","A","25.79","6","474.9","7%","+1%","32/127","15","4","15","2",".252",".345",".441","41"
"*02j7h*","Jacob Stallings","(N/A)","C","57","FA","36","100,000","A","23.98","0","-","2%","-1%","31/160","13","3","16","0",".194",".279",".300","44"
"*02n1c*","Tyler Heineman","TOR","C","58","FA","34","100,000","A","23.66","8","469.7","6%","0%","28/125","19","2","14","2",".224",".340",".328","42"
"*031cs*","Austin Wynns","ATH","C","59","FA","35","100,000","A","22.61","7","475.4","4%","0%","28/115","12","4","16","0",".243",".293",".417","33"
"*01t9q*","Gary Sanchez","(N/A)","C","60","FA","33","100,000","A","20.48","10","482.1","7%","-1%","21/90","12","5","17","0",".233",".324",".422","26"
"*03yr2*","Yohel Pozo","STL","C","61","FA","28","100,000","A","20.19","2","466.8","4%","0%","27/116","10","3","12","0",".233",".258",".362","33"
"*04ent*","J.C. Escarra","NYY","C","62","FA","30","100,000","A","19.21","0","-","5%","0%","22/103","12","2","12","1",".214",".314",".320","33"
"*02brk*","Austin Hedges","CLE","C","63","FA","33","100,000","A","19.03","2","465.8","2%","0%","21/126","11","3","11","1",".167",".245",".262","41"
"*041q7*","Ben Rortvedt","CIN","C","64","FA","28","100,000","A","17.59","2","464.9","3%","0%","20/106","10","2","11","0",".189",".283",".283","33"
"*02n1q*","Luke Maile","(N/A)","C","65","FA","34","100,000","A","17.3","0","-","1%","0%","19/90","9","2","9","2",".211",".317",".322","25"
"*0310a*","Reese McGuire","MIL","C","66","FA","30","100,000","A","16.52","0","-","2%","0%","18/89","9","3","12","0",".202",".260",".337","25"
"*0510z*","Korey Lee","CHW","C","67","FA","27","100,000","A","16.13","4","466.9","7%","-1%","20/88","9","2","8","1",".227",".269",".330","25"
"*06434*","Jimmy Crooks","STL","C","68","FA","24","100,000","A","16.01","18","479.7","19%","+1%","19/84","8","2","11","0",".226",".301",".333","25"
"*0515f*","Drew Millas","WSH","C","69","FA","28","100,000","A","15.83","0","-","3%","0%","19/79","8","1","8","3",".241",".302",".342","24"
"*0403l*","Rafael Marchan","PHI","C","70","FA","26","100,000","A","15.79","6","471.6","6%","0%","19/82","8","2","9","0",".232",".315",".341","25"
"*041t8*","Andrew Knizner","SEA","C","71","FA","30","100,000","A","15.64","2","465.3","2%","0%","18/83","9","2","9","0",".217",".309",".337","23"
"*04yd8*","Jhonny Pereda","SEA","C","72","FA","29","100,000","A","14.99","0","-","2%","0%","19/83","8","1","6","0",".229",".333",".313","25"
"*06am0*","Mickey Gasper","(N/A)","C","73","FA","30","100,000","A","14.01","0","-","2%","0%","15/70","9","2","7","1",".214",".329",".357","20"
"*02t8m*","Tom Murphy","(N/A)","C","74","FA","34","100,000","A","12.23","1","461.9","2%","0%","13/53","7","3","6","0",".245",".298",".491","15"
"*05rcd*","Joe Mack","MIA","C","75","FA","23","100,000","A","12.06","27","460.7","54%","+3%","13/55","7","2","7","1",".236",".311",".400","16"
"*052h8*","Jesus Rodriguez","SF","C","76","FA","23","100,000","A","11.63","11","483","16%","0%","14/51","6","1","5","2",".275",".362",".373","16"
"*04ptr*","Willie MacIver","TEX","C","77","FA","29","100,000","A","10.85","1","462.6","5%","0%","12/53","5","1","6","2",".226",".317",".340","16"
"*0637j*","Josue Briceno","DET","C,1B","78","Brenden","21","500,000","A","10.74","10","480","59%","+2%","13/57","5","1","5","0",".228",".333",".351","17"
"*02yoi*","Alex Jackson","MIN","C","79","FA","30","100,000","A","10.71","2","463.4","3%","-1%","11/57","8","2","6","0",".193",".270",".351","16"
"*05gwr*","Drew Romo","CHW","C","80","FA","24","100,000","A","9.95","3","468.7","11%","-1%","13/57","4","1","4","0",".228",".290",".333","16"
"*05jpu*","Daniel Susac","SF","C","81","FA","24","100,000","A","9.94","6","475.7","16%","+1%","12/54","4","1","6","1",".222",".288",".315","16"
"*04psg*","Cesar Salazar","HOU","C","82","FA","29","100,000","A","9.7","0","-","2%","0%","11/49","5","1","6","0",".224",".367",".327","16"
"*04n1p*","Will Banfield","CIN","C","83","FA","26","100,000","A","8.67","0","-","2%","0%","11/53","5","1","5","0",".208",".263",".302","15"
"*02n1i*","Tomas Nido","DET","C","84","FA","31","100,000","A","8.64","0","-","1%","0%","11/59","5","1","4","0",".186",".238",".271","17"
"*041w5*","Jason Delay","BOS","C","85","FA","30","100,000","A","7.63","0","-","1%","0%","11/59","4","0","4","0",".186",".250",".237","17"
"*031bn*","Brian Navarreto","MIA","C","86","FA","31","100,000","A","7.43","0","-","0%","0%","10/54","5","1","6","0",".185",".241",".278","15"
"*04q63*","Hayden Senger","NYM","C","87","FA","28","100,000","A","7.26","0","-","1%","0%","10/56","5","1","5","0",".179",".246",".250","16"
"*0514r*","Maverick Handley","BAL","C","88","FA","27","100,000","A","7.22","0","-","2%","0%","10/50","4","0","4","1",".200",".310",".240","15"
"*02bwt*","Austin Barnes","NYM","C","89","FA","36","100,000","A","6.98","0","-","1%","0%","11/51","5","0","3","0",".216",".286",".235","16"
"*06f0p*","Cooper Ingle","CLE","C","90","FA","23","100,000","A","3.81","12","481.3","32%","+1%","7/29","4","1","3","0",".241",".353",".414","8"
"*025iy*","Jorge Alfaro","KC","C","91","FA","32","100,000","A","3.39","0","-","0%","0%","6/30","3","1","3","1",".200",".250",".333","7"
"*03125*","Dom Nunez","CLE","C","92","FA","31","100,000","A","2.69","0","-","0%","0%","5/33","3","1","2","0",".152",".282",".273","9"
"*03121*","Chad Wallach","ATH","C","93","FA","34","100,000","A","2.63","0","-","0%","0%","5/31","2","1","3","0",".161",".235",".290","8"
"*05rij*","Luca Tresh","KC","C","94","FA","26","100,000","A","2.47","0","-","1%","0%","5/25","2","1","3","0",".200",".259",".360","8"
"*04244*","Chuckie Robinson","LAD","C","95","FA","31","100,000","A","2.47","0","-","1%","0%","5/31","2","1","3","0",".161",".212",".290","25"
"*02c6c*","Aramis Garcia","ARI","C","96","FA","33","100,000","A","2.39","0","-","1%","0%","4/25","3","1","2","0",".160",".276",".320","8"
"*05180*","C.J. Stubbs","TOR","C","97","FA","29","100,000","A","2.37","0","-","0%","0%","4/29","3","1","2","0",".138",".242",".276","8"
"*02jtq*","Sandy Leon","(N/A)","C","98","FA","36","100,000","A","2.23","0","-","0%","0%","4/29","2","1","2","0",".138",".242",".276","7"
"*04aod*","Sebastian Rivero","LAA","C","99","FA","27","100,000","A","1.94","1","462.2","2%","+1%","6/27","2","0","2","0",".222",".250",".259","7"
"*06rhh*","Jesus Abreu","MIA","C","100","FA","20","100,000","A","0","0","-","0%","0%","0","0","0","0","0","0","0","0","0"
"*06qzl*","Javier Acevedo","PIT","C,1B","101","FA","18","100,000","A","0","0","-","0%","0%","0","0","0","0","0","0","0","0","0"
"*06xv5*","Cesar Acosta","NYM","C","102","FA","17","100,000","A","0","0","-","1%","0%","0","0","0","0","0","0","0","0","0"
"*06rwq*","Yeison Acosta","BAL","C","103","FA","18","100,000","A","0","0","-","0%","0%","0","0","0","0","0","0","0","0","0"
"*06hu2*","Chase Adkison","STL","C","104","FA","25","100,000","A","0","0","-","0%","0%","0","0","0","0","0","0","0","0","0"
"*06r7x*","Allen Ajoti","LAD","C","105","FA","20","100,000","A","0","0","-","0%","0%","0","0","0","0","0","0","0","0","0"
"*06hez*","Lou Albrecht","PHI","C","106","FA","24","100,000","A","0","0","-","0%","0%","0","0","0","0","0","0","0","0","0"
"*06rip*","Henniel Alcala","CHC","C","107","FA","19","100,000","A","0","0","-","0%","0%","0","0","0","0","0","0","0","0","0"
"*0642a*","Moises Alcala","ARI","C","108","FA","22","100,000","A","0","0","-","0%","0%","0","0","0","0","0","0","0","0","0"
"*062zk*","Yoanis Aleksandrov","(N/A)","C","109","FA","21","100,000","A","0","0","-","0%","0%","0","0","0","0","0","0","0","0","0"
"*04ug3*","Eliezer Alfonzo","LAD","C","110","FA","26","100,000","A","0","0","-","1%","0%","0","0","0","0","0","0","0","0","0"
"*05m6e*","Omar Alfonzo","PIT","C,1B","111","FA","22","100,000","A","0","0","-","3%","0%","0","0","0","0","0","0","0","0","0"
"*05yeh*","Pablo Aliendo","CHC","C,1B","112","FA","24","100,000","A","0","0","-","2%","0%","0","0","0","0","0","0","0","0","0"
"*03qkr*","Austin Allen","(N/A)","C","113","FA","32","100,000","A","0","0","-","0%","0%","0","0","0","0","0","0","0","0","0"
"*06s3a*","Manuel Almeida","SEA","C","114","FA","18","100,000","A","0","0","-","0%","0%","0","0","0","0","0","0","0","0","0"
"*06rhg*","Jeremy Almonte","MIA","C","115","FA","20","100,000","A","0","0","-","0%","0%","0","0","0","0","0","0","0","0","0"
"*042c4*","Roberto Alvarez","(N/A)","C","116","FA","26","100,000","A","0","0","-","0%","0%","0","0","0","0","0","0","0","0","0"
"*05wdl*","Carlos Amaya","(N/A)","C","117","FA","24","100,000","A","0","0","-","0%","0%","0","0","0","0","0","0","0","0","0"
"*04psp*","Jake Anchia","(N/A)","C,DH","118","FA","28","100,000","A","0","0","-","0%","0%","0","0","0","0","0","0","0","0","0"
"*06dqr*","Ethan Anderson","BAL","C,1B","119","FA","22","100,000","A","0","0","-","6%","0%","0","0","0","0","0","0","0","0","0"
"*051e1*","Aaron Antonini","DET","C","120","FA","27","100,000","A","0","0","-","0%","0%","0","0","0","0","0","0","0","0","0"
"*06pgm*","Jackson Appel","CHW","C","121","FA","24","100,000","A","0","0","-","1%","0%","0","0","0","0","0","0","0","0","0"
"*06y7q*","Anderson Araujo","PHI","C","122","FA","17","100,000","A","0","0","-","3%","0%","0","0","0","0","0","0","0","0","0"
"*070bm*","Jack Arcamone","(N/A)","C","123","FA","21","100,000","A","0","0","-","0%","0%","0","0","0","0","0","0","0","0","0"
"*0647o*","Silas Ardoin","BAL","C,1B","124","FA","25","100,000","A","0","0","-","1%","0%","0","0","0","0","0","0","0","0","0"
"*070dw*","Bryan Arendt","ATH","C","125","FA","22","100,000","A","0","0","-","0%","0%","0","0","0","0","0","0","0","0","0"
"*06pgg*","Ariel Armas","CHC","C","126","FA","23","100,000","A","0","0","-","1%","0%","0","0","0","0","0","0","0","0","0"
"*05u1v*","Cade Arrambide","(N/A)","C","127","FA","20","100,000","A","0","0","-","0%","0%","0","0","0","0","0","0","0","0","0"
"*06r7y*","Esmeiquel Arrieche","TOR","C","128","FA","19","100,000","A","0","0","-","0%","0%","0","0","0","0","0","0","0","0","0"
"*06r3e*","Samuel Arroyo","(N/A)","C","129","FA","18","100,000","A","0","0","-","0%","0%","0","0","0","0","0","0","0","0","0"
"*06c8r*","Paulo Asprilla","STL","C","130","FA","19","100,000","A","0","0","-","0%","0%","0","0","0","0","0","0","0","0","0"
"*06qxx*","Christian Astudillo","BAL","C","131","FA","18","100,000","A","0","0","-","0%","0%","0","0","0","0","0","0","0","0","0"
"*05r68*","Carlos Avila","(N/A)","C","132","FA","22","100,000","A","0","0","-","0%","0%","0","0","0","0","0","0","0","0","0"
"*05m6c*","Rivaldo Avila","(N/A)","C","133","FA","23","100,000","A","0","0","-","0%","0%","0","0","0","0","0","0","0","0","0"
"*06ool*","Owen Ayers","CHC","C","134","FA","24","100,000","A","0","0","-","3%","0%","0","0","0","0","0","0","0","0","0"
"*06rtm*","Manuel Baez","SEA","C","135","FA","20","100,000","A","0","0","-","0%","0%","0","0","0","0","0","0","0","0","0"
"*065np*","Nate Baez","BOS","C,1B","136","FA","24","100,000","A","0","0","-","1%","0%","0","0","0","0","0","0","0","0","0"
"*06rw5*","Gustavo Baptista","CLE","C","137","FA","17","100,000","A","0","0","-","1%","0%","0","0","0","0","0","0","0","0","0"
"*06qe0*","Sebastian Baquera","TEX","C","138","FA","19","100,000","A","0","0","-","0%","0%","0","0","0","0","0","0","0","0","0"
"*022vw*","Tucker Barnhart","(N/A)","C","139","FA","35","100,000","A","0","0","-","0%","0%","0","0","0","0","0","0","0","0","0"
"*041sn*","Tres Barrera","WSH","C","140","FA","31","100,000","A","0","0","-","0%","0%","0","0","0","0","0","0","0","0","0"
"*066rw*","Alberto Barriga","ARI","C","141","FA","21","100,000","A","0","0","-","1%","0%","0","0","0","0","0","0","0","0","0"
"*05yl9*","Beycker Barroso","(N/A)","C","142","FA","23","100,000","A","0","0","-","0%","0%","0","0","0","0","0","0","0","0","0"
"*04prx*","Cameron Barstad","CLE","C","143","FA","25","100,000","A","0","0","-","0%","0%","0","0","0","0","0","0","0","0","0"
"*04yj2*","Freuddy Batista","HOU","C","144","FA","26","100,000","A","0","0","-","0%","0%","0","0","0","0","0","0","0","0","0"
"*066ou*","Jeremy Bautista","(N/A)","C","145","FA","21","100,000","A","0","0","-","0%","0%","0","0","0","0","0","0","0","0","0"
"*06c5i*","Kevin Bazzell","WSH","C","146","FA","22","100,000","A","0","0","-","4%","0%","0","0","0","0","0","0","0","0","0"
"*06rhe*","Adrian Bello","MIA","C","147","FA","19","100,000","A","0","0","-","0%","0%","0","0","0","0","0","0","0","0","0"
"*06rtd*","Carlos Benavides","DET","C,1B","148","FA","18","100,000","A","0","0","-","0%","0%","0","0","0","0","0","0","0","0","0"
"*05j8t*","Ruben Benavides","(N/A)","C","149","FA","24","100,000","A","0","0","-","0%","0%","0","0","0","0","0","0","0","0","0"
"*05ygl*","Colton Bender","(N/A)","C","150","FA","27","100,000","A","0","0","-","0%","0%","0","0","0","0","0","0","0","0","0"
"*06qv2*","Derek Berg","PIT","C,1B","151","FA","24","100,000","A","0","0","-","0%","0%","0","0","0","0","0","0","0","0","0"
"*04ptc*","Michael Berglund","(N/A)","C,DH","152","FA","28","100,000","A","0","0","-","0%","0%","0","0","0","0","0","0","0","0","0"
"*05rd2*","Stevie Berman","(N/A)","C","153","FA","31","100,000","A","0","0","-","0%","0%","0","0","0","0","0","0","0","0","0"
"*05rcw*","Leonardo Bernal","STL","C","154","FA","21","100,000","A","0","2","464.4","25%","0%","0","0","0","0","0","0","0","0","0"
"*06zg2*","Caleb Berry","(N/A)","C","155","FA","24","100,000","A","0","0","-","0%","0%","0","0","0","0","0","0","0","0","0"
"*0519x*","Luke Berryhill","(N/A)","C","156","FA","27","100,000","A","0","0","-","0%","0%","0","0","0","0","0","0","0","0","0"
"*0626r*","Bryant Betancourt","COL","C","157","FA","22","100,000","A","0","0","-","2%","0%","0","0","0","0","0","0","0","0","0"
"*01sci*","Christian Bethancourt","CHC","C","158","FA","34","100,000","A","0","0","-","1%","0%","0","0","0","0","0","0","0","0","0"
"*06c5r*","Caden Bodine","TB","C","159","FA","22","100,000","A","0","0","-","22%","0%","0","0","0","0","0","0","0","0","0"
"*06zg1*","Jake Bold","SD","C","160","FA","22","100,000","A","0","0","-","0%","0%","0","0","0","0","0","0","0","0","0"
"*072vu*","Manuel Bolivar","DET","C","161","FA","17","100,000","A","0","0","-","1%","+1%","0","0","0","0","0","0","0","0","0"
"*06cqa*","Karson Bowen","(N/A)","C,1B","162","FA","21","100,000","A","0","0","-","0%","0%","0","0","0","0","0","0","0","0","0"
"*06gj9*","Jeremiah Boyd","ARI","C","163","FA","25","100,000","A","0","0","-","0%","0%","0","0","0","0","0","0","0","0","0"
"*06yzi*","Greg Bozzo","NYY","C","164","FA","23","100,000","A","0","0","-","0%","0%","0","0","0","0","0","0","0","0","0"
"*066e6*","Spencer Bramwell","MIA","C","165","FA","27","100,000","A","0","0","-","0%","0%","0","0","0","0","0","0","0","0","0"
"*06300*","Brooks Brannon","BOS","C","166","FA","21","100,000","A","0","0","-","3%","0%","0","0","0","0","0","0","0","0","0"
"*025e9*","Rob Brantly","NYY","C","167","FA","36","100,000","A","0","0","-","0%","0%","0","0","0","0","0","0","0","0","0"
"*04pmj*","Josh Breaux","PHI","C","168","FA","28","100,000","A","0","0","-","1%","0%","0","0","0","0","0","0","0","0","0"
"*031s7*","Jose Briceno","(N/A)","C","169","FA","33","100,000","A","0","0","-","0%","0%","0","0","0","0","0","0","0","0","0"
"*06yzu*","Will Brick","(N/A)","C","170","FA","17","100,000","A","0","0","-","0%","0%","0","0","0","0","0","0","0","0","0"
"*06dn9*","Julian Brock","TEX","C","171","FA","24","100,000","A","0","0","-","1%","0%","0","0","0","0","0","0","0","0","0"
"*06hug*","Bryan Broecker","TB","C","172","FA","24","100,000","A","0","0","-","0%","0%","0","0","0","0","0","0","0","0","0"
"*0665n*","Archer Brookman","ATL","C","173","FA","27","100,000","A","0","0","-","0%","0%","0","0","0","0","0","0","0","0","0"
"*06sub*","Robert Brooks","TOR","C","174","FA","27","100,000","A","0","0","-","0%","0%","0","0","0","0","0","0","0","0","0"
"*06qtz*","Canyon Brown","KC","C","175","FA","22","100,000","A","0","0","-","0%","0%","0","0","0","0","0","0","0","0","0"
"*06qjg*","Jessada Brown","MIA","C","176","FA","22","100,000","A","0","0","-","0%","0%","0","0","0","0","0","0","0","0","0"
"*064or*","Daniel Bruzual","(N/A)","C","177","FA","21","100,000","A","0","0","-","0%","0%","0","0","0","0","0","0","0","0","0"
"*06r3v*","Brooks Bryan","KC","C","178","FA","21","100,000","A","0","0","-","1%","0%","0","0","0","0","0","0","0","0","0"
"*060p1*","Yasmil Bucce","BAL","C,1B","179","FA","21","100,000","A","0","0","-","2%","0%","0","0","0","0","0","0","0","0","0"
"*0665m*","Colin Burgess","ATL","C","180","FA","25","100,000","A","0","0","-","0%","0%","0","0","0","0","0","0","0","0","0"
"*06ekn*","Connor Burns","CIN","C","181","FA","24","100,000","A","0","0","-","1%","0%","0","0","0","0","0","0","0","0","0"
"*06hh9*","Peter Burns","LAA","C","182","FA","26","100,000","A","0","0","-","0%","0%","0","0","0","0","0","0","0","0","0"
"*06hq3*","Will Bush","HOU","C,1B","183","FA","21","100,000","A","0","0","-","2%","0%","0","0","0","0","0","0","0","0","0"
"*06r0e*","Omar Bustamante","DET","C","184","FA","20","100,000","A","0","0","-","0%","0%","0","0","0","0","0","0","0","0","0"
"*06rtn*","Jose Caguana","SEA","C","185","FA","23","100,000","A","0","0","-","0%","0%","0","0","0","0","0","0","0","0","0"
"*06rl5*","Luis Caicuto","PHI","C","186","FA","22","100,000","A","0","0","-","0%","0%","0","0","0","0","0","0","0","0","0"
"*06rk6*","Fernando Caldera","HOU","C","187","FA","23","100,000","A","0","0","-","0%","0%","0","0","0","0","0","0","0","0","0"
"*06c1n*","Nehomar Caldera","(N/A)","C","188","FA","20","100,000","A","0","0","-","0%","0%","0","0","0","0","0","0","0","0","0"
"*06nl7*","Santiago Camacho","SF","C,1B","189","FA","19","100,000","A","0","0","-","1%","0%","0","0","0","0","0","0","0","0","0"
"*05ge4*","Jair Camargo","ATL","C","190","FA","26","100,000","A","0","0","-","1%","0%","0","0","0","0","0","0","0","0","0"
"*06rim*","Daniel Campos","CHC","C","191","FA","20","100,000","A","0","0","-","0%","0%","0","0","0","0","0","0","0","0","0"
"*06rjw*","Diego Campos","(N/A)","C","192","FA","19","100,000","A","0","0","-","0%","0%","0","0","0","0","0","0","0","0","0"
"*06o0g*","Ryan Campos","STL","C","193","FA","23","100,000","A","0","0","-","2%","0%","0","0","0","0","0","0","0","0","0"
"*06jbi*","Justin Capellan","NYY","C","194","FA","19","100,000","A","0","0","-","1%","0%","0","0","0","0","0","0","0","0","0"
"*06rp3*","Heriberto Caraballo","STL","C","195","FA","20","100,000","A","0","0","-","0%","0%","0","0","0","0","0","0","0","0","0"
"*06ya5*","Miguel Caraballo","MIN","C","196","FA","17","100,000","A","0","0","-","1%","0%","0","0","0","0","0","0","0","0","0"
"*05y2j*","Noah Cardenas","MIN","C","197","FA","26","100,000","A","0","0","-","1%","0%","0","0","0","0","0","0","0","0","0"
"*0622v*","Michael Carico","CHC","C","198","FA","23","100,000","A","0","0","-","2%","0%","0","0","0","0","0","0","0","0","0"
"*072o2*","Juan Caricote","TOR","C","199","FA","17","100,000","A","0","0","-","1%","0%","0","0","0","0","0","0","0","0","0"
"*06k7s*","Easton Carmichael","PIT","C","200","FA","22","100,000","A","0","0","-","4%","0%","0","0","0","0","0","0","0","0","0"
"*06iew*","Hunter Carns","(N/A)","C","201","FA","20","100,000","A","0","0","-","0%","0%","0","0","0","0","0","0","0","0","0"
"*06oo3*","Josh Caron","SEA","C","202","FA","22","100,000","A","0","0","-","3%","0%","0","0","0","0","0","0","0","0","0"
"*04p0h*","Diego Cartaya","SF","C","203","FA","24","100,000","A","0","0","-","11%","0%","0","0","0","0","0","0","0","0","0"
"*02bxm*","Curt Casali","(N/A)","C","204","FA","37","100,000","A","0","0","-","0%","0%","0","0","0","0","0","0","0","0","0"
"*06quz*","Yanuel Casiano","CIN","C","205","FA","18","100,000","A","0","0","-","0%","0%","0","0","0","0","0","0","0","0","0"
"*06qnh*","Connor Caskenette","MIA","C","206","FA","23","100,000","A","0","0","-","0%","0%","0","0","0","0","0","0","0","0","0"
"*06rk4*","Alejandro Castellano","HOU","C","207","FA","19","100,000","A","0","0","-","0%","0%","0","0","0","0","0","0","0","0","0"
"*06ri2*","Juan Castillo","COL","C","208","FA","23","100,000","A","0","0","-","0%","0%","0","0","0","0","0","0","0","0","0"
"*05rhs*","Kenny Castillo","ARI","C","209","FA","22","100,000","A","0","0","-","1%","0%","0","0","0","0","0","0","0","0","0"
"*06rnj*","Jesus Castro","SD","C","210","FA","21","100,000","A","0","0","-","0%","0%","0","0","0","0","0","0","0","0","0"
"*06hps*","Drew Cavanaugh","SF","C","211","FA","24","100,000","A","0","0","-","0%","0%","0","0","0","0","0","0","0","0","0"
"*062hm*","Jose Cedeno","(N/A)","C","212","FA","20","100,000","A","0","0","-","0%","0%","0","0","0","0","0","0","0","0","0"
"*038hy*","Juan Centeno","(N/A)","C","213","FA","36","100,000","A","0","0","-","0%","0%","0","0","0","0","0","0","0","0","0"
"*05m6g*","Christian Cerda","ARI","C","214","FA","23","100,000","A","0","0","-","3%","0%","0","0","0","0","0","0","0","0","0"
"*06hwf*","Brady Cerkownyk","DET","C","215","FA","23","100,000","A","0","0","-","0%","0%","0","0","0","0","0","0","0","0","0"
"*06rio*","Ivan Cespedes","CHC","C","216","FA","20","100,000","A","0","0","-","0%","0%","0","0","0","0","0","0","0","0","0"
"*0669x*","Connor Charping","SEA","C","217","FA","26","100,000","A","0","0","-","0%","0%","0","0","0","0","0","0","0","0","0"
"*06rsz*","Isais Chavez","MIL","C","218","FA","17","100,000","A","0","0","-","0%","0%","0","0","0","0","0","0","0","0","0"
"*05r14*","Santiago Chavez","(N/A)","C","219","FA","30","100,000","A","0","0","-","0%","0%","0","0","0","0","0","0","0","0","0"
"*06rhb*","Nixon Chirinos","MIA","C","220","FA","20","100,000","A","0","0","-","0%","0%","0","0","0","0","0","0","0","0","0"
"*06rpe*","Levi Clark","(N/A)","C","221","FA","19","100,000","A","0","0","-","0%","0%","0","0","0","0","0","0","0","0","0"
"*065v8*","Logun Clark","CLE","C","222","FA","22","100,000","A","0","0","-","0%","0%","0","0","0","0","0","0","0","0","0"
"*0516p*","Phil Clarke","TOR","C","223","FA","27","100,000","A","0","0","-","1%","0%","0","0","0","0","0","0","0","0","0"
"*0664h*","Nick Clarno","ATL","C","224","FA","27","100,000","A","0","0","-","0%","0%","0","0","0","0","0","0","0","0","0"
"*04i9p*","Hendrik Clementina","(N/A)","C","225","FA","28","100,000","A","0","0","-","0%","0%","0","0","0","0","0","0","0","0","0"
"*041xi*","Gavin Collins","(N/A)","C,3B","226","FA","30","100,000","A","0","0","-","0%","0%","0","0","0","0","0","0","0","0","0"
"*06zdg*","Jack Collins","TEX","C","227","FA","22","100,000","A","0","0","-","0%","0%","0","0","0","0","0","0","0","0","0"
"*06gvf*","Cole Conn","ATH","C","228","FA","24","100,000","A","0","0","-","0%","0%","0","0","0","0","0","0","0","0","0"
"*052c2*","Jose Cordova","COL","C,1B","229","FA","26","100,000","A","0","0","-","0%","0%","0","0","0","0","0","0","0","0","0"
"*06o0n*","Luis Corobo","MIL","C","230","FA","18","100,000","A","0","0","-","0%","0%","0","0","0","0","0","0","0","0","0"
"*06qkc*","Jorge Corona","CHW","C","231","FA","25","100,000","A","0","0","-","0%","0%","0","0","0","0","0","0","0","0","0"
"*066lz*","Andrew Cossetti","MIN","C","232","FA","26","100,000","A","0","0","-","1%","0%","0","0","0","0","0","0","0","0","0"
"*06er6*","Jacob Cozart","CLE","C","233","FA","23","100,000","A","0","0","-","5%","0%","0","0","0","0","0","0","0","0","0"
"*06zay*","Will Cresswell","TOR","C","234","FA","22","100,000","A","0","0","-","0%","0%","0","0","0","0","0","0","0","0","0"
"*05yno*","Josh Crouch","LAA","C","235","FA","27","100,000","A","0","0","-","0%","0%","0","0","0","0","0","0","0","0","0"
"*06ui8*","Rey Cruz","PHI","C","236","FA","18","100,000","A","0","0","-","0%","0%","0","0","0","0","0","0","0","0","0"
"*06qjj*","Gio Cueto","LAD","C","237","FA","22","100,000","A","0","0","-","0%","0%","0","0","0","0","0","0","0","0","0"
"*04pua*","Nick Dalesandro","(N/A)","C,LF,OF","239","FA","29","100,000","A","0","0","-","0%","0%","0","0","0","0","0","0","0","0","0"
"*06if2*","Pedro Dalmagro","CLE","C","240","FA","20","100,000","A","0","0","-","0%","0%","0","0","0","0","0","0","0","0","0"
"*06qsf*","Gabriel Davalillo","LAA","C","241","FA","18","100,000","A","0","0","-","16%","+1%","0","0","0","0","0","0","0","0","0"
"*06ppt*","Luke Davis","PHI","C,1B","242","FA","23","100,000","A","0","0","-","0%","0%","0","0","0","0","0","0","0","0","0"
"*06agg*","Sebastian De Andrade","SEA","C","243","FA","19","100,000","A","0","0","-","1%","0%","0","0","0","0","0","0","0","0","0"
"*06rkm*","Jose De La Cruz","COL","C","244","FA","18","100,000","A","0","0","-","0%","0%","0","0","0","0","0","0","0","0","0"
"*060yu*","Michael De La Cruz","(N/A)","C","245","FA","32","100,000","A","0","0","-","0%","0%","0","0","0","0","0","0","0","0","0"
"*06ril*","Abel De Leon","(N/A)","C","246","FA","21","100,000","A","0","0","-","0%","0%","0","0","0","0","0","0","0","0","0"
"*06rjg*","Adrian De Leon","ARI","C","247","FA","21","100,000","A","0","0","-","0%","0%","0","0","0","0","0","0","0","0","0"
"*06y9p*","Luis De Leon","HOU","C","248","FA","19","100,000","A","0","0","-","0%","0%","0","0","0","0","0","0","0","0","0"
"*06sum*","Carlos De Sousa","TB","C","249","FA","19","100,000","A","0","0","-","0%","0%","0","0","0","0","0","0","0","0","0"
"*06bs5*","Enderson Delgado","DET","C","250","FA","21","100,000","A","0","0","-","0%","0%","0","0","0","0","0","0","0","0","0"
"*06sut*","Nicolas Deschamps","TOR","C","251","FA","23","100,000","A","0","0","-","0%","0%","0","0","0","0","0","0","0","0","0"
"*06o02*","Khadim Diaw","MIN","C","252","FA","22","100,000","A","0","0","-","5%","0%","0","0","0","0","0","0","0","0","0"
"*06con*","Angel Diaz","LAD","C","253","FA","21","100,000","A","0","0","-","1%","0%","0","0","0","0","0","0","0","0","0"
"*05m6d*","Blayberg Diaz","MIL","C","254","FA","23","100,000","A","0","0","-","0%","0%","0","0","0","0","0","0","0","0","0"
"*05yh4*","Davis Diaz","ATH","C","255","FA","22","100,000","A","0","0","-","0%","0%","0","0","0","0","0","0","0","0","0"
"*06riq*","Jairo Diaz","CHC","C","256","FA","21","100,000","A","0","0","-","0%","0%","0","0","0","0","0","0","0","0","0"
"*066k6*","Nomar Diaz","SF","C","257","FA","21","100,000","A","0","0","-","0%","0%","0","0","0","0","0","0","0","0","0"
"*06rir*","Yidel Diaz","(N/A)","C","258","FA","21","100,000","A","0","0","-","0%","0%","0","0","0","0","0","0","0","0","0"
"*04ydk*","Dawson Dimon","(N/A)","C","259","FA","26","100,000","A","0","0","-","0%","0%","0","0","0","0","0","0","0","0","0"
"*06o0e*","Marco Dinges","MIL","C","260","FA","22","100,000","A","0","0","-","19%","+2%","0","0","0","0","0","0","0","0","0"
"*0668a*","Jordan Dissin","PHI","C","261","FA","23","100,000","A","0","0","-","1%","0%","0","0","0","0","0","0","0","0","0"
"*06qk6*","Hunter Dobbins","DET","C","262","FA","23","100,000","A","0","0","-","0%","0%","0","0","0","0","0","0","0","0","0"
"*066rv*","Miguel Dominguez","(N/A)","C","263","FA","21","100,000","A","0","0","-","0%","0%","0","0","0","0","0","0","0","0","0"
"*06r3r*","Brody Donay","TB","C,1B","264","FA","22","100,000","A","0","0","-","1%","0%","0","0","0","0","0","0","0","0","0"
"*06rj1*","Matt Donlan","BOS","C","265","FA","26","100,000","A","0","0","-","0%","0%","0","0","0","0","0","0","0","0","0"
"*0520t*","J.J. DOrazio","LAA","C","238","FA","24","100,000","A","0","0","-","1%","0%","0","0","0","0","0","0","0","0","0"
"*06rj9*","Manuel Dos Passos","ATL","C","266","FA","19","100,000","A","0","0","-","0%","0%","0","0","0","0","0","0","0","0","0"
"*06rni*","Jhojan Downer","SD","C","267","FA","18","100,000","A","0","0","-","0%","0%","0","0","0","0","0","0","0","0","0"
"*0512b*","Logan Driscoll","(N/A)","C","268","FA","28","100,000","A","0","0","-","1%","0%","0","0","0","0","0","0","0","0","0"
"*05ra1*","Hayden Dunhurst","(N/A)","C","269","FA","25","100,000","A","0","0","-","0%","0%","0","0","0","0","0","0","0","0","0"
"*06626*","Alfredo Duno","CIN","C","270","Kai","20","500,000","A","0","0","-","52%","+3%","0","0","0","0","0","0","0","0","0"
"*065s0*","Edinson Duran","NYY","C","271","FA","23","100,000","A","0","0","-","0%","0%","0","0","0","0","0","0","0","0","0"
"*05xyq*","Edward Duran","TOR","C","272","FA","21","100,000","A","0","0","-","2%","0%","0","0","0","0","0","0","0","0","0"
"*04yj5*","Rodolfo Duran","SD","C","273","FA","27","100,000","A","0","0","-","1%","0%","0","0","0","0","0","0","0","0","0"
"*06qsp*","Brendan Durfee","SD","C","274","FA","24","100,000","A","0","0","-","1%","0%","0","0","0","0","0","0","0","0","0"
"*051jk*","Ty Duvall","MIL","C","275","FA","28","100,000","A","0","0","-","0%","0%","0","0","0","0","0","0","0","0","0"
"*06qip*","Connor Dykstra","SEA","C","276","FA","24","100,000","A","0","0","-","0%","0%","0","0","0","0","0","0","0","0","0"
"*06hs4*","Weston Eberly","CHW","C","277","FA","25","100,000","A","0","0","-","0%","0%","0","0","0","0","0","0","0","0","0"
"*06qit*","Matthew Ellis","SEA","C","278","FA","25","100,000","A","0","0","-","0%","0%","0","0","0","0","0","0","0","0","0"
"*06hgy*","Cole Elvis","(N/A)","C","279","FA","26","100,000","A","0","0","-","0%","0%","0","0","0","0","0","0","0","0","0"
"*05r9y*","Rob Emery","(N/A)","C","280","FA","29","100,000","A","0","0","-","0%","0%","0","0","0","0","0","0","0","0","0"
"*06sbj*","Myles Emmerson","LAA","C","281","FA","27","100,000","A","0","0","-","0%","0%","0","0","0","0","0","0","0","0","0"
"*05jqu*","Kale Emshoff","TEX","C,1B","282","FA","27","100,000","A","0","0","-","1%","0%","0","0","0","0","0","0","0","0","0"
"*05u1q*","Samuel Escudero","PIT","C","283","FA","21","100,000","A","0","0","-","0%","0%","0","0","0","0","0","0","0","0","0"
"*06qod*","Alan Espinal","COL","C","284","FA","24","100,000","A","0","0","-","0%","0%","0","0","0","0","0","0","0","0","0"
"*06qxw*","Francisco Espinoza","LAD","C","285","FA","18","100,000","A","0","0","-","2%","0%","0","0","0","0","0","0","0","0","0"
"*06qj1*","Christian Fagnant","WSH","C","286","FA","24","100,000","A","0","0","-","0%","0%","0","0","0","0","0","0","0","0","0"
"*0669m*","Caleb Farmer","WSH","C","287","FA","26","100,000","A","0","0","-","0%","0%","0","0","0","0","0","0","0","0","0"
"*06qxm*","Zac Fascia","(N/A)","C","288","FA","27","100,000","A","0","0","-","0%","0%","0","0","0","0","0","0","0","0","0"
"*041qj*","Mario Feliciano","(N/A)","C","289","FA","27","100,000","A","0","0","-","0%","0%","0","0","0","0","0","0","0","0","0"
"*06rjd*","Johan Fernandez","ARI","C","290","FA","18","100,000","A","0","0","-","0%","0%","0","0","0","0","0","0","0","0","0"
"*048tm*","Juan Fernandez","SD","C","291","FA","26","100,000","A","0","0","-","0%","0%","0","0","0","0","0","0","0","0","0"
"*031d2*","Xavier Fernandez","(N/A)","C","292","FA","30","100,000","A","0","0","-","0%","0%","0","0","0","0","0","0","0","0","0"
"*05adw*","Yeiner Fernandez","LAD","C,2B,3B","293","FA","23","100,000","A","0","0","-","3%","0%","0","0","0","0","0","0","0","0","0"
"*06mcb*","Alirio Ferrebus","PHI","C,1B","294","FA","20","100,000","A","0","0","-","2%","0%","0","0","0","0","0","0","0","0","0"
"*062e6*","Jaime Ferrer","MIN","C,1B,RF,OF","295","FA","23","100,000","A","0","0","-","2%","0%","0","0","0","0","0","0","0","0","0"
"*06pq8*","Dylan Fien","ATH","C","296","FA","20","100,000","A","0","0","-","1%","0%","0","0","0","0","0","0","0","0","0"
"*06z67*","Edgardo Figueroa","WSH","C","297","FA","18","100,000","A","0","0","-","0%","0%","0","0","0","0","0","0","0","0","0"
"*06o01*","Nathan Flewelling","TB","C","298","FA","19","100,000","A","0","0","-","14%","+2%","0","0","0","0","0","0","0","0","0"
"*04u6u*","Randy Florentino","(N/A)","C","299","FA","25","100,000","A","0","0","-","0%","0%","0","0","0","0","0","0","0","0","0"
"*06iao*","Juan Flores","LAA","C","300","FA","19","100,000","A","0","0","-","3%","0%","0","0","0","0","0","0","0","0","0"
"*06rjt*","Miguel Flores","HOU","C","301","FA","20","100,000","A","0","0","-","0%","0%","0","0","0","0","0","0","0","0","0"
"*057xt*","Ronaldo Flores","(N/A)","C","302","FA","23","100,000","A","0","0","-","0%","0%","0","0","0","0","0","0","0","0","0"
"*06ekv*","Stiven Flores","CHW","C","303","FA","20","100,000","A","0","0","-","1%","0%","0","0","0","0","0","0","0","0","0"
"*06dqc*","Garret Forrester","MIA","C","304","FA","24","100,000","A","0","0","-","3%","0%","0","0","0","0","0","0","0","0","0"
"*06sj3*","Chase Fralick","(N/A)","C","305","FA","20","100,000","A","0","0","-","0%","0%","0","0","0","0","0","0","0","0","0"
"*072fu*","Ian Francis","CIN","C","306","FA","23","100,000","A","0","0","-","0%","0%","0","0","0","0","0","0","0","0","0"
"*060gn*","Carlos Franco","ATH","C","307","FA","22","100,000","A","0","0","-","0%","0%","0","0","0","0","0","0","0","0","0"
"*072ff*","Noah Franklin","TEX","C","308","FA","19","100,000","A","0","0","-","0%","0%","0","0","0","0","0","0","0","0","0"
"*06kld*","Jesus Freitez","COL","C","309","FA","20","100,000","A","0","0","-","0%","0%","0","0","0","0","0","0","0","0","0"
"*06r4u*","Anderson French","(N/A)","C","310","FA","20","100,000","A","0","0","-","0%","0%","0","0","0","0","0","0","0","0","0"
"*06ht7*","Tomas Frick","NYY","C","311","FA","25","100,000","A","0","0","-","0%","0%","0","0","0","0","0","0","0","0","0"
"*06pgs*","Jacob Friend","CIN","C","312","FA","22","100,000","A","0","0","-","1%","0%","0","0","0","0","0","0","0","0","0"
"*05gsn*","Vito Friscia","(N/A)","C","313","FA","29","100,000","A","0","0","-","0%","0%","0","0","0","0","0","0","0","0","0"
"*05mod*","Jesus Galiz","LAD","C","314","FA","22","100,000","A","0","0","-","3%","-1%","0","0","0","0","0","0","0","0","0"
"*02brd*","Cam Gallagher","(N/A)","C","315","FA","33","100,000","A","0","0","-","0%","0%","0","0","0","0","0","0","0","0","0"
"*070du*","Rylan Galvan","CHW","C","316","FA","22","100,000","A","0","0","-","0%","0%","0","0","0","0","0","0","0","0","0"
"*06rn3*","Carlos Garcia","TOR","C,1B","317","FA","18","100,000","A","0","0","-","0%","0%","0","0","0","0","0","0","0","0","0"
"*049vk*","David Garcia","MIL","C","318","FA","25","100,000","A","0","0","-","0%","0%","0","0","0","0","0","0","0","0","0"
"*05yig*","Johanfran Garcia","BOS","C","319","FA","21","100,000","A","0","0","-","6%","+1%","0","0","0","0","0","0","0","0","0"
"*066fk*","John Garcia","HOU","C","320","FA","25","100,000","A","0","0","-","0%","0%","0","0","0","0","0","0","0","0","0"
"*06max*","Juan Garcia","(N/A)","C","321","FA","19","100,000","A","0","0","-","0%","0%","0","0","0","0","0","0","0","0","0"
"*06rig*","Juan Garcia","(N/A)","C","322","FA","22","100,000","A","0","0","-","0%","0%","0","0","0","0","0","0","0","0","0"
"*06mep*","Kevin Garcia","MIL","C","323","FA","18","100,000","A","0","0","-","0%","0%","0","0","0","0","0","0","0","0","0"
"*06qy6*","Rodrigo Garcia","WSH","C","324","FA","18","100,000","A","0","0","-","0%","0%","0","0","0","0","0","0","0","0","0"
"*06hw1*","Yirer Garcia","TB","C","325","FA","20","100,000","A","0","0","-","0%","0%","0","0","0","0","0","0","0","0","0"
"*06rnf*","Andres Garza","(N/A)","C","326","FA","18","100,000","A","0","0","-","0%","0%","0","0","0","0","0","0","0","0","0"
"*043cc*","Ricardo Genoves","TB","C","327","FA","26","100,000","A","0","0","-","1%","0%","0","0","0","0","0","0","0","0","0"
"*06i07*","Adrian Gil","CHW","C,1B","328","FA","20","100,000","A","0","0","-","2%","0%","0","0","0","0","0","0","0","0","0"
"*06yxf*","Jhon Gil","LAD","C","329","FA","18","100,000","A","0","0","-","1%","0%","0","0","0","0","0","0","0","0","0"
"*06sbu*","Santiago Gil","ARI","C","330","FA","17","100,000","A","0","0","-","0%","0%","0","0","0","0","0","0","0","0","0"
"*06qj6*","Hayden Gilliland","TOR","C","331","FA","24","100,000","A","0","0","-","0%","0%","0","0","0","0","0","0","0","0","0"
"*05llr*","Jose Godoy","(N/A)","C","332","FA","31","100,000","A","0","0","-","0%","0%","0","0","0","0","0","0","0","0","0"
"*06ri8*","Gabriel Gomes","(N/A)","C","333","FA","21","100,000","A","0","0","-","0%","0%","0","0","0","0","0","0","0","0","0"
"*024o9*","Yan Gomes","(N/A)","C","334","FA","38","100,000","A","0","0","-","0%","0%","0","0","0","0","0","0","0","0","0"
"*04qox*","Antonio Gomez","NYY","C","335","FA","24","100,000","A","0","0","-","3%","0%","0","0","0","0","0","0","0","0","0"
"*06r9o*","Luis Gomez","(N/A)","C","336","FA","31","100,000","A","0","0","-","0%","0%","0","0","0","0","0","0","0","0","0"
"*06rla*","Mario Gomez","ATH","C","337","FA","23","100,000","A","0","0","-","0%","0%","0","0","0","0","0","0","0","0","0"
"*06rn8*","Anyelo Gonzalez","(N/A)","C","338","FA","21","100,000","A","0","0","-","0%","0%","0","0","0","0","0","0","0","0","0"
"*06f17*","Bryan Gonzalez","LAD","C","339","FA","20","100,000","A","0","0","-","0%","0%","0","0","0","0","0","0","0","0","0"
"*06k7z*","Deinys Gonzalez","TB","C","340","FA","19","100,000","A","0","0","-","1%","0%","0","0","0","0","0","0","0","0","0"
"*06qxb*","Diego Gonzalez","CHC","C","341","FA","18","100,000","A","0","0","-","0%","0%","0","0","0","0","0","0","0","0","0"
"*06qoo*","Fernando Gonzalez","SF","C","342","FA","24","100,000","A","0","0","-","0%","0%","0","0","0","0","0","0","0","0","0"
"*06er4*","J.D. Gonzalez","TB","C","343","FA","20","100,000","A","0","0","-","3%","0%","0","0","0","0","0","0","0","0","0"
"*06rik*","Juan Gonzalez","CHW","C","344","FA","24","100,000","A","0","0","-","0%","0%","0","0","0","0","0","0","0","0","0"
"*06rk3*","Ricson Gonzalez","KC","C","345","FA","20","100,000","A","0","0","-","0%","0%","0","0","0","0","0","0","0","0","0"
"*06riu*","Dilan Granadillo","CHC","C","346","FA","24","100,000","A","0","0","-","0%","0%","0","0","0","0","0","0","0","0","0"
"*072wh*","Fernando Graterol","CHW","C","347","FA","17","100,000","A","0","0","-","1%","+1%","0","0","0","0","0","0","0","0","0"
"*06y9r*","Taitn Gray","TB","C","348","FA","18","100,000","A","0","0","-","10%","0%","0","0","0","0","0","0","0","0","0"
"*04zo1*","Jaxx Groshans","(N/A)","C","349","FA","27","100,000","A","0","0","-","1%","0%","0","0","0","0","0","0","0","0","0"
"*06jh1*","Gabriel Guanchez","SEA","C","350","FA","18","100,000","A","0","0","-","0%","0%","0","0","0","0","0","0","0","0","0"
"*05y4e*","Manuel Guariman","(N/A)","C","351","FA","21","100,000","A","0","0","-","0%","0%","0","0","0","0","0","0","0","0","0"
"*06rkh*","Jeiker Gudino","DET","C","352","FA","19","100,000","A","0","0","-","0%","0%","0","0","0","0","0","0","0","0","0"
"*067zt*","Henry Guerrero","(N/A)","C","353","FA","21","100,000","A","0","0","-","0%","0%","0","0","0","0","0","0","0","0","0"
"*05yi1*","Freddy Guilamo","(N/A)","C","354","FA","25","100,000","A","0","0","-","0%","0%","0","0","0","0","0","0","0","0","0"
"*06hsh*","Garret Guillemette","HOU","C,1B","355","FA","24","100,000","A","0","0","-","0%","0%","0","0","0","0","0","0","0","0","0"
"*06qk3*","Mac Guscette","ATL","C","356","FA","23","100,000","A","0","0","-","0%","0%","0","0","0","0","0","0","0","0","0"
"*0440c*","Abrahan Gutierrez","NYY","C","357","FA","26","100,000","A","0","0","-","1%","0%","0","0","0","0","0","0","0","0","0"
"*066ml*","Daiverson Gutierrez","NYM","C","358","FA","20","100,000","A","0","0","-","4%","0%","0","0","0","0","0","0","0","0","0"
"*06hn2*","Adonys Guzman","PIT","C","359","FA","22","100,000","A","0","0","-","1%","0%","0","0","0","0","0","0","0","0","0"
"*02bv2*","Eric Haase","SF","C","360","FA","33","100,000","A","0","1","462.1","3%","0%","0","0","0","0","0","0","0","0","0"
"*05yeq*","Adam Hackenberg","CHW","C","361","FA","26","100,000","A","0","0","-","0%","0%","0","0","0","0","0","0","0","0","0"
"*06hu9*","Ty Hanchey","SF","C","362","FA","26","100,000","A","0","0","-","0%","0%","0","0","0","0","0","0","0","0","0"
"*06f0m*","Calvin Harris","CHW","C","363","FA","24","100,000","A","0","0","-","1%","0%","0","0","0","0","0","0","0","0","0"
"*06qs6*","Ben Hartl","TEX","C","364","FA","23","100,000","A","0","0","-","0%","0%","0","0","0","0","0","0","0","0","0"
"*06zfp*","Ty Harvey","SD","C","365","FA","19","100,000","A","0","0","-","3%","0%","0","0","0","0","0","0","0","0","0"
"*06rjx*","Kyle Hayes","KC","C","366","FA","28","100,000","A","0","0","-","0%","0%","0","0","0","0","0","0","0","0","0"
"*05154*","Ethan Hearn","(N/A)","C,1B","367","FA","25","100,000","A","0","0","-","1%","0%","0","0","0","0","0","0","0","0","0"
"*06zb2*","Chase Heath","STL","C","368","FA","22","100,000","A","0","0","-","0%","0%","0","0","0","0","0","0","0","0","0"
"*05zda*","Ryder Helfrick","(N/A)","C","369","FA","20","100,000","A","0","0","-","0%","0%","0","0","0","0","0","0","0","0","0"
"*0517w*","Wyatt Hendrie","PIT","C","370","FA","26","100,000","A","0","0","-","0%","0%","0","0","0","0","0","0","0","0","0"
"*041sv*","Payton Henry","NYY","C","371","FA","28","100,000","A","0","0","-","1%","0%","0","0","0","0","0","0","0","0","0"
"*06rj6*","Brayan Hernandez","(N/A)","C","381","FA","24","100,000","A","0","0","-","0%","0%","0","0","0","0","0","0","0","0","0"
"*06rlo*","Daniel Hernandez","WSH","C","372","FA","17","100,000","A","0","0","-","1%","0%","0","0","0","0","0","0","0","0","0"
"*067zs*","Diomedes Hernandez","NYY","C","373","FA","20","100,000","A","0","0","-","0%","0%","0","0","0","0","0","0","0","0","0"
"*06ris*","Frank Hernandez","(N/A)","C","382","FA","24","100,000","A","0","0","-","0%","0%","0","0","0","0","0","0","0","0","0"
"*06rf8*","Julian Hernandez","NYM","C","374","FA","20","100,000","A","0","0","-","0%","0%","0","0","0","0","0","0","0","0","0"
"*06rp2*","Maikel Hernandez","(N/A)","C","375","FA","22","100,000","A","0","0","-","0%","0%","0","0","0","0","0","0","0","0","0"
"*05j75*","Omar Hernandez","KC","C","376","FA","24","100,000","A","0","0","-","0%","0%","0","0","0","0","0","0","0","0","0"
"*05rk5*","Ronald Hernandez","NYM","C,1B","377","FA","22","100,000","A","0","0","-","2%","0%","0","0","0","0","0","0","0","0","0"
"*04al0*","Ronaldo Hernandez","BOS","C","378","FA","28","100,000","A","0","0","-","2%","0%","0","0","0","0","0","0","0","0","0"
"*068y1*","Ronny Hernandez","BOS","C","379","FA","21","100,000","A","0","0","-","1%","0%","0","0","0","0","0","0","0","0","0"
"*065j9*","Sammy Hernandez","STL","C,1B","380","FA","21","100,000","A","0","0","-","1%","0%","0","0","0","0","0","0","0","0","0"
"*05xz1*","Jose Herrera","TEX","C","383","FA","28","100,000","A","0","0","-","2%","0%","0","0","0","0","0","0","0","0","0"
"*06ri4*","Reiner Herrera","CLE","C","384","FA","20","100,000","A","0","0","-","0%","0%","0","0","0","0","0","0","0","0","0"
"*06qiw*","Tyler Herron","(N/A)","C","385","FA","22","100,000","A","0","0","-","0%","0%","0","0","0","0","0","0","0","0","0"
"*06gum*","Kehden Hettiger","PHI","C,1B","386","FA","21","100,000","A","0","0","-","1%","0%","0","0","0","0","0","0","0","0","0"
"*067zc*","Luke Heyman","BOS","C","387","FA","22","100,000","A","0","0","-","1%","0%","0","0","0","0","0","0","0","0","0"
"*03qqe*","P.J. Higgins","CIN","C,1B,3B","388","FA","32","100,000","A","0","0","-","0%","0%","0","0","0","0","0","0","0","0","0"
"*067ze*","Ross Highfill","(N/A)","C","389","FA","22","100,000","A","0","0","-","0%","0%","0","0","0","0","0","0","0","0","0"
"*06z7q*","Landon Hodge","CHW","C","390","FA","18","100,000","A","0","0","-","2%","-1%","0","0","0","0","0","0","0","0","0"
"*06zb7*","Nick Hollifield","WSH","C","391","FA","22","100,000","A","0","0","-","0%","0%","0","0","0","0","0","0","0","0","0"
"*05y0w*","Bennett Hostetler","MIA","C","392","FA","28","100,000","A","0","0","-","1%","0%","0","0","0","0","0","0","0","0","0"
"*070bi*","Tyler Howard","CLE","C","393","FA","21","100,000","A","0","0","-","0%","0%","0","0","0","0","0","0","0","0","0"
"*02mzt*","Joe Hudson","HOU","C","394","FA","34","100,000","A","0","0","-","0%","0%","0","0","0","0","0","0","0","0","0"
"*06433*","Kody Huff","CLE","C","395","FA","25","100,000","A","0","0","-","0%","0%","0","0","0","0","0","0","0","0","0"
"*041tq*","Sam Huff","BAL","C","396","FA","28","100,000","A","0","0","-","3%","0%","0","0","0","0","0","0","0","0","0"
"*060mc*","Zach Humphreys","LAA","C","397","FA","28","100,000","A","0","0","-","0%","0%","0","0","0","0","0","0","0","0","0"
"*04efb*","Blake Hunt","SD","C","398","FA","27","100,000","A","0","0","-","2%","0%","0","0","0","0","0","0","0","0","0"
"*0647k*","Cade Hunter","CIN","C","399","FA","25","100,000","A","0","0","-","1%","0%","0","0","0","0","0","0","0","0","0"
"*072fw*","Henry Hunter","CIN","C","400","FA","23","100,000","A","0","0","-","0%","0%","0","0","0","0","0","0","0","0","0"
"*0669r*","Jerry Huntzinger","TOR","C","401","FA","26","100,000","A","0","0","-","0%","0%","0","0","0","0","0","0","0","0","0"
"*06rkl*","Ricardo Hurtado","DET","C","402","FA","22","100,000","A","0","0","-","0%","0%","0","0","0","0","0","0","0","0","0"
"*06hng*","Ryan Ignoffo","MIA","C","403","FA","25","100,000","A","0","0","-","1%","0%","0","0","0","0","0","0","0","0","0"
"*06c10*","Ike Irish","BAL","C,1B","404","FA","22","100,000","A","0","0","-","47%","+2%","0","0","0","0","0","0","0","0","0"
"*06c3e*","David Isea","(N/A)","C","405","FA","19","100,000","A","0","0","-","0%","0%","0","0","0","0","0","0","0","0","0"
"*05yic*","Victor Izturis","CLE","C","406","FA","20","100,000","A","0","0","-","1%","0%","0","0","0","0","0","0","0","0","0"
"*06mhz*","Daniel Jackson","(N/A)","C","407","FA","21","100,000","A","0","0","-","0%","0%","0","0","0","0","0","0","0","0","0"
"*06rif*","Brandon Jaime","CIN","C","408","FA","21","100,000","A","0","0","-","0%","0%","0","0","0","0","0","0","0","0","0"
"*06y9q*","Brayden Jaksa","(N/A)","C","409","FA","19","100,000","A","0","0","-","0%","0%","0","0","0","0","0","0","0","0","0"
"*06kkk*","Walker Janek","HOU","C","410","FA","23","100,000","A","0","0","-","17%","0%","0","0","0","0","0","0","0","0","0"
"*06c5h*","Grant Jay","SEA","C","411","FA","22","100,000","A","0","0","-","1%","0%","0","0","0","0","0","0","0","0","0"
"*066mg*","Enrique Jimenez","MIN","C,1B","412","FA","20","100,000","A","0","0","-","4%","0%","0","0","0","0","0","0","0","0","0"
"*04aui*","Cooper Johnson","TEX","C,DH","413","FA","27","100,000","A","0","0","-","0%","0%","0","0","0","0","0","0","0","0","0"
"*06qrh*","Sir Jamison Jones","WSH","C","414","FA","19","100,000","A","0","0","-","1%","0%","0","0","0","0","0","0","0","0","0"
"*0513a*","Nick Kahle","MIL","C","415","FA","27","100,000","A","0","0","-","0%","0%","0","0","0","0","0","0","0","0","0"
"*05m6j*","Baek-ho Kang","(N/A)","C","416","FA","26","100,000","A","0","0","-","1%","0%","0","0","0","0","0","0","0","0","0"
"*05tde*","Dominic Keegan","TB","C","417","FA","25","100,000","A","0","2","463.7","11%","+1%","0","0","0","0","0","0","0","0","0"
"*06za7*","Dylan King","CIN","C","418","FA","23","100,000","A","0","0","-","0%","0%","0","0","0","0","0","0","0","0","0"
"*0647r*","Lamar King","SD","C,1B","419","FA","22","100,000","A","0","0","-","2%","-1%","0","0","0","0","0","0","0","0","0"
"*06hno*","Will King","ATL","C","420","FA","22","100,000","A","0","0","-","0%","0%","0","0","0","0","0","0","0","0","0"
"*06za8*","Matt Klein","COL","C","421","FA","22","100,000","A","0","0","-","1%","0%","0","0","0","0","0","0","0","0","0"
"*06pvz*","Caleb Knight","(N/A)","C","422","FA","30","100,000","A","0","0","-","0%","0%","0","0","0","0","0","0","0","0","0"
"*06kyo*","Grant Knipp","SEA","C","423","FA","24","100,000","A","0","0","-","3%","0%","0","0","0","0","0","0","0","0","0"
"*04pqw*","Grant Koch","(N/A)","C","424","FA","28","100,000","A","0","0","-","0%","0%","0","0","0","0","0","0","0","0","0"
"*04eid*","Mark Kolozsvary","PHI","C","425","FA","30","100,000","A","0","0","-","0%","0%","0","0","0","0","0","0","0","0","0"
"*06pgn*","Josh Kross","STL","C,1B","426","FA","23","100,000","A","0","0","-","2%","0%","0","0","0","0","0","0","0","0","0"
"*072ib*","Vahn Lackey","(N/A)","C","427","FA","20","100,000","A","0","0","-","0%","0%","0","0","0","0","0","0","0","0","0"
"*06zet*","Steven Lancia","CHW","C","429","FA","23","100,000","A","0","0","-","0%","0%","0","0","0","0","0","0","0","0","0"
"*06avz*","Ramon Landaeta","ATH","C","430","FA","19","100,000","A","0","0","-","0%","0%","0","0","0","0","0","0","0","0","0"
"*06r4m*","Jorvorskie Lane Jr.","(N/A)","C","431","FA","17","100,000","A","0","0","-","0%","0%","0","0","0","0","0","0","0","0","0"
"*066f8*","Carmine Lane","(N/A)","C","432","FA","24","100,000","A","0","0","-","0%","0%","0","0","0","0","0","0","0","0","0"
"*06ri0*","Andriel Lantigua","(N/A)","C","433","FA","22","100,000","A","0","0","-","0%","0%","0","0","0","0","0","0","0","0","0"
"*06rje*","Robert Lantigua","ARI","C","434","FA","18","100,000","A","0","0","-","0%","0%","0","0","0","0","0","0","0","0","0"
"*04pyv*","Bryan Lavastida","ATH","C","435","FA","27","100,000","A","0","0","-","1%","0%","0","0","0","0","0","0","0","0","0"
"*066n9*","Dario Laverde","LAA","C","436","FA","20","100,000","A","0","0","-","3%","0%","0","0","0","0","0","0","0","0","0"
"*06uy1*","Dylan Leach","TOR","C","437","FA","23","100,000","A","0","0","-","0%","0%","0","0","0","0","0","0","0","0","0"
"*06lwe*","Victor Leal","MIN","C","438","FA","19","100,000","A","0","0","-","1%","0%","0","0","0","0","0","0","0","0","0"
"*05yd5*","Darren Ledford","(N/A)","C","439","FA","19","100,000","A","0","0","-","0%","0%","0","0","0","0","0","0","0","0","0"
"*06icu*","Bennett Lee","DET","C","440","FA","23","100,000","A","0","0","-","1%","0%","0","0","0","0","0","0","0","0","0"
"*06suk*","Klendy Leen","TEX","C,P","441","FA","18","100,000","A","0","0","-","0%","0%","0","0","0","0","0","0","0","0","0"
"*06ri7*","Qyshawn Legito","CIN","C","442","FA","20","100,000","A","0","0","-","0%","0%","0","0","0","0","0","0","0","0","0"
"*066aj*","Ryan Leitch","(N/A)","C","443","FA","24","100,000","A","0","0","-","0%","0%","0","0","0","0","0","0","0","0","0"
"*06ri6*","David Leon","CLE","C","446","FA","22","100,000","A","0","0","-","0%","0%","0","0","0","0","0","0","0","0","0"
"*06uxj*","Dayne Leonard","CIN","C","444","FA","25","100,000","A","0","0","-","0%","0%","0","0","0","0","0","0","0","0","0"
"*066cj*","Tatem Levins","TB","C","445","FA","26","100,000","A","0","0","-","1%","0%","0","0","0","0","0","0","0","0","0"
"*041zx*","Lyle Lin","(N/A)","C","447","FA","28","100,000","A","0","0","-","0%","0%","0","0","0","0","0","0","0","0","0"
"*066rz*","Jonathan Linares","LAA","C","448","FA","20","100,000","A","0","0","-","0%","0%","0","0","0","0","0","0","0","0","0"
"*05j90*","Oswaldo Linares","SD","C","449","FA","22","100,000","A","0","0","-","0%","0%","0","0","0","0","0","0","0","0","0"
"*06rhl*","Carlos Linarez","STL","C","451","FA","24","100,000","A","0","0","-","0%","0%","0","0","0","0","0","0","0","0","0"
"*05mrg*","Brady Lindsly","WSH","C","450","FA","27","100,000","A","0","0","-","0%","0%","0","0","0","0","0","0","0","0","0"
"*05rdn*","Enderso Lira","BOS","C","452","FA","22","100,000","A","0","0","-","1%","0%","0","0","0","0","0","0","0","0","0"
"*05r64*","Thayron Liranzo","DET","C","453","FA","22","100,000","A","0","0","-","34%","+1%","0","0","0","0","0","0","0","0","0"
"*06rlq*","Jesus Lizardo","PIT","C","454","FA","19","100,000","A","0","0","-","0%","0%","0","0","0","0","0","0","0","0","0"
"*06opa*","Griffin Lockwood-Powell","LAD","C","455","FA","27","100,000","A","0","0","-","0%","0%","0","0","0","0","0","0","0","0","0"
"*066co*","Gavin Logan","ARI","C","456","FA","26","100,000","A","0","0","-","0%","0%","0","0","0","0","0","0","0","0","0"
"*06ibi*","Caleb Lomavita","WSH","C","457","FA","23","100,000","A","0","0","-","9%","+1%","0","0","0","0","0","0","0","0","0"
"*06r4j*","Anthony Longo","KC","C","458","FA","18","100,000","A","0","0","-","0%","0%","0","0","0","0","0","0","0","0","0"
"*06rp8*","Chris Lopez","STL","C","459","FA","20","100,000","A","0","0","-","0%","0%","0","0","0","0","0","0","0","0","0"
"*06rhy*","Gabriel Lopez","COL","C","460","FA","19","100,000","A","0","0","-","0%","0%","0","0","0","0","0","0","0","0","0"
"*06rh0*","Hiverson Lopez","CLE","C","467","FA","18","100,000","A","0","0","-","1%","0%","0","0","0","0","0","0","0","0","0"
"*066op*","Jesus Lopez","TEX","C","461","FA","20","100,000","A","0","0","-","1%","0%","0","0","0","0","0","0","0","0","0"
"*06hwj*","John Lopez","KC","C,2B","462","FA","20","100,000","A","0","0","-","0%","0%","0","0","0","0","0","0","0","0","0"
"*05rdq*","Robert Lopez","(N/A)","C","463","FA","22","100,000","A","0","0","-","0%","0%","0","0","0","0","0","0","0","0","0"
"*06nuc*","Ivan Luciano","ARI","C","464","FA","19","100,000","A","0","0","-","3%","0%","0","0","0","0","0","0","0","0","0"
"*06rhs*","Yoneiker Lugo","MIL","C","465","FA","18","100,000","A","0","0","-","0%","0%","0","0","0","0","0","0","0","0","0"
"*072p4*","Adrian Lunar","(N/A)","C","466","FA","17","100,000","A","0","0","-","0%","0%","0","0","0","0","0","0","0","0","0"
"*06rfs*","Burke-Lee Mabeus","(N/A)","C","468","FA","20","100,000","A","0","0","-","0%","0%","0","0","0","0","0","0","0","0","0"
"*06qk1*","Austin Machado","ATL","C","469","FA","24","100,000","A","0","0","-","0%","0%","0","0","0","0","0","0","0","0","0"
"*070by*","Truitt Madonna","SD","C","470","FA","18","100,000","A","0","0","-","1%","0%","0","0","0","0","0","0","0","0","0"
"*06qke*","Grant Magill","CHW","C","471","FA","25","100,000","A","0","0","-","0%","0%","0","0","0","0","0","0","0","0","0"
"*021t6*","Martin Maldonado","SD","C","472","FA","39","100,000","A","0","0","-","0%","0%","0","0","0","0","0","0","0","0","0"
"*06suq*","Agustin Marcano","WSH","C","473","FA","19","100,000","A","0","0","-","0%","0%","0","0","0","0","0","0","0","0","0"
"*06jgy*","Jose Marcano","TEX","C","474","FA","19","100,000","A","0","0","-","0%","0%","0","0","0","0","0","0","0","0","0"
"*06rhv*","Moises Marchan","KC","C","475","FA","18","100,000","A","0","0","-","3%","0%","0","0","0","0","0","0","0","0","0"
"*06mi6*","Jahir Marin","(N/A)","C","476","FA","19","100,000","A","0","0","-","0%","0%","0","0","0","0","0","0","0","0","0"
"*06rkd*","Nelson Marin","DET","C,1B","477","FA","20","100,000","A","0","0","-","0%","0%","0","0","0","0","0","0","0","0","0"
"*06zf3*","Bennett Markinson","PHI","C","478","FA","23","100,000","A","0","0","-","0%","0%","0","0","0","0","0","0","0","0","0"
"*070kr*","Victor Marquez","PIT","C","479","FA","17","100,000","A","0","0","-","0%","0%","0","0","0","0","0","0","0","0","0"
"*04psx*","Elih Marrero","KC","C","480","FA","28","100,000","A","0","0","-","0%","0%","0","0","0","0","0","0","0","0","0"
"*06rk5*","Angel Marte","(N/A)","C","481","FA","20","100,000","A","0","0","-","0%","0%","0","0","0","0","0","0","0","0","0"
"*03mwz*","Hamlet Marte","(N/A)","C","482","FA","31","100,000","A","0","0","-","0%","0%","0","0","0","0","0","0","0","0","0"
"*066jo*","David Martin","ARI","C","483","FA","25","100,000","A","0","0","-","0%","0%","0","0","0","0","0","0","0","0","0"
"*0689m*","Alexander Martinez","(N/A)","C","484","FA","21","100,000","A","0","0","-","0%","0%","0","0","0","0","0","0","0","0","0"
"*06z5x*","Carlos Martinez","MIA","C","485","FA","18","100,000","A","0","0","-","0%","0%","0","0","0","0","0","0","0","0","0"
"*06rho*","Eric Martinez","MIL","C","486","FA","21","100,000","A","0","0","-","0%","0%","0","0","0","0","0","0","0","0","0"
"*06aw4*","Omar Martinez","LAA","C","487","FA","24","100,000","A","0","0","-","1%","0%","0","0","0","0","0","0","0","0","0"
"*051c0*","Brandon Martorano","(N/A)","C","488","FA","28","100,000","A","0","0","-","0%","0%","0","0","0","0","0","0","0","0","0"
"*06qii*","Jack Mathey","SD","C","489","FA","22","100,000","A","0","0","-","0%","0%","0","0","0","0","0","0","0","0","0"
"*06qs2*","Shion Matsuo","(N/A)","C","490","FA","21","100,000","A","0","0","-","0%","0%","0","0","0","0","0","0","0","0","0"
"*06alp*","Ben McCabe","COL","C","491","FA","25","100,000","A","0","0","-","0%","0%","0","0","0","0","0","0","0","0","0"
"*070dc*","David McCann","NYY","C","492","FA","21","100,000","A","0","0","-","0%","0%","0","0","0","0","0","0","0","0","0"
"*0513b*","Kyle McCann","(N/A)","C","493","FA","28","100,000","A","0","0","-","1%","0%","0","0","0","0","0","0","0","0","0"
"*06qu4*","Ryan McCrystal","CIN","C,1B","494","FA","23","100,000","A","0","0","-","0%","0%","0","0","0","0","0","0","0","0","0"
"*03qrb*","Max McDowell","(N/A)","C","495","FA","32","100,000","A","0","0","-","0%","0%","0","0","0","0","0","0","0","0","0"
"*05xyv*","Daniel McElveny","(N/A)","C","496","FA","22","100,000","A","0","0","-","0%","0%","0","0","0","0","0","0","0","0","0"
"*05ynw*","Shane McGuire","ATH","C,1B","497","FA","26","100,000","A","0","0","-","0%","0%","0","0","0","0","0","0","0","0","0"
"*05yi0*","Paul McIntosh","PHI","C","498","FA","28","100,000","A","0","0","-","1%","0%","0","0","0","0","0","0","0","0","0"
"*06lex*","Aaron McKeithan","SEA","C","499","FA","26","100,000","A","0","0","-","0%","0%","0","0","0","0","0","0","0","0","0"
"*06zf1*","Chase Meggers","NYM","C","500","FA","23","100,000","A","0","0","-","0%","0%","0","0","0","0","0","0","0","0","0"
"*06kul*","Adriander Mejia","BAL","C","501","FA","19","100,000","A","0","0","-","0%","0%","0","0","0","0","0","0","0","0","0"
"*03a95*","Francisco Mejia","(N/A)","C","502","FA","30","100,000","A","0","0","-","0%","0%","0","0","0","0","0","0","0","0","0"
"*05tcf*","Manuel Mejias","(N/A)","C","503","FA","21","100,000","A","0","0","-","0%","0%","0","0","0","0","0","0","0","0","0"
"*06sbw*","Jeshua Mendez","ARI","C","504","FA","18","100,000","A","0","0","-","0%","0%","0","0","0","0","0","0","0","0","0"
"*06ri1*","Jorge Mendez","(N/A)","C","505","FA","22","100,000","A","0","0","-","0%","0%","0","0","0","0","0","0","0","0","0"
"*04emr*","Jan Mercado","(N/A)","C","506","FA","26","100,000","A","0","0","-","0%","0%","0","0","0","0","0","0","0","0","0"
"*05gsh*","Victor Mesia","(N/A)","C","507","FA","23","100,000","A","0","0","-","0%","0%","0","0","0","0","0","0","0","0","0"
"*06k7q*","Cole Messina","COL","C","508","FA","22","100,000","A","0","0","-","4%","0%","0","0","0","0","0","0","0","0","0"
"*0665p*","Jake Meyer","(N/A)","C","509","FA","26","100,000","A","0","0","-","0%","0%","0","0","0","0","0","0","0","0","0"
"*04prk*","Nick Meyer","(N/A)","C","510","FA","28","100,000","A","0","0","-","0%","0%","0","0","0","0","0","0","0","0","0"
"*05ygs*","Luis Meza","TOR","C","511","FA","21","100,000","A","0","0","-","1%","0%","0","0","0","0","0","0","0","0","0"
"*06hse*","Justin Miknis","(N/A)","C","512","FA","25","100,000","A","0","0","-","0%","0%","0","0","0","0","0","0","0","0","0"
"*06r00*","Andrew Miller","(N/A)","C","513","FA","28","100,000","A","0","0","-","0%","0%","0","0","0","0","0","0","0","0","0"
"*05175*","Darrien Miller","MIL","C","514","FA","24","100,000","A","0","0","-","0%","0%","0","0","0","0","0","0","0","0","0"
"*05xu3*","Jacob Miller","(N/A)","C","515","FA","22","100,000","A","0","0","-","0%","0%","0","0","0","0","0","0","0","0","0"
"*072cn*","Rylan Mills","MIL","C","516","FA","19","100,000","A","0","0","-","0%","0%","0","0","0","0","0","0","0","0","0"
"*06sus*","Maykel Minoso","TOR","C","517","FA","20","100,000","A","0","0","-","0%","0%","0","0","0","0","0","0","0","0","0"
"*05y3q*","Blake Mitchell","KC","C","518","Brenden","21","500,000","A","0","0","-","42%","+1%","0","0","0","0","0","0","0","0","0"
"*06zlj*","Jase Mitchell","HOU","C","519","FA","19","100,000","A","0","0","-","2%","0%","0","0","0","0","0","0","0","0","0"
"*05yag*","Tucker Mitchell","TEX","C","520","FA","24","100,000","A","0","0","-","0%","0%","0","0","0","0","0","0","0","0","0"
"*06rjb*","Carlos Molina","(N/A)","C","521","FA","18","100,000","A","0","0","-","0%","0%","0","0","0","0","0","0","0","0","0"
"*05u9s*","Ian Moller","TEX","C","522","FA","23","100,000","A","0","0","-","2%","0%","0","0","0","0","0","0","0","0","0"
"*05r5m*","Juan Montero","BOS","C","523","FA","23","100,000","A","0","0","-","0%","0%","0","0","0","0","0","0","0","0","0"
"*06sul*","Neurelin Montero","TEX","C","524","FA","19","100,000","A","0","0","-","0%","0%","0","0","0","0","0","0","0","0","0"
"*06onq*","Nick Montgomery","ATL","C","525","FA","20","100,000","A","0","0","-","2%","0%","0","0","0","0","0","0","0","0","0"
"*06z63*","Jose Montilla","KC","C","526","FA","18","100,000","A","0","0","-","0%","0%","0","0","0","0","0","0","0","0","0"
"*05y7u*","Malcolm Moore","TEX","C","527","FA","22","100,000","A","0","0","-","10%","0%","0","0","0","0","0","0","0","0","0"
"*06ri9*","Angelo Mora","(N/A)","C","528","FA","20","100,000","A","0","0","-","0%","0%","0","0","0","0","0","0","0","0","0"
"*06rk1*","Jesus Morales","KC","C","529","FA","18","100,000","A","0","0","-","0%","0%","0","0","0","0","0","0","0","0","0"
"*03r05*","Jonathan Morales","(N/A)","C","530","FA","31","100,000","A","0","0","-","0%","0%","0","0","0","0","0","0","0","0","0"
"*03dao*","Josh Morgan","(N/A)","C,SS","531","FA","30","100,000","A","0","0","-","0%","0%","0","0","0","0","0","0","0","0","0"
"*0657p*","Zach Morgan","SF","C","532","FA","25","100,000","A","0","0","-","0%","0%","0","0","0","0","0","0","0","0","0"
"*06mmt*","Jirvin Morillo","CIN","C","533","FA","19","100,000","A","0","0","-","2%","0%","0","0","0","0","0","0","0","0","0"
"*067xs*","Omar Moya","(N/A)","C","534","FA","20","100,000","A","0","0","-","0%","0%","0","0","0","0","0","0","0","0","0"
"*06k7v*","Cesar Mujica","PHI","C","535","FA","18","100,000","A","0","0","-","0%","0%","0","0","0","0","0","0","0","0","0"
"*06rlb*","Jose Mujica","(N/A)","C","536","FA","24","100,000","A","0","0","-","0%","0%","0","0","0","0","0","0","0","0","0"
"*05rcc*","Anthony Mulrine","(N/A)","C","537","FA","27","100,000","A","0","0","-","0%","0%","0","0","0","0","0","0","0","0","0"
"*04zxi*","Ivan Murzi","(N/A)","C","538","FA","24","100,000","A","0","0","-","0%","0%","0","0","0","0","0","0","0","0","0"
"*06cq3*","Andruw Musett","BOS","C","539","FA","20","100,000","A","0","0","-","1%","0%","0","0","0","0","0","0","0","0","0"
"*06uml*","Luke Napleton","(N/A)","C","540","FA","24","100,000","A","0","0","-","0%","0%","0","0","0","0","0","0","0","0","0"
"*05xo1*","Efrenyer Narvaez","(N/A)","C","541","FA","23","100,000","A","0","0","-","0%","0%","0","0","0","0","0","0","0","0","0"
"*043f8*","Omar Narvaez","TEX","C","542","FA","33","100,000","A","0","0","-","0%","0%","0","0","0","0","0","0","0","0","0"
"*051wm*","Andrick Nava","MIL","C","543","FA","24","100,000","A","0","0","-","0%","0%","0","0","0","0","0","0","0","0","0"
"*06jfa*","Anderson Navas","PHI","C,1B","544","FA","18","100,000","A","0","0","-","0%","0%","0","0","0","0","0","0","0","0","0"
"*05u37*","Brady Neal","(N/A)","C","545","FA","21","100,000","A","0","0","-","0%","0%","0","0","0","0","0","0","0","0","0"
"*05tq0*","Mat Nelson","CIN","C","546","FA","27","100,000","A","0","0","-","2%","0%","0","0","0","0","0","0","0","0","0"
"*05rit*","Frank Nigro","(N/A)","C","547","FA","28","100,000","A","0","0","-","0%","0%","0","0","0","0","0","0","0","0","0"
"*02mzc*","Austin Nola","ATL","C","548","FA","36","100,000","A","0","0","-","0%","0%","0","0","0","0","0","0","0","0","0"
"*06rj5*","Andres Nolaya","BAL","C","549","FA","20","100,000","A","0","0","-","0%","0%","0","0","0","0","0","0","0","0","0"
"*066jr*","Satchell Norman","(N/A)","C,1B","550","FA","23","100,000","A","0","0","-","0%","0%","0","0","0","0","0","0","0","0","0"
"*031bm*","Jacob Nottingham","SEA","C","551","FA","30","100,000","A","0","0","-","1%","0%","0","0","0","0","0","0","0","0","0"
"*06rgj*","Irvin Nunez","MIN","C","552","FA","19","100,000","A","0","0","-","0%","0%","0","0","0","0","0","0","0","0","0"
"*06rin*","Vicent Nunez","(N/A)","C","553","FA","20","100,000","A","0","0","-","0%","0%","0","0","0","0","0","0","0","0","0"
"*067yo*","Austin Nye","(N/A)","C","554","FA","19","100,000","A","0","0","-","0%","0%","0","0","0","0","0","0","0","0","0"
"*06ekg*","Yoiber Ocopio","SD","C","558","FA","21","100,000","A","0","0","-","0%","0%","0","0","0","0","0","0","0","0","0"
"*03dg6*","Brian OKeefe","SEA","C","555","FA","32","100,000","A","0","0","-","0%","0%","0","0","0","0","0","0","0","0","0"
"*03ywx*","Chris Okey","(N/A)","C","559","FA","31","100,000","A","0","0","-","1%","0%","0","0","0","0","0","0","0","0","0"
"*06437*","Ricardo Olivar","MIN","C,LF,OF","560","FA","24","100,000","A","0","0","-","5%","0%","0","0","0","0","0","0","0","0","0"
"*06xwb*","Michael Oliveto","DET","C","561","FA","18","100,000","A","0","0","-","10%","0%","0","0","0","0","0","0","0","0","0"
"*05yl2*","Diego Omana","CIN","C","562","FA","23","100,000","A","0","0","-","0%","0%","0","0","0","0","0","0","0","0","0"
"*06yy6*","Conner ONeal","LAD","C","556","FA","23","100,000","A","0","0","-","0%","0%","0","0","0","0","0","0","0","0","0"
"*051ff*","Matt ONeill","ARI","C","557","FA","28","100,000","A","0","0","-","0%","0%","0","0","0","0","0","0","0","0","0"
"*05jpj*","Casey Opitz","CHC","C","563","FA","27","100,000","A","0","0","-","1%","0%","0","0","0","0","0","0","0","0","0"
"*06rhn*","Edgardo Ordonez","MIL","C","564","FA","22","100,000","A","0","0","-","0%","0%","0","0","0","0","0","0","0","0","0"
"*06ri3*","Jesus Ordonez","(N/A)","C","565","FA","26","100,000","A","0","0","-","0%","0%","0","0","0","0","0","0","0","0","0"
"*06rja*","Josnaider Orellana","ATL","C","566","FA","21","100,000","A","0","0","-","0%","0%","0","0","0","0","0","0","0","0","0"
"*06rj4*","Juan Ortega","BAL","C","567","FA","19","100,000","A","0","0","-","0%","0%","0","0","0","0","0","0","0","0","0"
"*066pr*","Victor Ortega","MIA","C","568","FA","22","100,000","A","0","0","-","0%","0%","0","0","0","0","0","0","0","0","0"
"*06mdl*","Nicolas Ortiz","(N/A)","C","569","FA","19","100,000","A","0","0","-","0%","0%","0","0","0","0","0","0","0","0","0"
"*04emh*","Erik Ostberg","TB","C,1B,DH","570","FA","30","100,000","A","0","0","-","0%","0%","0","0","0","0","0","0","0","0","0"
"*066ru*","Juan Oviedo","(N/A)","C","571","FA","22","100,000","A","0","0","-","0%","0%","0","0","0","0","0","0","0","0","0"
"*0664e*","Harry Owen","(N/A)","C","572","FA","23","100,000","A","0","0","-","0%","0%","0","0","0","0","0","0","0","0","0"
"*06rp6*","Juan Pablo Cabrera","STL","C","573","FA","19","100,000","A","0","0","-","0%","0%","0","0","0","0","0","0","0","0","0"
"*06rit*","Miguel Pabon","CHC","C","574","FA","25","100,000","A","0","0","-","0%","0%","0","0","0","0","0","0","0","0","0"
"*06r34*","Azaeel Pacheco","ATH","C","575","FA","19","100,000","A","0","0","-","0%","0%","0","0","0","0","0","0","0","0","0"
"*06r26*","Orlando Pacheco","(N/A)","C","576","FA","21","100,000","A","0","0","-","0%","0%","0","0","0","0","0","0","0","0","0"
"*06sap*","Brainerh Palacios","TB","C","577","FA","17","100,000","A","0","0","-","0%","0%","0","0","0","0","0","0","0","0","0"
"*06rjq*","Manuel Palencia","NYY","C","578","FA","23","100,000","A","0","0","-","0%","0%","0","0","0","0","0","0","0","0","0"
"*05y3s*","Miguel Palma","NYY","C","579","FA","24","100,000","A","0","0","-","1%","0%","0","0","0","0","0","0","0","0","0"
"*04ug2*","Ronaiker Palma","COL","C","580","FA","26","100,000","A","0","0","-","0%","0%","0","0","0","0","0","0","0","0","0"
"*03dpc*","Michael Papierski","(N/A)","C","581","FA","29","100,000","A","0","0","-","0%","0%","0","0","0","0","0","0","0","0","0"
"*06l55*","Luis Parababire","ATL","C","582","FA","19","100,000","A","0","0","-","0%","0%","0","0","0","0","0","0","0","0","0"
"*05jrc*","Kevin Parada","NYM","C","583","Brian","24","500,000","A","0","0","-","15%","+1%","0","0","0","0","0","0","0","0","0"
"*06rl9*","Javier Pariguan","(N/A)","C","584","FA","21","100,000","A","0","0","-","0%","0%","0","0","0","0","0","0","0","0","0"
"*06pg2*","Aaron Parker","TOR","C","585","FA","23","100,000","A","0","0","-","3%","0%","0","0","0","0","0","0","0","0","0"
"*0426f*","Jeffry Parra","(N/A)","C","586","FA","28","100,000","A","0","0","-","0%","0%","0","0","0","0","0","0","0","0","0"
"*05xlb*","Tyler Payne","(N/A)","C","587","FA","33","100,000","A","0","0","-","0%","0%","0","0","0","0","0","0","0","0","0"
"*06af5*","Jack Payton","SF","C","588","FA","24","100,000","A","0","0","-","1%","0%","0","0","0","0","0","0","0","0","0"
"*0637y*","Richard Paz","(N/A)","C","589","FA","24","100,000","A","0","0","-","0%","0%","0","0","0","0","0","0","0","0","0"
"*06c5j*","Cannon Peebles","CLE","C","590","FA","22","100,000","A","0","0","-","0%","0%","0","0","0","0","0","0","0","0","0"
"*05rjm*","Jonathan Peguero","TOR","C","591","FA","21","100,000","A","0","0","-","0%","0%","0","0","0","0","0","0","0","0","0"
"*066ry*","Daniel Pena","MIN","C","592","FA","20","100,000","A","0","0","-","1%","0%","0","0","0","0","0","0","0","0","0"
"*066oo*","Ricardo Pena","MIN","C","593","FA","20","100,000","A","0","0","-","0%","0%","0","0","0","0","0","0","0","0","0"
"*06r7w*","Yahir Pena","BOS","C","594","FA","19","100,000","A","0","0","-","0%","0%","0","0","0","0","0","0","0","0","0"
"*070de*","Blake Penso","COL","C","595","FA","24","100,000","A","0","0","-","0%","0%","0","0","0","0","0","0","0","0","0"
"*072qy*","Jose Perdomo","ATH","C","596","FA","16","100,000","A","0","0","-","0%","0%","0","0","0","0","0","0","0","0","0"
"*06rl7*","Alejandro Pereira","ATH","C","597","FA","18","100,000","A","0","0","-","0%","0%","0","0","0","0","0","0","0","0","0"
"*01suw*","Carlos Perez","HOU","C","598","FA","35","100,000","A","0","0","-","0%","0%","0","0","0","0","0","0","0","0","0"
"*03mkv*","Carlos Perez","(N/A)","C,1B","599","FA","29","100,000","A","0","0","-","0%","0%","0","0","0","0","0","0","0","0","0"
"*05jq5*","Carlos Perez","(N/A)","C","600","FA","24","100,000","A","0","0","-","0%","0%","0","0","0","0","0","0","0","0","0"
"*06iej*","Edgleen Perez","PIT","C","601","FA","19","100,000","A","0","0","-","3%","0%","0","0","0","0","0","0","0","0","0"
"*0723a*","Francisco Perez","TEX","C","602","FA","19","100,000","A","0","0","-","0%","0%","0","0","0","0","0","0","0","0","0"
"*05ygk*","Juan Perez","SF","C","603","FA","21","100,000","A","0","0","-","0%","0%","0","0","0","0","0","0","0","0","0"
"*02btc*","Michael Perez","(N/A)","C","604","FA","33","100,000","A","0","0","-","0%","0%","0","0","0","0","0","0","0","0","0"
"*063dr*","Onil Perez","SF","C","605","FA","23","100,000","A","0","0","-","2%","0%","0","0","0","0","0","0","0","0","0"
"*021wh*","Roberto Perez","(N/A)","C","606","FA","37","100,000","A","0","0","-","0%","0%","0","0","0","0","0","0","0","0","0"
"*04n94*","Wilmer Perez","(N/A)","C","607","FA","27","100,000","A","0","0","-","0%","0%","0","0","0","0","0","0","0","0","0"
"*060mh*","Vincent Perozo","NYM","C,1B","608","FA","22","100,000","A","0","0","-","0%","0%","0","0","0","0","0","0","0","0","0"
"*06htp*","Darius Perry","(N/A)","C","609","FA","24","100,000","A","0","0","-","0%","0%","0","0","0","0","0","0","0","0","0"
"*06rh6*","Alen Pineda","ATL","C","610","FA","21","100,000","A","0","0","-","0%","0%","0","0","0","0","0","0","0","0","0"
"*04b3d*","Israel Pineda","(N/A)","C","611","FA","25","100,000","A","0","0","-","0%","0%","0","0","0","0","0","0","0","0","0"
"*066o3*","Luis Pineda","CHW","C","612","FA","23","100,000","A","0","0","-","0%","0%","0","0","0","0","0","0","0","0","0"
"*06kxw*","Queni Pineda","NYY","C","613","FA","18","100,000","A","0","0","-","1%","0%","0","0","0","0","0","0","0","0","0"
"*040fw*","Rene Pinto","PHI","C","614","FA","29","100,000","A","0","0","-","2%","0%","0","0","0","0","0","0","0","0","0"
"*06r0j*","Konner Piotto","(N/A)","C","615","FA","28","100,000","A","0","0","-","0%","0%","0","0","0","0","0","0","0","0","0"
"*05y6t*","Kenny Piper","TB","C","616","FA","27","100,000","A","0","0","-","0%","0%","0","0","0","0","0","0","0","0","0"
"*05rjl*","Geovanny Planchart","TOR","C","617","FA","24","100,000","A","0","0","-","0%","0%","0","0","0","0","0","0","0","0","0"
"*0622o*","Axiel Plaz","PIT","C","618","FA","20","100,000","A","0","0","-","7%","0%","0","0","0","0","0","0","0","0","0"
"*06mpk*","Eduardo Ponce","SEA","C","619","FA","19","100,000","A","0","0","-","1%","0%","0","0","0","0","0","0","0","0","0"
"*06rnh*","Isaac Ponce","SD","C","620","FA","19","100,000","A","0","0","-","0%","0%","0","0","0","0","0","0","0","0","0"
"*06z3r*","Broedy Poppell","SF","C,RF,OF","621","FA","23","100,000","A","0","0","-","0%","0%","0","0","0","0","0","0","0","0","0"
"*05j94*","Logan Porter","SF","C","622","FA","30","100,000","A","0","0","-","1%","0%","0","0","0","0","0","0","0","0","0"
"*070d1*","Logan Poteet","CHC","C","623","FA","22","100,000","A","0","0","-","0%","0%","0","0","0","0","0","0","0","0","0"
"*05y0z*","Sam Praytor","MIA","C","624","FA","26","100,000","A","0","0","-","0%","0%","0","0","0","0","0","0","0","0","0"
"*06gje*","Christian Pregent","(N/A)","C","625","FA","25","100,000","A","0","0","-","0%","0%","0","0","0","0","0","0","0","0","0"
"*065j4*","Collin Price","HOU","C,1B","626","FA","26","100,000","A","0","0","-","0%","0%","0","0","0","0","0","0","0","0","0"
"*06yyn*","Franklin Primera","BOS","C","627","FA","18","100,000","A","0","0","-","1%","0%","0","0","0","0","0","0","0","0","0"
"*05yl5*","Jorge Puerta","(N/A)","C","628","FA","24","100,000","A","0","0","-","0%","0%","0","0","0","0","0","0","0","0","0"
"*04b3c*","Alison Quintero","(N/A)","C","629","FA","25","100,000","A","0","0","-","0%","0%","0","0","0","0","0","0","0","0","0"
"*05yfe*","Malcom Quintero","(N/A)","C","630","FA","25","100,000","A","0","0","-","0%","0%","0","0","0","0","0","0","0","0","0"
"*06tsw*","Marlon Quintero","LAA","C","631","FA","19","100,000","A","0","0","-","1%","0%","0","0","0","0","0","0","0","0","0"
"*06mmy*","Alexi Quiroz","HOU","C","632","FA","19","100,000","A","0","0","-","0%","0%","0","0","0","0","0","0","0","0","0"
"*062h6*","Nelson Quiroz","LAD","C","633","FA","24","100,000","A","0","0","-","1%","0%","0","0","0","0","0","0","0","0","0"
"*06rn6*","Jorge Ramirez","SF","C","634","FA","19","100,000","A","0","0","-","0%","0%","0","0","0","0","0","0","0","0","0"
"*05ux7*","Micael Ramirez","(N/A)","C","635","FA","26","100,000","A","0","0","-","0%","0%","0","0","0","0","0","0","0","0","0"
"*06cn0*","Ramon Ramirez","KC","C","636","FA","20","100,000","A","0","0","-","12%","+1%","0","0","0","0","0","0","0","0","0"
"*06ma4*","Richard Ramirez","PIT","C,1B","637","FA","20","100,000","A","0","0","-","1%","0%","0","0","0","0","0","0","0","0","0"
"*06r2n*","Santiago Ramos","ARI","C","638","FA","19","100,000","A","0","0","-","0%","0%","0","0","0","0","0","0","0","0","0"
"*05yf5*","Nick Raposo","SEA","C","639","FA","27","100,000","A","0","0","-","0%","0%","0","0","0","0","0","0","0","0","0"
"*03dan*","Jakson Reetz","SEA","C","640","FA","30","100,000","A","0","0","-","1%","0%","0","0","0","0","0","0","0","0","0"
"*066dc*","Simon Reid","(N/A)","C","641","FA","24","100,000","A","0","0","-","0%","0%","0","0","0","0","0","0","0","0","0"
"*06rhd*","Alexander Requena","MIA","C","642","FA","20","100,000","A","0","0","-","0%","0%","0","0","0","0","0","0","0","0","0"
"*066lk*","Adam Retzbach","BAL","C,1B","643","FA","25","100,000","A","0","0","-","0%","0%","0","0","0","0","0","0","0","0","0"
"*06y1k*","Howard Reyes","DET","C","644","FA","18","100,000","A","0","0","-","0%","0%","0","0","0","0","0","0","0","0","0"
"*06ra9*","Josmir Reyes","NYM","C","645","FA","19","100,000","A","0","0","-","1%","0%","0","0","0","0","0","0","0","0","0"
"*065jf*","Caleb Ricketts","PHI","C","646","FA","25","100,000","A","0","0","-","2%","0%","0","0","0","0","0","0","0","0","0"
"*06cmc*","Alberto Rios","LAA","C","647","FA","23","100,000","A","0","0","-","2%","0%","0","0","0","0","0","0","0","0","0"
"*06rjh*","Alejandro Rios","ARI","C","648","FA","20","100,000","A","0","0","-","0%","0%","0","0","0","0","0","0","0","0","0"
"*06rij*","Alvaro Rios","(N/A)","C","649","FA","19","100,000","A","0","0","-","0%","0%","0","0","0","0","0","0","0","0","0"
"*06rhc*","Nestor Rios","MIA","C","650","FA","21","100,000","A","0","0","-","0%","0%","0","0","0","0","0","0","0","0","0"
"*03dn2*","Jamie Ritchie","PIT","C","651","FA","32","100,000","A","0","0","-","0%","0%","0","0","0","0","0","0","0","0","0"
"*062l5*","Angel Rivera","(N/A)","C","652","FA","23","100,000","A","0","0","-","0%","0%","0","0","0","0","0","0","0","0","0"
"*06riw*","Miguel Rivera","BOS","C","653","FA","19","100,000","A","0","0","-","0%","0%","0","0","0","0","0","0","0","0","0"
"*06aq8*","Jonathan Rivero","PIT","C","654","FA","20","100,000","A","0","0","-","0%","0%","0","0","0","0","0","0","0","0","0"
"*06rj3*","Jhonanderson Robain","(N/A)","C","655","FA","20","100,000","A","0","0","-","0%","0%","0","0","0","0","0","0","0","0","0"
"*04pv9*","Cody Roberts","(N/A)","C","656","FA","29","100,000","A","0","0","-","0%","0%","0","0","0","0","0","0","0","0","0"
"*06mv8*","Kevin Robledo","MIA","C","657","FA","19","100,000","A","0","0","-","0%","0%","0","0","0","0","0","0","0","0","0"
"*066ov*","Victor Rodrigues","LAD","C","658","FA","21","100,000","A","0","0","-","1%","0%","0","0","0","0","0","0","0","0","0"
"*06hh1*","Alejandro Rodriguez","(N/A)","C","659","FA","26","100,000","A","0","0","-","0%","0%","0","0","0","0","0","0","0","0","0"
"*06sun*","Alfredo Rodriguez","TB","C","660","FA","20","100,000","A","0","0","-","0%","0%","0","0","0","0","0","0","0","0","0"
"*06rke*","Angel Rodriguez","DET","C","661","FA","19","100,000","A","0","0","-","0%","0%","0","0","0","0","0","0","0","0","0"
"*05j97*","Carlos Rodriguez","SD","C","663","FA","22","100,000","A","0","0","-","0%","0%","0","0","0","0","0","0","0","0","0"
"*05yb6*","CJ Rodriguez","ATH","C","662","FA","25","100,000","A","0","0","-","0%","0%","0","0","0","0","0","0","0","0","0"
"*06qyl*","Frank Rodriguez","LAD","C","664","FA","24","100,000","A","0","0","-","0%","0%","0","0","0","0","0","0","0","0","0"
"*06fex*","Gerardo Rodriguez","BOS","C","665","FA","20","100,000","A","0","0","-","1%","0%","0","0","0","0","0","0","0","0","0"
"*06qzb*","Jorge Rodriguez","BOS","C","666","FA","19","100,000","A","0","0","-","2%","0%","0","0","0","0","0","0","0","0","0"
"*06rjc*","Jose Rodriguez","ARI","C","667","FA","18","100,000","A","0","0","-","0%","0%","0","0","0","0","0","0","0","0","0"
"*04awg*","Julio Rodriguez","KC","C","668","FA","28","100,000","A","0","0","-","1%","0%","0","0","0","0","0","0","0","0","0"
"*05yih*","Luis Rodriguez","STL","C","669","FA","21","100,000","A","0","0","-","1%","0%","0","0","0","0","0","0","0","0","0"
"*06ftw*","Miguel Rodriguez","BAL","C","670","FA","20","100,000","A","0","0","-","2%","0%","0","0","0","0","0","0","0","0","0"
"*04azf*","Nerio Rodriguez","(N/A)","C","671","FA","26","100,000","A","0","0","-","0%","0%","0","0","0","0","0","0","0","0","0"
"*06mnp*","Rainiel Rodriguez","STL","C","672","T","19","500,000","A","0","0","-","52%","+3%","0","0","0","0","0","0","0","0","0"
"*048ye*","Ramon Rodriguez","MIL","C","673","FA","27","100,000","A","0","0","-","0%","0%","0","0","0","0","0","0","0","0","0"
"*06hio*","Yovanny Rodriguez","NYM","C","674","FA","19","100,000","A","0","0","-","8%","+1%","0","0","0","0","0","0","0","0","0"
"*06zai*","Zach Rogacki","COL","C,RF,OF","675","FA","22","100,000","A","0","0","-","0%","0%","0","0","0","0","0","0","0","0","0"
"*06tac*","Carlos Rojas","(N/A)","C","676","FA","23","100,000","A","0","0","-","0%","0%","0","0","0","0","0","0","0","0","0"
"*06qzs*","Eduardo Rojas","LAD","C","677","FA","18","100,000","A","0","0","-","0%","0%","0","0","0","0","0","0","0","0","0"
"*06ic0*","Franklin Rojas","TOR","C","678","FA","18","100,000","A","0","0","-","2%","0%","0","0","0","0","0","0","0","0","0"
"*06rhq*","Freider Rojas","MIL","C","679","FA","20","100,000","A","0","0","-","0%","0%","0","0","0","0","0","0","0","0","0"
"*06c2y*","Gilberto Rojas","(N/A)","C","680","FA","21","100,000","A","0","0","-","0%","0%","0","0","0","0","0","0","0","0","0"
"*06rkj*","Samuel Rojas","(N/A)","C","681","FA","23","100,000","A","0","0","-","0%","0%","0","0","0","0","0","0","0","0","0"
"*051el*","Nate Rombach","WSH","C","682","FA","25","100,000","A","0","0","-","0%","0%","0","0","0","0","0","0","0","0","0"
"*064o2*","Maxwell Romero Jr.","WSH","C","683","FA","24","100,000","A","0","0","-","0%","0%","0","0","0","0","0","0","0","0","0"
"*066pp*","Anger Romero","(N/A)","C","684","FA","20","100,000","A","0","0","-","0%","0%","0","0","0","0","0","0","0","0","0"
"*06mi3*","Carlos Rondon","NYY","C","685","FA","19","100,000","A","0","0","-","0%","0%","0","0","0","0","0","0","0","0","0"
"*072eg*","Diego Rosa","ATH","C","686","FA","19","100,000","A","0","0","-","0%","0%","0","0","0","0","0","0","0","0","0"
"*06qpk*","Gabriel Rosado","DET","C","687","FA","19","100,000","A","0","0","-","0%","0%","0","0","0","0","0","0","0","0","0"
"*06suo*","Helder Rosario","WSH","C","688","FA","21","100,000","A","0","0","-","0%","0%","0","0","0","0","0","0","0","0","0"
"*06c6s*","Ronald Rosario","BOS","C","689","FA","23","100,000","A","0","0","-","0%","0%","0","0","0","0","0","0","0","0","0"
"*06sur*","Juan Rosas","TOR","C","690","FA","19","100,000","A","0","0","-","0%","0%","0","0","0","0","0","0","0","0","0"
"*068xz*","Shawn Ross","PIT","C","691","FA","26","100,000","A","0","0","-","0%","0%","0","0","0","0","0","0","0","0","0"
"*063uz*","Alonzo Rubalcaba","(N/A)","C","692","FA","25","100,000","A","0","0","-","0%","0%","0","0","0","0","0","0","0","0","0"
"*06hgv*","Poncho Ruiz","MIN","C","693","FA","23","100,000","A","0","0","-","0%","0%","0","0","0","0","0","0","0","0","0"
"*06if7*","Yoiber Ruiz","BOS","C","694","FA","20","100,000","A","0","0","-","1%","0%","0","0","0","0","0","0","0","0","0"
"*05158*","Blake Sabol","TB","C","695","FA","28","100,000","A","0","0","-","2%","0%","0","0","0","0","0","0","0","0","0"
"*05ybr*","Ethan Salas","SD","C","696","J&A","19","500,000","A","0","0","-","56%","+2%","0","0","0","0","0","0","0","0","0"
"*06jbk*","Kleyver Salazar","BOS","C","697","FA","19","100,000","A","0","0","-","0%","0%","0","0","0","0","0","0","0","0","0"
"*05w8m*","Andruw Salcedo","(N/A)","C,1B","698","FA","23","100,000","A","0","0","-","0%","0%","0","0","0","0","0","0","0","0","0"
"*06rjy*","Dionmy Salon","(N/A)","C","699","FA","24","100,000","A","0","0","-","0%","0%","0","0","0","0","0","0","0","0","0"
"*05yiz*","Adan Sanchez","(N/A)","C","700","FA","20","100,000","A","0","0","-","1%","0%","0","0","0","0","0","0","0","0","0"
"*033lr*","Ali Sanchez","NYY","C","701","FA","29","100,000","A","0","0","-","2%","0%","0","0","0","0","0","0","0","0","0"
"*06rha*","Carlos Sanchez","MIA","C","702","FA","21","100,000","A","0","0","-","0%","0%","0","0","0","0","0","0","0","0","0"
"*06ic9*","Yohendry Sanchez","SF","C","703","FA","19","100,000","A","0","0","-","2%","0%","0","0","0","0","0","0","0","0","0"
"*03qnj*","Donny Sands","(N/A)","C","704","FA","29","100,000","A","0","0","-","0%","0%","0","0","0","0","0","0","0","0","0"
"*0517n*","Oscar Santos","(N/A)","C","705","FA","25","100,000","A","0","0","-","0%","0%","0","0","0","0","0","0","0","0","0"
"*06uxg*","Sammy Sass","(N/A)","C","706","FA","25","100,000","A","0","0","-","0%","0%","0","0","0","0","0","0","0","0","0"
"*06zfi*","Charlie Saum","TOR","C","707","FA","22","100,000","A","0","0","-","0%","0%","0","0","0","0","0","0","0","0","0"
"*06zlm*","Logan Sauve","ATH","C","708","FA","22","100,000","A","0","0","-","1%","0%","0","0","0","0","0","0","0","0","0"
"*05uom*","Matt Scheffler","(N/A)","C","709","FA","27","100,000","A","0","0","-","0%","0%","0","0","0","0","0","0","0","0","0"
"*06qnu*","Jason Schiavone","HOU","C","710","FA","22","100,000","A","0","0","-","0%","0%","0","0","0","0","0","0","0","0","0"
"*06hj1*","Nick Schwartz","ATH","C","711","FA","24","100,000","A","0","0","-","0%","0%","0","0","0","0","0","0","0","0","0"
"*057w1*","Stephen Scott","(N/A)","C","712","FA","28","100,000","A","0","0","-","0%","0%","0","0","0","0","0","0","0","0","0"
"*06hef*","Chandler Seagle","(N/A)","C","713","FA","29","100,000","A","0","0","-","0%","0%","0","0","0","0","0","0","0","0","0"
"*06rls*","Joseph Sequera","PIT","C","714","FA","20","100,000","A","0","0","-","0%","0%","0","0","0","0","0","0","0","0","0"
"*06cqk*","Omar Serna","(N/A)","C","715","FA","19","100,000","A","0","0","-","0%","0%","0","0","0","0","0","0","0","0","0"
"*041rz*","Brian Serven","ATH","C","716","FA","30","100,000","A","0","0","-","1%","0%","0","0","0","0","0","0","0","0","0"
"*03ap0*","Pedro Severino","(N/A)","C","717","FA","32","100,000","A","0","0","-","0%","0%","0","0","0","0","0","0","0","0","0"
"*06hoj*","Jacob Sharp","TOR","C","718","FA","24","100,000","A","0","0","-","0%","0%","0","0","0","0","0","0","0","0","0"
"*06ahv*","Luke Shliger","SF","C","719","FA","24","100,000","A","0","0","-","1%","0%","0","0","0","0","0","0","0","0","0"
"*06qxo*","Dylan Shockley","(N/A)","C","720","FA","28","100,000","A","0","0","-","0%","0%","0","0","0","0","0","0","0","0","0"
"*06qvj*","Kodey Shojinaga","PHI","C,1B","721","FA","22","100,000","A","0","0","-","1%","0%","0","0","0","0","0","0","0","0","0"
"*03zxi*","Jose Sibrian","(N/A)","C","722","FA","27","100,000","A","0","0","-","0%","0%","0","0","0","0","0","0","0","0","0"
"*06rii*","Renny Sillet","(N/A)","C","723","FA","18","100,000","A","0","0","-","0%","0%","0","0","0","0","0","0","0","0","0"
"*06rl4*","Brahian Silva","(N/A)","C","724","FA","23","100,000","A","0","0","-","0%","0%","0","0","0","0","0","0","0","0","0"
"*066mh*","Carlos Silva","MIN","C","725","FA","19","100,000","A","0","0","-","1%","0%","0","0","0","0","0","0","0","0","0"
"*06rjz*","Gabriel Silva","KC","C","726","FA","22","100,000","A","0","0","-","0%","0%","0","0","0","0","0","0","0","0","0"
"*06qxh*","William Simoneit","(N/A)","C","727","FA","29","100,000","A","0","0","-","0%","0%","0","0","0","0","0","0","0","0","0"
"*03117*","Chance Sisco","(N/A)","C","728","FA","30","100,000","A","0","0","-","0%","0%","0","0","0","0","0","0","0","0","0"
"*060y0*","Colby Smelley","(N/A)","C","729","FA","25","100,000","A","0","0","-","0%","0%","0","0","0","0","0","0","0","0","0"
"*06yxm*","Boston Smith","WSH","C","730","FA","23","100,000","A","0","0","-","1%","0%","0","0","0","0","0","0","0","0","0"
"*05uaw*","Kyle Smith","(N/A)","C","731","FA","24","100,000","A","0","0","-","0%","0%","0","0","0","0","0","0","0","0","0"
"*05ydn*","Campbell Smithwick","(N/A)","C","732","FA","20","100,000","A","0","0","-","0%","0%","0","0","0","0","0","0","0","0","0"
"*06l5a*","Alex Sosa","(N/A)","C","733","FA","21","100,000","A","0","0","-","0%","0%","0","0","0","0","0","0","0","0","0"
"*06rjo*","Andres Sosa","(N/A)","C","734","FA","28","100,000","A","0","0","-","0%","0%","0","0","0","0","0","0","0","0","0"
"*06cwv*","Andrews Sosa","HOU","C","735","FA","21","100,000","A","0","0","-","0%","0%","0","0","0","0","0","0","0","0","0"
"*051eq*","Gustavo Sosa","(N/A)","C","736","FA","24","100,000","A","0","0","-","0%","0%","0","0","0","0","0","0","0","0","0"
"*06r52*","Randy Soto","TOR","C,1B","737","FA","19","100,000","A","0","0","-","0%","0%","0","0","0","0","0","0","0","0","0"
"*05yl0*","Wally Soto","(N/A)","C,1B","738","FA","23","100,000","A","0","0","-","0%","0%","0","0","0","0","0","0","0","0","0"
"*06rkz*","Declan Speirs","(N/A)","C","739","FA","20","100,000","A","0","0","-","0%","0%","0","0","0","0","0","0","0","0","0"
"*06qn6*","Josh Springer","TEX","C","740","FA","19","100,000","A","0","0","-","0%","0%","0","0","0","0","0","0","0","0","0"
"*06pgd*","Ryan Stafford","BAL","C","741","FA","23","100,000","A","0","0","-","1%","0%","0","0","0","0","0","0","0","0","0"
"*06suh*","Cal Stark","TEX","C","742","FA","23","100,000","A","0","0","-","0%","0%","0","0","0","0","0","0","0","0","0"
"*01sc7*","Max Stassi","SF","C","743","FA","34","100,000","A","0","0","-","0%","0%","0","0","0","0","0","0","0","0","0"
"*06qym*","Wade Stauss","(N/A)","C","744","FA","26","100,000","A","0","0","-","0%","0%","0","0","0","0","0","0","0","0","0"
"*06ieq*","Luke Stevenson","SEA","C","745","FA","21","100,000","A","0","0","-","16%","0%","0","0","0","0","0","0","0","0","0"
"*06qjf*","Alex Stone","TOR","C","746","FA","24","100,000","A","0","0","-","0%","0%","0","0","0","0","0","0","0","0","0"
"*06zaf*","Justin Stransky","CHC","C","747","FA","23","100,000","A","0","0","-","0%","0%","0","0","0","0","0","0","0","0","0"
"*06lfg*","Chris Suero","NYM","C,LF,OF","748","FA","22","100,000","A","0","0","-","10%","+1%","0","0","0","0","0","0","0","0","0"
"*05j8l*","Adrian Sugastey","SF","C","749","FA","24","100,000","A","0","0","-","1%","0%","0","0","0","0","0","0","0","0","0"
"*0669h*","Matt Suggs","WSH","C","750","FA","25","100,000","A","0","0","-","0%","0%","0","0","0","0","0","0","0","0","0"
"*06rtv*","Juan Sulbaran","TEX","C","751","FA","20","100,000","A","0","0","-","0%","0%","0","0","0","0","0","0","0","0","0"
"*03qtv*","Brett Sullivan","COL","C","752","FA","31","100,000","A","0","0","-","1%","0%","0","0","0","0","0","0","0","0","0"
"*04eir*","Timothy Susnara","(N/A)","C","753","FA","29","100,000","A","0","0","-","0%","0%","0","0","0","0","0","0","0","0","0"
"*06bsb*","Eduardo Tait","MIN","C","754","Zack","19","500,000","A","0","0","-","45%","+2%","0","0","0","0","0","0","0","0","0"
"*06qlt*","Thomas Takayoshi","ATH","C","755","FA","24","100,000","A","0","0","-","0%","0%","0","0","0","0","0","0","0","0","0"
"*06rki*","Martin Tamara","DET","C,1B","756","FA","21","100,000","A","0","0","-","0%","0%","0","0","0","0","0","0","0","0","0"
"*05wxx*","Logan Tanner","CIN","C","757","FA","25","100,000","A","0","0","-","2%","-1%","0","0","0","0","0","0","0","0","0"
"*06qyq*","Sergio Tapia","DET","C","758","FA","23","100,000","A","0","0","-","0%","0%","0","0","0","0","0","0","0","0","0"
"*06hn5*","Graysen Tarlow","STL","C","759","FA","24","100,000","A","0","0","-","0%","0%","0","0","0","0","0","0","0","0","0"
"*067xo*","Dillon Tatum","(N/A)","C","760","FA","25","100,000","A","0","0","-","0%","0%","0","0","0","0","0","0","0","0","0"
"*06qgw*","Feldi Tavarez","WSH","C","761","FA","19","100,000","A","0","0","-","0%","0%","0","0","0","0","0","0","0","0","0"
"*02btv*","Beau Taylor","(N/A)","C","762","FA","35","100,000","A","0","0","-","0%","0%","0","0","0","0","0","0","0","0","0"
"*06qs3*","Ryusei Terachi","(N/A)","C","763","FA","20","100,000","A","0","0","-","0%","0%","0","0","0","0","0","0","0","0","0"
"*06rfz*","Marcos Terrero","NYM","C","764","FA","20","100,000","A","0","0","-","0%","0%","0","0","0","0","0","0","0","0","0"
"*06qnc*","Andrew Tess","BAL","C,1B","765","FA","19","100,000","A","0","0","-","1%","0%","0","0","0","0","0","0","0","0","0"
"*04053*","Matt Thaiss","BOS","C","766","FA","30","100,000","A","0","0","-","2%","0%","0","0","0","0","0","0","0","0","0"
"*05xol*","Andy Thomas","SD","C,1B","767","FA","27","100,000","A","0","0","-","1%","0%","0","0","0","0","0","0","0","0","0"
"*06ht6*","Jared Thomas","(N/A)","C","768","FA","25","100,000","A","0","0","-","0%","0%","0","0","0","0","0","0","0","0","0"
"*06qth*","Bennett Thompson","CLE","C","769","FA","23","100,000","A","0","0","-","0%","0%","0","0","0","0","0","0","0","0","0"
"*06qvm*","Brock Tibbitts","TOR","C","770","FA","23","100,000","A","0","0","-","1%","0%","0","0","0","0","0","0","0","0","0"
"*06qxs*","Humberto Tiberi","LAA","C","771","FA","19","100,000","A","0","0","-","0%","0%","0","0","0","0","0","0","0","0","0"
"*06gui*","Johnny Tincher","CLE","C","772","FA","24","100,000","A","0","0","-","0%","0%","0","0","0","0","0","0","0","0","0"
"*06v4x*","Carson Tinney","(N/A)","C","773","FA","20","100,000","A","0","0","-","0%","0%","0","0","0","0","0","0","0","0","0"
"*066po*","Francisco Toledo","NYM","C","774","FA","20","100,000","A","0","0","-","0%","0%","0","0","0","0","0","0","0","0","0"
"*06mvb*","Almen Tolentino","MIA","C","775","FA","19","100,000","A","0","0","-","2%","0%","0","0","0","0","0","0","0","0","0"
"*05yfd*","Tyler Tolve","ATL","C","776","FA","25","100,000","A","0","0","-","1%","0%","0","0","0","0","0","0","0","0","0"
"*06mv1*","Andres Torres","TB","C,1B","777","FA","18","100,000","A","0","0","-","0%","0%","0","0","0","0","0","0","0","0","0"
"*06hny*","Bryan Torres","STL","C,2B,LF,CF,RF,OF","778","FA","28","100,000","A","0","2","464.5","6%","+1%","0","0","0","0","0","0","0","0","0"
"*06z68*","Carlos Torres","TEX","C","779","FA","18","100,000","A","0","0","-","0%","0%","0","0","0","0","0","0","0","0","0"
"*06rid*","Enry Torres","CIN","C","780","FA","17","100,000","A","0","0","-","1%","0%","0","0","0","0","0","0","0","0","0"
"*0518c*","Victor Torres","MIL","C","781","FA","25","100,000","A","0","0","-","0%","0%","0","0","0","0","0","0","0","0","0"
"*06kx2*","Wuinder Torres","CLE","C","782","FA","19","100,000","A","0","0","-","0%","0%","0","0","0","0","0","0","0","0","0"
"*06rn9*","Jose Tovar","TB","C","783","FA","20","100,000","A","0","0","-","0%","0%","0","0","0","0","0","0","0","0","0"
"*06uwt*","Nolan Traeger","(N/A)","C","784","FA","19","100,000","A","0","0","-","0%","0%","0","0","0","0","0","0","0","0","0"
"*06hx3*","Michael Trautwein","CIN","C","785","FA","26","100,000","A","0","0","-","0%","0%","0","0","0","0","0","0","0","0","0"
"*056c8*","Chadwick Tromp","ATL","C","786","FA","30","100,000","A","0","0","-","1%","0%","0","0","0","0","0","0","0","0","0"
"*06qks*","Colin Tuft","BAL","C","787","FA","23","100,000","A","0","0","-","0%","0%","0","0","0","0","0","0","0","0","0"
"*066cv*","Michael Turner","CHW","C","788","FA","27","100,000","A","0","0","-","0%","0%","0","0","0","0","0","0","0","0","0"
"*06l47*","Hyungchan Um","KC","C","789","FA","21","100,000","A","0","0","-","1%","0%","0","0","0","0","0","0","0","0","0"
"*06rjf*","Jose Urbina","ARI","C","790","FA","19","100,000","A","0","0","-","0%","0%","0","0","0","0","0","0","0","0","0"
"*06hs2*","Cole Urman","(N/A)","C,1B","791","FA","24","100,000","A","0","0","-","0%","0%","0","0","0","0","0","0","0","0","0"
"*06v2u*","Miguel Useche","CHC","C","792","FA","25","100,000","A","0","0","-","0%","0%","0","0","0","0","0","0","0","0","0"
"*063w1*","Javier Valdes","(N/A)","C","793","FA","27","100,000","A","0","0","-","0%","0%","0","0","0","0","0","0","0","0","0"
"*06rkk*","Eduardo Valencia","DET","C,1B","794","FA","26","100,000","A","0","6","470.9","9%","0%","0","0","0","0","0","0","0","0","0"
"*05rko*","Brandon Valenzuela","TOR","C","795","FA","25","100,000","A","0","0","-","2%","0%","0","0","0","0","0","0","0","0","0"
"*06igg*","Jefferson Valladares","MIN","C,1B","796","FA","23","100,000","A","0","0","-","0%","0%","0","0","0","0","0","0","0","0","0"
"*06cf5*","Jhocsuanth Vargas","TEX","C","797","FA","19","100,000","A","0","0","-","1%","0%","0","0","0","0","0","0","0","0","0"
"*06rjv*","Yosweld Vasquez","HOU","C","798","FA","21","100,000","A","0","0","-","0%","0%","0","0","0","0","0","0","0","0","0"
"*04q2i*","Onix Vega","NYM","C","799","FA","27","100,000","A","0","0","-","0%","0%","0","0","0","0","0","0","0","0","0"
"*06rt0*","Deivis Velasquez","PHI","C","800","FA","18","100,000","A","0","0","-","0%","0%","0","0","0","0","0","0","0","0","0"
"*05r3o*","Daniel Vellojin","TB","C","801","FA","25","100,000","A","0","0","-","1%","0%","0","0","0","0","0","0","0","0","0"
"*070bh*","Will Vierling","PHI","C","802","FA","22","100,000","A","0","0","-","0%","0%","0","0","0","0","0","0","0","0","0"
"*06ih3*","Anthony Vilar","SD","C,2B","803","FA","26","100,000","A","0","0","-","0%","0%","0","0","0","0","0","0","0","0","0"
"*06kxx*","Carlos Villarroel","NYY","C","804","FA","18","100,000","A","0","0","-","0%","0%","0","0","0","0","0","0","0","0","0"
"*066or*","Jancel Villarroel","SF","C","805","FA","21","100,000","A","0","0","-","3%","0%","0","0","0","0","0","0","0","0","0"
"*03mpf*","Meibrys Viloria","(N/A)","C","806","FA","28","100,000","A","0","0","-","0%","0%","0","0","0","0","0","0","0","0","0"
"*06heh*","Colton Vincent","SD","C","807","FA","26","100,000","A","0","0","-","0%","0%","0","0","0","0","0","0","0","0","0"
"*06cgi*","Carlos Virahonda","ARI","C","808","FA","20","100,000","A","0","0","-","1%","0%","0","0","0","0","0","0","0","0","0"
"*05ud3*","Nate Voss","(N/A)","C","809","FA","21","100,000","A","0","0","-","0%","0%","0","0","0","0","0","0","0","0","0"
"*06rhp*","Yannic Walther","MIL","C","810","FA","21","100,000","A","0","0","-","0%","0%","0","0","0","0","0","0","0","0","0"
"*06zim*","Wilson Weber","MIA","C","811","FA","23","100,000","A","0","0","-","0%","0%","0","0","0","0","0","0","0","0","0"
"*06zbl*","Jaxson West","TOR","C","812","FA","22","100,000","A","0","0","-","0%","0%","0","0","0","0","0","0","0","0","0"
"*04efm*","Matt Whatley","(N/A)","C","813","FA","30","100,000","A","0","0","-","0%","0%","0","0","0","0","0","0","0","0","0"
"*062k2*","Hudson White","BOS","C","814","FA","23","100,000","A","0","0","-","0%","0%","0","0","0","0","0","0","0","0","0"
"*05y3x*","Creed Willems","BAL","C,1B","815","FA","22","100,000","A","0","0","-","8%","0%","0","0","0","0","0","0","0","0","0"
"*04pt3*","Chris Williams","(N/A)","C","816","FA","29","100,000","A","0","0","-","1%","0%","0","0","0","0","0","0","0","0","0"
"*051c1*","Eli Wilson","(N/A)","C","817","FA","27","100,000","A","0","0","-","0%","0%","0","0","0","0","0","0","0","0","0"
"*05xy2*","Patrick Winkel","MIN","C","818","FA","26","100,000","A","0","0","-","1%","0%","0","0","0","0","0","0","0","0","0"
"*06482*","Matt Wood","MIL","C","819","FA","24","100,000","A","0","0","-","2%","0%","0","0","0","0","0","0","0","0","0"
"*06v65*","Garrett Wright","(N/A)","C","820","FA","20","100,000","A","0","0","-","0%","0%","0","0","0","0","0","0","0","0","0"
"*066g0*","Ryan Wrobleski","(N/A)","C","821","FA","26","100,000","A","0","0","-","0%","0%","0","0","0","0","0","0","0","0","0"
"*0515n*","Eric Yang","(N/A)","C,P","822","FA","27","100,000","A","0","0","-","0%","0%","0","0","0","0","0","0","0","0","0"
"*041q5*","Andy Yerzy","STL","C","823","FA","27","100,000","A","0","0","-","0%","0%","0","0","0","0","0","0","0","0","0"
"*03qqd*","Seby Zavala","BOS","C","824","FA","32","100,000","A","0","0","-","1%","0%","0","0","0","0","0","0","0","0","0"
"*06c3s*","Julio Zayas","NYM","C","825","FA","19","100,000","A","0","0","-","2%","0%","0","0","0","0","0","0","0","0","0"
"*060qi*","Adam Zebrowski","ATL","C","826","FA","25","100,000","A","0","0","-","1%","0%","0","0","0","0","0","0","0","0","0"
"*06rk0*","Jhosmmel Zue","KC","C","827","FA","21","100,000","A","0","0","-","0%","0%","0","0","0","0","0","0","0","0","0"
