Name,Team,Level,Age,IP,K/9,BB/9,K/BB,HR/9,K%,BB%,K-BB%,AVG,WHIP,BABIP,LOB%,ERA,FIP,E-F,xFIP,PlayerId
Christian Bethancourt,CHC,AAA,34,0.2,0.0,26.99986401268786,0.0,0.0,0.0,0.5,-0.5,0.0,2.999984890298651,0.0,1.0,0.0,12.552265805234331,-12.552265805234331,18.166465956206174,10028
Caleb Thielbar,CHC,A+,39,1.0,18.0,9.0,2.0,0.0,0.4,0.2,0.2,0.25,2.0,0.5,1.0,0.0,2.9470755577087404,-2.9470755577087404,6.488043767213822,10078
Zack Wheeler,PHI,"AA,AAA",36,20.0,10.35,2.25,4.6,1.35,0.2804878,0.06097561,0.2195122,0.25675676,1.2,0.33333333,0.61403509,5.85,4.407231698064879,1.4427683019351205,3.6744783139515675,10310
Erasmo Ramírez,COL,AAA,36,31.0,5.516129032258065,4.645161290322581,1.1875,2.3225806451612905,0.11801242,0.09937888,0.01863354,0.35211268,2.129032258064516,0.36521739,0.43252595,11.903225806451612,7.961505573026596,3.9417202334250163,7.255113766462572,10314
Casey Lawrence,SEA,AAA,38,85.0,5.4,1.3764705882352941,3.92307692,1.1647058823529413,0.14697406,0.03746398,0.10951009,0.27927928,1.2470588235294118,0.30258303,0.76419214,3.8117647058823527,4.970234225778019,-1.1584695198956663,5.158036156612284,11121
Merrill Kelly,ARI,AAA,37,5.0,3.6,3.6,1.0,0.0,0.1,0.1,0.0,0.11764706,0.8,0.13333333,1.0,0.0,4.993763637542725,-4.993763637542725,6.74061159491539,11156
Vince Velasquez,CHC,AAA,34,33.2,10.693067691452828,6.683167307158017,1.6,1.3366334614316036,0.25974026,0.16233766,0.0974026,0.22047244,1.5742571879083331,0.2804878,0.64583333,6.148513922585376,5.5127068777713975,0.635807044813979,5.749884155493742,11189
Tommy Kahnle,BOS,AAA,36,19.1,9.775863676377606,5.120690497150174,1.90909091,0.0,0.25301205,0.13253012,0.12048193,0.1971831,1.2931036608965085,0.28,0.84615385,1.3965519537682294,3.241966255723217,-1.8454143019549876,4.403530948938142,11384
Aaron Sanchez,KCR,AAA,33,42.0,8.571428571428571,5.571428571428571,1.53846154,2.357142857142857,0.19230769,0.125,0.06730769,0.32022472,1.9761904761904763,0.36220472,0.5726257,9.428571428571429,7.195168277195522,2.2334031513759065,5.884602690594537,11490
Yolmer Sánchez,LAA,AAA,34,2.1,0.0,0.0,0.0,0.0,0.0,0.0,0.0,0.3,1.2857161687372498,0.3,1.0,0.0,3.993763637542725,-3.993763637542725,4.7424138585826165,11602
Tyron Guerrero,BOS,AAA,35,19.2,10.067794982813984,2.745762268040177,3.66666667,0.0,0.29333333,0.08,0.21333333,0.1884058,0.9661015387548771,0.27659574,0.89473684,0.9152540893467258,2.2302774497264424,-1.3150233603797166,2.8012158415835264,11691
Luke Jackson,NYM,"A,AAA",34,21.1,9.703122108244267,5.0624984912578785,1.91666667,0.4218748742714899,0.25274725,0.13186813,0.12087912,0.26582278,1.546874538995463,0.36363636,0.53797468,5.906248239800859,3.7203253275113726,2.1859229122894863,4.339062611609258,11752
Taijuan Walker,LAA,"AAA,CPX",33,21.0,5.142857142857143,3.0,1.71428571,0.8571428571428571,0.13483146,0.07865169,0.05617978,0.26829268,1.380952380952381,0.29411765,0.6870229,3.857142857142857,5.3374807472979064,-1.4803378901550492,6.117814637034922,11836
Chris Martin,TEX,AAA,40,2.2,0.0,0.0,0.0,6.749991349887012,0.0,0.0,0.0,0.53333333,2.9999961555053387,0.46153846,0.57692308,16.87497837471753,13.743751142935075,3.1312272317824537,7.269099360274193,11847
Jason Adam,SDP,AAA,34,5.0,1.8,3.6,0.5,0.0,0.05555556,0.11111111,-0.05555556,0.125,0.8,0.13333333,1.0,0.0,4.793763637542725,-4.793763637542725,6.889981186389923,11861
Yimi García,TOR,"A,AAA,CPX",35,6.2,9.450009519169383,4.0500040796440215,2.33333333,1.3500013598813403,0.2,0.08571429,0.11428572,0.375,2.2500022664689006,0.45833333,0.51470588,10.800010879050722,4.9261008757161475,5.873910003334575,5.925174198390133,12095
Aaron Brooks,TBR,AAA,36,18.2,6.2678560754476145,3.374999425241023,1.85714286,1.9285711001377275,0.14942529,0.08045977,0.06896552,0.30379747,1.6607140028963765,0.32258065,0.64393939,7.232141625516478,6.23088210675189,1.0012595187645879,5.45024953519644,12272
Rafael Montero,NYY,AAA,35,17.1,10.903848153599988,4.153846915657138,2.625,1.0384617289142846,0.28,0.10666667,0.17333333,0.23880597,1.3846156385523793,0.31818182,0.56603774,5.192308644571423,4.0138496805225055,1.1784589640489171,4.1333386718818845,12760
Chris Devenski,PIT,"A,AAA",35,10.2,12.65624594525564,1.6874994593674186,7.5,0.8437497296837093,0.38461538,0.05128205,0.33333333,0.13513514,0.6562497897539962,0.19047619,0.89285714,0.8437497296837093,2.5697534995153566,-1.7260037698316473,2.9908504038515193,12763
John Brebbia,COL,AAA,36,29.1,11.045455742473575,3.068182150687104,3.6,1.2272728602748415,0.29268293,0.08130081,0.21138211,0.24778761,1.2954546858456661,0.32876712,0.74074074,4.295455010961946,4.028665931263274,0.2667890796986718,4.3315494438315865,12777
Burch Smith,DET,AAA,36,10.0,14.4,0.0,16.0,0.9,0.44444444,0.0,0.44444444,0.11428571,0.4,0.16666667,0.83333333,1.8,1.952311134338379,-0.15231113433837895,1.2137339770793916,12784
Michael Kelly,OAK,AAA,33,23.1,11.185715809647126,3.8571433826369397,2.9,0.0,0.28431373,0.09803922,0.18627451,0.23595506,1.328571609574946,0.35,0.73529412,3.085714706109552,3.1794778123193708,-0.09376310620981876,4.601911342828302,12791
Mike Clevinger,PIT,"A,AAA,CPX",35,12.2,9.94736592459279,4.973682962296395,2.0,0.7105261374709135,0.28571429,0.14285714,0.14285714,0.14285714,1.0263155319024306,0.18518519,0.68965517,3.5526306873545677,4.117660608956821,-0.5650299216022532,4.692389884375271,12808
Andrew Kittredge,BAL,AAA,36,5.1,13.50000804663184,1.68750100582898,8.0,1.68750100582898,0.25,0.03125,0.21875,0.4516129,2.8125016763816335,0.59090909,0.36764706,15.187509052460822,3.5523111343383795,11.635197918122442,2.518367624912555,12828
Shawn Armstrong,CLE,AA,35,2.0,13.5,4.5,3.0,0.0,0.33333333,0.11111111,0.22222222,0.25,1.5,0.4,0.66666667,4.5,2.062491607666016,2.437508392333984,2.062491607666016,12857
Joe Ross,TEX,AAA,33,33.1,5.40000051498418,2.70000025749209,2.0,1.350000128746045,0.1459854,0.0729927,0.0729927,0.26984127,1.3200001258850218,0.28712871,0.78947368,3.780000360488926,5.733763803482072,-1.9537634429931456,5.355926929084138,12972
Andrew Chafin,CIN,AAA,36,9.1,7.714288341756665,5.785716256317499,1.33333333,0.9642860427195831,0.21621622,0.16216216,0.05405405,0.12903226,1.0714289363550924,0.13636364,0.58139535,0.9642860427195831,5.159454538871017,-4.195168496151434,5.1701545065107934,12988
Gerrit Cole,NYY,"A+,AA,AAA",35,29.0,8.689655172413794,0.9310344827586207,9.33333333,1.8620689655172413,0.24137931,0.02586207,0.21551724,0.25,1.0689655172413792,0.28205128,0.63559322,4.655172413793103,4.74254264853475,-0.08737023474164651,3.547140113663484,13125
Derek Law,ARI,CPX,35,2.0,18.0,0.0,4.0,4.5,0.5,0.0,0.5,0.25,1.0,0.33333333,1.0,4.5,7.317668151855469,-2.817668151855469,2.307678659260273,13133
Jordan Weems,LAD,AAA,33,13.2,5.92682788969182,10.536582915007681,0.5625,2.6341457287519203,0.11688312,0.20779221,-0.09090909,0.33333333,2.6341457287519203,0.34042553,0.70063694,9.21951005063172,10.213274385984759,-0.9937643353530383,8.325668924603745,13190
Michael Fulmer,SFG,AAA,33,29.2,12.438200914382836,5.764044326177412,2.15789474,0.3033707540093375,0.30597015,0.14179104,0.16417911,0.23478261,1.5505616316032804,0.35616438,0.71748879,3.6404490481120497,3.5892692988636083,0.051179749248441375,4.799777353638883,13218
Jesse Hahn,TOR,AAA,36,21.2,9.553844752114406,7.061537425475865,1.35294118,1.661538217759027,0.21698113,0.16037736,0.05660377,0.30337079,2.0307689328165885,0.37096774,0.65104167,6.646152871036108,6.183079979123505,0.4630728919126028,4.992298584353014,13287
Danny Coulombe,BOS,"AA,AAA",36,1.2,5.399989120982153,0.0,1.0,5.399989120982153,0.14285714,0.0,0.14285714,0.28571429,1.1999975824404785,0.2,1.0,5.399989120982153,10.158406109451642,-4.758416988469489,3.481265246948659,13293
Pierce Johnson,CIN,AAA,35,1.0,9.0,0.0,1.0,0.0,0.25,0.0,0.25,0.5,2.0,0.66666667,0.5,9.0,1.552311134338379,7.447688865661621,3.4237206101417543,13435
Lucas Sims,CHW,AAA,32,9.0,14.0,9.0,1.55555556,0.0,0.33333333,0.21428571,0.11904762,0.1875,1.6666666666666667,0.33333333,0.6875,5.0,3.7745333565606014,1.2254666434393986,5.022139673762851,13470
Matt Bowman,TOR,AAA,35,28.0,10.607142857142858,2.5714285714285716,4.125,0.6428571428571429,0.28205128,0.06837607,0.21367521,0.22429907,1.1428571428571428,0.30555556,0.73717949,3.5357142857142856,3.195168277195522,0.3405460085187637,3.4696457973548345,13528
Blake Snell,LAD,"A,AAA",33,8.0,11.25,2.25,5.0,1.125,0.3125,0.0625,0.25,0.2,1.0,0.26315789,0.60606061,3.375,4.147382211685181,-0.7723822116851808,3.587452457100153,13543
Carl Edwards Jr.,DET,AAA,34,28.2,9.73255706026864,7.534882885369269,1.29166667,2.511627628456423,0.21985816,0.17021277,0.04964539,0.29059829,2.0232555895898963,0.33333333,0.47008547,9.104650153154534,7.529054879394382,1.5755952737601522,5.598472990140044,13607
Tayler Scott,ATL,AAA,34,14.2,11.659088382051559,8.590907228880095,1.35714286,1.227272461268585,0.24050633,0.17721519,0.06329114,0.34375,2.45454492253717,0.46511628,0.61403509,9.204543459514388,5.802310646664118,3.4022328128502703,5.177948414870332,13652
Dietrich Enns,BAL,AAA,35,13.0,10.384615384615385,5.538461538461538,1.875,3.4615384615384617,0.23076923,0.12307692,0.10769231,0.26785714,1.7692307692307692,0.27777778,0.76470588,7.615384615384615,8.321541903569148,-0.7061572881845333,5.336905954434322,13932
José Berríos,TOR,"A,AAA",32,14.1,6.906973680463533,4.395346887567703,1.57142857,3.7674401893437457,0.16176471,0.10294118,0.05882353,0.3220339,1.8139526837580997,0.30952381,0.56122449,10.674413869807278,9.433595988295409,1.2408178815118696,6.256595831820811,14168
Josh Hader,HOU,"AA,AAA",32,8.2,11.423072418872081,3.115383386965113,3.66666667,3.115383386965113,0.2972973,0.08108108,0.21621622,0.24242424,1.2692302687635646,0.26315789,0.76923077,4.153844515953484,7.144438498946162,-2.990593982992678,4.933814243654324,14212
Joel Payamps,ATL,AAA,32,13.2,9.21951005063172,3.9512185931278805,2.33333333,1.3170728643759602,0.24137931,0.10344828,0.13793104,0.23076923,1.3170728643759602,0.27777778,0.65789474,3.9512185931278805,4.723042569339233,-0.7718239762113526,4.052995306821179,14332
Ty Blach,CHC,AAA,35,37.1,5.544643612540601,3.3750004598073224,1.64285714,1.6875002299036612,0.13609467,0.08284024,0.05325444,0.31372549,1.6607145119686824,0.33333333,0.5904059,6.750000919614645,6.043382902291403,0.7066180173232421,5.4104562391580995,14361
Yunior Marte,PIT,AAA,31,24.2,12.40540860289718,6.20270430144859,2.0,1.094594876726222,0.27419355,0.13709677,0.13709677,0.3047619,1.9864869985031433,0.42647059,0.64102564,5.83783934253985,4.687446562054461,1.1503927804853884,4.623724498984199,14416
Carlos Estévez,KCR,AAA,33,0.2,0.0,13.49993200634393,0.0,0.0,0.0,0.33333333,-0.33333333,0.0,1.4999924451493254,0.0,1.0,0.0,8.052288469786355,-8.052288469786355,10.859388545272276,14542
Joe Mantiply,TOR,AAA,35,3.2,7.363629500734405,0.0,3.0,0.0,0.1875,0.0,0.1875,0.3125,1.3636350927285934,0.38461538,0.8,2.4545431669114683,1.915949023064067,0.5385941438474013,3.4471008035062494,14857
Yacksel Ríos,CHC,AAA,33,17.0,7.9411764705882355,5.294117647058823,1.5,2.6470588235294117,0.2027027,0.13513514,0.06756757,0.23809524,1.4705882352941178,0.23255814,0.89473684,4.235294117647059,7.552311134338379,-3.31701701669132,6.370771570766673,15007
Germán Márquez,SDP,AAA,31,15.1,5.869566434272773,2.9347832171363866,2.0,0.5869566434272773,0.16666667,0.08333333,0.08333333,0.18518519,0.9782610723787956,0.20930233,0.89041096,1.760869930281832,4.711155090620508,-2.950285160338676,5.686127074358451,15038
Lou Trivino,PHI,AAA,34,25.1,10.302632871757416,3.5526320247439367,2.9,0.35526320247439364,0.27102804,0.09345794,0.17757009,0.23958333,1.30263174240611,0.33333333,0.70552147,1.4210528098975745,3.078626864372521,-1.6575740544749464,3.9690261882186006,15043
Trevor Gott,WSN,AAA,33,29.1,7.67045537671776,4.295455010961946,1.78571429,1.2272728602748415,0.19685039,0.11023622,0.08661417,0.23636364,1.3636365114164906,0.27160494,0.77540107,3.9886367958932354,5.359129511965229,-1.3704927160719933,5.946930164463849,15046
Austin Voth,TOR,AAA,34,44.1,8.120301334144573,3.045113000304215,2.66666667,1.4210527334753003,0.20618557,0.07731959,0.12886598,0.25280899,1.3533835556907623,0.29007634,0.78125,3.654135600365058,4.883138297434295,-1.229002697069237,5.236604641293655,15047
Rob Zastryzny,MIL,AAA,34,6.1,9.947373413976074,1.4210533448537248,7.0,0.0,0.33333333,0.04761905,0.28571429,0.1,0.47368444828457495,0.15384615,1.0,0.0,1.8154681572949376,-1.8154681572949376,3.292897432395683,15094
Justin Topa,TOR,AAA,35,4.0,4.5,4.5,1.0,0.0,0.125,0.125,0.0,0.21428571,1.25,0.25,0.8,2.25,4.052311134338379,-1.802311134338379,5.923720610141754,15145
Keynan Middleton,LAD,AAA,32,26.0,7.961538461538462,5.538461538461538,1.4375,0.34615384615384615,0.20175439,0.14035088,0.06140351,0.26804124,1.6153846153846154,0.34246575,0.76923077,3.4615384615384617,4.686071329850417,-1.2245328683119556,5.865732827324134,15264
Matthew Boyd,CHC,"A+,AAA",35,16.2,10.79999794006387,1.6199996910095804,6.66666667,1.6199996910095804,0.28985507,0.04347826,0.24637681,0.25757576,1.1999997711182078,0.3255814,0.56962025,5.399998970031935,4.127054486323671,1.2729444837082635,4.014579311951508,15440
Marco Gonzales,SDP,AAA,34,47.1,6.845071158080964,3.422535579040482,2.0,1.140845193013494,0.15189873,0.07594937,0.07594937,0.3627907,2.0281692320239895,0.41618497,0.52401747,7.985916351094458,5.514890561560717,2.4710257895337406,5.417023245614373,15467
Lucas Giolito,SDP,"A,AA",31,17.0,7.9411764705882355,3.176470588235294,2.5,0.5294117647058824,0.19480519,0.07792208,0.11688312,0.25352113,1.411764705882353,0.30909091,0.57522124,4.764705882352941,4.082727118099437,0.681978764253504,5.32135556866141,15474
Rob Kaminsky,LAA,"AAA,CPX",31,16.1,8.265307731104429,6.612246184883543,1.25,0.551020515406962,0.19480519,0.15584416,0.03896104,0.203125,1.5306125427971164,0.25,0.6504065,4.408164123255696,5.66017575604723,-1.2520116327915343,5.8865819566726785,15792
Erick Mejia,WSN,"AA,AAA",31,26.0,11.423076923076923,4.846153846153846,2.35714286,0.6923076923076923,0.28947368,0.12280702,0.16666667,0.21212121,1.3461538461538463,0.296875,0.81325301,1.3846153846153846,3.7540161866408135,-2.369400802025429,4.124619010434701,15817
Wander Suero,OAK,AAA,34,26.2,8.774998953938608,4.387499476969304,2.0,1.3499998390674783,0.2,0.1,0.1,0.31304348,1.8374997809529565,0.37647059,0.52863436,7.424999114871131,5.681263436377073,1.7437356784940583,6.024001339571154,15855
Cam Booser,TBR,AAA,34,20.0,10.8,2.25,4.8,0.45,0.3,0.0625,0.2375,0.18918919,0.95,0.26530612,0.64516129,1.8,2.702311134338379,-0.902311134338379,3.362297767400742,16061
Nick Burdi,NYM,AAA,33,4.1,6.230773801637651,6.230773801637651,1.0,0.0,0.17647059,0.17647059,0.0,0.15384615,1.1538470003032686,0.2,0.83333333,2.0769246005458837,4.936927534702301,-2.8600029341564173,6.232519660699204,16074
Jordan Romano,COL,"AAA,CPX",33,7.0,10.285714285714286,1.2857142857142858,8.0,2.5714285714285716,0.27586207,0.03448276,0.24137931,0.14285714,0.7142857142857143,0.11111111,0.90909091,3.857142857142857,5.968607139587403,-2.111464282444546,4.001169382674354,16122
John Curtiss,ARI,AAA,33,15.2,7.468083591038401,3.446807811248493,2.16666667,2.297871874165662,0.19117647,0.08823529,0.10294118,0.22580645,1.27659548564759,0.22222222,0.90277778,4.021275779789908,6.802273705967423,-2.7809979261775144,5.378640927304149,16128
Brandon Leibrandt,CIN,AAA,33,63.1,6.963158453944032,2.5578949422651545,2.72222222,2.1315791185542956,0.18490566,0.06792453,0.11698113,0.27530364,1.3578948458938476,0.28961749,0.8,4.547368786249164,5.936521852128739,-1.389153065879575,5.280557226015079,16135
Carlos Rodón,NYY,"A+,AA,AAA",33,16.0,9.000005364421227,1.68750100582898,5.33333333,1.68750100582898,0.25,0.046875,0.203125,0.21666667,1.000000596046803,0.24390244,0.78125,3.37500201165796,4.754580540384248,-1.379578528726288,4.195372731326232,16137
Brandon Woodruff,MIL,"A+,CPX",33,9.0,10.999999708599523,2.9999999205271424,3.66666667,0.9999999735090475,0.28947368,0.07894737,0.21052632,0.28571429,1.4444444061797352,0.39130435,0.60344828,5.999999841054285,4.30176175056937,1.6982380904849146,4.33758975472882,16162
Tejay Antone,CIN,AAA,32,12.0,11.25,4.5,2.5,0.0,0.30612245,0.12244898,0.18367347,0.14285714,1.0,0.22222222,0.69230769,2.25,2.8023111343383795,-0.5523111343383795,3.8939666618903486,16233
Aaron Bummer,CHC,CPX,32,1.0,9.0,0.0,1.0,0.0,0.25,0.0,0.25,0.5,2.0,0.66666667,1.0,0.0,2.817668151855469,-2.817668151855469,2.817668151855469,16258
Tyler Mahle,SFG,AAA,31,3.0,9.0,15.0,0.6,0.0,0.21428571,0.35714286,-0.14285714,0.11111111,2.0,0.16666667,0.83333333,3.0,6.993763637542726,-3.9937636375427257,8.740611594915391,16358
Scott Blewett,STL,AAA,30,38.2,11.637929503614556,4.189654621301241,2.77777778,0.6982757702168734,0.27777778,0.1,0.17777778,0.31677019,1.7844825238875655,0.44444444,0.69908815,5.353447571662696,3.4488628720840273,1.9045846995786686,3.795400722771403,16427
Dan Altavilla,KCR,AAA,33,30.2,8.217390452531063,6.749999300293373,1.2173913,1.4673911522376897,0.19178082,0.15753425,0.03424658,0.30081301,1.9565215363169197,0.35555556,0.58490566,6.749999300293373,6.095789131550374,0.6542101687429991,6.112071683768548,16507
Jordan Montgomery,TEX,AA,33,1.0,9.0,0.0,1.0,0.0,0.25,0.0,0.25,0.25,1.0,0.33333333,1.0,0.0,1.6549355506896974,-1.6549355506896974,3.5582638502120973,16511
Austin Gomber,TEX,AAA,32,63.0,7.428571203668649,2.9999999091738774,2.47619048,1.9999999394492516,0.18571429,0.075,0.11071429,0.28294574,1.4920634468907115,0.30729167,0.63660477,6.714285511008201,6.073933859898318,0.6403516511098832,5.395213728352575,16561
Julian Merryweather,MIN,CPX,34,2.1,11.57144551863525,0.0,3.0,3.85714850621175,0.2,0.0,0.2,0.5,3.00000439372025,0.6,0.3030303,23.1428910372705,8.414822983264385,14.728068054006114,4.072841586582461,16703
Brock Stewart,LAD,"A,AAA",34,10.1,15.677409708940008,2.612901618156668,6.0,0.0,0.41860465,0.06976744,0.34883721,0.21052632,1.0645154740638276,0.4,0.92307692,0.8709672060522227,2.2670884687938964,-1.3961212627416737,2.922608775722404,16727
Cam Hill,TBR,AAA,32,32.2,7.714284513156733,4.408162578946705,1.75,1.6530609671050143,0.20289855,0.11594203,0.08695652,0.20491803,1.255101845394548,0.21590909,0.67484663,4.959182901315042,5.695167943548583,-0.7359850422335406,5.713510736113241,16840
Elieser Hernández,ATL,AAA,31,66.2,8.640001318359577,3.2400004943848413,2.66666667,1.6200002471924206,0.21768707,0.08163265,0.13605442,0.29850746,1.5600002380371456,0.35416667,0.73991031,5.130000782775999,5.142311376953162,-0.012310594177163736,5.076073879947224,16933
Tyler Beede,CHC,AAA,33,21.0,8.571428571428571,6.857142857142857,1.25,0.8571428571428571,0.19230769,0.15384615,0.03846154,0.34482759,2.1904761904761907,0.43076923,0.49773756,10.285714285714286,5.314215896243141,4.9714983894711455,6.660448029495421,16981
Tanner Banks,PHI,AAA,34,1.0,18.0,0.0,2.0,0.0,0.5,0.0,0.5,0.25,1.0,0.5,1.0,0.0,-0.4476888656616209,0.4476888656616209,1.4237206101417543,16990
Domingo Acevedo,COL,AAA,32,19.1,10.70689831222309,6.5172424509184035,1.64285714,0.9310346358454862,0.26436782,0.16091954,0.10344828,0.22222222,1.5517243930758102,0.29787234,0.60283688,6.5172424509184035,5.286867298439233,1.2303751524791702,5.568415442976756,17092
Gabe Speier,SEA,"A+,AAA",31,2.0,18.0,0.0,4.0,9.0,0.44444444,0.0,0.44444444,0.33333333,1.5,0.33333333,0.0,13.5,12.822590541839599,0.6774094581604011,1.665110316872597,17170
Thomas Pannone,MIL,AAA,32,45.0,7.4,2.4,3.08333333,0.6,0.19786096,0.06417112,0.13368984,0.24418605,1.2,0.29545455,0.73863636,3.4,3.7745333565606014,-0.3745333565606015,4.862449920177459,17281
Javy Guerra,ATL,AAA,30,28.1,6.670588983714046,6.670588983714046,1.0,1.2705883778502944,0.16535433,0.16535433,0.0,0.24761905,1.6588237155267733,0.275,0.70754717,5.4000006058637515,6.234664376466778,-0.8346637706030267,6.0506138932904365,17292
Matt Gage,SFG,A,33,1.2,10.799978628200861,0.0,2.0,0.0,0.33333333,0.0,0.33333333,0.16666667,0.5999988126778256,0.25,1.0,0.0,2.1510055351163344,-2.1510055351163344,3.135009015257763,17381
Jonathan Hernández,PHI,AAA,29,15.0,13.2,3.0,4.4,1.8,0.31428571,0.07142857,0.24285714,0.3125,1.6666666666666667,0.43589744,0.82568807,4.8,4.418977801005045,0.3810221989949545,3.066584118207296,17464
Daniel Duarte,NYM,AAA,29,26.0,7.615384615384615,4.846153846153846,1.57142857,0.6923076923076923,0.1981982,0.12612613,0.07207207,0.22680412,1.3846153846153846,0.2739726,0.72289157,3.8076923076923075,4.475388057415302,-0.667695749722995,5.20284295815688,17480
Génesis Cabrera,KCR,AAA,29,29.0,10.551724137931034,4.9655172413793105,2.125,0.9310344827586207,0.24637681,0.11594203,0.13043478,0.29752066,1.793103448275862,0.39285714,0.47131148,8.068965517241379,4.310931823993552,3.7580336932478273,4.83751371359003,17490
Jimmy Herget,COL,AAA,32,2.1,7.7142970124235,7.7142970124235,1.0,15.428594024847,0.14285714,0.14285714,0.0,0.41666667,3.00000439372025,0.16666667,0.71428571,23.1428910372705,27.136654674813222,-3.993763637542724,8.594158855233681,17556
Cristian Javier,HOU,"AA,AAA",29,11.2,12.34285359051865,4.628570096444494,2.66666667,1.5428566988148313,0.31372549,0.11764706,0.19607843,0.25581395,1.457142437769563,0.36,0.67901235,6.171426795259325,5.517258639450411,0.6541681558089145,5.085445234169047,17606
Tanner Rainey,DET,AAA,33,29.2,11.831459406364162,6.370785834196087,1.85714286,0.3033707540093375,0.30708661,0.16535433,0.14173228,0.19811321,1.4157301853769082,0.3030303,0.78817734,2.4269660320747,3.484895411225193,-1.057929379150493,4.434479864563167,17610
Jose Cuas,KCR,AAA,32,32.0,9.28125,5.0625,1.83333333,0.5625,0.23571429,0.12857143,0.10714286,0.22689076,1.40625,0.29761905,0.79646018,3.09375,4.271061134338379,-1.177311134338379,5.329970610141754,17701
Evan Phillips,LAD,AAA,31,6.1,8.526320069122349,5.684213379414899,1.5,1.4210533448537248,0.2,0.13333333,0.06666667,0.25,1.5789481609485831,0.29411765,1.0,1.4210533448537248,6.993765143345033,-5.572711798491309,6.044405482012018,17734
Drew Smith,MIN,AAA,32,24.2,6.932431539015958,3.2837833605865066,2.11111111,0.36486481784294517,0.17431193,0.08256881,0.09174312,0.2755102,1.4594592713717807,0.33333333,0.57377049,4.743242631958287,3.8766354168654416,0.8666072150928454,6.080854367753205,17755
Angel Perdomo,LAA,AAA,32,12.0,9.0,10.5,0.85714286,2.25,0.16666667,0.19444444,-0.02777778,0.34545455,2.75,0.4,0.59748428,12.0,9.493763637542726,2.5062363624572743,8.718464910487334,17759
Patrick Weigel,COL,AAA,31,24.2,8.756755628230684,6.932431539015958,1.26315789,2.554053724900616,0.19834711,0.15702479,0.04132231,0.29591837,1.9459456951623741,0.32835821,0.71090047,8.027025992544793,8.5343035929216,-0.5072776003768062,6.757204964474559,17792
Adbert Alzolay,NYM,"A,A+,AAA,CPX",31,12.0,7.5,5.25,1.42857143,2.25,0.18867925,0.13207547,0.05660377,0.23913043,1.5,0.24242424,0.79710145,4.5,6.976671926180522,-2.476671926180522,5.938038173566262,17859
Tayler Saucedo,LAA,AAA,33,27.1,9.54878159834485,6.5853666195481715,1.45,0.9878049929322258,0.21804511,0.15037594,0.06766917,0.24324324,1.7195123951042448,0.30379747,0.625,6.5853666195481715,5.71327603264697,0.8720905869012014,5.500719100246251,17888
Garrett Cleavinger,TBR,AAA,32,4.1,10.384623002729418,10.384623002729418,1.0,2.0769246005458837,0.23809524,0.23809524,0.0,0.2,1.8461552004852297,0.22222222,0.65789474,8.307698402183535,8.398468535612107,-0.09077013342857221,7.557786544818446,17897
Trent Thornton,CHC,AAA,32,5.2,7.94117201571071,4.7647032094264254,1.66666667,3.176468806284284,0.2,0.12,0.08,0.22727273,1.4117639139041263,0.2,1.0,3.176468806284284,7.964073365288773,-4.787604559004489,6.017829011177805,17948
Tyler Gilbert,CHW,AAA,32,23.1,8.100001103537574,1.9285716913184698,4.2,1.157143014791082,0.24418605,0.05813953,0.18604651,0.17721519,0.8142858252233539,0.2,0.77380952,3.085714706109552,4.323739810865767,-1.2380251047562152,3.935563398531814,17964
Peter Lambert,HOU,AAA,29,14.2,7.363634767611511,1.8409086919028776,4.0,0.6136362306342925,0.20338983,0.05084746,0.15254237,0.2037037,0.9545452476533439,0.24390244,0.89041096,1.8409086919028776,4.266490851157966,-2.4255821592550877,4.690263090973669,17969
Logan Webb,SFG,AAA,29,3.1,5.400005536085082,8.100008304127623,0.66666667,0.0,0.13333333,0.2,-0.06666667,0.16666667,1.5000015378014118,0.2,0.8,0.0,5.493765175344136,-5.493765175344136,6.017820099816987,17995
Triston McKenzie,SDP,AAA,28,15.1,12.326089511972823,16.434786015963766,0.75,2.347826573709109,0.22580645,0.30107527,-0.07526882,0.3125,3.130435431612146,0.41025641,0.59907834,13.500002798827378,10.31985190559227,3.1801508932351084,8.295645539528785,18000
Phil Maton,CHC,AAA,33,1.0,18.0,0.0,2.0,0.0,0.4,0.0,0.4,0.4,2.0,0.66666667,1.0,0.0,-0.4476888656616209,0.4476888656616209,-0.4476888656616209,18064
Ryan Helsley,BAL,AAA,31,2.0,22.5,0.0,5.0,0.0,0.71428571,0.0,0.71428571,0.14285714,0.5,0.5,1.0,0.0,-1.447688865661621,1.447688865661621,-1.447688865661621,18138
Anthony Misiewicz,CIN,AAA,31,27.1,7.243903281502989,3.6219516407514947,2.0,1.3170733239096344,0.19642857,0.09821429,0.09821429,0.20792079,1.1707318434752305,0.22666667,0.90909091,2.3048783168418603,5.052311308791019,-2.7474329919491587,4.861527270569003,18152
Carson Fulmer,PIT,AAA,32,42.0,7.071428571428571,3.857142857142857,1.83333333,1.5,0.17553191,0.09574468,0.07978723,0.28823529,1.5952380952380953,0.32307692,0.62937063,6.214285714285714,5.517349706377302,0.6969360079084126,5.3320386174179255,18311
Jacob Waguespack,MIL,AAA,32,21.2,13.707690296511974,6.230768316596351,2.2,0.41538455443975675,0.36263736,0.16483516,0.1978022,0.14473684,1.199999823937075,0.23809524,0.73170732,1.661538217759027,3.1830804192808175,-1.5215422015217905,4.051416957509581,18318
Josh Sborz,TEX,"AA,AAA",32,22.1,8.462687771738503,6.850747243788312,1.23529412,2.8208959239128344,0.20588235,0.16666667,0.03921569,0.24705882,1.7014927795029795,0.24561404,0.78014184,6.447762111800765,8.441033397115133,-1.9932712853143677,6.506293549381785,18323
Alex Young,WSN,"A,CPX",32,6.1,9.947373788445534,2.842106796698724,3.5,0.0,0.29166667,0.08333333,0.20833333,0.18181818,0.9473689322329081,0.26666667,0.83333333,1.421053398349362,2.5967678936067538,-1.1757144952573917,3.283354884458741,18333
Josh Staumont,CIN,"A+,CPX",32,7.0,14.142857142857142,3.857142857142857,3.66666667,0.0,0.35483871,0.09677419,0.25806452,0.15384615,1.0,0.26666667,0.44444444,1.2857142857142858,3.4031006748958035,-2.117386389181518,4.547529207998588,18335
Nick Anderson,OAK,AAA,35,16.2,8.639998352051096,2.6999994850159674,3.2,1.079999794006387,0.24615385,0.07692308,0.16923077,0.15254237,0.8399998397827454,0.17073171,0.90163934,2.159999588012774,4.713763500213649,-2.5537639122008753,4.72592665952911,18337
Julian Fernández,WSN,AAA,30,11.0,8.181818181818182,4.090909090909091,2.0,0.8181818181818182,0.23255814,0.11627907,0.11627907,0.15789474,1.0,0.18518519,0.72916667,3.272727272727273,4.279583861611107,-1.0068565888838337,5.139303289760243,18341
Brandon Waddell,NYM,AAA,32,11.1,7.941178698028873,0.7941178698028872,10.0,2.382353609408662,0.19607843,0.01960784,0.17647059,0.32,1.500000420738787,0.35135135,0.546875,7.147060828225985,5.493488149412103,1.653572678813882,4.0338036555381445,18347
Scott Effross,DET,"A,AAA",32,26.2,7.087501753159301,2.3625005843864337,3.0,1.0125002504513287,0.18918919,0.06306306,0.12612613,0.26470588,1.2750003153831546,0.30769231,0.6918239,4.050001001805315,4.469353532014779,-0.41935253020946384,5.030551541336423,18384
Enyel De Los Santos,HOU,"AA,AAA",30,4.1,6.230774144453052,0.0,3.0,0.0,0.21428571,0.0,0.21428571,0.07692308,0.23076941275752047,0.1,1.0,0.0,3.1450730820125083,-3.1450730820125083,5.6360092991418735,18403
José Urquidy,PIT,AAA,31,57.2,7.959536870214484,1.4046241535672621,5.66666667,1.4046241535672621,0.21702128,0.03829787,0.1787234,0.25446429,1.1445085695733246,0.29268293,0.68592058,4.3699418110981485,4.3846810031189785,-0.014739192020829961,4.562527999362671,18413
Danny Young,ATL,CPX,32,1.0,18.0,0.0,2.0,0.0,0.5,0.0,0.5,0.25,1.0,0.5,1.0,0.0,0.12910242080688494,-0.12910242080688494,0.12910242080688494,18439
Junior Fernández,MIL,AAA,29,23.0,8.608695652173912,5.086956521739131,1.69230769,1.173913043478261,0.20754717,0.12264151,0.08490566,0.27956989,1.6956521739130435,0.33823529,0.60344828,6.260869565217392,5.030572003903597,1.2302975613137948,4.311307382583618,18496
Dylan Cease,TOR,AAA,30,4.0,13.5,2.25,6.0,4.5,0.31578947,0.05263158,0.2631579,0.33333333,1.75,0.4,0.47619048,11.25,7.802311134338379,3.447688865661621,4.109425348043442,18525
Sam Hentges,SFG,"A,AAA",29,9.1,7.714288341756665,5.785716256317499,1.33333333,0.0,0.21052632,0.15789474,0.05263158,0.09375,0.9642860427195831,0.125,0.77777778,1.9285720854391661,4.267753425322188,-2.339181339883022,5.940767499209766,18548
Enmanuel De Jesus,DET,AAA,29,2.0,9.0,4.5,2.0,0.0,0.25,0.125,0.125,0.14285714,1.0,0.2,1.0,0.0,3.052311134338379,-3.052311134338379,4.923720610141754,18554
Logan Allen,LAD,AAA,29,53.1,6.075000579357202,4.893750466704413,1.24137931,1.350000128746045,0.14285714,0.11507937,0.02777778,0.31838565,1.8750001788139514,0.35195531,0.72072072,6.075000579357202,6.225013850331328,-0.1500132709741253,6.0109439875551205,18555
A.J. Minter,NYM,"A,A+,AAA",32,11.1,5.558820352527262,0.7941171932181804,7.0,0.0,0.1627907,0.02325581,0.13953488,0.17073171,0.7058819495272715,0.20588235,0.55555556,1.5882343864363608,2.8869765728207106,-1.2987421863843498,4.871218402698388,18655
Jake Woodford,MIL,AAA,29,2.2,6.749991349887012,6.749991349887012,1.0,3.374995674943506,0.125,0.125,0.0,0.38461538,2.6249966360671713,0.4,0.75757576,10.124987024830519,10.302302484225391,-0.17731545939487248,7.532641693824111,18674
Kolby Allard,CLE,AAA,28,35.2,8.579438487664474,2.2710278349700075,3.77777778,0.7570092783233359,0.22818792,0.06040268,0.16778524,0.24637681,1.205607369181609,0.30693069,0.58823529,4.289719243832237,3.664460657052947,0.6252585867792897,4.354963086462293,18694
Pedro Avila,CLE,AAA,29,53.1,7.087500675916736,4.387500418424646,1.61538462,2.0250001931190673,0.17213115,0.10655738,0.06557377,0.30092593,1.7062501627206959,0.32716049,0.65616798,6.750000643730225,6.4773114132881435,0.27268923044208115,5.447113409291724,18864
Beau Burrows,PIT,AAA,29,30.0,8.7,3.9,2.23076923,1.5,0.23966942,0.10743802,0.13223141,0.18518519,1.1,0.2027027,0.88461538,2.7,5.085644467671712,-2.385644467671712,5.476570751269659,18873
Kyle Keller,BOS,AAA,33,31.1,11.202128796083247,6.319149577277729,1.77272727,1.1489362867777688,0.28057554,0.15827338,0.12230216,0.23076923,1.5638299458919633,0.31081081,0.76036866,4.021277003722191,4.8289070085359,-0.8076300048137091,4.781930062706818,18890
Tommy Nance,TOR,AAA,35,1.0,18.0,0.0,2.0,0.0,0.33333333,0.0,0.33333333,0.5,3.0,0.75,0.33333333,18.0,-0.4476888656616209,18.447688865661622,-0.4476888656616209,19178
Kirby Snead,PHI,AAA,31,12.2,9.94736592459279,9.236839787121877,1.07692308,0.7105261374709135,0.25,0.23214286,0.01785714,0.19047619,1.657894320765465,0.25925926,0.87378641,2.1315784124127406,5.68388954675112,-3.552311134338379,5.839516545043391,19179
Jesse Scholtens,TBR,AAA,32,5.0,7.2,0.0,4.0,0.0,0.23529412,0.0,0.23529412,0.11764706,0.4,0.15384615,1.0,0.0,1.952311134338379,-1.952311134338379,3.8237206101417542,19205
Cole Irvin,LAD,AAA,32,71.2,4.3953494610949795,4.018605221572552,1.09375,0.502325652696569,0.10869565,0.09937888,0.00931677,0.2877193,1.5906979002058022,0.31707317,0.71428571,3.767442395224268,5.2914382403421945,-1.5239958451179265,6.345204448821294,19244
Ian Hamilton,ATL,AAA,31,22.2,11.117645499615739,2.3823526070605157,4.66666667,0.7941175356868385,0.30434783,0.06521739,0.23913044,0.21176471,1.0588233809157848,0.29090909,0.76576577,3.176470142747354,3.1552523664949597,0.021217776252394405,3.3291884426681704,19261
Garrett Hampson,CIN,AAA,31,1.0,0.0,0.0,0.0,0.0,0.0,0.0,0.0,0.25,1.0,0.25,1.0,0.0,3.552311134338379,-3.552311134338379,7.29513008594513,19262
Thomas Hatch,ARI,AAA,31,51.2,5.922580062120001,1.7419353123882355,3.4,1.7419353123882355,0.15962441,0.04694836,0.11267606,0.245,1.14193537145451,0.25,0.79166667,4.006451218492942,5.948602154778412,-1.9421509362854694,5.3934508841576365,19264
Justin Dunn,LAA,AAA,30,24.2,7.662161174701849,6.202701903330068,1.23529412,1.0945944535288354,0.17948718,0.14529915,0.03418803,0.27835052,1.7837835538988431,0.32876712,0.56074766,6.202701903330068,6.304574150548044,-0.10187224721797605,6.5647652072195655,19268
Nick Hernandez,OAK,AAA,31,29.1,9.511364667130023,5.522727871236787,1.72222222,0.9204546452061312,0.21830986,0.12676056,0.0915493,0.30081301,1.8750002031976747,0.38202247,0.61776062,6.750000731511629,5.152854672246741,1.5971460592648876,5.669409955904843,19281
Trevor Richards,PHI,AAA,33,14.0,16.714285714285715,1.9285714285714286,8.66666667,1.9285714285714286,0.52,0.06,0.46,0.10638298,0.5714285714285714,0.11111111,1.0,1.9285714285714286,3.2665968486240935,-1.338025420052665,2.48596414412771,19309
Cal Quantrill,TEX,AAA,31,14.0,8.357142857142858,2.5714285714285716,3.25,0.6428571428571429,0.23214286,0.07142857,0.16071429,0.21153846,1.0714285714285714,0.26315789,0.51470588,5.142857142857143,3.922335066114153,1.22052207674299,4.615836740817342,19312
Matt Krook,OAK,AAA,31,29.0,13.03448275862069,4.9655172413793105,2.625,0.0,0.30882353,0.11764706,0.19117647,0.21929825,1.4137931034482758,0.34722222,0.63829787,3.7241379310344827,3.373073982370311,0.35106394866417157,4.095907619903827,19315
Joey Lucchesi,LAA,AAA,33,29.1,11.965910387679706,3.3750003657558145,3.54545455,0.9204546452061312,0.31451613,0.08870968,0.22580645,0.23214286,1.2613637730602538,0.32857143,0.73964497,3.6818185808245247,3.891490899186488,-0.20967231836196332,3.8720814105670858,19320
Jose Rojas,NYM,AAA,33,2.0,0.0,0.0,0.0,0.0,0.0,0.0,0.0,0.5,2.5,0.5,0.6,9.0,3.552311134338379,5.447688865661621,5.423720610141754,19331
A.J. Puk,ARI,"AAA,CPX",31,4.2,7.714280262289202,3.857140131144601,2.0,0.0,0.23529412,0.11764706,0.11764706,0.26666667,1.2857133770482003,0.36363636,0.66666667,3.857140131144601,4.094845039591139,-0.23770490844653747,5.746320298210188,19343
Caleb Ferguson,CIN,"AA,AAA",29,7.2,8.217387897081833,7.043475340355856,1.16666667,2.347825113451952,0.16666667,0.14285714,0.02380952,0.37142857,2.4782598419770605,0.42307692,0.52325581,12.913038123985737,7.884548157303428,5.02848996668231,6.189668901906732,19349
Dean Kremer,BAL,AAA,30,13.0,11.76923076923077,2.769230769230769,4.25,0.6923076923076923,0.32075472,0.0754717,0.24528302,0.20833333,1.0769230769230769,0.3,0.80882353,2.769230769230769,3.0907726727999174,-0.32154190356914825,3.242409273294302,19350
Keegan Akin,BAL,AAA,31,4.0,11.25,2.25,5.0,2.25,0.3125,0.0625,0.25,0.2,1.0,0.22222222,1.0,2.25,5.052311134338379,-2.802311134338379,3.6737206101417543,19362
Ronel Blanco,HOU,CPX,32,3.0,15.0,3.0,5.0,0.0,0.45454545,0.09090909,0.36363636,0.1,0.6666666666666666,0.2,1.0,0.0,1.7957690874735515,-1.7957690874735515,2.273889906207721,19407
Dane Dunning,SEA,AAA,31,40.1,8.256199388261198,5.132232052162366,1.60869565,1.3388431440423565,0.20441989,0.12707182,0.07734807,0.25477707,1.5619836680494157,0.29824561,0.59352518,6.917356244218841,5.8780613958245596,1.0392948483942819,6.153001409653234,19409
Shane Bieber,TOR,"A,AAA,CPX",31,17.0,7.411764809829555,2.6470588606534124,2.8,2.11764708852273,0.17948718,0.06410256,0.11538462,0.36986301,1.88235296757576,0.41818182,0.71969697,6.882353037698873,5.941019430305925,0.9413336073929477,4.655991239517429,19427
Yonny Hernández,NYM,AAA,28,3.2,2.4545431669114683,2.4545431669114683,1.0,2.4545431669114683,0.07142857,0.07142857,0.0,0.30769231,1.3636350927285934,0.27272727,0.83333333,2.4545431669114683,7.37048939397844,-4.915946227066971,5.35618993332628,19432
Patrick Sandoval,BOS,"AA,AAA",29,11.1,8.73529656783176,7.941178698028873,1.1,1.5882357396057745,0.19642857,0.17857143,0.01785714,0.18604651,1.5882357396057745,0.2,0.6043956,5.55882508862021,7.349124677549683,-1.7902995889294724,7.202356496816625,19447
Shaun Anderson,LAA,AAA,31,33.1,9.720001483154523,3.5100005355835777,2.76923077,1.080000164794947,0.24324324,0.08783784,0.15540541,0.2481203,1.3800002105713212,0.31182796,0.75471698,4.050000617981051,4.74376375198366,-0.6937631340026087,4.860737808910243,19453
Michael Rucker,SEA,AAA,32,22.2,9.926469196085481,4.367646446277612,2.27272727,0.39705876784341926,0.24509804,0.10784314,0.1372549,0.27777778,1.588235071373677,0.375,0.87078652,1.588235071373677,3.949645996671234,-2.361410925297557,4.455052017108359,19454
Kyle Funkhouser,TEX,AAA,32,3.2,7.363629500734405,9.818172667645873,0.75,0.0,0.1875,0.25,-0.0625,0.08333333,1.3636350927285934,0.11111111,0.8,0.0,5.630125748817036,-5.630125748817036,7.059363654617814,19456
Jorge Alcala,TOR,AAA,30,12.0,9.75,6.0,1.625,0.75,0.22033898,0.13559322,0.08474576,0.32,2.0,0.41666667,0.55084746,6.75,4.718977801005046,2.031022198994954,5.195152364174525,19459
Aaron Civale,OAK,AAA,31,4.1,14.538472203821184,0.0,7.0,0.0,0.53846154,0.0,0.53846154,0.0,0.0,0.0,1.0,0.0,0.7629920366935723,-0.7629920366935723,2.3754682571738455,19479
Tyler Ferguson,OAK,AAA,32,23.2,6.08450622498066,4.563379668735495,1.33333333,0.7605632781225825,0.16,0.12,0.04,0.21590909,1.3098589789888921,0.24285714,0.67375887,4.183098029674204,5.037534059098684,-0.8544360294244804,6.2164146166249425,19481
Alan Rangel,PHI,AAA,28,70.0,9.385714285714286,3.4714285714285715,2.7037037,1.2857142857142858,0.24829932,0.09183673,0.15646259,0.24528302,1.3142857142857143,0.3021978,0.775,3.9857142857142858,4.566596848624093,-0.5808825629098076,4.768004414864949,19524
Jason Foley,SFG,"A,AAA",30,13.1,6.74999669082625,3.374998345413125,2.0,0.674999669082625,0.17241379,0.0862069,0.0862069,0.30769231,1.5749992278594585,0.36585366,0.4368932,5.399997352661,4.846625217171935,0.5533721354890648,5.050747488327907,19531
Geoff Hartlieb,OAK,AAA,32,33.2,10.96039438373915,2.673266922863207,4.1,0.8019800768589621,0.28873239,0.07042254,0.21830986,0.27272727,1.3663364272411946,0.375,0.76555024,3.4752469997221693,3.607625082018039,-0.13237808229586978,3.486940718491873,19558
Zack Short,WSN,AAA,31,1.2,0.0,5.399989314100431,0.0,10.799978628200861,0.0,0.1,-0.1,0.5,2.999994063389128,0.33333333,0.0,32.399935884602584,22.752273140028798,9.647662744573786,10.520834400953504,19562
Nate Mondou,SDP,AAA,31,1.0,0.0,0.0,0.0,0.0,0.0,0.0,0.0,0.66666667,6.0,0.66666667,0.33333333,36.0,3.993763637542725,32.00623636245727,5.74061159491539,19563
Guillo Zuñiga,NYM,"AA,AAA",27,11.1,11.11765017724042,6.352942958423098,1.75,0.0,0.28571429,0.16326531,0.12244898,0.19512195,1.4117651018717996,0.2962963,0.875,1.5882357396057745,3.2077537775775045,-1.61951803797173,5.027053331855248,19588
Cionel Pérez,NYM,AAA,30,7.0,12.857142857142858,6.428571428571429,2.0,1.2857142857142858,0.32258065,0.16129032,0.16129032,0.2,1.4285714285714286,0.28571429,0.9375,2.5714285714285716,5.12373970576695,-2.5523111343383786,3.533941059453147,19614
Jordan Hicks,CHW,AAA,29,2.2,20.249974049661038,6.749991349887012,3.0,3.374995674943506,0.46153846,0.15384615,0.30769231,0.27272727,1.8749975971908366,0.5,0.55555556,10.124987024830519,6.17730777040555,3.947679254424969,2.0040916718076733,19618
Kyle Hart,SDP,AAA,33,14.2,9.204543459514388,5.522726075708633,1.66666667,1.8409086919028776,0.22727273,0.13636364,0.09090909,0.31578947,1.8409086919028776,0.38461538,0.65789474,7.363634767611511,6.448308560079894,0.9153262075316162,4.9802506673906,19646
Jason Alexander,HOU,AAA,33,44.0,5.7272727272727275,3.272727272727273,1.75,0.4090909090909091,0.14213198,0.08121827,0.06091371,0.30726257,1.6136363636363635,0.3557047,0.66951567,5.318181818181818,4.539218182997271,0.7789636351845477,5.615754869580269,19666
Connor Seabold,DET,"A,AAA",30,2.0,9.0,4.5,2.0,0.0,0.25,0.125,0.125,0.28571429,1.5,0.4,1.0,0.0,3.149695110321045,-3.149695110321045,3.149695110321045,19695
Patrick Murphy,TEX,AAA,31,11.1,7.941178698028873,3.9705893490144364,2.0,1.5882357396057745,0.20833333,0.10416667,0.10416667,0.23255814,1.323529783004812,0.25806452,0.90163934,3.176471479211549,5.846705333749462,-2.670233854537913,5.0939239085170165,19712
Kodi Whitley,TBR,AAA,31,16.2,9.17999824905429,2.159999588012774,4.25,0.5399998970031935,0.265625,0.0625,0.203125,0.18333333,0.8999998283386558,0.23809524,0.88235294,1.6199996910095804,3.0123112373351857,-1.3923115463256053,3.8042950459510974,19731
Reiver Sanmartin,SFG,"AAA,CPX",30,9.2,9.310341765850406,1.8620683531700815,5.0,0.9310341765850407,0.24390244,0.04878049,0.19512195,0.23076923,1.1379306602706054,0.28571429,0.20833333,6.517239236095285,4.060778342603912,2.4564608934913723,4.315756965620904,19754
Will Vest,DET,AAA,31,1.0,9.0,0.0,1.0,0.0,0.33333333,0.0,0.33333333,0.0,0.0,0.0,1.0,0.0,1.552311134338379,-1.552311134338379,3.4237206101417543,19769
Keegan Thompson,COL,AAA,31,39.1,6.406780489489085,3.4322038336548673,1.86666667,0.6864407667309734,0.15730337,0.08426966,0.07303371,0.31288344,1.6779663186757128,0.36363636,0.69579288,4.11864460038584,4.705628136374846,-0.5869835359890052,5.712615336465651,19795
CD Pelham,OAK,"AA,AAA",31,25.1,8.88157671838642,3.9078937560900244,2.27272727,0.35526306873545677,0.25252525,0.11111111,0.14141414,0.20454545,1.1447365548142496,0.27419355,0.72463768,2.4868414811481974,3.653080107354989,-1.1662386262067916,4.198947367565187,19820
Gerson Garabito,MIL,"AAA,CPX",30,12.1,11.6756786850797,3.648649589087406,3.2,1.4594598356349624,0.30188679,0.09433962,0.20754717,0.21276596,1.216216529695802,0.27586207,0.60606061,5.108109424722368,5.072465585965706,0.03564383875666177,3.6611881499567542,19835
Abraham Toro,KCR,AAA,29,4.0,0.0,2.25,0.0,2.25,0.0,0.04545455,-0.04545455,0.42857143,2.5,0.4,0.34883721,15.75,7.552311134338379,8.197688865661622,7.109425348043442,19844
Charlie Barnes,LAD,AAA,30,48.0,9.5625,3.75,2.55,1.3125,0.24519231,0.09615385,0.14903846,0.25,1.375,0.30952381,0.81395349,3.1875,5.019345550970733,-1.8318455509707334,4.719475002821783,19865
Brandon Bielak,HOU,AAA,30,24.2,4.0135129962723965,3.2837833605865066,1.22222222,1.4594592713717807,0.10185185,0.08333333,0.01851852,0.28865979,1.4999998066876634,0.29268293,0.62874251,6.567566721173013,6.547817362443341,0.019749358729671762,5.431163644320256,19866
Griffin Canning,SDP,AAA,30,15.0,10.8,7.2,1.5,1.2,0.26086957,0.17391304,0.08695652,0.22807018,1.6666666666666667,0.2972973,0.63063063,3.6,5.727096970876058,-2.127096970876058,5.158328942457835,19867
Tucker Davidson,PHI,AAA,30,49.0,8.081632653061224,6.612244897959184,1.22222222,1.1020408163265305,0.18723404,0.15319149,0.03404255,0.31313131,2.0,0.37837838,0.68432671,6.428571428571429,5.613535624134297,0.815035804437132,5.663956184533178,19871
Alex Faedo,LAA,CPX,30,5.1,8.437505029144901,3.37500201165796,2.5,3.37500201165796,0.2173913,0.08695652,0.13043478,0.14285714,0.9375005587938778,0.07142857,0.45454545,5.06250301748694,8.942670610548532,-3.880167593061592,6.023307661441422,19874
Gabe Klobosits,CHC,AAA,31,19.0,11.368421052631579,5.684210526315789,2.0,0.47368421052631576,0.26966292,0.13483146,0.13483146,0.23684211,1.5789473684210527,0.33333333,0.60810811,5.2105263157894735,3.7628374501278525,1.447688865661621,4.556055457341043,19881
Corbin Martin,CHC,AAA,30,11.0,12.272727272727273,9.818181818181818,1.25,1.6363636363636365,0.27272727,0.21818182,0.05454545,0.2195122,1.9090909090909092,0.29166667,0.74257426,6.545454545454546,7.006856588883833,-0.46140204342928737,6.344501566886902,19884
Ryder Ryan,LAD,AAA,31,39.0,6.6923076923076925,3.230769230769231,2.07142857,0.6923076923076923,0.17365269,0.08383234,0.08982036,0.2781457,1.435897435897436,0.32773109,0.72490706,4.153846153846154,4.737353381132468,-0.5835072272863142,5.439410365239168,19891
Diego Castillo,TEX,AAA,28,1.0,0.0,0.0,0.0,0.0,0.0,0.0,0.0,0.25,1.0,0.25,1.0,0.0,3.993763637542725,-3.993763637542725,9.23430750966072,19906
Luke Williams,ATL,AAA,29,3.1,0.0,2.700002768042541,0.0,2.700002768042541,0.0,0.05263158,-0.05263158,0.44444444,2.700002768042541,0.41176471,0.39473684,16.200016608255247,8.352316055302897,7.84770055295235,10.06654624014162,19931
Trevor Stephan,CLE,"AAA,CPX",30,4.1,10.38462357408842,2.076924714817684,5.0,2.076924714817684,0.3125,0.0625,0.25,0.13333333,0.6923082382725614,0.11111111,0.625,4.153849429635368,5.618273236678538,-1.46442380704317,5.289258467296152,19932
Tyson Miller,CHW,AAA,30,8.1,9.720003707887157,7.560002883912233,1.28571429,4.320001647949847,0.2,0.15555556,0.04444445,0.30555556,2.1600008239749235,0.30434783,0.55555556,12.960004943849542,10.872313926697842,2.0876910171517,7.327142219479022,19976
Bryse Wilson,PHI,AAA,28,54.1,9.607362862556585,3.4785279329946257,2.76190476,0.8282209364272918,0.23481781,0.08502024,0.14979757,0.28959276,1.5644173243626622,0.37341772,0.60240964,6.294479116847418,4.049243696194754,2.245235420652664,4.0239907277690765,19990
Joel Kuhnel,OAK,AAA,31,3.0,18.0,3.0,6.0,0.0,0.6,0.1,0.5,0.0,0.3333333333333333,0.0,1.0,0.0,0.9937636375427252,-0.9937636375427252,1.5760462900002805,19995
Tyler Wells,BAL,AAA,31,1.1,13.500033393584838,0.0,2.0,0.0,0.28571429,0.0,0.28571429,0.28571429,1.5000037103983153,0.4,0.5,0.0,0.5523037135417486,-0.5523037135417486,1.955864292231563,20000
Wyatt Mills,LAD,AAA,31,29.1,13.193183247954547,4.295455010961946,3.07142857,0.0,0.3495935,0.11382114,0.23577236,0.17757009,1.1250001219186048,0.296875,0.74285714,2.7613639356183937,2.698308951697059,0.0630549839213348,4.067996703072902,20010
Darren McCaughan,CIN,AAA,30,55.1,8.295181485388099,3.0903617298504686,2.68421053,2.7650604951293665,0.19465649,0.07251908,0.12213741,0.31932773,1.7168676276947048,0.34705882,0.57742782,9.108434572190854,7.004118680545627,2.1043158916452267,5.614332943823532,20038
Sean Guenther,DET,AAA,30,16.2,8.099998455047903,2.6999994850159674,3.0,1.079999794006387,0.21428571,0.07142857,0.14285714,0.35384615,1.6799996795654908,0.4375,0.5952381,5.399998970031935,4.212311008453393,1.1876879615785416,3.9997258715792205,20045
Kaleb Ort,LAA,AAA,34,30.1,10.384616472916704,7.120879867142883,1.45833333,1.4835166389881007,0.22435897,0.15384615,0.07051282,0.32307692,2.1758244038492145,0.41111111,0.63934426,8.010989850535744,6.400357296345644,1.6106325541900999,6.100328736416859,20061
Bailey Falter,KCR,AAA,29,20.0,12.15,3.15,3.85714286,0.9,0.31034483,0.08045977,0.22988506,0.25316456,1.35,0.36,0.83333333,2.7,3.352311134338379,-0.6523111343383787,4.1108615577220915,20070
James Karinchak,ATL,AAA,30,25.2,13.324673674363758,3.506493072200989,3.8,1.0519479216602967,0.38,0.1,0.28,0.17977528,1.01298688752473,0.27083333,0.78947368,2.4545451505406923,3.3964669977961135,-0.9419218472554212,3.26231558740858,20151
Nate Pearson,HOU,"AA,AAA",29,8.2,11.423072733118815,11.423072733118815,1.0,0.0,0.23913043,0.23913043,0.0,0.20588235,2.076922315112512,0.30434783,0.57894737,6.230766945337535,5.530956592122241,0.6998103532152946,6.977982567422599,20160
Zach Pop,MIA,AAA,29,10.1,8.709680299730092,3.483872119892037,2.5,1.7419360599460185,0.20408163,0.08163265,0.12244898,0.33333333,1.838710285498575,0.39393939,0.49382716,9.580648329703102,5.294247194284398,4.286401135418704,4.045846748906039,20185
Garrett Whitlock,BOS,AAA,30,1.0,9.0,18.0,0.5,0.0,0.2,0.4,-0.2,0.33333333,3.0,0.5,1.0,0.0,7.552311134338379,-7.552311134338379,7.552311134338379,20191
Ben Bowden,OAK,AAA,31,25.1,11.72368568165499,3.1973688222695427,3.66666667,3.1973688222695427,0.29464286,0.08035714,0.21428572,0.29126214,1.539473877389039,0.3442623,0.71969697,7.105264049487873,7.072711392320803,0.03255265716707001,4.591880292013025,20198
Eli Morgan,KCR,AAA,30,15.0,15.0,4.8,3.125,0.0,0.40983607,0.13114754,0.27868853,0.16981132,1.1333333333333333,0.32142857,0.82352941,1.2,1.8189778010050457,-0.6189778010050457,2.941823486487071,20203
Mike Baumann,NYM,AAA,30,11.0,7.363636363636363,4.090909090909091,1.8,0.8181818181818182,0.17307692,0.09615385,0.07692308,0.2826087,1.6363636363636365,0.33333333,0.625,5.7272727272727275,4.734129316156561,0.9931434111161668,5.5938487443056975,20206
Daysbel Hernández,ATL,AAA,29,20.0,11.7,6.3,1.85714286,0.9,0.27659574,0.14893617,0.12765957,0.25974026,1.7,0.36734694,0.78947368,4.05,4.802311134338379,-0.7523111343383793,4.5315863460302355,20271
Jhonathan Díaz,SEA,AAA,29,68.0,7.411764705882353,3.4411764705882355,2.15384615,1.4558823529411764,0.18064516,0.08387097,0.09677419,0.29537367,1.6029411764705883,0.3364486,0.64182195,6.088235294117647,5.729057755189784,0.3591775389278631,5.450031357740655,20298
Nick Raquet,STL,AAA,30,27.2,9.759035023260115,2.60240933953603,3.75,0.32530116744200377,0.26315789,0.07017544,0.19298246,0.27358491,1.3373492439282377,0.37333333,0.6741573,3.578312841862042,2.720985928653259,0.8573269132087828,3.7392150333813707,20333
Blake Cederlind,ARI,CPX,30,4.0,9.0,0.0,4.0,0.0,0.2,0.0,0.2,0.35,1.75,0.4375,0.57142857,4.5,2.817668151855469,1.682331848144531,4.307678659260273,20344
Zack Kelly,BOS,AAA,31,13.1,7.425001770258372,4.050000965595475,1.83333333,1.3500003218651586,0.18965517,0.10344828,0.0862069,0.23076923,1.3500003218651586,0.25641026,0.78947368,4.050000965595475,5.202311527729128,-1.1523105621336525,5.076935736745501,20349
Brusdar Graterol,LAD,AAA,27,3.1,8.100008304127623,8.100008304127623,1.0,2.700002768042541,0.17647059,0.17647059,0.0,0.28571429,2.1000021529219763,0.3,0.71428571,8.100008304127623,8.793768558507242,-0.6937602543796189,6.465929333642124,20367
Bruce Zimmermann,STL,AAA,31,67.2,9.975370957754496,2.2610840837576855,4.41176471,1.8620692454475058,0.26223776,0.05944056,0.2027972,0.26492537,1.3004928063442898,0.31843575,0.77809798,4.256158275308585,4.823247285993026,-0.5670890106844411,3.9589076299906383,20370
Tyler Zuber,MIA,AAA,31,27.2,13.987950200006162,5.20481867907206,2.6875,1.9518070046520228,0.33858268,0.12598425,0.21259843,0.25925926,1.5903612630497963,0.37288136,0.77720207,5.20481867907206,5.323395268189289,-0.11857658911722879,4.195150948249885,20379
Isaac Mattson,PIT,AAA,30,9.2,10.241375942435448,5.586205059510244,1.83333333,0.0,0.26190476,0.14285714,0.11904762,0.22222222,1.4482753857989523,0.32,0.85714286,1.8620683531700815,3.1385181669672497,-1.2764498137971683,4.10648826716616,20385
Nick Margevicius,SFG,"A,CPX",30,10.1,1.7419360197547236,2.612904029632085,0.66666667,1.7419360197547236,0.04081633,0.06122449,-0.02040816,0.35555556,1.8387102430744304,0.34146341,0.46511628,8.709680098773617,7.944550487625893,0.7651296111477244,7.577789143902905,20395
Eli Villalobos,SDP,AAA,29,15.2,8.042551559579817,3.446807811248493,2.33333333,2.297871874165662,0.20895522,0.08955224,0.11940299,0.23333333,1.27659548564759,0.23809524,0.64935065,5.744679685414155,6.866103480249802,-1.1214237948356471,5.6654725232359935,20408
Josh Fleming,TOR,AAA,30,58.2,7.36363572522634,1.5340907760888207,4.8,0.46022723282664624,0.2,0.04166667,0.15833333,0.24017467,1.1079544493974816,0.29213483,0.69579288,2.147727086524349,3.1432202607146937,-0.9954931741903446,3.9777016434141284,20418
Ryan Walker,SFG,AAA,30,9.1,6.750002299037082,2.8928581281587493,2.33333333,0.0,0.18918919,0.08108108,0.10810811,0.21212121,1.0714289363550924,0.26923077,0.81818182,1.9285720854391661,3.7794778502717064,-1.8509057648325402,5.276776609425195,20423
Enoli Paredes,BAL,AAA,30,33.0,8.727272727272727,6.818181818181818,1.28,1.0909090909090908,0.21052632,0.16447368,0.04605263,0.26612903,1.7575757575757576,0.32954545,0.64981949,6.0,5.734129316156561,0.26587068384343926,6.086490594257008,20447
Bryan Sammons,DET,AAA,31,41.0,7.682926829268292,4.390243902439025,1.75,1.7560975609756098,0.19774011,0.11299435,0.08474576,0.24840764,1.4390243902439024,0.27192982,0.75313808,4.829268292682927,5.844994061167648,-1.015725768484721,5.590615373122983,20462
Huascar Ynoa,LAA,AAA,28,41.1,6.967742792897722,5.661291019229399,1.23076923,0.8709678491122153,0.14414414,0.11711712,0.02702703,0.34554974,2.2258067255089946,0.4,0.50328228,9.14516241567826,5.95344129804521,3.191721117633051,6.6817120488684,20468
J.B. Bukauskas,MIL,"AAA,CPX",29,5.1,13.50000804663184,13.50000804663184,1.0,0.0,0.25,0.25,0.0,0.26086957,2.625001564622858,0.4,0.53333333,11.812507040802862,5.852066945884116,5.960440094918746,7.041087841724132,20491
Casey Mize,DET,A,29,5.0,9.0,1.8,5.0,1.8,0.27777778,0.05555556,0.22222222,0.17647059,0.8,0.18181818,1.0,1.8,4.947079086303711,-3.1470790863037115,3.5997280657291415,20492
Nick Sandlin,DET,AAA,29,22.0,10.636363636363637,4.5,2.36363636,0.8181818181818182,0.26804124,0.11340206,0.15463918,0.20481928,1.2727272727272727,0.27272727,0.67375887,4.090909090909091,4.4066686093514615,-0.3157595184423707,4.9885482874491,20517
Kutter Crawford,BOS,AAA,30,3.0,15.0,3.0,5.0,9.0,0.3125,0.0625,0.25,0.4,2.3333333333333335,0.42857143,0.71428571,15.0,14.218977801005046,0.781022198994954,3.7141904354095465,20531
Edwin Uceta,TBR,"AA,AAA",28,4.1,14.538472603772476,0.0,7.0,2.0769246576817824,0.38888889,0.0,0.38888889,0.44444444,1.8461552512726953,0.7,0.75757576,6.230773973045347,3.3955601892991396,2.835213783746207,2.0579745266993372,20539
Anderson Severino,NYM,AAA,31,20.2,8.709676079646067,4.790321843805337,1.81818182,0.0,0.25,0.1375,0.1125,0.16176471,1.0645159652900749,0.22916667,0.82608696,1.3064514119469102,3.3587627770129105,-2.052311365066,4.535939524269351,20582
Logan Porter,SFG,AAA,30,1.0,0.0,0.0,0.0,0.0,0.0,0.0,0.0,0.57142857,4.0,0.57142857,0.5,18.0,3.993763637542725,14.006236362457276,9.23430750966072,20626
Aneurys Zabala,LAA,AA,29,10.0,9.9,9.0,1.1,0.0,0.2,0.18181818,0.01818182,0.30232558,2.3,0.40625,0.64,6.3,5.059226608276367,1.240773391723633,7.014436420798302,20802
Seth Martinez,BOS,AAA,31,41.0,7.463414634146342,3.073170731707317,2.42857143,2.4146341463414633,0.19883041,0.08187135,0.11695906,0.22580645,1.1951219512195121,0.21818182,0.61797753,6.146341463414634,6.55231113433838,-0.4059696709237457,5.209780533430053,21045
Luis Gil,NYY,AAA,28,4.2,11.571420689023775,7.714280459349183,1.5,1.9285701148372958,0.27272727,0.18181818,0.09090909,0.22222222,1.7142845465220407,0.27272727,0.75757576,5.785710344511887,6.338023522436695,-0.552313177924808,6.760439478923018,21052
Miguel Yajure,HOU,AAA,28,0.2,0.0,67.49966003171964,0.0,0.0,0.0,0.71428571,-0.71428571,0.5,8.999954670895953,0.5,0.33333333,53.99972802537572,26.493650314782606,27.50607771059311,26.493650314782606,21111
Alejo Lopez,SEA,AAA,30,1.0,0.0,0.0,0.0,18.0,0.0,0.0,0.0,0.33333333,2.0,0.0,-5.0,0.0,32.99376363754273,-32.99376363754273,10.487459552288055,21127
Jose Espada,BAL,"AA,AAA",29,26.2,8.10000196740079,5.73750139357556,1.41176471,1.3500003279001318,0.20168067,0.14285714,0.05882353,0.2,1.3875003370084686,0.22222222,0.74850299,3.7125009017253623,5.840320712477837,-2.1278198107524746,6.065989993527047,21131
Alexis Díaz,TEX,AAA,29,24.2,11.310809353131301,8.39189081038774,1.34782609,0.36486481784294517,0.27433628,0.20353982,0.07079646,0.17241379,1.5405403420035462,0.25454545,0.63131313,3.6486481784294518,5.169439161703326,-1.5207909832738742,5.917138926129047,21132
Brooks Kriske,OAK,AAA,32,16.0,14.0625,6.1875,2.27272727,0.5625,0.37313433,0.1641791,0.20895522,0.19642857,1.375,0.33333333,0.87378641,2.25,3.743763637542725,-1.4937636375427248,3.367975626885891,21189
J.P. France,HOU,AAA,31,28.0,9.321428571428571,7.071428571428571,1.31818182,0.9642857142857143,0.21969697,0.16666667,0.0530303,0.26666667,1.7857142857142858,0.34246575,0.80708661,4.178571428571429,6.208049351828439,-2.0294779232570104,6.250103031098843,21212
Jake Bird,NYY,AAA,30,1.1,13.500033393584838,0.0,2.0,0.0,0.5,0.0,0.5,0.0,0.0,0.0,1.0,0.0,0.5523037135417486,-0.5523037135417486,1.955864292231563,21267
Bryce Montes de Oca,WSN,"A,A+,AAA,CPX",30,7.0,11.57142837436832,15.428571165824428,0.75,1.2857142638187022,0.23076923,0.30769231,-0.07692308,0.08695652,1.9999999659402035,0.07692308,0.42168675,12.857142638187023,9.8042404047543,3.0529022334327234,9.85997535006457,21319
Parker Mushinski,COL,AAA,30,30.0,8.4,3.0,2.8,2.1,0.224,0.08,0.144,0.24347826,1.2666666666666666,0.2625,0.81560284,4.5,6.160430304209392,-1.6604303042093917,4.52457533677419,21324
Bennett Sousa,HOU,"AA,AAA",31,3.2,22.090888502203214,2.4545431669114683,9.0,0.0,0.75,0.08333333,0.66666667,0.0,0.2727270185457187,0.0,1.0,0.0,-0.3435621535691076,0.3435621535691076,0.6519395341402552,21345
Peter Strzelecki,NYY,AAA,31,24.1,10.72602459475776,1.8493145853030621,5.8,1.1095887511818374,0.2815534,0.04854369,0.23300971,0.25263158,1.19178051052864,0.33333333,0.61151079,4.8082179217879615,3.7577905327053864,1.050427389082575,3.616288379551027,21367
Yerry De los Santos,NYY,AAA,28,31.2,10.23157792025336,2.2736839822785244,4.5,0.5684209955696311,0.27692308,0.06153846,0.21538462,0.21008403,1.0421051585443237,0.28395062,0.63253012,3.4105259734177866,3.141784859760312,0.26874111365747444,3.56177215418454,21420
Ryan Feltner,COL,"AA,AAA",29,8.2,9.34615016089534,1.038461128988371,9.0,0.0,0.25714286,0.02857143,0.22857143,0.26470588,1.1538456988759678,0.36,0.9,1.038461128988371,2.0805337477114385,-1.0420726187230676,3.334444308909397,21446
Konnor Pilkington,DET,AAA,28,33.1,8.100001235962102,7.560001153564629,1.07142857,1.3500002059936838,0.18867925,0.17610063,0.01257862,0.21705426,1.6800002563476955,0.24468085,0.68627451,5.400000823974735,6.402311569213934,-1.0023107452391988,6.417291521093237,21453
Kris Bubic,KCR,AAA,28,1.1,0.0,6.750016696792419,0.0,0.0,0.0,0.07692308,-0.07692308,0.66666667,6.750016696792419,0.66666667,0.33333333,33.750083483962094,5.802316699935853,27.947766784026243,8.60943785731548,21455
Cole Sands,MIN,AAA,28,1.0,9.0,0.0,1.0,0.0,0.33333333,0.0,0.33333333,0.0,0.0,0.0,1.0,0.0,1.552311134338379,-1.552311134338379,1.552311134338379,21461
Stephen Kolek,KCR,AAA,29,16.1,7.714287215697467,2.204082061627848,3.5,0.551020515406962,0.20289855,0.05797101,0.14492754,0.29230769,1.4081635393733472,0.36,0.74074074,2.7551025770348097,3.368637629202725,-0.6135350521679155,3.718480233497834,21487
Luken Baker,ARI,AAA,29,2.1,3.85714850621175,0.0,1.0,3.85714850621175,0.125,0.0,0.125,0.125,0.42857205624574995,0.0,1.0,3.85714850621175,8.708056256245975,-4.850907750034224,6.1312204092107905,21497
Connor Kaiser,KCR,AAA,29,1.0,0.0,0.0,0.0,0.0,0.0,0.0,0.0,0.0,0.0,0.0,1.0,0.0,3.552311134338379,-3.552311134338379,3.552311134338379,21535
Reiss Knehr,MIL,AAA,29,25.2,10.519479216602967,3.15584376498089,3.33333333,0.7012986144401978,0.29411765,0.08823529,0.20588235,0.2173913,1.1298699899314297,0.3,0.80882353,2.8051944577607912,3.3964669977961135,-0.5912725400353223,3.6229849342341494,21541
Chase Shugart,PHI,AAA,29,5.0,10.8,0.0,6.0,0.0,0.28571429,0.0,0.28571429,0.23809524,1.0,0.33333333,0.8,1.8,1.1523111343383792,0.6476888656616209,2.649438714981079,21544
Jackson Kowar,BAL,AAA,29,5.0,9.0,1.8,5.0,1.8,0.26315789,0.05263158,0.21052632,0.22222222,1.0,0.25,0.55555556,3.6,4.752311134338379,-1.1523111343383792,4.023720610141754,21549
Brendon Little,TOR,AAA,29,23.1,12.342858824438208,7.328572427010186,1.68421053,0.385714338263694,0.31683168,0.18811881,0.12871287,0.18518519,1.457143055662844,0.29166667,0.71428571,2.314286029582164,3.938025472602073,-1.6237394430199092,4.1027120071344205,21574
Tristan Beck,SFG,AAA,30,23.0,9.0,3.5217391304347827,2.55555556,0.0,0.22772277,0.08910891,0.13861386,0.24175824,1.3478260869565217,0.32352941,0.625,3.9130434782608696,3.2981114636296813,0.6149320146311883,5.120909332192463,21584
César Salazar,HOU,AAA,30,1.0,0.0,0.0,0.0,9.0,0.0,0.0,0.0,0.25,1.0,0.0,0.0,18.0,19.993763637542724,-1.993763637542724,10.487459552288055,21587
Kervin Castro,NYY,AAA,27,21.2,7.4769219799156215,2.0769227721987837,3.6,0.8307691088795135,0.21686747,0.06024096,0.15662651,0.20512821,0.9692306270260991,0.24137931,0.76923077,2.4923073266385405,3.783080331249355,-1.2907730046108146,4.051416957509581,21656
Elvis Alvarado,OAK,AAA,27,12.0,12.0,3.0,4.0,0.75,0.32653061,0.08163265,0.24489796,0.18181818,1.0,0.25925926,0.86206897,2.25,3.6604303042093917,-1.4104303042093917,3.8872329389055578,21662
Javier Assad,CHC,AAA,28,16.0,7.875,5.0625,1.55555556,1.125,0.17721519,0.11392405,0.06329114,0.34285714,2.0625,0.40740741,0.62913907,7.3125,5.114811134338379,2.197688865661621,5.0103313334286215,21741
José Marte,NYM,A,30,2.0,13.5,4.5,3.0,4.5,0.3,0.1,0.2,0.33333333,2.0,0.4,0.76923077,9.0,8.74707908630371,0.2529209136962898,3.029984698444605,21761
Braxton Garrett,MIA,AAA,28,52.0,9.865384615384615,3.980769230769231,2.47826087,0.8653846153846154,0.28358209,0.11442786,0.16915423,0.12352941,0.8461538461538461,0.14814815,0.86666667,1.9038461538461537,4.398464980492225,-2.494618826646071,4.30010158098661,21844
Cole Ragans,KCR,AAA,28,4.1,6.230773801637651,2.0769246005458837,3.0,2.0769246005458837,0.17647059,0.05882353,0.11764706,0.1875,0.9230776002426149,0.16666667,1.0,2.0769246005458837,5.860005134944917,-3.783080534399033,5.451187186150222,21846
Mason Thompson,TEX,AAA,28,26.2,8.437498994171738,5.062499396503044,1.66666667,0.6749999195337392,0.19685039,0.11811024,0.07874016,0.27522936,1.6874997988343479,0.34146341,0.55309735,6.7499991953373915,5.11876350343229,1.6312356919051014,5.715926593880301,21850
Gregory Santos,SFG,"AAA,CPX",26,15.0,6.6,4.8,1.375,0.0,0.15714286,0.11428571,0.04285714,0.25806452,1.6,0.31372549,0.58333333,4.8,4.182023938496909,0.6179760615030911,5.795292868713538,21894
Joel Peguero,SFG,AAA,29,9.1,10.607146469915413,2.8928581281587493,3.66666667,0.9642860427195831,0.30555556,0.08333333,0.22222222,0.15151515,0.8571431490840739,0.19047619,0.45454545,4.821430213597916,3.993763637542725,0.8276665760551909,4.472529469222965,21951
Yerry Rodríguez,NYY,"A,A+",28,8.2,6.230766773930226,1.038461128988371,6.0,0.0,0.16666667,0.02777778,0.13888889,0.28571429,1.2692302687635646,0.34482759,0.81818182,2.076922257976742,2.643985653510725,-0.567063395533983,3.986395297455459,21955
Cole Winn,TEX,AAA,26,0.2,13.49993200634393,13.49993200634393,1.0,0.0,0.33333333,0.33333333,0.0,0.0,1.4999924451493254,0.0,1.0,0.0,5.49375608269205,-5.49375608269205,5.49375608269205,22113
Hagen Danner,CIN,AAA,27,25.2,9.81818060216277,8.064934066062275,1.2173913,1.0519479216602967,0.20895522,0.17164179,0.03731343,0.33636364,2.3376620481339927,0.43037975,0.65140845,8.064934066062275,5.695168011794539,2.3697660542677355,5.633928649875404,22116
Nick Pratto,TEX,AAA,27,0.1,0.0,0.0,0.0,0.0,0.0,0.0,0.0,0.0,0.0,0.0,1.0,0.0,3.9937636375427252,-3.9937636375427252,9.2343598306097,22117
Max Kranick,WSN,A,28,1.2,10.799978628200861,0.0,2.0,0.0,0.4,0.0,0.4,0.0,0.0,0.0,1.0,0.0,1.2176726150418715,-1.2176726150418715,2.1054650682290124,22175
Easton McGee,MIL,AAA,28,33.2,8.821780845448583,3.2079203074358484,2.75,0.8019800768589621,0.21854305,0.0794702,0.13907285,0.28888889,1.5148512562891507,0.36363636,0.66929134,5.613860538012735,4.176073416339794,1.4377871216729403,4.574077276680651,22176
Hunter Greene,CIN,CPX,26,4.0,13.5,2.25,6.0,0.0,0.42857143,0.07142857,0.35714286,0.15384615,0.75,0.28571429,1.0,0.0,2.567668151855469,-2.567668151855469,2.94017077870667,22182
Ryan Miller,COL,AAA,30,31.0,5.516129032258065,6.096774193548387,0.9047619,1.7419354838709677,0.11515152,0.12727273,-0.01212121,0.33566434,2.225806451612903,0.3559322,0.48701299,9.580645161290322,7.413118476252402,2.1675266850379202,7.545436347107733,22187
Tobias Myers,NYM,AAA,27,6.0,6.0,1.5,4.0,0.0,0.19047619,0.04761905,0.14285714,0.05263158,0.3333333333333333,0.06666667,0.66666667,0.0,3.218977801005046,-3.218977801005046,6.649895173311235,22191
Hans Crouse,BAL,"A+,AAA",27,25.0,10.44,5.04,2.07142857,1.08,0.26126126,0.12612613,0.13513514,0.24742268,1.52,0.32307692,0.76923077,3.6,4.482391319274902,-0.8823913192749022,4.349650235176086,22192
Ryan Rolison,CHC,AAA,28,7.1,13.500005852094933,7.363639555688145,1.83333333,0.0,0.2972973,0.16216216,0.13513514,0.29032258,2.0454554321355958,0.45,0.8,3.6818197778440727,3.0068563524355536,0.6749634254085191,3.7724332880419618,22200
Jeremiah Estrada,SDP,"A,AAA",27,2.0,9.0,4.5,2.0,0.0,0.28571429,0.14285714,0.14285714,0.0,0.5,0.0,1.0,0.0,3.772382211685181,-3.772382211685181,7.159239214658737,22210
Jonathan Heasley,TBR,AAA,29,27.2,5.855421013956068,1.9518070046520228,3.0,0.9759035023260114,0.15652174,0.05217391,0.10434783,0.25233645,1.1927709472873473,0.27906977,0.71428571,3.9036140093040457,4.528214636664391,-0.624600627360345,4.944891306138306,22224
Paul Campbell,CHC,AAA,30,50.0,7.02,3.06,2.29411765,2.34,0.17030568,0.07423581,0.09606987,0.31100478,1.64,0.33121019,0.5988024,7.92,6.5723111343383795,1.3476888656616204,5.625143452882767,22248
Tarik Skubal,DET,A+,29,5.0,10.8,0.0,6.0,0.0,0.35294118,0.0,0.35294118,0.11764706,0.4,0.18181818,1.0,0.0,1.5470755577087405,-1.5470755577087405,2.2552691996097565,22267
Dylan Coleman,NYY,AAA,29,18.2,10.607141050757502,8.196427175585342,1.29411765,0.9642855500688637,0.26829268,0.20731707,0.06097561,0.15625,1.4464283251032957,0.2,0.83333333,2.8928566502065913,5.480882234476106,-2.588025584269515,5.892598444600223,22276
Mason Englert,TBR,AAA,26,21.1,8.859376320149947,1.2656251885928496,7.0,1.2656251885928496,0.23076923,0.03296703,0.1978022,0.27272727,1.2656251885928496,0.328125,0.70175439,4.218750628642831,3.8335611762479016,0.3851894523949295,3.4967155520848068,22288
Brenan Hanifee,DET,AAA,28,15.1,9.391306294836436,3.521739860563664,2.66666667,0.5869566434272773,0.22222222,0.08333333,0.13888889,0.3030303,1.6956525254565789,0.3877551,0.6097561,6.456523077700051,3.487093729513126,2.9694293481869245,3.7377036911803865,22304
Colin Holderman,CLE,AAA,30,9.2,12.103444295605529,1.8620683531700815,6.5,0.9310341765850407,0.28888889,0.04444444,0.24444444,0.30952381,1.5517236276417345,0.42857143,0.34246575,7.448273412680326,3.1385181669672497,4.309755245713076,2.9552551432497722,22361
Raymond Burgos,BOS,AAA,27,27.1,8.890244936390031,4.609756633683721,1.92857143,0.6585366619548172,0.20454545,0.10606061,0.09848485,0.34188034,1.9756099858644516,0.43181818,0.59386973,7.243903281502989,4.174262426184596,3.0696408553183936,4.45543455270714,22370
Cal Stevenson,DET,AAA,29,1.0,9.0,0.0,1.0,18.0,0.14285714,0.0,0.14285714,0.57142857,4.0,0.5,1.0,18.0,27.552311134338378,-9.552311134338378,7.166539561748505,22411
Logan Gillaspie,SDP,AAA,29,41.1,7.8387106420099375,3.9193553210049688,2.0,1.7419356982244305,0.18090452,0.09045226,0.09045226,0.30726257,1.7661292495886587,0.34814815,0.51724138,6.532258868341614,6.219570363051719,0.3126885052898949,5.309414340895309,22461
Michel Otañez,TEX,AAA,28,27.1,12.512196577141527,8.560976605412623,1.46153846,1.3170733239096344,0.30645161,0.20967742,0.09677419,0.20408163,1.6829270249956438,0.28571429,0.66831683,5.9268299575933545,5.969373623407177,-0.042543665813822074,5.281206879594645,22533
Taj Bradley,MIN,AAA,25,1.2,16.199967942301292,10.799978628200861,1.5,0.0,0.33333333,0.22222222,0.11111111,0.28571429,2.3999952507113025,0.5,0.75,5.399989314100431,3.552311134338379,1.8476781797620516,3.552311134338379,22543
Yovanny Cruz,NYY,AAA,26,26.0,12.461538461538462,4.5,2.76923077,0.6923076923076923,0.31304348,0.11304348,0.2,0.20833333,1.2692307692307692,0.31034483,0.66298343,3.4615384615384617,3.975388057415302,-0.5138495958768403,4.270979232971485,22622
Keider Montero,DET,AAA,25,4.0,6.75,2.25,3.0,0.0,0.21428571,0.07142857,0.14285714,0.08333333,0.5,0.11111111,1.0,0.0,3.552311134338379,-3.552311134338379,4.9558682411909105,22630
Prelander Berroa,CHW,CPX,26,0.0,0.0,9.0,0.0,0.0,0.0,1.0,-1.0,0.0,1.0,0.0,1.0,0.0,7.817668151855469,-7.817668151855469,7.817668151855469,22932
Eduardo Salazar,MIN,"AAA,CPX",28,9.2,6.517239155724748,6.517239155724748,1.0,0.9310341651035354,0.14893617,0.14893617,0.0,0.275,1.8620683302070709,0.3125,0.60240964,7.448273320828283,5.720722882071453,1.7275504387568308,6.027818423125545,23135
Eduarniel Núñez,OAK,"AA,AAA,CPX",27,18.2,11.089289632912362,9.160717522840645,1.21052632,0.48214302751792876,0.23469388,0.19387755,0.04081633,0.28571429,2.1964293475816756,0.39622642,0.64903846,6.750002385251003,5.508094357844155,1.241908027406848,6.437620134054325,23162
Steven Cruz,KCR,AAA,27,7.0,12.857142857142858,3.857142857142857,3.33333333,1.2857142857142858,0.27777778,0.08333333,0.19444444,0.3125,1.8571428571428572,0.42857143,0.47619048,6.428571428571429,4.2665968486240935,2.1619745799473353,4.280863467284611,23165
Michael Plassmeyer,SEA,AAA,29,28.2,8.476743246040428,4.3953483497987405,1.92857143,0.9418603606711586,0.23478261,0.12173913,0.11304348,0.14583333,0.9767440777330534,0.16666667,0.90277778,1.8837207213423173,5.079025267810142,-3.1953045464678245,5.324532256323668,23191
Michael Grove,TBR,"AAA,CPX",29,12.2,11.368418199534617,2.842104549883654,4.0,1.421052274941827,0.32,0.08,0.24,0.19565217,1.0263155319024306,0.25,0.88235294,2.842104549883654,4.117067511519288,-1.2749629616356337,3.359618090769001,23221
Michael Mercado,PHI,"A,A+,AAA",27,30.2,9.097828043854049,5.282609831915254,1.72222222,1.1739132959811676,0.22302158,0.1294964,0.09352518,0.22033898,1.434782917310316,0.26506024,0.77294686,4.402174859929379,5.302239611016775,-0.9000647510873963,4.94423767382977,23223
Cody Bolton,HOU,AAA,28,7.0,9.0,1.2857142857142858,7.0,2.5714285714285716,0.25,0.03571429,0.21428572,0.2962963,1.2857142857142858,0.33333333,0.64516129,6.428571428571429,6.136620780399868,0.2919506481715608,3.919633315290724,23265
Packy Naughton,STL,AAA,30,2.1,11.57144551863525,0.0,3.0,0.0,0.33333333,0.0,0.33333333,0.22222222,0.8571441124914999,0.33333333,0.5,3.85714850621175,0.9808787968638795,2.8762697093478704,1.782912603986713,23292
Codi Heuer,CLE,AAA,29,17.0,6.352941176470588,3.7058823529411766,1.71428571,1.0588235294117647,0.17391304,0.10144928,0.07246377,0.24590164,1.2941176470588236,0.27659574,0.84158416,3.176470588235294,5.081722899044261,-1.9052523108089674,5.533803520483129,23293
Jacob Amaya,ARI,AAA,27,0.2,0.0,0.0,0.0,0.0,0.0,0.0,0.0,0.6,4.499977335447976,0.6,0.66666667,13.49993200634393,3.9937636375427243,9.506168368801205,6.614022376426253,23296
Collin Snider,CHC,AAA,30,28.2,9.104650153154534,4.3953483497987405,2.07142857,3.7674414426846345,0.2,0.09655172,0.10344828,0.33333333,1.9534881554661068,0.35294118,0.63348416,10.360463967382746,8.959287278932067,1.401176688450679,6.259259601033182,23307
Nolan Hoffman,PHI,AAA,28,21.1,11.812501760199929,5.484375817235681,2.15384615,0.0,0.28865979,0.13402062,0.15463918,0.25609756,1.5937502374872918,0.38888889,0.69444444,4.218750628642831,3.0366860575042556,1.1820645711385755,4.001631712253478,23381
Ricky Vanasco,DET,AAA,27,24.0,13.875,4.5,3.08333333,0.0,0.37373737,0.12121212,0.25252525,0.1744186,1.125,0.30612245,0.85714286,1.125,2.093977801005046,-0.968977801005046,3.419559513032437,23391
PJ Poulin,WSN,AAA,29,6.0,4.5,7.5,0.6,1.5,0.11538462,0.19230769,-0.07692308,0.14285714,1.3333333333333333,0.11764706,0.75757576,4.5,7.218977801005046,-2.718977801005046,6.611819030841192,23394
Max Lazar,PHI,"A+,AA,AAA",27,18.1,7.8545468675600185,2.9454550753350066,2.66666667,1.4727275376675033,0.2,0.075,0.125,0.26027397,1.363636608951392,0.2962963,0.59633028,3.9272734337800093,5.084304626788652,-1.1570311930086423,4.083278119204686,23426
JP Sears,SDP,AAA,30,63.2,8.76439720558069,3.9581148670364406,2.21428571,1.4136124525130145,0.20394737,0.09210526,0.11184211,0.32481752,1.837696188266919,0.39108911,0.56190476,7.916229734072881,5.501616920223274,2.4146128138496072,5.133413683665856,23429
Tom Cosgrove,HOU,AAA,30,26.2,9.449998873472348,6.074999275803652,1.55555556,0.6749999195337392,0.23333333,0.15,0.08333333,0.18085106,1.3124998435378261,0.234375,0.7960199,3.7124995574355655,5.793763422966029,-2.081263865530463,6.521940094598954,23443
Hunter Stratton,ATL,AAA,29,26.2,8.774998953938608,6.074999275803652,1.44444444,0.6749999195337392,0.21487603,0.14876033,0.0661157,0.23300971,1.5749998122453914,0.29333333,0.66326531,4.049999517202435,4.60231100916864,-0.5523114919662051,5.101045911909965,23455
Cam Sanders,PIT,AAA,29,21.1,15.609377325978476,7.171876068692813,2.17647059,0.8437501257285663,0.3814433,0.17525773,0.20618557,0.20512821,1.5468752305023716,0.35897436,0.83850932,2.9531254400499822,3.9741861972026626,-1.0210607571526804,3.9835486670937446,23479
Josh Walker,BAL,AAA,31,25.1,9.947369669283022,2.4868424173207555,4.0,0.7105264049487873,0.28571429,0.07142857,0.21428571,0.2,0.9868422290955379,0.26666667,0.60344828,3.5526320247439367,3.31546899935545,0.23716302538848666,3.840453235964035,23617
Randy Dobnak,SEA,AAA,31,74.1,5.327354487917541,3.026905959044057,1.76,0.6053811918088114,0.13496933,0.07668712,0.05828221,0.28231293,1.4529148603411475,0.31836735,0.67592593,4.358744581023442,4.950091578298853,-0.5913469972754104,5.139863839627497,23798
Omar Cruz,SDP,"AA,AAA",27,31.2,14.210524889240778,4.547367964557049,3.125,1.7052629867088933,0.35460993,0.11347518,0.24113475,0.23577236,1.4210524889240779,0.34328358,0.64766839,5.11578896012668,4.708261098025919,0.40752786210076053,3.7930115507827558,23875
Valente Bellozo,COL,AAA,26,54.0,5.0,5.0,1.0,2.3333333333333335,0.11363636,0.11363636,0.0,0.31441048,1.8888888888888888,0.31351351,0.51487414,9.666666666666666,8.197467341246428,1.469199325420238,7.18857661695392,23899
Brayan Bello,BOS,AAA,27,8.2,10.384611575562559,2.076922315112512,5.0,0.0,0.25,0.05,0.2,0.32432432,1.615384022865287,0.44444444,0.66666667,5.1923057877812795,2.283080830658511,2.9092249571227686,3.362739747605466,23920
Wilkin Ramos,SFG,AAA,25,30.2,8.804346913426139,3.5217387653704555,2.5,0.5869564608950759,0.21276596,0.08510638,0.12765958,0.28688525,1.5326085367815871,0.36666667,0.7421875,4.4021734567130695,4.743763559797544,-0.34159010308447435,4.978223682995978,23988
Luis Peralta,COL,AAA,25,22.2,13.897062721550526,11.514709112141865,1.20689655,1.191176804704331,0.2991453,0.24786325,0.05128205,0.24137931,2.205882971674687,0.36734694,0.5982906,8.73529656783176,6.298075887746952,2.437220680084808,6.581093328558261,24203
Luinder Avila,KCR,AAA,24,10.2,7.593747736886818,5.906248239800859,1.28571429,0.8437497485429798,0.1875,0.14583333,0.04166667,0.275,1.6874994970859596,0.33333333,0.79545455,4.218748742714899,5.33356060348467,-1.1148118607697706,6.044701413470424,24452
Carlos Duran,LAD,AAA,24,30.1,12.758243095297667,6.230769883750023,2.04761905,0.5934066555952403,0.29861111,0.14583333,0.15277778,0.21666667,1.5494507118320162,0.32,0.69915254,4.153846589166682,4.389368074606218,-0.235521485439536,5.029523533727824,24458
Grayson Rodriguez,LAA,"A,CPX",26,9.2,16.758615178530732,1.8620683531700815,9.0,0.0,0.41860465,0.04651163,0.37209302,0.3,1.4482753857989523,0.54545455,0.8,2.793102529755122,1.895829606934639,0.8972729228204832,2.389280679000281,24492
Adam Kloffenstein,NYY,AAA,25,57.2,8.115606220610847,4.838149862287236,1.67741935,1.7167628543599869,0.203125,0.12109375,0.08203125,0.23041475,1.4046241535672621,0.25324675,0.69293478,5.306357913476323,6.257513207875328,-0.9511552943990047,5.270545131116966,24493
Lyon Richardson,CIN,AAA,26,35.2,9.33645026241735,5.046729871576946,1.85,0.7570094807365418,0.23870968,0.12903226,0.10967742,0.21052632,1.345794632420519,0.2688172,0.61135371,4.542056884419251,4.421470167776631,0.12058671664262022,4.324931273192137,24581
John Rooney,TBR,"A+,AAA",29,18.2,10.607146605394433,6.267859357733074,1.69230769,1.4464290825537862,0.27848101,0.16455696,0.11392405,0.1875,1.339286187549802,0.23076923,0.78947368,3.85714422014343,5.702669166980828,-1.8455249468373975,4.918356196957857,24590
Joey Gerber,NYM,"A,AAA",29,20.2,7.838708471681461,3.483870431858427,2.25,0.8709676079646067,0.18947368,0.08421053,0.10526316,0.26744186,1.4999997692723783,0.31818182,0.54794521,6.532257059734551,4.384315907262253,2.147941152472298,5.2847139543011785,24591
Drew Rom,MIL,AAA,26,26.2,13.162498430907913,3.037499637901826,4.33333333,0.3374999597668696,0.33913043,0.07826087,0.26086957,0.23076923,1.2374998524785217,0.359375,0.71428571,3.037499637901826,2.3523112773895094,0.6851883605123166,3.478901815969863,24602
Jonathan Bowlan,PHI,AAA,29,1.0,18.0,0.0,2.0,0.0,0.66666667,0.0,0.66666667,0.0,0.0,0.0,1.0,0.0,-0.4476888656616209,0.4476888656616209,-0.4476888656616209,24607
Victor Vodnik,COL,AAA,26,2.0,18.0,4.5,4.0,0.0,0.57142857,0.14285714,0.42857143,0.0,0.5,0.0,1.0,0.0,1.4937636375427248,-1.4937636375427248,2.3671876162290575,24614
Ryan Weiss,HOU,AAA,29,23.1,8.100001103537574,4.242857720900634,1.90909091,1.542857353054776,0.17948718,0.09401709,0.08547009,0.33009709,1.9285716913184698,0.38461538,0.56603774,8.485715441801268,6.222335369732956,2.263380072068312,5.49106209071002,24621
Tanner Andrews,TOR,AAA,30,24.0,10.125,6.0,1.6875,0.375,0.26732673,0.15841584,0.10891089,0.1547619,1.2083333333333333,0.21428571,0.94405594,1.125,3.968977801005046,-2.843977801005046,5.142769820491473,24698
Luis Curvelo,TEX,AAA,25,11.2,6.9428552510792185,8.485711973541267,0.81818182,1.5428567224620486,0.15254237,0.18644068,-0.03389831,0.23404255,1.8857137718980592,0.25,0.69306931,6.9428552510792185,7.765191181338843,-0.8223359302596247,7.932296905917231,24710
Ryan Fernandez,STL,AAA,28,16.2,9.719998146057483,1.6199996910095804,6.0,1.079999794006387,0.28571429,0.04761905,0.23809524,0.16666667,0.779999851226835,0.2,0.78431373,2.6999994850159674,3.4923111457824687,-0.7923116607665013,3.3920105560399207,24862
Lazaro Estrada,TOR,"A,AAA",27,14.1,9.418606740065893,3.1395355800219646,3.0,1.255814232008786,0.26785714,0.08928571,0.17857143,0.15686275,0.9069769453396787,0.17647059,0.58823529,4.395349812030751,4.346930094567889,0.048419717462861556,4.579350270055424,24914
Ethan Roberts,CHC,AAA,28,9.1,10.607146469915413,4.821430213597916,2.2,0.9642860427195831,0.26829268,0.12195122,0.14634146,0.22222222,1.39285761726162,0.29166667,0.86206897,1.9285720854391661,4.195168496151434,-2.2665964107122685,4.606884916620181,24930
Andrew Wantz,TBR,AAA,30,31.2,8.810525431329282,4.831578462341865,1.82352941,0.8526314933544467,0.2012987,0.11038961,0.09090909,0.29770992,1.768420875105519,0.37113402,0.60553633,6.821051946835573,5.00494256746077,1.8161093793748035,5.3098892643498745,24933
Chris Vallimont,MIN,AA,29,3.1,0.0,5.400005536085082,0.0,0.0,0.0,0.11764706,-0.11764706,0.21428571,1.5000015378014118,0.21428571,0.83333333,2.700002768042541,6.354938318732239,-3.6549355506896974,10.351931845446604,24935
Austin Warren,NYM,AAA,30,8.0,9.0,2.25,4.0,1.125,0.25,0.0625,0.1875,0.13333333,0.75,0.14285714,0.65217391,1.125,3.927311134338379,-2.802311134338379,3.7058682411909105,24937
Shawn Dubin,WSN,AAA,30,5.1,8.43750540633101,5.062503243798606,1.66666667,0.0,0.17241379,0.10344828,0.06896552,0.4,2.437501561828958,0.5,0.57142857,10.125006487597211,4.092856169394203,6.0321503182030085,5.777237778109993,24977
Erik Sabrowski,CLE,AA,28,0.2,26.99986401268786,13.49993200634393,2.0,0.0,0.5,0.25,0.25,0.0,1.4999924451493254,0.0,-1.0,0.0,2.0624991625166897,-2.0624991625166897,2.0624991625166897,24978
Kody Funderburk,MIN,AAA,29,12.0,9.75,2.25,4.33333333,1.5,0.23214286,0.05357143,0.17857143,0.33962264,1.75,0.42105263,0.6043956,6.75,4.30231113433838,2.44768886566162,3.0713492055734006,24993
Evan Sisk,PIT,AAA,29,7.2,16.434775794163667,8.217387897081833,2.0,0.0,0.36842105,0.18421053,0.18421053,0.19354839,1.6956514708264099,0.35294118,0.84615385,1.173912556725976,2.63926803466262,-1.4653554779366438,3.1274616085340776,24995
Jacob Lopez,OAK,AAA,28,3.2,12.27271583455734,2.4545431669114683,5.0,7.363629500734405,0.2,0.04,0.16,0.54166667,3.8181782596400615,0.625,0.30612245,26.999974836026148,12.721028231005722,14.278946605020426,4.466737684057323,25098
Jayvien Sandridge,BAL,AAA,27,5.1,11.812507040802862,13.50000804663184,0.875,0.0,0.21212121,0.24242424,-0.03030303,0.33333333,3.000001788140409,0.47058824,0.64705882,10.12500603497388,5.9898125872024615,4.135193447771419,7.744260016500284,25158
Joe Jacques,NYM,"A+,AAA",31,9.1,10.607135360647653,8.678565295075353,1.22222222,0.9642850327861503,0.24444444,0.2,0.04444444,0.27777778,2.035712846992984,0.375,0.68181818,5.785710196716902,5.497381506350996,0.2883286903659066,5.113745399730453,25178
Domingo Gonzalez,SEA,AAA,26,24.2,8.39189081038774,2.554053724900616,3.28571429,0.0,0.23,0.07,0.16,0.20879121,1.0540539182129527,0.27941176,0.78571429,1.4594592713717807,3.2234934665409516,-1.764034195169171,4.498220190073148,25241
Peyton Gray,TEX,AAA,31,12.2,10.657892062063704,1.421052274941827,7.5,0.0,0.33333333,0.04444444,0.28888889,0.18604651,0.7894734860787929,0.28571429,1.0,0.0,2.0990272709536217,-2.0990272709536217,3.6160264321659,25310
Roddery Muñoz,HOU,AAA,26,25.1,12.78947528907817,3.5526320247439367,3.6,0.7105264049487873,0.31858407,0.08849558,0.2300885,0.21,1.223684364078467,0.30645161,0.51282051,4.618421632167117,3.717447813395974,0.9009738187711434,3.6564953611376065,25311
Devin Sweet,BOS,AAA,29,33.1,8.100001235962102,5.130000782775999,1.57894737,1.080000164794947,0.19480519,0.12337662,0.07142857,0.2761194,1.6800002563476955,0.33,0.71984436,5.130000782775999,5.112311372375524,0.017689410400474337,6.078714312171467,25348
Zach Penrod,WSN,AAA,29,29.2,10.011234882308138,6.977527342214762,1.43478261,1.21348301603735,0.23076923,0.16083916,0.06993007,0.27350427,1.853932385612618,0.35,0.76335878,4.550561310140062,5.709614273960335,-1.1590529638202725,6.290810299482328,25368
Jhony Brito,SDP,"AA,AAA,CPX",28,38.0,7.105263157894737,3.0789473684210527,2.30769231,0.9473684210526315,0.19736842,0.08552632,0.11184211,0.22302158,1.1578947368421053,0.25714286,0.80729167,2.6052631578947367,4.776173635016667,-2.17091047712193,4.334530880256439,25386
Gavin Hollowell,CHC,AAA,28,17.1,14.01923334034284,7.269232102399991,1.92857143,0.5192308644571423,0.36,0.18666667,0.17333333,0.13333333,1.2692310020063478,0.21875,0.69444444,3.6346160511999956,3.7830804074304423,-0.14846435623044663,4.436637634144654,25427
Chase Solesky,TBR,AAA,28,42.1,9.14173338182505,3.6141736625819965,2.52941176,1.4881891551808222,0.22051282,0.08717949,0.13333333,0.31073446,1.7007876059209395,0.37795276,0.61708861,7.015748874423876,4.94601208919026,2.0697367852336157,4.520460137816933,25480
Joe La Sorsa,PIT,AAA,28,30.1,7.120879867142883,1.7802199667857208,4.0,0.5934066555952403,0.20168067,0.05042017,0.1512605,0.22727273,1.0219781290806915,0.27380952,0.73717949,2.9670332779762014,3.717146316448168,-0.7501130384719668,4.464068802556643,25481
Paxton Schultz,WSN,AAA,28,5.2,6.352937612568568,3.176468806284284,2.0,1.588234403142142,0.17391304,0.08695652,0.08695652,0.19047619,1.0588229354280947,0.1875,0.65217391,4.7647032094264254,5.493486515956553,-0.7287833065301275,5.5111099761801094,25501
Aaron Schunk,ATL,AAA,28,0.1,0.0,0.0,0.0,0.0,0.0,0.0,0.0,0.0,0.0,0.0,1.0,0.0,3.5523111343383795,-3.5523111343383795,9.166595613518373,25524
Matt Waldron,SDP,AAA,29,17.1,7.269232102399991,1.0384617289142846,7.0,0.5192308644571423,0.24137931,0.03448276,0.20689655,0.19642857,0.7500001375492055,0.24390244,1.0,0.5192308644571423,3.474532773085582,-2.95530190862844,3.8331094271808017,25550
Isaiah Campbell,ARI,AAA,28,27.0,10.666666666666666,3.3333333333333335,3.2,1.0,0.23529412,0.07352941,0.16176471,0.37301587,2.111111111111111,0.48351648,0.54924242,9.333333333333334,4.17894882272791,5.154384510605424,4.093163900684427,25551
Brady Basso,OAK,AAA,28,23.2,9.12675933747099,3.422534751551621,2.66666667,0.7605632781225825,0.21238938,0.07964602,0.13274336,0.31372549,1.732394133501438,0.39473684,0.54726368,6.845069503103242,4.458552307506525,2.386517195596717,5.05760165040419,25582
Sammy Peralta,COL,AAA,28,33.0,6.818181818181818,2.1818181818181817,3.125,1.0909090909090908,0.17857143,0.05714286,0.12142857,0.27692308,1.3333333333333333,0.31683168,0.54455446,5.7272727272727275,4.950083258657744,0.7771894686149832,4.69769534757643,25589
Adam Macko,TOR,AAA,25,20.2,10.887095099557584,4.354838039823034,2.5,1.3064514119469102,0.27777778,0.11111111,0.16666667,0.25316456,1.4516126799410112,0.33333333,0.70895522,4.790321843805337,4.616827099628454,0.1734947441768835,4.631323822811697,25590
Xzavion Curry,NYM,AAA,27,41.2,5.831999288086024,1.9439997626953414,3.0,1.9439997626953414,0.15789474,0.05263158,0.10526316,0.25925926,1.2239998505859557,0.26190476,0.78125,4.53599944628913,5.712310870666537,-1.1763114243774062,5.374571419954952,25595
Luis Mey,CIN,AAA,25,19.2,11.898303161507435,5.033897491406992,2.36363636,1.3728811340200886,0.27368421,0.11578947,0.15789474,0.26829268,1.6779658304689973,0.35849057,0.64935065,5.491524536080354,4.874344818950316,0.6171797171300382,4.223483873032273,25620
Daniel Espino,CLE,AAA,25,18.2,13.982140475998525,7.232141625516478,1.93333333,0.9642855500688637,0.33333333,0.17241379,0.16091954,0.23943662,1.7142854223446466,0.375,0.72847682,5.303570525378751,4.409453845510702,0.8941166798680484,4.821170055634819,25625
Hunter Gaddis,CLE,AAA,28,4.1,10.384623002729418,6.230773801637651,1.66666667,0.0,0.2173913,0.13043478,0.08695652,0.31578947,2.0769246005458837,0.42857143,0.5,10.384623002729418,4.013849934459687,6.370773068269731,6.605034186453491,25636
Justin Slaten,BOS,"AA,AAA",28,2.0,18.0,4.5,4.0,0.0,0.44444444,0.11111111,0.33333333,0.25,1.5,0.5,1.0,0.0,1.0574013710021974,-1.0574013710021974,1.9951822504401209,25648
Levi Stoudt,PHI,"AA,AAA",28,22.2,9.132351660398642,3.5735289105907735,2.55555556,0.0,0.27058824,0.10588235,0.16470588,0.11842105,0.7941175356868385,0.16981132,0.88888889,0.0,2.7193159079798113,-2.7193159079798113,4.4553197698974385,25650
Ty Adcock,SDP,"A+,AAA,CPX",29,13.1,10.800002574921269,4.7250011265280545,2.28571429,2.7000006437303172,0.25396825,0.11111111,0.14285714,0.27272727,1.6500003933907492,0.31428571,0.68965517,6.750001609325793,7.458133343307901,-0.7081317339821087,5.36975198262652,25651
Cole Waites,DET,"A,A+,AAA",28,11.1,8.73529656783176,7.147060828225985,1.22222222,2.382353609408662,0.20754717,0.16981132,0.03773585,0.23255814,1.676471058472762,0.24137931,0.75949367,6.352942958423098,7.803406275327106,-1.450463316904008,6.620041486773169,25665
Zak Kent,WSN,AAA,28,24.1,7.767121258272861,4.068492087666737,1.90909091,0.7397258341212248,0.20588235,0.10784314,0.09803922,0.22222222,1.2739722698754428,0.26865672,0.78767123,2.9589033364848993,4.374228727806408,-1.4153253913215083,5.305323540867216,25703
Matt Brash,SEA,AAA,28,1.2,21.599957256401723,10.799978628200861,2.0,0.0,0.57142857,0.28571429,0.28571429,0.0,1.1999976253556512,0.0,1.0,0.0,2.7937660121870733,-2.7937660121870733,2.7937660121870733,25756
Anthony Nunez,BAL,AAA,24,2.2,10.124987024830519,6.749991349887012,1.5,3.374995674943506,0.23076923,0.15384615,0.07692308,0.27272727,1.8749975971908366,0.28571429,0.55555556,10.124987024830519,8.427304887034555,1.6976821377959634,4.955866442534976,25796
Braden Shewmake,NYY,AAA,28,0.1,0.0,0.0,0.0,0.0,0.0,0.0,0.0,0.66666667,6.00005990326606,0.66666667,0.5,27.00026956469727,3.5523111343383795,23.44795843035889,9.166595613518373,25817
Noah Davis,PIT,AAA,29,73.0,7.397260273972603,4.684931506849315,1.57894737,1.1095890410958904,0.17910448,0.11343284,0.06567164,0.2543554,1.5205479452054795,0.29357798,0.69188192,4.808219178082192,5.483817983653448,-0.6755988055712558,6.060116688356008,25862
Connor Thomas,ATL,"A+,AAA",28,28.0,7.392857142857143,2.5714285714285716,2.875,0.32142857142857145,0.22115385,0.07692308,0.14423077,0.19354839,0.9285714285714286,0.24637681,0.9057971,1.2857142857142858,3.569311441466834,-2.283597155752548,4.1821958740764265,25873
Hunter Brown,HOU,"AA,AAA",27,14.1,13.18604943609225,1.8837213480131787,7.0,1.255814232008786,0.38888889,0.05555556,0.33333333,0.15686275,0.7674420306720358,0.21428571,0.85365854,1.8837213480131787,3.458113088019937,-1.5743917400067584,2.4972711796832736,25880
Josh Simpson,SEA,AAA,28,21.0,9.857142857142858,3.857142857142857,2.55555556,0.0,0.26136364,0.10227273,0.15909091,0.16883117,1.0476190476190477,0.24074074,0.79166667,2.142857142857143,3.3747160184951057,-1.231858875637963,4.456098087344851,25957
Quinn Priester,MIL,"A+,AAA,CPX",25,16.0,10.125000075437129,13.500000100582838,0.75,0.5625000041909516,0.1875,0.25,-0.0625,0.32352941,2.875000021420419,0.42857143,0.4526749,15.750000117346644,7.87221700200009,7.8777831153465545,8.274798713039646,25977
Seth Johnson,PHI,AAA,27,27.0,13.333333333333334,3.3333333333333335,4.0,0.3333333333333333,0.36363636,0.09090909,0.27272727,0.17171717,1.0,0.27586207,0.86466165,1.3333333333333333,2.2930518750791196,-0.9597185417457863,2.8512423245995135,26020
Brendan White,SEA,AAA,27,12.1,7.297299178174812,6.567569260357331,1.11111111,0.7297299178174812,0.16666667,0.15,0.01666667,0.27083333,1.783784243553843,0.32432432,0.59322034,7.297299178174812,6.345115594954608,0.9521835832202044,6.849061200341035,26024
Tyler Owens,DET,"A,AA",25,30.2,8.80434965140916,2.347826573709109,3.75,1.4673916085681933,0.24,0.064,0.176,0.23931624,1.1739132868545545,0.2804878,0.79310345,3.815218182277303,4.540246135351096,-0.7250279530737935,3.4300925887948264,26030
Anthony Maldonado,HOU,AAA,28,22.0,8.181818181818182,6.545454545454546,1.25,0.4090909090909091,0.2173913,0.17391304,0.04347826,0.15789474,1.2727272727272727,0.2,0.7518797,2.8636363636363638,4.948309092088179,-2.084672728451815,6.898269757357511,26034
Sawyer Gipson-Long,DET,"A,AAA",28,50.0,8.640000308990489,3.0600001094341316,2.82352941,0.9000000321865094,0.21818182,0.07727273,0.14090909,0.26130653,1.3800000493526476,0.32191781,0.65151515,4.320000154495244,4.198803435371633,0.12119671912361163,4.645704428548367,26048
Beau Brieske,DET,"A,AAA",28,11.1,8.73529656783176,3.9705893490144364,2.2,1.5882357396057745,0.22916667,0.10416667,0.125,0.26190476,1.4117651018717996,0.31034483,0.84507042,3.9705893490144364,5.527858974105566,-1.5572696250911298,4.638966712513202,26079
Blas Castaño,COL,AAA,27,16.1,6.612246184883543,3.8571436078487333,1.71428571,0.551020515406962,0.2,0.11666667,0.08333333,0.1509434,0.9183675256782698,0.175,0.95588235,1.102041030813924,4.606008654661571,-3.5039676238476476,4.986538985729285,26117
Amos Willingham,MIA,AAA,27,18.1,6.872728464426294,8.345455992517643,0.82352941,0.0,0.17721519,0.21518987,-0.03797468,0.17741935,1.527272992094732,0.22916667,0.71428571,3.436364232213147,5.12791315150686,-1.6915489192937128,6.7816892310360295,26128
Austin Pope,ATL,AAA,27,12.0,3.75,4.5,0.83333333,2.25,0.07936508,0.0952381,-0.01587302,0.35087719,2.1666666666666665,0.34693878,0.55045872,7.5,7.468977801005046,0.031022198994953953,6.246338066458703,26136
Jack Little,DET,AAA,28,32.0,8.71875,3.65625,2.38461538,1.125,0.23664122,0.09923664,0.13740458,0.21367521,1.1875,0.25609756,0.77844311,3.375,4.552311134338379,-1.177311134338379,5.032646794617176,26152
Connor Gillispie,PHI,AAA,28,17.1,9.34615556022856,3.6346160511999956,2.57142857,1.0384617289142846,0.26470588,0.10294118,0.16176471,0.16666667,0.9807694106412687,0.2,0.72368421,3.6346160511999956,4.3600035901606,-0.7253875389606046,4.587458532617165,26171
Kade Strowd,ARI,AAA,28,23.0,9.391304347826088,6.6521739130434785,1.41176471,1.173913043478261,0.21818182,0.15454545,0.06363636,0.25806452,1.7826086956521738,0.31818182,0.625,5.869565217391305,5.819850594064464,0.04971462332684062,4.959647443242695,26191
Chris Murphy,CHW,AAA,28,15.2,9.191487496662647,5.170211716872739,1.77777778,0.5744679685414155,0.24242424,0.13636364,0.10606061,0.2,1.27659548564759,0.26315789,0.77669903,3.446807811248493,4.445927974291692,-0.999120163043199,5.169012286216422,26214
Jackson Rutledge,WSN,AAA,27,18.1,5.890910112365395,5.400000936334946,1.09090909,0.9818183520608992,0.14814815,0.13580247,0.01234568,0.24285714,1.527272992094732,0.26785714,0.67460317,4.418182584274047,5.461402374456794,-1.0432197901827474,6.18683517252732,26215
Nick Robertson,LAD,AA,27,30.2,10.858694526558905,1.7608693826852277,6.16666667,0.5869564608950759,0.32743363,0.05309735,0.27433628,0.12149533,0.6195651531670245,0.16176471,0.92592593,0.5869564608950759,2.6766747825312374,-2.0897183216361617,3.132214766504535,26226
Alec Gamboa,BOS,AAA,29,39.0,8.538461538461538,1.8461538461538463,4.625,1.3846153846153846,0.24025974,0.05194805,0.18831169,0.2260274,1.0512820512820513,0.26213592,0.82822086,3.230769230769231,4.270259852287097,-1.0394906215178663,3.56585102784328,26227
Orlando Ribalta,WSN,AAA,28,8.0,7.875,3.375,2.33333333,0.0,0.23333333,0.1,0.13333333,0.14814815,0.875,0.2,0.71428571,2.25,2.927311134338379,-0.6773111343383791,5.266572979092598,26247
Erik Miller,SFG,"A,AAA",28,2.0,13.5,0.0,3.0,0.0,0.375,0.0,0.375,0.25,1.0,0.4,1.0,0.0,1.2723822116851808,-1.2723822116851808,2.912391257286072,26252
Caleb Freeman,TOR,AA,28,19.1,12.10345026599132,7.448277086763889,1.625,0.0,0.28571429,0.17582418,0.10989011,0.18666667,1.5517243930758102,0.28571429,0.66666667,3.7241385433819447,3.3555950219225745,0.3685435214593702,4.90778431897208,26255
Joey Estes,OAK,AAA,24,63.2,5.79581105530336,4.382198602790345,1.32258065,1.9790574335182203,0.14539007,0.10992908,0.03546099,0.26209677,1.5078532826805489,0.2642487,0.6675063,6.078533545805962,7.166538253183046,-1.0880047073770838,6.55776656105108,26257
Hunter Bigge,TBR,AAA,28,6.2,13.499993562701434,5.399997425080573,2.5,4.04999806881043,0.3125,0.125,0.1875,0.25,1.6499992132190642,0.26666667,0.14705882,10.799994850161147,8.20230891704665,2.597685933114496,4.598002006678166,26259
Drey Jameson,ARI,AAA,28,23.1,8.871429780064961,4.628572059164328,1.91666667,1.157143014791082,0.22115385,0.11538462,0.10576923,0.27173913,1.585714501750742,0.33333333,0.54878049,7.328572427010186,5.236620949725738,2.0919514772844474,5.06249060375036,26260
Tommy Henry,ARI,"A,A+,AAA",28,29.1,8.28409180685518,6.750000731511629,1.22727273,1.534091075343552,0.18,0.14666667,0.03333333,0.3359375,2.2159093310517974,0.39583333,0.65517241,7.67045537671776,6.642189868523676,1.0282655081940835,5.84823545816529,26285
Taylor Rashi,MIN,AAA,30,30.0,9.599999923706056,3.899999969005585,2.46153846,0.29999999761581425,0.27118644,0.11016949,0.16101695,0.18095238,1.0666666581895616,0.25,0.88235294,1.499999988079071,3.5398082849169006,-2.0398082968378297,4.341724667214445,26344
Gavin Collyer,TEX,AAA,25,16.0,13.5,7.875,1.71428571,0.5625,0.33333333,0.19444444,0.13888889,0.20689655,1.625,0.33333333,0.85365854,2.8125,4.431263637542725,-1.6187636375427248,4.710543610900641,26349
Marc Church,TEX,AAA,25,13.0,11.76923076923077,7.615384615384615,1.54545455,1.3846153846153846,0.24637681,0.15942029,0.08695652,0.31578947,2.230769230769231,0.42105263,0.77205882,6.230769230769231,6.147609791388879,0.08315943938035186,5.760084828963647,26353
Nick Lodolo,CIN,"A,A+,AAA",28,12.0,12.749999746680265,1.4999999701976783,8.5,0.0,0.38636364,0.04545455,0.34090909,0.16666667,0.7499999850988391,0.28,0.77777778,1.4999999701976783,1.4267448422095566,0.07325512798812173,1.8607202339903823,26378
DJ Herz,WSN,"A,CPX",25,7.2,12.91303772241528,0.0,11.0,0.0,0.39285714,0.0,0.39285714,0.14285714,0.5217388978753649,0.23529412,0.75,1.173912520219571,1.081648053800043,0.09226446641952801,2.2278240184502547,26389
Alek Manoah,LAA,"A,AAA",28,17.0,6.882352941176471,9.0,0.76470588,3.7058823529411766,0.14130435,0.18478261,-0.04347826,0.34246575,2.4705882352941178,0.33962264,0.55555556,12.705882352941176,11.312274963297163,1.3936073896440124,8.586991110902272,26410
Bradley Blalock,MIA,AAA,25,57.2,8.427744921403573,3.4335257087199738,2.45454545,2.0289015551527116,0.22222222,0.09053498,0.13168724,0.24545455,1.3179189589026161,0.26797386,0.66326531,5.774565964665411,5.8066461956191695,-0.03208023095375889,4.628428583239522,26419
Cody Laweryson,MIN,AAA,28,4.2,9.642850574186479,5.785710344511887,1.66666667,3.8571402296745916,0.2173913,0.13043478,0.08695652,0.25,1.7142845465220407,0.23076923,0.38461538,9.642850574186479,8.909450342219756,0.7334002319667228,5.744121824461603,26429
Ryan Gusto,MIA,AAA,27,44.2,10.477610747196625,3.4253727442758195,3.05882353,0.8059700574766635,0.27513228,0.08994709,0.18518519,0.23837209,1.2985073148235133,0.31896552,0.72519084,3.8283577730141514,3.5299230771862495,0.29843469582790183,3.957838552649778,26440
Sam Aldegheri,LAA,AAA,24,46.0,6.260869565217392,4.5,1.39130435,1.173913043478261,0.1509434,0.10849057,0.04245283,0.29946524,1.7173913043478262,0.33557047,0.60606061,7.239130434782608,5.928546246238377,1.3105841885442313,6.13164185207823,26443
Trevor McDonald,SFG,AAA,25,15.0,7.2,9.0,0.8,0.0,0.17647059,0.22058824,-0.04411765,0.15686275,1.5333333333333334,0.20512821,0.64,5.4,5.793763637542725,-0.39376363754272425,6.37604629000028,26448
Alex Carrillo,NYM,AAA,29,21.0,13.285714285714286,11.142857142857142,1.19230769,0.42857142857142855,0.28971963,0.24299065,0.04672897,0.2278481,2.0952380952380953,0.36170213,0.71748879,5.571428571428571,5.218977801005046,0.35245077042352513,5.580192288330624,26463
Jayden Murray,HOU,AAA,29,15.1,11.15217622511827,3.521739860563664,3.16666667,0.0,0.31666667,0.1,0.21666667,0.11111111,0.7826088579030365,0.17142857,0.83333333,1.1739132868545545,2.689415541037664,-1.5155022541831094,4.056514225887338,26482
Wikelman González,CHW,"AAA,CPX",24,17.0,12.705882352941176,3.176470588235294,4.0,1.0588235294117647,0.33333333,0.08333333,0.25,0.20634921,1.1176470588235294,0.2972973,0.67708333,4.235294117647059,4.069727078606101,0.16556703904095826,3.969299891503418,26641
Angel Chivilli,NYY,AAA,23,13.0,11.076923076923077,2.076923076923077,5.33333333,0.6923076923076923,0.32653061,0.06122449,0.26530612,0.13333333,0.6923076923076923,0.17857143,0.93023256,1.3846153846153846,3.0138495958768408,-1.6292342112614562,3.1654861963712255,26790
Jairo Iriarte,CHW,"AA,AAA",24,33.1,10.529997991562272,4.049999227523951,2.6,0.5399998970031935,0.28467153,0.10948905,0.17518248,0.15254237,0.9899998111725213,0.20779221,0.78947368,2.159999588012774,3.7782210879417004,-1.6182214999289264,4.123659766182252,26907
Anthony Molina,ATL,AAA,24,40.0,9.225,3.375,2.73333333,1.35,0.23976608,0.0877193,0.15204678,0.25,1.35,0.30275229,0.67982456,4.05,4.5773111343383786,-0.5273111343383787,4.45193537324667,26952
Jose Franco,CIN,AAA,25,31.1,9.765958437611037,3.734042932027749,2.61538462,0.5744681433888844,0.265625,0.1015625,0.1640625,0.20353982,1.1489362867777688,0.27272727,0.71022727,3.4468088603333067,3.648055824903193,-0.20124696456988644,3.9530594741535534,27014
Juan Burgos,ARI,AAA,26,28.2,5.965115617584005,4.0813948962416875,1.46153846,1.5697672677852643,0.14728682,0.10077519,0.04651163,0.26315789,1.4999998336614748,0.27777778,0.60526316,6.59302252469811,6.5053912659991475,0.08763125869896271,5.578553754668999,27271
Rolddy Muñoz,ATL,AAA,26,28.2,10.988370874496852,4.0813948962416875,2.69230769,0.0,0.30172414,0.11206897,0.18965517,0.15841584,1.0116277947949481,0.24242424,0.80645161,0.9418603606711586,2.68021820779101,-1.7383578471198515,3.398317113060621,27407
Jared Shuster,STL,AAA,27,21.2,7.892306534355378,4.569230098837324,1.72727273,2.4923073266385405,0.16239316,0.09401709,0.06837607,0.37254902,2.2615381297275645,0.41558442,0.56053812,10.38461386099392,7.475387481824971,2.909226379168949,6.466569980950158,27472
Bryce Jarvis,ARI,AAA,28,35.1,8.40566158736054,6.113208427171301,1.375,1.7830191245916294,0.19186047,0.13953488,0.05232558,0.28767123,1.8679247971912307,0.33018868,0.70446735,6.113208427171301,6.908858396795706,-0.7956499696244048,6.558145839190621,27477
Cole Wilcox,SEA,AAA,26,16.2,11.879997734070256,2.6999994850159674,4.4,0.0,0.32835821,0.07462687,0.25373134,0.24193548,1.1999997711182078,0.375,0.6,4.319999176025548,2.253763969421324,2.066235206604224,3.511494258836628,27481
Clayton Beeter,WSN,"AAA,CPX",27,3.0,12.0,0.0,4.0,3.0,0.36363636,0.0,0.36363636,0.18181818,0.6666666666666666,0.16666667,1.0,3.0,5.411241563161215,-2.411241563161215,4.52936250170072,27494
Spencer Strider,ATL,"A+,AAA",27,12.2,12.789480344413887,3.5526334290038575,3.6,0.0,0.375,0.10416667,0.27083333,0.13953488,0.8684215048676096,0.24,0.81818182,1.421053371601543,1.9054683629212685,-0.48441499131972554,3.5404847741903693,27498
Kyle Hurt,LAD,AAA,28,4.2,15.428560918698366,9.642850574186479,1.6,0.0,0.30769231,0.19230769,0.11538462,0.33333333,2.571426819783061,0.53846154,0.75,5.785710344511887,3.7794780692274696,2.0062322752844177,4.528126683839358,27514
Jared Koenig,MIL,AAA,32,9.0,10.0,6.0,1.66666667,0.0,0.24390244,0.14634146,0.09756098,0.28571429,1.7777777777777777,0.4,0.75,4.0,3.3300889121161568,0.6699110878838432,5.825301546520658,27517
TJ Shook,COL,AAA,28,34.1,9.174758640735018,3.4077674951301495,2.69230769,1.3106798058192881,0.25179856,0.09352518,0.15827338,0.2195122,1.1650487162838117,0.26506024,0.91666667,2.6213596116385762,5.246191007547822,-2.624831395909246,5.184633516838648,27567
Cole Henry,WSN,"AAA,CPX",26,11.0,6.545454545454546,0.8181818181818182,8.0,0.8181818181818182,0.18181818,0.02272727,0.15909091,0.21428571,0.9090909090909091,0.24242424,0.72916667,2.4545454545454546,3.877473978562789,-1.4229285240173346,5.077449675039812,27570
Davis Daniel,CIN,AAA,29,68.0,9.0,3.4411764705882355,2.61538462,1.0588235294117647,0.23448276,0.08965517,0.14482759,0.24230769,1.3088235294117647,0.29891304,0.69682152,4.632352941176471,4.405252310808967,0.22710063036750405,4.444522018467679,27582
Garrett Acton,MIA,AAA,28,2.1,15.428594024847,3.85714850621175,4.0,0.0,0.44444444,0.11111111,0.33333333,0.125,0.8571441124914999,0.25,1.0,0.0,1.4094508531096293,-1.4094508531096293,2.211484660232463,27583
Logan Allen,CLE,AAA,27,57.2,10.612715826952646,4.057803110305423,2.61538462,1.5606935039636245,0.25954198,0.09923664,0.16030534,0.28138528,1.5780345428965536,0.35947712,0.69512195,5.150288563079961,5.060981521503216,0.0893070415767454,4.656420981245882,27589
Jake Eder,LAD,AAA,27,19.1,8.379311722609376,5.120690497150174,1.63636364,0.4655173179227431,0.21428571,0.13095238,0.08333333,0.26388889,1.5517243930758102,0.33962264,0.70945946,4.655173179227431,4.666177541208909,-0.011004361981478361,5.620139589412616,27590
Cody Bradford,TEX,AAA,28,2.0,0.0,0.0,0.0,9.0,0.0,0.0,0.0,0.375,1.5,0.16666667,1.0,9.0,16.993763637542724,-7.993763637542724,6.614035573601723,27597
Jeff Criswell,COL,"A+,AA,AAA",27,17.0,12.705882352941176,5.294117647058823,2.4,1.0588235294117647,0.31578947,0.13157895,0.18421053,0.27692308,1.6470588235294117,0.41025641,0.61068702,6.882352941176471,4.5498085526859064,2.3325443884905646,4.375048604607582,27608
Mitchell Parker,WSN,AAA,26,13.1,10.800002574921269,2.0250004827977377,5.33333333,1.3500003218651586,0.26666667,0.05,0.21666667,0.30357143,1.500000357627954,0.39473684,0.65934066,6.0750014483932135,4.002311241626765,2.072690206766448,4.71906991553516,27636
Connor Phillips,CIN,AAA,25,10.0,13.5,7.2,1.875,0.0,0.34090909,0.18181818,0.15909091,0.14705882,1.3,0.26315789,0.8,2.7,3.552311134338379,-0.8523111343383789,5.049438714981079,27649
Christian Roa,CHC,AAA,27,15.1,13.500003139934545,5.869566582580236,2.3,2.934783291290118,0.30263158,0.13157895,0.17105263,0.31818182,2.021739600666526,0.42105263,0.58333333,9.391306532128379,6.776754438861004,2.614552093267375,4.4822749983078936,27662
Zach McCambley,CIN,AAA,27,35.1,11.207545153141893,4.839621770674909,2.31578947,0.7641508058960382,0.31428571,0.13571429,0.17857143,0.17948718,1.1320752679941306,0.25714286,0.87939698,2.037735482389435,4.118348768335444,-2.080613285946009,4.020899164368426,27666
Brandon Eisert,CHW,AAA,28,14.0,7.714285714285714,2.5714285714285716,3.0,0.6428571428571429,0.1875,0.0625,0.125,0.3220339,1.6428571428571428,0.39130435,0.66371681,5.785714285714286,3.8380254200526647,1.947688865661621,4.246175045626504,27668
Tanner Gordon,COL,AAA,28,16.1,8.265307731104429,2.204082061627848,3.75,0.551020515406962,0.23809524,0.06349206,0.17460318,0.20338983,0.9795920273901545,0.25581395,0.68493151,2.7551025770348097,3.687641128983302,-0.9325385519484923,4.495971043077276,27669
Mitch Spence,KCR,AAA,28,48.2,7.027396525824923,2.4041093377822107,2.92307692,1.6643833876953764,0.18095238,0.06190476,0.11904762,0.26804124,1.3356162987678948,0.29251701,0.57761733,6.472602063259798,5.381078066497496,1.0915239967623016,4.784288650021878,27707
Brett Wisely,ATL,AAA,27,0.2,0.0,13.49993200634393,0.0,26.99986401268786,0.0,0.125,-0.125,0.71428571,8.999954670895953,0.6,0.625,53.99972802537572,47.05209204366882,6.947635981706895,13.6664886207582,27735
Nick Davila,SEA,"AA,AAA",27,13.0,8.307692307692308,1.3846153846153846,6.0,0.0,0.23076923,0.03846154,0.19230769,0.22,1.0,0.28947368,0.69230769,2.769230769230769,2.374574962029091,0.39465580720167814,3.6320790377947008,27741
Bailey Horn,DET,A,28,1.2,10.799978628200861,0.0,2.0,0.0,0.33333333,0.0,0.33333333,0.16666667,0.5999988126778256,0.25,0.0,0.0,1.3470838355924086,-1.3470838355924086,4.1655384619324645,27753
Mick Abel,MIN,AAA,24,8.0,11.25,0.0,10.0,1.125,0.33333333,0.0,0.33333333,0.2,0.75,0.26315789,0.86956522,1.125,2.677311134338379,-1.552311134338379,3.1576467946171762,27756
Dax Fulton,MIA,AAA,24,43.2,9.480914926203962,5.770991694211108,1.64285714,1.442747923552777,0.23469388,0.14285714,0.09183674,0.24691358,1.5572517270093464,0.30275229,0.7165109,5.564884847989282,5.865287964161085,-0.30040311617180304,5.452730063123901,27757
Yosver Zulueta,SEA,AAA,28,22.2,9.529414537869505,7.9411787815579205,1.2,0.397058939077896,0.21428571,0.17857143,0.03571429,0.25555556,1.897059375594392,0.33846154,0.5733945,7.544119842480025,5.315967507661718,2.228152334818307,5.529592457873855,27765
Eury Pérez,MIA,AAA,23,3.2,12.27271583455734,0.0,5.0,0.0,0.38461538,0.0,0.38461538,0.23076923,0.818181055637156,0.375,0.66666667,2.4545431669114683,0.8250409488811923,1.629502218030276,2.3561927293233746,27768
Kyle Nicolas,CIN,AAA,27,19.2,11.898303161507435,11.440676116834073,1.04,0.4576270446733629,0.25,0.24038462,0.00961539,0.26582278,2.3389826727749656,0.38461538,0.69506726,5.491524536080354,5.382819313031831,0.10870522304852326,6.149148450368572,27775
Brandon Pfaadt,ARI,AAA,27,10.0,6.3,1.8,3.5,0.9,0.18918919,0.05405405,0.13513514,0.17142857,0.8,0.18518519,0.75757576,1.8,4.493763637542725,-2.693763637542725,5.115296390652657,27782
Zach Brzykcy,MIA,AAA,26,30.1,10.087913145119085,5.340659900357163,1.88888889,0.8901099833928604,0.24817518,0.13138686,0.11678832,0.23728814,1.5164836754100586,0.30864198,0.72429907,4.450549916964302,4.4753881541531975,-0.024838237188895107,5.287297761569875,27783
Tyler Gentry,DET,AAA,27,1.0,0.0,9.0,0.0,0.0,0.0,0.2,-0.2,0.25,2.0,0.25,0.5,0.0,6.552311134338379,-6.552311134338379,8.423720610141753,27784
Shane Drohan,MIL,AAA,27,13.2,11.19511934719566,4.60975502531586,2.42857143,1.3170728643759602,0.26984127,0.11111111,0.15873016,0.25925926,1.5365850084386201,0.34285714,0.84158416,3.2926821609399,4.9425547134018935,-1.6498725524619933,4.546372188519024,27814
Brandon Young,BAL,AAA,27,16.2,10.259998043060676,1.6199996910095804,6.33333333,0.0,0.32758621,0.05172414,0.27586207,0.10909091,0.5399998970031935,0.16666667,0.77777778,1.079999794006387,1.812311466216978,-0.7323116722105909,2.598303296138351,27819
Jared Jones,PIT,"A,AA,AAA",24,18.2,11.571432512634997,2.8928581281587493,4.0,0.48214302135979153,0.32876712,0.08219178,0.24657534,0.1969697,1.0178574895373378,0.29268293,0.75268817,2.8928581281587493,2.838157735809723,0.05470039234902613,3.296776483287807,27863
Beck Way,KCR,AAA,26,30.0,12.6,3.0,4.2,0.9,0.3255814,0.07751938,0.24806202,0.24786325,1.3,0.36111111,0.625,4.5,3.2523111343383793,1.2476888656616207,3.199917451540629,27877
Noah Murdock,PIT,"A,AA,AAA",27,26.1,10.594937987863322,2.050633158941288,5.16666667,0.34177219315688134,0.29807692,0.05769231,0.24038462,0.21052632,0.9873418913421017,0.3015873,0.6884058,3.4177219315688134,2.7542019369998556,0.6635199945689578,3.0082325079685703,27908
Daniel Palencia,CHC,AAA,26,0.2,13.49993200634393,0.0,1.0,0.0,0.33333333,0.0,0.33333333,0.33333333,1.4999924451493254,0.5,1.0,0.0,0.5523262440397279,-0.5523262440397279,0.5523262440397279,27914
Coleman Crow,MIL,AAA,25,35.0,10.028571428571428,3.6,2.78571429,1.2857142857142858,0.26174497,0.09395973,0.16778524,0.2406015,1.3142857142857143,0.30337079,0.70731707,4.885714285714286,4.552311134338379,0.33340315137590704,4.192295857838222,27926
John McMillon,PHI,AAA,28,9.1,7.714288341756665,10.607146469915413,0.72727273,0.0,0.17777778,0.24444444,-0.06666667,0.21212121,1.9285720854391661,0.28,0.52631579,7.714288341756665,5.695169007048564,2.0191193347081002,7.098726591949959,27942
Andry Lara,WSN,AAA,23,64.1,7.974093894689206,3.2176168346991534,2.47826087,1.3989638411735448,0.2,0.08070175,0.11929825,0.25868726,1.3989638411735448,0.296875,0.65822785,5.595855364694179,5.013451146230748,0.5824042184634308,4.970795873759354,27967
Jose Corniell,TEX,AAA,23,26.2,6.412499235570522,3.3749995976686957,1.9,0.0,0.15447154,0.08130081,0.07317073,0.3125,1.6874997988343479,0.37634409,0.56521739,6.074999275803652,3.806263659894464,2.268735615909188,5.705960587075716,27984
Luke Little,CHC,"AA,AAA",25,26.2,10.124998793006087,9.112498913705478,1.11111111,0.3374999597668696,0.22556391,0.20300752,0.02255639,0.24242424,1.912499772012261,0.33823529,0.68904594,6.074999275803652,5.626838877853424,0.448160397950228,6.535849925602818,28036
Eiberson Castellano,COL,"AA,AAA",25,63.1,9.378947839182192,4.689473919591096,2.0,0.8526316217438358,0.24354244,0.12177122,0.12177122,0.22746781,1.3578948049994422,0.29192547,0.84745763,2.415789594940868,4.5802254946087215,-2.1644358996678537,4.817159271787124,28040
Brandan Bidois,PIT,AAA,25,15.0,13.8,5.4,2.55555556,1.8,0.32857143,0.12857143,0.2,0.26229508,1.6666666666666667,0.37142857,0.52884615,7.2,4.885644467671712,2.314355532328288,4.2818145751953125,28052
Alimber Santa,HOU,AAA,23,20.1,11.065575500484451,3.5409841601550243,3.125,0.44262302001937803,0.29761905,0.0952381,0.20238095,0.17808219,1.032787046711882,0.25531915,0.75221239,1.7704920800775121,3.7970422953118903,-2.026550215234378,4.016803620180534,28846
Wilber Dotel,PIT,AAA,23,23.2,9.12675933747099,3.422534751551621,2.66666667,1.1408449171838737,0.22222222,0.08333333,0.13888889,0.28571429,1.5633800716964195,0.35211268,0.65088757,5.323942946858077,4.439634958814725,0.8843079880433518,5.005809473857297,28901
Antwone Kelly,PIT,AAA,22,56.2,7.464705212339045,4.288234909216047,1.74074074,1.588235151561499,0.18503937,0.10629921,0.07874016,0.26818182,1.5176469226032103,0.3006135,0.6835443,5.082352484996797,5.987605033399344,-0.9052525484025473,5.641954930407577,29000
Jedixson Paez,BOS,AA,22,25.1,8.526316859385448,0.7105264049487873,12.0,1.4210528098975745,0.24742268,0.02061856,0.22680412,0.23404255,0.9473685399317164,0.27272727,0.56701031,4.973684834641511,4.075649566795695,0.8980352678458159,3.6517952515801184,29114
Yilber Díaz,ARI,AAA,25,32.0,12.09375,5.90625,2.04761905,0.84375,0.29054054,0.14189189,0.14864865,0.256,1.65625,0.36708861,0.68897638,4.5,4.681263637542725,-0.1812636375427248,4.499704612232745,29271
Welinton Herrera,COL,AAA,22,22.2,13.499998106676255,5.558822749807869,2.42857143,0.39705876784341926,0.31775701,0.13084112,0.18691589,0.27173913,1.72058799398815,0.42105263,0.69948187,5.161763981964451,3.5525872288278144,1.6091767531366363,3.5955923842221504,29318
Walbert Ureña,LAA,AAA,22,8.1,7.560002883912233,4.320001647949847,1.75,1.0800004119874618,0.18918919,0.10810811,0.08108108,0.27272727,1.5600005950930005,0.32,0.60344828,6.480002471924771,5.313764141082956,1.1662383308418152,4.382629050537267,29357
Kendry Rojas,MIN,"A,AAA",23,17.2,9.169814682636156,4.075473192282736,2.25,0.509434149035342,0.2278481,0.10126582,0.12658228,0.3,1.6415100357805463,0.39215686,0.66433566,4.584907341318078,3.7934257487889558,0.7914815925291223,4.858367332920534,29423
River Ryan,LAD,AAA,27,36.1,10.65137763786353,1.9816516535560054,5.375,0.24770645669450067,0.2721519,0.05063291,0.22151899,0.26530612,1.293578162737948,0.36893204,0.61728395,4.458716220501012,2.8928460522338337,1.5658701682671783,3.496615654574686,29514
Gordon Graceffo,STL,AAA,26,1.1,6.750016696792419,6.750016696792419,1.0,0.0,0.2,0.2,0.0,0.0,0.7500018551991576,0.0,1.0,0.0,4.302312989537537,-4.302312989537537,4.302312989537537,29519
Andre Granillo,WSN,AAA,26,25.0,7.92,4.68,1.69230769,1.8,0.19642857,0.11607143,0.08035714,0.25510204,1.52,0.28169014,0.65625,6.12,6.0723111343383795,0.04768886566162056,6.241997158527374,29542
Patrick Monteverde,MIA,AAA,28,56.2,6.352940606245996,3.0176467879668483,2.10526316,1.429411636405349,0.16393443,0.07786885,0.08606557,0.27678571,1.429411636405349,0.30285714,0.63400576,5.717646545621396,5.264075686576883,0.4535708590445129,5.3129616783904545,29564
Chase Lee,TOR,AAA,27,28.1,8.576471550489487,3.811765133550883,2.25,0.6352941889251472,0.22881356,0.10169492,0.12711864,0.23076923,1.2705883778502944,0.29333333,0.79545455,1.9058825667754415,4.046428836835716,-2.140546270060274,4.780025515440142,29574
Joe Boyle,TBR,AAA,26,22.1,12.89552422360153,7.2537323757758605,1.77777778,0.0,0.27350427,0.15384615,0.11965812,0.30526316,2.104477911490527,0.46031746,0.45098039,10.88059856366379,3.641863385891167,7.238735177772623,4.731191444771369,29608
Kyle Backhus,PHI,AAA,28,7.2,14.086950680711713,2.347825113451952,6.0,1.173912556725976,0.375,0.0625,0.3125,0.26666667,1.3043472852510845,0.41176471,1.0,1.173912556725976,2.9001374917128366,-1.7262249349868606,1.9367763816936132,29615
Alek Jacob,SDP,AAA,28,30.2,8.5108686829786,4.695651687160607,1.8125,1.4673911522376897,0.22834646,0.12598425,0.10236221,0.17757009,1.1413042295182032,0.19178082,0.71875,4.108695226265532,6.178546019763285,-2.0698507934977535,5.881778701697737,29628
Matt Svanson,STL,AAA,27,5.2,12.705875225137136,1.588234403142142,8.0,0.0,0.4,0.05,0.35,0.11111111,0.5294114677140473,0.2,1.0,0.0,1.7876062419582215,-1.7876062419582215,2.448103333477582,29629
Andrew Hoffmann,ARI,AAA,26,13.1,7.425001770258372,6.0750014483932135,1.22222222,0.0,0.16923077,0.13846154,0.03076923,0.30357143,1.95000046491634,0.37777778,0.61538462,6.0750014483932135,4.368763726949713,1.7062377214435003,5.285859123222944,29633
Hayden Juenger,TOR,AAA,25,24.1,10.356165736494422,3.3287675581589213,3.11111111,0.0,0.27184466,0.08737864,0.18446602,0.25531915,1.3561645607314123,0.36363636,0.66666667,2.5890414341236054,2.360530156725926,0.22851127739767962,3.9755823810814177,29640
Robert Gasser,MIL,AAA,27,26.2,12.824998471141043,2.6999996781349567,4.75,0.3374999597668696,0.33333333,0.07017544,0.2631579,0.25471698,1.3124998435378261,0.3880597,0.68452381,3.3749995976686957,2.089811308681944,1.2851882889867516,3.0058683063319718,29812
Brett Kerry,LAA,AAA,27,62.1,8.518717272648717,3.032085808908865,2.80952381,1.5882354237141674,0.20274914,0.07216495,0.13058419,0.32089552,1.7165776801759183,0.37878788,0.6517094,5.91978657929826,5.501785150968298,0.418001428329962,4.861101079732462,29826
Jackson Wolf,SDP,AAA,27,58.2,8.437499268488514,3.68181786261317,2.29166667,1.3806816984799386,0.2037037,0.08888889,0.11481482,0.28215768,1.568181682224128,0.33333333,0.65165877,5.982954026746401,5.59603622590216,0.3869178008442411,5.3882671094100285,29832
Nick Nastrini,LAD,AA,26,0.0,0.0,27.0,0.0,0.0,0.0,1.0,-1.0,0.0,3.0,0.0,0.66666667,9.0,12.654935550689697,-3.6549355506896966,12.654935550689697,29833
Bryce Miller,SEA,"A+,AAA",27,13.2,9.21951005063172,4.60975502531586,2.0,0.0,0.25454545,0.12727273,0.12727273,0.1875,1.1707314350008535,0.26470588,0.8125,1.9756092965639402,3.2811709107637936,-1.3055616141998534,4.203899206298603,29837
Ryan Bergert,KCR,AAA,26,9.2,9.310341765850406,4.655170882925203,2.0,0.9310341765850407,0.23809524,0.11904762,0.11904762,0.24324324,1.4482753857989523,0.30769231,0.87301587,2.793102529755122,4.379897069080638,-1.5867945393255156,4.777416105482506,29863
Chayce McDermott,LAD,AAA,27,22.0,15.954545454545455,7.7727272727272725,2.05263158,1.2272727272727273,0.36111111,0.17592593,0.18518519,0.22988506,1.7727272727272727,0.37777778,0.67934783,5.7272727272727275,4.9776540035843855,0.749618723688342,4.163414776625417,29866
Andrew Alvarez,WSN,AAA,27,34.0,11.911764705882353,4.235294117647059,2.8125,1.8529411764705883,0.30821918,0.10958904,0.19863014,0.23076923,1.3529411764705883,0.29487179,0.63535912,5.294117647058823,4.993487604926615,0.3006300421322088,3.252721754593008,29914
Spencer Arrighetti,HOU,AAA,26,14.1,12.558142320087859,3.7674426960263574,3.33333333,0.0,0.36363636,0.10909091,0.25454545,0.10869565,0.7674420306720358,0.19230769,0.85714286,1.255814232008786,3.086786692203046,-1.83097246019426,4.0617718148804105,29921
Dylan Dodd,ATL,AAA,28,13.0,14.538461538461538,2.076923076923077,7.0,3.4615384615384617,0.38888889,0.05555556,0.33333333,0.2745098,1.3076923076923077,0.36,1.0,4.846153846153846,6.013849595876841,-1.167695749722995,3.173168221803812,29928
Riley Martin,CHC,AAA,28,3.0,9.0,6.0,1.5,3.0,0.21428571,0.14285714,0.07142857,0.25,1.6666666666666667,0.25,1.0,3.0,7.885644467671712,-4.885644467671712,4.7999174515406295,29934
Grant Hartwig,MIN,AAA,28,28.0,10.285714285714286,4.821428571428571,2.13333333,1.2857142857142858,0.2406015,0.11278195,0.12781955,0.30357143,1.75,0.39473684,0.70850202,6.428571428571429,5.37373970576695,1.0548317228044786,5.120662113598415,29946
Jordan Leasure,CHW,AAA,27,4.1,10.384623002729418,2.0769246005458837,5.0,0.0,0.3125,0.0625,0.25,0.13333333,0.6923082001819612,0.2,0.66666667,2.0769246005458837,1.936925333913803,0.13999926663208062,3.6643815019096726,29950
Tyler Uberstine,BOS,"A+,AAA",27,20.2,10.451611295575281,4.790321843805337,2.18181818,0.43548380398230335,0.26666667,0.12222222,0.14444444,0.21052632,1.3064514119469102,0.29411765,0.73426573,3.483870431858427,3.9052468249204564,-0.42137639306202956,4.915201984910681,29961
Grant Holman,DET,AAA,26,10.1,13.064520148160426,4.354840049386809,3.0,2.612904029632085,0.3,0.1,0.2,0.33333333,1.9354844663941373,0.44444444,0.75949367,6.967744079018894,5.874892494011345,1.0928515850075495,3.549531372814868,30002
Joe Rock,TBR,AAA,25,24.0,15.0,7.875,1.9047619,0.75,0.33333333,0.175,0.15833333,0.23157895,1.7916666666666667,0.37735849,0.7239819,4.875,4.427311134338378,0.4476888656616218,4.513608723382155,30016
Julian Aguiar,CIN,"A+,AAA",25,32.0,9.5625,3.65625,2.61538462,1.6875,0.24637681,0.0942029,0.15217391,0.22764228,1.28125,0.26506024,0.69364162,5.0625,5.3656401499871835,-0.3031401499871835,4.549853852088444,30031
Cade Povich,BAL,"AA,AAA",26,19.1,12.103450415251041,1.8620692946540063,6.5,2.327586618317508,0.33333333,0.05128205,0.28205128,0.2027027,0.9827587944007256,0.23255814,0.83333333,4.1896559129715145,4.847170063714215,-0.6575141507427009,3.131294826170652,30055
Will Dion,CLE,AAA,26,27.2,12.036143195354141,1.626505837210019,7.4,0.32530116744200377,0.33333333,0.04504505,0.28828829,0.24528302,1.120481798966902,0.36764706,0.60810811,4.2289151767460496,1.8896607229681375,2.339254453777912,3.3137376191901606,30061
Tyler Samaniego,BOS,AAA,27,9.1,6.750002299037082,3.8571441708783323,1.75,1.9285720854391661,0.17073171,0.09756098,0.07317073,0.30555556,1.6071434045326385,0.33333333,0.68181818,5.785716256317499,6.445169262497128,-0.6594530061796293,5.063011612875284,30081
Carson Seymour,SFG,AAA,27,55.2,7.922154964775499,3.718562534486459,2.13043478,0.6467065277367755,0.20762712,0.09745763,0.11016949,0.24401914,1.3293411959033719,0.30128205,0.71823204,4.041915798354847,4.6225060950645895,-0.5805902967097429,4.880833419607834,30084
Jack Anderson,BOS,AAA,26,49.0,8.26530612244898,3.122448979591837,2.64705882,1.653061224489796,0.21634615,0.08173077,0.13461538,0.2513089,1.3265306122448979,0.28467153,0.76335878,4.591836734693878,5.144147869032256,-0.5523111343383782,4.780570363268561,30086
Jordan Wicks,CHC,AAA,26,42.0,6.857142857142857,4.071428571428571,1.68421053,1.9285714285714286,0.16161616,0.0959596,0.06565657,0.32768362,1.8333333333333333,0.36029412,0.6626506,6.642857142857143,6.314215896243141,0.3286412466140023,5.533583191746757,30094
Christian Scott,NYM,AAA,27,13.2,11.19511934719566,1.3170728643759602,8.5,1.9756092965639402,0.29310345,0.03448276,0.25862069,0.24074074,1.0975607203133,0.29411765,0.625,5.268291457503841,4.796213284026786,0.4720781734770547,4.270405681111279,30107
Eric Cerantola,KCR,AAA,26,28.1,12.38823668404037,4.764706416938604,2.6,1.2705883778502944,0.312,0.12,0.192,0.21495327,1.3411766210641998,0.296875,0.93220339,2.541176755700589,4.540546539333053,-1.999369783632464,4.026247288079672,30128
Ty Madden,DET,AAA,26,28.0,8.035714285714286,5.785714285714286,1.38888889,0.9642857142857143,0.2,0.144,0.056,0.24299065,1.5714285714285714,0.29113924,0.8040201,3.857142857142857,5.088025420052665,-1.2308825629098075,5.967594069242478,30140
Doug Nikhazy,CHC,AAA,26,39.2,9.756304084762458,6.126051402060148,1.59259259,2.0420171340200497,0.22279793,0.13989637,0.08290155,0.30864198,1.941176781722763,0.37272727,0.5994152,8.84874091408688,6.678362055554256,2.170378858532624,5.804631250016047,30142
Dylan Smith,SFG,AAA,26,20.1,10.180329460445694,4.42623020019378,2.3,0.8852460400387561,0.27710843,0.12048193,0.15662651,0.20547945,1.2295083889427167,0.27083333,0.72072072,3.983607180174402,4.485566993119812,-0.5019598129454095,4.581447368009557,30145
Dom Hamel,NYY,AAA,27,66.0,7.909090909090909,4.5,1.75757576,1.7727272727272727,0.18709677,0.10645161,0.08064516,0.28308824,1.6666666666666667,0.31840796,0.56818182,7.2272727272727275,6.082614164641409,1.1446585626313182,6.0739301164944965,30153
Chad Dallas,TOR,AAA,26,40.1,9.148761484289436,3.347107860105891,2.73333333,0.4462810480141188,0.23033708,0.08426966,0.14606742,0.2484472,1.3636365355986964,0.3220339,0.70110701,4.0165294321270695,3.4283441765566796,0.5881852555703899,4.5468623361336835,30158
Richard Fitts,STL,AAA,26,15.1,6.456523077700051,3.521739860563664,1.83333333,0.0,0.17741935,0.09677419,0.08064516,0.23636364,1.2391306916798077,0.29545455,0.85,1.760869930281832,3.487093729513126,-1.726223799231294,5.073723831417809,30160
Carlos Rodriguez,MIL,AAA,24,24.2,9.486485263916574,7.662161174701849,1.23809524,0.7297296356858903,0.19548872,0.15789474,0.03759399,0.34234234,2.391891583637085,0.43373494,0.66433566,8.027025992544793,5.173932546973691,2.853093445571102,6.168313061256418,30161
Robby Ahlstrom,TEX,AAA,27,29.1,10.125001097267443,2.454545720549683,4.125,0.6136364301374208,0.28448276,0.06896552,0.21551724,0.18518519,0.9545455579915435,0.24657534,0.71428571,2.7613639356183937,3.4483090329761286,-0.6869450973577349,3.6934264864745847,30167
Chase Petty,CIN,AAA,23,42.1,9.14173338182505,3.826772113322114,2.38888889,1.7007876059209395,0.22631579,0.09473684,0.13157895,0.2748538,1.5354332553452925,0.325,0.65693431,6.165355071463406,5.323964890506025,0.8413901809573812,4.856565458234421,30170
Mason Black,KCR,AAA,26,21.2,6.230768316596351,4.1538455443975675,1.5,0.0,0.15463918,0.10309278,0.05154639,0.27058824,1.5230766996124414,0.32857143,0.57142857,6.230768316596351,3.8292341706315502,2.401534145964801,5.556688817922492,30171
Travis Adams,MIN,"A,AAA",26,9.0,10.0,5.0,2.0,0.0,0.23809524,0.11904762,0.11904762,0.27027027,1.6666666666666667,0.37037037,0.53333333,7.0,3.0400373458862306,3.9599626541137694,4.46162268800868,30180
Mike Paredes,MIN,"AA,AAA",25,48.2,9.986300326172259,1.6643833876953764,6.0,1.479451900173668,0.27,0.045,0.225,0.25531915,1.1712327543041539,0.31746032,0.71721311,4.438355700521004,4.239367401482959,0.19898829903804494,3.649052197571604,30187
Franco Aleman,CLE,AAA,26,24.2,13.135133442346026,2.554053724900616,5.14285714,0.0,0.3956044,0.07692308,0.31868132,0.09876543,0.608108029738242,0.17777778,0.88888889,0.36486481784294517,1.8496086510713017,-1.4847438332283565,3.442835431901275,30195
Spencer Bivens,SFG,AAA,32,44.2,7.253730517289971,2.820895201168322,2.57142857,1.0074625718458292,0.18848168,0.07329843,0.11518325,0.24,1.2537312005192542,0.2761194,0.62745098,4.432835316121649,4.911673980780036,-0.47883866465838754,5.020791542121215,30226
Carter Baumler,TEX,AAA,24,3.0,6.0,3.0,2.0,0.0,0.13333333,0.06666667,0.06666667,0.35714286,2.0,0.41666667,0.83333333,3.0,3.6604303042093917,-0.6604303042093917,5.989560914039613,30231
Hunter Dobbins,STL,AAA,26,49.2,6.8859053350967985,2.536912491877768,2.71428571,1.0872482108047576,0.18357488,0.06763285,0.11594203,0.23684211,1.187919341434828,0.26712329,0.78358209,3.0805365972801466,4.619425119017123,-1.5388885217369763,4.706848269836412,30240
Jose Cabrera,ARI,"AA,AAA",24,61.0,9.442622950819672,2.360655737704918,4.0,1.180327868852459,0.26778243,0.06694561,0.20083682,0.21266968,1.0327868852459017,0.26174497,0.74349442,3.6885245901639343,4.23561177019213,-0.5470871800281958,4.031379031060172,30412
Didier Fuentes,ATL,AAA,21,16.2,10.79999794006387,3.239999382019161,3.33333333,0.5399998970031935,0.31746032,0.0952381,0.22222222,0.14814815,0.8399998397827454,0.21212121,0.83333333,2.159999588012774,3.552311134338379,-1.392311546325605,4.4565794900859155,30661
Kenley Jansen,DET,AAA,38,0.2,13.49993200634393,13.49993200634393,1.0,0.0,0.2,0.2,0.0,0.5,4.499977335447976,0.66666667,0.0,40.499796019031784,5.052303579487704,35.44749243954408,7.859403654973626,3096
Luis Guerrero,TBR,AAA,25,36.0,7.75,5.0,1.55,3.0,0.18902439,0.12195122,0.06707317,0.25874126,1.5833333333333333,0.25,0.55825243,7.25,7.91342224544949,-0.6634222454494898,5.555465581019719,31184
Chris Roycroft,STL,AAA,29,24.2,6.932431539015958,2.9189185427435613,2.375,0.36486481784294517,0.16814159,0.07079646,0.09734513,0.29807692,1.5810808773194291,0.35714286,0.56994819,5.837837085487123,3.6333922049701446,2.204444880516978,4.244384375027935,31261
Eduardo Rivera,BOS,"AA,AAA",23,39.1,11.89830604636516,4.576271556294293,2.6,0.6864407334441438,0.30952381,0.11904762,0.19047619,0.18309859,1.1694916199418748,0.26436782,0.73221757,2.745762933776575,3.885407891766237,-1.139644957989662,3.9410252928704854,31280
Colton Gordon,HOU,AAA,27,53.2,6.540372050943121,2.0124221695209603,3.25,1.0062110847604802,0.16883117,0.05194805,0.11688312,0.27230047,1.3043477024672891,0.30952381,0.68047337,4.527949881422161,4.999974722303205,-0.4720248408810441,5.369356406789482,31312
Max Scherzer,TOR,AAA,41,6.2,12.149994206431291,4.04999806881043,3.0,1.3499993562701433,0.33333333,0.11111111,0.22222222,0.20833333,1.199999427795683,0.28571429,0.75757576,4.04999806881043,4.152310848236221,-0.10231277942579098,4.728713365720639,3137
Ben Joyce,LAA,A,25,4.0,11.25,6.75,1.66666667,0.0,0.23809524,0.14285714,0.0952381,0.1875,1.5,0.27272727,0.75,2.25,5.801000785827637,-3.551000785827637,7.851012092828751,31461
Jack Perkins,OAK,AAA,26,7.2,10.565213010533785,8.217387897081833,1.28571429,1.173912556725976,0.29032258,0.22580645,0.06451613,0.125,1.3043472852510845,0.14285714,0.69767442,4.695650226903904,6.08071929394446,-1.3850690670405559,5.296466379496225,31468
Logan Henderson,MIL,AAA,24,17.2,13.24528063553133,4.584904835376229,2.88888889,0.0,0.35616438,0.12328767,0.23287671,0.1875,1.1886790313938371,0.31578947,0.9047619,1.0188677411947176,2.1372170493457157,-1.118349308150998,3.726149337230862,31475
Michael Darrell-Hicks,PIT,AAA,28,22.2,9.926469196085481,5.161763981964451,1.92307692,1.1911763035302578,0.25773196,0.13402062,0.12371134,0.2195122,1.3676468670162218,0.27777778,0.72916667,4.367646446277612,5.052310923969074,-0.6846644776914621,5.0655285246978945,31501
Caden Dana,LAA,AAA,22,37.2,8.840706770809913,5.0176984374867075,1.76190476,1.1946901041635019,0.22699387,0.12883436,0.09815951,0.19014085,1.2743361111077354,0.22,0.56097561,5.256636458319408,5.427391762538926,-0.17075530421951868,5.603164294173987,31508
Victor Mederos,LAA,AAA,25,36.2,8.099998876398416,4.909090228120252,1.65,0.9818180456240504,0.2,0.12121212,0.07878788,0.27083333,1.6090906858838603,0.3271028,0.68014706,5.64545376233829,4.9247934214876645,0.7206603408506256,4.877855231903202,31533
Paul Gervase,LAD,AAA,26,22.0,11.863636363636363,6.136363636363637,1.93333333,1.6363636363636365,0.29,0.15,0.14,0.20731707,1.4545454545454546,0.26530612,0.81632653,4.090909090909091,6.175581819360906,-2.0846727284518156,5.399989053336057,31571
Jake Palisch,CHW,AA,27,60.2,4.153845805589797,4.005494169675876,1.03703704,0.7417581795696067,0.10218978,0.09854015,0.00364964,0.28571429,1.598900964850041,0.30660377,0.59782609,5.192307256987246,5.241644058024861,-0.049336801037615174,5.605859024695676,31598
Zach Maxwell,CIN,AAA,25,18.0,13.5,6.5,2.07692308,0.5,0.3375,0.1625,0.175,0.18461538,1.3888888888888888,0.2972973,0.78125,3.5,3.7745333565606014,-0.2745333565606014,4.2999174515406295,31610
Carson Palmquist,COL,AAA,25,36.0,7.5,5.5,1.36363636,0.5,0.17857143,0.13095238,0.04761905,0.28571429,1.7222222222222223,0.35185185,0.64417178,6.0,5.247764261563619,0.7522357384363811,6.514924804700745,31612
William Kempner,MIA,AAA,25,27.2,15.289154869774178,5.530119846514064,2.76470588,0.9759035023260114,0.4017094,0.14529915,0.25641026,0.16494845,1.1927709472873473,0.27659574,0.6918239,4.2289151767460496,3.7330340051394924,0.4958811716065572,4.0820693760310895,31615
David Morgan,SDP,AAA,26,10.1,8.709680098773617,1.7419360197547236,5.0,0.8709680098773618,0.2173913,0.04347826,0.17391304,0.36363636,1.7419360197547236,0.45454545,0.54216867,6.967744079018894,3.8969894142230173,3.070754664795877,3.653223637060965,31616
Brian Fitzpatrick,MIL,AAA,26,16.0,11.25,2.25,5.0,0.0,0.32258065,0.06451613,0.25806452,0.21052632,1.0,0.32432432,0.76470588,1.125,1.989811134338379,-0.8648111343383791,3.3933682411909105,31624
Carson Whisenhunt,SFG,AAA,25,69.0,10.043478260869565,3.9130434782608696,2.56666667,0.2608695652173913,0.25838926,0.10067114,0.15771812,0.23484848,1.3333333333333333,0.32432432,0.72961373,3.652173913043478,3.6169520433398263,0.03522186970365171,4.708505398812502,31676
Shane Smith,CHW,AAA,26,13.2,11.85365577938364,5.268291457503841,2.25,0.6585364321879801,0.29508197,0.13114754,0.16393443,0.19148936,1.2439021496884068,0.28571429,0.69444444,5.268291457503841,4.9425547134018935,0.3257367441019472,4.8129296353692546,31687
Cameron Weston,BAL,AAA,25,34.2,12.980767326242399,5.971152970071503,2.17391304,1.8173074256739359,0.28901734,0.13294798,0.15606937,0.29931973,1.9326920241294239,0.41111111,0.68106312,7.528845049220592,5.542695457695547,1.9861495915250442,4.321252743757086,31696
Blade Tidwell,SFG,AAA,25,40.1,10.264464104324732,5.132232052162366,2.0,1.115702620035297,0.25414365,0.12707182,0.12707182,0.27388535,1.6363638427184355,0.35849057,0.7,5.355372576169426,5.109466257578022,0.24590631859140366,5.36023807846685,31701
Jonathan Cannon,CHW,AAA,25,52.0,9.0,4.5,2.0,1.5576923076923077,0.20883534,0.10441767,0.10441767,0.29090909,1.7307692307692308,0.34591195,0.63432836,6.230769230769231,5.475388057415302,0.7553811733539284,5.780581764762218,31730
Josh White,MIA,AAA,25,33.0,10.090909090909092,5.181818181818182,1.94736842,1.0909090909090908,0.28461538,0.14615385,0.13846154,0.15454545,1.0909090909090908,0.1884058,0.89171975,2.1818181818181817,4.7038262858535305,-2.522008104035349,4.4890937834075,31738
Mason Barnett,OAK,AAA,25,42.2,8.648436469026032,5.484374346211631,1.57692308,1.265624849125761,0.21925134,0.13903743,0.0802139,0.24223602,1.5234373183921195,0.28947368,0.75971731,4.640624446794456,5.728138430789137,-1.0875139839946808,5.373916437048877,31741
David Sandlin,CHW,"A+,AAA",25,27.1,11.524391584209301,5.2682932956385375,2.1875,0.0,0.29411765,0.13445378,0.15966387,0.20588235,1.3536586940182354,0.31343284,0.81578947,1.3170733239096344,2.863847756913331,-1.5467744330036965,3.755048948357692,31743
Garrett McDaniels,LAD,AAA,26,24.0,6.375,7.125,0.89473684,0.0,0.1588785,0.17757009,-0.01869159,0.24137931,1.6666666666666667,0.3,0.70731707,3.0,5.077096970876059,-2.0770969708760587,5.6593796233336136,31751
JR Ritchie,ATL,AAA,23,39.1,8.23728920077168,4.57627177820649,1.8,0.6864407667309734,0.22360248,0.1242236,0.09937888,0.18978102,1.1694916766527694,0.23469388,0.82969432,2.7457630669238937,4.543836686283118,-1.7980736193592244,4.88450110294083,31760
Orion Kerkering,PHI,AAA,25,4.0,11.25,0.0,5.0,0.0,0.33333333,0.0,0.33333333,0.2,0.75,0.3,0.66666667,2.25,1.052311134338379,1.197688865661621,3.391572979092598,31776
Troy Melton,DET,"A,AAA",25,11.2,12.342853779696389,1.5428567224620486,8.0,0.0,0.35555556,0.04444444,0.31111111,0.14285714,0.6857140988720216,0.23076923,0.66666667,1.5428567224620486,1.7422622693788847,-0.1994055469168361,2.3053058144173004,31807
Elmer Rodríguez,NYY,AAA,22,51.0,9.0,4.235294117647059,2.125,0.7058823529411765,0.24757282,0.11650485,0.13106796,0.21111111,1.2156862745098038,0.272,0.73630137,3.0,4.101330742181516,-1.1013307421815162,4.145857699010887,31811
Cade Gibson,MIA,AAA,28,20.0,10.35,1.8,5.75,0.45,0.27380952,0.04761905,0.22619048,0.20547945,0.95,0.28571429,0.73170732,2.25,3.552311134338379,-1.302311134338379,4.30586824119091,31815
Zebby Matthews,MIN,AAA,26,34.1,8.650486718407302,2.883495572802434,3.0,2.3592236504747186,0.21854305,0.07284768,0.14569536,0.29496403,1.5145633311689553,0.32989691,0.84158416,4.718447300949437,6.08629209225567,-1.3678447913062328,4.313737002695083,31827
Kodai Senga,NYM,"A,AA,AAA",33,18.0,8.500000112586553,3.0000000397364306,2.83333333,0.5000000066227384,0.2125,0.075,0.1375,0.21428571,1.166666682119723,0.26923077,0.6779661,4.000000052981907,4.091772734868805,-0.0917726818868978,4.913464833750501,31838
Connor Prielipp,MIN,AAA,25,15.2,12.638295307911141,4.595743748331324,2.75,0.5744679685414155,0.34920635,0.12698413,0.22222222,0.2,1.2127657113652104,0.3125,0.85227273,2.297871874165662,3.1055027143617226,-0.8076308401960608,3.1118771597038384,31857
Peyton Pallette,CHW,AAA,25,8.0,12.375,4.5,2.75,0.0,0.32352941,0.11764706,0.20588235,0.16666667,1.125,0.26315789,0.55555556,3.375,2.302311134338379,1.072688865661621,3.4719420567154886,31865
Matt Pushard,STL,AAA,28,17.1,8.826919839228175,3.1153834726687677,2.83333333,1.038461157556256,0.21794872,0.07692308,0.14102564,0.25,1.3846148767416746,0.30188679,0.66037736,4.153844630225024,4.12923399964741,0.024610630577613257,4.572620600348449,31870
Max Rajcic,STL,AAA,24,40.2,10.18032659557823,3.098360268219461,3.28571429,1.1065572386498075,0.28395062,0.08641975,0.19753086,0.2137931,1.1065572386498075,0.27659574,0.7804878,2.8770488204894993,4.14247499495161,-1.2654261744621107,3.878644080366642,31873
Trevor Martin,TBR,AAA,25,23.2,9.887322615593572,4.943661307796786,2.0,0.0,0.23636364,0.11818182,0.11818182,0.25263158,1.5633800716964195,0.34782609,0.69230769,1.901408195306456,3.256536526179597,-1.3551283308731408,4.521714593403312,31878
Alex Hoppe,SEA,AAA,27,8.0,13.5,3.375,4.0,0.0,0.4,0.1,0.3,0.14814815,0.875,0.26666667,0.85714286,0.0,2.118763637542725,-2.118763637542725,2.337119632214308,31880
Troy Taylor,SEA,AAA,24,27.1,11.853659915186709,6.256098288570763,1.89473684,0.6585366619548172,0.27906977,0.14728682,0.13178295,0.24770642,1.6829270249956438,0.35211268,0.7239819,4.609756633683721,4.505958819063139,0.1037978146205818,5.024648014249962,31883
Logan VanWey,HOU,AAA,27,24.2,12.405403806660136,3.2837833605865066,3.77777778,1.0945944535288354,0.29824561,0.07894737,0.21929825,0.31067961,1.6621619479511947,0.43939394,0.6443299,6.202701903330068,4.155925778806256,2.046776124523812,4.416116835477778,31884
Duncan Davitt,CHW,AAA,26,44.0,9.613636363636363,4.295454545454546,2.23809524,1.6363636363636365,0.23152709,0.10344828,0.12807882,0.28888889,1.6590909090909092,0.352,0.61128527,7.363636363636363,5.347765679792925,2.0158706838434384,4.685410657795993,31886
Andrew Morris,MIN,AAA,24,7.1,6.136366296406788,2.454546518562715,2.5,0.0,0.17857143,0.07142857,0.10714286,0.19230769,0.9545458683299447,0.23809524,0.85714286,1.2272732592813576,3.0068563524355536,-1.779583093154196,6.32435640672999,31891
Robby Snelling,MIA,AAA,22,29.0,13.655172413793103,4.655172413793103,2.93333333,0.6206896551724138,0.4,0.13636364,0.26363636,0.11578947,0.896551724137931,0.18367347,0.86206897,1.8620689655172413,2.966104237786655,-1.1040352722694136,2.7148661259947153,31893
Brycen Mautz,STL,AAA,24,58.2,9.511362811750688,6.136363104355283,1.55,0.6136363104355282,0.23574144,0.15209125,0.08365019,0.19815668,1.4147726046152458,0.25827815,0.80335731,2.454545241742113,4.6773110368035145,-2.2227657950614015,5.481595663964464,31910
Hayden Harris,ATL,AAA,27,26.2,10.462498752772957,8.437498994171738,1.24,0.3374999597668696,0.2605042,0.21008403,0.05042017,0.18478261,1.5749998122453914,0.26666667,0.75117371,3.7124995574355655,4.752310991287249,-1.0398114338516837,5.949079376844377,31913
Tyler Schweitzer,CHW,AAA,25,39.2,7.260503270701783,1.588235090466015,4.57142857,0.9075629088377228,0.19047619,0.04166667,0.14880952,0.26875,1.2605040400523928,0.31451613,0.68281938,4.537814544188614,3.854832103950953,0.682982440237661,4.572578418461002,31920
Samy Natera Jr.,LAA,AAA,26,30.0,13.2,5.4,2.44444444,1.5,0.34375,0.140625,0.203125,0.20183486,1.3333333333333333,0.28333333,0.91176471,3.0,5.1270969708760585,-2.1270969708760585,4.5908217310905455,31936
Cameron Foster,BAL,AAA,27,14.0,10.285714285714286,4.5,2.28571429,1.9285714285714286,0.23188406,0.10144928,0.13043478,0.32258065,1.9285714285714286,0.39534884,0.57017544,9.0,5.552311134338379,3.447688865661621,5.573711062329156,31942
Riley Cornelio,WSN,AAA,26,49.1,13.135136489366737,4.7432437322713215,2.76923077,1.2770271586884328,0.34615385,0.125,0.22115385,0.21546961,1.3175677034087003,0.31372549,0.74733096,4.378378829788912,4.119878760422127,0.25850006936678493,4.0581810249278245,31953
Jake Bennett,BOS,AAA,25,39.1,9.381357145323303,2.05932230019292,4.55555556,0.45762717782064893,0.2611465,0.05732484,0.20382166,0.2137931,1.0169492840458865,0.28431373,0.84577114,1.6016951223722713,3.0438364923154357,-1.4421413699431644,3.572274786794941,31959
Thomas Harrington,PIT,AAA,24,51.2,8.361289499463531,4.006451218492942,2.08695652,1.3935482499105885,0.20083682,0.09623431,0.10460251,0.26886792,1.5483869443450982,0.31410256,0.6456044,6.096773593358824,5.274891609922301,0.8218819834365227,5.797446332149117,31989
Drew Sommers,DET,AAA,25,21.0,15.0,4.714285714285714,3.18181818,0.8571428571428571,0.37634409,0.11827957,0.25806452,0.2,1.2857142857142858,0.3255814,0.83969466,3.0,3.314215896243141,-0.31421589624314095,3.501956449236189,32026
Noah Schultz,CHW,AAA,22,18.1,13.25454775282214,2.9454550561826975,4.5,0.9818183520608992,0.39130435,0.08695652,0.30434783,0.1147541,0.7090910320439828,0.15625,0.81967213,1.9636367041217984,3.3341292783248457,-1.3704925742030474,3.038793094415138,32056
John Klein,MIN,AAA,24,41.1,10.669356151624637,3.9193553210049688,2.72222222,2.8306455096146994,0.2752809,0.1011236,0.1741573,0.24050633,1.3548388763967794,0.26041667,0.70351759,6.532258868341614,6.7216663630522735,-0.1894074947106592,4.715654081209915,32155
Jonah Tong,NYM,AAA,23,50.0,12.24,5.76,2.125,1.8,0.29310345,0.13793103,0.15517241,0.24873096,1.62,0.32773109,0.57142857,6.3,5.532311134338379,0.7676888656616212,4.354582335948944,32157
Luis Morales,OAK,AAA,23,31.2,9.66315692468373,6.821051946835573,1.41666667,1.989473484493709,0.20858896,0.14723926,0.06134969,0.34306569,2.2421050380802114,0.41666667,0.66455696,8.526314933544466,7.183237001572321,1.3430779319721449,6.019625118758906,32227
Brendan Beck,NYY,AAA,27,81.0,9.555555555555555,3.0,3.18518519,1.0,0.26791277,0.08411215,0.18380062,0.19387755,1.037037037037037,0.24120603,0.70028011,3.2222222222222223,3.8732987886593664,-0.6510765664371441,4.115433254506852,33043
Jake Bloss,TOR,"A,AA,AAA,CPX",25,23.2,11.408449056909758,2.2816898113819515,5.0,1.9014081761516264,0.31578947,0.06315789,0.25263158,0.2247191,1.0985913906653841,0.27777778,0.84210526,3.8028163523032528,4.7327219122263084,-0.9299055599230557,3.343555648860561,33168
Hunter Barco,PIT,AAA,25,38.2,10.706895143325392,4.189654621301241,2.55555556,0.6982757702168734,0.25698324,0.10055866,0.15642458,0.26623377,1.5258618682516862,0.36190476,0.64724919,4.887930391518114,4.121276576737313,0.7666538147808009,4.516212941984235,33174
Craig Yoho,MIL,AAA,26,20.0,12.6,2.25,5.6,0.9,0.38356164,0.06849315,0.31506849,0.13432836,0.7,0.18918919,0.90163934,0.9,2.952311134338379,-2.052311134338379,2.7751568198204044,33248
Seth Halvorsen,COL,AAA,26,16.2,12.959997528076643,3.779999279022354,3.42857143,0.5399998970031935,0.34285714,0.1,0.24285714,0.20967742,1.1999997711182078,0.32432432,0.81632653,2.159999588012774,3.3337637634277106,-1.1737641754149366,3.9163050590674553,33294
George Klassen,LAA,AAA,24,48.1,8.751725058901563,5.772414400552095,1.51612903,0.9310345807342089,0.20704846,0.13656388,0.07048458,0.26530612,1.7172415600208741,0.32638889,0.67105263,5.027586735964728,5.317901707920266,-0.2903149719555387,5.454883093072045,33464
Sean Sullivan,COL,AAA,23,54.2,8.231706551183695,3.1280484894498044,2.63157895,1.6463413102367392,0.20242915,0.07692308,0.12550607,0.2920354,1.5548779041124758,0.3373494,0.61643836,5.597560454804913,5.694982991454022,-0.09742253664910905,5.489842664833392,33502
Hurston Waldrep,ATL,"AA,AAA,CPX",24,15.1,7.630431500073026,6.456518961600253,1.18181818,0.5869562692363867,0.203125,0.171875,0.03125,0.13461538,1.1739125384727733,0.15789474,0.73863636,3.5217376154183198,5.228344473043723,-1.7066068576254034,5.641537305409977,33527
Brandyn Garcia,ARI,AAA,26,12.1,13.135138520714662,7.297299178174812,1.8,0.7297299178174812,0.32727273,0.18181818,0.14545455,0.25,1.702703141574123,0.4,0.87378641,2.189189753452444,4.804574657339926,-2.6153849038874823,4.600338475852357,33568
Mitch Farris,LAA,AAA,25,10.2,10.968746731058737,4.218748742714899,2.6,0.8437497485429798,0.27659574,0.10638298,0.17021277,0.26829268,1.4999995529652974,0.37037037,0.83333333,3.374998994171919,4.46251349784438,-1.0875145036724612,4.390132491441412,33628
Josh Ekness,MIA,AAA,24,16.1,15.979594946801896,3.3061230924417715,4.83333333,0.551020515406962,0.41428571,0.08571429,0.32857143,0.20634921,1.1632655325258086,0.36363636,0.59139785,4.408164123255696,2.0829230932531475,2.325241030002548,2.432765697548256,33785
Kade Morris,OAK,AAA,24,72.2,7.059634015793269,3.5917436220702594,1.96551724,1.486238740167004,0.18152866,0.09235669,0.08917198,0.27598566,1.4587158005342817,0.30952381,0.73529412,4.830275905542763,6.0166997005478144,-1.1864237950050516,5.336301330983995,33787
Trey Gibson,BAL,AAA,24,38.0,9.0,4.5,2.0,0.7105263157894737,0.22352941,0.11176471,0.11176471,0.25827815,1.5263157894736843,0.32727273,0.7063197,3.5526315789473686,4.078626923812063,-0.5259953448646946,4.185006343377264,33794
Philip Abner,ARI,AAA,24,22.2,9.132351660398642,3.5735289105907735,2.55555556,0.0,0.2371134,0.09278351,0.1443299,0.20454545,1.1911763035302578,0.27692308,0.48148148,4.764705214121031,3.155528460984395,1.6091767531366363,4.465664245272299,33821
Yuki Matsui,SDP,AAA,30,12.2,9.94736592459279,2.1315784124127406,4.66666667,1.421052274941827,0.23728814,0.05084746,0.18644068,0.30357143,1.5789469721575857,0.375,0.75581395,4.973682962296395,4.54639507779788,0.42728788449851507,4.700308248483605,33826
Andrew Walters,CLE,AAA,25,12.1,16.783788109802067,8.027029095992294,2.09090909,3.648649589087406,0.37096774,0.17741935,0.19354839,0.2745098,2.0270275494930035,0.39130435,0.66666667,7.297299178174812,7.768528437283826,-0.4712292591090135,4.470824061796582,33834
Yariel Rodríguez,TOR,AAA,29,14.2,15.954541996491606,6.136362306342925,2.6,0.0,0.41935484,0.16129032,0.25806452,0.1372549,1.1590906578647748,0.28,0.77777778,2.45454492253717,2.2568568696659836,0.1976880528711864,3.022433307469504,33838
Rhett Lowder,CIN,AAA,24,5.0,14.4,0.0,8.0,0.0,0.38095238,0.0,0.38095238,0.28571429,1.2,0.46153846,0.5,5.4,0.3523111343383789,5.0476888656616214,0.3523111343383789,33876
Zach Thornton,NYM,"AA,AAA",24,55.0,9.163636363636364,3.7636363636363637,2.43478261,1.1454545454545455,0.23430962,0.09623431,0.13807531,0.25462963,1.4181818181818182,0.31372549,0.71847507,4.254545454545455,4.42966589494185,-0.17512044039639552,4.818696443872018,33891
José Fermin,LAA,AAA,24,16.0,12.9375,6.1875,2.09090909,0.0,0.30666667,0.14666667,0.16,0.265625,1.75,0.41463415,0.78571429,2.8125,3.181263637542725,-0.3687636375427248,4.163865613564849,33908
Jonathan Pintaro,NYM,AAA,28,34.2,10.644229207518768,3.6346148513478718,2.92857143,0.5192306930496959,0.29496403,0.10071942,0.1942446,0.20967742,1.1538459845548799,0.2962963,0.62827225,3.6346148513478718,3.2350034885857872,0.39961136276208453,3.996526415004689,33980
Tyler Davis,CHW,AAA,27,7.1,8.590912814969503,3.6818197778440727,2.33333333,0.0,0.23333333,0.1,0.13333333,0.18518519,1.0909095638056512,0.25,0.5,4.90909303712543,2.870492656959847,2.038600380165583,4.91203115191027,34847
Shinnosuke Ogasawara,WSN,"AA,AAA",28,58.2,9.818181286173447,2.301136238946902,4.26666667,1.0738635781752208,0.26666667,0.0625,0.20416667,0.22321429,1.1079544854188785,0.28104575,0.76512456,2.914772569332742,3.7477935403324043,-0.8330209709996623,3.602479173098476,35324
Ryan Johnson,LAA,"A,AA,AAA",23,28.2,11.61628174269306,1.2558142424533039,9.25,0.6279071212266519,0.32743363,0.03539823,0.2920354,0.18691589,0.8372094949688692,0.26470588,0.77586207,2.5116284849066077,2.7747588242011965,-0.26313033929458873,3.2789568471806554,35325
Gage Jump,OAK,AAA,23,38.0,13.263157894736842,4.7368421052631575,2.8,0.9473684210526315,0.33136095,0.1183432,0.21301775,0.24827586,1.4736842105263157,0.37647059,0.69852941,4.5,4.3095531112269345,0.19044688877306548,4.044404452725461,35418
Trey Yesavage,TOR,"A,AAA",22,12.0,12.0,5.25,2.28571429,2.25,0.28571429,0.125,0.16071429,0.28571429,1.75,0.36666667,0.53571429,7.5,5.97220795028264,1.5277920497173598,4.049365494254775,35456
Payton Tolle,BOS,AAA,23,15.0,11.4,2.4,4.75,0.6,0.31147541,0.06557377,0.24590164,0.21052632,1.0666666666666667,0.2972973,0.54794521,3.0,2.6856444676717124,0.3143555323282876,4.064669171969096,35466
Tatsuya Imai,HOU,"AA,AAA",28,5.0,9.0,14.4,0.625,1.8,0.17857143,0.28571429,-0.10714286,0.35,3.0,0.42857143,0.66176471,10.8,9.258232402801514,1.5417675971984863,7.3882676541805266,37124
Anthony Gose,KCR,AAA,35,22.1,10.477613431676243,7.2537323757758605,1.44444444,1.6119405279501913,0.24299065,0.1682243,0.07476636,0.25842697,1.8358211568321623,0.3220339,0.59322034,6.850747243788312,5.970221926263665,0.880525317524647,5.904313969719279,5097
Ryan Brasier,TEX,AAA,38,22.2,9.132351660398642,2.3823526070605157,3.83333333,0.7941175356868385,0.24468085,0.06382979,0.18085106,0.24137931,1.1911763035302578,0.30645161,0.67460317,3.9705876784341925,4.037881278414216,-0.06729359998002327,4.200958400043353,5615
Albert Suárez,BAL,AAA,36,9.0,7.0,2.0,3.5,2.0,0.18421053,0.05263158,0.13157895,0.22222222,1.1111111111111112,0.22222222,0.83333333,4.0,5.552311134338379,-1.552311134338379,4.534831721252866,6175
Robert Stock,NYM,A+,36,1.2,5.399989314100431,0.0,1.0,0.0,0.11111111,0.0,0.11111111,0.44444444,2.3999952507113025,0.5,0.25,16.199967942301292,2.3943142795515753,13.805653662749716,5.818956344831264,6576
Carlos Carrasco,ATL,AAA,39,30.0,7.8,2.1,3.71428571,1.2,0.20967742,0.05645161,0.15322581,0.24347826,1.1666666666666667,0.28235294,0.82802548,3.0,4.452311134338379,-1.4523111343383794,3.9042038023471832,6632
Craig Kimbrel,NYM,A,38,1.0,9.0,0.0,1.0,0.0,0.33333333,0.0,0.33333333,0.0,0.0,0.0,1.0,0.0,1.7470790863037111,-1.7470790863037111,,6655
Luis García,MIN,AAA,39,2.0,4.5,0.0,1.0,4.5,0.125,0.0,0.125,0.25,1.0,0.16666667,1.0,4.5,9.052311134338378,-4.552311134338378,5.359425348043442,6984
Hunter Strickland,LAA,AAA,37,12.1,9.486488931627257,3.648649589087406,2.6,2.189189753452444,0.20634921,0.07936508,0.12698413,0.36206897,2.1081086514727234,0.42857143,0.2293578,13.135138520714662,6.264034492974888,6.871104027739774,4.943144161638189,7836
Justin Verlander,DET,AAA,43,10.2,5.0624984912578785,1.6874994970859596,3.0,3.374998994171919,0.13953488,0.04651163,0.09302326,0.2195122,1.0312496926636419,0.16129032,1.0,3.374998994171919,7.864809849113609,-4.489810854941689,6.323258437306492,8700
Kirby Yates,LAA,"A,AAA",39,4.0,15.75,2.25,7.0,4.5,0.33333333,0.04761905,0.28571429,0.36842105,2.0,0.5,0.32258065,13.5,8.77238221168518,4.72761778831482,3.5558084517717363,9073
Patrick Corbin,TOR,A,36,5.0,16.2,1.8,9.0,0.0,0.45,0.05,0.4,0.21052632,1.0,0.4,0.8,0.0,0.7470790863037111,-0.7470790863037111,1.3734035760164263,9323
Beau Philip,TOR,AA,27,3.1,8.100008304127623,2.700002768042541,3.0,2.700002768042541,0.21428571,0.07142857,0.14285714,0.23076923,1.2000012302411294,0.22222222,0.0,0.0,6.56249468326884,-6.56249468326884,4.350497998518343,sa1169595
Clay Dungan,SDP,AAA,30,1.0,9.0,9.0,1.0,0.0,0.1,0.1,0.0,0.625,6.0,0.71428571,0.28571429,45.0,7.993763637542725,37.00623636245727,11.487459552288055,sa1169803
Adam Leverett,SEA,AA,27,55.2,7.760478332841306,2.748502742881296,2.82352941,1.6167663193419388,0.21052632,0.0745614,0.13596491,0.24154589,1.203592704398999,0.26845638,0.77192982,4.365269062223234,5.397450361536009,-1.032181299312775,5.21618719612038,sa1169991
Chris Kachmar,BAL,AAA,29,15.2,6.319147653955571,5.170211716872739,1.22222222,0.5744679685414155,0.1641791,0.13432836,0.02985075,0.24137931,1.4680848084947284,0.2826087,0.64814815,5.170211716872739,4.70124707142121,0.46896464545152927,6.021589605498117,sa1170503
Luis Quiñones,MIN,AA,28,17.0,15.352941176470589,8.470588235294118,1.8125,0.5294117647058824,0.39726027,0.21917808,0.17808219,0.15789474,1.4705882352941178,0.2962963,0.76271186,3.176470588235294,3.8314061389249914,-0.6549355506896974,4.07434465043685,sa1170867
Luis Carrasco,OAK,A+,24,19.0,6.631578947368421,7.578947368421052,0.875,0.47368421052631576,0.14,0.16,-0.02,0.3125,2.1578947368421053,0.36923077,0.59633028,8.526315789473685,6.315496610340318,2.2108191791333667,6.656303197302316,sa1172127
Gerardo Carrillo,ARI,AAA,27,32.1,11.412372929267951,6.958763981260946,1.64,1.3917527962521892,0.27702703,0.16891892,0.10810811,0.20869565,1.5154641559190505,0.27536232,0.68,5.567011185008757,6.52984651071338,-0.9628353257046234,5.275904191909366,sa3002790
Freuddy Batista,HOU,A+,26,1.0,9.0,36.0,0.25,0.0,0.1,0.4,-0.3,0.5,7.0,0.6,0.42857143,36.0,13.594311904907226,22.405688095092774,17.399477285146713,sa3002866
Helcris Olivárez,KCR,AAA,25,28.2,8.476743246040428,12.558138142282115,0.675,0.9418603606711586,0.1875,0.27777778,-0.09027778,0.23762376,2.2325578919612648,0.29577465,0.63694268,8.162789792483375,7.529054879394382,0.6337349130889933,7.082533975232719,sa3002965
Danis Correa,NYM,"A+,AA,AAA",26,19.0,11.368421052631579,2.8421052631578947,4.0,0.9473684210526315,0.31578947,0.07894737,0.23684211,0.1884058,1.0,0.25581395,0.75581395,2.8421052631578947,3.5211596692771745,-0.6790544061192798,3.9394340444460756,sa3002980
Luis Palacios,MIA,"AA,AAA",25,54.2,7.737804158112674,4.774389799686544,1.62068966,0.9878047861420435,0.22274882,0.13744076,0.08530806,0.17127072,1.0975608734911595,0.1953125,0.87452471,2.4695119653551085,4.993327312087947,-2.523815346732839,4.778129983733607,sa3003021
Victor Santos,STL,"A,CPX",25,4.1,6.230773973045347,0.0,3.0,0.0,0.2,0.0,0.2,0.26666667,0.9230776256363477,0.33333333,1.0,0.0,2.626940542262342,-2.626940542262342,4.011637141001395,sa3003083
Robinson Ortiz,SEA,AAA,26,26.0,12.115384615384615,6.923076923076923,1.75,0.6923076923076923,0.28455285,0.16260163,0.12195122,0.21,1.5769230769230769,0.3015873,0.63106796,5.538461538461538,4.9553020990811865,0.5831594393803519,5.231844837161211,sa3004006
Max Green,NYM,AA,30,23.1,6.171429412219104,1.9285716913184698,3.2,0.771428676527388,0.16666667,0.05208333,0.11458333,0.24175824,1.157143014791082,0.2739726,0.70247934,3.8571433826369397,3.94820594592971,-0.09106256329277018,5.647263101435933,sa3004092
Dylan File,DET,AAA,30,60.2,6.379120344298617,2.818681082364505,2.26315789,1.4835163591392133,0.15867159,0.0701107,0.08856089,0.28629032,1.4835163591392133,0.31282051,0.65,5.785713800642932,5.414948340813169,0.37076545982976317,5.647341666991954,sa3004197
Blake Weiman,LAA,CPX,30,2.0,18.0,4.5,4.0,0.0,0.57142857,0.14285714,0.42857143,0.0,0.5,0.0,1.0,0.0,2.317668151855469,-2.317668151855469,2.317668151855469,sa3004211
Matt Seelinger,DET,AAA,31,33.1,10.80000164794947,4.590000700378525,2.35294118,1.3500002059936838,0.28571429,0.12142857,0.16428571,0.24390244,1.4100002151489586,0.32051282,0.675,4.590000700378525,4.632311299133326,-0.04231059875480092,4.7595758366941,sa3004483
Osvaldo Berrios,BOS,"A+,AAA,CPX",26,25.1,9.236843264334235,2.4868424173207555,3.71428571,0.7105264049487873,0.26804124,0.07216495,0.19587629,0.16666667,0.8684211616040733,0.20967742,0.78125,2.4868424173207555,3.44037881852036,-0.9535364011996044,3.9197600893846545,sa3004702
Bryce Conley,NYM,"AA,AAA",31,61.2,8.027026613234101,4.816215967940461,1.66666667,1.313513445801944,0.20676692,0.12406015,0.08270677,0.25327511,1.475675599604653,0.2969697,0.75242718,4.670270029518023,5.4729233653809715,-0.8026533358629484,5.429766802403441,sa3004704
Jacob Heatherly,CHW,AA,28,20.2,15.241933139380619,11.322578903539888,1.34615385,0.43548380398230335,0.34653465,0.25742574,0.08910891,0.18918919,1.9354835732546816,0.34210526,0.68181818,5.225805647787641,4.820516752229176,0.40528889555846437,4.965541142503748,sa3004736
Sam Carlson,HOU,AAA,27,24.0,9.375,4.125,2.27272727,1.125,0.24038462,0.10576923,0.13461539,0.24175824,1.375,0.3015873,0.74675325,4.5,5.160430304209392,-0.6604303042093917,5.282278261582057,sa3005015
Gerald Ogando,BAL,"AA,AAA",25,25.1,9.592102765583586,9.2368397001916,1.03846154,1.065789196175954,0.2231405,0.21487603,0.00826446,0.22105263,1.8552626748248087,0.27692308,0.65420561,6.394735177055724,6.040626082632478,0.35410909442324545,6.274394389610071,sa3005026
Matt Turner,NYM,"AA,AAA",26,24.1,10.356161677697148,3.328766253545512,3.11111111,1.1095887511818374,0.27184466,0.08737864,0.18446602,0.20430108,1.1506846308552388,0.25806452,0.84677419,2.219177502363675,4.0926937455236425,-1.8735162431599677,3.4138649122614297,sa3005029
Sadrac Franco,SDP,AA,26,27.1,9.878049929322257,6.5853666195481715,1.5,0.9878049929322258,0.234375,0.15625,0.078125,0.23076923,1.609756284778442,0.29577465,0.63926941,5.5975616266159465,5.520789426228347,0.07677220038759991,5.625907338069333,sa3005073
Blayne Enlow,ATL,"AA,AAA",27,21.1,10.125001508742796,5.062500754371398,2.0,1.6875002514571327,0.25,0.125,0.125,0.27710843,1.6406252444722123,0.34545455,0.55921053,8.01562619442138,5.653134715679823,2.362491478741557,4.154157687998795,sa3005117
Juan Sanchez,SFG,AAA,25,9.2,12.103444295605529,13.965512648775611,0.86666667,2.793102529755122,0.23214286,0.26785714,-0.03571429,0.3,2.793102529755122,0.375,0.79831933,7.448273412680326,10.304106389952445,-2.8558329772721187,8.076708457652513,sa3005444
Felix Cepeda,NYM,"A,A+,AA",25,10.2,5.906253652416566,3.3750020870951802,1.75,0.8437505217737951,0.14583333,0.08333333,0.0625,0.27272727,1.5000009275978579,0.30555556,0.4109589,5.062503130642771,4.655997180572816,0.4065059500699544,5.866176635274916,sa3005445
Jesus Valdez,ARI,AA,28,2.1,3.85714850621175,7.7142970124235,0.5,19.285742531058748,0.05882353,0.11764706,-0.05882353,0.53333333,4.2857205624575,0.33333333,0.33333333,34.714336555905746,33.22640743164644,1.4879291242593027,15.157783652117196,sa3005492
Efrain Contreras,LAA,AA,26,16.0,12.375,1.6875,7.33333333,1.6875,0.33333333,0.04545455,0.28787879,0.25806452,1.1875,0.35135135,0.82278481,3.9375,4.096726608276367,-0.15922660827636737,3.21450714096427,sa3005692
Jorge Juan,BOS,AA,27,1.2,5.399989314100431,26.999946570502154,0.2,0.0,0.07692308,0.38461538,-0.30769231,0.16666667,3.599992876066954,0.2,0.375,26.999946570502154,14.962469048544701,12.037477521957452,16.087803876974146,sa3005826
Samuel Vásquez,MIA,AA,26,3.0,6.0,15.0,0.4,0.0,0.125,0.3125,-0.1875,0.18181818,2.3333333333333335,0.22222222,0.57142857,9.0,7.325893274943034,1.6741067250569657,8.510868918895723,sa3005849
Yeuris Jimenez,WSN,A+,25,31.1,9.765958437611037,6.031915505583287,1.61904762,0.2872340716944422,0.22818792,0.1409396,0.08724832,0.24590164,1.6276597396018393,0.33333333,0.64748201,5.457447362194403,4.424099223135616,1.0333481390587869,5.284340900597826,sa3006386
Inohan Paniagua,DET,"A,A+",26,17.1,10.384617289142845,4.153846915657138,2.5,1.0384617289142846,0.27777778,0.11111111,0.16666667,0.19354839,1.1538463654603162,0.25,0.83333333,3.1153851867428535,4.858614389995215,-1.7432292032523615,5.707910761676882,sa3006417
Jeisson Cabrera,BAL,"AA,AAA",27,23.2,13.69013886829171,8.366195975067155,1.63636364,0.38028163523032527,0.30508475,0.18644068,0.11864407,0.24468085,1.9014081761516264,0.38596491,0.57017544,5.704224528454879,4.110640206108126,1.5935843223467527,5.304297858231742,sa3006501
Eddy Yean,WSN,AAA,25,35.0,9.257142857142858,4.628571428571429,2.0,0.7714285714285715,0.24657534,0.12328767,0.12328767,0.19047619,1.2,0.24137931,0.67839196,3.342857142857143,4.32373970576695,-0.9808825629098075,4.22536199263164,sa3006543
Jose Cordova,COL,AAA,26,1.0,0.0,0.0,0.0,0.0,0.0,0.0,0.0,0.25,1.0,0.25,1.0,0.0,3.993763637542725,-3.993763637542725,10.981155467033386,sa3006548
Valentin Linarez,WSN,AA,26,13.2,10.536582915007681,7.902437186255761,1.33333333,1.9756092965639402,0.23880597,0.17910448,0.05970149,0.23076923,1.75609715250128,0.27272727,0.65789474,5.268291457503841,7.367368771418789,-2.0990773139149486,6.846726202343245,sa3006557
Angel Obando,TOR,A,27,7.0,12.857142857142858,6.428571428571429,2.0,3.857142857142857,0.3030303,0.15151515,0.15151515,0.21428571,1.5714285714285714,0.2,0.29411765,10.285714285714286,8.604221943446568,1.6814923422677186,4.598604596299785,sa3006637
Andrew Pérez,KCR,AAA,28,35.1,10.188680711952168,6.113208427171301,1.66666667,1.5283021067928253,0.24691358,0.14814815,0.09876543,0.21481481,1.5000002159262913,0.25842697,0.73529412,5.094340355976084,5.7881605127945495,-0.6938201568184654,5.593261241734718,sa3006640
Aaron Shortridge,WSN,"A+,AA,CPX",29,21.1,9.28125138301423,2.9531254400499822,3.14285714,0.42187506286428317,0.22680412,0.07216495,0.15463918,0.31111111,1.6406252444722123,0.40298507,0.53571429,6.750001005828531,3.3437187342951944,3.4062822715333363,4.045208708330513,sa3006759
Michael Flynn,SDP,"AA,AAA",29,21.1,9.703126445878512,4.640625691507115,2.09090909,0.8437501257285663,0.23469388,0.1122449,0.12244898,0.27058824,1.5937502374872918,0.35,0.63253012,4.640625691507115,4.677915374063214,-0.0372896825560991,4.991748513167333,sa3006803
Julio Robaina,ATL,AA,25,24.1,7.767124302370816,3.3287675581589213,2.33333333,0.7397261240353158,0.21212121,0.09090909,0.12121212,0.2247191,1.1917809776124533,0.27272727,0.66176471,3.3287675581589213,4.234569149192724,-0.9058015910338031,4.407865565837437,sa3006817
Gabe Mosser,SEA,AAA,30,81.2,6.391837530871025,2.534694193276441,2.52173913,0.8816327628787621,0.16860465,0.06686047,0.10174419,0.24528302,1.2367348479271525,0.27777778,0.66810345,4.297959719033965,4.801927003514923,-0.5039672844809573,5.4107754905637595,sa3006834
Gabriel Rodriguez,NYM,AA,27,25.0,13.68,7.92,1.72727273,1.8,0.33043478,0.19130435,0.13913044,0.18478261,1.56,0.24489796,0.63636364,4.68,5.882491607666015,-1.2024916076660155,5.008008425831795,sa3007219
Troy Watson,DET,"A,A+,AAA",29,41.1,6.096774680030248,3.4838712457315704,1.75,0.8709678114328926,0.1686747,0.09638554,0.07228916,0.20666667,1.1370968649262765,0.22881356,0.79710145,2.6129034342986777,4.709066946895846,-2.0961635125971685,5.464006669247333,sa3007249
Jake Higginbotham,MIN,"AA,AAA",30,11.2,12.342853779696389,3.8571418061551213,3.2,4.628570167386146,0.29090909,0.09090909,0.2,0.30612245,1.714285247180054,0.33333333,0.79365079,7.7142836123102425,9.087870084780413,-1.37358647247017,4.824670253212874,sa3007590
Sean Boyle,SDP,AAA,29,49.1,7.479730500889391,3.283784122341684,2.27777778,0.9121622562060233,0.18636364,0.08181818,0.10454546,0.27040816,1.4391893375695035,0.32,0.64285714,5.837838439718549,5.108628617350087,0.7292098223684622,5.030378849310446,sa3007618
Max Burt,DET,AAA,29,1.0,0.0,9.0,0.0,9.0,0.0,0.2,-0.2,0.25,2.0,0.0,1.0,9.0,19.552311134338378,-10.552311134338378,10.295130085945129,sa3007631
Eiker Huizi,WSN,A+,25,27.0,10.666666666666666,6.0,1.77777778,1.0,0.26666667,0.15,0.11666667,0.23232323,1.5185185185185186,0.3125,0.67839196,5.666666666666667,5.001719312314634,0.6649473543520328,5.107527430189981,sa3007842
Steffon Moore,CIN,AA,29,3.0,12.0,3.0,4.0,0.0,0.4,0.1,0.3,0.0,0.3333333333333333,0.0,1.0,0.0,1.992559941609701,-1.992559941609701,3.1775355855623886,sa3007857
Dominic Pipkin,PIT,"A,AA,CPX",26,8.1,10.800004119874618,5.400002059937309,2.0,0.0,0.27777778,0.13888889,0.13888889,0.22580645,1.4400005493166157,0.33333333,0.66666667,4.320001647949847,3.052635208184662,1.2673664397651851,4.140802614461806,sa3007896
Julio Rodriguez,HOU,AA,26,25.1,12.78947528907817,4.263158429692724,3.0,0.35526320247439364,0.32432432,0.10810811,0.21621622,0.22680412,1.3421054315699317,0.35,0.60693642,4.973684834641511,2.9838828349047315,1.9898019997367795,3.5225643311837826,sa3007992
Onix Vega,NYM,AAA,27,1.1,0.0,0.0,0.0,0.0,0.0,0.0,0.0,0.55555556,3.7500092759957884,0.55555556,0.4,20.250050090377258,3.552311134338379,16.69773895603888,7.762992870407823,sa3008007
Connor Scott,KCR,AA,26,1.0,0.0,0.0,0.0,0.0,0.0,0.0,0.0,0.0,0.0,0.0,1.0,0.0,3.6549355506896974,-3.6549355506896974,5.558263850212097,sa3008080
Nolan Kingham,TEX,AAA,29,22.2,9.926469196085481,3.5735289105907735,2.77777778,1.588235071373677,0.24752475,0.08910891,0.15841584,0.3,1.588235071373677,0.37704918,0.58641975,7.544116589024966,5.537881068044911,2.0062355209800558,4.862166770377141,sa3008224
Joander Suarez,NYM,"AA,AAA",26,24.1,8.87671348842379,6.2876720543001845,1.41176471,1.4794522480706316,0.20689655,0.14655172,0.06034483,0.28865979,1.8493153100882895,0.34782609,0.6763285,7.027398178335501,6.065575869192393,0.9618223091431082,6.007985916145117,sa3008263
Lenny Torres Jr.,PHI,"AA,AAA",25,11.2,11.571425418465363,6.1714268898481945,1.875,1.5428567224620486,0.28846154,0.15384615,0.13461539,0.25,1.6285709848210512,0.33333333,0.55555556,6.9428552510792185,5.270959440327152,1.6718958107520665,4.646809356775087,sa3008329
Brian Metoyer,NYM,AA,29,26.0,14.884615384615385,4.153846153846154,3.58333333,0.34615384615384615,0.39090909,0.10909091,0.28181818,0.19791667,1.1923076923076923,0.34615385,0.53797468,3.8076923076923075,2.3701839153583233,1.4375083923339842,2.5915538226182644,sa3008361
Steven Pérez,CLE,AAA,25,23.0,10.565217391304348,8.608695652173912,1.22727273,1.565217391304348,0.23893805,0.19469027,0.04424779,0.25555556,1.9565217391304348,0.3220339,0.61881188,7.434782608695652,6.465354612599249,0.9694279960964032,5.5877007468887,sa3008362
Richard Guasch,BAL,"A+,CPX",28,4.1,8.307698859270737,12.461548288906105,0.66666667,0.0,0.17391304,0.26086957,-0.08695652,0.29411765,2.538463540332725,0.38461538,0.45454545,10.38462357408842,6.313383255079634,4.071240319008787,8.18451998042061,sa3008434
Irvin Machuca,CIN,AA,26,15.2,9.765955465204064,6.893615622496986,1.41666667,3.446807811248493,0.22666667,0.16,0.06666667,0.26984127,1.8510634541890054,0.275,0.67961165,8.617019528121233,8.765608550866727,-0.1485890227454938,6.055987993349646,sa3008641
Jerming Rosario,LAD,AAA,24,33.1,11.610001771545681,6.210000947570945,1.86956522,1.3500002059936838,0.27741935,0.1483871,0.12903226,0.2421875,1.6200002471924206,0.325,0.70588235,4.320000659179788,5.793763912200969,-1.4737632530211808,5.363521569465417,sa3008678
Teofilo Mendez,ARI,"A,A+",24,36.2,11.53636627432789,1.4727276094886668,7.83333333,1.7181822110701113,0.2797619,0.03571429,0.24404762,0.3164557,1.5272730765067655,0.41346154,0.59760956,7.363638047443334,5.254652542565018,2.1089855048783157,4.707163610638026,sa3008795
Francis Rivera,COL,A+,25,28.0,8.035714285714286,4.5,1.78571429,1.6071428571428572,0.20661157,0.11570248,0.09090909,0.20952381,1.2857142857142858,0.22666667,0.58064516,5.142857142857143,5.901417446136475,-0.7585603032793315,5.3567043720611505,sa3009217
Christian Suarez,LAD,AA,25,35.2,11.102802154997047,4.542055427044246,2.44444444,1.0093456504542768,0.28387097,0.11612903,0.16774194,0.25547445,1.4859810965021298,0.34831461,0.71729958,4.289719014430677,4.159608375916836,0.13011063851384108,4.142501763976094,sa3009222
Juan Carela,CHW,"A+,CPX",24,9.2,10.241375689842334,3.7241366144881214,2.75,0.0,0.31428571,0.11428571,0.2,0.19354839,1.034482392913367,0.3,0.9,0.9310341536220303,3.023861460304982,-2.0928273066829517,4.119414704934468,sa3009237
Jonatan Bernal,ARI,"A+,AA,AAA",24,43.0,10.46511906427403,2.9302333379967282,3.57142857,0.8372095251419223,0.29585799,0.08284024,0.21301775,0.18954248,1.0000002661417404,0.25252525,0.73604061,2.9302333379967282,3.704485913437195,-0.7742525754404666,3.623595391987124,sa3009271
Joel Ibarra,LAD,AA,23,9.2,11.172410119020489,21.413786061455937,0.52173913,0.9310341765850407,0.20338983,0.38983051,-0.18644068,0.20588235,3.103447255283469,0.28571429,0.71895425,8.379307589265366,10.275623028627765,-1.8963154393623984,10.899755547023643,sa3009326
Frank Rodriguez,LAD,AA,24,2.0,0.0,4.5,0.0,0.0,0.0,0.11111111,-0.11111111,0.375,2.0,0.375,1.0,0.0,5.154935550689697,-5.154935550689697,6.106599700450897,sa3009330
Manuel Olivares,COL,A,24,33.0,8.181818181818182,4.909090909090909,1.66666667,1.0909090909090908,0.2027027,0.12162162,0.08108108,0.24615385,1.5151515151515151,0.29166667,0.65315315,4.636363636363637,5.9449401797670305,-1.3085765434033938,5.909797161998171,sa3009471
Carlos Peña,DET,"AA,AAA",27,51.0,9.882352941176471,1.2352941176470589,8.0,1.588235294117647,0.26923077,0.03365385,0.23557692,0.25125628,1.1176470588235294,0.30597015,0.7112069,4.588235294117647,4.18794641681746,0.4002888773001869,3.3642062617283246,sa3009519
Luis Vargas,ATL,AA,24,32.0,12.375,5.0625,2.44444444,0.84375,0.31428571,0.12857143,0.18571429,0.23966942,1.46875,0.35135135,0.63926941,5.34375,3.9092266082763674,1.4345233917236326,4.24575714096427,sa3009592
Gabriel Barbosa,PHI,"A+,AA,AAA",24,32.0,9.562502849847927,2.2500006705524536,4.25,2.2500006705524536,0.24113475,0.05673759,0.18439716,0.30075188,1.500000447034969,0.35164835,0.73369565,5.343751592562077,5.448059494799757,-0.1043079022376805,4.318394595956469,sa3009593
Railin Perez,HOU,AA,24,21.1,9.703126445878512,8.01562619442138,1.21052632,0.42187506286428317,0.2371134,0.19587629,0.04123711,0.2,1.5937502374872918,0.2745098,0.70224719,4.218750628642831,5.201810781192069,-0.9830601525492382,6.198369182412868,sa3009622
Reidis Sena,BOS,"AA,AAA",25,32.1,11.969073341711118,8.628866827745224,1.38709677,1.1134021713219644,0.28476821,0.20529801,0.0794702,0.18644068,1.6391754188906698,0.25352113,0.62753036,6.123711942270804,5.569547531013528,0.5541644112572754,5.468071148365799,sa3009626
Hancel Rincon,STL,"AA,AAA",24,41.2,10.36800211596723,3.6720007494050604,2.82352941,2.160000440826506,0.26815642,0.09497207,0.17318436,0.2625,1.416000288986265,0.31372549,0.68085106,4.968001013900964,5.742058540134664,-0.7740575262337002,4.331081849414094,sa3009629
Misael Tamarez,SDP,AAA,26,30.0,7.5,7.2,1.04166667,1.5,0.17241379,0.16551724,0.00689655,0.26495726,1.8333333333333333,0.29885057,0.57692308,8.1,7.293763637542725,0.806236362457275,7.106857989231745,sa3009632
Angel Bastardo,BOS,AAA,24,23.0,12.521739130434783,7.434782608695652,1.68421053,0.391304347826087,0.30188679,0.17924528,0.12264151,0.23255814,1.6956521739130435,0.35849057,0.69948187,5.086956521739131,3.943615482164466,1.1433410395746648,4.8429794197497165,sa3009716
Sergio Tapia,DET,A,23,1.1,6.750016696792419,13.500033393584838,0.5,13.500033393584838,0.1,0.2,-0.1,0.25,3.0000074207966305,0.0,0.83333333,0.0,26.24713474227844,-26.24713474227844,10.270170476409358,sa3009763
Johan Otanez,WSN,"A,CPX",24,16.0,11.249999874271454,5.0624999434221545,2.22222222,0.5624999937135727,0.27027027,0.12162162,0.14864865,0.26229508,1.562499982537702,0.375,0.65217391,6.1874999308493,4.388977737588996,1.798522193260304,5.053303836828366,sa3009782
Luke Ritter,DET,AAA,29,2.2,0.0,3.374995674943506,0.0,0.0,0.0,0.07142857,-0.07142857,0.38461538,2.249997116629004,0.38461538,0.5,10.124987024830519,4.677309692652881,5.447677332177638,6.782642654947776,sa3009878
Stephen Jones,MIA,"AA,AAA",28,34.1,13.106793689395628,6.815532718485727,1.92307692,0.7864076213637378,0.32258065,0.16774194,0.15483871,0.1875,1.4563104099328477,0.28,0.74786325,3.669902233030776,4.186736014103724,-0.5168337810729482,4.751259222217606,sa3009935
Luis Moreno,MIA,AA,27,38.2,6.749999112096443,3.956896031228949,1.70588235,1.3965515404337467,0.16666667,0.09770115,0.06896552,0.24836601,1.4224136059973347,0.27118644,0.67193676,5.586206161734987,5.805778050054164,-0.21957188831917662,5.94907414065303,sa3009950
Richard Gallardo,TOR,"AA,AAA",24,52.2,7.518986887932615,2.3924049188876504,3.14285714,1.1962024594438252,0.20091324,0.06392694,0.1369863,0.23762376,1.1772151188177327,0.27152318,0.67028986,4.2721516408708045,4.584972932510025,-0.3128212916392208,4.494248784093908,sa3009990
J.T. Arruda,SEA,AA,28,1.1,0.0,6.750016696792419,0.0,0.0,0.0,0.125,-0.125,0.42857143,3.0000074207966305,0.42857143,0.5,13.500033393584838,5.904941116287171,7.595092277297667,8.759940627676887,sa3010036
Blake Townsend,TEX,AA,25,48.2,7.582190988390049,3.8835612379558784,1.95238095,1.6643833876953764,0.1943128,0.09952607,0.09478673,0.22580645,1.2945204126519594,0.24264706,0.71691176,4.623287188042712,5.915209287066135,-1.2919220990234228,5.623011951320972,sa3010125
Fernando Sanchez,SDP,"AA,AAA",25,36.2,10.309090015316874,6.8727266768779165,1.5,0.736363572522634,0.25609756,0.17073171,0.08536585,0.21641791,1.554545319770005,0.29213483,0.65693431,5.399999531832649,5.036220954335185,0.363778577497464,5.067637465043603,sa3010134
Luis Velasquez,NYY,"A,A+,CPX",24,8.2,13.500010646314948,4.153849429635368,3.25,0.0,0.37142857,0.11428571,0.25714286,0.06896552,0.6923082382725614,0.125,0.625,3.115387072226526,2.9180524631345004,0.19733460909202583,3.483755567403244,sa3010135
Jarod Bayless,PIT,"AA,AAA",29,31.0,7.838709677419355,2.903225806451613,2.7,1.1612903225806452,0.2,0.07407407,0.12592593,0.25806452,1.3548387096774193,0.30107527,0.56149733,5.225806451612903,4.558331843326889,0.6674746082860139,4.996473047022617,sa3010236
Joe Corbett,MIL,"AA,AAA",29,11.0,11.454545454545455,4.909090909090909,2.33333333,1.6363636363636365,0.25925926,0.11111111,0.14814815,0.33333333,2.0,0.4375,0.625,8.181818181818182,5.055454531582919,3.1263636502352625,5.175415809587999,sa3010237
Connor Van Scoyoc,WSN,AA,26,52.0,9.346153846153847,2.769230769230769,3.375,1.0384615384615385,0.25,0.07407407,0.17592593,0.24747475,1.25,0.3115942,0.75085324,3.8076923076923075,4.0240300692044775,-0.21633776151217,3.8585643976353685,sa3010243
Tyrone Yulie,PIT,AA,24,9.2,7.448273412680326,13.03447847219057,0.57142857,1.8620683531700815,0.14814815,0.25925926,-0.11111111,0.33333333,2.793102529755122,0.37931034,0.47619048,14.896546825360652,9.252144909019043,5.644401916341609,8.890773418185855,sa3010246
Austin Roberts,TEX,AA,27,31.2,13.073682898101517,5.11578896012668,2.55555556,1.4210524889240779,0.35114504,0.13740458,0.21374046,0.19642857,1.2631577679325137,0.27868852,0.76470588,3.4105259734177866,4.602303876639082,-1.1917779032212956,4.052299957790936,sa3010254
Andrew Bash,OAK,AAA,29,39.0,7.615384266221327,5.538461284524602,1.375,1.6153845413196755,0.171875,0.125,0.046875,0.31547619,1.9743588838351591,0.359375,0.68452381,6.461538165278702,6.0545828627289,0.40695530254980206,5.682240968802647,sa3010259
Nick Mikolajchak,MIN,AA,28,8.1,3.2400012359623855,2.1600008239749235,1.5,4.320001647949847,0.075,0.05,0.025,0.37837838,1.9200007324221544,0.33333333,0.78947368,8.640003295899694,10.254938068390853,-1.614934772491159,7.440927934071496,sa3010303
Jose Atencio,LAA,"A,A+,CPX",24,30.1,9.791209817321464,1.1868133111904806,8.25,0.5934066555952403,0.2704918,0.03278689,0.23770492,0.23931624,1.0549451655026494,0.31707317,0.66225166,3.2637366057738215,3.5924889433327127,-0.3287523375588912,3.9366729235686857,sa3010304
Jake Walkinshaw,MIA,"A,AAA",29,8.2,11.423072733118815,6.230766945337535,1.83333333,1.038461157556256,0.28205128,0.15384615,0.12820513,0.21212121,1.4999994498034808,0.28571429,0.25862069,8.307689260450047,4.613245508878277,3.69444375157177,4.122382328461246,sa3010317
Zach Vennaro,MIN,AA,30,4.1,14.538472203821184,10.384623002729418,1.4,0.0,0.30434783,0.2173913,0.08695652,0.33333333,2.538463400667191,0.54545455,0.54545455,10.384623002729418,3.885704950750351,6.498918051979067,4.7641648103488485,sa3010326
Chase Chaney,NYY,AA,26,58.2,7.056817570008575,3.0681815521776414,2.3,1.3806816984799386,0.17898833,0.07782101,0.10116732,0.22943723,1.24431807393871,0.25,0.64759036,4.142045095439816,5.318173273634333,-1.1761281781945172,5.401892260585127,sa3010369
Jacob Wallace,ATL,"A+,AA",27,16.1,10.469389792732276,1.6530615462208857,6.33333333,1.102041030813924,0.25675676,0.04054054,0.21621622,0.36619718,1.775510549644655,0.48,0.53435115,7.714287215697467,3.463629992038062,4.250657223659404,3.876592790689504,sa3010374
Ben Anderson,TEX,"AA,AAA",28,32.0,5.34375,5.0625,1.05555556,1.96875,0.1292517,0.12244898,0.00680272,0.29457364,1.75,0.30097087,0.62770563,5.90625,7.150452264266403,-1.244202264266403,5.903654376657994,sa3010560
Sam Ryan,MIN,AA,27,29.2,7.584268850233437,3.943819802121387,1.92307692,0.9101122620280124,0.18115942,0.0942029,0.08695652,0.30327869,1.6853930778296526,0.36170213,0.6147541,6.977527342214762,4.9021264282836405,2.075400913931121,5.38391937845382,sa3010627
Andrick Nava,MIL,A+,24,2.0,0.0,4.5,0.0,0.0,0.0,0.07142857,-0.07142857,0.53846154,4.0,0.53846154,0.5,18.0,5.44707555770874,12.55292444229126,8.10280171483755,sa3010693
Andrew Schultz,STL,AA,28,4.1,14.538472203821184,8.307698402183535,1.75,2.0769246005458837,0.28,0.16,0.12,0.36842105,2.538463400667191,0.54545455,0.60344828,12.461547603275301,7.578015351720811,4.88353225155449,5.017243080731561,sa3010782
Edwin Jimenez,MIL,AA,24,21.0,8.142857142857142,1.2857142857142858,6.33333333,0.8571428571428571,0.2375,0.0375,0.2,0.19480519,0.8571428571428571,0.23214286,0.78947368,2.142857142857143,3.5163694654192246,-1.3735123225620818,3.801814340977442,sa3010800
Andrew Magno,BAL,AAA,28,30.1,8.901099833928605,4.7472532447619225,1.875,0.29670332779762015,0.24390244,0.1300813,0.11382114,0.19626168,1.2197803476124385,0.26315789,0.81460674,0.5934066555952403,3.5852781707603367,-2.9918715151650965,3.8970445894653674,sa3010824
Justin Yeager,SDP,AAA,28,28.2,6.279069071141057,6.906975978255163,0.90909091,2.825581082013476,0.14084507,0.15492958,-0.01408451,0.30252101,2.0232555895898963,0.3,0.625,8.790696699597481,9.086786328579361,-0.2960896289818802,7.320980328352874,sa3010825
Bradley Hanner,NYY,AAA,27,33.1,11.610001771545681,3.7800005767823146,3.07142857,0.2700000411987368,0.30714286,0.1,0.20714286,0.208,1.2000001831054967,0.30864198,0.78282828,2.4300003707886306,2.7123110061645312,-0.2823106353759006,4.062722024718039,sa3010837
Erik Rivera,BOS,"AA,AAA",25,36.0,12.000000556310043,6.500000301334607,1.84615385,1.250000057948963,0.28235294,0.15294118,0.12941177,0.23404255,1.638888964866418,0.31818182,0.69090909,4.250000197026474,5.117010334260227,-0.8670101372337529,4.718010738167809,sa3010867
Aaron Antonini,DET,AA,27,2.1,0.0,0.0,0.0,3.85714850621175,0.0,0.0,0.0,0.42857143,2.5714323374744996,0.38461538,0.35714286,11.57144551863525,10.419644507598015,1.151801011037234,8.063461214872534,sa3010906
Austin Bergner,TEX,"AA,AAA",29,20.0,7.65,7.65,1.0,1.8,0.17,0.17,0.0,0.27710843,2.0,0.30645161,0.72674419,5.85,7.37035093924651,-1.5203509392465104,7.024327039929721,sa3011122
Colin Peluse,PHI,"AA,AAA",28,21.2,8.723075643234893,2.4923073266385405,3.5,2.4923073266385405,0.20588235,0.05882353,0.14705882,0.33333333,1.7538458965234174,0.37681159,0.54054054,7.892306534355378,6.052449594650564,1.8398569397048146,4.356291467173303,sa3011126
Antoine Kelly,CHC,AAA,26,26.2,9.787498833239217,7.087499155104261,1.38095238,1.0124998793006088,0.22834646,0.16535433,0.06299213,0.22857143,1.6874997988343479,0.28767123,0.74162679,4.387499476969304,5.662454729063082,-1.2749552520937781,5.650446409209338,sa3011135
Sandy Gaston,WSN,AA,24,33.0,11.727272727272727,7.363636363636363,1.59259259,1.6363636363636365,0.27044025,0.16981132,0.10062893,0.24806202,1.7878787878787878,0.325,0.69029851,6.818181818181818,6.047340092514501,0.7708417256673172,5.161419054053047,sa3011136
Josh Hejka,TEX,"AA,AAA",29,18.0,9.000000059604645,6.500000043047799,1.38461538,5.500000036425061,0.19354839,0.13978495,0.05376344,0.32,2.055555569168962,0.2826087,0.78947368,10.000000066227383,12.637817393354887,-2.637817327127504,7.052165349365572,sa3011152
Seth Shuman,WSN,AAA,28,32.0,7.3125,3.9375,1.85714286,0.0,0.1884058,0.10144928,0.08695652,0.23577236,1.34375,0.29896907,0.65909091,3.9375,3.333561134338379,0.6039388656616209,4.269265872240067,sa3011187
T.J. Sikkema,BOS,AAA,27,4.2,7.714280459349183,9.642850574186479,0.8,1.9285701148372958,0.14814815,0.18518519,-0.03703704,0.42857143,2.999997956413571,0.5,0.73529412,9.642850574186479,8.480879205589247,1.1619713685972322,8.50227911900249,sa3011191
Josh Hendrickson,HOU,AAA,28,48.1,8.193104310461038,2.7931037422026264,2.93333333,1.1172414968810507,0.21256039,0.07246377,0.14009662,0.26041667,1.3448277277271905,0.30985915,0.6360424,5.027586735964728,4.717901644780444,0.3096850911842841,5.164184455266382,sa3011196
Gunner Mayer,SEA,AAA,25,23.1,13.885716177492982,5.7857150739554095,2.4,1.542857353054776,0.35643564,0.14851485,0.20792079,0.20930233,1.4142859069668778,0.30434783,0.80291971,4.242857720900634,5.065192354941875,-0.8223346340412405,4.408783998577303,sa3011199
Aidan Anderson,TEX,"AA,AAA",29,23.2,5.704224542821001,3.8028163618806676,1.5,1.1408449085642003,0.14018692,0.09345794,0.04672897,0.28421053,1.5633800598842744,0.31168831,0.66091954,6.084506179009068,5.885627318614882,0.19887886039418579,6.163424204575695,sa3011250
Jack Ralston,MIA,AAA,28,41.2,11.231998628906418,3.4559995781250517,3.25,1.0799998681640786,0.31707317,0.09756098,0.2195122,0.14285714,0.8879998916015758,0.17777778,0.93548387,1.2959998417968943,3.8403110991821334,-2.544311257385239,4.1217779890139035,sa3011296
Taylor Floyd,CIN,AA,28,34.2,8.307691088795135,3.89423019787272,2.13333333,1.29807673262424,0.22535211,0.1056338,0.11971831,0.16535433,1.0384613860993919,0.17777778,0.68965517,4.1538455443975675,4.986149490514479,-0.8323039461169115,4.239155261183166,sa3011367
Zach Bryant,TEX,AA,28,29.0,7.448275862068965,3.7241379310344827,2.0,1.2413793103448276,0.19512195,0.09756098,0.09756098,0.26363636,1.4137931034482758,0.30487805,0.71428571,4.655172413793103,5.137694171379353,-0.48252175758624993,5.116655001969173,sa3011368
JJ Goss,OAK,AA,25,33.0,6.545454545454546,4.363636363636363,1.5,1.0909090909090908,0.17266187,0.11510791,0.05755396,0.24590164,1.393939393939394,0.27659574,0.74879227,4.090909090909091,5.321602217356364,-1.2306931264472736,4.899376944339637,sa3011420
Evan Fitterer,SDP,AAA,26,55.2,6.467065277367755,5.497005485762592,1.17647059,0.32335326386838775,0.15936255,0.13545817,0.02390438,0.24413146,1.544910038482297,0.29239766,0.76834862,3.3952092706180714,5.071607850437351,-1.6763985798192795,5.76562050120725,sa3011433
Michael Cuevas,HOU,"A+,AA",25,18.1,8.345455992517643,7.854546816487193,1.0625,1.4727275280913488,0.18681319,0.17582418,0.01098901,0.24285714,1.8000003121116486,0.28,0.82840237,4.418182584274047,7.344186633587071,-2.9260040493130246,6.566383887238647,sa3011437
Ryan Jensen,CHC,"AAA,CPX",28,22.1,9.671638960296345,8.462684090259302,1.14285714,0.40298495667901435,0.21428571,0.1875,0.02678571,0.24418605,1.880596464502067,0.32786885,0.70175439,4.4328345234691575,5.5154557355933775,-1.08262121212422,6.274077227564259,sa3011496
Jose Dicochea,OAK,A+,25,22.1,7.656717507763409,5.2388067158381215,1.46153846,1.2089553959626433,0.18811881,0.12871287,0.05940594,0.25,1.567164402173797,0.28787879,0.64935065,2.8208959239128344,5.738120588764508,-2.9172246648516733,6.211563414351314,sa3011497
Dan Hammer,NYM,"AA,AAA",28,28.1,11.117648306190077,4.764706416938604,2.33333333,0.6352941889251472,0.28688525,0.12295082,0.16393443,0.17647059,1.1647060130294367,0.24615385,0.85227273,2.223529661238015,4.121688121276966,-1.898158460038951,4.658747602055938,sa3011525
Houston Roth,SEA,AAA,28,31.0,9.870967741935484,4.645161290322581,2.125,1.4516129032258065,0.26356589,0.12403101,0.13953488,0.18584071,1.1935483870967742,0.21621622,0.76666667,3.4838709677419355,5.445376540768532,-1.9615055730265962,5.4898998433543795,sa3011527
Yehizon Sanchez,MIN,"A+,AA",25,24.0,11.625,7.875,1.47619048,0.0,0.26271186,0.1779661,0.08474576,0.24210526,1.8333333333333333,0.359375,0.54347826,4.875,4.185994761803417,0.6890052381965832,5.161612509557275,sa3011574
Jack Weisenburger,NYM,AAA,28,30.2,7.9239122220835245,3.8152169958179933,2.07692308,1.1739129217901518,0.20930233,0.10077519,0.10852713,0.25217391,1.3695650754218438,0.29761905,0.6684492,4.989129917608145,4.856658825216326,0.1324710923918193,4.747636435568301,sa3011607
James Gonzalez,OAK,"AA,AAA",25,34.0,7.676470588235294,4.5,1.70588235,1.0588235294117647,0.19333333,0.11333333,0.08,0.26717557,1.5294117647058822,0.31632653,0.61983471,6.088235294117647,5.314384062149946,0.7738512319677007,5.02189191877842,sa3011609
Jared Johnson,OAK,AA,25,19.2,6.40677862542708,3.6610163573869032,1.75,2.745762268040177,0.15053763,0.08602151,0.06451613,0.32941176,1.8305081786934516,0.33846154,0.6884058,7.779659759447169,7.417646806892904,0.3620129525542648,5.967809877900864,sa3011626
Yosber Sanchez,DET,AA,25,24.1,8.136987364388474,4.808219806229553,1.69230769,1.1095891860529739,0.18487395,0.1092437,0.07563025,0.30693069,1.80821941430855,0.36842105,0.66964286,5.917808992282526,5.576190500873265,0.34161849140926126,5.360852595745503,sa3011636
Nestor Lorant,CIN,"A+,AA",24,57.0,12.315789061570115,3.631578825847598,3.39130435,1.2631578524687297,0.33050847,0.09745763,0.23305085,0.19339623,1.1228069799722042,0.26190476,0.79925651,2.999999899613233,4.215469725470094,-1.2154698258568613,4.163351547384589,sa3011640
Lucas Knowles,LAA,A+,28,54.2,8.890243075278391,1.810975441260413,4.90909091,1.1524389171657174,0.24,0.04888889,0.19111111,0.23923445,1.115853554716012,0.29054054,0.83629893,3.1280484894498044,4.218490564106907,-1.0904420746571026,4.070564782927779,sa3011676
Gabriel Sosa,SEA,A+,25,13.2,8.560973618443741,7.243900754067781,1.18181818,1.3170728643759602,0.16666667,0.14102564,0.02564103,0.38095238,2.560975014064367,0.45833333,0.49723757,12.512192211571621,6.944099607076375,5.568092604495246,6.120208935320903,sa3011682
Noah Song,BOS,AAA,29,32.0,8.4375,6.1875,1.36363636,0.84375,0.20134228,0.14765101,0.05369128,0.24193548,1.625,0.2967033,0.6496063,5.625,5.239811134338379,0.3851888656616209,6.126396794617176,sa3011695
Brendan Cellucci,TOR,"AA,AAA",28,24.0,10.499999947845936,5.624999972060323,1.86666667,1.1249999944120646,0.27184466,0.14563107,0.12621359,0.24137931,1.4999999925494194,0.32142857,0.82317073,3.7499999813735485,4.8446847732991944,-1.094684791925646,4.077587131980643,sa3011710
Avery Short,ARI,AA,25,58.2,6.136363104355283,2.761363396959877,2.22222222,0.9204544656532925,0.16194332,0.07287449,0.08906883,0.24553571,1.24431807393871,0.2752809,0.68965517,2.761363396959877,4.796980906222486,-2.0356175092626088,5.608679718267339,sa3011712
Indigo Diaz,ARI,AA,27,20.0,9.0,8.1,1.11111111,3.15,0.18348624,0.16513761,0.01834862,0.33333333,2.4,0.36507937,0.48469388,13.5,9.054935550689699,4.445064449310301,6.884095925092698,sa3011726
Ryan Harbin,PIT,CPX,24,0.1,27.00026956469727,0.0,1.0,0.0,0.5,0.0,0.5,0.0,0.0,0.0,0.0,27.00026956469727,7.129132372439916,19.871137192257354,7.129132372439916,sa3011733
Sem Robberse,STL,CPX,24,1.0,9.0,0.0,1.0,0.0,0.33333333,0.0,0.33333333,0.33333333,1.0,0.5,1.0,0.0,2.129102420806885,-2.129102420806885,3.563464877009392,sa3011735
Alexander Cornielle,NYY,"A,AA,AAA,CPX",24,16.1,11.571430654637348,3.8571435515457826,3.0,1.6530615220910496,0.28767123,0.09589041,0.19178082,0.3125,1.6530615220910496,0.425,0.76612903,5.510205073636832,5.221149735758158,0.28905533787867377,4.8487033976288005,sa3011779
Ben Peoples,CHW,AAA,25,34.2,10.38461386099392,5.451922277021808,1.9047619,0.5192306930496959,0.28368794,0.14893617,0.13475177,0.16806723,1.182692134168752,0.23376623,0.81632653,2.59615346524848,3.898464929704843,-1.3023114644563631,4.983885602490797,sa3011784
Brad Deppermann,SFG,AA,30,11.0,13.090909090909092,2.4545454545454546,5.33333333,2.4545454545454546,0.32,0.06,0.26,0.2826087,1.4545454545454546,0.37037037,0.703125,5.7272727272727275,5.289764334938743,0.4375083923339842,3.6198715483600443,sa3011801
Jace Beck,CHC,"AA,AAA",26,50.2,13.85526176700976,4.263157466772233,3.25,1.0657893666930582,0.35779817,0.11009174,0.24770642,0.21052632,1.2631577679325137,0.32075472,0.82214765,3.0197365389636652,3.767096780940591,-0.7473602419769256,3.6789446352940587,sa3011811
Tyler Schlaffer,CHC,AA,25,38.0,11.842105263157896,6.157894736842105,1.92307692,0.7105263157894737,0.28571429,0.14857143,0.13714286,0.2739726,1.736842105263158,0.39784946,0.57098765,6.157894736842105,4.343437134592157,1.8144576022499486,3.9252009518836672,sa3011815
Willy Vasquez,BAL,AAA,24,5.2,0.0,3.176468806284284,0.0,6.352937612568568,0.0,0.06896552,-0.06896552,0.42307692,2.294116360094205,0.31818182,0.5952381,14.294109628279278,14.31701097785734,-0.02290134957806167,8.773279540837004,sa3011821
Andrew Dalquist,SDP,AA,25,21.0,12.0,9.857142857142858,1.2173913,1.7142857142857142,0.2745098,0.2254902,0.04901961,0.19736842,1.8095238095238095,0.25,0.62146893,7.714285714285714,7.178745074499221,0.5355406397864932,6.424613535971869,sa3011841
Woo-Suk Go,DET,"AA,AAA",27,35.1,13.499997570830008,3.3113201588828325,4.07692308,0.2547169352986794,0.38686131,0.09489051,0.2919708,0.13821138,0.849056450995598,0.23188406,0.70945946,2.2924524176881147,2.112852898102612,0.1795995195855027,3.069978815303219,sa3012630
R.J. Dabovich,SFG,AA,27,2.0,4.5,4.5,1.0,0.0,0.11111111,0.11111111,0.0,0.25,1.5,0.28571429,1.0,0.0,4.062491607666016,-4.062491607666016,6.875834245979786,sa3014431
Tanner Burns,CLE,AAA,27,23.0,9.782608695652174,7.043478260869565,1.38888889,0.782608695652174,0.22522523,0.16216216,0.06306306,0.23076923,1.6956521739130435,0.296875,0.54973822,7.043478260869565,5.117528525642727,1.9259497352268387,5.858503218837407,sa3014451
Sam Weatherly,COL,AA,27,24.0,10.125,6.0,1.6875,4.125,0.216,0.128,0.088,0.38317757,2.375,0.43478261,0.59633028,12.375,9.520824940999349,2.854175059000651,5.828795399640998,sa3014455
Garrett Stallings,MIL,AAA,28,58.1,8.331429297871555,3.240000282505605,2.57142857,0.30857145547672427,0.21513944,0.08366534,0.1314741,0.24669604,1.3200001150948761,0.31578947,0.69948187,3.5485717379823294,3.380882547962421,0.16768919001990845,4.731721476803183,sa3014457
Zach Peek,NYM,"AA,AAA",28,28.1,10.164707022802355,4.764706416938604,2.13333333,0.3176470944625736,0.26229508,0.12295082,0.13934426,0.21359223,1.305882499457247,0.3,0.78282828,2.541176755700589,3.7712620812529334,-1.2300853255523445,4.701535042858001,sa3014469
Jared Kelley,CHW,AA,24,13.2,9.21951005063172,8.560973618443741,1.07692308,1.3170728643759602,0.18421053,0.17105263,0.0131579,0.35483871,2.560975014064367,0.43478261,0.42168675,11.85365577938364,6.586055195778501,5.267600583605139,6.504432423764714,sa3014471
Christian Chamberlain,KCR,AA,26,6.1,5.684213379414899,14.210533448537248,0.4,2.8421066897074496,0.11111111,0.27777778,-0.16666667,0.18181818,2.2105274253280163,0.125,0.72368421,8.526320069122349,13.128624516381198,-4.602304447258849,11.127039000663482,sa3014486
Nick Frasso,LAD,AAA,27,16.1,13.224492369767086,6.612246184883543,2.0,1.102041030813924,0.29268293,0.14634146,0.14634146,0.30434783,2.020408556492194,0.44186047,0.70512821,6.612246184883543,5.034580166644765,1.5776660182387783,4.619191975457978,sa3014492
Nick Garcia,SEA,"AA,AAA",27,23.2,8.366196059348407,4.183098029674204,2.0,1.1408449171838737,0.21568627,0.10784314,0.10784314,0.24444444,1.3943660098914012,0.29230769,0.80536913,3.422534751551621,5.260672583122127,-1.838137831570506,5.028408045631811,sa3014501
Dylan MacLean,TEX,AA,23,59.0,7.627118644067797,2.440677966101695,3.125,1.0677966101694916,0.20242915,0.06477733,0.13765182,0.25217391,1.2542372881355932,0.29479769,0.7208589,3.8135593220338984,4.366799957469358,-0.55324063543546,4.985833789130389,sa3014508
Koen Moreno,CHC,A+,24,48.1,8.937931975048405,4.468965987524203,2.0,1.489655329174734,0.22748815,0.11374408,0.11374408,0.25945946,1.489655329174734,0.31007752,0.66878981,4.8413798198178855,5.726386089778562,-0.8850062699606767,5.479458617872232,sa3014509
Jeremy Wu-Yelland,BOS,"AA,CPX",27,4.0,18.000000268220905,9.000000134110453,2.0,2.250000033527613,0.38095238,0.19047619,0.19047619,0.26666667,2.000000029802323,0.5,0.58139535,9.000000134110453,7.784666864124269,1.2153332699861839,5.251848054483581,sa3014520
Ian Bedell,STL,AAA,26,18.1,9.327274344578543,10.309092696639443,0.9047619,0.9818183520608992,0.18269231,0.20192308,-0.01923077,0.3375,2.618182272162398,0.42372881,0.56016598,11.78182022473079,6.825038974541377,4.9567812501894135,7.856702467205973,sa3014538
Ben Hernandez,SEA,A+,24,14.1,6.279071160043929,4.395349812030751,1.42857143,0.627907116004393,0.18181818,0.12727273,0.05454545,0.125,0.9069769453396787,0.13513514,0.77586207,1.255814232008786,4.628161848809975,-3.3723476168011888,4.878116181592328,sa3014541
Marco Raya,MIN,AAA,23,39.0,9.0,2.769230769230769,3.25,2.076923076923077,0.24074074,0.07407407,0.16666667,0.24666667,1.2564102564102564,0.2745098,0.65934066,5.538461538461538,5.475388057415302,0.06307348104623589,4.250827816510812,sa3014550
Luis Perales,WSN,AAA,23,49.2,7.429529440499177,4.892616948621409,1.51851852,1.268456245938884,0.1952381,0.12857143,0.06666667,0.19889503,1.268456245938884,0.21804511,0.74275362,3.986576772950778,5.485196842435726,-1.4986200694849479,5.612310106098358,sa3014677
Alex Santos II,HOU,AA,24,26.2,13.162498430907913,8.09999903440487,1.625,0.3374999597668696,0.3046875,0.1875,0.1171875,0.26923077,1.9499997675419132,0.421875,0.6916996,5.399999356269913,3.9174355193972628,1.4825638368726506,4.643307223812142,sa3014684
Robert Puason,OAK,"A,CPX",23,20.1,9.29508342040694,3.5409841601550243,2.625,2.21311510009689,0.22340426,0.08510638,0.13829787,0.30120482,1.6229510734043862,0.35087719,0.72413793,5.311476240232537,7.375045084934068,-2.063568844701531,6.341286586668598,sa3014697
Stevie Emanuels,OAK,"AA,AAA",27,21.2,13.292305742072216,8.307691088795135,1.6,0.8307691088795135,0.33333333,0.20833333,0.125,0.15789474,1.4769228602302462,0.23809524,0.71917808,4.569230098837324,4.758936630370361,-0.1897065315330364,4.82607025580309,sa3014698
Po-Yu Chen,PIT,"AA,CPX",24,23.1,7.714286765273879,5.014286397428021,1.53846154,1.9285716913184698,0.18348624,0.11926606,0.06422018,0.29347826,1.7142859478386399,0.32835821,0.56756757,8.485715441801268,6.892484880173992,1.5932305616272764,5.979194083105152,sa3014699
Esmerlin Vinicio,SFG,A+,23,33.0,10.909090909090908,4.363636363636363,2.5,0.5454545454545454,0.28776978,0.11510791,0.17266187,0.18181818,1.1515151515151516,0.25316456,0.86021505,2.1818181818181817,3.651417446136475,-1.4695992643182931,4.203553040099867,sa3014708
Tink Hence,STL,AAA,23,13.1,8.77500209212353,7.425001770258372,1.18181818,1.3500003218651586,0.2,0.16923077,0.03076923,0.26415094,1.8750004470349424,0.31578947,0.68965517,6.750001609325793,6.252311778068696,0.4976898312570963,5.846224498787729,sa3014709
CJ Van Eyk,TOR,AAA,27,64.2,6.40206286276007,2.6443303128791595,2.42105263,0.5567011185008757,0.16788321,0.06934307,0.09854015,0.27091633,1.3453610363771162,0.31840796,0.67915691,3.7577325498809104,4.000764813130751,-0.24303226324984095,5.193454492972499,sa3014713
Adisyn Coffey,CHW,AAA,27,35.1,10.188680711952168,4.8396233381772795,2.10526316,0.7641510533964126,0.24096386,0.11445783,0.12650602,0.28472222,1.698113451992028,0.37623762,0.68027211,5.603774391573692,4.259858406001724,1.343915985571968,5.062804025235143,sa3014738
Shohei Tomioka,OAK,AA,30,20.2,8.274192275663765,4.790321843805337,1.72727273,1.7419352159292134,0.21348315,0.12359551,0.08988764,0.22666667,1.354838501278277,0.25,0.66929134,4.790321843805337,6.364612553246252,-1.5742907094409144,5.137835138397895,sa3014808
Braxton Roxby,SFG,AAA,27,27.2,8.783131520934102,5.20481867907206,1.6875,0.9759035023260114,0.23275862,0.13793103,0.09482759,0.15625,1.120481798966902,0.18181818,0.68181818,4.554216344188053,5.620269474752744,-1.0660531305646908,6.167942424302643,sa3014811
Edwin Núñez,STL,AA,24,15.2,9.765955465204064,12.638295307911141,0.77272727,1.7234039056242465,0.16831683,0.21782178,-0.04950495,0.33802817,2.936169616989457,0.41176471,0.60240964,13.787231244993972,9.71876410751575,4.068467137478223,9.173227162403428,sa3014813
Adam Laskey,COL,AAA,28,7.0,2.5714285714285716,9.0,0.28571429,1.2857142857142858,0.05882353,0.20588235,-0.14705882,0.25925926,2.0,0.25,0.71428571,6.428571428571429,8.27947792325701,-1.8509064946855815,8.16918302348682,sa3014851
Holden Powell,WSN,"AA,AAA",26,27.1,8.890244936390031,5.2682932956385375,1.6875,0.6585366619548172,0.22131148,0.13114754,0.09016394,0.24038462,1.5000001744526392,0.30666667,0.74626866,3.6219516407514947,4.511104035797635,-0.88915239504614,5.2053521042972655,sa3014854
Carson Coleman,NYY,AAA,28,26.2,9.112498913705478,5.399999356269913,1.6875,0.3374999597668696,0.23684211,0.14035088,0.09649123,0.18556701,1.274999848008174,0.24637681,0.625,4.387499476969304,3.927311089634901,0.46018838733440326,4.703012393331377,sa3014857
Evan Reifert,TBR,AAA,27,31.2,10.515788418038175,5.11578896012668,2.05555556,1.1368419911392622,0.28244275,0.13740458,0.14503817,0.18181818,1.199999879535888,0.23188406,0.9039548,2.2736839822785244,4.847047846469206,-2.5733638641906813,4.741468268780244,sa3014860
Ryan Murphy,STL,"AA,AAA",26,31.2,11.36842333511018,3.6947375839108085,3.07692308,1.7052635002665268,0.28776978,0.09352518,0.19424461,0.24390244,1.3578950094714937,0.31168831,0.66489362,5.68421166755509,5.051394055571448,0.6328176119836417,3.7241850969538945,sa3014871
Billy Sullivan,WSN,AA,27,8.0,10.125,9.0,1.125,2.25,0.23076923,0.20512821,0.02564103,0.20689655,1.75,0.22222222,0.60606061,7.875,8.312491607666015,-0.4374916076660149,6.703608146682382,sa3014918
Kyle Brnovich,PHI,AA,28,57.1,7.377907631267071,3.610465436577503,2.04347826,2.3546513716809803,0.18287938,0.08949416,0.09338521,0.27826087,1.5174419950832985,0.29166667,0.65714286,6.593023840706745,6.736910493932227,-0.1438866532254819,5.429397922729343,sa3014923
Dane Acker,TEX,AAA,27,16.2,9.17999824905429,7.559998558044708,1.21428571,1.079999794006387,0.20731707,0.17073171,0.03658537,0.29850746,2.0399996109009533,0.375,0.52795031,9.17999824905429,6.21376321411141,2.96623503494288,6.0163046585243185,sa3014924
Blane Abeyta,ATL,AA,27,25.2,10.168829909382868,5.259739608301484,1.93333333,2.8051944577607912,0.24786325,0.12820513,0.11965812,0.2254902,1.4805192971515289,0.23076923,0.70895522,5.961038222741681,7.204680714612923,-1.2436424918712419,5.784302125803773,sa3014975
Taylor Dollard,SEA,A+,27,45.2,8.474451610876864,3.5474448603670594,2.38888889,1.970802700203922,0.2,0.08372093,0.11627907,0.31937173,1.7299268146234426,0.36956522,0.50704225,7.291969990754511,6.19156314862153,1.1004068421329816,5.36220533044595,sa3014982
Adam Seminaris,PHI,AA,27,70.2,10.570756238650374,2.1650946512898357,4.88235294,1.0188680711952167,0.28919861,0.05923345,0.22996516,0.23220974,1.1179246892280852,0.30681818,0.73446328,2.6745286868874443,3.534189716799482,-0.8596610299120377,3.3629990249618604,sa3015010
Case Williams,COL,CPX,24,0.1,0.0,81.00080869409182,0.0,0.0,0.0,0.5,-0.5,0.66666667,15.00014975816515,0.66666667,0.6,54.00053912939454,31.817937716552738,22.1826014128418,36.28801386701508,sa3015013
Jack Dashwood,HOU,AA,28,30.1,9.197803161726224,3.8571432613690617,2.38461538,0.8901099833928604,0.22302158,0.09352518,0.1294964,0.28225806,1.582417748253974,0.35555556,0.54585153,7.417583194940503,4.384077019204193,3.03350617573631,5.404419961493708,sa3015035
Julio Dilone,SDP,DSL,26,3.2,12.27271583455734,4.909086333822937,2.5,2.4545431669114683,0.29411765,0.11764706,0.17647059,0.26666667,1.636362111274312,0.33333333,0.86956522,4.909086333822937,7.039000278270111,-2.129913944447174,3.493549037175768,sa3015085
José Davila,STL,"A,A+",23,13.0,13.153846395086259,6.230769345040859,2.11111111,0.69230770500454,0.296875,0.140625,0.15625,0.26923077,1.7692308016782687,0.40625,0.6097561,7.61538475504994,4.741948324499782,2.873436430550157,5.040882908877778,sa3015092
Geison Urbaez,TOR,AA,25,32.0,8.4375,7.3125,1.15384615,1.96875,0.1875,0.1625,0.025,0.29007634,2.0,0.32978723,0.73426573,6.46875,7.249991607666016,-0.7812416076660158,6.574859891366214,sa3015135
Alejandro Hidalgo,MIN,"AA,AAA",23,37.0,13.135135135135135,4.864864864864865,2.7,3.4054054054054053,0.32335329,0.11976048,0.20359281,0.26712329,1.5945945945945945,0.32051282,0.76732673,6.8108108108108105,7.3123355919283295,-0.501524781117519,4.3326582015204576,sa3015151
Leonard Garcia,LAA,AA,22,30.1,12.758243095297667,3.2637366057738215,3.90909091,0.8901099833928604,0.34677419,0.08870968,0.25806452,0.18691589,1.0219781290806915,0.27868852,0.70121951,3.5604399335714416,3.7910947539641984,-0.23065482039275675,3.853127498367424,sa3015156
Franklin Sanchez,MIA,"A,A+,CPX",25,10.0,6.3000000751018534,8.100000096559526,0.77777778,0.0,0.15217391,0.19565217,-0.04347826,0.25714286,1.8000000214576724,0.32142857,0.65,2.7000000321865087,5.966629920883228,-3.266629888696719,6.71742332278964,sa3015157
Emiliano Teodo,TEX,AAA,25,33.2,12.029701152884432,7.4851473840169795,1.60714286,0.5346533845726414,0.29220779,0.18181818,0.11038961,0.18487395,1.4851482904795594,0.27777778,0.68265683,4.00990038429481,5.2115852357359636,-1.2016848514411533,5.321379732277299,sa3015158
Yeiner Fernandez,LAD,AA,23,1.0,0.0,0.0,0.0,0.0,0.0,0.0,0.0,0.0,0.0,0.0,1.0,0.0,3.6549355506896974,-3.6549355506896974,7.461592149734497,sa3015182
Drake Fellows,PHI,AAA,28,22.0,6.954545454545454,2.8636363636363638,2.42857143,1.6363636363636365,0.17171717,0.07070707,0.1010101,0.32608696,1.6818181818181819,0.36619718,0.73248408,5.7272727272727275,5.325038407065652,0.40223432020707595,4.8328115192326635,sa3015208
Manuel Mercedes,SFG,AA,23,26.1,9.569621408392678,5.4683550905101015,1.75,0.6835443863137627,0.21052632,0.12030075,0.09022556,0.32743363,2.0126584708127457,0.42168675,0.62730627,6.4936716699807455,4.701732251522287,1.7919394184584583,5.138867817362799,sa3015214
Victor Lizarraga,SDP,AA,22,58.2,7.056817570008575,5.522726793919754,1.27777778,1.0738635432621746,0.16911765,0.13235294,0.03676471,0.26548673,1.636363494494742,0.30635838,0.64449064,5.982954026746401,5.990162620958236,-0.007208594211834729,6.093624145095903,sa3015220
D.J. McCarty,TEX,A+,23,47.0,10.53191489361702,3.6382978723404253,2.89473684,2.106382978723404,0.26442308,0.09134615,0.17307692,0.24157303,1.3191489361702127,0.28571429,0.69444444,5.361702127659575,6.2113331815029715,-0.8496310538433969,5.354726059512889,sa3015222
Aaron Rozek,MIN,"AA,AAA",30,50.2,8.526315254517904,2.309210381431932,3.69230769,1.2434209746171943,0.22222222,0.06018519,0.16203704,0.24365482,1.203947292883315,0.28873239,0.82167832,2.6644735170368445,4.608333931885369,-1.9438604148485243,4.481318153118924,sa3015224
Ettore Giulianelli,CLE,A,23,17.2,11.716979023739253,12.73584676493397,0.92,0.5094338705973588,0.23469388,0.25510204,-0.02040816,0.29577465,2.6037731163865008,0.42553191,0.68669528,6.622640317765665,6.334648508939088,0.28799180882657716,6.43634114159984,sa3015281
Alex Martinez,LAA,A+,23,32.0,12.375,6.1875,2.0,1.96875,0.28947368,0.14473684,0.14473684,0.28682171,1.84375,0.38461538,0.57768924,8.71875,5.901417446136475,2.817332553863525,5.130502193048597,sa3015284
Josh Stephan,TEX,AAA,24,70.1,9.59715709213742,2.9431281749221423,3.26086957,1.919431418427484,0.23809524,0.07301587,0.16507937,0.28275862,1.4928911032213765,0.335,0.63953488,6.142180538967949,5.699924898367155,0.44225564060079403,4.740492140191002,sa3015286
Anthony Hoopii-Tuionetoa,TEX,A+,25,9.0,5.0,2.0,2.5,0.0,0.14705882,0.05882353,0.08823529,0.1,0.5555555555555556,0.12,1.0,0.0,3.8165341271294495,-3.8165341271294495,5.930514893929164,sa3015298
Elison Joseph,ATL,"A+,AA",25,23.2,9.12675933747099,12.929575728083902,0.70588235,0.38028163906129125,0.20689655,0.29310345,-0.0862069,0.15,1.9436617107577108,0.2,0.81545064,3.802816390612912,6.727275989687023,-2.9244595990741105,7.55628736457378,sa3015306
Kai Wynyard,TEX,A+,24,27.2,9.43373385581811,5.20481867907206,1.8125,3.253011674420038,0.2248062,0.12403101,0.10077519,0.2972973,1.7710841338509096,0.31944444,0.72972973,7.807228018608091,8.14852824909528,-0.3413002304871888,5.444006801297016,sa3015311
Javier Chacon,SDP,"A,A+",23,37.0,12.405405405405405,5.351351351351352,2.31818182,0.972972972972973,0.32903226,0.14193548,0.18709678,0.19548872,1.2972972972972974,0.28205128,0.75471698,3.1621621621621623,4.6569871490066115,-1.4948249868444492,5.050766985803037,sa3015312
Jose Acuna,CIN,AA,23,78.2,9.610170734233629,3.4322038336548673,2.8,1.1440679445516224,0.26837061,0.09584665,0.17252396,0.18439716,1.0423730161470337,0.22340426,0.72463768,3.4322038336548673,4.358379241057914,-0.926175407403047,4.6715909959983435,sa3015331
Aidan Curry,TEX,"A+,AA",23,49.2,11.597314693955626,4.89261713651253,2.37037037,1.08724825255834,0.29090909,0.12272727,0.16818182,0.25520833,1.5302012443413675,0.35245902,0.65597668,5.4362412627917,4.3016603478345425,1.1345809149571577,4.685044419638495,sa3015334
Nicolo Pinazzi,LAA,"A,AAA",26,31.1,14.361703584722111,4.021277003722191,3.57142857,0.2872340716944422,0.37878788,0.10606061,0.27272727,0.23478261,1.308510771052459,0.40625,0.84507042,1.4361703584722112,3.366496166827363,-1.930325808355152,3.321397297283083,sa3015335
Yerlin Rodriguez,MIL,A+,24,20.1,11.950821540523208,11.065575500484451,1.08,0.44262302001937803,0.26732673,0.24752475,0.01980198,0.19178082,1.918033086750638,0.28888889,0.78817734,4.42623020019378,6.0618299866902134,-1.6355997864964333,6.3802886505245135,sa3015362
Diego Guzman,KCR,A+,22,1.2,0.0,5.399989314100431,0.0,0.0,0.0,0.11111111,-0.11111111,0.14285714,1.1999976253556512,0.14285714,1.0,0.0,7.547068433775694,-7.547068433775694,9.671645155208669,sa3015365
Yujanyer Herrera,COL,A+,22,37.1,9.160715533762732,5.7857150739554095,1.58333333,1.6875002299036612,0.22352941,0.14117647,0.08235294,0.26896552,1.6875002299036612,0.32,0.77490775,5.062500689710983,6.062132060284562,-0.9996313705735789,5.302641037645744,sa3015370
Adrian Rodriguez,TEX,"A+,CPX",25,13.1,12.825003057719005,6.0750014483932135,2.11111111,0.6750001609325793,0.30645161,0.14516129,0.16129032,0.26415094,1.725000411272147,0.39393939,0.60185185,6.0750014483932135,4.111318902255773,1.9636825461374405,4.693928893750487,sa3015385
Jose Gonzalez,LAA,AA,24,57.0,8.68421052631579,3.789473684210526,2.29166667,1.263157894736842,0.22633745,0.09876543,0.12757202,0.24651163,1.3508771929824561,0.29605263,0.6017192,5.684210526315789,5.027647660907946,0.6565628654078433,4.918182584172801,sa3015415
Alberto Pacheco,COL,"A+,AA,CPX",23,22.2,11.117645499615739,6.7499990533381276,1.64705882,1.9852938392170962,0.26666667,0.16190476,0.10476191,0.27058824,1.7647056348596413,0.34615385,0.63888889,7.941175356868385,6.981615607616455,0.9595597492519303,5.813213894568326,sa3015421
Miguelangel Boadas,MIN,"A+,CPX",23,11.0,12.272727272727273,7.363636363636363,1.66666667,1.6363636363636365,0.234375,0.140625,0.09375,0.34615385,2.4545454545454546,0.45714286,0.47794118,11.454545454545455,6.922358053380793,4.532187401164662,6.659282528270374,sa3015427
Jean Cabrera,PHI,"AA,AAA",24,58.1,6.634286075825614,4.628571680808568,1.43333333,1.5428572269361893,0.14930556,0.10416667,0.04513889,0.34251969,2.005714395017046,0.38308458,0.4953271,9.565714807004372,6.06046225945449,3.5052525475498824,6.112724335802364,sa3015433
José Rodríguez,LAD,"AAA,CPX",24,7.1,13.500005852094933,3.6818197778440727,3.66666667,0.0,0.39285714,0.10714286,0.28571429,0.2,1.0909095638056512,0.35714286,0.5,3.6818197778440727,2.820238782089681,0.8615809957543918,3.6329721384390865,sa3015437
Roque Gutierrez,LAD,AA,23,44.0,7.159090909090909,3.8863636363636362,1.84210526,1.8409090909090908,0.18518519,0.1005291,0.08465609,0.24404762,1.3636363636363635,0.25806452,0.68825911,4.704545454545454,6.154935550689697,-1.4503900961442433,5.9182624773545704,sa3015440
Yoniel Curet,DET,"AA,AAA",23,11.1,11.117650411121758,10.323532524613062,1.07692308,1.5882357730173942,0.23728814,0.22033898,0.01694915,0.22727273,2.0294123766333367,0.28571429,0.58558559,6.352943092069577,7.348525902800523,-0.9955828107309461,7.201757718979911,sa3015446
Hansel Rincon,NYY,A+,23,21.1,13.500002011657061,5.9062508800999645,2.28571429,0.0,0.32989691,0.1443299,0.18556701,0.17283951,1.3125001955777698,0.28571429,0.6,3.7968755657785485,2.844311793148502,0.9525637726300467,3.8253311389247684,sa3015450
Brayan Restituyo,OAK,"A,CPX",24,24.1,9.616439706681223,5.917809050265368,1.625,2.219178393849513,0.208,0.128,0.08,0.3271028,2.095890705302318,0.38666667,0.58295964,8.136987444114881,7.864243289878045,0.27274415423683607,6.729597300353779,sa3015461
Fernando Vasquez,SFG,A,24,24.2,9.486485263916574,9.486485263916574,1.0,0.0,0.22413793,0.22413793,0.0,0.13793103,1.5405403420035462,0.19672131,0.58536585,5.837837085487123,5.969919521883535,-0.13208243639641193,7.366143259146089,sa3015475
Brayan Mendoza,MIA,A+,22,40.0,9.9,5.625,1.76,1.35,0.24719101,0.14044944,0.10674157,0.23333333,1.5,0.29,0.62271062,6.3,5.797075557708741,0.5029244422912589,5.396249149367213,sa3015477
Junior Flores,PIT,A+,24,4.0,13.5,6.75,2.0,0.0,0.4,0.2,0.2,0.0,0.75,0.0,1.0,0.0,2.8443119049072267,-2.8443119049072267,3.7956032499670984,sa3015479
Johan Simon,DET,AA,24,27.0,9.0,6.666666666666667,1.35,0.3333333333333333,0.21428571,0.15873016,0.05555556,0.22115385,1.5925925925925926,0.28947368,0.61926606,6.0,4.488417533591941,1.5115824664080586,5.3962410586851615,sa3015481
Jose Romero,CHC,CPX,25,4.0,13.5,4.5,3.0,0.0,0.375,0.125,0.25,0.28571429,1.5,0.5,0.5,4.5,3.317668151855469,1.182331848144531,4.435176032409072,sa3015483
Jan Caraballo,DET,A,22,31.0,9.0,2.3225806451612905,3.875,1.7419354838709677,0.22794118,0.05882353,0.16911765,0.296875,1.4838709677419355,0.35164835,0.58510638,6.967741935483871,5.037401666948872,1.9303402685349988,3.986063779986674,sa3015485
Rayner Castillo,DET,A+,22,46.2,8.871427604519697,5.207142289609387,1.7037037,1.7357140965364624,0.21596244,0.12676056,0.08920188,0.26344086,1.6285712510712487,0.30534351,0.69400631,5.978570776958926,6.218503881571271,-0.23993310461234518,5.190979995391396,sa3015487
Jose Garces,PIT,A+,22,25.0,8.64,6.12,1.41176471,2.16,0.19834711,0.14049587,0.05785124,0.24,1.64,0.25714286,0.6284153,6.48,7.3143119049072265,-0.8343119049072261,6.325204517841339,sa3015490
Kelvin Ramirez,LAD,AA,25,33.0,10.363636363636363,5.454545454545454,1.9,1.3636363636363635,0.27338129,0.14388489,0.1294964,0.16239316,1.1818181818181819,0.18918919,0.79411765,2.4545454545454546,5.321602217356364,-2.86705676281091,5.024527086633625,sa3015492
Joel Díaz,NYM,"A+,CPX",22,28.2,8.476743246040428,8.476743246040428,1.0,0.6279069071141058,0.18881119,0.18881119,0.0,0.30172414,2.1627904578374753,0.37931034,0.60810811,8.162789792483375,5.461804390231678,2.700985402251697,6.7950457969256455,sa3015500
Gleiner Diaz,SEA,A,22,29.1,12.579546817817127,1.8409092904122624,6.83333333,1.2272728602748415,0.33606557,0.04918033,0.28688525,0.26956522,1.2613637730602538,0.38571429,0.52469136,5.8295460863054975,4.244182570758927,1.5853635155465708,4.42828429284784,sa3015501
Danyony Pulido,PHI,A+,23,21.0,12.0,7.714285714285714,1.55555556,1.2857142857142858,0.2745098,0.17647059,0.09803922,0.20512821,1.619047619047619,0.27659574,0.6424581,6.857142857142857,6.213359523954846,0.6437833331880105,6.258799356931732,sa3015502
Yaqui Rivera,BAL,"AA,AAA",22,45.1,12.308821803145998,3.5735289105907735,3.44444444,0.5955881517651289,0.34636872,0.10055866,0.24581006,0.16875,0.9926469196085481,0.25263158,0.74162679,2.183823223138806,2.940203537267493,-0.7563803141286871,3.2785265338070024,sa3015504
Miguel Mendez,SDP,AA,23,34.2,9.865383167944223,4.413460890922416,2.23529412,0.0,0.24836601,0.11111111,0.1372549,0.2481203,1.4423074806935998,0.34736842,0.64150943,4.932691583972112,3.1933971568677455,1.7392944271043662,5.169930100991976,sa3015506
Carlos Marcano,DET,A+,22,34.2,9.346152474894527,4.413460890922416,2.11764706,1.8173074256739359,0.2384106,0.11258278,0.12582782,0.22900763,1.355769031851984,0.26136364,0.87064677,3.6346148513478718,6.225921377204628,-2.5913065258567562,5.439501139830541,sa3015509
Diosfran Cabeza,ARI,A,23,1.0,0.0,18.0,0.0,0.0,0.0,0.2,-0.2,0.57142857,6.0,0.57142857,0.28571429,36.0,13.551000785827636,22.448999214172364,18.47102792263031,sa3015517
Kevin Rivas,CLE,A+,23,3.0,0.0,3.0,0.0,0.0,0.0,0.09090909,-0.09090909,0.2,1.0,0.2,0.66666667,0.0,4.947075557708741,-4.947075557708741,7.897882398962976,sa3015539
Jose D. Hernandez,LAD,"A,A+",23,2.1,3.857148358416132,0.0,1.0,3.857148358416132,0.11111111,0.0,0.11111111,0.11111111,0.42857203982401465,0.0,1.0,3.857148358416132,8.7476422900596,-4.890493931643468,6.211325709346573,sa3015557
Newremberg Rondon,DET,A,22,2.0,0.0,0.0,0.0,0.0,0.0,0.0,0.0,0.33333333,1.5,0.33333333,0.66666667,4.5,3.747079086303711,0.7529209136962889,6.878701534867287,sa3015653
Kevin Villavicencio,NYM,A,22,1.0,9.0,0.0,1.0,0.0,0.125,0.0,0.125,0.42857143,3.0,0.5,0.25,27.0,4.747079086303711,22.25292091369629,4.747079086303711,sa3015673
Samuel Escudero,PIT,AA,22,3.0,6.0,6.0,1.0,3.0,0.14285714,0.14285714,0.0,0.25,1.6666666666666667,0.22222222,0.55555556,9.0,8.562491607666017,0.4375083923339833,6.729907286167146,sa3015807
Fidel Montero,CHW,CPX,22,22.0,12.272727272727273,5.7272727272727275,2.14285714,1.6363636363636365,0.28037383,0.13084112,0.14953271,0.26966292,1.7272727272727273,0.36363636,0.52197802,7.7727272727272725,6.90857724276456,0.8641500299627127,6.1026791368695825,sa3015856
Edgar Alfonso,LAA,CPX,22,0.1,0.0,0.0,0.0,0.0,0.0,0.0,0.0,0.5,3.00002995163303,0.5,1.0,0.0,4.817668151855469,-4.817668151855469,4.817668151855469,sa3015870
Yorman Gómez,CLE,"AAA,CPX",23,14.0,14.142856902005725,3.2142856595467557,4.4,0.6428571319093511,0.37288136,0.08474576,0.28813559,0.26415094,1.3571428340308525,0.43333333,0.59139785,5.78571418718416,3.55769340747636,2.2280207797078,3.9607594024446726,sa3015931
Eurys Martich,HOU,A+,23,15.2,10.914891402286894,17.234039056242466,0.63333333,1.7234039056242465,0.18269231,0.28846154,-0.10576923,0.34328358,3.3829780369661133,0.44444444,0.51971326,17.234039056242466,10.74324662453373,6.490792431708735,11.168479595454665,sa3015933
Stiven Cruz,MIL,AA,24,34.1,10.485438446554305,2.097087689310861,5.0,0.786407883491573,0.30769231,0.06153846,0.24615385,0.18852459,0.9029127551199541,0.25316456,0.70895522,2.6213596116385762,3.1640809038557474,-0.5427212922171711,4.047219146470474,sa3015938
Antoni Cuello,STL,A,23,24.2,7.662161174701849,6.567566721173013,1.16666667,0.7297296356858903,0.18584071,0.15929204,0.02654867,0.24719101,1.621621412635312,0.3030303,0.83333333,3.2837833605865066,6.017349063993148,-2.7335657034066414,6.86765990286024,sa3015947
Darlin Saladin,STL,AA,23,28.0,12.214285714285714,5.785714285714286,2.11111111,0.6428571428571429,0.29230769,0.13846154,0.15384615,0.25925926,1.6428571428571428,0.38235294,0.5720339,7.071428571428571,4.226364122118269,2.8450644493103026,4.725288918188641,sa3015949
Winston Santos,TEX,AA,24,42.1,12.330710142926812,4.4645674655424665,2.76190476,2.1259845074011743,0.29145729,0.10552764,0.18592965,0.30857143,1.7716537561676453,0.41121495,0.65625,7.44094577590411,5.686431857761931,1.7545139181421794,4.369025487227245,sa3015952
Pedro Rodriguez,NYY,A,23,20.0,11.25,4.05,2.77777778,0.9,0.28089888,0.1011236,0.17977528,0.24050633,1.4,0.32692308,0.61068702,5.85,4.047079086303711,1.8029209136962887,4.15630918815732,sa3015962
Estibenzon Jimenez,PHI,"A,A+,AA,CPX",24,19.1,8.844824677557886,4.655170882925203,1.9,0.9310341765850407,0.2345679,0.12345679,0.11111111,0.21126761,1.2931030230347789,0.26,0.9009009,2.3275854414626016,4.630611141070206,-2.3030256996076046,4.245470790783814,sa3015983
Alexander Alberto,TBR,"AA,AAA",24,30.1,12.164832567293947,2.9670323334863284,4.1,0.0,0.33333333,0.08130081,0.25203252,0.19626168,1.021977803756402,0.31818182,0.72972973,2.6703291001376956,2.53247323977661,0.13785586036108555,3.355937938653596,sa3015986
Euri Montero,WSN,A+,24,22.1,10.074628299688696,7.2537323757758605,1.38888889,1.6119405279501913,0.23148148,0.16666667,0.06481482,0.23595506,1.7462689052793738,0.28333333,0.69767442,4.432836451863026,6.236103325714485,-1.8032668738514586,5.185599012833866,sa3015989
John Stankiewicz,DET,AA,27,9.2,11.172410119020489,4.655170882925203,2.4,1.8620683531700815,0.24,0.1,0.14,0.35555556,2.1724130786984284,0.4516129,0.49450549,7.448273412680326,5.321111718993315,2.127161693687011,4.959740228160128,sa3016001
Randel Clemente,STL,AA,24,21.1,16.03125238884276,10.125001508742796,1.58333333,1.6875002514571327,0.35514019,0.22429907,0.13084112,0.26506024,2.156250321306336,0.43902439,0.54455446,9.28125138301423,5.904935885965875,3.3763154970483544,4.98415048744007,sa3016003
Kenyi Perez,CHC,"A+,AA",24,22.1,16.925375543477006,7.656717507763409,2.21052632,0.4029851319875478,0.4375,0.19791667,0.23958333,0.09589041,1.1641792701862492,0.2,0.83916084,2.4179107919252867,3.831745784627179,-1.4138349927018923,4.359824523721022,sa3016008
Brayan Palencia,SFG,A+,23,22.0,7.7727272727272725,5.7272727272727275,1.35714286,2.4545454545454546,0.17924528,0.13207547,0.04716981,0.34065934,2.0454545454545454,0.37878788,0.66489362,7.363636363636363,7.515053809772839,-0.15141744613647568,6.147122634811835,sa3016011
Ricardo Estrada,SFG,A,24,48.1,9.124138891195246,5.586207484405253,1.63333333,0.9310345807342089,0.23444976,0.14354067,0.09090909,0.23595506,1.489655329174734,0.2983871,0.71212121,4.655172903671044,5.792380226806582,-1.137207323135538,5.703007831620267,sa3016017
Gerelmi Maldonado,SFG,A+,22,16.2,13.499997425079837,12.41999763107345,1.08695652,1.6199996910095804,0.29411765,0.27058824,0.02352941,0.18032787,2.0399996109009533,0.24242424,0.84415584,4.8599990730287415,7.311416748047009,-2.4514176750182672,6.408582344774743,sa3016018
Dailoui Abad,LAD,"A,CPX",24,12.1,8.756752073375456,4.378376036687728,2.0,0.0,0.22641509,0.11320755,0.11320755,0.20454545,1.2162155657465912,0.28125,0.5,4.378376036687728,4.981631746319982,-0.6032557096322542,6.85461590421612,sa3016027
Reynardo Cruz,CIN,A+,24,59.2,9.955306413933405,6.486032966653582,1.53488372,1.0558658317808156,0.24626866,0.16044776,0.0858209,0.21461187,1.5083797596868795,0.2739726,0.68445476,5.279329158904078,5.723611719117732,-0.44428256021365353,5.38538880141481,sa3016032
Jordy Vargas,COL,A+,22,57.2,10.300577126159922,6.086704665458136,1.69230769,0.4682080511890873,0.25287356,0.14942529,0.10344828,0.23636364,1.5780345428965536,0.32450331,0.65315315,4.994219212683598,4.17164861412435,0.8225705985592482,5.156810867724145,sa3016052
Ricardo Yan,ARI,"A,A+,CPX",23,21.1,12.234371353873208,10.124996982515757,1.20833333,0.0,0.25217391,0.20869565,0.04347826,0.26744186,2.2031243434177807,0.40350877,0.57692308,8.437497485429798,5.892205136158863,2.5452923492709347,7.264714850767774,sa3016056
Jorge De Leon,NYM,A,23,7.1,11.045459333532218,19.63637214850172,0.5625,2.454546518562715,0.19565217,0.34782609,-0.15217391,0.26666667,3.2727286914169533,0.31578947,0.51886792,15.954552370657648,11.383446032943269,4.5711063377143795,9.332628585297737,sa3016059
Felipe De La Cruz,NYM,"AA,AAA",25,23.1,12.342858824438208,4.628572059164328,2.66666667,0.771428676527388,0.32,0.12,0.2,0.20930233,1.28571446087898,0.30769231,0.85616438,2.700000367845858,3.7330475903314846,-1.0330472224856266,3.8241242520393848,sa3016065
Henry Lalane,NYY,A,22,48.1,10.800001136516823,4.096552155230519,2.63636364,0.18620691614684176,0.28712871,0.10891089,0.17821782,0.20454545,1.200000126279647,0.2991453,0.69306931,3.5379314067899936,3.2298376525624843,0.3080937542275093,4.062339428974287,sa3016066
Yokelvin Reyes,LAA,A,22,43.0,8.162790697674419,3.9767441860465116,2.05263158,0.20930232558139536,0.21428571,0.1043956,0.10989011,0.2278481,1.2790697674418605,0.29661017,0.64846416,4.395348837209302,4.713791483502056,-0.31844264629275365,5.479378769009612,sa3016067
Allen Facundo,NYY,"A,A+",23,57.0,12.789473684210526,5.684210526315789,2.25,0.3157894736842105,0.33061224,0.14693878,0.18367347,0.175,1.2456140350877194,0.28205128,0.71243523,3.6315789473684212,3.616969935099284,0.014609012269137356,4.576315464445374,sa3016071
Junior William,TBR,A+,26,19.1,11.172415630145835,5.5862078150729175,2.0,0.9310346358454862,0.28571429,0.14285714,0.14285714,0.20833333,1.3965519537682294,0.2826087,0.66115702,4.655173179227431,4.318449955009272,0.3367232242181588,4.84340199540855,sa3016072
Johan Macias,LAA,A+,23,1.2,0.0,0.0,0.0,0.0,0.0,0.0,0.0,0.54545455,3.599992876066954,0.54545455,0.5,16.199967942301292,3.651417446136475,12.548550496164818,8.073456155557325,sa3016095
Alejandro Lóaiza,STL,CPX,22,12.0,7.5,7.5,1.0,3.0,0.15625,0.15625,0.0,0.33962264,2.3333333333333335,0.35897436,0.51282051,11.25,9.545769087473552,1.704230912526448,6.527268005659183,sa3016195
Jawilme Ramírez,STL,A+,24,25.0,10.8,5.04,2.14285714,1.44,0.25,0.11666667,0.13333333,0.26923077,1.68,0.34285714,0.72916667,5.4,5.547075557708741,-0.1470755577087406,6.087392032742501,sa3016204
Darlin Pinales,OAK,A+,23,19.0,11.842105263157896,5.684210526315789,2.08333333,0.47368421052631576,0.26595745,0.12765957,0.13829787,0.28205128,1.7894736842105263,0.40384615,0.51912568,7.105263157894737,4.526022926129793,2.5792402317649445,5.4259297566978555,sa3016211
Gerardo Salas,STL,A+,23,35.0,7.2,4.371428571428571,1.64705882,2.3142857142857145,0.17610063,0.10691824,0.06918239,0.27941176,1.5714285714285714,0.29292929,0.76446281,6.171428571428572,7.661361271994455,-1.4899327005658831,6.645426095383508,sa3016216
Victor Juarez,COL,"AA,AAA",23,28.0,8.035714285714286,3.5357142857142856,2.27272727,1.6071428571428572,0.18115942,0.07971014,0.10144928,0.30894309,1.75,0.35483871,0.45652174,7.714285714285714,5.8439719029835295,1.8703138113021849,5.338345111161471,sa3016226
Ismael Luciano,COL,"A+,CPX",23,21.1,11.81249641359427,6.749997950625297,1.75,0.8437497438281621,0.29473684,0.16842105,0.12631579,0.20512821,1.4999995445833993,0.29166667,0.82781457,3.3749989753126486,5.71092936396527,-2.335930388652621,5.642735009063583,sa3016227
Jaydenn Estanista,PHI,A+,24,12.1,8.756759013809775,5.83783934253985,1.5,2.918919671269925,0.19354839,0.12903226,0.06451613,0.30769231,1.9459464475132833,0.33333333,0.49019608,10.945948767262218,8.468630613976224,2.477318153285994,7.273419140250551,sa3016230
Marlon Franco,SFG,CPX,23,18.0,9.5,3.5,2.71428571,0.0,0.2183908,0.08045977,0.13793103,0.32894737,1.7777777777777777,0.43859649,0.55555556,6.5,4.539890374077691,1.9601096259223088,5.864344158437517,sa3016242
Jose G. Gonzalez,SFG,CPX,24,13.1,7.425001770258372,2.7000006437303172,2.75,0.6750001609325793,0.17460317,0.06349206,0.11111111,0.31578947,1.6500003933907492,0.37777778,0.57522124,6.750001609325793,5.492668312788048,1.2573332965377446,6.193930300812339,sa3016249
Samir Chires,SFG,CPX,22,18.2,12.535712150895229,3.857142200275455,3.25,0.9642855500688637,0.325,0.1,0.225,0.19444444,1.1785712278619447,0.27272727,0.52083333,2.4107138751721595,4.710525312958929,-2.299811437786769,4.914107964794157,sa3016254
Christian Romero,LAD,AAA,23,65.0,6.6461538461538465,3.1846153846153844,2.08695652,1.1076923076923078,0.16961131,0.08127208,0.08833922,0.2627451,1.3846153846153846,0.29648241,0.72792363,4.707692307692308,5.4091482529273405,-0.7014559452350326,5.744118298017062,sa3016260
Jose Olivares,MIN,"A,AA",23,36.2,7.609089853586391,6.872726319368353,1.10714286,1.227272557030063,0.17514124,0.15819209,0.01694915,0.27702703,1.8818179207794299,0.32142857,0.71428571,6.136362785150315,6.117019680254277,0.019343104896037744,7.128965740528037,sa3016267
Keythel Key,LAA,A+,22,27.0,10.333333333333334,7.0,1.47619048,1.0,0.24031008,0.1627907,0.07751938,0.22115385,1.6296296296296295,0.28571429,0.63926941,6.333333333333333,5.5773433720624,0.7559899612709327,5.565969863754732,sa3016282
Andres Silvera,PIT,CPX,21,20.1,8.409837380368183,6.196722280271293,1.35714286,1.3278690600581342,0.21348315,0.15730337,0.05617978,0.22972973,1.5245904022889687,0.26923077,0.68345324,4.8688532202131585,6.391397856461484,-1.522544636248326,6.378010296211145,sa3016284
Juan Rojas,BAL,"A+,AA",22,29.2,10.92134714433615,6.674156588205425,1.63636364,0.9101122620280124,0.24489796,0.14965986,0.0952381,0.26446281,1.8202245240560249,0.35365854,0.63197026,7.2808980962240994,5.09221650780186,2.1886815884222397,5.620132192351514,sa3016285
Yendy Gomez,DET,A,22,34.0,7.676470588235294,4.235294117647059,1.8125,0.2647058823529412,0.20422535,0.11267606,0.0915493,0.22222222,1.2941176470588236,0.28125,0.75117371,2.3823529411764706,3.8353143804213583,-1.4529614392448877,4.8806128496194585,sa3016287
Jose Geraldo,SEA,A+,26,25.1,9.592106466808628,3.5526320247439367,2.7,1.065789607423181,0.25471698,0.09433962,0.16037736,0.21276596,1.1842106749146455,0.265625,0.75539568,3.5526320247439367,4.4803649185767265,-0.9277328938327898,4.6864363102560125,sa3016295
Carlos Linarez,STL,AA,24,1.0,0.0,9.0,0.0,0.0,0.0,0.2,-0.2,0.25,2.0,0.25,1.0,0.0,6.654935550689697,-6.654935550689697,10.461592149734496,sa3016346
Giussepe Velasquez,PHI,"A,A+,AA",23,38.2,7.681036171976596,4.887932109439652,1.57142857,3.0258627344150226,0.18232044,0.1160221,0.06629834,0.29113924,1.73275900175903,0.29464286,0.70866142,7.215518828220438,8.049338626283758,-0.8338197980633195,6.028271621560128,sa3016463
Luis Gutierrez,SDP,AA,22,12.0,9.75,3.0,3.25,0.75,0.2826087,0.08695652,0.19565217,0.17073171,0.9166666666666666,0.22222222,0.66037736,3.75,3.8216022173563644,-0.0716022173563644,4.007154417037965,sa3016469
Bryan Magdaleno,TEX,AA,25,27.0,12.0,7.666666666666667,1.56521739,0.0,0.31304348,0.2,0.11304348,0.16483516,1.4074074074074074,0.27272727,0.74358974,2.6666666666666665,3.6549355506896974,-0.9882688840230309,4.50085923936632,sa3016478
Jarold Rosado,CHW,AA,23,21.1,10.968751634471362,8.437501257285662,1.3,1.6875002514571327,0.24074074,0.18518519,0.05555556,0.28735632,2.1093753143214156,0.36842105,0.56930693,8.859376320149947,6.6123520483263505,2.247024271823596,6.257816994632094,sa3016502
Miguel Ullola,HOU,AAA,24,46.2,11.764284432080467,6.749999264308465,1.74285714,1.5428569746990777,0.29326923,0.16826923,0.125,0.21511628,1.5428569746990777,0.2815534,0.69579288,5.592856533284157,5.922334855916572,-0.32947832263241494,5.640251182019365,sa3016504
Jhonny Jimenez,LAD,A,22,27.0,7.666666666666667,7.666666666666667,1.0,0.3333333333333333,0.16788321,0.16788321,0.0,0.2920354,2.074074074074074,0.35955056,0.50359712,8.666666666666666,5.9954452302720815,2.6712214363945845,7.761383552021451,sa3016506
Patricio Aquino,MIL,AA,23,10.2,5.906248239800859,8.437497485429798,0.7,0.0,0.15217391,0.2173913,-0.06521739,0.2,1.5937495250256284,0.25,0.66666667,5.0624984912578785,5.440476077422658,-0.3779775861647794,7.940033331459247,sa3016510
Bryan Perez,COL,A+,22,18.1,7.363637640456744,6.872728464426294,1.07142857,2.454545880152248,0.15151515,0.14141414,0.01010101,0.36585366,2.4000004161488646,0.40322581,0.625,10.309092696639443,8.342327350427437,1.9667653462120054,6.7063930154346245,sa3016515
Felix Arronde,KCR,AA,23,38.2,8.379309242602481,4.189654621301241,2.0,2.5603444907952024,0.21176471,0.10588235,0.10588235,0.2244898,1.3189653437429831,0.22,0.71428571,6.051723341879569,7.275624729592003,-1.2239013877124343,5.79242941120656,sa3016526
Luis Serna,NYY,A+,21,59.0,9.610169491525424,3.9661016949152543,2.42307692,0.4576271186440678,0.25506073,0.10526316,0.14979757,0.21004566,1.2203389830508475,0.28104575,0.64469914,3.8135593220338984,3.5434644472801082,0.2700948747537901,4.946266009443898,sa3016528
Edinson Duran,NYY,AAA,23,6.1,4.263160034561174,8.526320069122349,0.5,2.8421066897074496,0.09090909,0.18181818,-0.09090909,0.28,2.052632609233158,0.25,0.49180328,9.947373413976074,10.499683042512146,-0.5523096285360722,9.644762229267469,sa3016561
Henry Baez,OAK,AA,23,24.0,10.125,5.25,1.92857143,1.125,0.23684211,0.12280702,0.11403509,0.29787234,1.75,0.390625,0.63926941,7.125,5.529935550689698,1.5950644493103017,5.015210392077765,sa3016584
Jean Munoz,SEA,A,23,25.2,12.62337505992356,5.259739608301484,2.4,0.3506493072200989,0.30508475,0.12711864,0.1779661,0.27,1.6363634336937949,0.41269841,0.50458716,5.6103889155215825,4.3561956151498045,1.254193300371778,4.61645955228697,sa3016594
Redinson Gomez,COL,CPX,21,5.0,10.8,3.6,3.0,0.0,0.22222222,0.07407407,0.14814815,0.34782609,2.0,0.47058824,0.5,10.8,4.817668151855469,5.982331848144532,6.009676557779312,sa3016612
Bryan Mena,PIT,A+,22,51.1,6.6623383224624355,4.558442010105877,1.46153846,1.753246926963799,0.16170213,0.1106383,0.05106383,0.28640777,1.6558443199102546,0.31012658,0.68918919,5.435065473587777,6.341065423817178,-0.9059999502294014,5.587636176290069,sa3016613
Alessandro Ercolani,PIT,"A,AA",22,24.0,7.875,6.375,1.23529412,1.875,0.18918919,0.15315315,0.03603604,0.25555556,1.6666666666666667,0.28125,0.64864865,7.125,7.179153211303887,-0.05415321130388673,6.607350174226698,sa3016714
Leandro Lopez,TEX,AA,24,35.0,10.8,5.6571428571428575,1.90909091,1.2857142857142858,0.24852071,0.13017751,0.1183432,0.32638889,1.9714285714285715,0.43298969,0.66153846,7.2,5.254935550689698,1.9450644493103022,4.1591240133558,sa3016748
Oscar Rayo,KCR,"AA,AAA",24,41.2,9.288001842407592,1.7280003427735056,5.375,1.2960002570801292,0.26060606,0.04848485,0.21212121,0.18954248,0.8880001761474959,0.22115385,0.70552147,3.8880007712403875,4.313799763921462,-0.42579899268107413,4.0839772138124655,sa3016749
Yondrei Rojas,TOR,"A,AA",23,17.1,8.826924756478242,6.230770416337583,1.41666667,1.0384617360562638,0.20481928,0.14457831,0.06024096,0.28571429,1.846154197433358,0.35294118,0.59602649,6.750001284365715,5.365152490826966,1.3848487935387492,5.578570085709492,sa3016783
Gabriel Rodriguez,CHW,A,22,33.0,8.454545454545455,3.272727272727273,2.58333333,0.8181818181818182,0.24603175,0.0952381,0.15079365,0.20353982,1.0606060606060606,0.25316456,0.78616352,3.0,4.102516350601659,-1.1025163506016593,4.579707551137968,sa3016784
Andrew Moore,SDP,AA,26,24.1,16.643837790794606,8.87671348842379,1.875,0.0,0.44117647,0.23529412,0.20588235,0.11538462,1.3561645607314123,0.27272727,0.75757576,1.8493153100882895,2.9152094266543815,-1.065894116566092,3.6191802595405984,sa3016795
Douglas Orellana,NYM,AA,24,33.1,11.070001689148206,3.7800005767823146,2.92857143,0.5400000823974735,0.29496403,0.10071942,0.1942446,0.20967742,1.2000001831054967,0.2962963,0.70680628,3.2400004943848413,3.232491557312004,0.007508937072837174,4.196764140202861,sa3016817
Diego Mosquera,NYM,A+,22,1.0,0.0,0.0,0.0,0.0,0.0,0.0,0.0,0.0,0.0,0.0,1.0,0.0,3.5943119049072267,-3.5943119049072267,7.399477285146713,sa3016825
Gabriel Reyes,DET,A+,22,33.0,6.818181818181818,9.272727272727273,0.73529412,1.0909090909090908,0.1552795,0.21118012,-0.05590062,0.26190476,2.0303030303030303,0.29896907,0.67307692,4.909090909090909,7.189499800132982,-2.2804088910420726,7.2232732286958985,sa3016833
Raudelis Martinez,BOS,AA,24,1.0,0.0,27.0,0.0,0.0,0.0,0.42857143,-0.42857143,0.5,5.0,0.5,0.6,9.0,12.562491607666015,-3.562491607666015,16.31361512541771,sa3016835
Jimmy Kingsbury,SEA,AA,27,26.2,9.787498833239217,3.3749995976686957,2.9,0.3374999597668696,0.26605505,0.09174312,0.17431193,0.22680412,1.1999998569488697,0.31343284,0.58282209,4.387499476969304,3.3174355909228277,1.0700638860464764,4.114682098061258,sa3016838
Kenyon Yovan,LAA,AA,28,26.1,11.620254567333966,2.7341775452550507,4.25,0.0,0.32075472,0.0754717,0.24528302,0.17204301,0.911392515085017,0.27118644,0.72413793,2.3924053520981694,2.5579606525486387,-0.1655553004504693,3.840434447340765,sa3016839
Peyton Alford,SEA,"AA,AAA",28,29.1,13.806819678091967,3.068182150687104,4.5,0.0,0.38461538,0.08547009,0.2991453,0.19811321,1.0568182963477804,0.3442623,0.8125,1.534091075343552,1.8311133923692868,-0.2970223170257349,2.9723921869834493,sa3016843
Luis Alvarez,NYM,A,23,14.1,13.18604943609225,10.67442097207468,1.23529412,1.8837213480131787,0.3,0.24285714,0.05714286,0.22641509,2.0232562626808215,0.31034483,0.84677419,5.023256928035144,7.095917038327141,-2.072660110291997,5.467412880137088,sa3016847
Zach Humphreys,LAA,AAA,28,1.1,0.0,0.0,0.0,6.750016696792419,0.0,0.0,0.0,0.33333333,1.5000037103983153,0.2,0.0,13.500033393584838,13.743787755131773,-0.24375436154693553,6.614042055103441,sa3016853
Tyler McDonough,BOS,AA,27,1.0,0.0,0.0,0.0,9.0,0.0,0.0,0.0,0.4,2.0,0.25,0.0,9.0,16.562491607666015,-7.562491607666015,7.3136151254177095,sa3016869
Junior Pina,MIA,DSL,23,4.2,21.214271263210254,17.357131033535662,1.22222222,0.0,0.40740741,0.33333333,0.07407407,0.17647059,2.571426819783061,0.5,0.38461538,15.428560918698366,6.298741657880683,9.129819260817683,7.228046509094308,sa3016911
Bryan Polanco,WSN,A+,24,46.1,10.294965158911523,4.273381764076482,2.40909091,2.136690882038241,0.24651163,0.10232558,0.14418605,0.28191489,1.618705213665334,0.33870968,0.61919505,6.798561897394403,6.141074774407352,0.6574871229870505,5.272142274699012,sa3016915
Kyle Whitten,TBR,AA,27,9.1,12.53571855535458,7.714288341756665,1.625,0.9642860427195831,0.24528302,0.1509434,0.09433962,0.37777778,2.678572340887731,0.51612903,0.50847458,9.642860427195831,4.837798438266969,4.805061988928863,4.968481453573651,sa3016936
Garrett Schoenle,CHW,AAA,28,26.0,7.961538461538462,3.8076923076923075,2.09090909,1.0384615384615385,0.20909091,0.1,0.10909091,0.20408163,1.1923076923076923,0.23611111,0.79136691,2.769230769230769,4.667695749722995,-1.8984649804922258,4.823173362933673,sa3016937
Gabe Bierman,MIA,AA,26,23.1,11.957144486174514,8.485715441801268,1.40909091,1.9285716913184698,0.27433628,0.19469027,0.07964602,0.26666667,1.971428840014436,0.35185185,0.6,8.485715441801268,6.744941314385919,1.7407741274153494,5.5589439864284484,sa3016939
Andrew Marrero,HOU,CPX,26,8.2,12.46153389067507,3.1153834726687677,4.0,1.038461157556256,0.35294118,0.08823529,0.26470588,0.16129032,0.9230765844944497,0.22222222,0.45454545,4.153844630225024,3.8983332746832726,0.255511355541751,3.225850323003842,sa3016941
Justice Bigbie,DET,AA,27,2.0,0.0,4.5,0.0,0.0,0.0,0.08333333,-0.08333333,0.4,2.5,0.4,0.66666667,9.0,6.562491607666016,2.437508392333984,10.313615125417709,sa3016971
Noah Mendlinger,STL,AAA,25,0.1,0.0,0.0,0.0,0.0,0.0,0.0,0.0,0.5,3.00002995163303,0.5,1.0,0.0,3.5523111343383795,-3.5523111343383795,9.166595613518373,sa3017001
Ismael Agreda,TEX,A+,22,52.0,12.115384615384615,5.884615384615385,2.05882353,1.3846153846153846,0.29535865,0.14345992,0.15189873,0.2361809,1.5576923076923077,0.32231405,0.66395664,5.365384615384615,5.094311904907227,0.27107271047738823,4.8505420804023744,sa3017010
Abel Mercedes,OAK,A+,24,14.0,16.071428571428573,17.357142857142858,0.92592593,1.2857142857142858,0.30864198,0.33333333,-0.02469136,0.24074074,2.857142857142857,0.40740741,0.64516129,9.642857142857142,8.018504129137312,1.6243530137198299,7.1730664747101915,sa3017013
Michael Arias,NYY,AA,24,24.1,10.356165736494422,5.178082868247211,2.0,0.7397261240353158,0.24347826,0.12173913,0.12173913,0.26530612,1.6438358311895909,0.35294118,0.59701493,5.547945930264869,4.425505419040551,1.122440511224318,5.0527257213343155,sa3017036
Ethan Murray,MIL,AAA,26,1.0,0.0,9.0,0.0,0.0,0.0,0.25,-0.25,0.0,1.0,0.0,1.0,0.0,6.552311134338379,-6.552311134338379,6.552311134338379,sa3017051
Austin Smith,COL,AA,27,27.1,11.195123253231893,7.902439943457806,1.41666667,0.6585366619548172,0.26356589,0.18604651,0.07751938,0.18627451,1.5731709146698412,0.25757576,0.81018519,3.2926833097740857,4.989321041901453,-1.6966377321273676,5.753554446828115,sa3017071
Cal Conley,ATL,AAA,26,1.0,0.0,0.0,0.0,0.0,0.0,0.0,0.0,0.0,0.0,0.0,1.0,0.0,3.552311134338379,-3.552311134338379,7.29513008594513,sa3017080
Wyatt Young,NYM,AA,26,7.0,0.0,1.2857142857142858,0.0,3.857142857142857,0.0,0.03225806,-0.03225806,0.4,1.8571428571428572,0.33333333,0.68181818,3.857142857142857,9.562491607666015,-5.705348750523157,7.206311765738896,sa3017081
Saul Garcia,NYM,AA,23,28.0,12.857142857142858,3.2142857142857144,4.0,1.2857142857142858,0.33333333,0.08333333,0.25,0.22727273,1.25,0.31818182,0.71428571,3.857142857142857,3.6339201790945874,0.22322267804826978,3.7863077778901375,sa3017106
Griff McGarry,LAD,AAA,27,22.0,12.272727272727273,13.090909090909092,0.9375,0.4090909090909091,0.26548673,0.28318584,-0.01769912,0.17105263,2.0454545454545454,0.26666667,0.74074074,5.7272727272727275,6.822590455141935,-1.0953177278692072,7.20149318440394,sa3017130
Jesse Bergin,MIN,"A+,CPX",26,2.1,3.857131854643385,7.71426370928677,0.5,0.0,0.07142857,0.14285714,-0.07142857,0.36363636,2.571421236428923,0.4,0.14285714,23.14279112786031,7.077086074547564,16.065705053312747,10.294762865911306,sa3017133
Austin Vernon,TBR,"A+,CPX",27,6.1,11.368408784324803,2.8421021960812007,4.0,1.4210510980406004,0.33333333,0.08333333,0.25,0.13636364,0.789472832244778,0.15384615,1.0,1.4210510980406004,4.377611120528417,-2.956560022487817,4.4325237852619885,sa3017138
Samuel Strickland,ATL,AA,27,33.0,9.272727272727273,2.727272727272727,3.4,1.3636363636363635,0.23287671,0.06849315,0.16438356,0.3037037,1.5454545454545454,0.375,0.55555556,6.545454545454546,4.5683175173672765,1.9771370280872693,4.4299465428699145,sa3017139
Tyson Guerrero,KCR,CPX,27,3.2,9.818172667645873,2.4545431669114683,4.0,0.0,0.23529412,0.05882353,0.17647059,0.26666667,1.3636350927285934,0.36363636,0.83333333,2.4545431669114683,4.272214114764031,-1.8176709478525628,5.491312484622949,sa3017140
Ryan Och,SDP,"A+,CPX",27,13.0,13.846153846153847,6.230769230769231,2.22222222,0.6923076923076923,0.33898305,0.15254237,0.18644068,0.18367347,1.3846153846153846,0.28571429,0.51136364,4.846153846153846,4.4680421069725735,0.3781117391812723,4.607462303386567,sa3017146
Adam Smith,SEA,A+,26,22.1,10.477613431676243,2.014925659937739,5.2,0.8059702639750956,0.28571429,0.05494505,0.23076923,0.21428571,1.0298508928570667,0.28571429,0.85585586,1.2089553959626433,3.4275368172545035,-2.2185814212918604,3.7483736965309324,sa3017147
Amilcar Chirinos,HOU,AA,24,29.0,10.551724137931034,5.896551724137931,1.78947368,0.6206896551724138,0.27868852,0.1557377,0.12295082,0.16831683,1.2413793103448276,0.23076923,0.73863636,3.7241379310344827,4.3790734817241805,-0.6549355506896979,5.779642119078801,sa3017149
Haminton Mendez,LAA,CPX,22,8.0,5.625,13.5,0.41666667,1.125,0.1,0.24,-0.14,0.37837838,3.25,0.41935484,0.546875,14.625,10.067668151855468,4.557331848144532,9.932678659260272,sa3017150
Cody Morissette,MIA,AAA,26,4.0,4.5,2.25,2.0,4.5,0.10526316,0.05263158,0.05263158,0.29411765,1.5,0.23076923,0.23809524,13.5,10.552311134338378,2.947688865661622,7.79513008594513,sa3017158
Jason Ruffcorn,SEA,AA,27,26.1,8.544304828922034,4.101266317882576,2.08333333,0.6835443863137627,0.22321429,0.10714286,0.11607143,0.2244898,1.2911393963704407,0.28169014,0.75301205,3.4177219315688134,4.33847993700346,-0.9207580054346467,5.1580955101761585,sa3017193
Andrew Baker,PHI,AA,26,25.0,14.04,3.96,3.54545455,0.0,0.38235294,0.10784314,0.2745098,0.2,1.16,0.35294118,0.66666667,2.52,1.8824916076660159,0.6375083923339842,2.8577837222814564,sa3017196
Nick Dombkowski,PIT,"AA,AAA",27,49.1,7.114865598406983,4.195946378547707,1.69565217,2.0067569636532516,0.17333333,0.10222222,0.07111111,0.28,1.6013515164505743,0.3,0.5945122,7.114865598406983,6.390974708625544,0.7238908897814387,5.730683071393104,sa3017201
Tommy McCollum,TBR,AA,27,27.1,9.878049929322257,4.280488302706312,2.30769231,1.9756099858644516,0.22900763,0.09923664,0.12977099,0.31578947,1.7926831353214467,0.38461538,0.60538117,8.560976605412623,6.1836171457698335,2.37735945964279,4.5655122936540335,sa3017204
Ethan Routzahn,SDP,AAA,28,35.1,6.367925444970105,6.367925444970105,1.0,0.5094340355976084,0.1572327,0.1572327,0.0,0.22307692,1.5283021067928253,0.26213592,0.76086957,3.5660382491832587,5.776782762134355,-2.210744512951096,6.227472005604204,sa3017206
Justin Meis,PIT,AAA,26,34.2,8.048075742270287,5.451922277021808,1.47619048,0.7788460395745439,0.20805369,0.1409396,0.06711409,0.20472441,1.355769031851984,0.24731183,0.70776256,4.1538455443975675,4.792695567734875,-0.6388500233373078,6.042945872818912,sa3017207
Juan Benjamin,CLE,AAA,23,0.0,0.0,18.0,0.0,0.0,0.0,0.4,-0.4,1.0,5.0,1.0,0.6,18.0,9.552311134338378,8.447688865661622,11.423720610141753,sa3017217
Jake Smith,MIA,AA,26,5.0,10.8,19.8,0.54545455,3.6,0.16666667,0.30555556,-0.13888889,0.27272727,3.4,0.28571429,0.69767442,10.8,14.859226608276366,-4.059226608276365,11.792182767391203,sa3017258
Ryan Costeiu,LAA,AA,25,51.2,10.27741834309059,3.8322576872541183,2.68181818,1.2193547186717648,0.25,0.09322034,0.15677966,0.26794258,1.5096772707364707,0.34265734,0.6284153,6.2709671245976475,4.704387795709309,1.5665793288883387,4.8696385038031895,sa3017260
Eric Torres,BAL,AA,26,21.1,11.812501760199929,8.01562619442138,1.47368421,1.2656251885928496,0.26666667,0.18095238,0.08571429,0.26923077,1.8750002793968141,0.38297872,0.68493151,7.171876068692813,6.562492054700918,0.6093840139918951,6.404789222700167,sa3017262
Luis R. Rodriguez,NYM,CPX,23,1.2,21.599957256401723,5.399989314100431,4.0,0.0,0.57142857,0.14285714,0.42857143,0.0,0.5999988126778256,0.0,1.0,0.0,2.9291047954512335,-2.9291047954512335,2.9291047954512335,sa3017275
Trey McLoughlin,HOU,"AA,AAA",27,30.2,8.804346844976585,4.402173422488293,2.0,2.054347597161203,0.22058824,0.11029412,0.11029412,0.26666667,1.5326085248662944,0.30120482,0.81151832,4.989129878820065,6.2715343072514464,-1.2824044284313816,5.585242189898238,sa3017277
Caden Monke,KCR,AA,26,30.1,12.461539767500046,7.120879867142883,1.75,0.0,0.31343284,0.17910448,0.13432836,0.17757009,1.4175825661441852,0.29230769,0.7173913,3.5604399335714416,3.556034441423824,0.00440549214761754,4.748229215516485,sa3017305
Alaska Abney,CLE,AA,26,19.0,7.578947368421052,6.631578947368421,1.14285714,1.4210526315789473,0.16666667,0.14583333,0.02083333,0.29113924,1.9473684210526316,0.33333333,0.55865922,6.631578947368421,6.615123186613384,0.016455760755037296,6.339339589758923,sa3017308
Evan Gates,PHI,"AA,AAA",28,32.2,8.265305287959212,4.132652643979606,2.0,1.1020407050612282,0.20134228,0.10067114,0.10067114,0.25954198,1.4999998485555608,0.30927835,0.68965517,4.959183172775528,4.970135317919927,-0.010952145144399239,5.157787064563861,sa3017311
Anthony Simonelli,KCR,CPX,27,9.0,7.0,4.0,1.75,5.0,0.175,0.1,0.075,0.30555556,1.6666666666666667,0.25,0.875,8.0,11.817668151855468,-3.817668151855468,7.078796775307921,sa3017312
Logan Workman,TBR,AAA,27,57.2,10.456646476556283,5.150288563079961,2.03030303,1.4046241535672621,0.24542125,0.12087912,0.12454213,0.27966102,1.7167628543599869,0.35625,0.63053097,6.8670514174399475,5.18236879403372,1.6846826234062275,5.490024528594848,sa3017313
William Fleming,MIN,AA,27,24.1,6.657535116317843,4.068493682194237,1.63636364,1.1095891860529739,0.16071429,0.09821429,0.0625,0.27272727,1.5616440396301112,0.30769231,0.61452514,5.917808992282526,5.380963173438768,0.5368458188437586,5.499040829528558,sa3017314
Sean Hunley,DET,"AA,AAA",26,36.1,7.183487244140519,4.211009763806511,1.70588235,1.9816516535560054,0.16666667,0.09770115,0.06896552,0.30322581,1.7614681364942268,0.33050847,0.58394161,7.43119370083502,6.396513800177925,1.0346799006570944,5.753029939000658,sa3017316
Patrick Halligan,BOS,AA,26,39.1,12.127120212247197,4.347458189296165,2.78947368,1.6016951223722713,0.30994152,0.11111111,0.19883041,0.23178808,1.3728815334619469,0.30769231,0.68584071,5.262712544937463,4.706559552217638,0.5561529927198245,4.061932220401803,sa3017319
Jordarlin Mendoza,NYY,A,22,20.1,10.622952480465074,7.0819683203100485,1.5,1.7704920800775121,0.22857143,0.15238095,0.07619048,0.28571429,1.9672134223083468,0.35714286,0.58375635,9.737706440426317,7.042161568670192,2.695544871756125,5.793905183982826,sa3017321
Holt Jones,MIA,"A+,AA",27,28.1,11.752942495115224,3.176470944625736,3.7,0.9529412833877208,0.31623932,0.08547009,0.23076923,0.21698113,1.1647060130294367,0.3030303,0.83892617,2.8588238501631626,3.781666505750757,-0.9228426555875942,3.5936933598200578,sa3017368
Garrett Hawkins,SDP,AAA,26,23.1,7.714286765273879,10.028572794856043,0.76923077,0.771428676527388,0.17699115,0.2300885,-0.05309735,0.20689655,1.885714542622504,0.24615385,0.55825243,6.171429412219104,6.736621154084549,-0.5651917418654451,7.568823277106917,sa3017383
Ryan Cusick,PHI,AAA,26,51.2,9.058063624418825,6.445160655836472,1.40540541,1.0451611874329414,0.21666667,0.15416667,0.0625,0.24242424,1.645161128366667,0.3,0.68627451,5.574192999642354,5.487794814769752,0.08639818487260165,5.209625593972783,sa3017385
Antonio Knowles,LAD,"AA,AAA",26,11.0,9.818181924583499,5.7272727893403745,1.71428571,0.0,0.27272727,0.15909091,0.11363636,0.13513514,1.0909091027314999,0.2,1.0,0.0,3.423278244994976,-3.423278244994976,4.288427481426415,sa3017387
Moises Rodriguez,DET,AA,24,33.1,6.750001029968419,3.7800005767823146,1.78571429,0.5400000823974735,0.19230769,0.10769231,0.08461539,0.15929204,0.9600001464843974,0.18604651,0.71428571,2.160000329589894,4.372491731262226,-2.212491401672332,4.99916314604158,sa3017389
Brenden Dixon,CHW,AA,25,0.1,0.0,27.00026956469727,0.0,0.0,0.0,0.33333333,-0.33333333,0.5,6.00005990326606,0.5,0.5,27.00026956469727,12.65931646317546,14.34095310152181,17.99176009889601,sa3017397
Nathan Hickey,BOS,AAA,26,5.2,3.176468806284284,9.529406418852851,0.33333333,1.588234403142142,0.0625,0.1875,-0.125,0.42307692,2.999998317046268,0.43478261,0.64102564,11.117640821994993,8.317014343764804,2.800626478230189,8.00438925822868,sa3017398
Nick Jones,LAA,"A+,AAA",27,25.2,11.220777726812974,4.909090255480677,2.28571429,0.7012986079258109,0.27826087,0.12173913,0.15652174,0.25252525,1.5194803171725904,0.35384615,0.65445026,5.259739559443582,4.076596260189072,1.1831432992545095,5.054993322622075,sa3017419
Marino Santy,CHC,"A+,AA",24,35.1,12.735850202438984,4.330189068829255,2.94117647,0.25471700404877967,0.35714286,0.12142857,0.23571429,0.17886179,1.1037736842113786,0.29166667,0.82446809,1.5283020242926781,2.681091937646806,-1.1527899133541277,3.419692482096148,sa3017422
Tanner McDougal,CHW,AAA,23,24.0,10.125,4.875,2.07692308,0.75,0.2755102,0.13265306,0.14285714,0.14814815,1.0416666666666667,0.19230769,0.80152672,3.0,4.510644467671713,-1.510644467671713,5.220745215316614,sa3017471
Tristan Garnett,PHI,AA,28,22.1,8.865672903726052,2.8208959239128344,3.14285714,1.2089553959626433,0.22916667,0.07291667,0.15625,0.23863636,1.2537315217390377,0.28571429,0.56451613,4.432836451863026,4.4132379974175056,0.019598454445520552,4.598518044124992,sa3017473
Manuel Castro,SDP,AA,24,5.1,5.06250301748694,5.06250301748694,1.0,0.0,0.125,0.125,0.0,0.38095238,2.0625012293465312,0.44444444,0.72727273,5.06250301748694,4.217435885966024,0.8450671315209162,6.001807230336476,sa3017493
Lael Lockhart,DET,"AA,AAA",28,49.1,6.932431539015958,4.92567504087976,1.40740741,0.9121620446073629,0.17592593,0.125,0.05092593,0.20855615,1.3378376654241322,0.23611111,0.62295082,4.743242631958287,5.0969099084095655,-0.3536672764512785,5.525483525811705,sa3017502
Trent Baker,MIN,AAA,27,32.2,7.438774351972564,4.132652417762536,1.8,0.8265304835525071,0.1875,0.10416667,0.08333333,0.296875,1.62244872697344,0.35714286,0.58232932,6.0612235460517185,4.562515058680332,1.4987084873713865,5.43100699882961,sa3017504
Casey Opitz,CHC,AAA,27,9.0,0.0,0.0,0.0,3.0,0.0,0.0,0.0,0.4047619,1.8888888888888888,0.35897436,0.546875,8.0,7.885644467671712,0.11435553232828788,7.29513008594513,sa3017509
Zane Mills,CHC,AA,25,3.0,12.0,9.0,1.33333333,3.0,0.23529412,0.17647059,0.05882353,0.42857143,3.0,0.55555556,0.78947368,9.0,8.325893274943034,0.6741067250569657,5.177535585562389,sa3017535
Carlos Tavera,BAL,AA,27,13.2,11.85365577938364,5.268291457503841,2.25,2.6341457287519203,0.29032258,0.12903226,0.16129032,0.25,1.5365850084386201,0.3,0.8045977,5.92682788969182,6.92834448329347,-1.0015165936016501,4.907537845929371,sa3017536
Daniel Lloyd,BAL,AA,25,25.2,7.714284758842176,5.6103889155215825,1.375,1.7532465361004945,0.171875,0.125,0.046875,0.33333333,2.064934809185027,0.38095238,0.57446809,8.415583373282374,6.367686065426808,2.047897307855566,6.10050744365366,sa3017538
Wyatt Olds,BOS,AAA,26,32.0,14.0625,5.0625,2.77777778,1.125,0.35971223,0.1294964,0.23021583,0.15966387,1.15625,0.23076923,0.50898204,5.0625,3.927311134338379,1.135188865661621,3.4719420567154886,sa3017539
Tyler Santana,CHC,"AA,AAA",28,40.1,8.92562053819298,3.7933887287320167,2.35294118,1.1157025672741225,0.2259887,0.0960452,0.1299435,0.28930818,1.5619835941837716,0.35964912,0.78947368,4.239669755641666,4.578454485745696,-0.3387847301040301,4.467757317677467,sa3017542
Tyler Schoff,WSN,CPX,27,17.2,6.113206447168306,1.5283016117920765,4.0,0.0,0.17142857,0.04285714,0.12857143,0.22727273,1.0188677411947176,0.27777778,0.52631579,2.037735482389435,3.4498572600104067,-1.4121217776209716,5.073663522016579,sa3017545
Jacob Webb,BOS,"AA,AAA",27,30.1,10.681319800714325,6.527473211547643,1.63636364,1.1868133111904806,0.24161074,0.14765101,0.09395973,0.25833333,1.7472529303637632,0.3375,0.625,6.527473211547643,5.767869020352824,0.7596041911948195,6.21500651668144,sa3017547
Justin Armbruester,NYM,"A,A+,AA",27,11.2,10.028568696003315,2.314285083693073,4.33333333,0.0,0.30232558,0.06976744,0.23255814,0.15384615,0.7714283612310243,0.23076923,0.7,1.5428567224620486,2.4630585490691423,-0.9202018266070937,4.239855267159958,sa3017548
Alex Pham,BAL,"AA,AAA",26,31.0,10.161290322580646,5.806451612903226,1.75,0.5806451612903226,0.25925926,0.14814815,0.11111111,0.20869565,1.4193548387096775,0.28205128,0.63106796,4.645161290322581,4.0722715285701625,0.5728897617524185,4.925340574902152,sa3017550
Nic Swanson,HOU,AA,26,41.0,11.414634146341463,5.487804878048781,2.08,1.0975609756097562,0.29050279,0.1396648,0.15083799,0.21428571,1.4146341463414633,0.28865979,0.64705882,5.2682926829268295,4.532984331177503,0.7353083517493264,4.525988286879005,sa3017551
Jack Sinclair,WSN,AAA,27,33.0,9.545454545454545,5.454545454545454,1.75,0.0,0.23648649,0.13513514,0.10135135,0.216,1.4242424242424243,0.3,0.68,3.8181818181818183,3.522008104035349,0.29617371414646954,4.712905043182952,sa3017596
Ricardo Velez,TEX,AA,27,24.1,6.657535116317843,4.068493682194237,1.63636364,1.1095891860529739,0.15929204,0.09734513,0.0619469,0.28571429,1.602739935409851,0.32467532,0.74742268,5.178082868247211,5.627538548117206,-0.44945567986999535,6.136711111366006,sa3017602
Austin Love,STL,"AA,AAA",27,28.2,10.360467500239757,5.651164091039867,1.83333333,1.2558142424533039,0.25984252,0.14173228,0.11811024,0.23148148,1.5000003451525572,0.29577465,0.57291667,5.651164091039867,5.143002833661463,0.5081612573784042,4.9191931095129595,sa3017609
Dustin Saenz,TEX,"AA,AAA",27,13.0,4.846153846153846,5.538461538461538,0.875,1.3846153846153846,0.12068966,0.13793103,-0.01724138,0.24,1.5384615384615385,0.24390244,0.63953488,5.538461538461538,6.545796998055309,-1.0073354595937705,5.937673993618816,sa3017610
Ryan Long,BAL,"AA,AAA",26,33.1,11.880001132965196,5.40000051498418,2.2,1.890000180244463,0.27672956,0.12578616,0.1509434,0.27205882,1.7100001630783237,0.35294118,0.71713147,6.480000617981016,5.715060068392652,0.7649405495883643,5.118840519425095,sa3017616
Andy Rodriguez,TBR,A+,23,23.1,7.328572427010186,3.8571433826369397,1.9,1.542857353054776,0.19587629,0.10309278,0.09278351,0.27058824,1.4142859069668778,0.30645161,0.78231293,3.8571433826369397,5.737169339705527,-1.8800259570685869,4.813225915624621,sa3017620
Sam Benschoter,CIN,AAA,28,43.0,7.953488372093023,3.3488372093023258,2.375,1.255813953488372,0.18811881,0.07920792,0.10891089,0.32258065,1.7674418604651163,0.38028169,0.71005917,5.441860465116279,4.715101832012797,0.7267586331034819,4.511430915843609,sa3017639
Hunter Parks,CIN,"AA,AAA",25,26.2,12.824998471141043,6.074999275803652,2.11111111,0.3374999597668696,0.34545455,0.16363636,0.18181818,0.16304348,1.2374998524785217,0.26415094,0.79113924,1.6874997988343479,3.2749511214923874,-1.5874513226580396,3.6786253406030887,sa3017640
Raimon Gomez,BAL,"A+,CPX",24,5.0,16.2,28.8,0.5625,0.0,0.2195122,0.3902439,-0.17073171,0.31818182,4.6,0.53846154,0.5,23.4,11.501270008087157,11.898729991912841,13.023336160182954,sa3017645
Luke Murphy,LAA,AA,26,24.2,11.310809353131301,3.2837833605865066,3.44444444,0.0,0.31313131,0.09090909,0.22222222,0.14772727,0.8918917769494216,0.22807018,0.875,0.36486481784294517,2.483551084115766,-2.118686266272821,3.7806188515531383,sa3017653
Alvaro Mejias,TBR,"A,CPX",22,19.1,10.70689831222309,4.189655861304688,2.55555556,0.0,0.28395062,0.11111111,0.17283951,0.17391304,1.0862070751530672,0.26086957,0.70833333,3.2586212254592017,3.3737793140866663,-0.11515808862746457,4.503046677344916,sa3017657
Keagan Gillies,BAL,"A,A+,AA",28,17.1,11.423078860933588,3.6346160012061413,3.14285714,0.519230857315163,0.31428571,0.1,0.21428571,0.17741935,1.038461714630326,0.25641026,0.68181818,3.1153851438909785,3.1909209048382223,-0.07553576094724379,3.398165256111956,sa3017686
Mason Green,COL,AAA,27,35.1,9.169812640756952,6.113208427171301,1.5,0.5094340355976084,0.2,0.13333333,0.06666667,0.31578947,2.0377361423904334,0.40350877,0.73770492,4.584906320378476,5.0692354904710095,-0.4843291700925336,5.717681134940813,sa3017717
Tyler Ras,CHC,AA,26,35.2,9.58878367931563,4.794391839657815,2.0,0.0,0.2585034,0.1292517,0.1292517,0.19354839,1.2056073047092752,0.27906977,0.85106383,1.5140184756814155,3.4629649540213694,-1.948946478339954,5.107533720683484,sa3017718
Mitch Bratt,ARI,AAA,22,44.1,8.526316767678715,2.4360905050510615,3.5,0.8120301683503538,0.24705882,0.07058824,0.17647059,0.1910828,0.9473685297420794,0.23423423,0.72192513,2.842105589226238,4.151658392499738,-1.3095528032734998,4.554829528113446,sa3017719
Thomas Farr,CIN,AA,27,22.2,4.764705214121031,5.161763981964451,0.92307692,1.588235071373677,0.125,0.13541667,-0.01041667,0.24096386,1.455882148759204,0.23880597,0.62043796,6.352940285494708,6.615108546666266,-0.2621682611715581,5.889341118389788,sa3017720
Frankie Scalzo Jr.,CHC,"AA,AAA",26,28.1,8.89411864495206,5.082353511401178,1.75,0.9529412833877208,0.22222222,0.12698413,0.0952381,0.26363636,1.588235472312868,0.32911392,0.83333333,3.4941180390883098,4.745797402614234,-1.2516793635259242,5.442864788547761,sa3017724
Dameivi Tineo,MIA,"A,A+",22,47.0,13.21276649364579,7.085106670505713,1.86486486,0.5744681084193821,0.33333333,0.17874396,0.15458937,0.19277108,1.4680851659606433,0.30851064,0.66860465,4.212766128408802,4.307361934618996,-0.0945958062101937,4.453945835984618,sa3017726
Ronan Kopp,LAD,AAA,23,27.0,9.0,10.0,0.9,2.0,0.2,0.22222222,-0.02222222,0.24761905,2.074074074074074,0.27777778,0.50420168,9.333333333333334,8.215985859764947,1.1173474735683868,7.138643000744008,sa3017751
Hunter Gregory,MIN,AA,27,5.0,5.4,1.8,3.0,0.0,0.125,0.04166667,0.08333333,0.47826087,2.4,0.55,0.58333333,9.0,3.0549355506896974,5.945064449310303,3.8162668704986573,sa3017754
Cesar De Jesus,TBR,A,22,16.2,10.259998043060676,3.779999279022354,2.71428571,0.0,0.24358974,0.08974359,0.15384615,0.28571429,1.6199996910095804,0.39215686,0.60714286,2.6999994850159674,2.7776680259704287,-0.0776685409544613,3.6654620666538813,sa3017767
Brian Arias,NYY,"A,CPX",22,22.2,9.132355502733203,9.132355502733203,1.0,0.7941178698028872,0.18548387,0.18548387,0.0,0.28865979,2.2500006311081804,0.36111111,0.49808429,9.92647337253609,6.528144126794864,3.398329245741227,6.808566586521852,sa3017768
Jordan Carr,HOU,A+,28,28.1,5.717647700326325,5.082353511401178,1.125,1.9058825667754415,0.13333333,0.11851852,0.01481482,0.29824561,1.764706080347631,0.31111111,0.64377682,5.4000006058637515,7.300194673637252,-1.9001940677735005,6.696052702930764,sa3017769
Evan Shawver,COL,"AA,AAA",26,27.2,7.481929430198538,3.253012795738495,2.3,0.9759038387215485,0.19327731,0.08403361,0.1092437,0.24770642,1.3373497049147145,0.28915663,0.67073171,3.903615354886194,4.601659040228468,-0.6980436853422742,5.169934609911698,sa3017780
Maddux Bruns,LAD,AA,24,15.2,11.48935937082831,17.234039056242466,0.66666667,0.5744679685414155,0.2020202,0.3030303,-0.1010101,0.27419355,2.9999993912718366,0.3902439,0.51330798,14.936167182076803,9.016636590409576,5.919530591667227,9.88769574515156,sa3017782
Michael Morales,SEA,AA,23,46.1,7.964029651233442,5.244604892275682,1.51851852,0.9712231281992003,0.20812183,0.13705584,0.07106599,0.19879518,1.294964170932267,0.23333333,0.70175439,4.4676263897163215,5.295223500537236,-0.8275971108209141,5.864139211416303,sa3017783
Juan Reynoso,MIA,A+,22,32.0,11.25,7.03125,1.6,0.84375,0.27210884,0.17006803,0.10204082,0.2295082,1.65625,0.3164557,0.5942623,5.625,5.00957555770874,0.6154244422912596,5.339999149367213,sa3017790
Mason Auer,TBR,A,25,14.2,10.431815920782974,8.590907228880095,1.21428571,1.227272461268585,0.21794872,0.17948718,0.03846154,0.27419355,2.1136359055181186,0.34883721,0.62913907,8.590907228880095,6.344940001905585,2.2459672269745097,6.085498370666557,sa3017791
Houston Harding,LAA,"A+,AA,AAA",28,32.2,5.785713722685043,6.061223899955759,0.95454545,2.479591595436447,0.12352941,0.12941176,-0.00588235,0.34482759,2.2040814181657304,0.35652174,0.52884615,9.367346027204356,8.502716273779516,0.8646297534248397,6.8673856404791565,sa3017820
Jose Pena Jr.,PHI,A+,22,24.1,12.575344108600369,4.808219806229553,2.61538462,0.3698630620176579,0.35051546,0.13402062,0.21649485,0.13253012,0.9863014987137545,0.20833333,0.72033898,2.5890414341236054,3.0600652597706097,-0.4710238256470043,4.324150433380444,sa3017821
Chase Watkins,CHW,AA,26,19.0,9.0,2.3684210526315788,3.8,1.894736842105263,0.21590909,0.05681818,0.15909091,0.2962963,1.5263157894736843,0.34482759,0.62992126,7.105263157894737,5.501331871434262,1.6039312864604751,5.103257484498776,sa3017842
Will Bednar,SFG,"AA,AAA",26,29.1,11.045455742473575,6.750000731511629,1.63636364,0.3068182150687104,0.288,0.176,0.112,0.18811881,1.3977274242019029,0.28125,0.625,3.068182150687104,4.0497808453483195,-0.9815986946612156,5.123597791504447,sa3017844
Seth Lonsway,SFG,"AA,AAA",27,36.2,5.645454019298287,5.154544974141914,1.0952381,0.4909090451563728,0.13772455,0.1257485,0.01197605,0.27272727,1.636363483854576,0.31355932,0.69767442,5.154544974141914,5.368818084387262,-0.21427311024534745,5.857780580742952,sa3017857
Micah Ottenbreit,PHI,"A,A+,CPX",23,12.2,7.815787438623662,4.263156784703816,1.83333333,0.0,0.2,0.10909091,0.09090909,0.22916667,1.3421049137030532,0.2972973,0.66666667,3.5526306539198464,3.708350217137902,-0.1557195632180557,5.244924366236253,sa3017860
Nick Zwack,SFG,AAA,27,18.1,12.272729400761241,8.345455992517643,1.47058824,0.9818183520608992,0.27472527,0.18681319,0.08791209,0.26027397,1.9636367041217984,0.36956522,0.58479532,7.854546816487193,5.630127557644224,2.2244192588429694,5.641184979230073,sa3017867
Zac Leigh,CHC,"AAA,CPX",28,26.2,11.812498591840434,7.762499074638,1.52173913,1.3499998390674783,0.26515152,0.17424242,0.09090909,0.26605505,1.9499997675419132,0.35714286,0.56034483,8.09999903440487,5.512261788850945,2.5877372455539254,5.667597430612291,sa3017873
Kevin Abel,CIN,AA,27,70.1,9.341232903013756,5.886256349844285,1.58695652,1.0236967564946582,0.22392638,0.14110429,0.08282209,0.25182482,1.635071208290079,0.31606218,0.68306011,5.246445877035123,5.280079806059576,-0.033633929024452947,5.671534286672687,sa3017879
Jack Carey,CLE,"AA,AAA",26,30.2,7.630436364554606,9.684784616550075,0.78787879,0.5869566434272773,0.17567568,0.22297297,-0.0472973,0.20535714,1.826087335107085,0.25,0.71174377,5.282609790845496,6.234966661114338,-0.9523568702688427,7.588345665194531,sa3017887
Adam Shoemaker,HOU,A,23,7.1,15.954552370657648,4.90909303712543,3.25,1.2272732592813576,0.38235294,0.11764706,0.26470588,0.17241379,1.2272732592813576,0.26666667,0.58139535,4.90909303712543,3.8903952567045867,1.0186977804208435,2.9247532108525127,sa3017888
Christian McGowan,PHI,"A,A+,AA",26,25.0,7.92,3.96,2.0,1.8,0.18965517,0.09482759,0.09482759,0.27722772,1.56,0.31081081,0.75,5.4,6.2616440816990515,-0.8616440816990512,5.4143864639870305,sa3017896
Nate Lavender,NYM,"A,A+,AAA",26,26.1,15.721520885216542,3.7594941247256948,4.18181818,0.6835443863137627,0.41441441,0.0990991,0.31531532,0.23232323,1.2911393963704407,0.41176471,0.62111801,4.784810704196339,2.469629154605868,2.315181549590471,2.5752939155412964,sa3017917
Quinton Low,MIL,A+,23,22.1,12.089553959626434,10.074628299688696,1.2,0.4029851319875478,0.27027027,0.22522523,0.04504505,0.24705882,2.0597017857141333,0.37037037,0.59210526,8.059702639750956,5.33513545677696,2.7245671829739955,6.180003362954952,sa3017921
Jonny Cuevas,TBR,"AA,AAA",25,25.1,8.526316859385448,7.105264049487873,1.2,1.065789607423181,0.20512821,0.17094017,0.03418804,0.22916667,1.6578949448805038,0.27536232,0.56701031,6.039474442064692,5.726093831035049,0.31338061102964243,5.85228742007849,sa3017931
Luke Taggart,DET,"AA,AAA",28,29.2,10.92135074291902,3.337079393669701,3.27272727,0.0,0.30508475,0.09322034,0.21186441,0.1588785,0.9438204345732487,0.23943662,0.82142857,0.9101125619099184,2.2470838634054786,-1.3369713014955602,3.7639726960878446,sa3017932
Peter Heubeck,LAD,"AA,CPX",23,12.2,14.921048886889185,6.394735237238222,2.33333333,1.421052274941827,0.38888889,0.16666667,0.22222222,0.22222222,1.4999996235497064,0.36363636,0.67901235,4.973682962296395,4.6151510413783505,0.3585319209180442,3.6143590370169476,sa3017936
Aaron Holiday,STL,A+,26,10.0,9.0,9.9,0.90909091,2.7,0.17857143,0.19642857,-0.01785714,0.26190476,2.2,0.27586207,0.48076923,8.1,10.047075557708741,-1.9470755577087413,8.979850125312804,sa3017937
Bailey Dees,NYY,AA,27,8.1,6.480002471924771,6.480002471924771,1.0,0.0,0.2,0.2,0.0,0.04166667,0.8400003204346925,0.05555556,0.71428571,2.1600008239749235,4.282491882324324,-2.1224910583494006,6.308099354618166,sa3017946
Danny Watson,NYY,AAA,25,30.1,10.681319800714325,4.153846589166682,2.57142857,1.1868133111904806,0.26666667,0.1037037,0.16296296,0.23275862,1.3516484933002695,0.30263158,0.51980198,5.637363228154783,4.772091481950818,0.8652717462039652,4.6001761967391825,sa3017952
Eric Silva,DET,"AA,AAA",23,31.2,10.515791584976917,4.831579917421826,2.17647059,1.136842333511018,0.24666667,0.11333333,0.13333333,0.29545455,1.7684214076838056,0.38461538,0.54474708,7.957896334577126,4.570982032290139,3.3869143022869865,4.88262286363205,sa3017965
Jose T. Perez,SFG,"A,CPX",22,23.0,14.478260869565217,10.173913043478262,1.42307692,0.782608695652174,0.30833333,0.21666667,0.09166667,0.23333333,2.0434782608695654,0.37254902,0.58091286,8.217391304347826,6.543271716205298,1.6741195881425286,7.246761485617421,sa3017966
Jacob Steinmetz,ARI,CPX,22,3.1,18.900019376297788,5.400005536085082,3.5,0.0,0.5,0.14285714,0.35714286,0.16666667,1.2000012302411294,0.4,0.25,8.100008304127623,2.41766569137321,5.682342612754413,3.311672912352197,sa3017976
Jaylen Nowlin,MIN,AA,25,25.1,10.65789607423181,6.394737644539085,1.66666667,0.35526320247439364,0.27027027,0.16216216,0.10810811,0.16483516,1.30263174240611,0.23333333,0.6547619,3.5526320247439367,4.168093509819377,-0.6154614850754401,5.232694733802793,sa3017978
Chase Plymell,CHW,AAA,28,28.0,7.392857142857143,3.857142857142857,1.91666667,2.25,0.17293233,0.09022556,0.08270677,0.33333333,1.8571428571428572,0.36666667,0.6712963,6.75,6.552311134338379,0.19768886566162092,5.842081137214388,sa3017985
Johnathan Lavallee,CIN,AA,26,32.1,11.134022370017513,1.9484539147530648,5.71428571,0.27835055925043783,0.32,0.056,0.264,0.19827586,0.9278351975014594,0.29333333,0.75163399,1.670103355502627,2.4221130116077547,-0.7520096561051277,3.504324942056158,sa3017993
Christian MacLeod,MIA,"AA,AAA",26,13.1,10.124995036239376,8.774995698074125,1.15384615,2.024999007247875,0.24193548,0.20967742,0.03225806,0.24489796,1.8749990807850696,0.29032258,0.57692308,8.0999960289915,7.213785762312,0.8862102666795,5.804515467779711,sa3018005
Jorge Marcheco,OAK,"A+,AA",23,15.2,7.468083534212992,5.744679641702302,1.3,0.5744679641702302,0.18055556,0.13888889,0.04166667,0.29032258,1.7872336663073827,0.35416667,0.82706767,3.446807785021381,5.00110293314332,-1.5542951481219394,6.682965316667277,sa3018025
Alvaro Benua,LAD,CPX,23,6.1,12.789480103683523,32.68422693163567,0.39130435,0.0,0.18367347,0.46938776,-0.28571429,0.26086957,4.5789496667508915,0.42857143,0.46875,21.315800172805872,14.29135711754697,7.024443055258903,15.702946727823498,sa3018032
Greiber Mendez,PIT,A,22,30.2,8.217390452531063,3.2282605349229176,2.54545455,0.5869564608950759,0.20437956,0.08029197,0.12408759,0.27868852,1.4673911522376897,0.34782609,0.62770563,5.576086378503221,4.236209470382941,1.3398769081202797,4.920155162369316,sa3018041
Conor Larkin,TOR,"AA,AAA",27,23.2,10.647885893716154,2.2816898343677474,4.66666667,0.7605632781225825,0.29473684,0.06315789,0.23157895,0.19318182,0.9718308553788554,0.25862069,0.61320755,2.2816898343677474,3.178912067869894,-0.8972222335021467,4.139042202287182,sa3018092
Zach Messinger,NYY,AAA,26,38.1,7.513044475130094,3.9913048774128628,1.88235294,0.4695652796956309,0.20253165,0.10759494,0.09493671,0.17391304,1.069565359306715,0.21153846,0.72815534,2.8173916781737853,4.126224253966372,-1.3088325757925867,5.400738658696385,sa3018093
Ricky Tiedemann,TOR,CPX,23,2.0,18.0,0.0,4.0,0.0,0.5,0.0,0.5,0.25,1.0,0.5,0.5,4.5,0.12910242080688494,4.370897579193115,0.12910242080688494,sa3018096
Tyler Mattison,DET,AAA,26,27.2,10.734938525586125,7.807228018608091,1.375,1.626505837210019,0.26190476,0.19047619,0.07142857,0.1980198,1.5903612630497963,0.23809524,0.71052632,5.530119846514064,6.2270096221948545,-0.6968897756807904,5.636286064920663,sa3018117
Chandler Champlain,WSN,AAA,26,65.2,5.756346069389548,1.78172616433486,3.23076923,0.8223351527699354,0.16600791,0.0513834,0.11462451,0.21848739,0.9898478690749222,0.24210526,0.6996587,3.4263964698747307,4.1462198557833325,-0.7198233859086018,4.867810346431416,sa3018138
Trenton Denholm,CLE,AAA,26,58.1,8.022857842394831,2.6228573715521564,3.05882353,1.3885715496452593,0.20472441,0.06692913,0.13779528,0.26495726,1.3542858323700677,0.30635838,0.70605187,4.474286104412502,4.8037398148828725,-0.32945371047037053,4.883310380573207,sa3018139
Tommy Mace,CLE,AAA,27,31.1,7.75531993574994,8.904256222527708,0.87096774,1.7234044301666533,0.17532468,0.2012987,-0.02597403,0.26666667,2.0106385018610955,0.29885057,0.72916667,6.606383648972171,7.57358813806057,-0.9672044890883988,7.2343564375456655,sa3018140
Calvin Ziegler,NYM,CPX,23,1.0,9.0,0.0,1.0,0.0,0.33333333,0.0,0.33333333,0.33333333,1.0,0.5,1.0,0.0,2.129102420806885,-2.129102420806885,2.129102420806885,sa3018142
Blake Holub,MIL,AAA,27,27.0,9.333333333333334,3.6666666666666665,2.54545455,1.0,0.24137931,0.09482759,0.14655172,0.25242718,1.3703703703703705,0.31944444,0.74712644,3.0,4.367125949153194,-1.367125949153194,3.7544190495102496,sa3018147
Hunter Stanley,CLE,"AA,AAA",28,23.0,8.608695607554935,4.6956521495754195,1.83333333,1.5652173831918064,0.1981982,0.10810811,0.09009009,0.32631579,1.8695652077013243,0.39130435,0.6763285,6.652173878565177,5.996536486827613,0.6556373917375646,6.344241479315224,sa3018148
Jack Leftwich,CLE,AAA,27,32.0,6.1875,3.09375,2.0,0.84375,0.15492958,0.07746479,0.07746479,0.27559055,1.4375,0.31372549,0.72052402,4.21875,4.802311134338379,-0.5835611343383791,5.864341432973743,sa3018169
Jake Miller,CLE,AAA,25,31.2,7.957893937974836,5.9684204534811265,1.33333333,1.1368419911392622,0.19858156,0.14893617,0.04964539,0.23076923,1.5157893215190164,0.27058824,0.63876652,5.9684204534811265,5.699679339823652,0.2687411136574749,6.480556793263521,sa3018171
Chen Zhong-Ao Zhuang,OAK,"AA,AAA",25,56.1,7.0295864335087375,2.7159765765829214,2.58823529,2.396449920514342,0.17741935,0.06854839,0.10887097,0.2826087,1.4556214332013042,0.29239766,0.70967742,5.7514798092344215,6.713413954144569,-0.9619341449101473,5.787707584866988,sa3018174
Mitch Myers,OAK,"A+,AA",27,39.0,9.923076923076923,3.923076923076923,2.52941176,2.076923076923077,0.23497268,0.09289617,0.1420765,0.31515152,1.7692307692307692,0.38053097,0.69686411,6.923076923076923,5.864385807819856,1.0586911152570675,5.151327902384294,sa3018179
Orlando Ortiz-Mayr,MIA,AA,28,48.2,9.431505863607134,4.9931501630861295,1.88888889,0.369862975043417,0.23287671,0.12328767,0.10958904,0.25668449,1.5410957293475709,0.34328358,0.59585492,5.7328761131729635,4.070185469435719,1.6626906437372444,5.033390891435189,sa3018181
Reid Johnston,CLE,AA,27,28.0,9.0,5.464285714285714,1.64705882,1.6071428571428572,0.22580645,0.13709677,0.08870968,0.23364486,1.5,0.27027027,0.74285714,3.857142857142857,5.705348750523159,-1.8482058933803018,5.661388029158116,sa3018183
Javi Rivera,CIN,"AA,CPX",26,31.1,6.319149577277729,5.1702132904999605,1.22222222,2.5851066452499802,0.14965986,0.12244898,0.02721088,0.26612903,1.6276597396018393,0.25806452,0.82949309,4.595745147111075,8.41297121593238,-3.817226068821305,6.543447211321553,sa3018184
Madison Jeffrey,CHW,"A+,CPX",26,14.2,6.749998536977218,8.590907228880095,0.78571429,1.227272461268585,0.15068493,0.19178082,-0.04109589,0.21428571,1.7727268884990675,0.23255814,0.72519084,4.2954536144400475,7.427721727239041,-3.132268112798993,7.702409226284012,sa3018206
Kyle Hayes,WSN,AA,28,1.0,0.0,0.0,0.0,0.0,0.0,0.0,0.0,0.0,0.0,0.0,1.0,0.0,3.562491607666016,-3.562491607666016,7.3136151254177095,sa3018212
Frank Mozzicato,KCR,AA,23,42.2,10.968748692423262,8.226561519317446,1.33333333,1.8984372736886412,0.24761905,0.18571429,0.06190476,0.25443787,1.921874770894674,0.31481481,0.6162465,7.593749094754565,6.842435170710132,0.7513139240444326,5.929227317395298,sa3018242
Jack Hartman,TBR,"AA,CPX",27,10.0,8.999999785423284,4.499999892711642,2.0,0.0,0.25,0.125,0.125,0.26470588,1.3999999666213998,0.375,0.8,2.6999999356269853,3.8038020513156345,-1.1038021156886493,4.446167220426763,sa3018250
Ben Kudrna,KCR,AAA,23,2.0,9.0,18.0,0.5,0.0,0.18181818,0.36363636,-0.18181818,0.28571429,3.0,0.4,0.66666667,9.0,7.552311134338379,1.447688865661621,8.488015872240066,sa3018253
Shane Panzini,KCR,AAA,24,24.2,7.662161174701849,6.567566721173013,1.16666667,3.6486481784294518,0.17213115,0.14754098,0.02459016,0.32692308,2.1081078364259054,0.32876712,0.63157895,10.216214899602464,9.309067149193737,0.9071477504087273,6.3907037584017905,sa3018257
Anthony Solometo,PIT,AA,23,2.0,0.0,9.0,0.0,0.0,0.0,0.15384615,-0.15384615,0.4,3.0,0.4,0.42857143,18.0,8.062491607666015,9.937508392333985,13.689176884293556,sa3018259
Justin King,MIA,"AA,AAA",28,23.0,14.478260869565217,8.608695652173912,1.68181818,0.782608695652174,0.3245614,0.19298246,0.13157895,0.26086957,2.0,0.41509434,0.6712963,5.478260869565218,4.381404818659243,1.0968560509059744,4.536481669674749,sa3018278
Ryan Webb,CLE,AAA,27,49.2,8.697985686438061,10.147649967511072,0.85714286,1.8120803513412629,0.18320611,0.21374046,-0.03053435,0.30693069,2.375838682869656,0.36111111,0.63888889,8.335569616169808,7.861035525305382,0.47453409086442644,6.976837680692323,sa3018280
Angel Jimenez,COL,A,22,54.2,11.689023302680848,3.1280484894498044,3.73684211,0.8231706551183696,0.30735931,0.08225108,0.22510823,0.20574163,1.1341462359408647,0.28571429,0.63793103,4.1158532755918475,4.349781292354257,-0.23392801676240982,4.8407661226537435,sa3018287
Pablo Aldonis,WSN,A+,24,25.1,9.236843264334235,4.973684834641511,1.85714286,1.065789607423181,0.23636364,0.12727273,0.10909091,0.25,1.5000001882252176,0.31343284,0.71005917,3.9078952272183303,4.739048890658051,-0.8311536634397205,5.302429829380126,sa3018289
Juan Arnaud,NYM,A+,23,22.2,13.102939338832837,5.161763981964451,2.53846154,1.588235071373677,0.32673267,0.12871287,0.1980198,0.22093023,1.411764507887713,0.30612245,0.77464789,2.7794113749039346,4.961958771923449,-2.182547397019514,4.514465563328314,sa3018294
Saul Teran,PHI,AA,24,25.1,8.526316859385448,2.4868424173207555,3.42857143,2.4868424173207555,0.19834711,0.05785124,0.14049587,0.30630631,1.6184212557166822,0.3375,0.61403509,6.75000084701348,6.4440709166249865,0.30592993038849325,5.443202168426772,sa3018296
Eybersson Polanco,LAA,AA,22,43.2,8.862594387538486,3.7099232319928546,2.38888889,0.4122136924436505,0.23756906,0.09944751,0.13812155,0.20625,1.1679387952570097,0.26956522,0.76171875,2.885495847105554,3.727928890350309,-0.8424330432447551,4.4757828729123545,sa3018301
Wuillians Herrera,LAD,"A,CPX",22,15.0,10.8,12.0,0.9,1.2,0.22222222,0.24691358,-0.02469136,0.21818182,2.1333333333333333,0.28571429,0.51136364,10.8,9.196926950525206,1.6030730494747942,9.262271120261115,sa3018302
Reynaldo Yean,LAD,A+,22,18.2,10.124998275723069,17.35713990123955,0.58333333,1.4464283251032957,0.19811321,0.33962264,-0.14150943,0.25373134,2.839285230758321,0.3255814,0.61776062,10.124998275723069,10.054217374811543,0.07078090091152589,9.672184255168489,sa3018303
Brayan Cabello,SFG,DSL,22,11.0,4.909090909090909,3.272727272727273,1.5,0.0,0.15384615,0.1025641,0.05128205,0.14705882,0.8181818181818182,0.17857143,0.9,0.8181818181818182,4.857184384085915,-4.039002565904097,5.4091355201872915,sa3018304
Jose Montero,CIN,"A+,AA",22,55.1,7.64457875243605,3.9036146820950037,1.95833333,1.4638555057856264,0.19583333,0.1,0.09583333,0.25462963,1.427710925395858,0.2875,0.64759036,5.0421689643727134,5.568571497408447,-0.5264025330357338,5.184836540971746,sa3018312
Yorman Galindez,MIL,"A+,AA",23,30.1,9.49450350446942,6.824174393837396,1.39130435,0.8901097035440081,0.22068966,0.15862069,0.06206897,0.28571429,1.8791204852595726,0.36904762,0.53763441,8.307690566410743,5.593106321197502,2.714584245213241,5.710055309986444,sa3018322
Raimy Rodriguez,HOU,"A,A+",20,32.1,9.463918526021468,9.463918526021468,1.0,1.1134021795319373,0.20359281,0.20359281,0.0,0.24806202,2.041237329141885,0.30769231,0.68322981,6.680413077191624,6.627647889100746,0.052765188090877935,6.725840621544968,sa3018326
Luichi Casilla,COL,CPX,21,2.2,10.124987024830519,0.0,3.0,0.0,0.21428571,0.0,0.21428571,0.42857143,2.249997116629004,0.54545455,0.66666667,6.749991349887012,2.567671035226465,4.182320314660547,4.802683932164951,sa3018332
Victor Cabreja,PIT,A+,24,39.1,7.779662022951032,5.033898956027138,1.54545455,2.516949478013569,0.1827957,0.11827957,0.06451613,0.2962963,1.7796612470803015,0.31623932,0.58303887,8.23728920077168,7.33160052377586,0.9056886769958208,6.017802958778259,sa3018342
Alfredo Romero,CHC,A+,23,42.0,7.714285714285714,7.714285714285714,1.0,0.8571428571428571,0.18848168,0.18848168,0.0,0.18954248,1.5476190476190477,0.22123894,0.63517915,5.785714285714286,6.1851707958039785,-0.39945651008969296,6.8018684293542595,sa3018345
Kendeglys Virguez,CLE,A+,22,21.1,13.921877074521344,4.640625691507115,3.0,0.42187506286428317,0.35106383,0.11702128,0.23404255,0.25609756,1.5000002235174512,0.41666667,0.69620253,4.640625691507115,3.150200438965095,1.4904252525420199,3.7027057150386513,sa3018351
Frankeli Arias,CHW,"A+,AAA",23,23.1,9.257140263830639,6.557141020213369,1.41176471,1.5428567106384399,0.21428571,0.15178571,0.0625,0.27368421,1.8428566265959143,0.32835821,0.6684492,6.557141020213369,5.950254073991857,0.6068869462215121,5.594413692711406,sa3018352
Luis Ramirez,MIA,"A,A+",24,37.0,13.621621621621621,7.054054054054054,1.93103448,0.7297297297297297,0.33532934,0.17365269,0.16167665,0.18939394,1.4594594594594594,0.30136986,0.73476703,3.891891891891892,4.667798804377954,-0.7759069124860618,4.487787693242535,sa3018353
Felix Castro,OAK,"A,CPX",22,9.2,10.241375942435448,10.241375942435448,1.0,0.9310341765850407,0.24444444,0.24444444,0.0,0.14705882,1.6551718694845168,0.18181818,0.4109589,9.310341765850406,7.088931130399262,2.2214106354511447,6.762040300685121,sa3018361
Diovel Mariano,CLE,CPX,22,10.0,6.3,9.9,0.63636364,1.8,0.125,0.19642857,-0.07142857,0.38636364,2.8,0.42857143,0.41984733,16.2,9.617668151855469,6.5823318481445305,8.954681811481715,sa3018363
Yenrri Rojas,CHC,AA,22,43.1,8.515385614880561,3.5307696451943786,2.41176471,1.6615386565620607,0.20197044,0.08374384,0.1182266,0.30939227,1.6846155823476447,0.36363636,0.55389222,8.100000950740046,5.689996077407774,2.410004873332272,5.053786672769774,sa3018366
Yunior Marte,SFG,"A+,AA",22,60.1,9.248619564214005,3.8784533656381313,2.38461538,1.04419898305642,0.23846154,0.1,0.13846154,0.24034335,1.3591161366766102,0.29878049,0.72404372,4.17679593222568,4.421941169867224,-0.24514523764154372,4.663687172051638,sa3018367
Luis Cesar,MIA,"A,A+",22,16.0,12.937500192783776,11.812500176019968,1.0952381,0.0,0.2804878,0.25609756,0.02439024,0.16071429,1.8750000279396777,0.27272727,0.71428571,4.500000067055226,5.776245225904635,-1.2762451588494086,6.865532513859431,sa3018368
Ricardo Montero,LAD,A,22,16.0,9.0,14.625,0.61538462,0.0,0.16494845,0.26804124,-0.10309278,0.18032787,2.3125,0.24444444,0.44680851,12.375,9.301000785827636,3.073999214172364,10.63350813537836,sa3018370
Riskiel Tineo,MIA,A,23,5.0,14.4,7.2,2.0,0.0,0.33333333,0.16666667,0.16666667,0.21052632,1.6,0.36363636,0.55555556,7.2,3.547079086303711,3.6529209136962892,4.173403576016426,sa3018375
Anthuan Valencia,CIN,A,21,2.0,4.5,4.5,1.0,0.0,0.09090909,0.09090909,0.0,0.4,2.5,0.44444444,0.6,9.0,4.247079086303711,4.752920913696289,7.378701534867287,sa3018422
Yilber Herrera,MIN,CPX,21,1.0,0.0,9.0,0.0,0.0,0.0,0.25,-0.25,0.0,1.0,0.0,1.0,0.0,7.129102420806885,-7.129102420806885,8.563464877009391,sa3018425
Martin Gonzalez,SEA,CPX,21,2.0,0.0,4.5,0.0,0.0,0.0,0.11111111,-0.11111111,0.14285714,1.0,0.14285714,0.33333333,9.0,7.817668151855469,1.182331848144531,11.542694420367479,sa3018434
Andy Encarnacion,ARI,DSL,21,9.0,6.0,7.0,0.85714286,1.0,0.13953488,0.1627907,-0.02325581,0.25,1.7777777777777777,0.27586207,0.75342466,4.0,7.028901555803087,-3.0289015558030874,6.740926158428192,sa3018498
Waner Luciano,HOU,CPX,21,3.1,0.0,0.0,0.0,0.0,0.0,0.0,0.0,0.28571429,1.2000012302411294,0.28571429,0.25,5.400005536085082,4.129102420806885,1.2709031152781973,6.2806483108752555,sa3018501
Diomedes Hernandez,NYY,AA,21,0.2,0.0,26.99986401268786,0.0,0.0,0.0,0.4,-0.4,0.33333333,4.499977335447976,0.33333333,0.33333333,26.99986401268786,12.562446278561968,14.43741773412589,15.375774747286718,sa3018504
Alejandro Rios,ARI,CPX,21,1.1,6.750016696792419,0.0,1.0,0.0,0.16666667,0.0,0.16666667,0.16666667,0.7500018551991576,0.2,0.0,0.0,3.3176644414571537,-3.3176644414571537,4.435175086276995,sa3018511
Juan Baez,MIL,A+,21,1.0,0.0,18.0,0.0,0.0,0.0,0.4,-0.4,0.33333333,3.0,0.33333333,0.66666667,9.0,9.94707555770874,-0.9470755577087395,13.48804376721382,sa3018525
Fernando Peguero,BAL,AA,21,1.1,0.0,6.750016696792419,0.0,0.0,0.0,0.2,-0.2,0.0,0.7500018551991576,0.0,1.0,0.0,5.812497173263489,-5.812497173263489,8.625846770658448,sa3018546
Alfredo Velásquez,BAL,"A,A+,AA",21,2.1,0.0,7.714263512227645,0.0,0.0,0.0,0.15384615,-0.15384615,0.45454545,2.999991365866306,0.45454545,0.42857143,11.571395268341467,6.158768990726662,5.412626277614805,9.227496225543167,sa3018556
Luis Sanchez,ATL,A+,22,1.0,0.0,0.0,0.0,0.0,0.0,0.0,0.0,0.4,2.0,0.4,1.0,0.0,3.5943119049072267,-3.5943119049072267,11.2046426653862,sa3018578
Santiago Gomez,NYY,A,22,0.2,13.49993200634393,26.99986401268786,0.5,0.0,0.16666667,0.33333333,-0.16666667,0.5,5.999969780597302,0.66666667,0.25,40.499796019031784,9.747048866901013,30.752747152130773,12.09575387385371,sa3018616
Leandro Alsinois,CHW,CPX,21,1.0,0.0,9.0,0.0,0.0,0.0,0.2,-0.2,0.25,2.0,0.25,1.0,0.0,7.817668151855469,-7.817668151855469,13.777710181474685,sa3018624
Jaiker Garcia,PIT,A,21,25.2,8.415583373282374,4.909090301081385,1.71428571,1.7532465361004945,0.20689655,0.12068966,0.0862069,0.24752475,1.5194803312870953,0.27777778,0.66666667,5.259739608301484,6.1626632027088375,-0.9029235944073539,5.03332534875622,sa3018626
Antonio Menendez,ARI,"AA,AAA",27,34.0,9.529411764705882,6.352941176470588,1.5,1.0588235294117647,0.23076923,0.15384615,0.07692308,0.21705426,1.5294117647058822,0.26966292,0.62753036,6.088235294117647,5.512168201855297,0.5760670922623499,5.517986731019386,sa3018799
Owen Kellington,PIT,A+,23,20.0,10.35,8.1,1.27777778,2.25,0.23232323,0.18181818,0.05050505,0.2625,1.95,0.30769231,0.54545455,9.0,7.394311904907227,1.6056880950927734,6.617669402062893,sa3018801
Joldelanio De Los Santos,LAD,DSL,22,1.1,20.250050090377258,54.00013357433935,0.375,6.750016696792419,0.2,0.53333333,-0.33333333,0.16666667,6.750016696792419,0.0,-0.11627907,54.00013357433935,30.08452018813,23.91561338620935,20.985011518627875,sa3018804
Anfernny Reyes,MIL,A,22,22.0,12.681818181818182,2.8636363636363638,4.42857143,0.4090909090909091,0.37349398,0.08433735,0.28915663,0.17808219,0.9090909090909091,0.29268293,0.69444444,2.0454545454545454,2.7540315021168102,-0.7085769566622648,2.9702080566774716,sa3018807
Accimias Morales,LAD,"A,A+",21,24.0,13.875,12.75,1.08823529,0.375,0.27407407,0.25185185,0.02222222,0.25252525,2.4583333333333335,0.39344262,0.67114094,6.75,6.308025709788005,0.44197429021199497,6.976960264270505,sa3018809
David Rodriguez,KCR,CPX,22,9.0,9.0,10.0,0.9,1.0,0.1875,0.20833333,-0.02083333,0.32432432,2.4444444444444446,0.40740741,0.64814815,7.0,7.9287792629665805,-0.9287792629665805,7.808788602881961,sa3018810
Melvin Pineda,SFG,"A,CPX",22,23.1,16.971423947082535,9.257140334772291,1.83333333,1.1571425418465364,0.352,0.192,0.16,0.23404255,1.971428034257062,0.40425532,0.5942623,8.485711973541267,6.6043340356010525,1.881377937940215,6.549058329559534,sa3018815
Adilson Peralta,PHI,A+,23,20.0,13.5,5.85,2.30769231,0.9,0.33707865,0.14606742,0.19101124,0.2,1.4,0.30232558,0.64885496,4.5,3.9943119049072267,0.5056880950927733,4.026119787991047,sa3018816
Luis Flores,CLE,A+,22,20.0,7.2,6.75,1.06666667,1.35,0.16326531,0.15306122,0.01020408,0.27160494,1.85,0.30645161,0.54597701,8.1,6.84707555770874,1.2529244422912598,7.198704893887044,sa3018818
Fernando Perez,TOR,AA,22,12.2,4.973682962296395,11.368418199534617,0.4375,0.7105261374709135,0.11111111,0.25396825,-0.14285714,0.20454545,1.9736837151969822,0.22222222,0.67669173,7.105261374709135,7.983543129707256,-0.8782817549981203,10.066710786089978,sa3018826
Camilo Sanchez,WSN,CPX,23,17.1,7.788462966857134,5.192308644571423,1.5,2.076923457828569,0.1875,0.125,0.0625,0.3,1.78846186646349,0.33333333,0.51181102,7.788462966857134,7.129102971003707,0.6593599958534266,5.866888022990979,sa3018834
Ernesto Mercedes,NYM,A,22,15.0,14.4,9.6,1.5,0.0,0.30379747,0.20253165,0.10126582,0.29508197,2.2666666666666666,0.48648649,0.41666667,11.4,4.1470790863037115,7.252920913696289,4.669016161064307,sa3018835
Jovi Gálvez,STL,A,21,14.0,10.285714285714286,10.285714285714286,1.0,0.0,0.22857143,0.22857143,0.0,0.21276596,1.8571428571428572,0.32258065,0.84848485,3.2142857142857144,6.389936229160854,-3.17565051487514,7.060998182424477,sa3018837
Pitterson Rosa,PIT,A,21,5.0,12.6,14.4,0.875,0.0,0.21875,0.25,-0.03125,0.25,2.8,0.35294118,0.28571429,5.4,5.747079086303711,-0.34707908630371076,7.939214800298214,sa3018839
Peter Bonilla,LAD,CPX,21,20.1,15.491805700678231,7.967214360348804,1.94444444,0.8852460400387561,0.37234043,0.19148936,0.18085106,0.17333333,1.5245904022889687,0.28947368,0.75342466,3.983607180174402,5.457012514105681,-1.4734053339312791,5.424070474162817,sa3018850
Domingo Geronimo,LAD,A,21,11.0,12.272727272727273,12.272727272727273,1.0,2.4545454545454546,0.20547945,0.20547945,0.0,0.42105263,3.5454545454545454,0.53846154,0.41899441,17.181818181818183,9.73281896764582,7.448999214172364,8.274648662046953,sa3018851
Jorger Petri,DET,A,21,6.2,12.149994206431291,2.6999987125402867,4.5,0.0,0.36,0.08,0.28,0.13043478,0.7499996423723019,0.21428571,0.8,1.3499993562701433,1.9470799446101865,-0.5970805883400432,2.651694659550513,sa3018855
Mauricio Estrella,SFG,A,22,38.2,11.405170913542266,2.0948273106506203,5.44444444,0.46551718014458227,0.3081761,0.05660377,0.25157233,0.23648649,1.1379308847978677,0.34020619,0.6712963,3.724137441156658,3.5423802288477084,0.1817572123089497,4.1848011895228545,sa3018857
Yuliangel De La Cruz,LAD,CPX,21,6.2,9.449995493891004,14.849992918971576,0.63636364,1.3499993562701433,0.15555556,0.24444444,-0.08888889,0.39393939,3.599998283387049,0.48,0.38135593,21.599989700322293,10.067665648461581,11.532324051860712,10.129179804125833,sa3018858
Jose Chirinos,NYM,"A,A+",21,63.0,10.142857142857142,2.7142857142857144,3.73684211,0.7142857142857143,0.27099237,0.07251908,0.19847328,0.23529412,1.1904761904761905,0.31481481,0.73972603,2.857142857142857,3.6167916131398035,-0.7596487559969463,4.122806492400548,sa3018859
Roiger Mujica,LAD,CPX,20,4.0,15.75,18.0,0.875,0.0,0.31818182,0.36363636,-0.04545455,0.14285714,2.5,0.28571429,0.5,9.0,7.317668151855469,1.682331848144531,7.69017077870667,sa3018863
Christian Zazueta,LAD,A+,21,48.2,12.205478176432761,2.219177850260502,5.5,0.9246574376085425,0.34736842,0.06315789,0.28421053,0.2,0.9657533237244778,0.28846154,0.6744186,3.8835612379558784,3.495020810433453,0.38854042752242535,3.7601160007232046,sa3018867
Alfred Morillo,ARI,AA,24,26.0,10.384615384615385,6.576923076923077,1.57894737,0.6923076923076923,0.2238806,0.14179104,0.08208955,0.28947368,2.0,0.37804878,0.49800797,7.269230769230769,4.654935550689697,2.6142952185410717,5.19223917722702,sa3018870
Pedro Garcia,DET,"A,CPX",24,27.1,7.573168920618314,10.207314632137727,0.74193548,1.3170728557597067,0.15753425,0.21232877,-0.05479452,0.29824561,2.3780482117883595,0.34482759,0.5794702,8.231705348498167,7.488103197962054,0.7436021505361134,7.4712857007602125,sa3018872
Adolfo Oviedo,PIT,"A,A+",21,34.0,5.5588235294117645,3.9705882352941178,1.4,0.5294117647058824,0.14189189,0.10135135,0.04054054,0.24427481,1.3823529411764706,0.27777778,0.75757576,2.3823529411764706,4.7375501826447906,-2.35519724146832,5.305428013472728,sa3018882
Xiomer Guacache,DET,"A,CPX",22,24.1,7.027395424151637,4.068492087666737,1.72727273,0.3698629170606124,0.18446602,0.10679612,0.0776699,0.1978022,1.19178051052864,0.23943662,0.73426573,3.328766253545512,4.492192732379344,-1.163426478833832,5.635455143834136,sa3018887
Franklyn Moreta,MIA,"A,CPX",22,26.1,9.569621408392678,9.227849215235796,1.03703704,1.3670887726275254,0.21705426,0.20930233,0.00775194,0.26804124,2.0126584708127457,0.33846154,0.64885496,7.177216056294508,7.3132864790575285,-0.13607042276302028,6.279998330992294,sa3018888
Antonio Florido,DET,"A,CPX",21,8.0,6.75000010058284,7.875000117346646,0.85714286,1.1250000167638066,0.15384615,0.17948718,-0.02564103,0.28125,2.000000029802323,0.32,0.54794521,9.000000134110453,6.815432062580813,2.1845680715296396,7.2119737337979215,sa3018890
Yeriel Santos,HOU,A+,22,41.2,7.991999024414182,6.911999156250103,1.15625,2.5919996835937886,0.18686869,0.16161616,0.02525253,0.27777778,1.8479997744140901,0.2920354,0.54517134,8.423998971679813,8.15431134826667,0.2696876234131427,6.373776901820641,sa3018891
Eris Albino,NYM,CPX,22,21.2,6.646152871036108,7.4769219799156215,0.88888889,1.2461536633192702,0.14545455,0.16363636,-0.01818182,0.22988506,1.7538458965234174,0.25,0.59278351,5.8153837621565945,7.63679421385372,-1.8214104516971252,7.160821166336538,sa3018894
Richard Fernandez,OAK,"A,CPX",23,25.2,9.81818060216277,8.415583373282374,1.16666667,1.4025972288803956,0.21538462,0.18461538,0.03076923,0.26,1.9480517067783274,0.32352941,0.5952381,8.415583373282374,8.00554608499288,0.4100372882894945,7.594127183223526,sa3018898
Camilo Hernandez,OAK,CPX,22,15.2,11.48935937082831,8.617019528121233,1.33333333,0.5744679685414155,0.27027027,0.2027027,0.06756757,0.22413793,1.787233679906626,0.32432432,0.72463768,5.170211716872739,6.158093411785439,-0.9878816949126996,6.754911861604841,sa3018899
Denison Sanchez,BOS,CPX,20,12.2,5.684209099767308,9.94736592459279,0.57142857,0.7105261374709135,0.125,0.21875,-0.09375,0.2173913,1.8947363665891028,0.24324324,0.60150376,7.105261374709135,8.155417199808728,-1.0501558250995924,8.714449247944524,sa3018907
Joseilyn Gonzalez,LAD,A+,24,13.1,8.77500209212353,10.800002574921269,0.8125,0.6750001609325793,0.18309859,0.22535211,-0.04225352,0.27272727,2.3250005543233287,0.34146341,0.47297297,7.425001770258372,6.57207618355766,0.852925586700712,7.323298364796711,sa3018910
Nestor Rios,MIA,A+,21,1.2,10.799978628200861,0.0,2.0,5.399989314100431,0.28571429,0.0,0.28571429,0.28571429,1.1999976253556512,0.25,1.0,5.399989314100431,9.34706487180917,-3.9470755577087395,4.7339453891469,sa3018918
Eliezer Rivero,LAA,A,21,1.1,0.0,6.750016696792419,0.0,0.0,0.0,0.16666667,-0.16666667,0.25,1.5000037103983153,0.25,1.0,0.0,9.051011917022583,-9.051011917022583,9.051011917022583,sa3018937
Jeffrey Mercedes,CLE,A+,21,2.1,3.85714850621175,11.57144551863525,0.33333333,3.85714850621175,0.07142857,0.21428571,-0.14285714,0.36363636,3.00000439372025,0.33333333,0.89285714,7.7142970124235,12.51851668262374,-4.804219670200241,9.98220000472584,sa3018942
Yan Mago,ARI,CPX,22,10.1,7.838712088896256,6.096776069141533,1.28571429,0.0,0.20454545,0.15909091,0.04545455,0.24324324,1.5483875731153098,0.32142857,0.5,6.096776069141533,5.10799082181459,0.988785247326943,6.982520746514519,sa3019047
Juan Amarante,PHI,"A+,CPX",22,19.0,10.421052631578947,6.631578947368421,1.57142857,0.47368421052631576,0.25287356,0.16091954,0.09195402,0.20289855,1.4736842105263157,0.2826087,0.71895425,4.2631578947368425,4.861131959212455,-0.5979740644756122,5.454045366456635,sa3019048
Luis A. Reyes,CHC,"A,CPX",22,6.2,13.499993321302856,37.799981299648,0.35714286,1.3499993321302857,0.1754386,0.49122807,-0.31578947,0.25925926,5.249997402728889,0.375,0.30898876,35.09998263538743,16.36766222328241,18.732320412105018,15.083508516089616,sa3019049
Alain Pena,HOU,"A+,CPX",23,36.0,6.25,5.0,1.25,2.75,0.14705882,0.11764706,0.02941177,0.31292517,1.8333333333333333,0.31531532,0.80223881,6.25,8.297334277611354,-2.0473342776113537,6.4025496155666435,sa3019050
Kevin Valdez,CHC,A+,24,45.1,8.933824531759882,3.7720592467430616,2.36842105,1.191176604234651,0.22167488,0.09359606,0.12807882,0.2967033,1.6102942983172135,0.36641221,0.73573574,4.367647548860387,5.072075683930356,-0.7044281350699686,4.913679287999235,sa3019052
Diego Dominguez,TOR,A,21,28.2,6.906975978255163,5.965115617584005,1.15789474,1.2558138142282116,0.176,0.152,0.024,0.24761905,1.5697672677852643,0.27848101,0.64356436,5.337208710469899,6.119171846512556,-0.7819631360426564,5.834615399459206,sa3019063
Adonis Villavicencio,TEX,A+,25,1.1,20.250050090377258,20.250050090377258,1.0,0.0,0.3,0.3,0.0,0.33333333,3.7500092759957884,0.66666667,0.66666667,13.500033393584838,8.094323036102173,5.405710357482665,9.521263583361783,sa3019070
Emmanuel Reyes,KCR,A+,22,59.1,8.03932653185611,3.6404497502744655,2.20833333,1.2134832500914885,0.21115538,0.09561753,0.11553785,0.25663717,1.382022590381973,0.3030303,0.77994429,3.6404497502744655,5.1774127418292775,-1.536962991554812,4.886745095556171,sa3019071
David Bracho,CHC,A,21,47.2,9.629369601870492,6.608390903244456,1.45714286,0.566433505992382,0.23287671,0.15981735,0.07305936,0.22527473,1.5944054242748529,0.296875,0.59620596,5.097901553931437,4.624660765295186,0.4732407886362511,4.768773355180564,sa3019080
Jeremy Gonzalez,CHW,"A,CPX",21,27.0,7.666666666666667,5.333333333333333,1.4375,0.0,0.18110236,0.12598425,0.05511811,0.22857143,1.4814814814814814,0.29268293,0.56521739,6.0,5.247297707310429,0.7527022926895706,7.2297602950422855,sa3019086
Clarence Martina,WSN,CPX,21,3.0,6.0,9.0,0.66666667,0.0,0.15384615,0.23076923,-0.07692308,0.1,1.3333333333333333,0.125,1.0,0.0,5.795769087473552,-5.795769087473552,8.186373181144397,sa3019099
Anyer Laureano,CIN,A,23,26.1,13.670887726275254,7.5189882494513895,1.81818182,0.6835443863137627,0.33057851,0.18181818,0.14876033,0.25252525,1.7848103420414916,0.40350877,0.6561086,6.151899476823864,4.20277534384622,1.9491241329776443,4.2262737319787425,sa3019123
Alejandro Manzano,OAK,A,24,24.2,8.39189081038774,4.0135129962723965,2.09090909,2.189188907057671,0.18253968,0.08730159,0.0952381,0.35964912,2.1081078364259054,0.41176471,0.53811659,9.486485263916574,7.307757187307667,2.178728076608907,5.807766548457563,sa3019125
Leomar Rosario,HOU,A,23,28.1,13.658825061890665,12.38823668404037,1.1025641,0.9529412833877208,0.30714286,0.27857143,0.02857143,0.2,2.082353174810205,0.31481481,0.71684588,4.764706416938604,6.194138743060716,-1.4294323261221118,5.914355088749321,sa3019127
Ramon Sanchez,MIA,"A,CPX",24,21.2,14.12307485095173,11.630767524313189,1.21428571,0.41538455443975675,0.28333333,0.23333333,0.05,0.24705882,2.2615381297275645,0.4,0.54945055,8.723075643234893,6.266353178864392,2.4567224643705003,6.551238075664008,sa3019132
David Lorduy,CIN,"A+,CPX",22,23.2,8.366196059348407,3.422534751551621,2.44444444,1.521126556245165,0.21359223,0.08737864,0.12621359,0.24468085,1.3521124944401466,0.27941176,0.64393939,4.943661307796786,5.683447781902338,-0.7397864741055518,5.494261774819675,sa3019135
Enrique Segura,TEX,A+,21,37.1,8.196429688103498,6.991072381029453,1.17241379,1.9285716913184698,0.20731707,0.17682927,0.03048781,0.20930233,1.5000002043588099,0.2183908,0.61023622,7.473215303859071,7.37109813373923,0.10211717011984067,6.725789286493303,sa3019147
Melkis Hernández,CLE,A+,21,48.1,9.868966555782613,7.262069729726829,1.35897436,0.744827664587367,0.21900826,0.16115702,0.05785124,0.29064039,2.02758642026561,0.37671233,0.69264069,5.027586735964728,5.250523970736634,-0.22293723477190586,5.273583072664789,sa3019148
Nelfy Ynfante,STL,"A,AA",21,38.1,8.921737650707469,3.756521116087355,2.375,1.643477988288218,0.23602484,0.09937888,0.13664596,0.18055556,1.0956519921921453,0.19191919,0.75301205,3.5217385463318953,5.443177987443565,-1.9214394411116693,5.0338350544131965,sa3019149
Inmer Lobo,PIT,A+,22,23.2,9.50704097653228,6.08450622498066,1.5625,1.901408195306456,0.24038462,0.15384615,0.08653846,0.22988506,1.521126556245165,0.26315789,0.56666667,7.605632781225824,6.383043924690029,1.2225888565357952,5.887508018997876,sa3019151
Franklin Gómez,CLE,A+,20,58.0,10.241379310344827,2.793103448275862,3.66666667,0.7758620689655172,0.27615063,0.07531381,0.20083682,0.24434389,1.2413793103448276,0.32666667,0.75384615,3.103448275862069,3.7229376266742578,-0.6194893508121888,3.731694727981913,sa3019153
Jose Meneses,MIL,A,21,35.0,11.571428571428571,3.342857142857143,3.46153846,0.2571428571428571,0.32142857,0.09285714,0.22857143,0.19354839,1.0571428571428572,0.29487179,0.69948187,2.057142857142857,2.7890964371817453,-0.7319535800388883,3.0518065871936937,sa3019158
Edgar Leon,LAD,CPX,21,4.0,11.25,13.5,0.83333333,2.25,0.19230769,0.23076923,-0.03846154,0.35,3.25,0.42857143,0.34482759,15.75,10.067668151855468,5.682331848144532,8.307678659260272,sa3019161
Moises Palma,TBR,CPX,21,9.2,6.517239236095285,7.448273412680326,0.875,0.9310341765850407,0.1627907,0.18604651,-0.02325581,0.16129032,1.3448271439561699,0.17391304,0.51282051,4.655170882925203,7.749790885304265,-3.094620002379062,7.888786483942537,sa3019162
Luis Gonzalez,PHI,CPX,20,33.1,7.830001194763366,2.9700004531861044,2.63636364,2.7000004119873675,0.18125,0.06875,0.1125,0.3125,1.6800002563476955,0.33333333,0.46808511,9.18000140075705,7.729102970123375,1.450898430633675,5.851553746877634,sa3019164
Wande Torres,MIL,A+,21,58.2,8.89772650131516,4.755681405875344,1.87096774,1.0738635432621746,0.21804511,0.11654135,0.10150376,0.25663717,1.5170453230211671,0.31677019,0.69160998,5.676135871528636,5.566393599135829,0.10974227239280765,5.373299037135728,sa3019165
Andy Basora,KCR,A,21,29.0,9.0,6.206896551724138,1.45,1.2413793103448276,0.20714286,0.14285714,0.06428572,0.25663717,1.6896551724137931,0.3125,0.67460317,6.827586206896552,6.203874762304898,0.6237114445916534,5.992473642219757,sa3019168
Yimi Presinal,KCR,A+,21,28.1,10.800001211727503,6.352941889251472,1.7,0.6352941889251472,0.28333333,0.16666667,0.11666667,0.16326531,1.2705883778502944,0.22580645,0.65340909,4.129412228013457,4.7941344762756035,-0.6647222482621462,4.813802533939527,sa3019169
Juan De La Cruz,MIA,"A,A+",21,26.0,14.192307692307692,9.346153846153847,1.51851852,1.3846153846153846,0.3129771,0.20610687,0.10687023,0.29411765,2.1923076923076925,0.45614035,0.54307116,10.384615384615385,6.044513153418086,4.340102231197299,5.403671240939877,sa3019171
Henson Leal,KCR,A,22,40.1,8.479339912268257,3.347107860105891,2.53333333,0.2231405240070594,0.22352941,0.08823529,0.13529412,0.20666667,1.140496011591637,0.27027027,0.68548387,3.57024838411295,3.543287691084154,0.026960693028796,4.394916505939533,sa3019175
Eliazar Dishmey,MIA,"A+,AA",21,53.0,12.56603728362615,4.584905495377109,2.74074074,0.8490565732179831,0.34579439,0.12616822,0.21962617,0.14594595,1.0188678878615798,0.20754717,0.69387755,3.226414978228336,3.917545770583172,-0.6911307923548362,4.297353372251148,sa3019181
Anderson Guevara,SEA,"A,CPX",21,13.1,14.849992786202359,4.0499980326006435,3.66666667,1.3499993442002145,0.39285714,0.10714286,0.28571429,0.1875,1.1249994535001786,0.29166667,0.84507042,3.3749983605005363,5.234334462732077,-1.8593361022315409,4.435592402391004,sa3019182
Wilmer Blanco,PHI,"A,A+,CPX",22,25.1,8.526316859385448,3.5526320247439367,2.4,1.065789607423181,0.20168067,0.08403361,0.11764706,0.30841121,1.6973686340443253,0.375,0.6372549,5.328948037115905,5.005896026061327,0.32305201105457737,5.086919262377391,sa3019184
Cesar Espinal,MIL,CPX,20,14.0,10.285714285714286,5.142857142857143,2.0,0.6428571428571429,0.31372549,0.15686275,0.15686275,0.13953488,1.0,0.19230769,0.63492063,3.857142857142857,5.174811008998326,-1.3176681518554685,5.097674156086786,sa3019192
Reylin Perez,HOU,CPX,21,1.0,9.0,0.0,1.0,0.0,0.25,0.0,0.25,0.5,2.0,0.66666667,1.0,0.0,2.129102420806885,-2.129102420806885,3.563464877009392,sa3019204
Irv Carter,TOR,AA,23,16.2,11.879997734070256,8.639998352051096,1.375,0.5399998970031935,0.27160494,0.19753086,0.07407407,0.203125,1.7399996681214012,0.29268293,0.73426573,4.8599990730287415,4.762491378784223,0.0975076942445181,5.670496788584198,sa3019239
Cesar Rojas,WSN,A,24,21.0,14.142857142857142,6.428571428571429,2.2,1.2857142857142858,0.34375,0.15625,0.1875,0.21518987,1.5238095238095237,0.3255814,0.77181208,4.285714285714286,4.760525008610317,-0.47481072289603166,3.8193603046593214,sa3019244
Cesar Perdomo,SFG,AA,24,61.2,10.945945043125047,2.772972744258345,3.94736842,0.8756756034500037,0.30241935,0.0766129,0.22580645,0.19823789,1.0378377522370414,0.26712329,0.64236111,3.7945942816166824,3.416545673757682,0.37804860785900063,3.672406538229304,sa3019248
Josbel Garcia,TOR,"A,CPX",22,20.2,9.145164103712299,2.1774200246934043,4.2,0.8709680098773618,0.23863636,0.05681818,0.18181818,0.24390244,1.2096777914963357,0.30508475,0.60344828,4.79032405432549,3.9794099596451806,0.8109140946803093,3.9775493287047494,sa3019250
Gerlin Rosario,OAK,A+,24,19.1,6.5172424509184035,8.379311722609376,0.77777778,0.9310346358454862,0.14141414,0.18181818,-0.04040404,0.3,2.1724141503061345,0.34375,0.59701493,7.448277086763889,6.791903611681059,0.6563734750828303,7.370188165376945,sa3019251
Fernando Estrella,SFG,DSL,23,2.2,16.87497837471753,3.374995674943506,5.0,0.0,0.41666667,0.08333333,0.33333333,0.2,1.124998558314502,0.4,0.5,3.374995674943506,3.0844590336059734,0.29053664133753276,3.734972038950268,sa3019252
Jose Fleury,HOU,AAA,24,20.2,4.354838039823034,8.709676079646067,0.5,1.7419352159292134,0.09803922,0.19607843,-0.09803922,0.33333333,2.274193198574251,0.34328358,0.75471698,6.096773255752248,8.590537124022593,-2.493763868270345,8.018480906510772,sa3019255
Lisnerkin Lantigua,CIN,A,21,33.1,8.370001277160839,5.400000823974735,1.55,0.2700000411987368,0.21985816,0.14184397,0.07801419,0.23333333,1.440000219726596,0.30681818,0.69327731,3.7800005767823146,4.167079150390635,-0.38707857360832065,4.951437688285591,sa3019258
Nelfri Payano,CIN,"A,CPX",21,18.1,10.800001872669892,10.800001872669892,1.0,0.4909091760304496,0.22680412,0.22680412,0.0,0.26027397,2.236364024138715,0.36,0.48076923,7.854546816487193,6.820449066644307,1.0340977498428865,7.265722778644063,sa3019260
Marcos Herrera,COL,"A,CPX",21,50.2,8.881578055775487,7.282894005735899,1.2195122,2.3092102945016264,0.19230769,0.15769231,0.03461539,0.29767442,2.07236821301428,0.33552632,0.59471366,8.526314933544466,8.619421540469045,-0.09310660692457873,6.890483387595907,sa3019261
Wellington Aracena,ARI,A+,21,44.2,11.283580804673289,5.238805373598312,2.15384615,0.40298502873833175,0.28571429,0.13265306,0.15306122,0.22485207,1.4328356577362906,0.32432432,0.7073955,3.8283577730141514,3.539477160375827,0.2888806126383243,3.9886486251046493,sa3019265
Leonel Sequera,STL,A+,20,56.1,10.863906306331685,3.994083200857237,2.72,2.5562132485486315,0.25185185,0.09259259,0.15925926,0.31818182,1.810651051055281,0.38607595,0.54479419,8.467456385817343,6.7163065769697585,1.7511498088475843,4.46971943008012,sa3019268
Luis Cohen,BOS,"A,A+",23,25.1,7.8157904544366605,5.684211239590298,1.375,2.131579214846362,0.17322835,0.12598425,0.0472441,0.32727273,2.052631836518719,0.36585366,0.58295964,9.236843264334235,6.956029105401942,2.2808141589322926,5.879769547301862,sa3019269
Sean Paul Liñan,NYY,A+,21,43.1,12.876924588355969,3.946154309334894,3.26315789,1.6615386565620607,0.32124352,0.0984456,0.22279793,0.22891566,1.3153847697782979,0.3125,0.53903346,6.4384622941779845,5.002004377827861,1.4364579163501237,4.665574794546136,sa3019270
Jholbran Herder,LAD,A,21,32.0,9.0,7.3125,1.23076923,0.84375,0.20915033,0.16993464,0.03921569,0.26229508,1.8125,0.33333333,0.6462585,6.75,6.676000785827637,0.0739992141723631,6.9435089834034445,sa3019272
Omar Victorino,NYM,"A,CPX",21,22.1,9.671643167701147,10.88059856366379,0.88888889,0.4029851319875478,0.18897638,0.21259843,-0.02362205,0.32291667,2.5970152950308636,0.42253521,0.41254125,11.283583695651338,6.566466204712587,4.717117490938751,6.854618687777677,sa3019273
Yu-Min Lin,ARI,AAA,22,57.1,6.279070324482614,5.180233017698156,1.21212121,0.7848837905603268,0.15037594,0.12406015,0.02631579,0.2826087,1.7093024772202672,0.32432432,0.64893617,5.494186533922287,5.615856804700734,-0.12167027077844672,5.914144982265048,sa3019278
Walin Castillo,MIA,A,21,54.2,7.902438289136348,4.774389799686544,1.65517241,0.8231706551183696,0.2,0.12083333,0.07916667,0.25480769,1.4999998604379179,0.30967742,0.74358974,3.7865850135445003,4.936103365919134,-1.149518352374634,4.8641516240829485,sa3019280
Jonas Uzcategui,MIA,CPX,21,23.0,14.869565217391305,4.695652173913044,3.16666667,0.391304347826087,0.37254902,0.11764706,0.25490196,0.18390805,1.2173913043478262,0.3125,0.50675676,3.9130434782608696,3.346493725154711,0.5665497531061585,3.77909369468689,sa3019281
Luis De León,BAL,AA,23,50.1,11.443709765676513,5.900662847926951,1.93939394,1.430463720709564,0.27467811,0.1416309,0.13304721,0.25628141,1.6688743408278248,0.33858268,0.6097561,6.079470813015647,5.112160638434711,0.9673101745809367,4.0147685884177715,sa3019283
Luis Valdez,KCR,"A,CPX",21,14.2,14.11363330458873,4.2954536144400475,3.28571429,1.227272461268585,0.359375,0.109375,0.25,0.21052632,1.2954542646723954,0.3125,0.67901235,4.2954536144400475,4.313122670118481,-0.017669055678433132,3.753141746431895,sa3019288
Luis Victorino,TOR,A,23,22.1,5.641791847825669,3.6268661878879302,1.55555556,1.2089553959626433,0.12727273,0.08181818,0.04545455,0.31958763,1.791045031055768,0.35,0.52763819,3.6268661878879302,5.985885375123421,-2.3590191872354906,5.9222795175367935,sa3019289
Manuel Rodriguez,MIL,AA,20,63.1,8.526316474217182,1.2789474711325772,6.66666667,2.415789667694868,0.23622047,0.03543307,0.2007874,0.21721311,0.9789474470397506,0.21556886,0.76530612,4.547368786249164,5.727647827021647,-1.1802790407724828,4.595651911975484,sa3019291
Yoan Valdez,DET,"A,CPX",20,16.0,11.249999832361938,8.437499874271454,1.33333333,2.8124999580904846,0.25,0.1875,0.0625,0.27692308,2.0624999692663555,0.325,0.73076923,7.3124998910352605,8.440431719218735,-1.127931828183474,6.122314910526619,sa3019292
Jesus Mendez,CHW,"A,CPX",21,14.1,13.186040662703109,5.023253585791661,2.625,1.2558133964479152,0.28767123,0.10958904,0.17808219,0.30645161,1.8837200946718728,0.43589744,0.69852941,6.906973680463533,5.445574450867036,1.4613992295964975,5.080479195645272,sa3019295
Jhon Cabral,MIA,CPX,20,3.1,8.100008304127623,24.30002491238287,0.33333333,2.700002768042541,0.13636364,0.40909091,-0.27272727,0.23076923,3.6000036907233883,0.22222222,0.37735849,18.900019376297788,14.329112877856485,4.570906498441303,13.010963947654858,sa3019299
Edinzo Marquez,NYY,CPX,21,14.1,9.418606740065893,4.395349812030751,2.14285714,0.627907116004393,0.234375,0.109375,0.125,0.16071429,1.116279317341143,0.2,0.76923077,1.255814232008786,4.617474622143635,-3.361660390134849,5.111503177304769,sa3019300
Aneury Lora,SEA,A,22,28.1,11.117648306190077,3.811765133550883,2.91666667,1.2705883778502944,0.28225806,0.09677419,0.18548387,0.25225225,1.4117648642781049,0.33333333,0.70621469,4.764706416938604,5.292177339573642,-0.5274709226350378,4.672419268542849,sa3019365
Jhancarlos Lara,WSN,AA,23,16.0,12.3749998616986,17.437499805120755,0.70967742,0.5624999937135727,0.23655914,0.33333333,-0.09677419,0.21311475,2.7499999692663555,0.31578947,0.59633028,10.124999886844309,7.717695917593392,2.4073039692509166,8.133333189083668,sa3019367
Manuel Perez,OAK,CPX,20,14.2,11.659088382051559,5.522726075708633,2.11111111,4.2954536144400475,0.25,0.11842105,0.13157895,0.32307692,2.0454541021143084,0.35897436,0.76576577,7.977270998245803,10.681303244583154,-2.7040322463373503,6.3054079975751645,sa3019373
Francis Peña,SDP,AA,25,27.1,12.841464908118935,8.231708274435215,1.56,0.0,0.3046875,0.1953125,0.109375,0.1980198,1.6463416548870429,0.32258065,0.65957447,3.6219516407514947,3.7646916610155006,-0.1427400202640059,4.600299304329914,sa3019374
Alexis Torres,PIT,A+,23,15.2,12.638295307911141,5.170211716872739,2.44444444,0.0,0.31428571,0.12857143,0.18571429,0.23728814,1.4680848084947284,0.37837838,0.72,1.7234039056242465,2.892184387801052,-1.1687804821768055,3.3779500824566746,sa3019375
Anthony Flores,MIL,AA,21,22.2,9.132351660398642,7.544116589024966,1.21052632,1.1911763035302578,0.22115385,0.18269231,0.03846154,0.25,1.7647056348596413,0.31034483,0.67934783,5.955881517651289,5.997461574465392,-0.04158005681410337,5.453136003258033,sa3019377
Adrián Delgado,BAL,"A,CPX",21,14.2,12.886360843320144,16.568178227125898,0.77777778,0.0,0.25301205,0.3253012,-0.07228916,0.20754717,2.590908529344791,0.34375,0.56097561,8.590907228880095,7.2042292017153535,1.3866780271647414,7.503797988348632,sa3019379
Omar Gonzalez,NYY,CPX,20,32.2,9.918365802630085,2.2040812894733524,4.5,1.3775508059208452,0.25714286,0.05714286,0.2,0.21705426,1.1020406447366762,0.26136364,0.6875,4.6836727401308735,4.925020664227818,-0.24134792409694406,4.1207693501901055,sa3019380
Bryan Rivera,MIL,A+,21,15.1,6.456523077700051,7.630436364554606,0.84615385,1.760869930281832,0.13580247,0.16049383,-0.02469136,0.31818182,2.217391764058603,0.34615385,0.59748428,9.391306294836436,7.990554656874429,1.4007516379620073,8.218268955001292,sa3019382
Cesar Lares,MIN,"A+,CPX",22,17.0,9.529411764705882,4.764705882352941,2.0,1.0588235294117647,0.23684211,0.11842105,0.11842105,0.25,1.4705882352941178,0.31818182,0.5952381,5.823529411764706,5.547870440020629,0.2756589717440763,5.1047504521752085,sa3019384
Santiago Suarez,TBR,AA,21,50.0,8.82,1.62,5.44444444,1.98,0.23444976,0.0430622,0.19138756,0.24873096,1.16,0.27737226,0.65789474,5.58,5.2792266082763675,0.3007733917236326,4.161140804886818,sa3019386
Carlos Lagrange,NYY,AAA,23,61.1,11.739131408287662,4.548913420711469,2.58064516,1.4673914260359577,0.29962547,0.11610487,0.1835206,0.20779221,1.2880435850760075,0.26950355,0.74285714,3.9619568502970863,4.824050370236209,-0.8620935199391231,4.352139108710951,sa3019390
Donal Montas,DET,DSL,24,10.1,3.483872039509447,1.7419360197547236,2.0,0.0,0.09090909,0.04545455,0.04545455,0.225,1.0645164565167755,0.25,0.53846154,2.612904029632085,4.97155400463747,-2.358649975005385,5.8109269583132495,sa3019394
Daniel Corniel,MIL,"A+,CPX",21,12.0,6.75,1.5,4.5,1.5,0.2,0.04444444,0.15555556,0.18604651,0.8333333333333334,0.1875,0.83333333,1.5,5.766686669985454,-4.266686669985454,4.492565599083901,sa3019395
Wilmy Sanchez,HOU,"A+,AA",22,25.0,11.159999893569948,6.1199999416351325,1.82352941,0.0,0.28971963,0.1588785,0.13084112,0.2,1.3999999866485597,0.30508475,0.65714286,3.9599999622344972,3.167892360404288,0.7921076018302093,4.230215442495399,sa3019396
Josnaider Orellana,BAL,CPX,21,4.2,3.8571402296745916,7.714280459349183,0.5,0.0,0.07142857,0.14285714,-0.07142857,0.31818182,2.357141251467806,0.35,0.38461538,9.642850574186479,7.129100377220456,2.513750196966023,9.280642595902393,sa3019404
Sean Hermann,SEA,A,23,53.2,9.223601610304401,3.6894406441217606,2.5,0.8385092373004002,0.23404255,0.09361702,0.14042553,0.25961538,1.4161489341073425,0.33108108,0.71621622,4.192546186502001,5.221808175667957,-1.0292619891659562,5.2635542127606,sa3019429
Sabier Marte,NYY,CPX,22,25.0,12.6,5.04,2.5,0.36,0.30701754,0.12280702,0.18421053,0.24242424,1.52,0.36507937,0.53191489,6.12,3.649102420806885,2.470897579193115,4.16184338927269,sa3019431
Nicolas Cruz,LAD,A+,22,27.1,12.512196577141527,4.280488302706312,2.92307692,0.0,0.2992126,0.1023622,0.19685039,0.26851852,1.5365855445612402,0.41428571,0.58333333,4.939024964661129,3.2519535256453227,1.687071439015806,4.0292393205705235,sa3019461
Marco Vega,LAA,"A,CPX",21,17.1,10.38461146843299,3.1153834405298966,3.33333333,0.5192305734216495,0.27777778,0.08333333,0.19444444,0.27272727,1.384614862457732,0.37777778,0.7079646,4.153844587373196,4.288181093489273,-0.13433650611607728,5.180115267448832,sa3019486
Evelio Hernandez,CLE,CPX,22,9.0,10.0,6.0,1.66666667,5.0,0.22222222,0.13333333,0.08888889,0.38461538,2.3333333333333335,0.41666667,0.85714286,9.0,11.817668151855468,-2.817668151855468,6.085456437038051,sa3019487
Juan Nunez,HOU,CPX,22,5.1,6.75000402331592,13.50000804663184,0.5,5.06250301748694,0.13333333,0.26666667,-0.13333333,0.33333333,2.8125016763816335,0.28571429,0.59322034,15.187509052460822,15.004108902815869,0.1834001496449531,8.76737702758587,sa3019504
Hung-Leng Chang,PIT,A+,24,41.1,9.798388302512421,5.661291019229399,1.73076923,2.6129035473366455,0.21428571,0.12380952,0.09047619,0.30409357,1.8870970064097996,0.35087719,0.63342318,9.14516241567826,8.021731804560988,1.1234306111172732,6.318898233456045,sa3019518
Franyer Herrera,NYY,A+,21,49.1,10.398649720748667,5.108108634753731,2.03571429,2.0067569636532516,0.25791855,0.12669683,0.13122172,0.24210526,1.500000154649905,0.28688525,0.74675325,4.560811281030117,6.067285132843557,-1.50647385181344,5.366890736379407,sa3019520
Anthony Cruz,HOU,A+,23,35.2,7.317755965793507,6.308410315339231,1.16,2.271027713522123,0.16384181,0.14124294,0.02259887,0.29530201,1.9345791633706975,0.31531532,0.55555556,8.579438028861354,7.60365712754505,0.9757809013163037,6.563707920287603,sa3019534
Engel Peralta,MIA,CPX,22,12.0,8.25,3.75,2.2,1.5,0.21153846,0.09615385,0.11538462,0.23913043,1.3333333333333333,0.27272727,0.63380282,6.0,5.962435754140218,0.03756424585978202,5.110601338992517,sa3019538
Carlos Espinosa,LAA,AA,24,35.2,10.850465742383477,5.046728252271384,2.15,1.5140184756814155,0.2721519,0.12658228,0.14556962,0.19259259,1.2897194422471316,0.23255814,0.7635468,4.289719014430677,5.369506738212781,-1.079787723782104,4.976666180405367,sa3019549
Dilan Figueredo,LAD,A+,23,31.2,9.66315692468373,3.126315475632971,3.09090909,0.8526314933544467,0.23776224,0.07692308,0.16083916,0.25,1.3578946005274521,0.31868132,0.60747664,4.831578462341865,4.452338664881746,0.3792397974601185,4.786240366090995,sa3019555
Yeri Perez,KCR,A,21,24.0,6.375,12.0,0.53125,1.125,0.13934426,0.26229508,-0.12295082,0.2183908,2.125,0.23880597,0.64257028,6.75,8.201001199086507,-1.451001199086507,7.747396337303023,sa3019566
Cristofer Gomez,NYM,A+,23,25.2,14.727270903244154,5.6103889155215825,2.625,0.0,0.39252336,0.14953271,0.24299065,0.15909091,1.1688310240669963,0.30434783,0.72727273,2.8051944577607912,2.5423639832469305,0.26283047451386077,3.728389409414824,sa3019567
Julio Mendez,MIA,A,21,53.0,12.90566037735849,4.584905660377358,2.81481481,0.8490566037735849,0.33777778,0.12,0.21777778,0.21649485,1.3018867924528301,0.32743363,0.78787879,3.2264150943396226,3.860286633473523,-0.6338715391339003,3.579266995304036,sa3019580
Geury Rodriguez,TEX,A,21,22.1,12.89552422360153,6.850747243788312,1.88235294,0.8059702639750956,0.34408602,0.1827957,0.16129032,0.13333333,1.2089553959626433,0.19512195,0.95238095,1.2089553959626433,4.334085878175481,-3.125130482212837,4.163706238270819,sa3019581
Jose Serrano,HOU,"A,A+",22,37.1,9.883929413040144,6.991072023857663,1.4137931,1.928571592788321,0.21243523,0.15025907,0.06217617,0.27272727,1.9017858762218165,0.32380952,0.51575931,8.678572167547445,7.336294692072084,1.3422774754753615,5.643377310729701,sa3019597
Edinson Salgado,KCR,CPX,21,3.2,12.27271583455734,14.72725900146881,0.83333333,0.0,0.26315789,0.31578947,-0.05263158,0.15384615,2.1818161483657494,0.25,0.625,4.909086333822937,6.999484300221218,-2.0903979663982817,7.405850423507524,sa3019598
Yeiber Cartaya,BAL,A+,23,54.1,10.601227986269334,4.306748869421917,2.46153846,0.4969325618563751,0.27826087,0.11304348,0.16521739,0.18274112,1.1411044012998244,0.25384615,0.78703704,1.9877302474255003,3.7783610018910694,-1.790630754465569,4.671345203500776,sa3019599
Liomar Martinez,MIA,A+,21,52.2,13.499998696242832,5.63923996172169,2.39393939,1.1962024161227827,0.33760684,0.14102564,0.1965812,0.2160804,1.443037835322722,0.31858407,0.60117302,6.151898140060025,4.668594475370102,1.483303664689923,4.487118584388791,sa3019612
Erian Rodriguez,CHC,"AA,CPX",24,23.0,7.826086956521739,7.043478260869565,1.11111111,0.782608695652174,0.16528926,0.14876033,0.01652893,0.28282828,2.0,0.33766234,0.55084746,8.217391304347826,6.18872013942863,2.0286711649191957,7.005102109930094,sa3019625
Athanael Duarte,LAA,A,21,0.1,0.0,27.00026956469727,0.0,27.00026956469727,0.0,0.125,-0.125,0.83333333,18.000179709798182,0.8,0.17857143,162.00161738818363,61.55156986685521,100.45004752132843,37.31140926888114,sa3019630
Eminen Flores,TOR,A+,23,16.2,7.559998558044708,7.019998661041515,1.07692308,0.5399998970031935,0.18918919,0.17567568,0.01351351,0.19672131,1.4999997138977597,0.23913043,0.6779661,4.8599990730287415,5.091417171478324,-0.2314180984495824,5.195826643579636,sa3019632
Jogly García,CLE,A+,22,45.2,8.080291070836081,6.897809450713727,1.17142857,1.5766421601631375,0.1943128,0.16587678,0.02843602,0.22941176,1.6204377757232247,0.25619835,0.58139535,6.897809450713727,7.122257685815059,-0.22444823510133194,7.09352947169316,sa3019633
Davis Polo,ATL,A,21,54.1,10.766872173554793,3.8098163075655425,2.82608696,0.9938651237127502,0.28761062,0.10176991,0.18584071,0.22222222,1.2331289497917457,0.2992126,0.6918239,4.306748869421917,4.2066249761014705,0.10012389332044691,4.187155616023374,sa3019637
Yordy Herrera,STL,"A,CPX",21,18.0,11.0,12.5,0.88,0.5,0.23157895,0.26315789,-0.03157895,0.16666667,2.0,0.23255814,0.59585492,7.0,7.0138292662261446,-0.013829266226144554,7.798996593583809,sa3019643
Ovis Portes,CIN,"A,A+",21,50.2,11.723683474962117,4.7960523306663205,2.44444444,1.065789406814738,0.27385892,0.1120332,0.16182573,0.27962085,1.6973683145568048,0.38129496,0.60794045,6.74999957649334,4.56812971635551,2.18186986013783,4.799883648047819,sa3019644
Luis Germán,SDP,A+,24,19.0,8.052631578947368,9.947368421052632,0.80952381,2.3684210526315788,0.1588785,0.19626168,-0.03738318,0.30952381,2.473684210526316,0.33870968,0.57142857,9.473684210526315,9.210233452445582,0.26345075808073304,8.211948543159584,sa3019658
Alfonso Perez,SFG,DSL,20,4.0,4.5,9.0,0.5,0.0,0.11764706,0.23529412,-0.11764706,0.15384615,1.5,0.18181818,0.83333333,2.25,6.584457111358643,-4.334457111358643,7.451808896660805,sa3019659
Albert Polanco,MIA,CPX,21,0.1,0.0,108.00107825878908,0.0,27.00026956469727,0.0,0.5,-0.5,1.0,24.00023961306424,1.0,0.60606061,108.00107825878908,79.12985121163264,28.871227047156438,44.43259217050869,sa3019660
Wuilliams Rodriguez,SEA,"A,CPX",22,19.1,15.362063818930752,6.98275628133216,2.2,0.931034170844288,0.36666667,0.16666667,0.2,0.18666667,1.4999994974713529,0.3,0.80152672,2.793102512532864,5.053300151041032,-2.2601976385081683,4.79520432243206,sa3019672
Jose Guedez,HOU,"A+,AA",24,32.2,7.438774786309341,4.408162836331461,1.6875,1.653061063624298,0.18,0.10666667,0.07333333,0.25954198,1.530612095948424,0.28571429,0.62780269,5.785713722685043,6.105452537425622,-0.3197388147405791,5.814763616285596,sa3019682
Julio Valdez,CHC,CPX,21,20.0,5.85,6.3,0.92857143,2.25,0.13,0.14,-0.01,0.31707317,2.0,0.328125,0.67567568,8.55,9.46766815185547,-0.9176681518554695,7.856679710000753,sa3019687
Gregori Louis,NYM,A+,23,21.0,12.0,7.285714285714286,1.64705882,0.0,0.28865979,0.17525773,0.11340206,0.21518987,1.619047619047619,0.33333333,0.71428571,3.857142857142857,3.4990738096691314,0.3580690474737258,5.311057324068887,sa3019699
Eudry Alcantara,CLE,A,21,25.1,11.368422479180596,8.881580061859841,1.28,2.131579214846362,0.25396825,0.1984127,0.05555556,0.24242424,1.9342107690272543,0.29508197,0.657277,7.460527251962267,7.367668336316218,0.09285891564604931,5.807316131335907,sa3019701
Eliseo Mota,DET,A,23,33.0,11.727272727272727,4.363636363636363,2.6875,0.5454545454545454,0.31386861,0.11678832,0.19708029,0.17647059,1.121212121212121,0.25675676,0.74585635,3.0,3.5652609044855295,-0.5652609044855295,3.7263586161714612,sa3019718
Michael Perez,MIA,"A,A+,AA",23,38.1,13.852175061779443,4.226087306983558,3.27777778,0.9391305126630131,0.36196319,0.11042945,0.25153374,0.22377622,1.3043479342541848,0.35,0.75431034,3.7565220506520522,3.671823296318696,0.08469875433335616,3.2999159030056284,sa3019721
Braian Salazar,SDP,A+,21,32.1,10.577321251516638,5.567011185008757,1.9,0.8350516777513135,0.26206897,0.13793103,0.12413793,0.22689076,1.4536084760856198,0.30769231,0.73770492,4.731959507257443,5.2151169942940685,-0.48315748703662553,5.925434951382817,sa3019741
Jose Gutierrez,KCR,A,23,60.2,8.604394883007437,2.670329446450584,3.22222222,1.0384614513974493,0.22924901,0.07114625,0.15810277,0.25641026,1.2857141779206513,0.31360947,0.72254335,3.560439261934112,4.145140349002672,-0.5847010870685598,3.986587657650596,sa3019742
Elvin Jimenez,MIA,CPX,21,7.1,11.045459333532218,12.272732592813576,0.9,0.0,0.25,0.27777778,-0.02777778,0.12,1.772728041184183,0.1875,0.64285714,3.6818197778440727,6.174557852942481,-2.4927380750984085,7.34812764401879,sa3019756
Carlos Cauro,HOU,A,21,1.2,0.0,5.399989314100431,0.0,5.399989314100431,0.0,0.11111111,-0.11111111,0.375,2.3999952507113025,0.28571429,1.0,5.399989314100431,13.217648868598385,-7.817659554497954,8.081041663348074,sa3019763
Keduar Trujillo,HOU,"A,A+",22,3.1,0.0,5.4000053429656445,0.0,2.7000026714828222,0.0,0.11111111,-0.11111111,0.4,2.400002374651397,0.35714286,0.52631579,13.50001335741411,10.203660805671383,3.296352551742727,10.616104265990511,sa3019764
Joel Hurtado,LAA,AA,25,64.1,7.554404742337142,2.7979276823470896,2.7,0.9792746888214814,0.20224719,0.07490637,0.12734082,0.218107,1.134715115618542,0.25274725,0.71428571,3.0777204505817988,4.5141489556602,-1.4364285050784016,4.481089470607905,sa3019774
Jesus Colina,CIN,CPX,21,16.2,10.79999794006387,2.159999588012774,5.0,0.5399998970031935,0.28571429,0.05714286,0.22857143,0.21538462,1.079999794006387,0.29545455,0.56818182,2.159999588012774,4.097668289184544,-1.9376687011717704,5.105680705807199,sa3019776
Juan Olmos,ATL,CPX,21,15.1,9.391306294836436,9.978262938263715,0.94117647,0.0,0.20253165,0.21518987,-0.01265823,0.26229508,2.15217435923335,0.35555556,0.5,8.217393007981883,5.563885326962452,2.6535076810194314,6.592884693657787,sa3019778
Daniel Guerra,TOR,A+,22,54.0,12.166666666666666,4.166666666666667,2.92,0.6666666666666666,0.32444444,0.11111111,0.21333333,0.21717172,1.2592592592592593,0.32231405,0.76086957,3.1666666666666665,3.410676705395734,-0.24401003872906735,3.7443017322708063,sa3019786
Bjay Cooke,OAK,"A,CPX",23,18.2,7.71428440055091,2.4107138751721595,3.2,2.4107138751721595,0.20779221,0.06493506,0.14285714,0.19444444,1.017856969517134,0.17647059,0.91666667,3.857142200275455,7.13671466866325,-3.2795724683877947,5.659226222372407,sa3019807
Braulio Salas,MIA,"A,A+",21,38.1,9.626088233760434,4.226087517260678,2.27777778,0.4695652796956309,0.25465839,0.11180124,0.14285714,0.20567376,1.2260871192052585,0.2755102,0.62770563,3.756522237565047,3.8618615261286786,-0.1053392885636315,4.828169343009776,sa3019820
Dale Stanavich,SFG,"AA,CPX",27,18.2,10.125003513216063,4.339287219949741,2.33333333,0.9642860488777203,0.27272727,0.11688312,0.15584416,0.23529412,1.3392861789968338,0.31111111,0.72072072,3.857144195510881,4.2414328032045745,-0.38428860769369333,4.355723541958315,sa3019833
Dylan Phillips,LAA,"A+,AAA",27,39.2,10.890755429728257,3.8571425480287576,2.82352941,1.1344536905966935,0.28402367,0.10059172,0.18343195,0.25165563,1.386554510729292,0.33673469,0.81632653,3.4033610717900804,4.343446814751075,-0.9400857429609943,4.076586673752061,sa3019862
Alexis Liebano,ARI,A,23,27.2,10.734938525586125,3.578312841862042,3.0,1.301204669768015,0.25384615,0.08461538,0.16923077,0.31355932,1.734939559690687,0.40740741,0.71428571,4.879517511630057,5.346181417352535,-0.46666390572247796,5.067154132469207,sa3019885
Kevin Kilpatrick Jr.,ATL,AA,25,2.0,9.0,4.5,2.0,4.5,0.2,0.1,0.1,0.33333333,2.0,0.33333333,0.38461538,13.5,9.659226608276366,3.8407733917236335,5.825421807169914,sa3019891
Ian Mejia,ATL,"A+,AA",26,31.1,8.042551559579817,6.0319136696848625,1.33333333,3.1595738269777853,0.17834395,0.13375796,0.04458599,0.29545455,1.9148932284713849,0.30107527,0.61728395,8.90425351239194,8.807339700623686,0.09691381176825331,6.503803121060237,sa3019911
Cade Fergus,PHI,AAA,25,1.0,0.0,0.0,0.0,0.0,0.0,0.0,0.0,0.4,2.0,0.4,0.5,9.0,3.552311134338379,5.447688865661621,5.423720610141754,sa3019919
Roman Phansalkar,LAA,AA,28,0.1,0.0,162.00161738818363,0.0,0.0,0.0,0.6,-0.6,0.5,21.00020966143121,0.5,0.55555556,108.00107825878908,75.6599454474691,32.34113281131998,80.99238908318964,sa3019949
Evan Taylor,CHC,AA,26,31.0,13.064516129032258,5.516129032258065,2.36842105,0.2903225806451613,0.32846715,0.13868613,0.18978102,0.20689655,1.3870967741935485,0.32857143,0.77981651,2.6129032258064515,3.207613705050561,-0.5947104792441094,3.9923470206799045,sa3019950
Jared Southard,LAA,AAA,25,40.1,7.809918340247079,4.2396699561341284,1.84210526,0.8925620960282376,0.19125683,0.10382514,0.08743169,0.27672956,1.5619836680494157,0.33333333,0.75320513,4.685951004148247,5.332606781585081,-0.646655777436834,5.342658982551398,sa3019951
Cameron Wagoner,MIL,AA,25,18.1,12.76363857679169,1.9636367041217984,6.5,0.9818183520608992,0.35616438,0.05479452,0.30136986,0.15625,0.763636496047366,0.22222222,0.98765432,1.4727275280913488,3.7137720722797507,-2.241044544188402,3.6529259811660375,sa3019952
Max Gieg,LAA,A+,25,29.2,11.831459406364162,11.224717898345487,1.05405405,1.21348301603735,0.25,0.23717949,0.01282051,0.23684211,2.1573031396219555,0.32394366,0.63091483,8.797751866270787,7.0222036017957805,1.775548264475006,6.697865035171178,sa3019954
Jordan Geber,NYM,"AA,AAA",26,37.1,7.473212583504092,6.508927088858403,1.14814815,1.2053568683071116,0.17919075,0.15606936,0.02312139,0.27972028,1.7946424483683663,0.3271028,0.6984127,5.303570220551292,6.052835291401543,-0.7492650708502513,6.572040620026834,sa3019958
Aneudis Mejia,TEX,"A,A+",22,28.0,8.35714289272318,4.17857144636159,2.0,1.6071428639852272,0.19847328,0.09923664,0.09923664,0.28448276,1.6428571498515654,0.32941176,0.46341463,7.071428601535,5.687984260135455,1.383444341399545,5.102905741733821,sa3019960
Nick Merkel,MIL,AA,27,15.2,8.042551559579817,3.446807811248493,2.33333333,1.148935937082831,0.19444444,0.08333333,0.11111111,0.33846154,1.787233679906626,0.40816327,0.45801527,9.191487496662647,4.871992319641578,4.31949517702107,4.5738792902048235,sa3019962
Andrew Jenkins,DET,AA,25,2.2,0.0,3.374995674943506,0.0,3.374995674943506,0.0,0.07692308,-0.07692308,0.33333333,1.8749975971908366,0.27272727,0.55555556,10.124987024830519,9.562483918676694,0.5625031061538248,7.500829199000703,sa3019979
Blake Rambusch,SEA,AA,26,1.0,0.0,9.0,0.0,0.0,0.0,0.2,-0.2,0.5,3.0,0.5,0.33333333,9.0,6.654935550689697,2.3450644493103026,8.558263850212096,sa3020008
Tanner Schobel,MIN,AAA,25,4.0,0.0,4.5,0.0,0.0,0.0,0.11111111,-0.11111111,0.26666667,1.5,0.26666667,0.57142857,4.5,5.802311134338379,-1.302311134338379,8.609425348043441,sa3020009
Jake Garland,OAK,"A+,AA",25,29.0,6.827586206896552,3.103448275862069,2.2,0.6206896551724138,0.17054264,0.07751938,0.09302326,0.25862069,1.3793103448275863,0.30434783,0.77114428,2.793103448275862,4.486527309433073,-1.6934238611572106,5.442914707491043,sa3020077
John Michael Bertrand,SFG,AAA,28,63.2,6.219894791057264,4.240837357539044,1.46666667,0.8481674715078087,0.15172414,0.10344828,0.04827586,0.28185328,1.6178009178760056,0.32057416,0.69037657,4.806282338544249,5.297428454860283,-0.4911461163160338,5.636229478635322,sa3020082
Michael Sansone,BOS,"AA,AAA",26,55.0,7.854545182157163,3.272727159232151,2.4,1.6363635796160756,0.21333333,0.08888889,0.12444445,0.24019608,1.2545454110389913,0.26712329,0.67857143,5.072727096809834,5.320081325251112,-0.24735422844127797,4.965919854483708,sa3020083
Jorel Ortega,MIN,AA,25,1.0,0.0,0.0,0.0,0.0,0.0,0.0,0.0,0.33333333,1.0,0.33333333,1.0,0.0,3.6549355506896974,-3.6549355506896974,5.558263850212097,sa3020090
Brett Gillis,HOU,AA,26,55.2,7.437125068972918,3.556885902552265,2.09090909,0.8083831596709694,0.19742489,0.0944206,0.10300429,0.21153846,1.1856286341840885,0.24840764,0.67741935,3.880239166420653,4.517210921005399,-0.6369717545847458,4.99073947133925,sa3020110
Jacob Miller,MIA,AA,22,42.2,7.593749094754565,3.5859370725229893,2.11764706,1.265624849125761,0.19459459,0.09189189,0.1027027,0.21556886,1.2421873519197282,0.24,0.61403509,4.640624446794456,5.0654764406383235,-0.42485199384386707,4.987042049262322,sa3020111
Adonys Perez,ARI,"A+,AA",22,34.1,7.33980650483349,2.3592235194107647,3.11111111,1.5728156796071766,0.2,0.06428571,0.13571429,0.22307692,1.106796218982828,0.23958333,0.78431373,3.9320391990179413,5.167107852981198,-1.235068653963257,4.091846931222989,sa3020114
Trey Faltine,CIN,AAA,25,0.1,0.0,81.00080869409182,0.0,0.0,0.0,0.6,-0.6,0.5,12.00011980653212,0.5,0.5,54.00053912939454,30.552580699035648,23.44795843035889,30.552580699035648,sa3020118
Sammy Hernandez,STL,A+,22,0.1,0.0,0.0,0.0,0.0,0.0,0.0,0.0,0.0,0.0,0.0,1.0,0.0,3.947075557708741,-3.947075557708741,3.947075557708741,sa3020141
Billy Corcoran,ARI,"A+,AA",26,24.2,9.486485263916574,5.108107449801232,1.85714286,2.554053724900616,0.2300885,0.12389381,0.10619469,0.30612245,1.7837835538988431,0.35384615,0.73863636,6.932431539015958,7.059532303666442,-0.1271007646504838,5.2919966631300746,sa3020172
Blake Adams,COL,"AA,AAA",25,50.0,8.1,2.52,3.21428571,1.44,0.20642202,0.06422018,0.14220184,0.26237624,1.34,0.30201342,0.53633218,5.58,4.998001621962994,0.5819983780370057,5.091447451712101,sa3020174
Ben Sears,KCR,"AA,AAA",26,41.2,7.992001631058072,3.240000661239759,2.46666667,1.080000220413253,0.20441989,0.08287293,0.12154696,0.26993865,1.416000288986265,0.32231405,0.74545455,4.536000925735663,4.640521301318431,-0.10452037558276839,4.79260913667495,sa3020178
Ike Buxton,WSN,CPX,25,5.0,9.0,5.4,1.66666667,0.0,0.22727273,0.13636364,0.09090909,0.15789474,1.2,0.21428571,0.66666667,0.0,3.9291024208068848,-3.9291024208068848,4.789719894528389,sa3020180
Grant Kipp,CHC,AA,26,51.1,10.519481561782793,2.8051950831420784,3.75,0.8766234634818995,0.27906977,0.0744186,0.20465116,0.21938776,1.1493507632318238,0.29007634,0.69090909,4.032467932016737,3.698187651097785,0.33428028091895223,4.1632495146408734,sa3020185
Mario Camilletti,CHW,AAA,27,1.0,0.0,18.0,0.0,0.0,0.0,0.2,-0.2,0.57142857,6.0,0.57142857,0.42857143,36.0,12.552311134338378,23.447688865661622,16.29513008594513,sa3020192
Brenner Cox,WSN,CPX,22,5.2,9.529406418852851,6.352937612568568,1.5,0.0,0.25,0.16666667,0.08333333,0.25,1.588234403142142,0.35714286,0.66666667,3.176468806284284,4.129102420806885,-0.9526336145226009,5.141592998369679,sa3020217
Isaac Coffey,BOS,"AA,AAA",26,23.2,9.50704097653228,3.422534751551621,2.77777778,1.1408449171838737,0.23148148,0.08333333,0.14814815,0.26315789,1.436619525342656,0.32835821,0.79881657,4.183098029674204,4.73799053169581,-0.5548925020216062,5.3842913672816275,sa3020222
Ramon Suarez,TOR,"A,CPX",22,16.1,12.673471854360123,8.816328246511391,1.4375,2.204082061627848,0.2875,0.2,0.0875,0.22580645,1.8367350513565397,0.28571429,0.60606061,7.163266700290505,7.631051883692216,-0.4677851834017108,5.829032777113077,sa3020237
Easton Sikorski,CIN,AA,26,19.0,7.578947368421052,1.894736842105263,4.0,1.894736842105263,0.20253165,0.05063291,0.15189873,0.24324324,1.1578947368421053,0.25925926,0.74712644,4.7368421052631575,5.501331871434262,-0.7644897661711045,4.729054649566349,sa3020250
Roel Garcia III,TBR,AA,27,25.0,5.4,4.68,1.15384615,1.08,0.13157895,0.11403509,0.01754386,0.25,1.52,0.26829268,0.40229885,8.28,5.699226608276367,2.580773391723632,6.983168153762818,sa3020253
Liam Simon,SFG,A+,25,21.1,16.453127451707044,8.859376320149947,1.85714286,0.8437501257285663,0.35135135,0.18918919,0.16216216,0.25581395,2.015625300351575,0.44444444,0.67873303,5.9062508800999645,4.729542606789643,1.1767082733103216,4.6335780804005475,sa3020256
Devereaux Harrison,TOR,AAA,25,34.2,6.749999009646047,4.413460890922416,1.52941176,0.7788460395745439,0.17687075,0.11564626,0.06122449,0.21538462,1.29807673262424,0.24752475,0.51470588,5.711537623546656,4.648464819665515,1.0630728038811412,5.5748173783825,sa3020259
Murphy Stehly,MIN,AA,27,1.0,0.0,0.0,0.0,0.0,0.0,0.0,0.0,0.57142857,4.0,0.57142857,0.25,27.0,3.6549355506896974,23.345064449310303,9.364920449256896,sa3020276
Marquis Grissom Jr.,WSN,AA,24,14.2,7.977270998245803,5.522726075708633,1.44444444,1.8409086919028776,0.18571429,0.12857143,0.05714286,0.23333333,1.5681814782876364,0.25,0.55555556,5.522726075708633,6.4943091540298585,-0.9715830783212258,6.648560849819565,sa3020312
Alex Williams,MIA,AA,26,56.1,8.147929729748764,3.5147932167543687,2.31818182,1.4378699523086054,0.20564516,0.08870968,0.11693548,0.25675676,1.4023669905232077,0.2962963,0.59659091,5.7514798092344215,5.310114331297359,0.4413654779370626,4.716163678238339,sa3020314
Cedric De Grandpre,ATL,"A+,AA",24,56.1,12.940829160008079,4.15384639703963,3.11538462,1.1183432607414387,0.3266129,0.10483871,0.22177419,0.24311927,1.402366946009106,0.35384615,0.6147541,5.591716303707194,3.933126470135294,1.6585898335719005,3.3647251953256077,sa3020315
Daniel Harper,PHI,"AA,AAA",27,20.0,9.0,7.2,1.25,0.45,0.21978022,0.17582418,0.04395604,0.21333333,1.6,0.27777778,0.58823529,4.95,4.607062020273133,0.3429379797268668,5.642783847571536,sa3020316
Chance Huff,WSN,AA,26,29.1,10.125001097267443,7.3636371616490495,1.375,0.9204546452061312,0.23404255,0.17021277,0.06382979,0.28205128,1.943182028768499,0.37037037,0.56818182,7.67045537671776,5.096582683009568,2.573872693708192,4.598252044869872,sa3020317
Andrew Walling,PHI,AAA,26,10.1,13.935488158037789,13.064520148160426,1.06666667,1.7419360197547236,0.27586207,0.25862069,0.01724138,0.30232558,2.709678252951792,0.44,0.67460317,9.58064810865098,7.326505843806946,2.2541422648440337,5.534792831630614,sa3020319
Cy Nielson,PIT,AA,25,31.2,8.810525431329282,5.6842099556963115,1.55,0.28421049778481555,0.21527778,0.13888889,0.07638889,0.2601626,1.6421050983122676,0.34065934,0.69767442,4.547367964557049,4.004596826442396,0.5427711381146532,4.541722713848806,sa3020321
Bryce Hubbart,CIN,"A,AA,AAA",25,20.2,9.145164156463371,1.741936029802547,5.25,0.8709680149012735,0.2625,0.05,0.2125,0.21052632,0.9677422387791929,0.26415094,0.52325581,4.354840074506368,3.475784113662585,0.8790559608437825,4.088226154568523,sa3020323
Marcus Johnson,TBR,"AA,AAA",25,14.1,4.395349812030751,3.7674426960263574,1.16666667,1.255814232008786,0.10769231,0.09230769,0.01538462,0.28813559,1.6046515186778931,0.3,0.74257426,5.023256928035144,5.652794075119316,-0.6295371470841724,5.6667289150410545,sa3020324
Wilian Bormie,TEX,"AA,AAA",25,30.2,12.032611190259185,3.521739860563664,3.41666667,0.5869566434272773,0.32283465,0.09448819,0.22834646,0.19469027,1.1086958820293016,0.28571429,0.84337349,2.0543482519954708,3.2573403178071407,-1.20299206581167,3.8166000920276018,sa3020327
Owen Murphy,ATL,"AA,AAA",22,69.1,10.38461414667291,4.543268689169398,2.28571429,1.5576921220009365,0.27118644,0.11864407,0.15254237,0.22568093,1.3413459939452508,0.27878788,0.71969697,4.8028840428362205,5.170718443350447,-0.36783440051422645,4.908494942186547,sa3020330
Livan Reinoso,MIA,AA,27,23.0,10.956521739130435,5.869565217391305,1.86666667,1.565217391304348,0.25688073,0.13761468,0.11926606,0.26136364,1.6521739130434783,0.33928571,0.703125,5.478260869565218,6.224443999580715,-0.7461831300154973,5.663756880034571,sa3020331
Yoendris Gonzalez,CHC,"A,CPX",23,12.0,12.0,2.25,5.33333333,0.75,0.35555556,0.06666667,0.28888889,0.12820513,0.6666666666666666,0.18181818,0.9375,1.5,4.201001675923742,-2.7010016759237416,4.108420308182713,sa3020334
Braden Nett,OAK,AAA,24,9.1,11.571432512634997,14.464290640793745,0.8,0.9642860427195831,0.23529412,0.29411765,-0.05882353,0.19444444,2.3571436599812032,0.26086957,0.63106796,8.678574384476248,7.636622021150039,1.0419523633262084,8.11538785283028,sa3020336
Michael Walsh,PIT,"A,AA,CPX",25,17.0,9.529411898352285,2.11764708852273,4.5,0.5294117721306825,0.26086957,0.05797101,0.20289855,0.23076923,1.1176470744981075,0.30434783,0.625,4.23529417704546,2.984956410025302,1.2503377670201576,3.8569373545217784,sa3020337
Juanmi Vasquez,TOR,A+,22,28.1,13.976472156353239,5.717647700326325,2.44444444,0.9529412833877208,0.33082707,0.13533835,0.19548872,0.26315789,1.694117837133726,0.40298507,0.625,5.4000006058637515,3.989423683654351,1.4105769222094007,4.101018324936729,sa3020344
Caleb Farmer,WSN,AA,26,1.0,0.0,0.0,0.0,0.0,0.0,0.0,0.0,0.0,0.0,0.0,1.0,0.0,3.562491607666016,-3.562491607666016,5.438053366541863,sa3020354
Jaycob Deese,PIT,"A+,AA",26,29.1,8.590910021923891,4.909091441099366,1.75,1.534091075343552,0.19047619,0.10884354,0.08163265,0.3359375,2.0113638543393235,0.4,0.52727273,9.204546452061312,5.814661417459337,3.389885034601974,4.942405113873266,sa3020376
Kyle Luckham,WSN,AA,26,68.2,7.470874893169943,2.883495572802434,2.59090909,0.786407883491573,0.17484663,0.06748466,0.10736196,0.30434783,1.645631311750884,0.36016949,0.66605839,5.373787203859082,4.21783151057566,1.1559556932834214,4.311039473161682,sa3020378
Blake Burkhalter,ATL,"A+,AA,CPX",25,7.1,13.500006291002258,1.2272732991820234,11.0,1.2272732991820234,0.34375,0.03125,0.3125,0.32258065,1.5000006990002508,0.47368421,0.625,1.2272732991820234,2.8697103765964727,-1.6424370774144492,2.572731604014904,sa3020382
Drew McDaniel,CHW,A+,25,49.2,7.610737475633304,4.348992843219031,1.75,1.6308723162071366,0.2,0.11428571,0.08571429,0.22162162,1.308724698190912,0.23880597,0.76779026,4.348992843219031,5.7688083265167425,-1.419815483297712,5.634911615939139,sa3020384
Carlos Torres,COL,AA,25,35.2,7.822428791020646,1.7663548882949847,4.42857143,1.5140184756814155,0.21232877,0.04794521,0.16438356,0.23913043,1.1214951671714188,0.26732673,0.9202454,2.7757005387492617,4.683986774837434,-1.9082862360881725,3.6539595954241015,sa3020387
Mason Adams,CHW,"A+,AAA,CPX",26,22.0,9.409090909090908,1.2272727272727273,7.66666667,1.2272727272727273,0.26744186,0.03488372,0.23255814,0.25925926,1.0909090909090908,0.32727273,0.87155963,2.8636363636363638,4.051980339397084,-1.1883439757607204,2.9668504247611223,sa3020388
Shane Murphy,CHW,"AA,AAA",25,75.0,6.479999835205082,1.9199999511718762,3.375,1.9199999511718762,0.16770186,0.04968944,0.11801242,0.28712871,1.3733332984076614,0.30472103,0.6937799,5.27999986572266,5.687460238647253,-0.4074603729245929,4.89516552845094,sa3020389
Micah Dallas,OAK,AA,26,24.1,9.616439612459105,2.958904496141263,3.25,1.4794522480706316,0.2300885,0.07079646,0.15929204,0.29807692,1.602739935409851,0.36486486,0.72674419,3.698630620176579,4.764524736742671,-1.065894116566092,4.739450654854854,sa3020391
Dylan Ray,ARI,AAA,25,41.1,7.40322671745383,3.701613358726915,2.0,1.5241937359463766,0.18378378,0.09189189,0.09189189,0.28742515,1.572580838674833,0.32539683,0.6405694,5.661291019229399,5.856667092588297,-0.19537607335889806,5.68365179598878,sa3020392
Joe Miller,DET,AA,26,45.0,9.8,4.8,2.04166667,0.6,0.245,0.12,0.125,0.24712644,1.488888888888889,0.32786885,0.74074074,3.8,3.984713829888238,-0.18471382988823803,4.535138269927767,sa3020393
Chris Campos,LAD,"AAA,CPX",25,7.2,10.565213010533785,4.695650226903904,2.25,1.173912556725976,0.23684211,0.10526316,0.13157895,0.35294118,2.0869556564017353,0.45833333,0.54794521,7.043475340355856,5.121738260528472,1.921737079827384,5.6710826575858615,sa3020396
Trevin Michael,DET,AA,28,31.1,10.627660652694363,6.031915505583287,1.76190476,0.0,0.27819549,0.15789474,0.12030075,0.14018692,1.1489362867777688,0.21428571,0.82926829,1.4361703584722112,3.6901511950857677,-2.2539808366135565,5.5457603575530205,sa3020400
Spencer Giesting,ARI,"AAA,CPX",24,17.2,13.754722116766946,1.5283024574185495,9.0,1.0188683049456997,0.375,0.04166667,0.33333333,0.23188406,1.0754720996649052,0.35,0.67901235,3.566039067309949,3.073745118494614,0.4922939488153353,2.887463357197486,sa3020402
Tyler Vogel,SFG,AA,25,26.2,11.137498672306696,6.412499235570522,1.73684211,0.6749999195337392,0.28205128,0.16239316,0.11965812,0.17525773,1.3499998390674783,0.24193548,0.87719298,1.6874997988343479,4.312491518259059,-2.6249917194247114,4.322161440516134,sa3020406
Jack Choate,SFG,AA,25,27.0,11.0,7.333333333333333,1.5,0.3333333333333333,0.3,0.2,0.1,0.18604651,1.4074074074074074,0.28846154,0.82901554,2.0,4.266195311369719,-2.266195311369719,4.8266925848192646,sa3020407
Jake Miller,DET,"A,A+,CPX",25,11.2,10.028568491060767,1.5428566909324257,6.5,0.0,0.28888889,0.04444444,0.24444444,0.20930233,0.9428568666809268,0.3,0.90909091,0.7714283454662129,2.188683778476726,-1.4172554330105132,3.350099512276479,sa3020408
Jake Christianson,MIA,"A+,AA",26,9.2,9.310341536220303,2.793102460866091,3.33333333,0.9310341536220303,0.25,0.075,0.175,0.18918919,1.034482392913367,0.23076923,0.69767442,3.7241366144881214,4.044787888862881,-0.32065127437476004,4.533661419250252,sa3020410
Gregori Ramirez,ARI,"A,CPX",21,18.1,10.799996184437106,7.3636337621162085,1.46666667,1.4727267524232417,0.22916667,0.15625,0.07291667,0.26315789,1.9090902346227208,0.33333333,0.39106145,11.29090510191152,7.793424564748056,3.4974805371634634,7.551801309022913,sa3020412
Joseph Menefee,CIN,AA,26,12.2,12.789470474476444,13.499996611947358,0.94736842,1.421052274941827,0.24,0.25333333,-0.01333333,0.32142857,2.9210518984915335,0.44444444,0.70175439,9.236839787121877,7.369751992846694,1.8670877942751831,6.860707235748987,sa3020443
D.J. Carpenter,STL,"A+,AA",26,25.0,10.08,5.04,2.0,1.8,0.23140496,0.11570248,0.11570248,0.28301887,1.76,0.34246575,0.57894737,6.48,5.990219554901123,0.4897804450988774,5.0934576803445815,sa3020444
Brody Jessee,CIN,"A+,AA",25,23.1,11.571425418465363,5.785712709232682,2.0,1.5428567224620486,0.29126214,0.14563107,0.14563107,0.22093023,1.4571424601030458,0.28846154,0.82236842,4.242855986770634,5.658344103896816,-1.4154881171261824,5.103274027756842,sa3020447
David Davalillo,TEX,"AA,AAA",25,44.2,10.679105997670018,5.843284413819443,1.82758621,1.2089553959626433,0.24651163,0.13488372,0.11162791,0.28813559,1.791045031055768,0.38135593,0.71960298,5.641791847825669,5.742137297984409,-0.10034545015874041,5.655371279514966,sa3020448
Hunter Hayes,STL,AA,25,27.0,6.666666666666667,6.666666666666667,1.0,1.6666666666666667,0.14492754,0.14492754,0.0,0.34745763,2.259259259259259,0.38709677,0.72222222,7.333333333333333,6.803083698837845,0.5302496344954877,6.862953716737253,sa3020450
Carson Skipper,COL,"AAA,CPX",26,11.1,6.352942958423098,7.147060828225985,0.88888889,3.176471479211549,0.11940299,0.13432836,-0.01492537,0.43103448,3.000000841477574,0.45652174,0.66901408,11.11765017724042,9.625286203699272,1.4923639735411491,8.11972335323438,sa3020451
Johnathan Harmon,CIN,AA,25,70.0,7.2,3.2142857142857144,2.24,1.542857142857143,0.19512195,0.08710801,0.10801394,0.24710425,1.2714285714285714,0.27225131,0.78457447,4.242857142857143,5.487798036847796,-1.2449408939906528,4.90972839806761,sa3020452
Nolan DeVos,HOU,A+,25,46.0,10.76086956521739,4.891304347826087,2.2,1.9565217391304348,0.24663677,0.11210762,0.13452915,0.28717949,1.7608695652173914,0.35384615,0.54285714,7.043478260869565,5.855181470124618,1.188296790744947,4.807595723932204,sa3020453
Caleb Bolden,BOS,AA,27,38.2,10.24137796318081,2.5603444907952024,4.0,0.46551718014458227,0.27672956,0.06918239,0.20754717,0.24137931,1.1896550159250436,0.33333333,0.64935065,3.956896031228949,3.045250296394258,0.9116457348346914,3.2459428129198695,sa3020463
Chazz Martinez,KCR,AAA,26,10.2,11.812496479601718,8.437497485429798,1.4,0.0,0.28,0.2,0.08,0.25,1.8749994412066218,0.38461538,0.55,7.593747736886818,3.7398110784590415,3.8539366584277763,5.318812353089089,sa3020468
Derek Diamond,PIT,"A,AA,AAA,CPX",25,19.1,10.241380994300348,0.9310346358454862,11.0,0.9310346358454862,0.2972973,0.02702703,0.27027027,0.1971831,0.8275863429737655,0.25531915,0.84507042,1.8620692716909724,3.1621904405855816,-1.3001211688946093,3.4521297633349697,sa3020470
Dylan Tebrake,WSN,"A,CPX",26,3.0,15.0,0.0,5.0,0.0,0.41666667,0.0,0.41666667,0.25,1.0,0.42857143,1.0,0.0,0.6252909024556481,-0.6252909024556481,2.5679705510536834,sa3020477
Dalton Rogers,BOS,"AA,CPX",25,31.1,7.75531996525546,6.606383674106502,1.17391304,0.5744681455744785,0.2,0.17037037,0.02962963,0.18018018,1.3723405699834763,0.2195122,0.80097087,2.0106385095106747,4.990858115954251,-2.980219606443576,6.108235024128831,sa3020479
Davison Palermo,COL,AA,26,31.1,9.765958437611037,5.457447362194403,1.78947368,1.1489362867777688,0.23448276,0.13103448,0.10344828,0.29032258,1.7553193270215914,0.37209302,0.54474708,7.75531993574994,5.062491759848103,2.6928281759018367,5.378243006017756,sa3020480
Jared Lyons,CIN,"AA,AAA",25,46.0,9.000000373176922,1.9565218202558525,4.6,1.5652174562046821,0.23589744,0.05128205,0.18461538,0.24043716,1.1739130921535115,0.27906977,0.625,4.108695822537291,4.687209908158849,-0.578514085621558,4.177417104978411,sa3020483
Blaze Pontes,OAK,"A+,AA",26,20.2,3.4838720797007414,6.5322601494388906,0.53333333,0.0,0.08695652,0.16304348,-0.07608696,0.27272727,1.7419360398503707,0.30434783,0.58333333,6.096776139476297,5.105281127716889,0.9914950117594081,6.381777074032545,sa3020486
Stefan Raeth,SEA,AA,25,20.1,7.0819683203100485,4.42623020019378,1.6,1.3278690600581342,0.17977528,0.11235955,0.06741573,0.28205128,1.5737707378466774,0.3220339,0.72916667,5.311476240232537,5.622148972998044,-0.3106727327655072,5.295423401846316,sa3020487
Alex Amalfi,TOR,AA,25,48.2,10.171231813693968,3.5136982629124613,2.89473684,1.6643833876953764,0.26570048,0.09178744,0.17391304,0.2311828,1.2739724695939918,0.27868852,0.56420233,6.287670575738089,5.000847621723748,1.2868229540143403,4.33099041398025,sa3020489
Jack Dallas,PHI,AA,27,30.2,8.217390452531063,1.4673911522376897,5.6,1.1739129217901518,0.2295082,0.04098361,0.18852459,0.22807018,1.0108694604304085,0.26829268,0.70422535,4.108695226265532,4.214665453104989,-0.10597022683945756,5.026557720484567,sa3020490
Jacob Edwards,CIN,A+,25,35.2,8.074765203634215,2.523364126135692,3.2,0.2523364126135692,0.22695035,0.07092199,0.15602837,0.20610687,1.0373830296335624,0.26530612,0.73033708,1.261682063067846,3.358290594943746,-2.0966085318759,3.98659934912993,sa3020491
Abraham Gaitan,CIN,A,22,33.0,7.090909090909091,2.727272727272727,2.6,0.8181818181818182,0.17218543,0.06622517,0.10596027,0.2826087,1.4848484848484849,0.33027523,0.43933054,8.181818181818182,4.534957874182499,3.6468603076356825,5.678132116297881,sa3020492
Max Alba,DET,"A,A+,AA",26,40.1,8.92562053819298,2.45454564800307,3.63636364,0.8925620538192981,0.22988506,0.06321839,0.16666667,0.28834356,1.4380166422644247,0.36134454,0.66793893,4.90909129600614,3.7440487780428877,1.165042517963252,4.229953508650423,sa3020525
Michael Prosecky,COL,"AA,CPX",25,9.0,2.0,3.0,0.66666667,0.0,0.05405405,0.08108108,-0.02702703,0.25,1.2222222222222223,0.26666667,0.84615385,2.0,5.2031060112847225,-3.2031060112847225,6.533359184364478,sa3020526
Caleb Franzen,SEA,CPX,25,2.0,13.5,0.0,3.0,0.0,0.33333333,0.0,0.33333333,0.44444444,2.0,0.66666667,0.75,4.5,1.817668151855469,2.682331848144531,3.307678659260273,sa3020531
Carter Young,BAL,AA,25,0.1,0.0,0.0,0.0,0.0,0.0,0.0,0.0,0.0,0.0,0.0,1.0,0.0,3.5624916076660162,-3.5624916076660162,9.189233060431084,sa3020534
Trace Bright,BAL,"AA,AAA",25,60.2,10.38461484046481,5.192307420232405,2.0,1.6318680463587558,0.25735294,0.12867647,0.12867647,0.26694915,1.6153845307389705,0.33548387,0.62200957,6.824175466591161,5.385281631826567,1.4388938347645936,5.219194593199505,sa3020558
Brady Hill,WSN,A+,25,27.1,10.536586591277075,4.939024964661129,2.13333333,0.9878049929322258,0.28828829,0.13513514,0.15315315,0.17894737,1.1707318434752305,0.23333333,0.72916667,2.9634149787966773,4.435775417405049,-1.4723604386083715,4.679506588295575,sa3020559
C.J. Culpepper,MIN,"AA,AAA",24,44.2,10.074628299688696,3.8283587538817043,2.63157895,0.6044776979813217,0.26315789,0.1,0.16315789,0.23076923,1.2985076475154318,0.31034483,0.73476703,3.2238810559003825,3.648399468290432,-0.4245184123900496,4.172165718422701,sa3020563
Preston Johnson,MIN,AA,26,20.2,11.322578903539888,3.483870431858427,3.25,0.8709676079646067,0.27659574,0.08510638,0.19148936,0.29411765,1.5967739479351124,0.40350877,0.64102564,6.096773255752248,3.703322640021064,2.3934506157311835,4.379285162979616,sa3020565
Jonathan Brand,TEX,AA,26,32.2,11.020406447366762,4.959182901315042,2.22222222,0.5510203223683381,0.3030303,0.13636364,0.16666667,0.22123894,1.3163263256576965,0.32394366,0.75242718,2.479591450657521,3.7467722710844207,-1.2671808204268995,3.9413614578849003,sa3020567
Ian Koenig,SDP,AA,25,66.2,7.425001132965261,2.8350004325867357,2.61904762,1.3500002059936838,0.19434629,0.07420495,0.12014134,0.22834646,1.185000180816678,0.25396825,0.69863014,3.6450005561829464,5.259935795593299,-1.6149352394103529,5.3655303751899455,sa3020568
Jared Beck,WSN,A,25,26.1,11.278482374177084,13.670887726275254,0.825,0.6835443863137627,0.23571429,0.28571429,-0.05,0.19318182,2.164557223326915,0.28301887,0.70996979,6.151899476823864,8.02273168866409,-1.8708322118402254,7.822042989768574,sa3020571
Adam Tulloch,CLE,"A+,AA",25,19.0,9.473684210526315,6.631578947368421,1.42857143,0.47368421052631576,0.25316456,0.17721519,0.07594937,0.0952381,1.0526315789473684,0.11904762,0.82524272,0.0,4.708237286617882,-4.708237286617882,5.3017754556317085,sa3020588
Brandon White,MIA,"AA,AAA",26,57.2,10.924854889089392,1.5606935555841988,7.0,1.404624200025779,0.29288703,0.041841,0.25104603,0.25110132,1.1618496469349036,0.32432432,0.63829787,4.838150022311017,3.838927488017421,0.9992225342935956,3.453553240044704,sa3020589
Eric Adler,CHW,AA,25,7.1,4.90909303712543,11.045459333532218,0.44444444,6.136366296406788,0.07692308,0.17307692,-0.09615385,0.52380952,4.227274559746898,0.51515152,0.52,23.318191926345794,15.522868114662824,7.7953238116829695,9.32542426340045,sa3020592
Brody McCullough,CHC,CPX,26,2.0,9.0,9.0,1.0,0.0,0.16666667,0.16666667,0.0,0.4,3.0,0.5,0.66666667,9.0,5.817668151855469,3.182331848144531,6.562673405557871,sa3020599
Zach Jacobs,CLE,CPX,24,2.2,10.124987024830519,13.499982699774025,0.75,0.0,0.21428571,0.28571429,-0.07142857,0.11111111,1.8749975971908366,0.16666667,0.5,10.124987024830519,8.192663826798976,1.9323231980315434,9.86892349950284,sa3020600
Lluveres Severino,TOR,A,22,27.1,9.54878159834485,6.91463495052558,1.38095238,0.3292683309774086,0.21641791,0.15671642,0.05970149,0.22429907,1.6463416548870429,0.2987013,0.58467742,4.939024964661129,5.064152410213346,-0.12512744555221733,5.734258262012549,sa3020601
Connor McCullough,CHW,AA,26,52.1,9.114650567379174,2.7515926241144677,3.3125,0.8598726950357711,0.23555556,0.07111111,0.16444444,0.25603865,1.3184714657215157,0.32214765,0.6875,4.299363475178856,3.9076342757311457,0.3917291994477101,4.1600239658826945,sa3020603
Mark McLaughlin,CHW,AA,25,19.1,8.379311722609376,4.189655861304688,2.0,0.9310346358454862,0.18947368,0.09473684,0.09473684,0.37209302,2.120690003870274,0.45454545,0.57591623,8.844829040532119,4.538537097685993,4.3062919428461255,4.480838218699096,sa3020604
Ryan Ramsey,KCR,AAA,25,64.2,8.072166218262696,4.3144336683817865,1.87096774,1.530928075877408,0.20350877,0.10877193,0.09473684,0.25910931,1.4690723960439773,0.29775281,0.75057737,5.010310066507881,5.732723848466809,-0.7224137819589282,5.402439506725468,sa3020605
Kenya Huggins,OAK,AA,23,40.1,8.479339912268257,5.132232052162366,1.65217391,0.8925620960282376,0.20879121,0.12637363,0.08241758,0.25949367,1.5867770596057558,0.31896552,0.60606061,5.801653624183544,4.845018345394014,0.9566352787895296,5.160220753335269,sa3020609
Brandon Johnson,KCR,"AA,AAA",27,34.0,8.735294117647058,7.9411764705882355,1.1,0.7941176470588235,0.20886076,0.18987342,0.01898734,0.24409449,1.7941176470588236,0.30769231,0.51903114,7.9411764705882355,5.569952846730511,2.3712236238577242,6.428794921601575,sa3020610
Eric Reyzelman,NYY,"AA,AAA",25,23.1,15.042859192284066,4.242857720900634,3.54545455,0.771428676527388,0.39,0.11,0.28,0.2183908,1.28571446087898,0.36956522,0.58219178,5.014286397428021,3.0027308382632705,2.011555559164751,3.254036093309196,sa3020611
Kevin Stevens,NYY,"A,CPX",28,5.0,12.6,1.8,7.0,1.8,0.31818182,0.04545455,0.27272727,0.28571429,1.4,0.38461538,0.71428571,1.8,4.350825125805591,-2.5508251258055914,3.264056842855666,sa3020613
Will Brian,NYY,"AA,AAA",27,31.0,13.064516229510431,3.4838709945361153,3.75,1.1612903315120384,0.33834586,0.09022556,0.2481203,0.25,1.3548387200973782,0.36619718,0.72192513,4.0645161602921345,3.593654998992722,0.4708611612994127,3.126275484995463,sa3020621
Nick Hull,SEA,AAA,26,13.2,11.19511934719566,3.9512185931278805,2.83333333,1.3170728643759602,0.27868852,0.09836066,0.18032787,0.26415094,1.4634142937510668,0.35294118,0.72916667,5.268291457503841,5.164495072543579,0.10379638496026189,4.412419512090247,sa3020624
Matt Keating,NYY,AA,25,18.2,13.499997700964093,8.196427175585342,1.64705882,1.9285711001377275,0.31111111,0.18888889,0.12222222,0.23611111,1.8214282612411872,0.325,0.74829932,5.785713300413183,6.241062580079527,-0.4553492796663443,4.76154334268583,sa3020625
Adam Serwinowski,LAD,AA,22,62.2,11.202126750367611,5.457446365563708,2.05263158,1.005319067340683,0.27659574,0.13475177,0.14184397,0.2406639,1.5319147692810409,0.32692308,0.66143498,5.313829355943611,4.580467390463659,0.7333619654799515,4.829186276232884,sa3020626
Seth Clark,TEX,A+,26,5.0,12.6,27.0,0.46666667,3.6,0.20588235,0.44117647,-0.23529412,0.31578947,4.2,0.4,0.6043956,18.0,14.994311904907228,3.005688095092772,12.457927671074867,sa3020630
Alex McFarlane,PHI,AA,25,26.0,11.76923076923077,5.1923076923076925,2.26666667,0.6923076923076923,0.32075472,0.14150943,0.17924528,0.18681319,1.2307692307692308,0.27272727,0.78767123,2.076923076923077,3.677876223050631,-1.6009531461275541,3.6877940932145488,sa3020633
Karson Milbrandt,MIA,"AA,AAA",22,62.0,12.338709677419354,4.064516129032258,3.03571429,0.5806451612903226,0.35123967,0.11570248,0.23553719,0.17840376,1.064516129032258,0.27419355,0.86319218,1.3064516129032258,3.1333599613558865,-1.8269083484526607,3.286056154101126,sa3020659
Gabriel Hughes,COL,"A+,AAA",24,40.2,11.508195281957997,2.8770488204894993,4.0,0.442622895459923,0.29714286,0.07428571,0.22285714,0.25465839,1.3278686863797688,0.36448598,0.59386973,5.311474745519075,3.0580077591262413,2.253466986392834,3.669071643333528,sa3020661
Dylan Lesko,TBR,A,22,21.1,9.703126445878512,5.9062508800999645,1.64285714,0.42187506286428317,0.27380952,0.16666667,0.10714286,0.13432836,1.078125160653168,0.18604651,0.85365854,2.1093753143214156,4.461417991481741,-2.3520426771603256,5.2392215605346415,sa3020677
Trystan Vrieling,SFG,AA,25,54.2,8.560974813231043,6.74999937197063,1.26829268,1.1524389171657174,0.21399177,0.16872428,0.04526749,0.24,1.6280486290118865,0.29078014,0.75123153,4.280487406615522,5.684442629748924,-1.4039552231334023,5.323552666447646,sa3020681
Chase Hampton,NYY,"A,A+,AA",24,27.1,7.902437186255761,3.2926821609399,2.4,1.3170728643759602,0.19834711,0.08264463,0.11570248,0.22222222,1.2439021496884068,0.25,0.41401274,6.256096105785811,5.206607396216067,1.0494887095697436,5.525379859656826,sa3020682
Brandon Barriera,TOR,A,22,17.0,7.9411764705882355,6.352941176470588,1.25,0.5294117647058824,0.18518519,0.14814815,0.03703704,0.28787879,1.8235294117647058,0.36,0.67484663,5.294117647058823,5.394137909833123,-0.10002026277429987,5.182071283109048,sa3020683
Cory Lewis,MIN,"A,AA,CPX",25,38.2,8.8448268931302,5.81896506126987,1.52,1.163793012253974,0.22485207,0.14792899,0.07692308,0.22377622,1.4741378155217002,0.27,0.7254902,4.1896548441143056,5.4947671803206894,-1.305112336206384,5.599345994848663,sa3020702
Lucas Wepf,LAD,AA,26,27.2,12.361444362796144,2.927710506978034,4.22222222,1.301204669768015,0.35514019,0.08411215,0.27102804,0.17346939,0.9397589281657888,0.23214286,0.73529412,3.253011674420038,3.7633692731703654,-0.5103575987503275,3.259751234305545,sa3020704
Brock Porter,TEX,A+,23,37.2,10.035396874973415,6.69026458331561,1.5,0.7168140624981011,0.24561404,0.16374269,0.08187135,0.20289855,1.4867254629590245,0.2688172,0.80985915,2.8672562499924044,5.027940029903428,-2.160683779911024,5.86145034746921,sa3020708
Cooper Hjerpe,STL,"A,CPX",25,5.0,7.2,1.8,4.0,0.0,0.25,0.0625,0.1875,0.0,0.2,0.0,1.0,0.0,3.4234837532043456,-3.4234837532043456,4.649842979013919,sa3020736
Jack Jasiak,CLE,"AA,AAA",25,35.0,11.82857142857143,3.342857142857143,3.53846154,0.7714285714285715,0.31292517,0.08843537,0.2244898,0.18939394,1.0857142857142856,0.26506024,0.55865922,3.342857142857143,3.3336293084280837,0.009227834429059278,4.094905353018216,sa3020738
Connor Staine,COL,AA,25,61.2,9.63243163795004,5.399999554608356,1.78378378,1.3135134051750055,0.25581395,0.14341085,0.1124031,0.20091324,1.3135134051750055,0.24305556,0.73863636,4.086486149433351,5.2165455252938,-1.1300593758604496,5.174533646998289,sa3020739
Noah Dean,WSN,"AA,CPX",25,13.1,12.82500328704799,8.100002076030309,1.58333333,1.3500003460050516,0.31147541,0.19672131,0.1147541,0.19565217,1.5750004036725602,0.28,0.75471698,5.400001384020206,6.1791448363770485,-0.7791434523568421,5.213814512372732,sa3020740
Marques Johnson,SFG,AAA,25,24.1,9.616439612459105,7.397261240353158,1.3,0.7397261240353158,0.23214286,0.17857143,0.05357143,0.2,1.5616440396301112,0.25806452,0.56451613,5.547945930264869,5.637599468732316,-0.08965353846744684,6.579178063237755,sa3020741
Kaleb Bowman,MIL,AAA,29,29.0,9.0,7.137931034482759,1.26086957,1.2413793103448276,0.21323529,0.16911765,0.04411765,0.26126126,1.793103448275862,0.32051282,0.74380165,5.586206896551724,5.931621479165965,-0.3454145826142412,6.0099275066934785,sa3020745
Mason Vinyard,MIA,"A+,AA,AAA",27,25.2,6.662336837181879,4.909090301081385,1.35714286,0.3506493072200989,0.18446602,0.13592233,0.04854369,0.14772727,1.0519479216602967,0.17647059,0.7518797,2.4545451505406923,4.4611974552735605,-2.006652304732868,5.641009586248091,sa3020753
Jackson Kelley,CHW,"AA,AAA",26,42.1,6.803150423683758,3.401575211841879,2.0,0.0,0.18823529,0.09411765,0.09411765,0.2027027,1.0866143037828224,0.25862069,0.76923077,1.7007876059209395,3.691317332361264,-1.9905297264403246,4.9620332494582255,sa3020755
Guy Lipscomb,CLE,AA,25,1.0,9.0,9.0,1.0,0.0,0.14285714,0.14285714,0.0,0.4,3.0,0.5,0.5,18.0,7.562491607666016,10.437508392333985,9.438053366541862,sa3020764
Wesley Moore,PHI,AA,26,1.0,9.0,18.0,0.5,0.0,0.16666667,0.33333333,-0.16666667,0.0,2.0,0.0,0.66666667,9.0,10.562491607666015,-1.562491607666015,12.438053366541862,sa3020796
Pete Hansen,STL,"A,AAA",25,51.0,9.000000336590947,3.352941301867216,2.68421053,0.8823529741755831,0.22972973,0.08558559,0.14414414,0.26732673,1.4313726025515014,0.33561644,0.64179104,4.9411766553832654,4.028751419455841,0.9124252359274241,4.387508916335503,sa3020798
Bryce Osmond,LAA,AA,25,44.0,9.0,3.8863636363636362,2.31578947,2.25,0.21674877,0.09359606,0.12315271,0.2826087,1.6136363636363635,0.31782946,0.61151079,7.568181818181818,6.204681153730913,1.3635006644509051,5.176510486142202,sa3020800
Nate Peterson,CIN,"AA,AAA",26,50.2,7.6381571279669185,4.973683711234273,1.53571429,0.35526312223101947,0.19369369,0.12612613,0.06756757,0.23157895,1.4210524889240779,0.28965517,0.73770492,3.730262783425704,4.352871463811287,-0.6226086803855826,5.472005158007415,sa3020804
Cade Winquest,STL,AAA,26,16.2,11.879997734070256,2.159999588012774,5.5,1.079999794006387,0.32352941,0.05882353,0.26470588,0.21311475,1.0199998054504766,0.2972973,0.63953488,4.319999176025548,3.73231110000611,0.5876880760194378,3.407441416000313,sa3020805
Chris McElvain,TOR,AA,25,54.1,7.453988427845626,4.803681431278292,1.55172414,1.822086060140042,0.18987342,0.12236287,0.06751055,0.23786408,1.4355829564739724,0.25333333,0.6501548,5.963190742276501,6.249608423630118,-0.2864176813536172,5.723398569918185,sa3020806
Geoffrey Gilbert,NYY,AA,25,11.2,8.485711973541267,6.1714268898481945,1.375,2.314285083693073,0.22916667,0.16666667,0.0625,0.12820513,1.114285410667035,0.08,1.0,3.0857134449240973,7.333919151462134,-4.248205706538037,6.241736416852186,sa3020807
Harrison Cohen,NYY,"AA,AAA",27,21.1,10.968751634471362,7.593751131557097,1.44444444,2.1093753143214156,0.26804124,0.18556701,0.08247423,0.20779221,1.5937502374872918,0.23913043,0.62068966,6.750001005828531,6.976731761431717,-0.22673075560318612,5.948248502352371,sa3020811
Magnus Ellerts,CLE,"AA,AAA",25,17.2,12.735846636027569,8.150941847057643,1.5625,0.5094338654411027,0.3125,0.2,0.1125,0.171875,1.5283015963233082,0.26315789,0.859375,2.5471693272055136,4.184748828093994,-1.6375795008884806,4.722866146942583,sa3020813
Miguel Cienfuegos,SDP,AAA,29,25.1,8.171053656911054,4.263158429692724,1.91666667,1.7763160123719683,0.18253968,0.0952381,0.08730159,0.35135135,2.0131581473548974,0.40963855,0.57446809,9.236843264334235,6.520079744027302,2.716763520306933,5.195471547523036,sa3020816
Dylan Cumming,CHW,"A+,AA",27,66.0,8.181818181818182,3.0,2.72727273,1.5,0.19933555,0.0730897,0.12624585,0.27881041,1.4696969696969697,0.32323232,0.62227074,6.136363636363637,5.44061867685029,0.6957449595133465,4.972126604887572,sa3020818
Luke Young,WSN,"AA,AAA",24,35.2,8.074765635448916,4.794392096047794,1.68421053,0.5046728522155572,0.2147651,0.12751678,0.08724832,0.203125,1.2616821305388932,0.25531915,0.81447964,2.018691408862229,4.258288316120905,-2.239596907258676,5.630421596448668,sa3020819
Garrett Apker,HOU,"A+,CPX",26,11.1,10.323532307437533,9.529414437634648,1.08333333,0.7941178698028872,0.25,0.23076923,0.01923077,0.2,1.7647063773397493,0.26923077,0.59139785,6.352942958423098,6.111327343050149,0.2416156153729485,6.397757475051474,sa3020821
Hayden Merda,NYY,AA,26,25.0,14.76,3.24,4.55555556,1.08,0.38679245,0.08490566,0.30188679,0.21052632,1.16,0.33333333,0.67164179,4.32,3.162491607666016,1.1575083923339844,3.403030896186829,sa3020826
Bradley Brehmer,BAL,"A,A+",26,16.0,11.25,2.8125,4.0,0.5625,0.29411765,0.07352941,0.22058824,0.25,1.25,0.35897436,0.60185185,5.625,3.4150838123472456,2.2099161876527544,3.9502222661698285,sa3020828
Trey Dombroski,HOU,AA,25,51.2,7.83870890574706,4.877418874687059,1.60714286,0.6967741249552942,0.20454545,0.12727273,0.07727273,0.21693122,1.3354837394976473,0.26428571,0.70783133,4.180644749731766,4.7194515749269526,-0.538806825195187,5.518091883594751,sa3020833
Connor Noland,CHC,AAA,26,48.0,5.8125,3.9375,1.47619048,1.5,0.14418605,0.09767442,0.04651163,0.27083333,1.5208333333333333,0.2875817,0.64263323,6.1875,5.86481113433838,0.32268886566162003,5.530566246062518,sa3020834
Joshua Loeschorn,PIT,AA,26,34.2,9.08653712836968,4.1538455443975675,2.1875,1.5576920791490878,0.21472393,0.09815951,0.11656442,0.26950355,1.5576920791490878,0.32,0.71705426,5.711537623546656,5.697106679092544,0.014430944454112193,5.503010943260932,sa3020837
Reid VanScoter,SEA,AA,27,25.2,12.272725752703462,3.857142379421088,3.18181818,0.0,0.30973451,0.09734513,0.21238938,0.2020202,1.207792058202563,0.3125,0.58823529,3.15584376498089,2.5640265948938348,0.5918171700870554,3.157271705684891,sa3020839
Tyler Cleveland,SEA,AA,26,24.0,7.125,7.5,0.95,1.125,0.17757009,0.18691589,-0.00934579,0.19277108,1.5,0.21311475,0.67039106,6.0,6.696602217356364,-0.6966022173563644,6.974930516878764,sa3020840
Dominic Perachi,PIT,"A,AA,CPX",25,28.2,6.593022469864429,3.139534509459252,2.1,1.2558138037837008,0.1826087,0.08695652,0.09565217,0.23300971,1.1860463702401618,0.25641026,0.75657895,4.081394862297027,5.223844509621241,-1.1424496473242138,5.002334367429166,sa3020841
Joey Mancini,HOU,"AA,AAA",26,32.1,11.412372256050135,5.288660313779331,2.15789474,1.1134021713219644,0.26797386,0.12418301,0.14379085,0.24806202,1.5773197427061163,0.33333333,0.55555556,7.793815199253751,5.205406035636675,2.588409163617076,4.967172619520961,sa3020858
Thomas Balboni Jr.,NYY,"A,A+",25,17.2,12.735846593058769,3.566037046056455,3.57142857,2.037735454889403,0.3125,0.0875,0.225,0.24242424,1.3018865406237852,0.32432432,0.81967213,4.584904773501156,6.107936683165008,-1.5230319096638514,5.064896063630851,sa3020861
Isaiah Lowe,SDP,A+,23,40.0,7.875,6.525,1.20689655,2.25,0.18229167,0.15104167,0.03125,0.26875,1.8,0.28695652,0.55737705,7.2,7.84707555770874,-0.6470755577087397,6.898704893887043,sa3020864
Tyler Gough,LAD,"A,CPX",22,23.1,10.800001471383432,1.9285716913184698,5.6,0.0,0.30769231,0.05494505,0.25274725,0.18604651,0.900000122615286,0.27586207,0.76190476,1.9285716913184698,2.8281434981676794,-0.8995718068492096,4.297723330643013,sa3020865
Austin Peterson,CLE,AAA,26,44.0,11.045454545454545,4.704545454545454,2.34782609,1.0227272727272727,0.28421053,0.12105263,0.1631579,0.24242424,1.4318181818181819,0.33018868,0.68965517,4.295454545454546,4.279583861611107,0.01587068384343926,4.2058682411909105,sa3020868
Payton Martin,LAD,AA,22,58.2,7.210226647617457,4.295454173048698,1.67857143,0.46022723282664624,0.18503937,0.11023622,0.07480315,0.27232143,1.5170453230211671,0.33333333,0.66820276,4.602272328266462,4.251526408057572,0.3507459202088903,5.111579118905842,sa3020869
Michael Knorr,HOU,"AAA,CPX",26,7.2,10.565212681976138,9.391300161756568,1.125,1.173912520219571,0.25,0.22222222,0.02777778,0.17857143,1.6956514180949358,0.22222222,0.77586207,4.695650080878284,6.542634910070744,-1.8469848291924595,6.816112259564289,sa3020872
Andrew Taylor,HOU,A+,24,7.0,11.571428571428571,2.5714285714285716,4.5,2.5714285714285716,0.31034483,0.06896552,0.24137931,0.22222222,1.1428571428571428,0.25,0.76923077,5.142857142857143,5.594311904907227,-0.4514547620500835,4.054406407901219,sa3020873
Steven Zobac,KCR,"AA,CPX",25,16.2,10.260003913880887,3.7800014419561165,2.71428571,0.5400002059937309,0.27536232,0.10144928,0.17391304,0.24590164,1.3200005035402311,0.34146341,0.64814815,4.8600018539435785,4.3855937764327715,0.47440807751080705,5.348596469085547,sa3020875
Jagger Haynes,SDP,AA,23,67.1,8.153465962435728,3.742574540134433,2.17857143,1.2029703879003535,0.21328671,0.0979021,0.11538462,0.23387097,1.277227819252227,0.2752809,0.74340528,4.410891422301296,5.273747554160543,-0.8628561318592478,5.401762431679292,sa3020876
Wen-Hui Pan,PHI,"A,A+,AA",23,20.2,11.75806270752219,3.048386627876124,3.85714286,0.43548380398230335,0.30337079,0.07865169,0.2247191,0.27160494,1.4032255906096442,0.39622642,0.8041958,3.048386627876124,2.8163920634311284,0.23199456444499544,4.048910227376624,sa3020878
Alex Cook,TBR,AAA,25,23.0,8.608695652173912,3.9130434782608696,2.2,1.173913043478261,0.23157895,0.10526316,0.12631579,0.21428571,1.2173913043478262,0.25423729,0.68548387,4.304347826086956,4.769702438686205,-0.46535461259924915,4.619997223045515,sa3020879
Adam Maier,SEA,A+,24,44.1,9.13533939394148,2.842105589226238,3.21428571,1.6240603367007076,0.22277228,0.06930693,0.15346535,0.27173913,1.4436091881784068,0.32061069,0.70422535,5.075188552189711,5.185252208576032,-0.11006365638632154,4.5018113256848995,sa3020883
Baron Stuart,WSN,"A+,AA,CPX",26,16.0,12.937500192783776,10.125000150874259,1.27777778,2.8125000419095163,0.26136364,0.20454545,0.05681818,0.31746032,2.3750000353902583,0.42857143,0.71052632,9.562500142492356,9.545313394352855,0.017186748139501162,7.232154442643302,sa3020888
Marcelo Perez,SEA,"A,AA",26,18.2,10.607141050757502,3.374999425241023,3.14285714,0.0,0.27848101,0.08860759,0.18987342,0.21428571,1.1785712278619447,0.3125,0.625,3.374999425241023,2.9842388528920414,0.39076057234898176,4.105842838388292,sa3020889
Jackson Ferris,LAD,AAA,22,39.2,7.260503270701783,5.6722681802357675,1.28,1.3613443632565843,0.17204301,0.1344086,0.03763441,0.2875,1.7899157368743976,0.32786885,0.61320755,6.806721816282921,6.3130910712391275,0.49363074504379334,5.447659222570152,sa3020891
Jackson Cox,COL,"A+,AA",22,65.0,12.600000369732207,3.6000001056377737,3.5,1.5230769677698273,0.31929825,0.09122807,0.22807018,0.24409449,1.3538461935731798,0.33552632,0.77319588,4.292307818260422,4.468961828261194,-0.17665401000077186,4.03355895126705,sa3020899
Christian Ruebeck,LAD,AA,25,12.0,11.25,9.75,1.15384615,0.75,0.22058824,0.19117647,0.02941177,0.27659574,2.1666666666666665,0.38709677,0.67484663,9.0,7.488268884023031,1.5117311159769686,8.942706616719564,sa3020900
Henry Williams,KCR,"AA,AAA",24,63.2,7.492147569485793,4.523560796670668,1.65625,2.261780398335334,0.18275862,0.11034483,0.07241379,0.27777778,1.6020944488208615,0.29508197,0.73598131,5.937173545630251,7.000323693571719,-1.0631501479414682,5.984788676780807,sa3020901
Luis Rujano,CHC,"AA,CPX",23,33.0,9.0,7.090909090909091,1.26923077,1.0909090909090908,0.20886076,0.16455696,0.0443038,0.26153846,1.8181818181818181,0.32258065,0.58510638,7.090909090909091,6.131481621482156,0.9594274694269345,5.7771408275221345,sa3020904
Jarret Whorff,MIN,"A+,AA",27,27.1,7.573171612480397,2.9634149787966773,2.55555556,2.6341466478192688,0.17293233,0.06766917,0.10526316,0.33333333,1.8292685054300477,0.35869565,0.42713568,10.865854922254483,6.8722301817282965,3.9936247405261867,5.504513371704883,sa3020905
Pat Gallagher,TOR,"AA,AAA",26,20.0,10.800000128746035,4.050000048279763,2.66666667,0.0,0.26966292,0.1011236,0.16853933,0.25,1.450000017285347,0.35714286,0.55172414,5.4000000643730175,2.5034988419842836,2.896501222388734,3.813900718975101,sa3020938
Adam Stone,CHC,A+,24,23.1,8.100001103537574,5.7857150739554095,1.4,0.385714338263694,0.2038835,0.14563107,0.05825243,0.17647059,1.28571446087898,0.22222222,0.82278481,1.157143014791082,5.01850427510789,-3.8613612603168086,6.282430955049705,sa3020944
Darren Bowen,MIN,AA,25,38.0,8.052631578947368,3.3157894736842106,2.42857143,1.1842105263157894,0.21383648,0.08805031,0.12578616,0.19444444,1.105263157894737,0.21904762,0.69444444,4.026315789473684,4.760198708584434,-0.7338829191107497,5.654226907930876,sa3020945
Shawn Ross,PIT,AA,26,1.2,0.0,0.0,0.0,5.399989314100431,0.0,0.0,0.0,0.28571429,1.1999976253556512,0.16666667,1.0,5.399989314100431,11.362476172477749,-5.962486858377318,9.189165749813228,sa3020951
Hunter Patteson,KCR,AA,26,58.2,7.670453880444104,4.44886325065758,1.72413793,2.301136164133231,0.19607843,0.11372549,0.08235294,0.25,1.448863510750553,0.25786164,0.75757576,5.215908638701991,6.859480727408567,-1.6435720887065761,6.325723394574872,sa3020954
Zack Showalter,STL,A+,22,8.2,10.384611575562559,7.269228102893791,1.42857143,4.153844630225024,0.20408163,0.14285714,0.06122449,0.41463415,2.769229753483349,0.48148148,0.46391753,15.576917363343838,10.408611649169888,5.16830571417395,6.860052480430998,sa3020959
C.J. Widger,SDP,A+,27,18.1,9.818183520608992,7.854546816487193,1.25,0.4909091760304496,0.21978022,0.17582418,0.04395604,0.3,2.0181821681251817,0.40816327,0.64039409,7.363637640456744,5.910712261830539,1.4529253786262055,7.229630646877737,sa3020960
Mason McGwire,CHC,"A,A+",22,41.0,12.731707317073171,3.073170731707317,4.14285714,0.6585365853658537,0.34939759,0.08433735,0.26506024,0.18666667,1.024390243902439,0.28089888,0.70351759,2.4146341463414633,2.9987284660339357,-0.5840943196924724,3.5117343283644535,sa3020961
Luis Gastelum,STL,AAA,24,38.1,9.860870873608249,3.052174318021601,3.23076923,0.4695652796956309,0.27631579,0.08552632,0.19078947,0.17164179,0.9391305593912618,0.23333333,0.7591623,2.58260903832597,3.447963294406016,-0.865354256080046,3.8437287852053634,sa3020964
Carlos Hampshire,NYY,DSL,21,5.0,10.8,18.0,0.6,3.6,0.19354839,0.32258065,-0.12903226,0.3,3.2,0.33333333,0.28169014,23.4,13.984457111358644,9.415542888641355,9.651808896660805,sa3020971
Gary Gill Hill,TBR,"A+,AA",21,70.1,7.421801484586272,2.1753556075511487,3.41176471,1.1516588510564905,0.19205298,0.05629139,0.13576159,0.27240143,1.3222749771389335,0.31603774,0.69444444,4.350711215102297,4.6295674795243595,-0.27885626442206224,4.810182341282026,sa3020972
Franyel Diaz,NYM,"A,CPX",21,11.0,11.454545206274874,11.454545206274874,1.0,0.0,0.25,0.25,0.0,0.225,2.090909045589858,0.34615385,0.64,1.6363636008964104,5.81994297215776,-4.18357937126135,6.2230826122096525,sa3020976
Yereny Teus,TBR,A,22,24.2,15.324322349403698,5.108107449801232,3.0,0.36486481784294517,0.39622642,0.13207547,0.26415094,0.15909091,1.1351349888447184,0.28888889,0.65359477,4.0135129962723965,2.9284787653831663,1.0850342308892302,3.7211457321720682,sa3020978
Franderly Morel,LAD,CPX,22,17.1,10.903848153599988,4.153846915657138,2.625,4.153846915657138,0.25,0.0952381,0.15476191,0.26760563,1.5576925933714267,0.26190476,0.625,9.865386424685703,10.644592297430066,-0.7792058727443631,6.449796565926472,sa3020980
Luis De La Cruz,MIA,"A,A+",23,37.1,10.848215209434306,6.991072023857663,1.55172414,0.9642857963941605,0.27607362,0.17791411,0.09815951,0.18939394,1.4464286945912408,0.25301205,0.75396825,4.098214634675182,5.248864407351089,-1.1506497726759068,5.158106893521874,sa3020981
Luis Aguilar,HOU,A,22,10.2,10.968746731058737,4.218748742714899,2.6,3.374998994171919,0.27659574,0.10638298,0.17021277,0.28571429,1.5937495250256284,0.32,0.70175439,7.593747736886818,7.461416720226749,0.13233101666006863,4.66718523269933,sa3020982
Gilberto Batista,TOR,A+,21,53.2,6.875775745863281,5.7018628136427205,1.20588235,1.6770184746008003,0.16205534,0.13438735,0.02766798,0.29493088,1.8260867834542047,0.3253012,0.55813953,7.881986830623761,6.558249468777862,1.3237373618458994,6.127183924885189,sa3020987
Angel Cruz,LAD,"A,CPX",21,20.1,15.934421247131707,11.06557031050813,1.44,0.44262281242032525,0.32727273,0.22727273,0.1,0.24691358,2.213114062101626,0.43181818,0.67226891,6.639342186304878,6.028596257612576,0.6107459286923023,6.877457335005708,sa3020988
Wilfred Alvarado,OAK,"A,CPX",20,22.0,9.409090909090908,6.136363636363637,1.53333333,0.4090909090909091,0.2371134,0.15463918,0.08247423,0.19753086,1.4090909090909092,0.26315789,0.65359477,4.090909090909091,5.43888011412187,-1.3479710232127795,6.04025147116997,sa3020990
Anderson Cardenas,ARI,CPX,20,33.0,11.727272727272727,4.090909090909091,2.86666667,0.0,0.30714286,0.10714286,0.2,0.19672131,1.1818181818181819,0.30379747,0.66666667,3.272727272727273,3.847971182158499,-0.5752439094312263,5.292829856005582,sa3020991
Donny Troconis,OAK,A,20,41.1,8.709678491122153,6.31451690606356,1.37931034,2.395161585058592,0.19900498,0.14427861,0.05472637,0.30177515,1.9354841091382562,0.33898305,0.66568047,7.620968679731884,8.397775452739921,-0.7768067730080377,7.080690334112665,sa3020992
Eduar Gonzalez,TOR,"A,CPX",20,12.0,9.0,7.5,1.2,0.75,0.18461538,0.15384615,0.03076923,0.28301887,2.0833333333333335,0.35,0.46875,8.25,5.862247697512309,2.3877523024876908,6.1704250637441875,sa3020993
Rafael Gonzalez,HOU,"A,CPX",21,10.1,8.709680098773617,16.548392187669872,0.52631579,0.0,0.17241379,0.32758621,-0.15517241,0.24324324,2.709678252951792,0.33333333,0.46666667,13.064520148160426,8.042925614333367,5.021594533827059,9.170933499245823,sa3020995
Wilkin Paredes,ARI,A,22,39.2,7.941175452330074,4.764705271398045,1.66666667,1.1344536360471535,0.19337017,0.1160221,0.07734807,0.25949367,1.563025009664967,0.30508475,0.66666667,5.6722681802357675,6.164445957094699,-0.4921777768589317,6.220925887742551,sa3020998
Johan Moreno,SDP,AA,23,29.2,9.404493374289462,3.943819802121387,2.38461538,1.21348301603735,0.2421875,0.1015625,0.140625,0.21238938,1.2471908775939429,0.25641026,0.62874251,4.8539320641494,4.834710705170455,0.01922135897894517,5.840658357360625,sa3020999
Luis Vasquez,DET,DSL,21,10.2,5.906248239800859,4.218748742714899,1.4,0.0,0.14583333,0.10416667,0.04166667,0.27906977,1.5937495250256284,0.33333333,0.41176471,7.593747736886818,4.6782070834189735,2.9155406534678443,5.735291756720201,sa3021001
Luis Carias,LAD,A,21,47.0,12.638297872340425,8.617021276595745,1.46666667,0.9574468085106383,0.2920354,0.19911504,0.09292035,0.22346369,1.8085106382978724,0.32407407,0.675,5.553191489361702,6.12546887093402,-0.5722773815723174,6.208030145726306,sa3021006
Elwis Mijares,NYM,A,20,31.2,8.810525431329282,4.547367964557049,1.9375,1.1368419911392622,0.21678322,0.11188811,0.10489511,0.25806452,1.5157893215190164,0.31460674,0.57268722,6.252630951265942,5.231289463624415,1.0213414876415277,4.825350997229309,sa3021009
Jesus Tillero,LAD,A,20,59.1,8.191011938117548,3.7921351565359016,2.16,0.9101124375686164,0.19565217,0.09057971,0.10507246,0.29435484,1.651685534846748,0.35638298,0.57235421,6.825843281764622,5.461113223396254,1.3647300583683686,5.500895977948881,sa3021010
Luis Porfirio,MIA,DSL,20,9.1,12.53571855535458,7.714288341756665,1.625,0.9642860427195831,0.30232558,0.18604651,0.11627907,0.15151515,1.39285761726162,0.21052632,0.51470588,3.8571441708783323,6.4058863031622995,-2.548742132283967,5.756473326518268,sa3021015
Lewis Sifontes,ATL,A,20,18.1,11.78182022473079,8.345455992517643,1.41176471,1.9636367041217984,0.26373626,0.18681319,0.07692308,0.24285714,1.854545776115032,0.30952381,0.55555556,9.327274344578543,7.272213953979854,2.0550603905986886,5.565769925384445,sa3021016
Dylan Wilson,SEA,CPX,20,27.2,12.036143195354141,3.253011674420038,3.7,0.6506023348840075,0.31623932,0.08547009,0.23076923,0.19811321,1.120481798966902,0.28358209,0.75342466,2.60240933953603,4.275499539452129,-1.673090199916099,4.197433335836803,sa3021017
Jeremy Reyes,ATL,"A,A+",20,57.2,6.710982289012055,6.710982289012055,1.0,0.9364161333505193,0.16475096,0.16475096,0.0,0.24299065,1.6473987531166543,0.27878788,0.65121413,5.930635511219956,5.902560238210183,0.028075273009772417,6.203254114739536,sa3021018
Eccel Correa,BAL,"A,A+,AA",23,23.0,8.21739488198016,6.652176809222035,1.23529412,1.5652180727581257,0.19090909,0.15454545,0.03636364,0.25,1.739131191953473,0.28358209,0.79096045,4.6956542182743775,6.377078589123466,-1.6814243708490881,6.02326096308939,sa3021019
Fabian Ysalla,CHW,CPX,21,17.2,5.603772576570947,3.5660370941815116,1.57142857,1.5283016117920765,0.125,0.07954545,0.04545455,0.325,1.8679241921903156,0.34848485,0.43624161,8.6603758001551,7.138422451243437,1.521953348911663,6.533339520915028,sa3021020
Hamlet Garcia,MIA,CPX,20,18.1,13.745456928852589,8.345455992517643,1.64705882,1.4727275280913488,0.29787234,0.18085106,0.11702128,0.26388889,1.9636367041217984,0.3902439,0.625,5.400000936334946,6.801830156972667,-1.4018292206377208,5.5351746837892986,sa3021022
Rainy Mota,PHI,"CPX,DSL",20,4.2,15.428560130458465,3.857140032614616,4.0,3.857140032614616,0.36363636,0.09090909,0.27272727,0.3,1.7142844589398294,0.4,0.76923077,7.714280065229232,7.817874161908743,-0.1035940966795108,3.8476242254259603,sa3021024
Duque Hebbert,DET,"A+,AA",24,32.0,6.75,1.96875,3.42857143,1.96875,0.17518248,0.05109489,0.12408759,0.248,1.1875,0.25531915,0.57228916,6.46875,6.279618780273592,0.18913121972640834,6.153984794538116,sa3021026
Francis Texido,LAA,"A,A+,AAA",21,46.0,9.0,6.065217391304348,1.48387097,1.173913043478261,0.22222222,0.14975845,0.07246377,0.25714286,1.6521739130434783,0.31707317,0.6122449,5.673913043478261,5.747848345548059,-0.07393530206979815,5.499003689912494,sa3021028
Sandro Santana,ARI,A+,21,30.2,14.38043329192936,4.108695226265532,3.5,0.5869564608950759,0.3740458,0.10687023,0.26717557,0.2173913,1.2717389986059977,0.359375,0.78534031,2.9347823044753794,2.868808831609707,0.06597347286567246,2.8621330774254767,sa3021030
Junior Suarez,KCR,DSL,21,10.1,8.709680098773617,3.483872039509447,2.5,0.0,0.25,0.1,0.15,0.22222222,1.1612906798364824,0.30769231,0.75,2.612904029632085,3.810263324800988,-1.1973592951689027,4.565698983109189,sa3021031
Jose Zerpa,SEA,A,21,23.0,9.0,1.565217391304348,5.75,0.782608695652174,0.23469388,0.04081633,0.19387755,0.24468085,1.173913043478261,0.30434783,0.61983471,4.695652173913044,4.203174698871115,0.4924774750419285,5.4257963729941325,sa3021037
Clevari Tejada,PIT,A,21,14.0,9.0,7.714285714285714,1.16666667,0.0,0.23728814,0.20338983,0.03389831,0.06382979,1.0714285714285714,0.09090909,0.73333333,1.9285714285714286,4.318507657732282,-2.3899362291608535,5.101413269873176,sa3021040
Sandy Ozuna,COL,CPX,20,4.1,14.538472203821184,2.0769246005458837,7.0,4.153849201091767,0.38888889,0.05555556,0.33333333,0.17647059,0.9230776002426149,0.125,0.83333333,4.153849201091767,8.279209152765276,-4.125359951673508,3.9984489055776624,sa3021041
Yeferson Vargas,LAA,A+,21,51.1,6.136364244373296,4.383117317409497,1.4,1.0519481561782793,0.15418502,0.11013216,0.04405286,0.30653266,1.6753248413209634,0.34810127,0.58312655,6.837663015158816,5.443625415921692,1.394037599237124,5.5752340585369,sa3021044
Yunior Tur,OAK,AAA,26,43.0,11.511627906976743,4.186046511627907,2.75,0.8372093023255814,0.2972973,0.10810811,0.18918919,0.22560976,1.3255813953488371,0.31428571,0.6870229,4.395348837209302,4.110042707310166,0.2853061298991362,4.281968999186227,sa3021045
Omari Daniel,DET,CPX,22,9.2,8.379307589265366,14.896546825360652,0.5625,3.724136706340163,0.14754098,0.26229508,-0.1147541,0.4,3.3103437389690336,0.44444444,0.70063694,13.03447847219057,14.16358187955677,-1.1291034073662,10.713242869104864,sa3021050
Jesus Gamez,TEX,A+,23,21.2,14.538459405391487,11.215382969873433,1.2962963,0.41538455443975675,0.33333333,0.25714286,0.07619048,0.19736842,1.9384612540521982,0.35,0.657277,5.399999207716838,4.978927086373083,0.42107212134375516,5.696099612771517,sa3021056
Yael Romero,CIN,CPX,20,0.0,0.0,0.0,0.0,0.0,0.0,0.0,0.0,1.0,1.0,1.0,1.0,0.0,7.817668151855469,-7.817668151855469,7.817668151855469,sa3021062
Luis Escudero,NYY,A,20,0.2,0.0,26.99986401268786,0.0,0.0,0.0,0.5,-0.5,0.0,2.999984890298651,0.0,1.0,0.0,17.24701109264764,-17.24701109264764,17.24701109264764,sa3021063
Janero Miller,MIA,CPX,20,0.1,0.0,54.00053912939454,0.0,0.0,0.0,0.5,-0.5,0.5,9.000089854899091,0.5,0.33333333,0.0,22.129282130605066,-22.129282130605066,22.129282130605066,sa3021077
German Ramirez,HOU,A,19,0.2,13.49993200634393,0.0,1.0,0.0,0.33333333,0.0,0.33333333,0.33333333,1.4999924451493254,0.5,1.0,0.0,0.6176829754545228,-0.6176829754545228,,sa3021092
Yerlin Luis,CLE,A,20,2.0,0.0,4.5,0.0,4.5,0.0,0.1,-0.1,0.33333333,2.0,0.25,1.0,4.5,11.617667865753173,-7.117667865753173,8.816810407489537,sa3021094
Hendry Chivilli,MIN,"A,CPX",20,28.2,6.593024718046125,2.511628464017572,2.625,0.627907116004393,0.17647059,0.06722689,0.1092437,0.25925926,1.255814232008786,0.30588235,0.69060773,3.7674426960263574,4.5844197342737285,-0.8169770382473711,5.238130611969812,sa3021095
Juan Rosas,TOR,A,20,1.2,0.0,0.0,0.0,0.0,0.0,0.0,0.0,0.0,0.0,0.0,1.0,0.0,3.747079086303711,-3.747079086303711,5.626048837197081,sa3021125
Sandro Pereira,HOU,CPX,20,1.1,0.0,27.000066787169676,0.0,0.0,0.0,0.57142857,-0.57142857,0.0,3.0000074207966305,0.0,0.75,6.750016696792419,13.129124683196778,-6.379107986404359,15.28067368955658,sa3021140
Félix Amparo,BAL,"A,CPX",20,4.2,1.928570016307308,3.857140032614616,0.5,3.857140032614616,0.05,0.1,-0.05,0.33333333,1.7142844589398294,0.26666667,0.96153846,5.785710048921924,10.265420664150879,-4.479710615228955,7.182019350173407,sa3021180
Abelardo Medrano,DET,DSL,20,8.0,13.5,5.625,2.4,1.125,0.29268293,0.12195122,0.17073171,0.27777778,1.875,0.39130435,0.44117647,5.625,5.084457111358643,0.5405428886413572,4.5436468429863455,sa3021184
Javier Herrera,LAD,A,21,2.0,0.0,9.0,0.0,4.5,0.0,0.2,-0.2,0.25,2.0,0.14285714,1.0,4.5,14.051000785827636,-9.551000785827636,11.651023399829864,sa3021203
Roderick Flores,MIL,CPX,19,2.1,3.85714850621175,15.428594024847,0.25,0.0,0.07142857,0.28571429,-0.21428571,0.3,3.00000439372025,0.33333333,0.85714286,3.85714850621175,9.103388714312969,-5.246240208101218,11.657696182257968,sa3021205
Luiyin Alastre,MIL,A+,20,1.2,0.0,16.199967942301292,0.0,5.399989314100431,0.0,0.17647059,-0.17647059,0.64285714,7.199985752133908,0.61538462,0.47169811,37.799925198703015,17.147049436620904,20.65287576208211,13.59621831467512,sa3021210
Yirer Garcia,TBR,A,20,1.0,0.0,9.0,0.0,0.0,0.0,0.25,-0.25,0.0,1.0,0.0,1.0,0.0,6.617667865753174,-6.617667865753174,11.05663891583681,sa3021211
Luis Lameda,MIL,A,20,2.0,0.0,4.5,0.0,0.0,0.0,0.125,-0.125,0.14285714,1.0,0.14285714,1.0,0.0,5.117667865753174,-5.117667865753174,8.816810407489537,sa3021233
Juan Ortega,BAL,A,20,1.1,0.0,20.250050090377258,0.0,0.0,0.0,0.25,-0.25,0.55555556,6.000014841593261,0.55555556,0.25,40.500100180754515,10.367684562545593,30.132415618208924,15.916412100442393,sa3021239
Moises Semerite,ATL,DSL,20,6.0,3.0,13.5,0.22222222,3.0,0.05405405,0.24324324,-0.18918919,0.2962963,2.8333333333333335,0.26086957,0.39473684,18.0,13.25112377802531,4.74887622197469,10.218818122645219,sa3021246
Martin Tamara,DET,CPX,22,1.1,6.750016696792419,0.0,1.0,0.0,0.25,0.0,0.25,0.0,0.0,0.0,1.0,0.0,2.6290987104085697,-2.6290987104085697,3.7048732135884705,sa3021257
Fabian Lopez,MIA,CPX,20,2.1,3.85714850621175,11.57144551863525,0.33333333,3.85714850621175,0.06666667,0.2,-0.13333333,0.5,3.85714850621175,0.5,0.52631579,19.285742531058748,12.700543545721885,6.585198985336863,10.817472818065612,sa3021276
Andru Arthur,STL,CPX,20,2.0,4.5,0.0,1.0,0.0,0.1,0.0,0.1,0.3,1.5,0.33333333,0.66666667,0.0,3.129102420806885,-3.129102420806885,4.563464877009392,sa3021277
Osvaldo Heredia,MIA,DSL,20,6.1,7.105266724268624,17.052640138244698,0.41666667,0.0,0.13888889,0.33333333,-0.19444445,0.26086957,2.8421066897074496,0.33333333,0.57894737,11.368426758829798,9.163406778109534,2.205019980720264,10.122059232518357,sa3021282
Joseph Tailor,MIA,CPX,20,0.2,13.49993200634393,13.49993200634393,1.0,0.0,0.25,0.25,0.0,0.33333333,2.999984890298651,0.5,0.5,13.49993200634393,5.62909486595621,7.870837140387719,5.62909486595621,sa3021285
Angel Acosta,KCR,A+,23,2.1,7.7142970124235,3.85714850621175,2.0,3.85714850621175,0.15384615,0.07692308,0.07692308,0.45454545,2.5714323374744996,0.5,1.0,3.85714850621175,10.375656401394991,-6.518507895183241,5.562999683524453,sa3021290
Heriberto Caraballo,STL,A,21,1.1,0.0,0.0,0.0,6.750016696792419,0.0,0.0,0.0,0.42857143,2.250005565597473,0.33333333,1.0,6.750016696792419,13.49710320389276,-6.747086507100341,7.270163055612727,sa3021317
Kevin Verde,NYY,"A,AA,CPX",20,2.0,8.999999865889551,4.4999999329447755,2.0,13.499999798834327,0.10526316,0.05263158,0.05263158,0.72222222,6.999999895691873,0.76923077,0.20408163,53.99999919533731,22.78212681620689,31.21787237913042,8.75393703457372,sa3021326
Jackson Lancaster,TBR,AA,27,21.1,7.593751131557097,7.171876068692813,1.05882353,2.1093753143214156,0.1682243,0.1588785,0.0093458,0.33707865,2.2031253282912564,0.37878788,0.53658537,10.125001508742796,7.549852188024757,2.5751493207180394,6.086030369241351,sa3021468
Thomas Ireland,TEX,"A+,AAA",24,34.2,9.605768349925523,4.153845772940767,2.3125,0.25961536080879793,0.23870968,0.10322581,0.13548387,0.27338129,1.5576921648527875,0.36633663,0.66539924,4.673076494558362,3.561150446544537,1.1119260480138253,4.963271934498201,sa3021469
Jesus Rios,MIA,A+,24,22.1,9.2686580357136,6.447762111800765,1.4375,2.8208959239128344,0.19491525,0.13559322,0.05932203,0.32323232,2.1492540372669215,0.36231884,0.63106796,8.462687771738503,8.514240386900948,-0.05155261516244458,6.500773834196243,sa3021471
Mavis Graves,PHI,A+,22,43.1,13.292309252496485,3.946154309334894,3.36842105,1.453846324491803,0.35359116,0.10497238,0.24861879,0.20253165,1.176923215064793,0.28735632,0.68584071,3.7384619772646364,4.33277353004592,-0.5943115527812832,3.725569107945994,sa3021472
Augusto Mendieta,KCR,"A+,AA",21,33.2,11.762375126982667,3.207920489177091,3.66666667,1.3366335371571214,0.30555556,0.08333333,0.22222222,0.24806202,1.3069305696647409,0.3375,0.8,3.207920489177091,4.3344331109172,-1.1265126217401087,3.8171026891135096,sa3021473
Nolan Perry,TOR,"A,A+",22,48.2,13.684930612947475,2.958903916312968,4.625,0.739725979078242,0.39153439,0.08465608,0.30687831,0.17647059,0.9452054177110869,0.2826087,0.80645161,2.219177937234726,2.891326285720927,-0.6721483484862012,3.0039834694664105,sa3021476
Alix Hernandez,SFG,A,21,33.2,10.96039438373915,3.4752469997221693,3.15384615,1.0693067691452829,0.28873239,0.0915493,0.1971831,0.19047619,1.099009734954874,0.24691358,0.61046512,3.2079203074358484,5.085654170400279,-1.8777338629644302,5.587051517875485,sa3021479
Ismael Cabral,TBR,DSL,22,10.2,7.593747736886818,4.218748742714899,1.8,0.0,0.23684211,0.13157895,0.10526316,0.09090909,0.7499997764826487,0.125,0.875,0.0,4.30320719517765,-4.30320719517765,5.197663457201766,sa3021481
Jordi Infante,TBR,CPX,21,23.0,12.521739130434783,2.347826086956522,5.33333333,1.173913043478261,0.31683168,0.05940594,0.25742574,0.26595745,1.3478260869565217,0.37288136,0.71942446,4.695652173913044,3.955189377328624,0.7404627965844197,3.382081734356673,sa3021482
Marco Corcho,LAD,CPX,21,7.1,11.045459333532218,27.000011704189866,0.40909091,0.0,0.16363636,0.4,-0.23636364,0.27272727,4.227274559746898,0.375,0.41935484,18.409098889220363,11.363125534689376,7.045973354530988,11.97267555195143,sa3021484
Josnier Parra,OAK,"A,CPX",24,26.2,9.11250217258982,3.0375007241966068,3.0,1.0125002413988688,0.21428571,0.07142857,0.14285714,0.32478632,1.7625004202128458,0.40229885,0.63084112,6.750001609325793,5.114334518909467,1.6356670904163257,5.077218144459856,sa3021488
Angel Anazco,TEX,A,24,5.2,12.705875225137136,12.705875225137136,1.0,1.588234403142142,0.24242424,0.24242424,0.0,0.375,2.999998317046268,0.53333333,0.48192771,14.294109628279278,7.852959607465553,6.441150020813725,6.603306437933545,sa3021494
Darwin Rodriguez,KCR,A,22,55.0,9.49090909090909,3.7636363636363637,2.52173913,0.32727272727272727,0.23673469,0.09387755,0.14285714,0.27777778,1.509090909090909,0.37179487,0.61484919,4.909090909090909,3.5631224112077193,1.3459684978831898,4.085800767893141,sa3021497
Roberto Medina,TBR,CPX,21,12.1,8.027029095992294,5.83783934253985,1.375,2.918919671269925,0.18644068,0.13559322,0.05084746,0.25,1.6216220395944028,0.24242424,0.74712644,7.297299178174812,9.237211845529252,-1.9399126673544398,6.765489871392367,sa3021498
Carlos Castillo,PIT,A+,20,27.0,9.0,7.0,1.28571429,2.0,0.1942446,0.15107914,0.04316547,0.33043478,2.185185185185185,0.3902439,0.69029851,6.0,7.149867460462782,-1.149867460462782,6.022629210573656,sa3021500
Adrian Bohorquez,MIN,"A+,CPX",21,10.0,13.5,8.1,1.66666667,0.0,0.28301887,0.16981132,0.11320755,0.30232558,2.2,0.46428571,0.34782609,9.0,3.983480930328369,5.016519069671631,5.619516375660896,sa3021501
Roberto Urdaneta,OAK,"A,CPX",20,34.1,9.436894077643059,9.174758131041862,1.02857143,2.097087572809569,0.19565217,0.19021739,0.00543478,0.32876712,2.4174759519888083,0.39215686,0.58823529,10.223301917446648,8.982069625768276,1.2412322916783722,8.062859210572977,sa3021504
Walvin Mena,ARI,"A,CPX",20,25.0,6.48000003862381,4.320000025749207,1.5,1.800000010728836,0.15517241,0.10344828,0.05172414,0.27,1.5600000092983246,0.28571429,0.75,5.7600000343322755,7.634556333589461,-1.8745562992571854,6.412163924608183,sa3021505
Yordin Chalas,ARI,"A+,AA",22,11.0,7.363636363636363,6.545454545454546,1.125,0.8181818181818182,0.20454545,0.18181818,0.02272727,0.19444444,1.3636363636363635,0.23076923,0.88235294,2.4545454545454546,5.379329828782516,-2.924784374237061,5.716083921898496,sa3021508
Luis Beltrán,BAL,A,22,18.0,10.0,16.5,0.60606061,1.0,0.18518519,0.30555556,-0.12037037,0.2,2.611111111111111,0.25,0.50813008,11.0,9.17322342130873,1.8267765786912697,8.961826490776406,sa3021509
Jostin Florentino,CHC,"A+,CPX",21,24.0,9.000000089406969,6.750000067055226,1.33333333,1.1250000111758711,0.20869565,0.15652174,0.05217391,0.23655914,1.6666666832235126,0.28787879,0.6281407,6.000000059604646,6.4429910966166695,-0.4429910370120238,6.467959431027936,sa3021510
Joelvis Perez,CLE,CPX,21,13.2,11.85365577938364,5.268291457503841,2.25,0.6585364321879801,0.26865672,0.11940299,0.14925373,0.26785714,1.6829264378137267,0.37837838,0.6504065,5.268291457503841,5.549375298731002,-0.28108384122716146,6.6696335484495055,sa3021511
Rolando Anzola,LAA,CPX,21,17.0,10.058823529411764,9.0,1.11764706,0.5294117647058824,0.22619048,0.20238095,0.02380952,0.28787879,2.1176470588235294,0.39130435,0.64606742,7.411764705882353,6.5235505047966456,0.8882142010857077,6.985912099130013,sa3021513
Giovanni Vargas,STL,CPX,20,15.1,9.391306294836436,5.282609790845496,1.77777778,0.0,0.22222222,0.125,0.09722222,0.30645161,1.826087335107085,0.41304348,0.55172414,5.282609790845496,3.998667611156379,1.2839421796891166,5.401848565740926,sa3021515
Raymond Sosa,BAL,CPX,20,19.2,6.40677862542708,10.525422027487346,0.60869565,0.0,0.1372549,0.2254902,-0.0882353,0.21333333,1.9830505269179057,0.26229508,0.65116279,5.491524536080354,6.824017239438911,-1.3324927033585565,8.64735905005663,sa3021516
Jesus Flores,MIL,A+,21,4.2,5.785710344511887,17.357131033535662,0.33333333,0.0,0.10714286,0.32142857,-0.21428571,0.22222222,2.7857123880983163,0.26666667,0.78571429,5.785710344511887,9.089929197274863,-3.3042188527629754,9.84870758243491,sa3021519
Leuris Portorreal,WSN,A,20,40.0,5.85,3.825,1.52941176,0.675,0.14606742,0.09550562,0.0505618,0.275,1.525,0.3129771,0.64013841,5.175,4.6426678657531735,0.5323321342468263,5.332282009534538,sa3021520
Luis Arestigueta,ATL,"A,CPX",20,30.2,10.858694526558905,7.9239122220835245,1.37037037,0.5869564608950759,0.24025974,0.17532468,0.06493507,0.23076923,1.7608693826852277,0.32051282,0.47385621,8.804346913426139,5.783196945387952,3.021149968038187,6.131273979760092,sa3021521
Wuilliams Rodriguez,BOS,A,20,32.2,9.091835319077578,3.8571422565783666,2.35714286,1.9285711282891833,0.22147651,0.09395973,0.12751678,0.21641791,1.3163263256576965,0.23404255,0.49707602,5.78571338486755,5.760524674963378,0.02518870990417188,4.786635459287006,sa3021523
Kevin Velasco,BAL,CPX,20,6.1,12.789480103683523,8.526320069122349,1.5,0.0,0.32142857,0.21428571,0.10714286,0.23809524,1.7368429770434415,0.41666667,0.83333333,1.4210533448537248,4.60278686909146,-3.1817335242377354,6.414614038975173,sa3021524
Enniel Cortez,MIL,A,20,25.2,7.363635451622077,3.506493072200989,2.1,1.7532465361004945,0.18103448,0.0862069,0.09482759,0.31132075,1.6753244678293615,0.35,0.61111111,5.6103889155215825,5.6826026749382015,-0.072213759416619,4.591359644535545,sa3021525
Dariel Francia,PIT,"A,CPX",19,18.1,12.272729560363818,12.272729560363818,1.0,0.9818183648291054,0.27472527,0.27472527,0.0,0.16923077,1.963636729658211,0.23684211,0.73099415,5.40000100656008,6.761992910620478,-1.3619919040603978,6.518011637999129,sa3021526
Jesus Lopez,SFG,DSL,21,10.0,8.1,3.6,2.25,2.7,0.18,0.08,0.1,0.36363636,2.0,0.40625,0.61797753,9.9,8.484457111358642,1.4155428886413581,5.885484789311886,sa3021529
Jose Bello,BOS,A,21,29.1,7.67045537671776,4.602273226030656,1.66666667,1.2272728602748415,0.20491803,0.12295082,0.08196721,0.19626168,1.2272728602748415,0.21794872,0.625,3.068182150687104,5.21994076666755,-2.1517586159804463,4.506513326303711,sa3021530
Kelvis Salcedo,DET,A,20,12.2,13.499996611947358,2.842104549883654,4.75,1.421052274941827,0.32758621,0.06896552,0.25862069,0.25,1.342104926333948,0.35483871,0.67901235,5.684209099767308,4.220763177950987,1.4634459218163212,2.7862153370336484,sa3021531
Jerson Alejandro,NYY,CPX,20,2.1,7.7142970124235,15.428594024847,0.5,0.0,0.13333333,0.26666667,-0.13333333,0.36363636,3.4285764499659996,0.44444444,0.625,11.57144551863525,7.557678870772884,4.013766647862365,11.246044874311362,sa3021533
Frainer Mejias,SFG,DSL,20,8.1,8.640003295899694,8.640003295899694,1.0,0.0,0.20512821,0.20512821,0.0,0.14285714,1.4400005493166157,0.2,0.8,2.1600008239749235,6.624457889557181,-4.464457065582257,7.144869159259624,sa3021535
Fermin Magallanes,BAL,"A,CPX",24,10.1,13.935488479568148,21.77420074932523,0.64,1.7419360599460185,0.24242424,0.37878788,-0.13636364,0.24390244,3.3870978943394805,0.34782609,0.55900621,9.580648329703102,10.641545209782553,-1.0608968800794507,9.526658542062767,sa3021544
Tzu-Chen Sha,OAK,A+,22,53.0,6.283018867924528,2.547169811320755,2.46666667,1.8679245283018868,0.148,0.06,0.088,0.34061135,1.7547169811320755,0.37016575,0.49043062,9.50943396226415,6.43764159544459,3.071792366819561,5.977687539188368,sa3021551
Yadiel Batista,STL,A,22,30.1,8.604396506130984,2.076923294583341,4.14285714,0.5934066555952403,0.23577236,0.05691057,0.17886179,0.24137931,1.1538462747685228,0.30588235,0.65217391,3.8571432613690617,3.3844416856621753,0.4727015757068864,3.662942163229049,sa3021558
Ubert Mejias,SFG,"A,A+",25,47.1,9.697184140614699,1.140845193013494,8.5,1.521126924017992,0.26020408,0.03061224,0.22959184,0.2606383,1.1619719558470774,0.31782946,0.74235808,4.183099041049478,4.910243780833822,-0.727144739784344,4.756876380134701,sa3021562
Reudis Diaz,CHW,CPX,20,15.1,8.217393007981883,5.869566434272773,1.4,0.0,0.18666667,0.13333333,0.05333333,0.17857143,1.3043480965050607,0.23809524,0.51724138,6.456523077700051,6.708972891787807,-0.2524498140877567,8.263766787072605,sa3021566
Marlon Nieves,LAD,"A,CPX",21,16.2,10.259998043060676,5.939998867035128,1.72727273,0.5399998970031935,0.25675676,0.14864865,0.10810811,0.22413793,1.4399997253418493,0.31578947,0.61594203,4.8599990730287415,5.94700056152348,-1.0870014884947388,6.437207611300836,sa3021567
Javier Bartolozzi,LAD,"A,CPX",21,26.0,5.192307644694515,3.8076922727759777,1.36363636,1.3846153719185372,0.13157895,0.09649123,0.03508772,0.24752475,1.3846153719185372,0.25609756,0.64814815,5.538461487674149,6.934761581406882,-1.3963000937327328,7.371698447617518,sa3021568
Juan Valera,BOS,A+,20,9.1,16.392862726232913,3.8571441708783323,4.25,0.9642860427195831,0.47222222,0.11111111,0.36111111,0.125,0.8571431490840739,0.21428571,0.90909091,1.9285720854391661,2.630025862187644,-0.7014537767484776,2.256409318927327,sa3021570
Frenny Grant,DET,CPX,22,21.1,7.171876068692813,3.3750005029142653,2.125,1.6875002514571327,0.18478261,0.08695652,0.09782609,0.24390244,1.3125001955777698,0.26229508,0.73770492,4.640625691507115,6.379102756083062,-1.7384770645759478,6.025910647622604,sa3021572
Kevin Camacho,CHC,A,21,0.2,13.49993200634393,53.99972802537572,0.25,0.0,0.14285714,0.57142857,-0.42857143,0.33333333,7.499962225746627,0.5,0.2,40.499796019031784,18.617592317246427,21.882203701785357,18.617592317246427,sa3021577
Junior Aybar,BAL,A,19,2.2,0.0,23.624969724604544,0.0,3.374995674943506,0.0,0.33333333,-0.33333333,0.38461538,4.499994233258008,0.33333333,0.77586207,13.499982699774025,17.492650084965366,-3.992667385191341,15.392009683238026,sa3021607
Freider Rojas,MIL,CPX,20,1.0,0.0,0.0,0.0,0.0,0.0,0.0,0.0,0.5,2.0,0.5,0.5,9.0,4.817668151855469,4.182331848144531,6.307678659260273,sa3021611
Jeremy Almonte,MIA,CPX,20,0.1,0.0,0.0,0.0,0.0,0.0,0.0,0.0,0.5,3.00002995163303,0.5,1.0,0.0,4.129102420806885,-4.129102420806885,8.432232750912327,sa3021632
Argenis Aparicio,MIL,CPX,20,9.0,8.0,10.0,0.8,2.0,0.16326531,0.20408163,-0.04081633,0.21052632,2.0,0.21428571,0.55555556,7.0,9.595445929633247,-2.5954459296332466,8.52768099423912,sa3021643
Chris Lopez,STL,CPX,21,1.0,9.0,36.0,0.25,0.0,0.14285714,0.57142857,-0.42857143,0.33333333,5.0,0.5,0.4,18.0,14.129102420806884,3.870897579193116,15.563464877009391,sa3021648
Erik Tolman,WSN,AAA,27,18.2,13.982140475998525,7.71428440055091,1.8125,0.9642855500688637,0.32954545,0.18181818,0.14772727,0.23611111,1.767856841792917,0.36585366,0.69536424,5.785713300413183,4.409453845510702,1.3762594549024803,4.319899745696168,sa3021719
Will Childers,MIL,AAA,25,21.1,8.01562619442138,3.3750005029142653,2.375,1.6875002514571327,0.19791667,0.08333333,0.11458333,0.28409091,1.5468752305023716,0.32307692,0.72992701,5.062500754371398,5.333561399765353,-0.2710606453939546,4.8259523460479405,sa3021720
Sam Gardner,TOR,AA,29,6.0,9.0,3.0,3.0,0.0,0.21428571,0.07142857,0.14285714,0.26923077,1.5,0.35,0.11111111,9.0,2.5624916076660162,6.437508392333983,3.187678860624632,sa3021721
Mitch Neunborn,PHI,"A+,AA,AAA,CPX",29,10.2,6.7499978374696745,5.062498378102256,1.33333333,0.8437497296837093,0.16,0.12,0.04,0.23255814,1.4999995194377054,0.26470588,0.64102564,5.062498378102256,5.362316758986701,-0.299818380884445,6.317207551261145,sa3021722
Kohl Drake,ARI,AAA,25,54.0,8.0,4.333333333333333,1.84615385,1.8333333333333333,0.18461538,0.1,0.08461538,0.29613734,1.7592592592592593,0.33333333,0.53349876,7.833333333333333,6.364134007913095,1.469199325420238,5.9157203246045995,sa3021723
Ryan Harvey,DET,"A+,AA",25,30.1,8.901099833928605,2.3736266223809612,3.75,0.5934066555952403,0.22727273,0.06060606,0.16666667,0.23529412,1.1868133111904806,0.29885057,0.7591623,2.3736266223809612,4.086553553641812,-1.7129269312608506,5.406332817661344,sa3021724
Michael Kennedy,CLE,A+,21,43.2,9.068701233760311,3.9160300782146797,2.31578947,1.0305342311091263,0.23280423,0.1005291,0.13227513,0.24852071,1.396946402170149,0.30833333,0.63636364,5.152671155545631,4.794403703287355,0.35826745225827583,5.373671330678318,sa3021728
Jackson Humphries,CLE,A+,21,36.2,13.009089104518667,6.872726319368353,1.89285714,0.7363635342180378,0.32919255,0.17391304,0.1552795,0.17054264,1.3636361744778478,0.26027397,0.64257028,4.909090228120252,4.737984538905892,0.1711056892143601,5.364355642918185,sa3021729
Gage Stanifer,TOR,AA,22,57.0,11.052631578947368,5.2105263157894735,2.12121212,1.105263157894737,0.27777778,0.13095238,0.1468254,0.23502304,1.4736842105263157,0.31428571,0.69553806,4.2631578947368425,4.544947748016893,-0.2817898532800509,4.593686132995706,sa3021731
Starlin Savinon,TBR,CPX,21,16.0,11.25,7.3125,1.53846154,0.0,0.27777778,0.18055556,0.09722222,0.22033898,1.625,0.33333333,0.65384615,3.9375,4.066602420806885,-0.12910242080688494,5.500964877009392,sa3021735
Jeter Martinez,PIT,A,20,46.0,9.391304347826088,5.282608695652174,1.77777778,0.391304347826087,0.2364532,0.13300493,0.10344828,0.22674419,1.434782608695652,0.30327869,0.74404762,3.9130434782608696,4.247079086303711,-0.3340356080428415,4.805161051549342,sa3021738
Jecsua Liborius,LAD,A,21,31.2,12.221051404747069,3.978946968987418,3.07142857,0.8526314933544467,0.33076923,0.10769231,0.22307692,0.18584071,1.1052630469409495,0.26865672,0.65088757,3.978946968987418,4.677316562620888,-0.69836959363347,5.051220117095212,sa3021742
Erick Reynoso,ARI,A,23,15.2,10.340423433745478,12.063827339369725,0.85714286,0.5744679685414155,0.23684211,0.27631579,-0.03947368,0.18867925,1.9787230027537646,0.26470588,0.63291139,6.319147653955571,7.487170402817094,-1.1680227488615236,8.54164866677794,sa3021749
Mariano Salomon,NYY,CPX,23,4.1,14.538472203821184,8.307698402183535,1.75,2.0769246005458837,0.26923077,0.15384615,0.11538462,0.36363636,2.7692328007278446,0.5,0.56603774,10.384623002729418,6.667565821474076,3.717057181255342,4.991591474635091,sa3021751
Luis Garcia,TEX,CPX,22,6.1,12.789480103683523,21.315800172805872,0.6,1.4210533448537248,0.2195122,0.36585366,-0.14634146,0.18181818,3.000001505802308,0.25,0.37037037,15.631586793390973,13.0281985887881,2.6033882046028722,11.916625719739296,sa3021753
Eddy Peralta,TEX,DSL,23,6.0,12.0,12.0,1.0,0.0,0.22857143,0.22857143,0.0,0.26923077,2.5,0.38888889,0.375,7.5,6.417790444691976,1.0822095553080242,6.851466337343057,sa3021757
David Matoma,PIT,"A,CPX",20,15.0,9.599999923706056,13.799999890327454,0.69565217,0.0,0.19753086,0.28395062,-0.08641975,0.27586207,2.5999999793370567,0.38095238,0.64102564,7.79999993801117,6.256192854194099,1.5438070838170708,7.1781530790255195,sa3021761
Daury Vasquez,ARI,"A,CPX",20,38.0,8.289473684210526,5.2105263157894735,1.59090909,2.3684210526315788,0.18716578,0.11764706,0.06951872,0.29192547,1.8157894736842106,0.31896552,0.37288136,10.894736842105264,8.24573779357107,2.6489990485341934,7.037329426878378,sa3021767
Manuel Osorio,CLE,CPX,20,16.1,13.775512885174047,4.408164123255696,3.125,1.102041030813924,0.36764706,0.11764706,0.25,0.21666667,1.2857145359495779,0.33333333,0.71428571,2.204082061627848,4.817668151855469,-2.613586090227621,4.3205329176824465,sa3021772
Stiveen Rojas,MIA,DSL,19,10.0,6.3,11.7,0.53846154,0.9,0.14583333,0.27083333,-0.125,0.22857143,2.1,0.25925926,0.71428571,6.3,8.384457111358643,-2.0844571113586428,7.691603361070156,sa3021775
Eric Prado,MIL,A,20,24.1,10.726028798512079,6.2876720543001845,1.70588235,2.2191783721059477,0.25663717,0.15044248,0.10619469,0.2688172,1.7260276227490703,0.32758621,0.73770492,6.2876720543001845,6.905339528132355,-0.6176674738321708,5.159247590460807,sa3021780
Cristian Hernandez,MIN,CPX,21,25.0,10.8,6.84,1.57894737,2.16,0.24590164,0.1557377,0.09016394,0.27722772,1.88,0.33846154,0.54187192,7.56,7.369102420806885,0.19089757919311445,5.740839375257492,sa3021788
Joshua Quezada,MIL,"A,AAA",22,31.1,12.063831057064048,3.446808873446871,3.5,1.148936291148957,0.29787234,0.08510638,0.21276596,0.27777778,1.5000001578889162,0.3875,0.54054054,6.893617746893742,4.029780395525502,2.8638373513682405,3.598006385206803,sa3021789
Jose Rengel,SFG,CPX,20,7.2,7.043475340355856,7.043475340355856,1.0,3.521737670177928,0.13953488,0.13953488,0.0,0.36111111,2.4782598419770605,0.37037037,0.63291139,11.73912556725976,11.078535121060675,0.6605904461990857,8.3237701009763,sa3021790
Jose Romero,SEA,A,21,49.1,6.750000695924573,3.283784122341684,2.05555556,0.9121622562060233,0.15744681,0.07659574,0.08085106,0.3317757,1.8040542400519128,0.38372093,0.57647059,6.567568244683368,5.645595493274865,0.9219727514085037,6.222903301428719,sa3021791
Edward Cedano,ATL,CPX,20,12.0,6.75,15.0,0.45,0.0,0.12328767,0.2739726,-0.15068493,0.28846154,2.9166666666666665,0.34883721,0.44444444,12.75,7.879102420806885,4.870897579193115,9.313464877009391,sa3021792
Keyner Benitez,MIA,A,20,19.1,11.172415630145835,4.189655861304688,2.66666667,0.9310346358454862,0.31168831,0.11688312,0.1948052,0.10447761,0.8275863429737655,0.12195122,0.63380282,2.7931039075364588,4.160872257790594,-1.367768350254135,3.7069371900705397,sa3021795
Nicolas De La Cruz,BOS,A,20,26.1,13.670887726275254,11.620254567333966,1.17647059,0.6835443863137627,0.28368794,0.24113475,0.04255319,0.24528302,2.2784812877125424,0.375,0.70446735,5.4683550905101015,5.554376960308835,-0.08602186979873316,5.803204371382799,sa3021796
Jorge Luna,NYY,CPX,21,11.0,7.363636363636363,4.909090909090909,1.5,0.0,0.17307692,0.11538462,0.05769231,0.19512195,1.2727272727272727,0.25,0.63157895,4.090909090909091,5.492738784443248,-1.4018296935341574,6.796704653718255,sa3021797
Luimy Munoz,TEX,A,23,24.1,8.136987364388474,2.958904496141263,2.75,0.3698630620176579,0.22222222,0.08080808,0.14141414,0.21978022,1.1506850818327135,0.27941176,0.63909774,2.2191783721059477,3.3299965952949955,-1.1108182231890478,3.829483069471654,sa3021803
Luis Sotillo,NYM,CPX,21,12.1,13.135138520714662,10.216218849444736,1.28571429,0.7297299178174812,0.31034483,0.24137931,0.06896552,0.1627907,1.702703141574123,0.25,0.67961165,5.83783934253985,5.912886664360728,-0.07504732182087803,5.7892298473222645,sa3021804
Luis Avila,PHI,"A,A+",23,16.2,11.879997734070256,9.17999824905429,1.29411765,1.079999794006387,0.275,0.2125,0.0625,0.20967742,1.7999996566773115,0.28947368,0.60283688,7.019998661041515,5.7909756094620315,1.2290230515794835,5.923093717419993,sa3021805
Johan Rodriguez,SFG,CPX,23,9.2,11.172410119020489,8.379307589265366,1.33333333,1.8620683531700815,0.25531915,0.19148936,0.06382979,0.27777778,1.9655165950128637,0.36363636,0.82417582,4.655170882925203,8.438356616352849,-3.7831857334276453,7.1359530343052,sa3021807
Daiher Hernandez,CLE,DSL,20,9.1,8.678574384476248,4.821430213597916,1.8,0.0,0.23076923,0.12820513,0.1025641,0.20588235,1.2857147236261108,0.28,0.66666667,0.9642860427195831,4.263028430452115,-3.298742387732532,5.378195391378498,sa3021811
Bernard Jose,SDP,"A+,AA,CPX",23,29.2,13.044942317564782,5.460673528282933,2.38888889,1.8202245094276441,0.29861111,0.125,0.17361111,0.29032258,1.8202245094276441,0.4,0.6512605,7.2808980377105765,6.14315756842381,1.1377404692867668,5.0665366484741226,sa3021812
Raudy Rivera,CLE,CPX,21,14.0,14.785714285714286,10.928571428571429,1.35294118,2.5714285714285716,0.31506849,0.23287671,0.08219178,0.21818182,2.0714285714285716,0.28571429,0.57377049,9.0,9.103382437569755,-0.10338243756975452,6.879107230688845,sa3021813
Odarlin Cruz,COL,CPX,21,20.0,9.9,3.15,3.14285714,0.9,0.24444444,0.07777778,0.16666667,0.275,1.45,0.35714286,0.68493151,4.5,5.417668151855469,-0.9176681518554686,5.533178133890033,sa3021814
Wilmis Paulino,COL,CPX,20,16.0,14.0625,1.6875,8.33333333,0.0,0.44642857,0.05357143,0.39285714,0.11320755,0.5625,0.21428571,0.66666667,0.5625,2.255168151855469,-1.692668151855469,3.279550375696272,sa3021815
Luis Rodriguez,HOU,A+,22,50.2,6.92763088350488,3.3749996611946846,2.05263158,1.5986840500395876,0.17256637,0.0840708,0.08849558,0.28217822,1.4999998494198599,0.31168831,0.64327485,5.6842099556963115,5.78510115866518,-0.10089120296886822,5.691398116434848,sa3021816
Jordan Valenzuela,SDP,CPX,21,19.0,16.105263157894736,9.0,1.78947368,0.0,0.39534884,0.22093023,0.17441861,0.16666667,1.5789473684210527,0.34375,0.77419355,2.8421052631578947,4.396615520276521,-1.5545102571186264,5.180831576805366,sa3021820
Yoralbert Cadiz,NYM,CPX,21,14.2,10.431815920782974,4.90908984507434,2.125,1.227272461268585,0.25373134,0.11940299,0.13432836,0.25454545,1.4999996748838262,0.33333333,0.56034483,3.6818173838057553,6.038192916113573,-2.3563755323078177,5.439035055597775,sa3021822
Ericksson De Los Santos,DET,DSL,20,6.1,14.210533448537248,15.631586793390973,0.90909091,0.0,0.29411765,0.32352941,-0.02941176,0.22727273,2.526317057517733,0.41666667,0.76470588,5.684213379414899,7.110774168876375,-1.426560789461476,7.932476272655368,sa3021823
Jacob Wosinski,MIN,"A+,AA",27,26.1,8.202532635765152,3.4177219315688134,2.4,1.3670887726275254,0.21818182,0.09090909,0.12727273,0.22222222,1.2151900201133559,0.25352113,0.65693431,4.784810704196339,5.219011910587788,-0.43420120639144955,5.284906901213954,sa3021825
Abel Lorenzo,LAD,CPX,20,1.0,9.0,0.0,1.0,0.0,0.25,0.0,0.25,0.25,1.0,0.33333333,1.0,0.0,2.817668151855469,-2.817668151855469,5.797689166665077,sa3021831
Adrian Gil,CHW,A,20,2.0,0.0,4.5,0.0,0.0,0.0,0.14285714,-0.14285714,0.16666667,1.0,0.16666667,1.0,0.0,5.117667865753174,-5.117667865753174,6.59732488244772,sa3021856
Paulo Asprilla,STL,CPX,20,0.2,13.49993200634393,13.49993200634393,1.0,0.0,0.25,0.25,0.0,0.33333333,2.999984890298651,0.5,0.5,0.0,5.62909486595621,-5.62909486595621,7.780627713865801,sa3021859
Brandon Neeck,PIT,"AA,AAA",26,27.0,14.0,8.0,1.75,0.6666666666666666,0.3442623,0.19672131,0.14754098,0.20618557,1.6296296296296295,0.33962264,0.85308057,2.3333333333333335,4.1859626805553285,-1.852629347221995,4.679616938828595,sa3021978
Landon Sims,ARI,"AA,AAA",25,29.2,8.494381112261449,4.247190556130724,2.0,1.5168537700466873,0.21374046,0.10687023,0.10687023,0.25862069,1.4831459084900944,0.30120482,0.71052632,5.157302818158737,5.498002415231976,-0.3406995970732396,5.477784490413994,sa3021979
Kyle Larsen,PIT,A+,23,34.2,10.903844554043616,5.451922277021808,2.0,1.0384613860993919,0.25925926,0.12962963,0.12962963,0.27142857,1.701922827218448,0.36170213,0.66176471,5.711537623546656,4.575080991778875,1.1364566317677811,4.447135835156461,sa3021983
Colin Fields,DET,AA,26,14.2,12.886360843320144,4.2954536144400475,3.0,2.45454492253717,0.32307692,0.10769231,0.21538462,0.19298246,1.227272461268585,0.21875,0.59701493,6.136362306342925,5.880672923395565,0.2556893829473603,4.253406893128095,sa3021985
Zack Qin,SDP,CPX,20,21.2,14.953843959831243,1.661538217759027,9.0,0.8307691088795135,0.40909091,0.04545455,0.36363636,0.23809524,1.1076921451726847,0.39130435,0.99056604,1.2461536633192702,3.2484376128608323,-2.002283949541562,3.6989107242008252,sa3021986
Jose Varela,HOU,A,21,24.0,8.625,7.125,1.21052632,1.125,0.20175439,0.16666667,0.03508772,0.24731183,1.75,0.29850746,0.42713568,9.0,5.951001199086508,3.048998800913492,5.744005840085448,sa3021987
Brandon Herbold,KCR,A,21,18.2,11.571426600826365,7.71428440055091,1.5,0.9642855500688637,0.25806452,0.17204301,0.08602151,0.26315789,1.9285711001377275,0.36,0.73099415,4.339284975309887,5.171239029753011,-0.8319540544431234,5.522263311078217,sa3021988
Yatner Crisostomo,CLE,CPX,23,10.0,9.0,9.9,0.90909091,1.8,0.18518519,0.2037037,-0.01851852,0.30952381,2.4,0.36666667,0.45045045,13.5,9.017668151855469,4.482331848144531,8.503682862222195,sa3021991
Marwys Cabrera,KCR,CPX,20,22.0,7.7727272727272725,4.909090909090909,1.58333333,0.8181818181818182,0.19587629,0.12371134,0.07216495,0.21176471,1.3636363636363635,0.25,0.69852941,4.5,5.90857724276456,-1.4085772427645598,6.013586317341436,sa3021992
Irvin Gonzalez,CIN,CPX,20,27.1,9.54878159834485,4.939024964661129,1.93333333,0.3292683309774086,0.25,0.12931034,0.12068966,0.21649485,1.3170733239096344,0.29850746,0.64766839,4.939024964661129,5.2566925931586805,-0.3176676284975519,5.9803596710872675,sa3021995
Joel Garcia,MIN,A,21,7.1,11.045459333532218,3.6818197778440727,3.0,0.0,0.25,0.08333333,0.16666667,0.26666667,1.5000006502327703,0.38095238,0.5,6.136366296406788,3.747079086303711,2.3892872101030767,5.241717721026545,sa3021999
Nicolas Carreno,NYM,"A,A+",20,51.2,11.845160124240001,4.703225343448236,2.51851852,0.6967741249552942,0.31192661,0.12385321,0.18807339,0.17582418,1.14193537145451,0.25454545,0.75320513,2.787096499821177,4.182027330957401,-1.3949308311362238,4.234337911494986,sa3022004
Junior Sanchez,ARI,"A+,AA",20,53.2,11.068324685993797,2.8509321160893117,3.88235294,1.5093170026355178,0.30555556,0.0787037,0.22685185,0.21212121,1.0993790513024142,0.26829268,0.78059072,3.6894415619979326,4.378934141006548,-0.6894925790086153,3.934705507397999,sa3022009
Jarol Baéz,STL,CPX,20,13.0,9.692307692307692,8.307692307692308,1.16666667,3.4615384615384617,0.21212121,0.18181818,0.03030303,0.31481481,2.230769230769231,0.34285714,0.68181818,8.307692307692308,9.7444870361915,-1.4367947284991924,6.620191786610164,sa3022010
Carlos Mateo,PIT,CPX,20,13.2,15.14633794032354,13.1707286437596,1.15,0.0,0.34328358,0.29850746,0.04477612,0.18181818,2.0487800112514933,0.38095238,0.70967742,5.268291457503841,5.812028858620612,-0.543737401116771,6.336795488827271,sa3022011
Greudis De Los Santos,ARI,DSL,20,4.2,11.571445223044009,5.785722611522004,2.0,0.0,0.3,0.15,0.15,0.23529412,1.500002158542742,0.36363636,0.57142857,5.785722611522004,3.9415990434117534,1.844123568110251,4.313321772031509,sa3022012
Jesus Escobar,ARI,A,20,45.0,4.0,4.2,0.95238095,1.4,0.0990099,0.1039604,-0.0049505,0.26553672,1.511111111111111,0.26666667,0.54662379,6.6,7.351000785827637,-0.7510007858276371,7.260344772868686,sa3022013
Ubaldo Soto,LAA,A,19,48.2,12.205478176432761,5.1780816506078375,2.35714286,1.6643833876953764,0.28947368,0.12280702,0.16666667,0.2893401,1.746575159927247,0.39344262,0.70291777,5.7328761131729635,6.15374034434911,-0.4208642311761466,5.232378755843492,sa3022015
Jormy Nivar,TEX,A,23,36.1,7.43119370083502,3.2201839370285086,2.30769231,0.743119370083502,0.20979021,0.09090909,0.11888112,0.22307692,1.1559634645743364,0.26804124,0.82010582,1.9816516535560054,4.113080779142176,-2.1314291255861706,4.179972434399309,sa3022022
Randry De Leon,SFG,DSL,20,10.0,9.9,5.4,1.83333333,2.7,0.22916667,0.125,0.10416667,0.34146341,2.0,0.40740741,0.6547619,9.0,8.384457111358643,0.6155428886413574,5.612014432251454,sa3022025
Erick Batista,SDP,CPX,20,19.1,11.637932948068578,9.775863676377606,1.19047619,0.4655173179227431,0.27777778,0.23333333,0.04444444,0.27941176,2.0689658574344136,0.42857143,0.70707071,5.5862078150729175,6.317668398495419,-0.7314605834225016,6.493019233264977,sa3022026
Bayant Melo,MIA,DSL,21,12.1,9.486488931627257,5.83783934253985,1.625,0.7297299178174812,0.26,0.16,0.1,0.14285714,1.135135427716082,0.17857143,0.79365079,2.918919671269925,5.476349233135564,-2.5574295618656393,4.984901615850218,sa3022028
Miguel Toscano,TBR,CPX,20,27.1,7.573171612480397,1.6463416548870429,4.6,0.3292683309774086,0.18548387,0.04032258,0.14516129,0.33898305,1.6463416548870429,0.41489362,0.51569507,5.9268299575933545,3.5803218691778707,2.346508088415484,4.783965860327679,sa3022031
Esteban Dicent,BAL,DSL,23,8.1,14.040005355837003,9.720003707887157,1.44444444,0.0,0.30952381,0.21428571,0.0952381,0.16666667,1.680000640869385,0.29411765,0.64705882,6.480002471924771,5.784457569122489,0.6955449028022818,6.721197854586885,sa3022033
Carlos Gonzalez,KCR,DSL,20,13.2,6.5853643218798,2.6341457287519203,2.5,0.0,0.20833333,0.08333333,0.125,0.13636364,0.7317071468755334,0.17647059,1.0,0.0,3.999091393858216,-3.999091393858216,4.760668394051231,sa3022036
Brailyn Paulino,STL,CPX,20,9.1,5.785716256317499,7.714288341756665,0.75,0.9642860427195831,0.11538462,0.15384615,-0.03846154,0.38095238,2.5714294472522217,0.42857143,0.6504065,8.678574384476248,7.450532123507671,1.2280422609685768,8.0555371792818,sa3022038
Franly Urena,TOR,A,22,32.1,10.855671810767076,5.567011185008757,1.95,1.1134022370017513,0.28467153,0.1459854,0.13868613,0.21052632,1.3608249563354737,0.28169014,0.84541063,3.340206711005254,5.07697620272247,-1.736769491717216,5.212106246891067,sa3022050
Jackson Fristoe,NYY,A+,25,13.2,8.560973618443741,8.560973618443741,1.0,0.6585364321879801,0.203125,0.203125,0.0,0.17647059,1.6097557231261734,0.21621622,0.38834951,6.5853643218798,5.496750486783614,1.0886138350961865,5.9376645477277155,sa3022104
Sunayro Martina,NYY,CPX,22,14.0,8.357142857142858,5.142857142857143,1.625,1.9285714285714286,0.17808219,0.10958904,0.06849315,0.3442623,2.0714285714285716,0.4,0.72916667,7.714285714285714,7.629102420806885,0.08518329347882947,6.48265951360975,sa3022106
Irving Cota,NYM,"A+,AA",22,29.1,5.522726075708633,1.8409086919028776,3.0,0.6136362306342925,0.15254237,0.05084746,0.10169492,0.20183486,0.9545452476533439,0.2247191,0.85106383,2.1477268072200237,4.168794911472764,-2.0210681042527403,5.479406777957891,sa3022108
Jun-Seok Shim,NYM,CPX,22,12.2,8.526313649650962,9.94736592459279,0.85714286,0.0,0.2,0.23333333,-0.03333333,0.15909091,1.657894320765465,0.21875,0.69565217,4.263156824825481,6.023838787395988,-1.7606819625705068,7.156229915994721,sa3022110
Jervis Alfaro,CLE,"A,A+",22,45.0,9.999999576144766,2.99999987284343,3.33333333,0.9999999576144766,0.25773196,0.07731959,0.18041237,0.29775281,1.5111110470618758,0.3902439,0.72580645,4.3999998135036975,3.9821984822219525,0.417801331281745,3.779645077330076,sa3022113
Jose Vasquez,LAD,CPX,21,11.2,8.485711973541267,15.428567224620485,0.55,0.0,0.14864865,0.27027027,-0.12162162,0.32692308,3.1714277072830996,0.41463415,0.41025641,16.971423947082535,8.589095695651586,8.382328251430948,10.632538120441446,sa3022116
Francis Marte,OAK,CPX,20,13.2,8.560973618443741,5.92682788969182,1.44444444,0.6585364321879801,0.203125,0.140625,0.0625,0.20754717,1.4634142937510668,0.25641026,0.48543689,5.268291457503841,6.281082445606536,-1.0127909881026955,7.074265294168718,sa3022118
Eliezer Pena,COL,CPX,20,25.2,9.81818060216277,7.714284758842176,1.27272727,1.0519479216602967,0.22580645,0.17741935,0.0483871,0.36633663,2.2987010139984263,0.48571429,0.73476703,5.6103889155215825,6.84364192690493,-1.233253011383347,6.252999199479456,sa3022119
Jhon Medina,COL,A,20,38.0,8.289473684210526,8.052631578947368,1.02941176,1.4210526315789473,0.18041237,0.17525773,0.00515464,0.29746835,2.1315789473684212,0.35042735,0.49597855,10.421052631578947,7.603632364775006,2.817420266803941,7.493116760881324,sa3022121
Rubén Menes,STL,"A,A+",24,35.2,9.084113768838503,5.299066365155793,1.71428571,0.2523364935788473,0.23376623,0.13636364,0.0974026,0.19230769,1.2897198560696639,0.25806452,0.69327731,4.037383897261557,4.242403951150526,-0.20502005388896904,5.5025459853984335,sa3022122
Renil Ramos,CLE,CPX,20,5.2,7.94117201571071,3.176468806284284,2.5,0.0,0.29411765,0.11764706,0.17647059,0.13333333,0.7058819569520631,0.2,1.0,0.0,4.111786194903406,-4.111786194903406,4.900614844537936,sa3022124
Kendal Meza,SEA,CPX,20,16.1,9.918369277325315,8.816328246511391,1.125,1.6530615462208857,0.21686747,0.19277108,0.02409639,0.26229508,1.959184054780309,0.325,0.71005917,7.714287215697467,9.042158769975511,-1.3278715542780448,7.840330164409319,sa3022125
Davidxon Lara,LAA,A,19,13.2,9.8780464828197,1.9756092965639402,5.0,2.6341457287519203,0.2173913,0.04347826,0.17391304,0.35384615,1.9024385818763867,0.41304348,0.56074766,6.5853643218798,7.038805085204451,-0.4534407633246502,5.033937430861719,sa3022127
Kelvin Rosario,ARI,CPX,19,17.0,12.176470588235293,5.294117647058823,2.3,1.588235294117647,0.26436782,0.11494253,0.14942529,0.32894737,2.0588235294117645,0.44,0.53459119,7.9411764705882355,6.347079916561351,1.5940965540268843,5.981211161438157,sa3022128
Francisco Morao,BAL,CPX,20,19.1,12.10345026599132,6.982759768841146,1.73333333,0.4655173179227431,0.30952381,0.17857143,0.13095238,0.2173913,1.5517243930758102,0.33333333,0.6993007,4.189655861304688,4.439447299422047,-0.2497914381173585,4.954092175383363,sa3022130
Frank Martinez,TEX,A,24,32.0,9.5625,4.5,2.125,1.96875,0.22516556,0.10596026,0.1192053,0.31343284,1.8125,0.37634409,0.58943089,8.15625,5.930167865753174,2.226082134246826,3.9649642194155605,sa3022132
Brayan Narvaez,SFG,CPX,21,20.2,8.709676079646067,1.3064514119469102,6.66666667,1.7419352159292134,0.22222222,0.03333333,0.18888889,0.28235294,1.3064514119469102,0.32786885,0.47008547,7.838708471681461,6.124119563802379,1.7145889078790812,5.194130892153672,sa3022133
Javier González,BAL,"A,CPX",20,11.0,12.272727272727273,5.7272727272727275,2.14285714,1.6363636363636365,0.3,0.14,0.16,0.2,1.3636363636363635,0.26086957,0.85526316,4.090909090909091,6.306762582605536,-2.2158534916964454,5.271798212148926,sa3022135
Elier Morillo,MIA,A,20,26.1,17.088609657844067,6.151899476823864,2.77777778,0.6835443863137627,0.42016807,0.1512605,0.26890756,0.18478261,1.329114084498983,0.375,0.65533981,4.4430385110394575,4.012901903203508,0.43013660783594965,3.798555519694942,sa3022138
Yohanfer Santana,MIA,CPX,20,17.0,14.294117647058824,11.647058823529411,1.22727273,1.588235294117647,0.32142857,0.26190476,0.05952381,0.16393443,1.8823529411764706,0.22580645,0.52083333,8.470588235294118,7.305573009042179,1.1650152262519384,5.68644945901983,sa3022143
Jairon Digon,ARI,A,20,14.0,9.0,9.642857142857142,0.93333333,0.6428571428571429,0.2,0.21428571,-0.01428571,0.28301887,2.142857142857143,0.36842105,0.71895425,6.428571428571429,7.122429357256209,-0.6938579286847801,8.302440987314498,sa3022148
Stanly Alcantara,NYY,CPX,22,22.2,9.529410428242063,10.323527963928901,0.92307692,1.1911763035302578,0.19047619,0.20634921,-0.01587302,0.26315789,2.2499996844460424,0.32352941,0.55984556,9.529410428242063,7.834984254012131,1.6944261742299318,7.253448639025237,sa3022151
Jonathan Russell,TBR,"A+,CPX",21,14.2,10.431815751205372,3.068181103295698,3.4,0.0,0.30357143,0.08928571,0.21428571,0.16,0.8863634298409794,0.24242424,0.71428571,2.4545448826365583,2.6371007906093933,-0.18255590797283494,3.545151408408954,sa3022152
Styven Paez,ATL,A,21,21.0,11.571428571428571,5.571428571428571,2.07692308,0.42857142857142855,0.27835052,0.13402062,0.1443299,0.19753086,1.380952380952381,0.28301887,0.8496732,2.5714285714285716,3.9510011990865075,-1.3795726276579359,4.600231022919927,sa3022155
Michael Valverde,TEX,CPX,23,10.2,10.968746731058737,11.812496479601718,0.92857143,0.8437497485429798,0.22033898,0.23728814,-0.01694915,0.27906977,2.437499273568608,0.37931034,0.60150376,9.281247233972778,8.098917173967056,1.1823300600057216,8.416740415009555,sa3022157
Cristobal Abreu,ATL,"A,CPX",20,12.1,7.297299319240665,13.864868706557264,0.52631579,0.7297299319240665,0.14705882,0.27941176,-0.13235294,0.26086957,2.5135142099606735,0.31428571,0.82822086,4.378379591544399,8.498210748928031,-4.119831157383632,8.400261660144762,sa3022169
Kyle Bischoff,MIN,"A,AA",26,19.2,10.52542719526742,4.576272693594531,2.3,1.8305090774378123,0.26744186,0.11627907,0.15116279,0.17808219,1.169491910585269,0.19565217,0.73529412,3.6610181548756247,5.9493189034554375,-2.288300748579813,4.369824042318051,sa3022176
Pedro Peralta,PHI,CPX,19,21.2,12.046152078752947,7.061537425475865,1.70588235,2.9076918810782972,0.25217391,0.14782609,0.10434783,0.36458333,2.39999964787415,0.46666667,0.45248869,13.292305742072216,8.282947965204453,5.009357776867763,5.804183276329649,sa3022182
Walter Ford,SEA,A+,21,57.1,5.965116808258483,1.8837210973447842,3.16666667,2.9825584041292417,0.14785992,0.04669261,0.10116732,0.3127572,1.5348838570957501,0.30645161,0.66246057,6.436047082594679,7.366534054788688,-0.930486972194009,5.500804288734888,sa3022190
Harrison Ruiz,CLE,CPX,22,12.0,12.75,3.0,4.25,1.5,0.34,0.08,0.26,0.2826087,1.4166666666666667,0.40740741,0.77464789,4.5,5.151001485188802,-0.651001485188802,4.846847952778141,sa3022193
Jose Gonzalez,LAD,CPX,21,0.1,0.0,135.00134782348636,0.0,0.0,0.0,0.625,-0.625,0.66666667,21.00020966143121,0.66666667,0.42857143,108.00107825878908,49.81811742635092,58.182960832438155,49.81811742635092,sa3022196
Jose Perez,BAL,A,21,0.2,0.0,0.0,0.0,0.0,0.0,0.0,0.0,0.0,0.0,0.0,1.0,0.0,3.6176678657531736,-3.6176678657531736,3.6176678657531736,sa3022198
Moises Amezquita,KCR,CPX,21,17.1,4.67307778011428,5.192308644571423,0.9,0.0,0.12676056,0.14084507,-0.01408451,0.2295082,1.3846156385523793,0.26923077,0.66666667,3.1153851867428535,5.5099759711316585,-2.394590784388805,6.025748933671673,sa3022203
Jose Martinez,NYY,A,21,29.2,9.404493374289462,3.943819802121387,2.38461538,1.21348301603735,0.23846154,0.1,0.13846154,0.26724138,1.4831459084900944,0.33333333,0.78680203,3.0337075400933746,4.825730656114689,-1.7920231160213143,4.33964540649625,sa3022207
Alvin Veras,OAK,DSL,20,15.0,4.2,1.8,2.33333333,0.6,0.109375,0.046875,0.0625,0.26666667,1.2666666666666666,0.28846154,0.59139785,4.2,5.317790444691976,-1.117790444691976,5.665416277448337,sa3022216
Angel Liranzo,PHI,"A,CPX",19,27.0,12.000000105963814,5.000000044151589,2.4,2.0000000176606356,0.27480916,0.11450382,0.16030534,0.34782609,2.0370370550247214,0.46575342,0.56722689,7.333333398088997,6.096088124286865,1.2372452738021318,5.081163384633112,sa3022217
Jose Urbina,TBR,A+,20,56.1,9.26627302598879,3.994083200857237,2.32,0.9585799682057369,0.2265625,0.09765625,0.12890625,0.25877193,1.491124394986702,0.32317073,0.66157761,3.994083200857237,4.410880025971373,-0.4167968251141363,5.154005113378594,sa3022218
Alexander Campos,TBR,CPX,23,13.1,6.750001609325793,2.7000006437303172,2.5,2.0250004827977377,0.15873016,0.06349206,0.0952381,0.33898305,1.8000004291535447,0.36956522,0.55555556,8.77500209212353,6.454102975130214,2.320899116993317,6.0033781046183545,sa3022221
Ashton Izzi,ARI,AA,22,60.0,7.65,2.7,2.83333333,1.35,0.20901639,0.07377049,0.1352459,0.2690583,1.3,0.31288344,0.7748538,4.2,4.954935550689697,-0.7549355506896971,4.971708126862844,sa3022230
Tanner Kohlhepp,DET,AA,27,30.0,11.4,3.0,3.8,0.9,0.3015873,0.07936508,0.22222222,0.21238938,1.1333333333333333,0.29166667,0.6097561,5.1,3.6291582743326827,1.470841725667317,3.7670889561374983,sa3022238
Keeler Morfe,BAL,A,20,0.0,0.0,27.0,0.0,0.0,0.0,0.5,-0.5,1.0,5.0,1.0,0.33333333,36.0,15.617667865753173,20.382332134246827,17.09732488244772,sa3022239
Joangel Gonzalez,ARI,A+,21,28.1,12.070589589577796,8.258824456026915,1.46153846,1.588235472312868,0.26760563,0.18309859,0.08450704,0.25217391,1.9411766883823942,0.33333333,0.67346939,6.9882360781766195,6.122005958623158,0.8662301195534612,5.778791564268126,sa3022242
Mervin Fell,ARI,A,23,44.0,10.022727272727273,4.5,2.22727273,0.4090909090909091,0.245,0.11,0.135,0.2816092,1.6136363636363635,0.38211382,0.51246537,7.7727272727272725,4.687364422191274,3.085362850535999,5.550099712610245,sa3022267
Francisco Frias,HOU,"A,A+",21,21.0,13.285714436550531,9.000000102179392,1.47619048,0.4285714334371139,0.28440367,0.19266055,0.09174312,0.27380952,2.09523811902589,0.42307692,0.6223176,6.428571501556709,4.836114448672633,1.5924570528840762,5.716974191301136,sa3022278
Julio Gutierrez,KCR,CPX,21,15.2,8.042551559579817,7.468083591038401,1.07692308,0.5744679685414155,0.17073171,0.15853659,0.01219512,0.28787879,2.042552777036144,0.35294118,0.50595238,6.319147653955571,6.924050703173992,-0.6049030492184215,7.425762118627373,sa3022280
Yoelvin Chirino,BOS,CPX,21,11.2,9.257140334772291,18.514280669544583,0.5,1.5428567224620486,0.16,0.32,-0.16,0.32653061,3.428570494360108,0.4,0.38265306,20.05713739200663,10.986243409527102,9.070893982479529,10.847743026303398,sa3022303
Sann Omosako,TOR,CPX,20,21.2,5.8153837621565945,2.4923073266385405,2.33333333,2.0769227721987837,0.13207547,0.05660377,0.0754717,0.33,1.7999997359056126,0.34567901,0.5625,8.307691088795135,6.667563586827621,1.6401275019675143,5.786006728406421,sa3022315
Leonardo Rossell,DET,CPX,21,17.2,8.6603758001551,4.07547096477887,2.125,1.0188677411947176,0.23943662,0.11267606,0.12676056,0.15,0.962263977795011,0.17073171,0.75581395,3.5660370941815116,5.544196505799548,-1.9781594116180368,4.722021162209647,sa3022317
Joe Adametz,TEX,"A+,AAA",26,46.2,8.292856239007543,4.049999558585079,2.04761905,0.9642856091869235,0.19111111,0.09333333,0.09777778,0.31155779,1.7785712347225477,0.37748344,0.51851852,7.714284873495388,4.849979059419125,2.864305814076263,4.986344769443608,sa3022323
Joan Ogando,HOU,A+,22,16.2,13.499997425079837,13.499997425079837,1.0,2.159999588012774,0.23364486,0.23364486,0.0,0.33333333,2.939999439239609,0.46511628,0.43071161,18.89999639511177,10.014310680389638,8.885685714722133,9.291565007793313,sa3022325
Miguel Mejias,NYM,A,21,21.0,9.857142857142858,4.714285714285714,2.09090909,0.0,0.2804878,0.13414634,0.14634146,0.14285714,1.0,0.21276596,0.68181818,3.0,3.270888610113235,-0.27088861011323484,4.016513002628372,sa3022328
Richard Jimenez,MIA,DSL,21,6.2,8.099995992781714,6.749996660651428,1.2,1.3499993321302857,0.19354839,0.16129032,0.03225807,0.30769231,1.9499990352993015,0.36842105,0.60344828,8.099995992781714,6.984455924034706,1.1155400687470083,5.945175812753128,sa3022335
Jonathan Jimenez,NYM,"A,A+",22,52.1,7.910828506009807,4.815286916701622,1.64285714,2.235668925611467,0.184,0.112,0.072,0.28240741,1.7006370459779536,0.30573248,0.625,7.050955842313089,7.075995762435273,-0.025039920122184256,5.584973330674592,sa3022343
Ismael Yanez,MIL,"A,CPX",20,16.0,10.6875,7.3125,1.46153846,1.6875,0.25333333,0.17333333,0.08,0.27868852,1.875,0.35897436,0.74626866,6.1875,6.9051680088043215,-0.7176680088043215,6.043686148058623,sa3022354
Jhon Reyes,KCR,A,22,24.2,8.027025992544793,7.2972963568589035,1.1,2.189188907057671,0.16541353,0.15037594,0.01503759,0.38053097,2.554053724900616,0.43529412,0.56776557,10.945944535288355,7.428478185446156,3.5174663498421985,6.365829494731765,sa3022355
Christian Rodriguez,NYM,A,21,36.0,10.0,3.75,2.66666667,0.5,0.26143791,0.09803922,0.16339869,0.25185185,1.3611111111111112,0.34408602,0.69105691,3.5,3.7470790863037116,-0.24707908630371156,3.807762476222383,sa3022360
Abraham Parra,SDP,A+,20,51.0,8.647058823529411,5.294117647058823,1.63333333,0.8823529411764706,0.2112069,0.12931034,0.08189655,0.25888325,1.588235294117647,0.32167832,0.62025316,6.0,5.358840263591094,0.6411597364089063,5.889529939025056,sa3022369
Dioris Martinez,PIT,CPX,20,10.2,5.906248239800859,15.187495473773636,0.38888889,0.0,0.12068966,0.31034483,-0.18965517,0.22222222,2.437499273568608,0.27586207,0.7,7.593747736886818,9.004100967944101,-1.4103532310572833,9.810929609104338,sa3022376
Jesus Carrera,HOU,A,21,41.2,8.855998918945444,3.8879995253906827,2.27777778,1.2959998417968943,0.21578947,0.09473684,0.12105263,0.26035503,1.4879998183593972,0.31147541,0.6360424,6.04799926171884,5.033667692901632,1.0143315688172079,5.221350237229974,sa3022377
Francisco Pazos,SEA,CPX,20,18.0,8.5,2.0,4.25,0.5,0.25373134,0.05970149,0.19402985,0.17741935,0.8333333333333334,0.22727273,0.82191781,1.5,4.484334818522136,-2.984334818522136,5.252123103704718,sa3022380
Alison Zacarias,COL,CPX,20,18.2,7.232141625516478,12.535712150895229,0.57692308,1.4464283251032957,0.14851485,0.25742574,-0.10891089,0.23287671,2.303571036275619,0.25454545,0.58823529,8.196427175585342,9.799810160544599,-1.6033829849592571,9.46660831530134,sa3022388
Jose M. Rodriguez,NYY,A,22,27.2,12.686745530238149,6.83132451628208,1.85714286,0.32530116744200377,0.33050847,0.1779661,0.15254237,0.1443299,1.2650600956077926,0.22807018,0.71428571,2.60240933953603,3.674789937983266,-1.0723805984472357,4.5066088119905,sa3022396
Maikel Miralles,SDP,A+,21,39.2,7.260503270701783,7.487393997911213,0.96969697,1.588235090466015,0.15841584,0.16336634,-0.0049505,0.29341317,2.067226625685924,0.328125,0.55256065,8.621847633958367,7.274806223447057,1.3470414105113102,7.078489095427477,sa3022418
Dariel Polanco,SDP,CPX,20,29.0,11.482758620689655,3.413793103448276,3.36363636,1.8620689655172413,0.28682171,0.08527132,0.20155039,0.29059829,1.5517241379310345,0.37837838,0.85106383,3.413793103448276,6.196978496683055,-2.7831853932347794,4.894574486335804,sa3022419
Kleiber Olmedo,SDP,A+,21,32.0,6.75,7.3125,0.92307692,1.6875,0.15483871,0.16774194,-0.01290323,0.27777778,1.90625,0.30208333,0.66546763,7.3125,7.60332555770874,-0.2908255577087404,7.600241201743484,sa3022420
Bryan Landaez,CHC,DSL,21,9.0,8.0,9.0,0.88888889,0.0,0.19512195,0.2195122,-0.02439024,0.16666667,1.5555555555555556,0.22727273,0.75,4.0,6.473346000247531,-2.473346000247531,7.340697785549693,sa3022421
Mac McCroskey,LAA,AA,26,1.0,0.0,0.0,0.0,0.0,0.0,0.0,0.0,0.0,0.0,0.0,1.0,0.0,3.6592266082763674,-3.6592266082763674,7.21415354013443,sa3022444
Trent Harris,SFG,AAA,27,19.1,10.70689831222309,5.120690497150174,2.09090909,1.3965519537682294,0.25,0.11956522,0.13043478,0.2962963,1.810345125255112,0.38181818,0.77922078,5.120690497150174,5.338591444875094,-0.21790094772492008,5.128434124843086,sa3022526
Chen-Hsun Lee,SFG,CPX,24,20.2,11.322578903539888,4.354838039823034,2.6,0.43548380398230335,0.29885057,0.11494253,0.18390805,0.18421053,1.161290143952809,0.26530612,0.72033898,3.483870431858427,4.527345615867267,-1.04347518400884,5.340258885088931,sa3022527
Samuel Carpio,MIA,A,23,28.2,11.93023123516801,9.418603606711587,1.26666667,0.6279069071141058,0.27941176,0.22058824,0.05882353,0.21904762,1.8488370042804225,0.32307692,0.6640625,5.023255256912846,5.247078919965186,-0.22382366305233958,5.1594220121586964,sa3022650
Bryson Hammer,COL,A+,24,55.2,9.53892128411744,4.20359243028904,2.26923077,0.4850298958025816,0.22779923,0.1003861,0.12741313,0.28947368,1.6526944597717597,0.37951807,0.63577586,5.658682117696785,3.9029144291452207,1.7557676885515647,4.658678493650078,sa3022664
Kelena Sauer,TOR,"A+,AA",23,30.0,10.2,3.3,3.09090909,0.9,0.24817518,0.08029197,0.16788321,0.304,1.6333333333333333,0.39772727,0.6768559,4.8,3.8472043049149156,0.9527956950850842,4.217587496520324,sa3022665
Marcus Brown,WSN,AA,24,1.0,0.0,9.0,0.0,0.0,0.0,0.16666667,-0.16666667,0.4,3.0,0.4,0.66666667,9.0,6.562491607666016,2.437508392333984,10.313615125417709,sa3022676
Phillip Glasser,WSN,AAA,26,2.2,6.749991349887012,3.374995674943506,2.0,3.374995674943506,0.125,0.0625,0.0625,0.42857143,2.6249966360671713,0.45454545,0.60606061,13.499982699774025,9.17730392591089,4.322678773863135,7.109420789607907,sa3022680
Camden Minacci,LAA,AA,24,18.2,10.124998275723069,3.374999425241023,3.0,0.48214277503443187,0.2625,0.0875,0.175,0.20547945,1.1785712278619447,0.2745098,0.63106796,3.374999425241023,3.2306552526902057,0.14434417255081744,4.81953658115694,sa3022728
Luke Bell,CHW,"A+,AA,AAA",25,31.2,7.67368344019002,3.694736471202602,2.07692308,1.4210524889240779,0.18881119,0.09090909,0.0979021,0.26923077,1.5157893215190164,0.30612245,0.46341463,7.389472942405204,5.199225494803473,2.190247447601731,5.270860171723241,sa3022731
Carlos Rey,ARI,AA,24,24.0,17.25,10.5,1.64285714,0.375,0.39655172,0.24137931,0.15517241,0.15662651,1.7083333333333333,0.33333333,0.78475336,4.125,4.488268884023031,-0.36326888402303137,4.660350329677264,sa3022732
Hayden Durke,ARI,AA,24,14.0,15.428571428571429,9.642857142857142,1.6,1.2857142857142858,0.34782609,0.2173913,0.13043478,0.24528302,2.0,0.40740741,0.57251908,7.714285714285714,5.512078407832554,2.20220730645316,4.878503743239811,sa3022733
Andrew Lindsey,TBR,"A+,AA",26,30.1,11.868129380586774,2.670329110632024,4.44444444,0.8901097035440081,0.32,0.072,0.248,0.22608696,1.1538459120014921,0.31944444,0.75471698,3.5604388141760324,3.241661500429375,0.3187773137466574,3.515760194779032,sa3022734
Zach Franklin,CHW,AAA,27,30.0,11.4,1.8,6.33333333,2.7,0.3015873,0.04761905,0.25396825,0.2605042,1.2333333333333334,0.30555556,0.82677165,4.8,5.618977801005046,-0.8189778010050466,3.964669171969096,sa3022735
Roman Angelo,ARI,"AA,AAA",26,33.1,10.529997991562272,6.209998815536725,1.69565217,1.889999639511177,0.25,0.1474359,0.1025641,0.24615385,1.6499996852875356,0.29761905,0.64315353,7.289998609543112,6.44253582607532,0.8474627834677921,5.545192500847739,sa3022737
Skylar Hales,STL,AAA,24,28.1,10.48235411726493,5.717647700326325,1.83333333,1.2705883778502944,0.23571429,0.12857143,0.10714286,0.3,1.9058825667754415,0.38554217,0.61507937,7.623530267101766,5.1758407282581995,2.4476895388435667,4.661541477004819,sa3022739
Carlton Perkins,CHW,"A,CPX",23,14.2,15.340905765857313,6.749998536977218,2.27272727,0.0,0.36231884,0.15942029,0.20289855,0.23214286,1.6363632816914468,0.41935484,0.76923077,2.45454492253717,3.4403953134520604,-0.9858503909148904,3.743758284572218,sa3022740
Casey Anderson,ARI,"AA,AAA",25,36.0,10.0,5.25,1.9047619,1.75,0.24390244,0.12804878,0.11585366,0.26241135,1.6111111111111112,0.31914894,0.67729084,6.0,5.895981555514866,0.10401844448513398,4.584219080209732,sa3022742
Ryan Lobus,TEX,"AA,AAA",25,33.1,8.63999832115206,3.2399993704320225,2.66666667,0.5399998950720037,0.22695035,0.08510638,0.14184397,0.224,1.1999997668266749,0.28571429,0.60679612,4.859999055648034,3.971876926972016,0.8881221286760179,4.543495550498308,sa3022744
Drew Ehrhard,BOS,AA,27,2.1,3.85714850621175,0.0,1.0,3.85714850621175,0.1,0.0,0.1,0.3,1.2857161687372498,0.25,0.625,7.7142970124235,8.276784226369266,-0.562487213945766,5.116787574026468,sa3022748
Justin Johnson,KCR,AA,26,2.0,0.0,9.0,0.0,4.5,0.0,0.13333333,-0.13333333,0.46153846,4.0,0.41666667,0.60606061,13.5,13.154935550689697,0.34506444931030344,11.413256299495696,sa3022758
Carlson Reed,PIT,A+,23,54.1,8.944786113414752,5.1349698058492095,1.74193548,0.8282209364272918,0.22406639,0.12863071,0.09543569,0.25,1.5276075049658937,0.31543624,0.67948718,5.1349698058492095,4.6249868480167455,0.509982957832464,5.109477122679187,sa3022793
Alec Baker,ARI,AA,26,34.2,7.2692297026957435,4.413460890922416,1.64705882,2.0769227721987837,0.16766467,0.10179641,0.06586826,0.33333333,1.9038458745155518,0.36936937,0.58823529,8.307691088795135,6.7703197089878735,1.5373713798072615,5.801756786161755,sa3022794
Justin Storm,MIA,A+,24,25.1,11.368422479180596,5.328948037115905,2.13333333,0.0,0.29357798,0.13761468,0.1559633,0.16666667,1.1842106749146455,0.25862069,0.70588235,2.842105619795149,3.6707597335619897,-0.8286541137668406,4.788960361089807,sa3022797
Landon Tomkins,PIT,AA,26,32.0,5.625,6.46875,0.86956522,0.5625,0.13245033,0.15231788,-0.01986755,0.27559055,1.8125,0.31428571,0.6227758,6.46875,5.374991607666016,1.0937583923339842,5.73471770696342,sa3022798
Austin Emener,COL,"A,A+",24,37.2,11.946904671408168,4.778761868563267,2.5,0.9557523737126534,0.33112583,0.13245033,0.1986755,0.16923077,1.1150444359980956,0.23684211,0.82887701,2.86725712113796,4.606911635728434,-1.7396545145904736,4.944890877091865,sa3022799
Colby Langford,HOU,A+,24,25.2,13.675322981583857,9.46753129494267,1.44444444,2.4545451505406923,0.2826087,0.19565217,0.08695652,0.26666667,2.14285687745616,0.3559322,0.6640625,8.415583373282374,7.95794772809068,0.45763564519169364,6.413911528412445,sa3022800
Raymon Rosario,PHI,CPX,21,17.0,5.294117647058823,7.9411764705882355,0.66666667,1.0588235294117647,0.11235955,0.16853933,-0.05617978,0.28787879,2.0,0.31481481,0.48469388,10.588235294117647,8.540867126689239,2.0473681674284077,8.192695031797186,sa3022801
Moises Morales,TEX,A,22,50.2,8.703946494659977,2.1315787333861165,4.08333333,1.2434209278085682,0.24019608,0.05882353,0.18137255,0.2287234,1.085526206817004,0.27272727,0.67073171,4.618420589003253,4.42687831083494,0.19154227816831249,4.003402296464297,sa3022803
Cole Gabrielson,NYY,AAA,25,0.1,0.0,27.00026956469727,0.0,0.0,0.0,0.5,-0.5,0.0,3.00002995163303,0.0,1.0,0.0,12.552400989237471,-12.552400989237471,18.166685468417462,sa3022811
Bryan Broecker,TBR,AAA,24,4.1,2.0769246005458837,4.153849201091767,0.5,2.0769246005458837,0.04347826,0.08695652,-0.04347826,0.42857143,2.538463400667191,0.42105263,0.0,20.769246005458836,7.475390935369493,13.293855070089343,7.066572986574798,sa3022814
Sheng-En Lin,CIN,A,20,46.0,10.369565217391305,5.086956521739131,2.03846154,0.5869565217391305,0.24882629,0.12206573,0.12676056,0.25136612,1.565217391304348,0.33858268,0.64066852,4.891304347826087,4.247079086303711,0.6442252615223758,4.9650642236289775,sa3022820
Jason Savacool,STL,"A+,AAA",24,24.2,9.486485172223844,6.567566657693431,1.44444444,2.5540537002141117,0.22033898,0.15254237,0.06779661,0.29,1.9054051414295754,0.32835821,0.80645161,5.837837029060827,7.674668021906562,-1.8368309928457354,5.72447856228674,sa3022856
Eric Yost,SDP,AA,23,40.2,9.295080804658383,5.97540908870896,1.55555556,0.6639343431898844,0.24277457,0.15606936,0.0867052,0.17857143,1.2786883646619998,0.23157895,0.78066914,3.540983163679384,4.982804237069467,-1.441821073390083,5.615095031358753,sa3022858
Tyler Bradt,STL,AA,25,1.0,0.0,18.0,0.0,0.0,0.0,0.4,-0.4,0.0,2.0,0.0,1.0,0.0,9.654935550689697,-9.654935550689697,9.654935550689697,sa3022859
Justin Long,ATL,A+,24,21.1,8.01562619442138,5.9062508800999645,1.35714286,0.8437501257285663,0.18627451,0.1372549,0.04901961,0.28409091,1.8281252724118937,0.34328358,0.49723757,8.859376320149947,5.000562114454838,3.8588142056951087,5.476299893733188,sa3022871
Carson Jacobs,CHW,AA,24,21.0,11.142857142857142,7.714285714285714,1.44444444,0.8571428571428571,0.26530612,0.18367347,0.08163265,0.24050633,1.7619047619047619,0.33333333,0.71022727,5.571428571428571,5.135417084466844,0.43601148696172753,5.928708664576213,sa3022872
Benny Thompson,LAA,A+,24,31.1,10.914894724388805,7.468085864055498,1.46153846,0.5744681433888844,0.27142857,0.18571429,0.08571429,0.18348624,1.4680852553271493,0.26086957,0.80912863,3.1595747886388645,5.02375801089881,-1.8641832222599453,6.075693207017997,sa3022873
Chris Clark,TBR,"AA,AAA",24,49.2,8.879196151109332,2.899329355464271,3.0625,0.5436242541495508,0.25925926,0.08465608,0.17460318,0.21764706,1.0671142766639332,0.28813559,0.77220077,2.899329355464271,3.6117826159702187,-0.7124532605059475,4.378666326547494,sa3022874
Izack Tiger,TEX,"A+,CPX",25,9.1,17.357130590150707,1.9285700655723006,9.0,1.9285700655723006,0.46153846,0.05128205,0.41025641,0.24324324,1.178570595627517,0.41176471,0.6097561,5.785710196716902,4.039566469006207,1.7461437277106953,2.344329766303449,sa3022875
Chen-Wei Lin,STL,AA,24,53.0,11.377358490566039,5.943396226415095,1.91428571,0.33962264150943394,0.28510638,0.14893617,0.13617021,0.21761658,1.4528301886792452,0.32258065,0.72660099,4.0754716981132075,3.9945581921991318,0.08091350591407576,4.581347795702377,sa3022876
Jacob Odle,STL,"A,A+",22,49.0,12.857142857142858,5.6938775510204085,2.25806452,0.9183673469387755,0.33492823,0.14832536,0.18660287,0.19428571,1.3265306122448979,0.29,0.73770492,2.3877551020408165,4.36340446472168,-1.9756493626808633,4.022056420451524,sa3022877
Hunter Kublick,STL,A,22,11.2,8.485711973541267,2.314285083693073,3.66666667,0.0,0.19642857,0.05357143,0.14285714,0.33333333,1.714285247180054,0.425,0.54545455,7.7142836123102425,3.1470792497906923,4.567204362519551,4.489202790618296,sa3022879
Luis De La Torre,SFG,A+,22,51.0,12.0,6.705882352941177,1.78947368,0.7058823529411765,0.29694323,0.16593886,0.13100437,0.17741935,1.392156862745098,0.25438596,0.63920455,4.764705882352941,4.533770387312945,0.23093549503999622,5.176043125578001,sa3022880
Will Varmette,SDP,A+,23,24.2,9.85135008175952,8.756755628230684,1.125,1.0945944535288354,0.20149254,0.17910448,0.02238806,0.31775701,2.3513510483212023,0.4025974,0.58098592,10.216214899602464,6.622750888557005,3.5934640110454596,7.553843079360108,sa3022881
Jared Simpson,WSN,AA,26,31.1,10.914894724388805,6.893617720666613,1.58333333,0.8617022150833267,0.26950355,0.17021277,0.09929078,0.20512821,1.5319150490370252,0.27631579,0.79908676,2.5851066452499802,4.679512997588847,-2.0944063523388667,4.212990701280918,sa3022902
Austin Amaral,WSN,"A,A+,AA",24,22.0,9.818181818181818,7.7727272727272725,1.26315789,0.0,0.23529412,0.18627451,0.04901961,0.19753086,1.5909090909090908,0.28070175,0.7027027,3.6818181818181817,4.277293899105578,-0.5954757172873961,5.713696201679605,sa3022903
Jesús Broca,MIL,AA,22,30.1,8.604396506130984,5.0439565725595426,1.70588235,1.4835166389881007,0.21323529,0.125,0.08823529,0.25210084,1.5494507118320162,0.29411765,0.65,4.7472532447619225,5.571314720749919,-0.824061475987997,4.9519976266421875,sa3022905
Matt Jachec,CLE,"AA,AAA,CPX",24,21.2,11.630767524313189,3.323076435518054,3.5,1.2461536633192702,0.31111111,0.08888889,0.22222222,0.2,1.1076921451726847,0.26530612,0.68807339,2.9076918810782972,4.39374651817103,-1.4860546370927326,4.151522265723205,sa3022906
Zane Russell,ARI,"A+,AA",26,14.0,7.714285714285714,5.785714285714286,1.33333333,3.857142857142857,0.16901408,0.12676056,0.04225352,0.32786885,2.0714285714285716,0.3255814,0.55555556,11.571428571428571,9.651668739318847,1.9197598321097242,6.326272541071688,sa3022907
Devin Kirby,OAK,"A,CPX",26,19.0,10.421052631578947,1.4210526315789473,7.33333333,0.0,0.2972973,0.04054054,0.25675676,0.16901408,0.7894736842105263,0.24489796,0.73333333,1.4210526315789473,2.8913521415308905,-1.4702995099519431,3.7150414975850206,sa3022908
Riley Frey,ATL,A+,24,23.0,9.391304347826088,0.782608695652174,12.0,1.173913043478261,0.26666667,0.02222222,0.24444444,0.2183908,0.9130434782608695,0.26666667,0.73033708,3.5217391304347827,3.5943119049072267,-0.07257277447244403,3.3876374884792,sa3022909
Brady Cerkownyk,WSN,CPX,23,1.1,0.0,0.0,0.0,0.0,0.0,0.0,0.0,0.0,0.0,0.0,-1.0,6.750016696792419,6.3791079864043585,0.3709087103880604,9.60643149594406,sa3022929
Shay Schanaman,ATL,AA,26,32.2,6.612243868420057,3.5816320953941974,1.84615385,1.9285711282891833,0.17266187,0.09352518,0.07913669,0.2231405,1.2244896052629735,0.22222222,0.68181818,5.510203223683381,6.628613901039078,-1.1184106773556968,5.6929127561658905,sa3022933
Jack Sellinger,MIA,AA,26,23.1,12.7285731627019,3.8571433826369397,3.3,0.385714338263694,0.32673267,0.0990099,0.22772277,0.22222222,1.28571446087898,0.33928571,0.74324324,3.4714290443732456,2.8020836343570474,0.6693454100161982,3.7684810225288414,sa3022934
Thomas Schultz,WSN,AA,26,32.2,10.469386124998424,4.132652417762536,2.53333333,1.1020406447366762,0.28148148,0.11111111,0.17037037,0.16666667,1.071428404605102,0.20512821,0.74829932,3.5816320953941974,4.205348650429077,-0.6237165550348793,4.450796865804983,sa3022936
K.C. Hunt,TBR,AAA,25,30.0,6.0,8.1,0.74074074,1.8,0.13888889,0.1875,-0.04861111,0.25217391,1.8666666666666667,0.25842697,0.72580645,6.3,7.718977801005046,-1.4189778010050462,7.427049487829208,sa3022937
Ryan Brown,OAK,A+,25,23.0,5.478260869565218,1.565217391304348,3.5,2.739130434782609,0.125,0.03571429,0.08928572,0.37735849,1.9130434782608696,0.38823529,0.60773481,7.826086956521739,7.468814688143523,0.3572722683782166,5.744642472396727,sa3022939
Will Johnston,OAK,"AA,CPX",25,9.2,4.655170882925203,5.586205059510244,0.83333333,1.8620683531700815,0.10638298,0.12765957,-0.0212766,0.29268293,1.8620683531700815,0.29411765,0.59210526,5.586205059510244,7.653306346639832,-2.0671012871295877,7.309514625200626,sa3022940
Travis Sthele,WSN,"A,CPX",24,14.1,5.651164044039536,1.8837213480131787,3.0,0.0,0.16666667,0.05555556,0.11111111,0.16326531,0.7674420306720358,0.2,0.92307692,0.627907116004393,3.479728470749213,-2.8518213547448203,4.408815640777549,sa3022941
Luke Savage,TEX,A+,24,26.2,8.437498994171738,6.074999275803652,1.38888889,1.0124998793006088,0.19685039,0.14173228,0.05511811,0.28703704,1.8374997809529565,0.35,0.50218341,7.424999114871131,5.319311699271227,2.1056874155999044,5.283748721100472,sa3022943
Cory Wall,ATL,A+,26,3.0,12.0,3.0,4.0,0.0,0.4,0.1,0.3,0.0,0.3333333333333333,0.0,1.0,0.0,1.9276452382405604,-1.9276452382405604,3.1960336983203894,sa3022944
Noble Meyer,MIA,A,21,3.0,12.0,18.0,0.66666667,0.0,0.21052632,0.31578947,-0.10526316,0.16666667,2.6666666666666665,0.25,0.55555556,9.0,8.080412419637044,0.9195875803629558,9.124286569158237,sa3022945
Ryan Bourassa,ATL,AA,26,17.0,11.117647058823529,6.882352941176471,1.61538462,2.1176470588235294,0.27272727,0.16883117,0.1038961,0.203125,1.5294117647058822,0.23076923,0.68627451,6.352941176470588,6.5415795494528375,-0.1886383729822496,5.992116207235,sa3022947
Riley Gowens,CHW,"AA,AAA",26,35.2,8.327102061556694,2.775700687185565,3.0,1.2616821305388932,0.22,0.07333333,0.14666667,0.22794118,1.177569988502967,0.26530612,0.63157895,4.542055669940015,4.7258247809085985,-0.1837691109685835,4.613813892457841,sa3022948
Seth Keener,CHW,A+,24,28.0,8.678571428571429,4.178571428571429,2.07692308,0.9642857142857143,0.20930233,0.10077519,0.10852713,0.26086957,1.5357142857142858,0.31764706,0.52763819,7.071428571428571,4.558597619192941,2.51283095223563,5.068323166455541,sa3022949
Christian Oppor,CHW,"AA,CPX",21,31.0,8.709677419354838,15.096774193548388,0.57692308,0.5806451612903226,0.17857143,0.30952381,-0.13095238,0.18867925,2.3225806451612905,0.24324324,0.58080808,10.161290322580646,8.799123148924147,1.3621671736564984,9.613929199034395,sa3022950
Liam Sullivan,WSN,"A,A+",24,46.0,9.195652173913043,4.5,2.04347826,1.565217391304348,0.23737374,0.11616162,0.12121212,0.22857143,1.3695652173913044,0.26666667,0.63706564,5.478260869565218,5.332012740425442,0.14624812913977614,4.849517681125714,sa3022952
Morris Austin,CHW,"A+,AA,AAA",26,34.0,12.176470630927895,6.0882353154639475,2.0,1.3235294164052058,0.30263158,0.15131579,0.15131579,0.22222222,1.5000000052592333,0.30666667,0.74468085,5.029411782339783,5.109848129086252,-0.08043634674646949,4.840033082895685,sa3022955
Merrick Baldo,WSN,A+,25,30.0,7.8,2.1,3.71428571,0.6,0.20472441,0.05511811,0.1496063,0.23931624,1.1666666666666667,0.29213483,0.53977273,3.6,3.72764523824056,-0.12764523824055996,4.446464146673679,sa3022957
Ethan Long,SDP,"A,CPX",25,7.0,6.42857156541883,7.714285878502596,0.83333333,0.0,0.13888889,0.16666667,-0.02777778,0.28571429,2.0000000425747473,0.34782609,0.6875,2.571428626167532,6.563699147895557,-3.9922705217280248,7.969421216906165,sa3022961
Josh Tiedemann,NYY,A,22,25.1,10.65789607423181,2.842105619795149,3.75,1.065789607423181,0.25862069,0.06896552,0.18965517,0.28971963,1.539473877389039,0.37837838,0.6424581,4.973684834641511,3.98392122128664,0.9897636133548708,3.927847637254132,sa3022967
Lucas Braun,ATL,"AA,AAA",24,60.1,6.861877729945133,2.68508258997853,2.55555556,0.8950275299928433,0.17228464,0.06741573,0.10486891,0.29387755,1.4917125499880721,0.34196891,0.70093458,4.7734801599618315,4.4685332732686,0.3049468866932319,4.996300714197018,sa3022996
Ethan Pecko,HOU,"A,AAA",23,46.2,9.642856091869236,3.27857107123554,2.94117647,0.7714284873495388,0.26041667,0.08854167,0.171875,0.23428571,1.2428570073964793,0.30578512,0.76335878,3.4714281930729247,3.993575790970704,-0.5221475978977792,4.103110080002594,sa3022997
Ryan Hawks,SEA,AA,25,52.1,7.566879716314786,3.9554143971645472,1.91304348,1.2038217730500795,0.19730942,0.10313901,0.0941704,0.24873096,1.3757963120572339,0.28767123,0.7208589,4.815287092200318,5.202706401754085,-0.387419309553767,5.355058102710753,sa3022999
Stu Flesland III,COL,"A+,AA,AAA",25,42.1,8.503937646455663,4.464567264389223,1.9047619,1.2755906469683496,0.21052632,0.11052632,0.1,0.28313253,1.606299333219403,0.34166667,0.71884984,5.102362587873398,5.293195730628238,-0.19083314275483954,5.8390727738577795,sa3023000
Collin Baumgartner,COL,AAA,27,16.1,11.020410308139239,13.775512885174047,0.8,1.102041030813924,0.2173913,0.27173913,-0.05434783,0.3030303,2.7551025770348097,0.40909091,0.69444444,7.714287215697467,7.912131747103343,-0.19784453140587654,8.138442930455946,sa3023002
Seth Chavez,DET,A+,26,13.2,3.9512185931278805,4.60975502531586,0.85714286,0.6585364321879801,0.09090909,0.10606061,-0.01515152,0.40677966,2.2682921553141533,0.44230769,0.67567568,6.5853643218798,5.556831280834914,1.028533041044886,6.5488257992121675,sa3023005
Jake Bockenstedt,CHW,"A+,AA",26,25.0,8.64,3.6,2.4,0.72,0.19834711,0.08264463,0.11570248,0.33944954,1.88,0.42168675,0.60606061,6.48,4.181143307378807,2.298856692621193,5.526401461055793,sa3023007
Jake Peppers,CHW,A+,24,20.2,7.838708471681461,6.967740863716854,1.125,1.3064514119469102,0.17475728,0.15533981,0.01941748,0.32941176,2.1290319305801497,0.390625,0.64593301,8.274192275663765,6.352375996795148,1.9218162788686168,6.7667904775502485,sa3023008
Peyton Stumbo,PIT,AA,24,61.1,7.630435415386981,3.521739422486299,2.16666667,1.1739131408287662,0.19117647,0.08823529,0.10294118,0.26033058,1.4184783785014259,0.3021978,0.6601467,5.135869991125852,5.0298830337019735,0.10598695742387854,5.444237872885959,sa3023009
Josh Trentadue,TEX,AA,24,36.2,10.063634967646516,4.909090228120252,2.05,1.4727270684360756,0.24698795,0.12048193,0.12650602,0.26760563,1.5818179623943034,0.33684211,0.54104478,7.854544364992403,5.509480747979571,2.3450636170128325,4.939476708475819,sa3023010
Jacob Widener,KCR,A+,25,4.1,14.538472203821184,33.23079360873414,0.4375,2.0769246005458837,0.20588235,0.47058824,-0.26470588,0.13333333,4.153849201091767,0.14285714,0.51020408,20.769246005458836,16.87016196110535,3.8990840443534864,16.730174643011523,sa3023031
German Fajardo,SEA,A,25,13.1,12.825003057719005,6.750001609325793,1.9,1.3500003218651586,0.31147541,0.16393443,0.14754098,0.20833333,1.500000357627954,0.2962963,0.84158416,4.050000965595475,6.576001268625374,-2.5260003030298988,6.348010712149126,sa3023035
Lucas Gordon,CHW,AA,24,66.0,9.818181818181818,5.045454545454546,1.94594595,1.6363636363636365,0.25174825,0.12937063,0.12237762,0.2195122,1.378787878787879,0.25925926,0.67357513,5.454545454545454,5.659226608276367,-0.20468115373091322,5.450091415463072,sa3023036
Donye Evans,DET,A,24,14.2,7.363634767611511,4.2954536144400475,1.71428571,0.0,0.20689655,0.12068966,0.0862069,0.1372549,0.9545452476533439,0.17948718,1.0,0.0,3.54253367609228,-3.54253367609228,5.677730337321488,sa3023037
TJ Nichols,TBR,"AA,CPX",24,28.1,7.305883172639193,3.176470944625736,2.3,0.3176470944625736,0.18548387,0.08064516,0.10483871,0.30701754,1.588235472312868,0.37777778,0.64220183,5.4000006058637515,3.6362635137935984,1.7637370920701532,4.583993856144485,sa3023039
Jay Driver,CLE,"AA,AAA",24,34.2,10.903844554043616,5.19230693049696,2.1,0.25961534652484797,0.28187919,0.13422819,0.14765101,0.2,1.29807673262424,0.29268293,0.77731092,2.855768811773328,3.5910440898231393,-0.7352752780498113,4.9472118908749225,sa3023044
Sam Armstrong,MIN,AA,25,62.0,7.403225806451613,4.209677419354839,1.75862069,1.1612903225806452,0.18819188,0.10701107,0.08118081,0.20940171,1.2580645161290323,0.23428571,0.65508021,4.354838709677419,5.4775161958509875,-1.1226774861735684,5.764822827616046,sa3023046
Cade Denton,COL,AA,24,34.1,7.601942873751872,4.718447300949437,1.61111111,1.3106798058192881,0.1835443,0.11392405,0.06962025,0.28985507,1.689320638611527,0.33653846,0.66037736,6.029127106768725,5.5139482074414,0.5151788993273252,5.314212678584425,sa3023047
Samuel Carmona,KCR,DSL,21,6.1,11.368426758829798,4.263160034561174,2.66666667,0.0,0.26666667,0.1,0.16666667,0.32,1.7368429770434415,0.47058824,0.84615385,2.8421066897074496,4.426562295263785,-1.584455605556335,5.111314048412944,sa3023050
Jesus Oliveira,KCR,CPX,21,20.1,14.163936640620097,7.0819683203100485,2.0,0.8852460400387561,0.34782609,0.17391304,0.17391304,0.22972973,1.6229510734043862,0.375,0.65217391,5.754099260251914,5.604553520778808,0.14954573947310656,5.644890697574623,sa3023051
Zane Morehouse,CLE,AA,26,9.0,9.0,10.0,0.9,2.0,0.16071429,0.17857143,-0.01785714,0.40909091,3.111111111111111,0.48484848,0.51470588,12.0,8.451380496554906,3.548619503445094,8.48003212147289,sa3023062
Graham Osman,CIN,A+,25,22.1,8.865672903726052,8.462687771738503,1.04761905,2.014925659937739,0.17054264,0.1627907,0.00775194,0.38888889,2.8208959239128344,0.45679012,0.625,11.283583695651338,7.708270122925853,3.5753135727254843,6.462605745609865,sa3023063
Jaden Woods,PIT,"AA,AAA",24,30.2,14.086955061481822,4.108695226265532,3.42857143,0.5869564608950759,0.37209302,0.10852713,0.26356589,0.22807018,1.3043476908779466,0.375,0.65445026,4.108695226265532,2.745614441257681,1.3630807850078508,2.6924572516430314,sa3023064
Mikey Tepper,WSN,"A,A+,CPX",24,29.2,9.404493374289462,4.550561310140062,2.06666667,0.3033707540093375,0.23846154,0.11538462,0.12307692,0.21929825,1.3483144622637222,0.29268293,0.70707071,2.123595278065362,3.6100410841042625,-1.4864458060389003,4.461547783363576,sa3023065
Jacob Bresnahan,SFG,A+,21,41.1,10.451614189346582,4.790323170117184,2.18181818,1.0887098113902691,0.27118644,0.12429379,0.14689266,0.19607843,1.2580646709398664,0.25,0.68085106,3.9193553210049688,4.643353052069831,-0.7239977310648626,5.076741570154014,sa3023066
Johnny Tincher,BAL,AA,24,0.2,0.0,0.0,0.0,0.0,0.0,0.0,0.0,0.0,0.0,0.0,1.0,0.0,3.5624916076660154,-3.5624916076660154,6.375820076390767,sa3023072
Sam Whiting,SEA,A+,25,13.1,8.77500209212353,5.4000012874606345,1.625,2.7000006437303172,0.203125,0.125,0.078125,0.32142857,1.95000046491634,0.35897436,0.78431373,6.750001609325793,7.40141834020636,-0.651416730880567,5.43606363541393,sa3023078
Carlos Lequerica,DET,A+,25,30.2,9.684781604768753,3.8152169958179933,2.53846154,1.7608693826852277,0.2519084,0.09923664,0.15267176,0.22807018,1.2717389986059977,0.26666667,0.69364162,5.282608148055683,6.001423170841506,-0.7188150227858232,5.247673485301326,sa3023081
Alexander De Los Santos,PHI,CPX,19,10.2,10.124996982515757,9.281247233972778,1.09090909,5.0624984912578785,0.17391304,0.15942029,0.01449275,0.42857143,3.281249022111588,0.47368421,0.62937063,15.187495473773636,12.847849822417675,2.3396456513559603,7.82136648499919,sa3023083
Case Matter,TEX,"A+,CPX",24,15.0,10.8,9.6,1.125,1.2,0.24657534,0.21917808,0.02739726,0.2037037,1.8,0.26470588,0.58823529,7.8,7.162616089003617,0.637383910996383,7.61918233237399,sa3023085
Andrew Dunford,HOU,CPX,21,14.1,3.1395355800219646,5.651164044039536,0.55555556,1.255814232008786,0.07352941,0.13235294,-0.05882353,0.21818182,1.4651166040102501,0.20833333,0.76576577,5.023256928035144,7.966312574167064,-2.9430556461319206,6.852861433738113,sa3023086
Luke Stofel,DET,"A+,AA",24,31.0,8.129032258064516,5.225806451612903,1.55555556,0.8709677419354839,0.20143885,0.1294964,0.07194245,0.23931624,1.4838709677419355,0.29069767,0.61135371,4.935483870967742,5.5153147851267175,-0.5798309141589755,5.517112461213143,sa3023087
Keegan Zinn,CLE,A,21,32.2,13.224487736840114,7.438774351972564,1.77777778,1.9285711282891833,0.30573248,0.17197452,0.13375796,0.24603175,1.7755099276313115,0.33802817,0.651341,6.336733707235888,6.3115449973317155,0.025188709904172768,5.201768933933077,sa3023088
Spencer Bengard,MIN,AA,24,31.1,9.765958437611037,4.882979218805518,2.0,1.4361703584722112,0.23129252,0.11564626,0.11564626,0.296875,1.7553193270215914,0.37078652,0.72,5.744681433888845,5.378339980856351,0.36634145303249355,5.065462949735297,sa3023092
Brett Banks,NYM,A+,24,4.1,16.61539680436707,4.153849201091767,4.0,0.0,0.44444444,0.11111111,0.33333333,0.13333333,0.9230776002426149,0.28571429,0.4,0.0,1.9789261044826507,-1.9789261044826507,3.296099702376804,sa3023097
Tate Kuehner,MIL,AAA,25,40.1,8.925620960282377,4.685951004148247,1.9047619,0.6694215720211782,0.21276596,0.11170213,0.10106383,0.25766871,1.5619836680494157,0.325,0.65286624,5.801653624183544,4.395286447253937,1.4063671769296073,4.77390322553598,sa3023099
Ty Langenberg,MIN,"AA,AAA",24,59.2,8.748604563834114,3.1675982041468345,2.76190476,1.055866068048945,0.22053232,0.07984791,0.14068441,0.30833333,1.592178991502377,0.38285714,0.69954128,5.128492330523446,4.352233367024787,0.7762589634986599,4.441657016229375,sa3023101
Dakota Hawkins,NYM,"A+,AA,AAA",26,30.0,9.3,2.4,3.875,0.3,0.25619835,0.0661157,0.19008265,0.21238938,1.0666666666666667,0.28395062,0.55555556,3.3,2.755717817942301,0.5442821820576986,4.219286169608434,sa3023103
Nolan Santos,MIN,A+,25,32.0,9.0,8.15625,1.10344828,0.28125,0.20253165,0.1835443,0.01898734,0.28,2.0,0.36956522,0.64564565,6.1875,5.44707555770874,0.7404244422912596,6.64532677764073,sa3023104
Junior Ciprian,ARI,A,21,57.1,9.889535761060117,3.7674421946895684,2.625,0.6279070324482614,0.28378378,0.10810811,0.17567568,0.15228426,0.9418605486723921,0.2,0.74898785,2.8255816460171763,4.568442647840088,-1.742861001822912,5.177520831237398,sa3023107
Zack Lee,DET,"A+,AA,AAA",25,31.2,9.378949286772997,4.263158766714998,2.2,0.5684211688953331,0.23571429,0.10714286,0.12857143,0.23966942,1.3894739684108142,0.31395349,0.59734513,5.684211688953331,4.430861874157023,1.2533498147963078,5.257221552816497,sa3023124
Derek True,HOU,AA,25,13.0,12.461538461538462,4.153846153846154,3.0,1.3846153846153846,0.27272727,0.09090909,0.18181818,0.33333333,2.0,0.45,0.60344828,6.923076923076923,4.270320166074313,2.65275675700261,3.7344188580146205,sa3023126
Adam Boucher,WSN,A+,24,20.2,10.451611295575281,13.064514119469102,0.8,1.7419352159292134,0.22857143,0.28571429,-0.05714286,0.2,2.177419019911517,0.23404255,0.53299492,10.016127491592977,8.142698302055729,1.873429189537248,7.836020182915922,sa3023128
Joe Whitman,SFG,"AA,AAA",24,66.1,11.125628993787066,2.1708544378121104,5.125,0.5427136094530276,0.31060606,0.06060606,0.25,0.21544715,1.0402010847849694,0.30625,0.73394495,3.1206032543549087,2.792145103543037,0.3284581508118718,3.1783034697243426,sa3023131
Andrew Sears,DET,"A+,AA,CPX",23,21.1,12.234371353873208,2.9531241199004294,4.14285714,0.0,0.3372093,0.08139535,0.25581395,0.16883117,0.9374997206033109,0.27083333,0.77272727,2.1093743713574495,2.3728061309389625,-0.263431759581513,3.553408875819208,sa3023133
Kiefer Lord,BAL,"A,A+",24,49.1,14.777027979221085,5.10810843726161,2.89285714,0.36486488837582925,0.35840708,0.12389381,0.23451327,0.25128205,1.5608109113854918,0.41964286,0.56994819,5.290540881449524,2.732316669557469,2.558224211892055,3.2508190059900217,sa3023135
Corey Avant,OAK,AA,24,64.2,10.716496531141857,5.010310066507881,2.13888889,1.1134022370017513,0.26279863,0.12286689,0.13993174,0.27559055,1.6391755155859116,0.36686391,0.65439673,5.845361744259194,4.69101818789966,1.1543435563595343,4.466117586710159,sa3023137
Hayden Snelsire,TBR,"AA,AAA",25,30.1,8.901097035440081,2.670329110632024,3.33333333,2.373625876117355,0.22727273,0.06818182,0.15909091,0.2601626,1.3516480683446048,0.28235294,0.63758389,5.637361455778718,5.983436916127458,-0.3460754603487395,4.809452298264781,sa3023138
Daniel Ouderkirk,SEA,"A,CPX",26,6.0,6.000000119209292,10.50000020861626,0.57142857,0.0,0.12903226,0.22580645,-0.09677419,0.27272727,2.1666667097144665,0.33333333,0.73333333,6.000000119209292,7.776926784676887,-1.7769266654675944,8.571931566906644,sa3023154
Hayden Minton,DET,A+,25,51.1,9.993507483693653,3.681818546623978,2.71428571,1.577922234267419,0.27014218,0.09952607,0.17061611,0.19125683,1.090909198999697,0.22222222,0.79365079,3.8571432393203575,5.641880920440412,-1.7847376811200548,4.673278148765635,sa3023155
Isaiah Coupet,COL,CPX,23,1.0,18.0,9.0,2.0,0.0,0.5,0.25,0.25,0.0,1.0,0.0,1.0,0.0,3.817668151855469,-3.817668151855469,3.817668151855469,sa3023156
Jack Mahoney,COL,"AA,CPX",24,28.0,9.321428571428571,4.5,2.07142857,0.0,0.25438596,0.12280702,0.13157895,0.22,1.2857142857142858,0.30985915,0.88888889,1.2857142857142858,3.080718503679548,-1.795004217965262,4.004729695564935,sa3023157
Josh Hansell,KCR,A+,24,40.2,9.073769356928421,5.532786193249037,1.64,0.885245790919846,0.22905028,0.1396648,0.08938548,0.21333333,1.4016391689564227,0.26666667,0.66787004,4.868851850059153,5.348714726665164,-0.4798628766060107,5.855022408295659,sa3023158
Will Schomberg,MIA,AA,25,7.1,14.72727911137629,7.363639555688145,2.0,0.0,0.33333333,0.16666667,0.16666667,0.22222222,1.6363643457084767,0.4,0.66666667,6.136366296406788,4.068317694703486,2.0680486017033015,5.5226066154263265,sa3023160
James Hicks,HOU,AA,25,60.0,8.25,3.0,2.75,1.5,0.21825397,0.07936508,0.13888889,0.27391304,1.3833333333333333,0.32121212,0.61971831,5.55,5.088268884023031,0.4617311159769688,4.31737630367279,sa3023161
Ethan Bosacker,KCR,"AA,AAA",25,39.0,6.923076923076923,4.384615384615385,1.57894737,1.3846153846153846,0.16574586,0.10497238,0.06077348,0.2721519,1.5897435897435896,0.30327869,0.72916667,5.538461538461538,5.806762922727145,-0.268301384265607,5.637553422573285,sa3023163
Ben Simon,NYM,"AA,AAA",24,27.1,8.231708274435215,3.951219971728903,2.08333333,0.9878049929322258,0.21186441,0.10169492,0.11016949,0.19047619,1.1707318434752305,0.22077922,0.76388889,2.3048783168418603,4.582412494091974,-2.277534177250114,5.0747636715548285,sa3023164
Caden Grice,ARI,A+,24,39.1,9.15254355641298,4.57627177820649,2.0,1.3728815334619469,0.22727273,0.11363636,0.11363636,0.22875817,1.398305265563094,0.27102804,0.74596774,4.347458189296165,5.354807496913335,-1.0073493076171696,4.964443184175021,sa3023166
Matt Wilkinson,CLE,"AA,AAA",23,54.0,10.5,3.0,3.5,0.5,0.30288462,0.08653846,0.21634615,0.15425532,0.8703703703703703,0.21311475,0.73660714,2.3333333333333335,3.147681169820246,-0.8143478364869123,4.242452192142247,sa3023171
LJ McDonough,ATL,AA,26,24.1,14.424659418688659,8.136987364388474,1.77272727,1.1095891860529739,0.31707317,0.17886179,0.13821138,0.26262626,1.972602997427509,0.40350877,0.58951965,6.2876720543001845,5.0153911690077795,1.272280885292405,4.581394487167761,sa3023172
Cody Adcock,CIN,"A+,AA",24,27.2,12.361444362796144,7.4819268511660875,1.65217391,0.0,0.31666667,0.19166667,0.125,0.12765957,1.2650600956077926,0.21428571,0.76315789,2.927710506978034,3.998556350629785,-1.070845843651751,5.53540687134969,sa3023175
Carson Pierce,TOR,A+,24,21.1,7.593751131557097,8.859376320149947,0.85714286,0.42187506286428317,0.1875,0.21875,-0.03125,0.20833333,1.6875002514571327,0.26415094,0.79787234,3.7968755657785485,5.9482927883975725,-2.151417222619024,6.893543989435068,sa3023179
Nigel Belgrave,MIA,AA,24,29.0,9.0,4.0344827586206895,2.23076923,0.6206896551724138,0.21641791,0.09701493,0.11940299,0.31932773,1.7586206896551724,0.40909091,0.55776892,5.896551724137931,4.107502470345333,1.789049253792598,4.804538681178258,sa3023180
Jatnk Diaz,DET,"A,CPX",21,28.2,8.4767461365598,6.593024772879845,1.28571429,0.31395356061332597,0.17647059,0.1372549,0.03921569,0.31496063,2.127907466379209,0.39393939,0.57275542,8.4767461365598,5.0688719419041455,3.4078741946556548,6.121853711156071,sa3023181
Johnathan Rogers,DET,CPX,21,10.2,13.499995976687677,6.749997988343838,2.0,0.0,0.30769231,0.15384615,0.15384615,0.26190476,1.7812494691462906,0.42307692,0.57142857,5.906248239800859,3.9416024766862225,1.9646457631146363,5.151845438426578,sa3023182
Isaac Gallegos,ATL,A+,23,24.2,13.135133442346026,1.8243240892147259,7.2,0.36486481784294517,0.36363636,0.05050505,0.31313131,0.15384615,0.7702701710017731,0.24074074,0.4368932,1.8243240892147259,2.175393168851329,-0.35106907963660317,2.6510785793672804,sa3023183
Connor Oliver,PIT,"A+,AA",25,53.1,10.631248352453367,5.568749136999383,1.90909091,0.5062499215453985,0.27155172,0.14224138,0.12931035,0.19487179,1.3312497936934553,0.27131783,0.79096045,2.024999686181594,4.0385444052919865,-2.0135447191103926,4.943205410714841,sa3023200
Cam Day,LAD,AA,23,32.1,6.958763981260946,5.010310066507881,1.38888889,0.27835055925043783,0.18939394,0.13636364,0.0530303,0.18918919,1.2061857567518972,0.23529412,0.7635468,2.7835055925043783,4.459059388524295,-1.675553796019917,5.822972458304479,sa3023201
Coleman Picard,KCR,"A,A+,CPX",24,15.2,8.617019528121233,4.021275779789908,2.14285714,0.0,0.21428571,0.1,0.11428571,0.27419355,1.531914582777108,0.36170213,0.72,4.021275779789908,3.637689967740908,0.38358581204900055,4.92021232849495,sa3023202
Diego Barrera,OAK,AA,26,20.1,8.85246040038756,4.42623020019378,2.0,2.21311510009689,0.21276596,0.10638298,0.10638298,0.29268293,1.672131408962095,0.33333333,0.72413793,6.196722280271293,6.654936019709926,-0.45821373943863364,5.143128048504767,sa3023203
Jake Brooks,COL,AA,24,73.1,7.977273280561501,1.8409092185911158,4.33333333,1.4727273748728926,0.2124183,0.04901961,0.16339869,0.2543554,1.2000000832297644,0.29047619,0.7712766,4.172727562139862,4.694309867984998,-0.5215823058451363,4.6131045083991244,sa3023205
Nathan Dettmer,OAK,"A,A+",24,61.2,8.464865999410042,3.0648652756484633,2.76190476,0.14594596550706967,0.2310757,0.08366534,0.14741036,0.25217391,1.2810812527842783,0.33333333,0.72164948,2.772973344634324,3.5661126036551756,-0.7931392590208515,4.664497509782216,sa3023207
Bryce Jenkins,NYM,A+,25,25.1,9.592106466808628,3.5526320247439367,2.7,0.35526320247439364,0.28125,0.10416667,0.17708333,0.14117647,0.8684211616040733,0.19298246,0.74074074,2.4868424173207555,3.2785223915966544,-0.7916799742758989,3.9669957559590405,sa3023211
Brady Choban,LAA,AAA,25,26.2,5.737499316036783,4.724999436736174,1.21428571,0.3374999597668696,0.14049587,0.11570248,0.02479339,0.32075472,1.7999997854233043,0.375,0.58823529,7.087499155104261,4.893763530254377,2.193735624849884,5.388865447255753,sa3023212
Logan Martin,SFG,AA,24,29.1,9.511364667130023,4.295455010961946,2.21428571,1.534091075343552,0.25619835,0.11570248,0.14049587,0.21495327,1.2613637730602538,0.25352113,0.76666667,3.9886367958932354,5.096582683009568,-1.1079458871163324,5.054620171704462,sa3023213
Hayden Mullins,BOS,AA,25,42.0,13.928571428571429,5.571428571428571,2.5,0.8571428571428571,0.36312849,0.1452514,0.2178771,0.18243243,1.2619047619047619,0.29113924,0.59160305,5.142857142857143,3.919634464808873,1.2232226780482702,3.9765699649850528,sa3023218
Connor O'Halloran,TOR,CPX,23,2.0,18.0,4.5,4.0,0.0,0.44444444,0.11111111,0.33333333,0.25,1.5,0.5,0.33333333,4.5,1.629102420806885,2.870897579193115,2.3462836489081385,sa3023219
Blake Wehunt,BOS,AA,25,37.0,11.91891891891892,2.918918918918919,4.08333333,1.4594594594594594,0.31210191,0.07643312,0.23566879,0.27083333,1.3783783783783783,0.37078652,0.66513761,4.378378378378378,4.076005121179529,0.3023732571988491,3.488622763511297,sa3023220
CJ Weins,DET,A+,25,26.2,8.09999903440487,4.387499476969304,1.84615385,1.0124998793006088,0.21818182,0.11818182,0.1,0.18947368,1.1624998614192175,0.22058824,0.86805556,2.6999996781349567,5.2970753967762185,-2.597075718641262,5.7599768055124585,sa3023221
Zane Barnhart,BAL,AA,24,31.1,9.19149029422215,3.734042932027749,2.46153846,1.1489362867777688,0.23880597,0.09701493,0.14179105,0.21186441,1.212766080487645,0.25609756,0.73446328,3.4468088603333067,4.711427894443784,-1.2646190341104777,4.847604060374671,sa3023226
Cade Feeney,BOS,"AA,AAA",24,40.1,7.586777816240019,3.1239673360988314,2.42857143,1.115702620035297,0.19318182,0.07954545,0.11363636,0.29813665,1.5371902764930758,0.35245902,0.60714286,6.024794148190604,4.602552010725088,1.422242137465516,4.5714161250634024,sa3023228
Harry Gustin,SDP,AA,24,31.0,11.32258064516129,3.4838709677419355,3.25,1.4516129032258065,0.29104478,0.08955224,0.20149254,0.25619835,1.3870967741935485,0.33766234,0.64864865,4.935483870967742,4.493645228109052,0.44183864285868957,3.870415524513491,sa3023229
Hunter Mann,COL,A+,24,37.2,9.079644791642615,4.539822395821307,2.0,0.7168140624981011,0.23602484,0.11801242,0.11801242,0.20437956,1.2477874421263242,0.26041667,0.56485356,5.256636458319408,4.5806208604858645,0.6760155978335431,4.7681339601872095,sa3023231
Cole Hillier,SFG,A+,25,27.2,8.783131520934102,5.20481867907206,1.6875,1.9518070046520228,0.20930233,0.12403101,0.08527132,0.27272727,1.6626504113702416,0.31168831,0.73891626,5.530119846514064,6.579127953114509,-1.0490081066004446,5.95755522607892,sa3023232
Braydon Tucker,PHI,AA,26,62.2,7.8989355291053664,2.8723401924019516,2.75,0.7180850481004879,0.22177419,0.08064516,0.14112903,0.21238938,1.085106294907404,0.25903614,0.82539683,1.723404115441171,3.8975979634462434,-2.174193848005072,4.955406225271003,sa3023249
Aaron Munson,TOR,"A+,AA",24,37.2,11.946904671408168,4.061947588278777,2.94117647,0.9557523737126534,0.29069767,0.09883721,0.19186047,0.27631579,1.5663719458068486,0.3877551,0.69148936,4.778761868563267,3.905471312854866,0.873290555708401,4.013487283207929,sa3023257
Shane Rademacher,SFG,AA,25,29.0,8.379310344827585,3.103448275862069,2.7,3.103448275862069,0.20610687,0.07633588,0.12977099,0.27272727,1.4827586206896552,0.27380952,0.82758621,5.586206896551724,7.21766402145912,-1.6314571249073957,5.451236223968967,sa3023258
Luis Arias,WSN,CPX,20,0.1,0.0,0.0,0.0,0.0,0.0,0.0,0.0,0.5,3.00002995163303,0.5,1.0,0.0,4.129102420806885,-4.129102420806885,8.432232750912327,sa3023259
Kelly Austin,NYY,AA,25,29.1,9.511364667130023,2.7613639356183937,3.44444444,1.2272728602748415,0.25619835,0.07438017,0.18181818,0.22727273,1.159091034704017,0.28,0.75657895,3.9886367958932354,4.346582601730498,-0.35794580583726265,5.067500018363206,sa3023264
Alejandro Torres,HOU,AA,25,26.2,10.799998712539827,8.437498994171738,1.28,1.6874997988343479,0.24427481,0.19083969,0.05343512,0.25471698,1.9499997675419132,0.31884058,0.73333333,4.387499476969304,6.5049352109432625,-2.1174357339739585,6.065929977775284,sa3023265
Joey Dixon,HOU,A,24,6.1,19.894746827952147,2.8421066897074496,7.0,1.4210533448537248,0.58333333,0.08333333,0.5,0.13636364,0.7894740804742916,0.28571429,0.83333333,2.8421066897074496,2.196614520899449,0.6454921688080004,0.844872429269647,sa3023267
Thomas White,MIA,"A,AAA",21,24.2,12.77026862450308,5.472972267644177,2.33333333,1.4594592713717807,0.3271028,0.14018692,0.18691589,0.23333333,1.4594592713717807,0.33333333,0.70987654,4.0135129962723965,4.937524781972828,-0.9240117857004311,4.018525783238908,sa3023268
T.J. Fondtain,TBR,"A+,AA",25,31.0,8.129032258064516,3.193548387096774,2.54545455,0.2903225806451613,0.22047244,0.08661417,0.13385827,0.2173913,1.1612903225806452,0.27906977,0.58988764,4.354838709677419,3.41387595155313,0.940962758124289,5.17655132581877,sa3023271
Matt Duffy,BOS,CPX,24,1.2,10.799978628200861,16.199967942301292,0.66666667,0.0,0.28571429,0.42857143,-0.14285714,0.0,1.799996438033477,0.0,1.0,0.0,7.129096484196014,-7.129096484196014,8.850328025538321,sa3023272
Max Carlson,BOS,AA,24,42.0,10.071428571428571,2.357142857142857,4.27272727,1.2857142857142858,0.2568306,0.06010929,0.19672131,0.29411765,1.4523809523809523,0.37606838,0.6043956,6.0,4.110110655285063,1.8898893447149367,3.9945608599554925,sa3023274
Grayson Moore,CHC,A+,24,22.0,9.0,4.090909090909091,2.2,0.4090909090909091,0.25,0.11363636,0.13636364,0.19736842,1.1363636363636365,0.26415094,0.78125,2.8636363636363638,4.174348284981468,-1.3107119213451042,5.192970198392868,sa3023275
Brandon Beckel,PHI,A+,24,37.2,10.752210937471517,2.3893802083270037,4.5,0.9557520833308014,0.28846154,0.06410256,0.22435897,0.22916667,1.1415927662006795,0.30526316,0.68527919,4.061946354155906,3.541214566944404,0.5207317872115023,3.777036997503082,sa3023276
Paxton Thompson,TEX,A+,26,3.1,10.800011072170165,10.800011072170165,1.0,2.700002768042541,0.19047619,0.19047619,0.0,0.41176471,3.300003383163106,0.5,0.0,24.30002491238287,8.694317133432026,15.605707778950844,7.077414703927525,sa3023277
Owen Wild,TBR,"AA,AAA",23,30.2,13.206520370139208,4.108695226265532,3.21428571,1.1739129217901518,0.34883721,0.10852713,0.24031008,0.2,1.2065216140621005,0.28787879,0.50955414,5.576086378503221,3.7559597529899955,1.8201266255132253,3.5338343866858017,sa3023278
Drew Conover,CHW,A+,24,22.1,4.432836451863026,6.044776979813217,0.73333333,1.6119405279501913,0.10576923,0.14423077,-0.03846154,0.28409091,1.791045031055768,0.28767123,0.73446328,4.432836451863026,7.0868497154659735,-2.6540132636029474,6.803057939080485,sa3023279
Jack Wenninger,NYM,AAA,24,59.1,9.101124375686164,5.00561840662739,1.81818182,1.3651686563529246,0.23076923,0.12692308,0.10384615,0.21973094,1.382022590381973,0.25974026,0.79019074,3.3370789377515933,5.372536009475612,-2.0354570717240184,4.883034484863676,sa3023282
Patrick Copen,LAD,AA,24,59.2,10.407820341839468,6.636870942622269,1.56818182,1.0558658317808156,0.25,0.15942029,0.09057971,0.23111111,1.6089384103326714,0.30201342,0.61158798,6.335194990684894,5.431471712098689,0.903723278586205,5.3737024730795815,sa3023283
Luis Martinez-Gomez,CHC,AA,23,17.2,8.6603758001551,4.584904835376229,1.88888889,1.0188677411947176,0.21518987,0.11392405,0.10126582,0.25,1.47169784839237,0.30612245,0.63492063,6.113206447168306,5.074320693269031,1.038885753899275,5.212400788509768,sa3023285
Yanzel Correa,COL,A,21,32.0,11.8125,5.34375,2.21052632,0.28125,0.26923077,0.12179487,0.1474359,0.24242424,1.59375,0.34831461,0.56776557,4.78125,4.582250785827637,0.1989992141723631,5.559758418053389,sa3023302
Drue Hackenberg,ATL,"AA,AAA,CPX",24,25.1,9.592106466808628,3.5526320247439367,2.7,0.35526320247439364,0.26213592,0.09708738,0.16504854,0.22222222,1.1842106749146455,0.30645161,0.7278481,2.4868424173207555,3.7061525738667744,-1.219310156546019,4.403045610430614,sa3023304
Cade Kuehler,ATL,A+,24,59.1,7.584270313071803,3.9438205627973373,1.92307692,2.275281093921541,0.19379845,0.10077519,0.09302326,0.25991189,1.4325843924691184,0.27160494,0.79710145,4.853933000365954,6.762851502368335,-1.908918502002381,5.624756577357763,sa3023306
Trey Dillard,SFG,A+,27,8.2,11.423072733118815,11.423072733118815,1.0,0.0,0.25581395,0.25581395,0.0,0.19354839,1.9615377420507056,0.3,0.66666667,6.230766945337535,5.266801469001762,0.9639654763357735,6.967588329802703,sa3023309
Garrett Baumann,ATL,"AA,AAA",21,63.2,9.329842466092611,4.2408374845875505,2.2,1.5549737443487683,0.22680412,0.10309278,0.12371134,0.28793774,1.6335077718411304,0.35,0.66954644,5.654449979450067,5.4195416861314145,0.23490829331865282,4.609105153424876,sa3023310
Simon Miller,CIN,AA,25,9.2,10.241375942435448,1.8620683531700815,5.5,1.8620683531700815,0.275,0.05,0.225,0.21052632,1.034482418427823,0.24,0.41666667,4.655170882925203,4.69370902670419,-0.0385381437789869,3.475058502712942,sa3023311
Landen Maroudis,TOR,A+,21,44.2,6.649252974182473,5.440297887967478,1.22222222,1.8134326293224927,0.15207373,0.12442396,0.02764977,0.31182796,1.902984857931011,0.34027778,0.64136126,7.253730517289971,6.875297676043129,0.37843284124684207,6.19466557653025,sa3023351
Juaron Watts-Brown,BAL,"A+,AA",24,46.1,12.043163319304718,4.856114241655129,2.48,1.553956557329641,0.31313131,0.12626263,0.18686869,0.20930233,1.3165465277376125,0.2745098,0.59055118,6.021581659652359,4.823675789094927,1.197905870557432,4.569577504059185,sa3023352
Bryce Warrecker,NYY,"A,A+",24,18.1,6.872728464426294,1.4727275280913488,4.66666667,0.9818183520608992,0.20895522,0.04477612,0.1641791,0.21875,0.927272888057516,0.25,0.98591549,1.4727275280913488,4.051124964074752,-2.5783974359834034,3.7864231882992714,sa3023364
Ty Cummings,TBR,AA,24,26.2,8.10000193119095,3.0375007241966068,2.66666667,2.0250004827977377,0.20689655,0.07758621,0.12931035,0.22857143,1.237500295043062,0.24,0.60150376,6.0750014483932135,6.018294325164138,0.05670712322907523,5.139563985090353,sa3023365
Brett Wichrowski,MIL,"AA,AAA",23,61.2,9.340539770133372,3.9405402155250164,2.37037037,2.335134942533343,0.23272727,0.09818182,0.13454545,0.27572016,1.5243241985981546,0.31288344,0.66579634,6.859458893691696,6.489007726738915,0.3704511669527806,4.378307130825,sa3023366
Cade Smith,NYY,AA,24,52.1,8.94267602837202,4.299363475178856,2.08,2.235669007093005,0.22317597,0.10729614,0.11587983,0.27093596,1.528662568952482,0.30434783,0.79341317,5.331210709221781,6.52427533501145,-1.1930646257896687,5.194430108065156,sa3023371
Cade Austin,MIA,A+,24,11.2,10.028568696003315,3.0857134449240973,3.25,2.314285083693073,0.26530612,0.08163265,0.18367347,0.17777778,1.0285711483080324,0.17241379,1.0,3.0857134449240973,6.089932116683808,-3.0042186717597104,5.326923448655158,sa3023372
Aaron Nixon,NYY,A+,24,8.2,9.346150418006303,9.346150418006303,1.0,1.038461157556256,0.19565217,0.19565217,0.0,0.34285714,2.4230760342979307,0.44,0.55555556,10.384611575562559,6.8250799506378,3.559531624924759,6.642252649319817,sa3023376
Rio Britton,ARI,A+,23,45.2,12.810217551325493,5.715327830591374,2.24137931,0.985401350101961,0.32178218,0.14356436,0.17821782,0.22807018,1.4890509290429632,0.33663366,0.77777778,4.138685670428236,4.264556063977695,-0.12587039354945873,4.213001449671321,sa3023379
Austin Strickland,SFG,A+,24,25.2,9.46753129494267,7.714284758842176,1.22727273,1.7532465361004945,0.20769231,0.16923077,0.03846154,0.29411765,2.02597377504946,0.35714286,0.64705882,8.415583373282374,7.352715689015297,1.0628676842670766,6.327764463064328,sa3023380
Jack White,SEA,"A+,CPX",26,8.2,15.576916934825565,9.34615016089534,1.66666667,0.0,0.32608696,0.19565217,0.13043478,0.23529412,1.9615376880891453,0.42105263,0.55,7.2692279029185976,5.15112888182501,2.1180990210935873,5.8388257679246225,sa3023404
Jackson Finley,OAK,"A+,AA",25,33.0,9.0,3.0,3.0,0.8181818181818182,0.24087591,0.08029197,0.16058394,0.272,1.3636363636363635,0.34831461,0.62200957,4.636363636363637,4.08701191815463,0.5493517182090066,4.229048774730075,sa3023406
Quinn Mathews,STL,AAA,25,60.2,11.27472432945802,6.230768708384695,1.80952381,1.4835163591392133,0.29343629,0.16216216,0.13127413,0.17757009,1.3186812081237451,0.21875,0.75362319,4.005494169675876,5.414948340813169,-1.409454171137293,4.6910720699688895,sa3023407
Kade Bragg,MIA,AA,24,39.1,11.440679445516224,7.550848434040708,1.51515152,0.22881358891032447,0.3030303,0.2,0.1030303,0.16153846,1.3728815334619469,0.25316456,0.75091575,3.4322038336548673,4.116853786097017,-0.6846499524421494,4.825709633261296,sa3023408
Jake Eddington,PHI,A+,25,22.0,6.954545454545454,9.409090909090908,0.73913043,0.0,0.16831683,0.22772277,-0.05940594,0.21052632,1.7727272727272727,0.27118644,0.75609756,2.8636363636363638,5.45794826854359,-2.5943119049072263,6.668682707710699,sa3023409
Ty Johnson,TBR,AAA,24,39.1,10.754238678785251,3.2033902447445426,3.35714286,1.1440679445516224,0.29559748,0.08805031,0.20754717,0.18881119,1.0423730161470337,0.24175824,0.77777778,2.974576655834218,4.035362044260175,-1.0607853884259573,4.476260836918033,sa3023410
Jackson Nezuh,HOU,AA,24,48.1,10.241380388076298,3.5379314067899936,2.89473684,1.489655329174734,0.26315789,0.09090909,0.1722488,0.22459893,1.2620690983285943,0.27419355,0.71969697,4.8413798198178855,4.896314991668643,-0.054935171850757136,4.949826406401626,sa3023411
Dylan Carmouche,CHW,"AA,CPX",24,9.0,12.0,11.0,1.09090909,1.0,0.24489796,0.2244898,0.02040816,0.37837838,2.7777777777777777,0.54166667,0.56910569,10.0,6.619197506374784,3.3808024936252163,6.0083360658751594,sa3023412
Tommy Vail,CHW,CPX,27,5.1,16.875010058289803,5.06250301748694,3.33333333,1.68750100582898,0.45454545,0.13636364,0.31818182,0.21052632,1.312500782311429,0.375,0.89285714,3.37500201165796,5.19266837537302,-1.8176663637150599,4.431429742469842,sa3023413
Noah Hall,NYM,A+,25,59.2,8.89944058215259,7.240222846497021,1.22916667,1.0558658317808156,0.20415225,0.16608997,0.03806228,0.26923077,1.8603350369471514,0.33333333,0.69316081,6.1843570147162055,5.9071608697604425,0.27719614495576295,6.359006531590914,sa3023416
Jonah Hurney,CIN,A+,26,14.2,6.136362306342925,4.2954536144400475,1.42857143,1.227272461268585,0.14084507,0.09859155,0.04225352,0.31746032,1.8409086919028776,0.35294118,0.63492063,5.522726075708633,5.992529659823049,-0.46980358411441614,6.27195435704073,sa3023417
Dominic Freeberger,STL,A+,26,24.0,13.875,7.5,1.85,1.875,0.33035714,0.17857143,0.15178571,0.23595506,1.7083333333333333,0.34042553,0.64864865,7.5,6.447075557708741,1.0529244422912587,5.7305368422220155,sa3023418
Conor Steinbaugh,HOU,A+,27,19.0,8.526315789473685,5.684210526315789,1.5,3.789473684210526,0.18367347,0.12244898,0.06122449,0.3255814,2.1052631578947367,0.33333333,0.59027778,8.052631578947368,9.067996115433543,-1.0153645364861745,5.997574250321639,sa3023419
Josh Knoth,MIL,"A+,CPX",20,22.2,10.72058673177232,4.764705214121031,2.25,0.39705876784341926,0.28421053,0.12631579,0.15789474,0.18292683,1.1911763035302578,0.25925926,0.67669173,3.176470142747354,4.089291224449429,-0.912821081702075,4.18162662991428,sa3023420
Alex Clemmey,WSN,AA,20,61.1,9.978261697044513,6.309783131954618,1.58139535,1.320652283432362,0.24028269,0.15194346,0.08833922,0.22553191,1.5652175211050217,0.27848101,0.6561086,5.135869991125852,5.60053525493818,-0.46466526381232764,5.344236347476637,sa3023421
Jacob Cravey,BAL,"A,A+",24,23.0,6.6521739130434785,8.217391304347826,0.80952381,1.565217391304348,0.15315315,0.18918919,-0.03603604,0.23863636,1.826086956521739,0.25373134,0.625,5.478260869565218,7.37895155367644,-1.9006906841112219,7.415881538455901,sa3023423
Chuck King,PHI,"AA,AAA",28,60.1,7.7569067312762625,3.13259694916926,2.47619048,0.2983425665875486,0.1969697,0.07954545,0.11742424,0.24583333,1.325966962611327,0.30645161,0.64837905,4.325967215519454,3.4550571949781603,0.8709100205412939,4.575973406930504,sa3023436
Bryce Collins,HOU,A+,26,8.0,6.75,14.625,0.46153846,2.25,0.13636364,0.29545455,-0.15909091,0.22580645,2.5,0.2173913,0.46511628,12.375,10.219311904907226,2.155688095092774,9.109717431291937,sa3023438
Levi Wells,BAL,AAA,24,36.0,9.0,2.75,3.27272727,1.25,0.22641509,0.06918239,0.15723271,0.26206897,1.3611111111111112,0.31730769,0.68888889,4.5,4.524533356560601,-0.024533356560601405,4.642370873358515,sa3023441
Wyatt Hudepohl,NYM,A+,24,11.2,9.257140334772291,2.314285083693073,4.0,2.314285083693073,0.24489796,0.06122449,0.18367347,0.24444444,1.1999996730260378,0.26666667,0.46296296,7.7142836123102425,5.9085969886003,1.805686623709943,4.359603947066024,sa3023442
Kyle Carr,NYY,AA,24,61.1,11.005435695269684,3.8152177076934906,2.88461538,1.0271739982251704,0.27881041,0.09665428,0.18215613,0.24793388,1.4021740293232485,0.33125,0.69948187,4.402174278107873,3.921187289585917,0.4809869885219564,3.752423508715554,sa3023444
Garrett Wright,CHW,"A,A+",24,31.0,12.774193548387096,4.645161290322581,2.75,0.5806451612903226,0.36363636,0.1322314,0.23140496,0.14423077,1.0,0.22413793,0.75342466,2.3225806451612905,3.244495984903557,-0.9219153397422666,3.667347118634661,sa3023446
Ryan Birchard,MIL,AA,22,30.0,12.9,12.0,1.075,1.5,0.3028169,0.28169014,0.02112676,0.14851485,1.8333333333333333,0.18867925,0.73469388,5.1,7.059226608276367,-1.9592266082763672,6.788520971934001,sa3023449
Charlee Soto,MIN,A,20,2.2,10.124987024830519,3.374995674943506,3.0,3.374995674943506,0.2,0.06666667,0.13333333,0.35714286,2.249997116629004,0.4,0.2173913,16.87497837471753,7.497074280685384,9.377904094032145,4.383615897898886,sa3023450
Nick Altermatt,CHW,AA,26,26.0,11.76923076923077,3.8076923076923075,3.09090909,1.3846153846153846,0.29824561,0.09649123,0.20175439,0.22772277,1.3076923076923077,0.3015873,0.85526316,3.1153846153846154,4.5438419928917515,-1.428457377507136,4.047849540985548,sa3023451
Kai Peterson,TOR,AA,23,19.0,11.368421052631579,7.105263157894737,1.6,0.9473684210526315,0.27272727,0.17045455,0.10227273,0.20833333,1.5789473684210527,0.2826087,0.67375887,5.684210526315789,4.930912660297595,0.7532978660181948,5.832908473673619,sa3023453
Trent Sellers,NYY,AA,26,50.1,11.801325695853903,5.543046917749561,2.12903226,1.6092716857982596,0.27731092,0.1302521,0.14705882,0.26470588,1.6887418925043465,0.34883721,0.66312997,5.543046917749561,5.290968603523406,0.25207831422615534,4.866868885886031,sa3023454
Emmanuel Chapman,PIT,AA,27,29.0,10.241379310344827,9.310344827586206,1.1,1.2413793103448276,0.23239437,0.21126761,0.02112676,0.21296296,1.8275862068965518,0.26760563,0.60311284,6.517241379310345,6.596974366286705,-0.07973298697636011,6.614758133477178,sa3023456
Cooper Adams,BOS,AA,26,40.2,11.729506729687959,4.868851850059153,2.40909091,1.5491801341097304,0.29608939,0.12290503,0.17318436,0.24342105,1.450819490674192,0.32608696,0.64575646,5.97540908870896,5.185442224352401,0.7899668643565594,4.23910781603673,sa3023457
Caden Rose,BOS,AA,24,3.0,6.0,9.0,0.66666667,0.0,0.13333333,0.2,-0.06666667,0.33333333,2.3333333333333335,0.4,0.42857143,3.0,5.229158274332683,-2.2291582743326828,8.980281792084376,sa3023458
Sam Knowlton,ARI,"A,A+",26,9.1,7.714288341756665,15.42857668351333,0.5,0.9642860427195831,0.16,0.32,-0.16,0.1875,2.3571436599812032,0.2173913,0.66371681,7.714288341756665,9.212088983628252,-1.4978006418715877,8.565487796390176,sa3023467
Dylan Simmons,CIN,A+,25,20.0,7.65,4.5,1.7,1.35,0.17894737,0.10526316,0.07368421,0.35714286,2.0,0.421875,0.78804348,5.4,5.84707555770874,-0.4470755577087395,5.224938636273146,sa3023468
Carson Montgomery,SDP,A+,23,49.1,8.756757659577824,4.7432437322713215,1.84615385,1.094594707447228,0.2364532,0.12807882,0.10837438,0.1849711,1.1756757968877634,0.21848739,0.83955224,2.7364867686180703,5.406535167638378,-2.6700483990203074,5.691640064204268,sa3023470
Jackson Baumeister,TBR,AA,23,44.2,9.26865566098163,3.6268652586449854,2.55555556,2.0149251436916584,0.26436782,0.10344828,0.16091954,0.20779221,1.119402857606477,0.2244898,0.76315789,4.634327830490815,5.853256209185062,-1.2189283786942475,4.693742740494044,sa3023471
Khristian Curtis,PIT,"AA,AAA",24,64.1,11.191710729388358,4.196891523520635,2.66666667,1.2590674570561904,0.29304029,0.10989011,0.18315018,0.20746888,1.2435234143764844,0.26973684,0.63400576,4.476684291755344,4.384585166859488,0.09209912489585559,4.256078751796981,sa3023473
Hunter Owen,KCR,AA,24,35.1,6.622642462768909,4.330189302579671,1.52941176,2.292453160189238,0.15294118,0.1,0.05294118,0.31125828,1.8113210154581632,0.32758621,0.56179775,8.150944569561734,7.107766236406821,1.0431783331549127,6.920776814365929,sa3023474
Jojo Ingrassia,BOS,A+,23,23.2,11.788730810900029,4.943661307796786,2.38461538,0.0,0.31958763,0.13402062,0.18556701,0.16666667,1.1408449171838737,0.26415094,0.85185185,1.521126556245165,2.6224810495283712,-1.1013544932832062,3.908733963036597,sa3023475
Paulshawn Pasqualotto,MIN,"A+,AA",25,30.0,12.6,3.9,3.23076923,0.3,0.3442623,0.10655738,0.23770492,0.22429907,1.2333333333333334,0.359375,0.74468085,2.7,2.9635528882344566,-0.26355288823445644,3.9997445166110994,sa3023476
Josh Grosz,ARI,AA,23,30.0,13.2,5.1,2.58823529,0.9,0.33846154,0.13076923,0.20769231,0.21621622,1.3666666666666667,0.328125,0.69587629,4.5,3.921602217356364,0.578397782643636,3.7001549204190574,sa3023478
Michael Forret,TBR,"AA,AAA",22,65.0,9.276923349143493,3.7384616481623034,2.48148148,0.9692307976717083,0.25868726,0.1042471,0.15444015,0.20087336,1.1230769560322968,0.2516129,0.75528701,3.4615385631132436,4.36475844341198,-0.9032198802987366,4.427082718827086,sa3023479
Thomas Bruss,DET,A+,27,16.0,11.25,5.0625,2.22222222,1.6875,0.28571429,0.12857143,0.15714286,0.21311475,1.375,0.26315789,0.73033708,3.9375,5.57207555770874,-1.6345755577087404,4.462438636273146,sa3023480
Austin Ehrlicher,BOS,A+,23,11.2,11.571425418465363,6.9428552510792185,1.66666667,0.7714283612310243,0.25862069,0.15517241,0.10344828,0.2173913,1.6285709848210512,0.3,0.53398058,6.9428552510792185,5.222882889728278,1.7199723613509406,6.7178530288311755,sa3023482
Kenten Egbert,CHC,"A+,AAA",24,22.2,7.941175356868385,2.7794113749039346,2.85714286,1.1911763035302578,0.18867925,0.06603774,0.12264151,0.33673469,1.7647056348596413,0.4,0.625,6.352940285494708,4.90953307257575,1.4434072129189586,5.411634086046707,sa3023500
Luke Russo,PHI,AA,25,57.0,9.157894736842104,3.6315789473684212,2.52173913,1.263157894736842,0.2406639,0.09543568,0.14522822,0.23255814,1.280701754385965,0.28187919,0.72530864,4.105263157894737,4.720386344508121,-0.6151231866133839,4.573959146309317,sa3023502
Riley Cooper,BAL,"A,A+,AAA",24,21.1,10.124996869360134,4.640623565123395,2.18181818,1.687499478226689,0.26666667,0.12222222,0.14444444,0.20253165,1.2656246086700167,0.23529412,0.46728972,7.171872782463428,5.332710042026614,1.839162740436814,4.7874913347432235,sa3023503
Nick Dean,CHC,AA,25,34.1,9.96116652422659,2.097087689310861,4.75,0.5242719223277152,0.26027397,0.05479452,0.20547945,0.26086957,1.2815535879121929,0.34693878,0.60679612,4.718447300949437,2.9019449426918897,1.8165023582575475,3.801328500485006,sa3023506
Will Sanders,CHC,"A+,AAA,CPX",24,36.2,10.799998993440202,4.172726883829169,2.58823529,1.4727271354691185,0.26347305,0.10179641,0.16167665,0.30201342,1.6909089333163951,0.39393939,0.71428571,5.399999496720101,4.961388509079764,0.43861098764033724,4.558978246576121,sa3023508
Drew Dowd,TBR,AA,24,4.0,4.5,9.0,0.5,0.0,0.11111111,0.22222222,-0.11111111,0.14285714,1.5,0.16666667,1.0,0.0,5.659226608276367,-5.659226608276367,6.103592474758625,sa3023509
Rorik Maltrud,CLE,AAA,26,66.0,8.045454545454545,3.272727272727273,2.45833333,0.6818181818181818,0.21299639,0.0866426,0.12635379,0.22619048,1.2272727272727273,0.27659574,0.68,3.8181818181818183,3.8856444676717126,-0.06746264948989422,4.857269525708574,sa3023510
Nick Sando,CIN,"AA,AAA",25,23.1,10.800001471383432,5.400000735691716,2.0,0.0,0.30434783,0.15217391,0.15217391,0.16666667,1.157143014791082,0.26,0.85185185,1.542857353054776,3.0317339723460828,-1.4888766192913068,4.354927052184574,sa3023511
Blake Wolters,KCR,"A,A+",21,54.1,10.26993925117652,5.4662579885294384,1.87878788,1.6564418147058906,0.23938224,0.12741313,0.11196911,0.24090909,1.5828221784967398,0.29054054,0.47435897,6.957055621764741,6.045165081696846,0.9118905400678949,5.501079640668552,sa3023513
Eriq Swan,WSN,"A+,AA,CPX",24,12.0,11.25,6.75,1.66666667,0.0,0.31914894,0.19148936,0.12765958,0.13157895,1.1666666666666667,0.2173913,0.78571429,2.25,3.3756193240483605,-1.1256193240483605,4.283388827741146,sa3023514
Brody Hopkins,TBR,AAA,24,58.2,10.585226355012862,8.590908346097397,1.23214286,0.6136363104355282,0.25555556,0.20740741,0.04814815,0.20192308,1.6704544006300492,0.28148148,0.72154472,4.909090483484226,5.256856441103736,-0.3477659576195098,5.837847911533505,sa3023515
Mark Manfredi,MIL,"AA,AAA",26,31.2,14.49473975226548,3.978948167288563,3.64285714,0.2842105833777545,0.36956522,0.10144928,0.26811594,0.20833333,1.231579194636936,0.35294118,0.72115385,3.6947375839108085,2.522451303719457,1.1722862801913516,3.476855681913639,sa3023516
Nestor German,BAL,AAA,24,69.1,10.254808444595957,3.6346156512491996,2.82142857,0.9086539128122999,0.26421405,0.09364548,0.17056856,0.24444444,1.3557693302278762,0.32065217,0.69248826,4.543269564061499,3.8407726939613314,0.7024968701001679,4.309710594752162,sa3023517
Grant Rogers,TOR,AAA,25,64.0,5.203125,2.8125,1.85,0.984375,0.13028169,0.07042254,0.05985916,0.28244275,1.46875,0.30733945,0.60324826,5.34375,4.849186134338379,0.4945638656616209,5.415683702379465,sa3023522
Brian Hendry,NYY,CPX,26,4.2,9.642850574186479,0.0,5.0,1.9285701148372958,0.33333333,0.0,0.33333333,0.13333333,0.42857113663051016,0.11111111,1.0,1.9285701148372958,4.77195912575265,-2.843389010915354,3.2156994340440117,sa3023525
Bishop Letson,MIL,AA,21,47.0,9.0,5.361702127659575,1.67857143,0.7659574468085106,0.22169811,0.13207547,0.08962264,0.21787709,1.425531914893617,0.2734375,0.69277108,4.595744680851064,4.8719925657231755,-0.27624788487211127,5.505254681313292,sa3023526
Trennor O'Donnell,BOS,CPX,25,2.0,9.0,9.0,1.0,0.0,0.25,0.25,0.0,0.0,1.0,0.0,1.0,0.0,6.629102420806885,-6.629102420806885,8.780646105110645,sa3023531
Danny Kirwin,BOS,A+,26,22.1,9.671643167701147,6.850747243788312,1.41176471,2.014925659937739,0.22018349,0.1559633,0.06422018,0.2967033,1.9701495341613449,0.35483871,0.52631579,8.462687771738503,6.773416835031215,1.6892709367072882,5.566774296221433,sa3023553
Steven Echavarria,OAK,A+,20,56.2,8.258822788119796,4.923528969840647,1.67741935,1.429411636405349,0.20392157,0.12156863,0.08235294,0.22171946,1.411764579165777,0.25,0.55397727,6.0352935759336965,5.976487140259545,0.05880643567415156,6.317556687280302,sa3023560
Nate Savino,ARI,A+,24,32.0,7.3125,4.5,1.625,1.125,0.18181818,0.11188811,0.06993007,0.3015873,1.6875,0.35416667,0.58704453,7.3125,5.245167446136475,2.067332553863525,5.232372249290347,sa3023565
Nazier Mulé,CHC,A+,21,25.1,12.078948884129384,6.394737644539085,1.88888889,0.7105264049487873,0.30630631,0.16216216,0.14414414,0.23333333,1.539473877389039,0.35185185,0.79081633,3.5526320247439367,4.776023030148992,-1.2233910054050554,4.867907739417451,sa3023566
Cole Schoenwetter,CIN,A+,21,23.0,9.782608695652174,7.043478260869565,1.38888889,0.391304347826087,0.23148148,0.16666667,0.06481482,0.26966292,1.826086956521739,0.36507937,0.67307692,5.086956521739131,4.816640775100045,0.27031574663908575,5.713997209460839,sa3023567
Justin Militello,STL,A,22,17.0,7.9411764705882355,7.411764705882353,1.07142857,1.0588235294117647,0.16853933,0.15730337,0.01123596,0.3,2.0588235294117645,0.35849057,0.48387097,11.117647058823529,6.864726145127241,4.252920913696288,6.44059289167909,sa3023568
Zander Mueth,PIT,A,21,18.0,7.5,8.0,0.9375,1.5,0.16129032,0.17204301,-0.01075269,0.27142857,1.9444444444444444,0.30769231,0.66137566,8.0,8.080412419637044,-0.08041241963704415,6.957619902491571,sa3023569
Dylan Questad,MIN,"A,CPX",21,8.2,13.499994862540072,10.384611432723133,1.3,2.0769222865446264,0.28888889,0.22222222,0.06666667,0.25714286,2.192306858019328,0.35,0.49382716,9.34615028945082,7.282082373833033,2.0640679156177875,5.666778533380228,sa3023570
Carson Hobbs,LAD,AA,24,32.0,9.0,5.0625,1.77777778,1.40625,0.23357664,0.13138686,0.10218978,0.21186441,1.34375,0.24691358,0.78378378,4.21875,5.467435550689697,-1.2486855506896974,5.398992859572172,sa3023573
Hayden Robinson,MIL,"A,CPX",20,16.1,9.918363486167951,7.714282711463962,1.28571429,2.204080774703989,0.21686747,0.1686747,0.04819277,0.29850746,2.08163184277599,0.35555556,0.59210526,9.918363486167951,7.878891012143892,2.039472474024059,5.605568097163185,sa3023574
Michael Trausch,TEX,A,22,30.2,12.619563909244132,5.282608148055683,2.38888889,0.29347823044753796,0.35245902,0.14754098,0.20491803,0.13461538,1.043478152702357,0.21666667,0.78431373,2.054347613132766,2.9981027125861495,-0.9437550994533837,3.3944342785829917,sa3023575
Chris Kean,NYY,AA,24,30.1,10.681319800714325,1.1868133111904806,9.0,1.7802199667857208,0.30252101,0.03361345,0.26890756,0.20720721,0.8901099833928604,0.24637681,0.79646018,3.5604399335714416,4.5515027003247495,-0.9910627667533078,3.402203254191341,sa3023576
Jack Bushell,DET,CPX,20,24.2,12.405403806660136,4.0135129962723965,3.09090909,2.189188907057671,0.32075472,0.10377358,0.21698113,0.22340426,1.2972971301082494,0.27777778,0.73170732,4.0135129962723965,5.993967045337493,-1.9804540490650968,4.343700657796443,sa3023577
John Michael Faile,CIN,A+,26,2.1,0.0,0.0,0.0,0.0,0.0,0.0,0.0,0.4,1.7142882249829998,0.4,0.8,3.85714850621175,5.23279172644599,-1.3756432202342403,7.509131766418626,sa3023579
Paul Wilson,DET,CPX,21,4.1,10.384623002729418,8.307698402183535,1.25,0.0,0.26315789,0.21052632,0.05263158,0.07692308,1.1538470003032686,0.125,0.71428571,4.153849201091767,5.975257621292115,-1.8214084202003473,6.306264584779493,sa3023596
Daniel Nunez,ARI,A,23,10.0,4.5,6.3,0.71428571,2.7,0.09803922,0.1372549,-0.03921569,0.37209302,2.3,0.37142857,0.60606061,9.0,9.851000785827637,-0.8510007858276367,7.5910098314285275,sa3023597
Daniel Keaney,TEX,"A,CPX",21,29.1,13.806819678091967,1.8409092904122624,7.5,0.0,0.36290323,0.0483871,0.31451613,0.25423729,1.2272728602748415,0.4109589,0.69444444,3.068182150687104,2.15857690582587,0.909605244861234,2.91980825978749,sa3023598
Dominic Scheffler,CIN,A,21,22.0,8.181818181818182,7.7727272727272725,1.05263158,0.4090909090909091,0.18691589,0.17757009,0.00934579,0.23529412,1.7727272727272727,0.296875,0.591133,5.7272727272727275,5.519806359030984,0.20746636824174391,5.996495830132202,sa3023599
Adler Cecil,SDP,CPX,21,20.2,14.370965531416012,5.661289451769944,2.53846154,0.8709676079646067,0.38823529,0.15294118,0.23529412,0.18309859,1.258064322615543,0.30555556,0.53719008,6.096773255752248,4.914442330518203,1.1823309252340444,5.026226166905624,sa3023600
Hyun-Seok Jang,LAD,A,22,45.2,10.64233458110118,3.941605400407844,2.7,1.5766421601631375,0.24657534,0.0913242,0.15525114,0.27225131,1.5766421601631375,0.34108527,0.55232558,7.094889720734119,6.302825408231123,0.7920643125029958,6.000646555202148,sa3023601
J.C. Hechavarria,LAA,CPX,22,11.2,9.257140334772291,3.8571418061551213,2.4,3.0857134449240973,0.21052632,0.0877193,0.12280702,0.3,1.714285247180054,0.32352941,0.48780488,10.79999705723434,9.017667007446601,1.7823300497877383,6.731682941117684,sa3023602
Noah Takacs,PIT,A,24,25.2,8.064934066062275,5.259739608301484,1.53333333,1.0519479216602967,0.17692308,0.11538462,0.06153846,0.27927928,1.7922075702360611,0.32941176,0.3930131,7.012986144401978,5.695130793082039,1.3178553513199391,5.212746079299575,sa3023612
Hiro Wyatt,KCR,A,21,28.0,7.714285714285714,5.142857142857143,1.5,0.0,0.19512195,0.1300813,0.06504065,0.24509804,1.4642857142857142,0.32051282,0.7173913,3.2142857142857144,4.15338215146746,-0.9390964371817452,4.9989004467214855,sa3023613
Jeremy Pilon,TBR,CPX,20,31.2,11.084209413607807,3.694736471202602,3.0,0.0,0.28888889,0.0962963,0.19259259,0.22689076,1.2631577679325137,0.3375,0.74418605,3.126315475632971,3.1817340948574997,-0.05541861922452851,4.178238438078126,sa3023614
Victor Garcia,LAA,"A,CPX",22,8.0,11.249999664723884,4.499999865889553,2.5,1.1249999664723882,0.26315789,0.10526316,0.15789474,0.27272727,1.6249999515712275,0.36363636,0.79365079,4.499999865889553,5.6398899892968855,-1.1398901234073326,7.201158947596673,sa3023615
Bjorn Johnson,MIL,A+,21,21.0,8.571428571428571,7.714285714285714,1.11111111,1.2857142857142858,0.18691589,0.1682243,0.01869159,0.36363636,2.380952380952381,0.44615385,0.64102564,8.571428571428571,6.613742224375407,1.9576863470531638,6.189848404413178,sa3023617
Danny Flatt,NYY,"A,CPX",22,28.0,6.428571428571429,3.5357142857142856,1.81818182,0.9642857142857143,0.16528926,0.09090909,0.07438017,0.25,1.3571428571428572,0.28235294,0.55865922,5.464285714285714,5.195179923605163,0.26910579068055185,5.507731900185868,sa3023618
Luis Rives,HOU,CPX,21,2.0,4.5,0.0,1.0,0.0,0.14285714,0.0,0.14285714,0.0,0.0,0.0,1.0,0.0,4.629102420806885,-4.629102420806885,6.7806461051106455,sa3023624
Jordan Woods,KCR,"A,A+",22,41.0,12.512195121951219,3.073170731707317,4.07142857,0.43902439024390244,0.34545455,0.08484848,0.26060606,0.18367347,1.0,0.28409091,0.8056872,2.1951219512195124,2.8366055767710616,-0.6414836255515493,3.457242780269646,sa3023628
Trevor Harrison,TBR,A+,20,33.1,10.80000164794947,5.940000906372209,1.81818182,2.4300003707886306,0.26845638,0.14765101,0.12080537,0.248,1.590000242614783,0.28947368,0.73113208,6.210000947570945,6.864312403869706,-0.6543114562987604,5.18079152949976,sa3023629
Keyner Martinez,SFG,A,21,45.1,14.49264868485492,5.955883021173255,2.43333333,0.794117736156434,0.37435897,0.15384615,0.22051282,0.19753086,1.367647212269414,0.32941176,0.67340067,4.367647548860387,4.661294915849364,-0.293647366988977,4.6718895374622065,sa3023631
Jaxon Wiggins,CHC,"A+,AAA,CPX",24,12.2,10.657891861455377,5.684208992776202,1.875,1.4210522481940504,0.27777778,0.14814815,0.12962963,0.23913043,1.499999595315942,0.31034483,0.67901235,4.973682868679176,5.414159619904727,-0.4404767512255514,4.645167898822956,sa3023635
Adam Bates,BOS,A,20,36.2,8.099998876398416,8.836362410616454,0.91666667,1.227272557030063,0.17553191,0.19148936,-0.01595745,0.29054054,2.1545451556749993,0.34545455,0.60526316,8.345453387804428,6.863121961010451,1.4823314267939764,6.543148894514202,sa3023637
Jose Nova,MIL,A+,24,10.2,15.187495473773636,18.562494467945555,0.81818182,3.374998994171919,0.23376623,0.28571429,-0.05194805,0.45283019,4.31249871477523,0.64516129,0.4009434,26.156242204832374,12.197073099017874,13.9591691058145,8.98190290541877,sa3023641
Alex Makarewich,LAD,A+,24,24.0,16.5,10.875,1.51724138,0.75,0.38596491,0.25438596,0.13157895,0.16666667,1.7916666666666667,0.31578947,0.7038835,5.625,5.113742224375407,0.5112577756245926,4.841880772386989,sa3023642
Hudson Leach,HOU,"AA,AAA",24,25.0,7.92,11.16,0.70967742,0.72,0.1641791,0.23134328,-0.06716418,0.21505376,2.04,0.26086957,0.58419244,9.36,8.026608491112784,1.3333915088872157,8.23705723898609,sa3023649
Igor Gil,SDP,A+,25,25.0,11.88,8.28,1.43478261,0.72,0.28205128,0.1965812,0.08547009,0.22340426,1.76,0.3220339,0.63106796,6.12,5.1070755577087406,1.0129244422912596,5.412643477320671,sa3023652
Mason Miller,KCR,A+,24,36.1,6.935780787446019,7.43119370083502,0.93333333,0.9908258267780027,0.16,0.17142857,-0.01142857,0.23943662,1.7614681364942268,0.27272727,0.6514658,6.440367874057017,6.561754822817359,-0.12138694876034162,6.884803338804547,sa3023658
David Rodriguez,ATL,A+,24,29.0,11.482758620689655,2.1724137931034484,5.28571429,0.6206896551724138,0.31623932,0.05982906,0.25641026,0.25454545,1.206896551724138,0.36619718,0.77639752,2.793103448275862,2.663277422148606,0.1298260261272559,3.472489489152514,sa3023659
Wyatt Crowell,LAD,AA,24,47.0,10.340425531914894,7.085106382978723,1.45945946,0.9574468085106383,0.24107143,0.16517857,0.07589286,0.25698324,1.7659574468085106,0.34166667,0.66666667,5.9361702127659575,5.6123823592003355,0.323787853565622,5.322804999351502,sa3023662
Kamdyn Perry,TEX,"A,A+",20,38.2,9.310346358454861,3.2586212254592017,2.85714286,1.3965519537682294,0.24691358,0.08641975,0.16049383,0.23611111,1.2413795144606483,0.28571429,0.77981651,4.189655861304688,4.952629793370988,-0.7629739320663003,4.646555703033693,sa3023663
Derrick Edington,TBR,AA,26,30.2,7.9239122220835245,3.5217387653704555,2.25,1.1739129217901518,0.20610687,0.09160305,0.11450382,0.27966102,1.4673911522376897,0.33333333,0.66831683,5.282608148055683,4.865748222338468,0.4168599257172154,4.445232926269582,sa3023665
Ryan Vanderhei,SFG,"A+,AA",25,31.1,10.053192509305479,3.4468088603333067,2.91666667,0.5744681433888844,0.26923077,0.09230769,0.17692308,0.16521739,0.9893618025030788,0.21794872,0.60897436,3.1595747886388645,3.669142048178795,-0.5095672595399305,4.195006381656407,sa3023671
Luke Fox,LAD,AA,24,19.2,10.525422027487346,2.2881352233668144,4.6,0.4576270446733629,0.32394366,0.07042254,0.25352113,0.12307692,0.6610168423059686,0.17073171,0.71428571,2.2881352233668144,2.8922238095674264,-0.604088586200612,3.4893390296833435,sa3023673
Daviel Hurtado,NYM,"A,A+",21,31.1,9.478724365916595,1.1489362867777688,8.25,0.5744681433888844,0.27731092,0.03361345,0.24369748,0.1826087,0.7978724213734506,0.2375,0.63063063,2.8723407169444224,2.744574732502757,0.1277659844416652,2.8540750194972486,sa3023674
Ricky Castro,MIN,"AA,AAA",26,39.2,10.890755429728257,3.8571425480287576,2.82352941,1.1344536905966935,0.25396825,0.08994709,0.16402116,0.31976744,1.8151259049547095,0.42016807,0.67692308,6.126049929222145,4.115155301757641,2.010894627464504,4.23980314201727,sa3023681
Dilan Fernandez,SFG,CPX,21,0.1,0.0,0.0,0.0,0.0,0.0,0.0,0.0,0.5,3.00002995163303,0.5,0.0,27.00026956469727,4.817668151855469,22.1826014128418,4.817668151855469,sa3023688
Yolvin Mesa,TBR,DSL,20,11.2,10.028568696003315,2.314285083693073,4.33333333,0.7714283612310243,0.29545455,0.06818182,0.22727273,0.15384615,0.7714283612310243,0.2,0.625,3.0857134449240973,4.755885636076648,-1.6701721911525511,4.3850444102390025,sa3023690
Efrailin Ramos,TBR,CPX,20,19.2,8.694913848793895,3.6610163573869032,2.375,0.0,0.23170732,0.09756098,0.13414634,0.19178082,1.1186438869793316,0.25925926,0.65217391,3.6610163573869032,3.5697804773172193,0.09123588006968397,4.73671923611256,sa3023691
Angel Herrera,PIT,DSL,18,9.1,6.750002299037082,3.8571441708783323,1.75,0.0,0.16666667,0.0952381,0.07142857,0.2972973,1.6071434045326385,0.36666667,0.75,3.8571441708783323,4.691600004994152,-0.8344558341158197,5.7138363858433365,sa3023694
Frank Chessman,TBR,DSL,19,1.2,5.399989314100431,21.599957256401723,0.25,0.0,0.11111111,0.44444444,-0.33333333,0.0,2.3999952507113025,0.0,0.5,10.799978628200861,10.5844452381369,0.21553339006396222,11.104855279492188,sa3023697
Jhon Rosario,CHC,"A,CPX",21,17.1,10.384617289142845,3.1153851867428535,3.33333333,0.0,0.24096386,0.07228916,0.1686747,0.2972973,1.6153849116444425,0.40740741,0.51612903,7.269232102399991,3.5599757125392046,3.7092563898607867,5.272648435311697,sa3023698
Mathias Sato,SEA,DSL,19,3.0,9.0,6.0,1.5,3.0,0.15789474,0.10526316,0.05263158,0.4,2.6666666666666665,0.45454545,0.46511628,18.0,10.917790444691976,7.082209555308024,7.451808896660805,sa3023699
Dariel Morillo,DET,DSL,19,4.2,3.8571402296745916,3.8571402296745916,1.0,0.0,0.11764706,0.11764706,0.0,0.2,1.0714278415762755,0.23076923,0.8,1.9285701148372958,5.013028247989153,-3.0844581331518572,6.128194069445502,sa3023700
Roberto Perez,SEA,CPX,22,28.2,8.476743246040428,1.8837207213423173,4.5,0.0,0.24107143,0.05357143,0.1875,0.19230769,0.9069766436092639,0.25974026,0.60714286,2.825581082013476,3.771156639998626,-0.9455755579851499,5.27849268382585,sa3023703
Ronald Tejada,NYY,DSL,19,6.0,9.0,12.0,0.75,0.0,0.19354839,0.25806452,-0.06451613,0.22727273,2.1666666666666665,0.3125,0.64285714,7.5,7.084457111358643,0.41554288864135724,8.385484789311885,sa3023705
Ichiro Cano,CIN,A,21,1.2,0.0,5.399989314100431,0.0,5.399989314100431,0.0,0.08333333,-0.08333333,0.54545455,4.199991688744779,0.5,0.71428571,16.199967942301292,13.347060089148922,2.85290785315237,10.244499901570613,sa3023708
Gregori Arias,MIA,DSL,19,4.2,5.785710344511887,7.714280459349183,0.75,0.0,0.125,0.16666667,-0.04166667,0.21052632,1.7142845465220407,0.25,0.44444444,7.714280459349183,6.5130272261959385,1.2012532331532446,7.999914988137737,sa3023734
Yordani Martinez,MIA,CPX,19,0.1,0.0,108.00107825878908,0.0,0.0,0.0,0.8,-0.8,0.0,12.00011980653212,0.0,0.75,0.0,40.12946184040325,-40.12946184040325,44.43259217050869,sa3023738
Jesus Lizardo,PIT,DSL,19,0.2,13.49993200634393,13.49993200634393,1.0,0.0,0.16666667,0.16666667,0.0,0.6,5.999969780597302,0.75,0.25,26.99986401268786,6.084449556507968,20.91541445617989,8.686491806988014,sa3023753
Kendrick Herrera,PIT,CPX,19,1.1,0.0,6.750016696792419,0.0,0.0,0.0,0.125,-0.125,0.42857143,3.0000074207966305,0.42857143,0.25,13.500033393584838,6.3791079864043585,7.120925407180479,10.682205999123962,sa3023776
Angel Brachi,MIA,CPX,19,0.2,13.49993200634393,0.0,1.0,0.0,0.33333333,0.0,0.33333333,0.33333333,1.4999924451493254,0.5,1.0,0.0,1.1291175305082342,-1.1291175305082342,3.2806503784178247,sa3023784
Jose Ledesma,NYY,A,23,18.2,9.642855500688638,6.2678560754476145,1.53846154,0.0,0.2247191,0.14606742,0.07865169,0.27027027,1.767856841792917,0.37037037,0.57142857,5.303570525378751,4.014936183545062,1.2886343418336885,4.518232562781917,sa3023811
Erigaldi Perez,CLE,CPX,20,32.1,10.577321251516638,3.340206711005254,3.16666667,0.27835055925043783,0.26950355,0.08510638,0.18439716,0.27777778,1.4536084760856198,0.3908046,0.63786008,3.6185572702556916,4.260967033354593,-0.6424097630989012,5.333554920748959,sa3023812
Junior Tavera,NYY,DSL,19,12.2,10.657892062063704,6.394735237238222,1.66666667,0.7105261374709135,0.25,0.15,0.1,0.24489796,1.657894320765465,0.33333333,0.64814815,5.684209099767308,5.847614689084711,-0.1634055893174029,5.779950889821109,sa3023813
Jose Meza,SFG,DSL,20,4.0,11.25,11.25,1.0,0.0,0.20833333,0.20833333,0.0,0.36842105,3.0,0.5,0.66666667,9.0,5.834457111358643,3.1655428886413572,6.701808896660805,sa3023816
Branneli Franco,STL,CPX,19,18.1,8.345455992517643,11.290911048700341,0.73913043,1.4727275280913488,0.17,0.23,-0.06,0.35135135,2.6727277361657813,0.42592593,0.56485356,11.290911048700341,8.656375933087698,2.6345351156126426,7.38972045990433,sa3023818
Joel Cruz,LAD,CPX,22,20.0,8.1,3.15,2.57142857,0.9,0.17821782,0.06930693,0.10891089,0.30769231,1.75,0.36619718,0.45454545,4.05,5.817668151855469,-1.767668151855469,6.007678659260273,sa3023819
Marco Barrios,CHW,A,20,25.2,9.81818060216277,2.8051944577607912,3.5,0.7012986144401978,0.25454545,0.07272727,0.18181818,0.27,1.363636194744829,0.35714286,0.73099415,2.4545451505406923,3.6176678657531744,-1.1631227152124821,3.7000113614194126,sa3023820
Merlin Bido,BOS,CPX,20,18.0,9.5,10.5,0.9047619,0.5,0.2345679,0.25925926,-0.02469136,0.14035088,1.6111111111111112,0.18918919,0.71895425,5.0,6.7402135319179965,-1.7402135319179965,7.133606553408835,sa3023821
Moises Meza,COL,CPX,20,15.1,7.630436364554606,2.9347832171363866,2.6,0.5869566434272773,0.22413793,0.0862069,0.13793104,0.15384615,0.8478262627282894,0.18421053,0.71428571,2.347826573709109,5.143755175981734,-2.7959286022726246,5.559198953172342,sa3023822
Jose Guevara,NYM,CPX,21,27.1,10.536586591277075,5.2682932956385375,2.0,1.9756099858644516,0.26229508,0.13114754,0.13114754,0.23076923,1.4634148043440383,0.27272727,0.625,6.256098288570763,6.61690758819175,-0.3608092996209864,5.285072478292344,sa3023823
Charlie Zink,BOS,DSL,20,2.1,19.285742531058748,38.571485062117496,0.5,0.0,0.26315789,0.52631579,-0.2631579,0.22222222,5.142864674948999,0.5,0.41666667,27.00003954348225,13.155898236273643,13.844141307208606,13.899343712504383,sa3023827
Ricardo Guzman,TBR,DSL,21,9.1,12.53571855535458,4.821430213597916,2.6,0.0,0.30952381,0.11904762,0.19047619,0.19444444,1.2857147236261108,0.30434783,0.76923077,0.9642860427195831,3.727313962274569,-2.763027919554986,4.563689182969356,sa3023830
Jean Robles,WSN,CPX,19,21.2,9.138460197674648,7.4769219799156215,1.22222222,1.661538217759027,0.21359223,0.17475728,0.03883495,0.23170732,1.7076920571412222,0.26785714,0.66860465,6.230768316596351,7.406025016942744,-1.1752567003463925,6.59485739513471,sa3023831
Franniel Reynoso,WSN,DSL,19,5.2,12.705875225137136,14.294109628279278,0.88888889,0.0,0.23529412,0.26470588,-0.02941177,0.18181818,2.294116360094205,0.28571429,0.5,9.529406418852851,8.113866896118958,1.4155395227338925,9.032238859481392,sa3023832
Marlon De La Cruz,WSN,"A,CPX",20,23.1,6.942858088746491,6.942858088746491,1.0,0.385714338263694,0.18181818,0.18181818,0.0,0.15789474,1.28571446087898,0.19298246,0.92261905,1.157143014791082,5.852120227057915,-4.694977212266833,6.294069820833473,sa3023833
Yoel Roque,MIN,CPX,19,12.2,7.815787512180049,7.105261374709135,1.1,0.0,0.17460317,0.15873016,0.01587302,0.30769231,2.0526310638048613,0.3902439,0.62962963,7.105261374709135,4.997523255493557,2.107738119215578,6.582870835531784,sa3023834
Gilbel Galvan,BOS,A,19,9.2,11.172410119020489,8.379307589265366,1.33333333,0.0,0.26086957,0.19565217,0.06521739,0.21621622,1.7586201113272992,0.32,0.70588235,3.724136706340163,3.928012591281521,-0.203875884941358,4.387216342003683,sa3023835
Dalvinson Reyes,BOS,A,19,16.0,8.4375,7.3125,1.15384615,0.5625,0.22058824,0.19117647,0.02941177,0.11320755,1.1875,0.13513514,0.51020408,5.0625,5.367667865753174,-0.305167865753174,5.294996374100447,sa3023837
Alejandro Rivera,CLE,CPX,19,27.0,12.0,4.333333333333333,2.76923077,0.6666666666666666,0.32142857,0.11607143,0.20535714,0.17346939,1.1111111111111112,0.25,0.78014184,2.3333333333333335,4.669520003707321,-2.3361866703739875,4.920639676407531,sa3023840
Yander Bonaci,BOS,CPX,19,10.0,12.6,6.3,2.0,0.9,0.28,0.14,0.14,0.26190476,1.8,0.37037037,0.79545455,4.5,5.029102420806885,-0.5291024208068853,5.737209859490395,sa3023841
Yander Maria,CHC,CPX,19,19.1,11.172415630145835,8.844829040532119,1.26315789,1.3965519537682294,0.22857143,0.18095238,0.04761905,0.2804878,2.1724141503061345,0.36363636,0.43062201,9.775863676377606,7.921116938007089,1.8547467383705163,7.291126617176117,sa3023842
Josdanner Suarez,ARI,A,21,7.2,9.391300453807808,7.043475340355856,1.33333333,3.521737670177928,0.18181818,0.13636364,0.04545455,0.37837838,2.608694570502169,0.42307692,0.6547619,10.565213010533785,10.290128840932407,0.27508416960137794,7.342315774869924,sa3023843
Jesús García,STL,"A,CPX",20,18.1,7.854546816487193,1.4727275280913488,5.33333333,0.9818183520608992,0.22857143,0.04285714,0.18571429,0.19402985,0.8727274240541326,0.2244898,0.60606061,3.9272734082435967,4.084362412411082,-0.15708900416748506,3.8971093065425504,sa3023846
Victor Espiritu,TOR,DSL,21,14.2,7.363634767611511,2.45454492253717,3.0,0.0,0.21428571,0.07142857,0.14285714,0.25,1.1590906578647748,0.325,0.70588235,3.0681811531714627,3.7662754705129196,-0.6980943173414569,4.357651559587079,sa3023847
Keiber Armas,TEX,"A,CPX",23,12.0,8.250000081956387,12.000000119209291,0.6875,0.7500000074505807,0.171875,0.25,-0.078125,0.23913043,2.2500000223517422,0.29411765,0.61594203,6.000000059604646,8.434335152473798,-2.4343350928691523,8.841012330585244,sa3023848
Jose Silvestre,TEX,DSL,19,11.2,13.114281872925618,1.5428566909324257,8.5,0.0,0.41463415,0.04878049,0.36585366,0.1025641,0.5142855636441419,0.18181818,0.5,1.5428566909324257,2.184457814352647,-0.6416011234202215,2.481835482207231,sa3023849
Elkyns Villarreal,SFG,DSL,19,6.1,14.210533448537248,14.210533448537248,1.0,0.0,0.29411765,0.29411765,0.0,0.18181818,2.2105274253280163,0.33333333,0.3125,14.210533448537248,7.110774168876375,7.099759279660873,7.110774168876375,sa3023850
Josue Henrique,COL,DSL,19,7.2,12.913038123985737,3.521737670177928,3.66666667,0.0,0.2972973,0.08108108,0.21621622,0.33333333,1.8260861993515183,0.5,0.53333333,7.043475340355856,3.2801098261075583,3.763365514248298,4.072039388669148,sa3023853
Edgar Gallegos,TOR,"A,CPX",20,17.2,8.15094192955774,2.5471693529867943,3.2,2.037735482389435,0.18604651,0.05813953,0.12790698,0.35443038,1.8679241921903156,0.40677966,0.6462585,8.15094192955774,6.384984844876699,1.765957084681042,5.168907208101068,sa3023857
Robert Terrero,ARI,DSL,19,1.2,10.799978628200861,32.399935884602584,0.33333333,5.399989314100431,0.0952381,0.28571429,-0.19047619,0.5,7.199985752133908,0.55555556,0.44117647,43.199914512803446,26.184414367760365,17.01550014504308,19.9456599270145,sa3023858
Orlando Suarez,CHW,CPX,19,21.1,10.968751634471362,9.28125138301423,1.18181818,0.42187506286428317,0.25742574,0.21782178,0.03960396,0.18666667,1.6875002514571327,0.27083333,0.67357513,5.062500754371398,6.645793424267363,-1.5832926698959646,7.3634591393652915,sa3023863
Geovanny Vasquez,CHC,CPX,22,13.2,11.85365577938364,9.21951005063172,1.28571429,0.0,0.26470588,0.20588235,0.05882353,0.23529412,1.9024385818763867,0.36363636,0.68965517,4.60975502531586,5.915228872168769,-1.3054738468529088,6.56937967448141,sa3023865
Lender Bracho,SFG,DSL,21,8.0,3.375,3.375,1.0,1.125,0.09375,0.09375,0.0,0.32142857,1.5,0.33333333,0.77586207,3.375,6.959457111358643,-3.5844571113586428,5.984970950335264,sa3023866
Jordan Henriquez,CHC,A,22,33.1,10.80000164794947,3.2400004943848413,3.33333333,1.6200002471924206,0.26490066,0.0794702,0.18543046,0.26470588,1.440000219726596,0.33333333,0.56338028,6.480000988769683,4.907668062591583,1.5723329261780998,3.677410637390107,sa3023867
Danny Martinez,TOR,DSL,20,1.1,0.0,60.74969402854768,0.0,0.0,0.0,0.52941176,-0.52941176,0.42857143,8.999954670895953,0.42857143,0.46153846,47.249762022203754,27.084343788598524,20.16541823360523,28.385364913838547,sa3023870
Eyeksson Rojas,WSN,CPX,20,2.1,0.0,0.0,0.0,0.0,0.0,0.0,0.0,0.36363636,1.7142882249829998,0.36363636,0.25,7.7142970124235,4.129102420806885,3.585194591616615,8.432196091601774,sa3023872
Anderson Navas,PHI,CPX,19,15.1,6.456523077700051,8.217393007981883,0.78571429,0.5869566434272773,0.16176471,0.20588235,-0.04411765,0.24528302,1.760869930281832,0.29268293,0.63909774,5.869566434272773,6.476928994515994,-0.6073625602432209,6.938738289399949,sa3023881
Irvin Nunez,MIN,A,20,2.0,0.0,4.5,0.0,4.5,0.0,0.07142857,-0.07142857,0.53846154,4.0,0.5,0.45454545,18.0,11.74707908630371,6.25292091369629,9.944512759149074,sa3023899
Brayan Amoroso,STL,DSL,18,4.0,11.25,4.5,2.5,2.25,0.2173913,0.08695652,0.13043478,0.42857143,2.75,0.53333333,0.41666667,13.5,6.834457111358643,6.665542888641357,5.319160681962967,sa3023910
Estivenzon Montero,NYY,CPX,19,0.2,0.0,26.99986401268786,0.0,0.0,0.0,0.4,-0.4,0.33333333,4.499977335447976,0.33333333,1.0,0.0,13.129057091702837,-13.129057091702837,17.43212278752202,sa3023916
Samuel Estevez,MIA,DSL,19,4.0,6.75,9.0,0.75,0.0,0.16666667,0.22222222,-0.05555556,0.14285714,1.5,0.18181818,0.66666667,4.5,6.084457111358643,-1.5844571113586428,7.385484789311886,sa3023924
Jose Marcano,TEX,DSL,19,0.0,0.0,0.0,0.0,0.0,0.0,0.0,0.0,1.0,2.0,1.0,0.5,9.0,4.584457111358643,4.415542888641357,5.451808896660805,sa3023953
Juan Colorado,SFG,DSL,19,5.1,5.06250301748694,15.187509052460822,0.33333333,0.0,0.08571429,0.25714286,-0.17142857,0.23809524,2.625001564622858,0.27777778,0.68421053,10.12500603497388,11.334461134674562,-1.2094550997006817,11.984975361387878,sa3023954
Andry Batista,TEX,CPX,19,1.0,0.0,9.0,0.0,0.0,0.0,0.2,-0.2,0.25,2.0,0.25,0.0,9.0,7.817668151855469,1.182331848144531,12.28769967406988,sa3023956
Javier Sanchez,TEX,CPX,18,1.2,0.0,5.399989314100431,0.0,5.399989314100431,0.0,0.11111111,-0.11111111,0.28571429,1.799996438033477,0.16666667,1.0,5.399989314100431,16.217645592734154,-10.817656278633724,12.887683704524257,sa3023975
Alexander Fuentes,SFG,CPX,21,17.0,15.882352941176471,5.823529411764706,2.72727273,1.588235294117647,0.38961039,0.14285714,0.24675325,0.203125,1.411764705882353,0.32258065,0.91743119,3.176470588235294,5.876491681267233,-2.7000210930319395,5.3353275723317095,sa3024072
Johan Cabeza,CIN,"CPX,DSL",19,13.1,8.77500209212353,1.3500003218651586,6.5,0.0,0.27659574,0.04255319,0.23404255,0.15555556,0.6750001609325793,0.21875,0.88888889,0.6750001609325793,3.171910914767695,-2.496910753835116,4.269428167634262,sa3024075
Carlos Canales,MIL,DSL,20,3.2,14.72725900146881,7.363629500734405,2.0,0.0,0.28571429,0.14285714,0.14285714,0.35294118,2.4545431669114683,0.54545455,0.4,12.27271583455734,4.584457111358643,7.688258723198698,5.294107910665938,sa3024076
Jose Cabrera,LAD,"A,CPX",21,14.2,17.181825629939006,12.272732592813576,1.4,1.2272732592813576,0.35,0.25,0.1,0.24137931,2.3181828230870085,0.42857143,0.27108434,15.34091574101697,7.1025172399099405,8.238398501107028,6.518887806151493,sa3024078
Stharlin Torres,CIN,A,20,39.1,6.8644076673097345,3.6610174225651915,1.875,2.288135889103245,0.16574586,0.08839779,0.07734807,0.31097561,1.70339005077686,0.33064516,0.5,8.466102789682006,6.823350670542518,1.6427521191394883,5.309659926313311,sa3024080
Kifraidy Encarnacion,MIA,CPX,20,7.0,15.428571428571429,18.0,0.85714286,0.0,0.28571429,0.33333333,-0.04761905,0.16,2.5714285714285716,0.30769231,0.42857143,10.285714285714286,7.986245277949742,2.2994690077645448,8.191154200264386,sa3024081
Oliver Sirotti,OAK,"CPX,DSL",19,8.0,3.375,6.75,0.5,1.125,0.08108108,0.16216216,-0.08108108,0.38709677,2.25,0.40740741,0.60240964,9.0,7.738608491420746,1.261391508579254,6.811368037760258,sa3024082
Jhostin Betances,LAA,DSL,19,13.0,10.384615384615385,7.615384615384615,1.36363636,0.6923076923076923,0.23076923,0.16923077,0.06153846,0.28846154,2.0,0.38888889,0.7518797,5.538461538461538,6.276764803666335,-0.7383032652047969,5.610361644167167,sa3024083
Marcos Pimentel,COL,CPX,19,8.0,15.75,4.5,3.5,2.25,0.29166667,0.08333333,0.20833333,0.42857143,2.75,0.61538462,0.51886792,13.5,6.817668151855469,6.682331848144531,4.871427345834673,sa3024085
Melvin Rodriguez,MIN,CPX,20,16.0,10.6875,9.0,1.1875,1.6875,0.24358974,0.20512821,0.03846154,0.21666667,1.8125,0.26315789,0.55970149,8.4375,7.566602420806885,0.8708975791931151,7.2806461051106455,sa3024087
Irwin Ramirez,PIT,CPX,19,27.0,7.666666666666667,7.0,1.0952381,0.3333333333333333,0.20535714,0.1875,0.01785714,0.15730337,1.2962962962962963,0.2,0.70224719,3.6666666666666665,5.462435754140218,-1.7957690874735515,5.884071374712168,sa3024088
Oniel Diaz,CIN,DSL,20,17.0,8.470588235294118,3.176470588235294,2.66666667,1.0588235294117647,0.22222222,0.08333333,0.13888889,0.234375,1.2352941176470589,0.2826087,0.79207921,3.7058823529411766,5.643280640770407,-1.9373982878292306,5.287344820885098,sa3024089
Ayendy Bravo,MIL,"A,A+,CPX",19,18.0,6.5,12.5,0.52,0.5,0.13,0.25,-0.12,0.32432432,2.7222222222222223,0.38333333,0.55555556,10.5,7.635749041488028,2.864250958511972,8.754350866162369,sa3024090
Fabian Gallardo,LAA,CPX,20,17.2,9.169809670752459,6.622640317765665,1.38461538,0.0,0.17821782,0.12871287,0.04950495,0.41860465,2.7735844065856203,0.52941176,0.45098039,12.73584676493397,5.327102022452828,7.408744742481143,6.2548442469192285,sa3024091
Erick Matos,OAK,CPX,19,15.0,11.4,9.6,1.1875,1.2,0.20879121,0.17582418,0.03296703,0.42857143,3.066666666666667,0.57142857,0.41493776,18.6,8.217668151855468,10.382331848144533,8.471015495061874,sa3024094
Ayendy Pena,CIN,CPX,22,14.2,7.977270998245803,11.659088382051559,0.68421053,1.227272461268585,0.18055556,0.26388889,-0.08333333,0.25,2.1818177089219293,0.2972973,0.56291391,7.977270998245803,8.908576356084087,-0.9313053578382835,8.253357105925364,sa3024095
Rubender Pena,TBR,CPX,21,21.1,8.859376320149947,3.3750005029142653,2.625,1.2656251885928496,0.22580645,0.08602151,0.13978495,0.27058824,1.4531252165325308,0.32786885,0.70895522,4.640625691507115,5.113477567490213,-0.47285187598309797,4.630067298146319,sa3024097
Javier Perez,HOU,A,22,62.2,10.05319067340683,1.4361700962009758,7.0,1.005319067340683,0.28340081,0.04048583,0.24291498,0.2,0.909574394260618,0.25316456,0.6300813,3.446808230882342,3.4102210740796997,0.03658715680264235,3.445620944372838,sa3024099
Esteban Luna,BAL,CPX,19,22.0,6.954545454545454,6.136363636363637,1.13333333,0.8181818181818182,0.16190476,0.14285714,0.01904762,0.28735632,1.8181818181818181,0.33823529,0.74626866,5.318181818181818,6.220011511715976,-0.9018296935341574,6.537754079564051,sa3024100
Salvador Casado,BAL,CPX,20,19.1,7.448277086763889,6.05172513299566,1.23076923,0.0,0.17777778,0.14444444,0.03333333,0.21333333,1.50000024663995,0.27118644,0.48387097,5.120690497150174,4.801516324473069,0.3191741726771049,5.766001582920413,sa3024103
Jeury Espinal,ARI,CPX,19,28.0,6.75,4.178571428571429,1.61538462,0.6428571428571429,0.1627907,0.10077519,0.0620155,0.27433628,1.5714285714285714,0.32222222,0.7239819,4.178571428571429,5.960525294712612,-1.7819538661411833,6.415535051588502,sa3024105
Samuel Gonzalez,OAK,CPX,19,2.0,4.5,0.0,1.0,0.0,0.14285714,0.0,0.14285714,0.28571429,1.0,0.33333333,1.0,0.0,3.817668151855469,-3.817668151855469,6.052683912962675,sa3024117
Alexi Quiroz,HOU,CPX,19,0.2,0.0,13.49993200634393,0.0,0.0,0.0,0.25,-0.25,0.33333333,2.999984890298651,0.33333333,1.0,0.0,8.62907975625486,-8.62907975625486,10.780612604164453,sa3024119
Diorland Zambrano,CIN,CPX,19,2.2,6.749991349887012,13.499982699774025,0.5,0.0,0.11111111,0.22222222,-0.11111111,0.38461538,3.374995674943506,0.45454545,0.2,16.87497837471753,8.94266286567531,7.932315509042219,11.736428986848416,sa3024121
Christian Astudillo,BAL,CPX,19,1.0,9.0,9.0,1.0,9.0,0.16666667,0.16666667,0.0,0.6,4.0,0.66666667,0.38461538,27.0,18.129102420806884,8.870897579193116,9.432189789414405,sa3024144
Hector Campusano,BAL,CPX,19,1.0,0.0,9.0,0.0,0.0,0.0,0.2,-0.2,0.5,3.0,0.5,0.66666667,9.0,7.129102420806885,1.870897579193115,9.997827333211898,sa3024148
Saul Gomez,BAL,CPX,18,2.2,3.374995674943506,3.374995674943506,1.0,0.0,0.05882353,0.05882353,0.0,0.5,3.374995674943506,0.53333333,0.22222222,23.624969724604544,4.504101940245052,19.12086778435949,9.345069026229858,sa3024152
Orlando Gonzalez,PHI,A,23,2.1,11.57144551863525,11.57144551863525,1.0,0.0,0.3,0.3,0.0,0.0,1.2857161687372498,0.0,0.75,3.85714850621175,6.318511423778211,-2.461362917566461,6.989574359861332,sa3024196
Amilcar Medina,OAK,CPX,21,7.2,14.086950680711713,19.956513464341594,0.70588235,0.0,0.26666667,0.37777778,-0.11111111,0.16,2.7391292990272773,0.30769231,0.5,12.913038123985737,9.513318378759372,3.399719745226365,10.290714842890992,sa3024199
Sergio Villa,CIN,CPX,20,17.0,10.588235294117647,8.470588235294118,1.25,1.588235294117647,0.2173913,0.17391304,0.04347826,0.24,2.0,0.28846154,0.42207792,10.058823529411764,7.758844622443704,2.29997890696806,7.130032836602014,sa3024200
Justin Chambers,LAD,A+,20,21.2,13.707690296511974,8.723075643234893,1.57142857,1.2461536633192702,0.3,0.19090909,0.10909091,0.26190476,1.9846150934343934,0.39583333,0.61643836,8.307691088795135,6.300921366200695,2.0067697225944396,5.64492657628778,sa3024201
Yeremmy Cabeza,COL,CPX,22,5.0,9.0,1.8,5.0,0.0,0.25,0.05,0.2,0.17647059,0.8,0.25,1.0,0.0,4.617668151855469,-4.617668151855469,5.809676557779312,sa3024202
Xavier Cruz,STL,"A,CPX",20,21.0,16.285714285714285,6.0,2.71428571,2.142857142857143,0.42696629,0.15730337,0.26966292,0.15277778,1.1904761904761905,0.20689655,0.66666667,3.857142857142857,5.930778606047959,-2.0736357489051014,3.394483233942178,sa3024203
Wilmer Lugo,NYM,"CPX,DSL",20,4.2,11.57144551863525,17.357168277952873,0.66666667,1.928574253105875,0.22222222,0.33333333,-0.11111111,0.125,2.357146309351625,0.11111111,0.43103448,15.428594024847,11.642504722260513,3.786089302586486,10.336461964720812,sa3024204
Juan Cazarez,SEA,CPX,20,24.1,13.684933294653343,3.3287675581589213,4.11111111,1.8493153100882895,0.32173913,0.07826087,0.24347826,0.30769231,1.6849317269693305,0.43548387,0.63888889,5.917808992282526,5.803969650569224,0.11383934171330257,4.357402755346638,sa3024207
Brayan Vergara,LAA,A,20,41.0,9.0,2.4146341463414633,3.72727273,0.8780487804878049,0.23295455,0.0625,0.17045455,0.25609756,1.2926829268292683,0.31932773,0.68181818,4.390243902439025,4.697342249242271,-0.30709834680324644,5.109058832540745,sa3024211
Naimer Rosario,ARI,CPX,19,14.2,7.363634767611511,7.363634767611511,1.0,1.8409086919028776,0.16216216,0.16216216,0.0,0.26229508,1.9090904953066878,0.2826087,0.56451613,8.590907228880095,8.499485535661224,0.09142169321887117,8.786551703991716,sa3024213
Ricardo Ramirez,TBR,DSL,20,2.2,16.87497837471753,26.99996539954805,0.625,0.0,0.3125,0.5,-0.1875,0.14285714,3.374995674943506,0.5,0.8,6.749991349887012,10.959448941807487,-4.209457591920475,10.959448941807487,sa3024216
Victor Trejo,PIT,CPX,20,14.1,5.023256928035144,7.534885392052715,0.66666667,1.255814232008786,0.12121212,0.18181818,-0.06060606,0.24528302,1.744186433345536,0.25581395,0.73275862,5.651164044039536,7.547707830164136,-1.8965437861245995,6.5343285111995275,sa3024218
Neftali Taveras,KCR,DSL,21,7.0,7.714285714285714,3.857142857142857,2.0,0.0,0.20689655,0.10344828,0.10344828,0.19230769,1.1428571428571428,0.25,0.625,3.857142857142857,4.155885682787214,-0.2987428256443567,5.394959661790303,sa3024224
Andy Fabian,BAL,CPX,23,10.2,11.812496479601718,7.593747736886818,1.55555556,0.0,0.28571429,0.18367347,0.10204082,0.175,1.4999995529652974,0.26923077,0.5,5.906248239800859,4.035352448746554,1.8708957910543047,5.514538290873656,sa3024226
Eligio Arias,PHI,"A,CPX",23,8.1,10.800004119874618,7.560002883912233,1.42857143,0.0,0.28571429,0.2,0.08571429,0.14285714,1.3200005035402311,0.22222222,0.45454545,4.320001647949847,4.203259648955242,0.11674199899460547,4.719630330167927,sa3024228
Deivid Burgos,CIN,CPX,21,7.0,7.714285714285714,10.285714285714286,0.75,0.0,0.17142857,0.22857143,-0.05714286,0.25925926,2.142857142857143,0.33333333,0.66666667,2.5714285714285716,6.531953866141183,-3.9605252947126117,7.170529797886099,sa3024229
Anderson Brito,TBR,A+,21,32.1,11.690723488518389,5.845361744259194,2.0,0.8350516777513135,0.28767123,0.14383562,0.14383562,0.23966942,1.5463919958357657,0.34210526,0.82329317,3.340206711005254,4.522147102408686,-1.1819403914034323,4.963558985970225,sa3024232
Carlos Beras,KCR,DSL,21,6.0,6.0,7.5,0.8,0.0,0.16,0.2,-0.04,0.15,1.3333333333333333,0.1875,0.5,1.5,5.75112377802531,-4.25112377802531,6.040241039792697,sa3024233
Abraham Hernandez,MIA,DSL,19,3.2,9.818172667645873,12.27271583455734,0.8,0.0,0.16,0.2,-0.04,0.42105263,3.545451241094343,0.53333333,0.21428571,24.54543166911468,7.31172729681583,17.233704372298853,8.021378096123124,sa3024236
Jhan Almeida,CIN,CPX,21,13.0,11.076923076923077,6.230769230769231,1.77777778,0.0,0.26229508,0.14754098,0.1147541,0.24,1.6153846153846154,0.35294118,0.60869565,4.846153846153846,4.894591228778546,-0.048437382624699765,6.040753157551472,sa3024237
Nathan Arends,OAK,DSL,19,2.0,9.0,13.5,0.66666667,0.0,0.2,0.3,-0.1,0.14285714,2.0,0.2,0.5,9.0,7.084457111358643,1.9155428886413572,8.385484789311885,sa3024238
Dioris De La Rosa,LAA,CPX,19,21.1,11.812501760199929,6.328125942964247,1.86666667,2.1093753143214156,0.25225225,0.13513514,0.11711712,0.37634409,2.3437503492460174,0.5,0.43478261,13.921877074521344,7.770793591905451,6.151083482615893,6.679557220267366,sa3024240
Franco Zabaleta,OAK,CPX,19,29.0,8.689655172413794,5.275862068965517,1.64705882,1.5517241379310345,0.18791946,0.11409396,0.0738255,0.36220472,2.1724137931034484,0.43617021,0.55737705,9.310344827586206,7.403875048407193,1.9064697791790133,6.549746900128907,sa3024242
Modesto Vargas,ARI,CPX,21,10.1,7.838712088896256,13.935488158037789,0.5625,0.0,0.15517241,0.27586207,-0.12068966,0.2195122,2.4193555829926714,0.28125,0.53846154,9.58064810865098,8.011217521405795,1.5694305872451846,9.020579788551911,sa3024243
Madinson Frias,BOS,A,21,31.0,6.67741935483871,5.516129032258065,1.21052632,1.7419354838709677,0.15436242,0.12751678,0.02684564,0.2519685,1.6451612903225807,0.26530612,0.52631579,6.67741935483871,6.778958188333819,-0.10153883349510906,6.362987502351884,sa3024244
Marco Manzano,NYY,CPX,22,11.0,18.0,11.454545454545455,1.57142857,0.8181818181818182,0.4,0.25454545,0.14545455,0.20512821,2.0,0.4375,0.61946903,7.363636363636363,5.674556966261431,1.6890793973749325,5.014325132153251,sa3024246
Tejahari Wilson,BOS,CPX,19,6.0,9.0,9.0,1.0,0.0,0.24,0.24,0.0,0.11111111,1.3333333333333333,0.16666667,1.0,0.0,5.629102420806885,-5.629102420806885,7.3025252863764765,sa3024250
Yoandys Veraza,BOS,CPX,19,6.1,5.684213379414899,18.473693483098423,0.30769231,0.0,0.1,0.325,-0.225,0.25,3.000001505802308,0.3,0.72727273,8.526320069122349,10.444895064601218,-1.9185749954788687,12.030243838249467,sa3024251
Enderson Mercado,MIL,A,19,52.1,8.426752411350558,7.222930638300478,1.16666667,1.0318472340429254,0.1835206,0.15730337,0.02621723,0.31797235,2.1210193144215688,0.38888889,0.57866184,8.254777872343404,6.101744540300958,2.1530333320424457,5.62915186891127,sa3024254
Adrian Ardines,HOU,CPX,19,31.2,9.66315692468373,2.55789448006334,3.77777778,0.8526314933544467,0.265625,0.0703125,0.1953125,0.22222222,1.1052630469409495,0.2875,0.67073171,3.978946968987418,4.255418197600136,-0.276471228612718,4.201526324944857,sa3024257
Maxgregori Harvey,NYM,DSL,19,5.0,19.8,5.4,3.66666667,0.0,0.52380952,0.14285714,0.38095238,0.11764706,1.0,0.33333333,0.83333333,1.8,2.5844571113586428,-0.7844571113586427,3.1048681825399402,sa3024258
Jhonny Aranguren,TBR,DSL,19,10.0,10.8,5.4,2.0,0.0,0.29268293,0.14634146,0.14634146,0.20588235,1.3,0.31818182,0.5,5.4,4.284457111358643,1.1155428886413574,5.065073718130589,sa3024259
Luis Maracara,SDP,CPX,18,13.2,13.829265075947582,1.9756092965639402,7.0,2.6341457287519203,0.35,0.05,0.3,0.23214286,1.1707314350008535,0.29032258,0.61403509,3.9512185931278805,6.427423874981642,-2.4762052818537614,4.6940242518855655,sa3024260
Christopher Peralta,MIL,DSL,19,2.0,13.5,13.5,1.0,0.0,0.27272727,0.27272727,0.0,0.375,3.0,0.6,0.33333333,13.5,6.084457111358643,7.415542888641357,7.385484789311886,sa3024261
Kendry Castro,SFG,DSL,19,5.0,10.8,1.8,6.0,0.0,0.31578947,0.05263158,0.2631579,0.17647059,0.8,0.27272727,0.8,1.8,3.3844571113586426,-1.5844571113586425,3.7313978254795077,sa3024263
Cristian Aray,SEA,CPX,19,18.2,8.678569950619774,5.303570525378751,1.63636364,0.0,0.23376623,0.14285714,0.09090909,0.12698413,1.017856969517134,0.17777778,0.86363636,1.4464283251032957,5.13909666854509,-3.6926683434417944,6.655714248160831,sa3024266
Alejandro Chiquillo,TEX,"A,CPX",23,29.1,8.284089113562949,3.374999268488609,2.45454545,0.6136362306342925,0.225,0.09166667,0.13333333,0.20560748,1.1249997561628697,0.25641026,0.77639752,2.7613630378543164,4.183577009567565,-1.4222139717132487,4.610845213947848,sa3024270
Zuher Yousuf,PHI,A,20,39.1,9.610170734233629,3.6610174225651915,2.625,0.6864407667309734,0.2295082,0.08743169,0.1420765,0.31736527,1.7542375149791543,0.40983607,0.66358025,4.805085367116814,3.823350282607153,0.9817350845096615,4.225131508711243,sa3024271
Yhoiker Fajardo,STL,A+,19,51.0,12.0,3.176470588235294,3.77777778,1.588235294117647,0.30630631,0.08108108,0.22522523,0.27363184,1.4313725490196079,0.37096774,0.83596215,3.5294117647058822,4.809820655747956,-1.2804088910420734,4.077894865823727,sa3024273
Jaitoine Kelly,ARI,A,19,8.1,9.720003707887157,7.560002883912233,1.28571429,3.2400012359623855,0.2,0.15555556,0.04444445,0.35135135,2.400000915527693,0.4,0.71428571,9.720003707887157,9.951002845764947,-0.2309991378777898,7.829416147581238,sa3024275
Angel Perez,CLE,A,22,30.0,11.4,7.8,1.46153846,1.5,0.27338129,0.18705036,0.08633094,0.22522523,1.7,0.29411765,0.63043478,7.2,6.051001199086507,1.1489988009134935,5.018738245218993,sa3024276
Carlos Rodriguez,DET,"A,CPX",20,24.1,11.095891914888652,4.438356765955461,2.5,1.4794522553184868,0.26785714,0.10714286,0.16071429,0.29,1.6849317352238322,0.37878788,0.59322034,7.397261276592435,5.258854771766568,2.1384065048258663,3.957921934740113,sa3024277
Wifrailyn Jaquez,PIT,CPX,19,19.1,6.982759768841146,6.982759768841146,1.0,0.0,0.16853933,0.16853933,0.0,0.30136986,1.9137934181268328,0.37931034,0.60526316,6.5172424509184035,5.060137056652371,1.4571053942660326,5.950431141372997,sa3024278
Edwardo Melendez,CHC,A,22,35.2,10.850465742383477,5.046728252271384,2.15,0.7570092378407077,0.27922078,0.12987013,0.14935065,0.23622047,1.4018689589642734,0.33333333,0.79545455,3.5327097765899693,4.5709387578488805,-1.0382289812589112,4.639080705162696,sa3024281
Carlos Rangel,CHC,DSL,20,6.2,10.799994850161147,9.449995493891004,1.14285714,0.0,0.24242424,0.21212121,0.03030303,0.2,1.7999991416935246,0.29411765,0.69230769,5.399997425080573,5.784456539154325,-0.3844591140737519,6.695175479456965,sa3024283
Josehp Marte,LAD,CPX,21,8.1,6.480002471924771,7.560002883912233,0.85714286,1.0800004119874618,0.13953488,0.1627907,-0.02325581,0.32352941,2.1600008239749235,0.37037037,0.43010753,11.880004531862081,8.17766943359424,3.7023350982678416,7.6904768130764625,sa3024284
Ariel De La Cruz,CIN,DSL,20,6.1,11.368426758829798,8.526320069122349,1.33333333,0.0,0.25,0.1875,0.0625,0.32,2.2105274253280163,0.47058824,0.6,8.526320069122349,5.373931191832934,3.1523888772894146,6.606484347501421,sa3024287
Efrain Cubilla,COL,CPX,21,27.1,8.560976605412623,4.939024964661129,1.73333333,0.6585366619548172,0.22608696,0.13043478,0.09565217,0.22,1.3536586940182354,0.27777778,0.76023392,2.9634149787966773,5.512790183918887,-2.54937520512221,6.196948137468534,sa3024289
Emilio Ramos,CHC,"A,CPX",20,21.2,10.384618546131351,3.3230779347620327,3.125,0.4153847418452541,0.25773196,0.08247423,0.17525773,0.24418605,1.3384619459458187,0.33333333,0.62091503,4.569232160297795,4.503822060918026,0.06541009937976927,5.00318195773146,sa3024291
Luis Burgos,OAK,A,20,28.0,6.107142857142857,5.464285714285714,1.11764706,0.9642857142857143,0.13380282,0.11971831,0.01408451,0.29411765,1.8571428571428572,0.32989691,0.63197026,7.392857142857143,7.051000785827637,0.34185635702950634,7.532439695085799,sa3024292
Jayden Kim,PIT,A,19,1.0,0.0,0.0,0.0,9.0,0.0,0.0,0.0,0.5,3.0,0.4,1.0,9.0,16.74707908630371,-7.74707908630371,10.010323983430862,sa3024293
Alejandro Pereira,OAK,CPX,19,2.0,0.0,4.5,0.0,0.0,0.0,0.09090909,-0.09090909,0.5,3.0,0.5,0.33333333,18.0,6.317668151855469,11.682331848144532,10.042694420367479,sa3024325
Armando Lao,DET,DSL,19,1.0,9.0,0.0,1.0,0.0,0.25,0.0,0.25,0.0,0.0,0.0,1.0,0.0,5.584457111358643,-5.584457111358643,6.451808896660805,sa3024343
Angel Garcia,BAL,CPX,19,0.2,0.0,0.0,0.0,0.0,0.0,0.0,0.0,0.0,0.0,0.0,1.0,0.0,4.129102420806885,-4.129102420806885,6.280635268716475,sa3024352
Juan Martinez,CHW,DSL,19,3.0,9.0,18.0,0.5,0.0,0.13636364,0.27272727,-0.13636364,0.26666667,3.3333333333333335,0.33333333,0.36363636,9.0,9.584457111358642,-0.5844571113586419,11.319160681962966,sa3024370
Drew Pestka,CIN,A+,22,9.2,13.03447847219057,13.03447847219057,1.0,0.9310341765850407,0.26415094,0.26415094,0.0,0.27027027,2.4827578042267753,0.40909091,0.56910569,11.172410119020489,7.360867538520557,3.811542580499932,7.1149612016478425,sa3024451
Jhosep Ospino,MIL,CPX,21,10.1,7.838712088896256,9.58064810865098,0.81818182,2.612904029632085,0.17647059,0.21568627,-0.03921569,0.23076923,1.9354844663941373,0.22222222,0.6547619,7.838712088896256,10.33379888107876,-2.495086792182504,8.578328705902424,sa3024452
Andres Herrera,COL,CPX,20,13.2,9.8780464828197,7.243900754067781,1.36363636,1.9756092965639402,0.24590164,0.18032787,0.06557377,0.23404255,1.6097557231261734,0.27586207,0.67307692,7.243900754067781,8.54937460092069,-1.3054738468529088,7.222068600168939,sa3024456
Raul Trujillo,CLE,DSL,19,9.2,8.379307589265366,3.724136706340163,2.25,0.9310341765850407,0.18,0.08,0.1,0.36363636,2.068964836855646,0.44117647,0.53398058,7.448273412680326,5.929284255314813,1.518989157365513,5.571443301094421,sa3024458
Reinold Navarro,PIT,A,19,40.1,14.72727458446592,8.702480436275316,1.69230769,0.6694215720211782,0.38372093,0.22674419,0.15697674,0.15037594,1.462810101824056,0.265625,0.89416058,2.0082647160635347,4.34212048365587,-2.333855767592335,4.423366024205732,sa3024459
Miguel Flores,CLE,A,21,43.1,12.04615526007494,7.061539290388757,1.70588235,0.6230769962107727,0.28571429,0.16748768,0.1182266,0.20253165,1.5230771018485556,0.29896907,0.57692308,5.6076929658969545,4.956129561317056,0.6515634045798988,5.251237186362535,sa3024465
Cesar Aquino,PIT,"A,AA,CPX",21,21.2,5.399999215144492,0.8307691100222294,6.5,0.8307691100222294,0.1625,0.025,0.1375,0.23076923,0.9230767889135884,0.25396825,0.69767442,2.0769227750555737,4.015680282662722,-1.9387575076071486,5.0205481164957275,sa3024469
Dony Aguilera,CIN,CPX,19,26.0,10.038461538461538,5.538461538461538,1.8125,1.7307692307692308,0.25217391,0.13913043,0.11304348,0.24742268,1.5384615384615385,0.3015873,0.62857143,6.923076923076923,7.163821998009315,-0.2407450749323914,6.4403729876073506,sa3024470
Joseph Herrera,SDP,A,20,30.1,7.714286522738123,5.934066555952403,1.3,1.4835166389881007,0.17931034,0.13793103,0.04137931,0.28205128,1.7472529303637632,0.3255814,0.57407407,8.604396506130984,7.748803318757543,0.855593187373441,7.065734375674237,sa3024471
Luis Ghisays,CHC,CPX,20,13.2,7.902437186255761,5.268291457503841,1.5,1.3170728643759602,0.17910448,0.11940299,0.05970149,0.29310345,1.8292678671888334,0.34090909,0.47413793,8.560973618443741,6.939618877794516,1.6213547406492257,6.781582435418505,sa3024474
Moises Castillo,CIN,CPX,21,8.1,18.36000700378685,2.1600008239749235,8.5,1.0800004119874618,0.41463415,0.04878049,0.36585366,0.34210526,1.8000006866457698,0.6,0.47945205,9.720003707887157,3.3776676025388532,6.342336105348304,2.3540709947334646,sa3024517
Manuel Genao,MIA,A,20,60.0,9.6,2.25,4.26666667,0.75,0.25,0.05859375,0.19140625,0.25,1.2166666666666666,0.32515337,0.68,3.6,3.897079086303711,-0.29707908630371094,3.596651365111272,sa3024519
Andrew Bolívar,STL,CPX,20,16.1,11.5714308235462,11.020410308139239,1.05,1.102041030813924,0.26582278,0.25316456,0.01265823,0.18644068,1.8979595530684243,0.25,0.56737589,6.612246184883543,6.82298049612981,-0.2107343112462674,6.197142844828377,sa3024521
Delvis Heredia,SFG,DSL,21,6.2,5.399997425080573,8.09999613762086,0.66666667,0.0,0.15384615,0.23076923,-0.07692308,0.1,1.199999427795683,0.125,0.75,2.6999987125402867,6.0844563961032465,-3.38445768356296,6.995175336405886,sa3024524
Jhon Leon,SFG,DSL,22,5.0,14.4,12.6,1.14285714,0.0,0.25806452,0.22580645,0.03225807,0.375,3.2,0.5625,0.5,14.4,5.584457111358643,8.815542888641357,6.451808896660805,sa3024525
Wandy Cabrera,MIL,DSL,20,6.1,7.105266724268624,2.8421066897074496,2.5,0.0,0.20833333,0.08333333,0.125,0.18181818,0.9473688965691499,0.23529412,1.0,0.0,3.9528778469792094,-3.9528778469792094,4.911530301388033,sa3024527
Yermain Ruiz,BOS,"A,CPX",20,23.1,11.185715809647126,5.7857150739554095,1.93333333,1.9285716913184698,0.24786325,0.12820513,0.11965812,0.34020619,2.057143137406368,0.44444444,0.60869565,9.257144118328656,6.781345115694686,2.47579900263397,5.425031772765684,sa3024529
Andres Cova,LAA,CPX,21,11.0,16.363636363636363,7.363636363636363,2.22222222,0.8181818181818182,0.37037037,0.16666667,0.2037037,0.27272727,1.9090909090909092,0.47826087,0.63106796,6.545454545454546,5.090395424582741,1.4550591208718044,4.721310246803544,sa3024530
Bernardo Rivera,TEX,CPX,21,5.2,6.352937612568568,7.94117201571071,0.8,1.588234403142142,0.16666667,0.20833333,-0.04166667,0.27777778,1.7647048923801576,0.30769231,0.625,3.176468806284284,8.876489404329831,-5.700020598045548,7.634144577081667,sa3024531
Jordin Jhonni,KCR,DSL,21,9.0,5.0,7.0,0.71428571,0.0,0.125,0.175,-0.05,0.21212121,1.5555555555555556,0.25,0.64285714,5.0,5.806679333580865,-0.8066793335808651,6.770403539472156,sa3024534
Xavier Lopez,TBR,CPX,21,35.2,5.551401077498523,5.046728252271384,1.1,0.7570092378407077,0.1375,0.125,0.0125,0.3,1.738317509115699,0.33913043,0.70934256,5.046728252271384,5.671158275667586,-0.6244300233962017,5.985252229953286,sa3024539
Jonathan Rosario,MIA,"A,CPX",19,20.1,10.622952480465074,10.180329460445694,1.04347826,0.44262302001937803,0.24,0.23,0.01,0.13043478,1.5737707378466774,0.18181818,0.64766839,5.311476240232537,6.906409740027025,-1.5949334997944877,7.062426157326774,sa3024540
Maximo Gonzalez,COL,DSL,19,10.0,10.8,3.6,3.0,0.9,0.24489796,0.08163265,0.16326531,0.44444444,2.4,0.59375,0.48672566,9.9,4.684457111358642,5.215542888641358,4.598749610781669,sa3024541
Gerinton Mendez,MIA,"A,CPX",19,21.2,11.21538802982186,7.476925353214573,1.5,0.8307694836905082,0.26470588,0.17647059,0.08823529,0.22222222,1.6615389673810164,0.30769231,0.71823204,5.400001643988303,5.685714749651053,-0.28571310566275,5.563136817109065,sa3024543
Franyer Mendez,CIN,DSL,19,8.0,5.625,4.5,1.25,0.0,0.12820513,0.1025641,0.02564103,0.31428571,1.875,0.36666667,0.33333333,11.25,4.834457111358643,6.415542888641357,6.243903762474656,sa3024544
Yohandri Contreras,OAK,CPX,19,11.2,10.028568696003315,17.74285230831356,0.56521739,0.0,0.16455696,0.29113924,-0.12658228,0.35849057,3.5999990190781133,0.475,0.37777778,18.514280669544583,9.274809794523609,9.239470875020974,10.935106764665369,sa3024545
Angel Rivero,TOR,CPX,19,27.1,12.841464908118935,4.939024964661129,2.6,0.9878049929322258,0.32231405,0.12396694,0.19834711,0.22641509,1.4268294342354373,0.328125,0.68965517,3.2926833097740857,4.34861464145849,-1.0559313316844046,3.9713188338240664,sa3024548
Angel Peralta,HOU,CPX,19,26.2,8.774998953938608,3.7124995574355655,2.36363636,0.6749999195337392,0.20967742,0.08870968,0.12096774,0.25225225,1.4624998256564348,0.31325301,0.57591623,5.737499316036783,4.616602362692364,1.1208969533444195,4.824951364222295,sa3024549
Carlos Martorella,COL,CPX,19,23.1,8.100001103537574,3.4714290443732456,2.33333333,0.0,0.22340426,0.09574468,0.12765958,0.29411765,1.457143055662844,0.390625,0.58823529,5.400000735691716,4.174810921415979,1.225189814275737,5.7712509682759645,sa3024552
Kendy Richard,ATL,A,21,42.2,6.7499991953373915,5.062499396503044,1.33333333,0.6328124245628804,0.17204301,0.12903226,0.04301075,0.25308642,1.5234373183921195,0.2992126,0.52631579,6.117186770774511,4.719230234436706,1.397956536337805,5.539140703134683,sa3024555
Angel Beltran,ARI,CPX,18,0.1,27.00026956469727,54.00053912939454,0.5,0.0,0.2,0.4,-0.2,0.66666667,12.00011980653212,1.0,0.5,54.00053912939454,16.81778795838759,37.18275117100695,21.28786410884993,sa3024556
Jose Paulino,MIA,CPX,19,16.0,12.375,9.5625,1.29411765,0.0,0.29333333,0.22666667,0.06666667,0.14035088,1.5625,0.22857143,0.34615385,7.3125,4.754102420806885,2.558397579193115,5.4712836489081385,sa3024557
Stiven Rogers,ARI,DSL,19,11.0,7.363636363636363,4.090909090909091,1.8,0.0,0.19148936,0.10638298,0.08510638,0.29268293,1.5454545454545454,0.375,0.55555556,4.909090909090909,4.584457111358643,0.3246337977322664,5.294108572060412,sa3024560
Carlos Ochoa,MIA,DSL,19,6.1,8.526320069122349,2.8421066897074496,3.0,1.4210533448537248,0.23076923,0.07692308,0.15384615,0.20833333,1.1052637126640081,0.23529412,0.89285714,2.8421066897074496,5.6897208240226504,-2.847614134315201,4.86964137045798,sa3024561
Josue Toledo,MIL,CPX,20,9.1,9.642860427195831,7.714288341756665,1.25,0.0,0.27777778,0.22222222,0.05555556,0.07142857,1.0714289363550924,0.11111111,0.8,0.9642860427195831,5.246239726397506,-4.281953683677923,5.884815875640162,sa3024562
Leyvi Rodriguez,NYM,DSL,20,12.0,7.5,6.75,1.11111111,0.75,0.18867925,0.16981132,0.01886793,0.19512195,1.4166666666666667,0.23333333,0.59139785,5.25,7.00112377802531,-1.7511237780253097,6.712862914552291,sa3024563
Lonell Downs,MIL,DSL,19,1.2,10.799978628200861,16.199967942301292,0.66666667,0.0,0.2,0.3,-0.1,0.16666667,2.3999952507113025,0.25,0.6,0.0,9.384447612781248,-9.384447612781248,9.904857654136539,sa3024564
Wilinyer Ardiles,CLE,DSL,18,8.2,10.384611575562559,13.499995048231327,0.76923077,1.038461157556256,0.23809524,0.30952381,-0.07142857,0.17857143,2.076922315112512,0.23529412,0.56818182,7.269228102893791,8.62291716852186,-1.3536890656280693,7.923549842250263,sa3024566
Enixon Sanchez,NYY,CPX,18,10.0,14.4,13.5,1.06666667,0.9,0.26229508,0.24590164,0.01639344,0.31818182,2.9,0.48148148,0.33783784,18.0,7.329102420806885,10.670897579193115,7.320028631389141,sa3024569
Dariel Jaquez,MIL,CPX,19,12.0,12.0,17.25,0.69565217,0.0,0.21917808,0.31506849,-0.09589041,0.25531915,2.9166666666666665,0.38709677,0.60526316,11.25,8.651001485188802,2.598998514811198,9.520174281174938,sa3024570
Anderson Jimenez,SEA,DSL,18,10.0,10.8,8.1,1.33333333,0.9,0.25,0.1875,0.0625,0.16666667,1.5,0.2173913,0.60240964,6.3,7.084457111358643,-0.7844571113586429,6.565073718130589,sa3024571
Jose Parra,OAK,CPX,20,20.0,9.9,13.05,0.75862069,0.45,0.2037037,0.26851852,-0.06481482,0.22666667,2.3,0.30769231,0.43209877,12.15,8.217668151855468,3.932331848144532,8.46167445629835,sa3024574
Albert Ramos,DET,DSL,20,6.0,7.5,3.0,2.5,0.0,0.2173913,0.08695652,0.13043478,0.15,0.8333333333333334,0.2,1.0,0.0,4.417790444691976,-4.417790444691976,5.574259491761525,sa3024581
Esteban Mejia,BAL,A,19,39.2,10.210082724424382,12.252099269309257,0.83333333,0.6806721816282921,0.2184466,0.26213592,-0.04368932,0.24324324,2.268907272094307,0.33,0.57906459,8.168066179539505,6.71850780428206,1.4495583752574444,6.630569203810159,sa3024583
Santiago Rojas,MIN,CPX,19,20.2,10.887095099557584,8.274192275663765,1.31578947,3.048386627876124,0.24752475,0.18811881,0.05940594,0.20987654,1.7419352159292134,0.20408163,0.625,6.967740863716854,9.016198443274956,-2.048457579558102,6.625707418873619,sa3024585
Franyerson Reyes,DET,DSL,19,6.2,8.09999613762086,6.749996781350717,1.2,0.0,0.16216216,0.13513514,0.02702703,0.40625,2.6999987125402867,0.5,0.38888889,14.849992918971576,5.034456896782024,9.815536022189551,6.595689365872262,sa3024586
Erick Lanza,SEA,DSL,19,9.2,7.448273412680326,3.724136706340163,2.0,0.9310341765850407,0.17391304,0.08695652,0.08695652,0.35714286,1.9655165950128637,0.42424242,0.625,5.586205059510244,5.515491287943684,0.07071377156656045,4.709020247479756,sa3024589
Alexander Almonte,NYY,CPX,19,12.1,6.567569260357331,8.756759013809775,0.75,0.0,0.13235294,0.17647059,-0.04411765,0.32727273,2.432433059391604,0.39130435,0.70967742,6.567569260357331,5.831805562381008,0.7357636979763233,7.343701514015093,sa3024593
Yadiel Ramon,COL,DSL,18,11.1,7.147060828225985,2.382353609408662,3.0,0.0,0.225,0.075,0.15,0.16666667,0.7941178698028872,0.22222222,0.9,0.0,4.0550451981567175,-4.0550451981567175,4.667293688924615,sa3024600
Justin Lugo,MIL,DSL,20,8.2,13.499995048231327,5.1923057877812795,2.6,0.0,0.41935484,0.16129032,0.25806452,0.11538462,0.9230765844944497,0.23076923,0.75,2.076922315112512,3.3152268076787745,-1.2383044925662627,3.8156218848862014,sa3024601
Ramiro Villanueva,MIN,A,20,32.0,8.71875,5.625,1.55,0.5625,0.22142857,0.14285714,0.07857143,0.22608696,1.4375,0.29268293,0.6846473,4.21875,4.965829086303711,-0.7470790863037111,5.865935112861917,sa3024602
Marlon Quintana,PIT,DSL,20,7.1,7.363639555688145,7.363639555688145,1.0,0.0,0.19354839,0.19354839,0.0,0.2173913,1.5000006502327703,0.29411765,0.84615385,1.2272732592813576,6.220821457067119,-4.993548197785762,6.930473225394645,sa3024603
Jeison Payano,BOS,CPX,20,5.2,9.529406418852851,30.176453659700698,0.31578947,0.0,0.13636364,0.43181818,-0.29545455,0.20833333,4.235291741712379,0.27777778,0.48,12.705875225137136,12.599685904231642,0.10618932090549471,14.877789703747926,sa3024609
Jhoster Baez,HOU,"A,A+,CPX",21,28.2,9.418603606711587,9.104650153154534,1.03448276,0.6279069071141058,0.19354839,0.18709677,0.00645161,0.26446281,2.1279067407755807,0.33707865,0.44303797,6.906975978255163,6.375495270086683,0.5314807081684805,6.749969624493183,sa3024611
Rowell Arroyo,CHC,A,21,3.1,2.700002768042541,8.100008304127623,0.33333333,0.0,0.06666667,0.2,-0.13333333,0.16666667,1.5000015378014118,0.18181818,0.8,0.0,5.71767001867515,-5.71767001867515,7.049362698951431,sa3024614
Winyer Chourio,SDP,A,22,51.2,12.890321311672944,4.354838280970589,2.96,0.5225805937164707,0.34579439,0.11682243,0.22897196,0.20430108,1.2193547186717648,0.32110092,0.7605178,3.3096770935376476,4.067129865719794,-0.7574527721821465,4.48674920545409,sa3024615
Ruben Ramirez,SEA,CPX,21,7.1,7.363639555688145,9.81818607425086,0.75,1.2272732592813576,0.16216216,0.21621622,-0.05405405,0.25,2.0454554321355958,0.28571429,0.47945205,11.045459333532218,8.635851625175247,2.4096077083569707,8.488590296689877,sa3024616
Juan Mieses,HOU,CPX,20,9.2,11.172410119020489,9.310341765850406,1.2,0.9310341765850407,0.25531915,0.21276596,0.04255319,0.20588235,1.7586201113272992,0.28571429,0.80645161,4.655170882925203,7.025653192404789,-2.370482309479586,7.609795613821394,sa3024618
Joel Lara,NYM,A,19,35.0,9.771428571428572,5.6571428571428575,1.72727273,0.5142857142857142,0.24675325,0.14285714,0.1038961,0.18487395,1.2571428571428571,0.25316456,0.62730627,5.4,5.318507657732282,0.08149234226771807,5.380924858791488,sa3024620
Varis Villarreal,NYY,DSL,20,6.2,12.149994206431291,4.04999806881043,3.0,0.0,0.28125,0.09375,0.1875,0.34482759,1.9499990701679848,0.5,0.69230769,4.04999806881043,3.234457755088499,0.8155403137219306,3.884971283876099,sa3024622
Carlos Rondon,NYY,CPX,20,3.1,0.0,5.400005536085082,0.0,2.700002768042541,0.0,0.09090909,-0.09090909,0.52631579,3.6000036907233883,0.5,0.25862069,27.00002768042541,10.729109187133098,16.270918493292314,10.701887790972492,sa3024634
Diego Flores,NYY,CPX,19,0.1,0.0,0.0,0.0,0.0,0.0,0.0,0.0,0.0,0.0,0.0,1.0,0.0,4.129102420806885,-4.129102420806885,4.129102420806885,sa3024641
Yunny Tovar,SDP,DSL,19,8.2,11.423072733118815,9.346150418006303,1.22222222,3.1153834726687677,0.24444444,0.2,0.04444444,0.27777778,2.192306888174318,0.31818182,0.40540541,9.346150418006303,9.661378326078117,-0.31522790807181345,5.761854069316586,sa3024648
Darling Reyes,WSN,DSL,21,4.1,4.153849201091767,0.0,2.0,0.0,0.11764706,0.0,0.11764706,0.41176471,1.615385800424576,0.46666667,1.0,0.0,3.661379511116028,-3.661379511116028,4.061696013387461,sa3024770
Rordy Mejia,SDP,A,21,34.0,8.470588235294118,4.764705882352941,1.77777778,1.3235294117647058,0.20512821,0.11538462,0.08974359,0.23308271,1.4411764705882353,0.27083333,0.57446809,5.5588235294117645,6.609824315239401,-1.051000785827637,6.193361974463744,sa3024772
Gabriel Chinchilla,STL,CPX,19,24.2,12.405403806660136,4.378377814115342,2.83333333,1.4594592713717807,0.31481481,0.11111111,0.2037037,0.26041667,1.4999998066876634,0.36206897,0.47770701,7.2972963568589035,4.939913127124541,2.3573832297343627,3.587752974247539,sa3024773
Rene Yrish,PHI,DSL,19,2.2,13.499982699774025,20.249974049661038,0.66666667,0.0,0.15384615,0.23076923,-0.07692308,0.47058824,5.2499932721343425,0.61538462,0.29411765,37.12495242437857,11.709447980683823,25.415504443694747,12.685217488700264,sa3024774
Paul Hoff,MIL,DSL,19,11.2,7.7142836123102425,5.39999852861717,1.42857143,0.0,0.18518519,0.12962963,0.05555556,0.23404255,1.5428567224620486,0.2972973,0.66666667,4.628570167386146,4.670171373717645,-0.04160120633149944,5.636648813995851,sa3024777
Lukas Gonzalez,MIL,DSL,19,10.0,5.4,3.6,1.5,0.9,0.14634146,0.09756098,0.04878049,0.13888889,0.9,0.13793103,0.93023256,1.8,6.184457111358643,-4.3844571113586435,6.358955146372319,sa3024778
Jean Rodriguez,MIL,DSL,19,5.0,12.6,14.4,0.875,0.0,0.26923077,0.30769231,-0.03846154,0.11764706,2.0,0.2,0.72727273,5.4,7.184457111358643,-1.784457111358643,8.225279253721236,sa3024779
Gilberto Lopez,TEX,CPX,22,16.2,9.17999824905429,4.8599990730287415,1.88888889,2.159999588012774,0.2125,0.1125,0.1,0.32352941,1.859999645233222,0.38297872,0.56338028,8.099998455047903,8.05766753387463,0.04233092117327253,6.189276716461933,sa3024782
Edelvis Perez,CLE,CPX,21,24.0,11.25,5.25,2.14285714,1.125,0.28846154,0.13461538,0.15384615,0.19318182,1.2916666666666667,0.25454545,0.86805556,2.625,5.942668151855469,-3.317668151855469,5.5593435746928055,sa3024783
Manuel Colon,KCR,CPX,19,14.0,11.571428571428571,1.9285714285714286,6.0,0.6428571428571429,0.31578947,0.05263158,0.2631579,0.24074074,1.1428571428571428,0.34285714,0.82191781,2.5714285714285716,3.817668151855469,-1.2462395804268973,3.9533899428589008,sa3024788
Adrian Heredia,BAL,A,21,26.2,8.09999903440487,5.737499316036783,1.41176471,2.6999996781349567,0.18045113,0.12781955,0.05263158,0.3,1.8749997764826087,0.32051282,0.66964286,7.087499155104261,8.305167306959696,-1.2176681518554346,5.736858928151005,sa3024791
Adrian Belen,KCR,CPX,21,19.1,10.70689831222309,4.189655861304688,2.55555556,2.3275865896137153,0.27710843,0.10843373,0.1686747,0.21126761,1.2413795144606483,0.23255814,0.8,5.120690497150174,7.662496205827788,-2.5418057086776136,6.227164729396282,sa3024795
Jorge Nunez,ATL,CPX,18,15.1,10.565219581690991,7.630436364554606,1.38461538,0.5869566434272773,0.25,0.18055556,0.06944445,0.21428571,1.630435120631326,0.2972973,0.56390977,6.456523077700051,5.759537541438211,0.69698553626184,6.221346836322166,sa3024840
Jose Mejia,KCR,DSL,19,1.1,0.0,6.750016696792419,0.0,0.0,0.0,0.2,-0.2,0.0,0.7500018551991576,0.0,1.0,0.0,6.834462676956116,-6.834462676956116,8.786009021216884,sa3024842
Jose Cruz,CLE,DSL,21,5.2,9.529406418852851,7.94117201571071,1.2,0.0,0.2,0.16666667,0.03333333,0.32,2.294116360094205,0.42105263,0.30769231,9.529406418852851,5.11386857907269,4.415537839780161,6.032240542435124,sa3024843
David Sanchez,ARI,CPX,19,30.0,7.2,3.3,2.18181818,0.9,0.18897638,0.08661417,0.1023622,0.26956522,1.4,0.31818182,0.77319588,3.3,5.717668151855469,-2.4176681518554695,5.758677608519792,sa3024845
Jonaikel Meza,CLE,DSL,19,6.2,10.799994850161147,5.399997425080573,2.0,0.0,0.22222222,0.11111111,0.11111111,0.36666667,2.2499989271169056,0.5,0.58823529,9.449995493891004,4.884456968307563,4.565538525583441,5.795175908610203,sa3024849
Juan Ramirez,TOR,DSL,20,4.2,15.428560918698366,5.785710344511887,2.66666667,0.0,0.44444444,0.16666667,0.27777778,0.06666667,0.8571422732610203,0.14285714,0.75,0.0,3.0844581331518572,-3.0844581331518572,3.4561800736373067,sa3024851
Silvano Hechavarria,TOR,A,23,27.2,6.83132451628208,6.506023348840076,1.05,1.626505837210019,0.15909091,0.15151515,0.00757576,0.25688073,1.734939559690687,0.27710843,0.5,8.132529186050094,7.072379909044194,1.0601492770059,6.986805785308206,sa3024856
Manuel Marchan,CIN,DSL,19,8.1,14.040005355837003,7.560002883912233,1.85714286,1.0800004119874618,0.2826087,0.15217391,0.13043478,0.21621622,1.8000006866457698,0.30434783,0.25641026,4.320001647949847,6.264457752228028,-1.9444561042781805,5.537115188658935,sa3024869
Yander Pinero,ATL,CPX,19,18.1,7.854546816487193,3.436364232213147,2.28571429,0.4909091760304496,0.20512821,0.08974359,0.11538462,0.22535211,1.2545456720778156,0.27777778,0.50925926,5.400000936334946,4.238193348813652,1.1618075875212943,5.015623665499036,sa3024870
Erich Tovar,CLE,DSL,19,7.1,7.363639555688145,2.454546518562715,3.0,0.0,0.1875,0.0625,0.125,0.21428571,1.0909095638056512,0.27272727,0.3,4.90909303712543,4.584457111358643,0.32463592576678746,5.412384174407423,sa3024871
Hector Castillo,CLE,CPX,19,14.0,7.714285714285714,7.071428571428571,1.09090909,1.9285714285714286,0.16666667,0.15277778,0.01388889,0.3,2.0714285714285716,0.33333333,0.50387597,10.928571428571429,8.460525294712612,2.4680461338588167,8.016256092063019,sa3024872
Rey Feliz,CLE,DSL,19,4.0,6.75,9.0,0.75,0.0,0.15,0.2,-0.05,0.3125,2.25,0.38461538,0.77777778,4.5,6.084457111358643,-1.5844571113586428,7.385484789311886,sa3024874
Josue Silvestre,NYY,DSL,21,7.0,7.714285714285714,9.0,0.85714286,0.0,0.21428571,0.25,-0.03571429,0.0,1.0,0.0,0.88888889,1.2857142857142858,6.727314254215786,-5.4415999685015,7.470758641617639,sa3024875
Yoesmerli Beltre,SDP,CPX,20,15.2,12.063827339369725,4.595743748331324,2.625,0.5744679685414155,0.28767123,0.10958904,0.17808219,0.265625,1.5957443570594876,0.38095238,0.6504065,4.595743748331324,4.69000860329071,-0.09426485495938586,5.2868270531101125,sa3024876
JP Wheat,CHC,A+,23,18.1,8.836365168548094,16.200002809004836,0.54545455,0.0,0.18367347,0.33673469,-0.15306122,0.22580645,2.5636368081590146,0.31818182,0.6,9.818183520608992,7.874348965952337,1.9438345546566547,9.03321149000444,sa3024884
Oliver Del Rosario,KCR,DSL,21,9.2,6.517239236095285,5.586205059510244,1.16666667,0.0,0.16666667,0.14285714,0.02380952,0.22857143,1.4482753857989523,0.28571429,0.66666667,4.655170882925203,5.308594804258119,-0.6534239213329158,6.116128959496482,sa3024888
Gerardo Lopez,PHI,CPX,20,17.2,9.169809670752459,4.07547096477887,2.25,2.5471693529867943,0.2,0.08888889,0.11111111,0.33333333,1.9811317189897286,0.37931034,0.4137931,9.679243541349818,7.298913171190451,2.380330370159367,5.1622844991153904,sa3024891
Dariel Florentino,PIT,DSL,20,9.0,1.999999960263571,6.9999998609224985,0.28571429,0.9999999801317855,0.04878049,0.17073171,-0.12195122,0.26470588,1.7777777424565075,0.25806452,0.89041096,2.9999999403953566,7.917790378464595,-4.917790438069238,7.629814986811256,sa3024894
Mauricio Vargas,NYY,DSL,19,3.2,12.27271583455734,12.27271583455734,1.0,2.4545431669114683,0.22727273,0.22727273,0.0,0.21428571,2.1818161483657494,0.25,0.0,26.999974836026148,11.948086612093046,15.051888223933101,9.58538670317753,sa3024895
Juan Rivera,KCR,DSL,19,9.2,4.655170882925203,4.655170882925203,1.0,0.9310341765850407,0.11627907,0.11627907,0.0,0.21052632,1.3448271439561699,0.21875,0.77586207,2.793102529755122,6.446525464528724,-3.653422934773602,5.998958493059625,sa3024917
Emilio Obispo,NYM,A,19,32.1,10.577321251516638,2.7835055925043783,3.8,0.27835055925043783,0.27536232,0.07246377,0.20289855,0.22222222,1.175257916835182,0.31034483,0.7253886,1.670103355502627,2.9120274085523974,-1.2419240530497704,3.526935826207145,sa3024918
JeanPierre Ortiz,CIN,A+,22,29.2,9.101122620280124,3.943819802121387,2.30769231,0.9101122620280124,0.234375,0.1015625,0.1328125,0.25663717,1.4157301853769082,0.325,0.65326633,5.157302818158737,4.756064235066974,0.40123858309176264,5.172155394003115,sa3024922
Kevin Santana,HOU,DSL,19,4.2,5.785710344511887,17.357131033535662,0.33333333,0.0,0.12,0.36,-0.24,0.14285714,2.357141251467806,0.18181818,0.61538462,5.785710344511887,10.37016745587053,-4.584457111358642,11.48533327732688,sa3024923
Luis Plicet,OAK,DSL,19,2.2,6.749991349887012,10.124987024830519,0.66666667,0.0,0.11764706,0.17647059,-0.05882353,0.30769231,2.6249966360671713,0.36363636,0.25,20.249974049661038,7.5844532668639815,12.665520782797056,8.88547927755257,sa3024924
Nick Borquez,HOU,CPX,19,18.0,6.0,9.0,0.66666667,1.0,0.13333333,0.2,-0.06666667,0.1971831,1.7777777777777777,0.21052632,0.46357616,4.5,7.406880198584663,-2.9068801985846626,8.273353044688701,sa3024926
Ian Medina,MIA,"A,CPX",21,18.2,8.678569950619774,5.303570525378751,1.63636364,0.9642855500688637,0.24,0.14666667,0.09333333,0.23809524,1.3928569056550255,0.30232558,0.70247934,3.374999425241023,5.276372938961554,-1.901373513720531,5.1206312901264655,sa3024939
Anthony Mena,NYY,CPX,21,3.2,4.909086333822937,2.4545431669114683,2.0,0.0,0.13333333,0.06666667,0.06666667,0.35714286,1.636362111274312,0.41666667,0.5,4.909086333822937,3.8563754022611665,1.0527109315617702,4.24756479845519,sa3024947
Connor Schultz,CHC,"AA,CPX",27,27.2,13.01205118295398,2.602410236590796,5.0,0.9759038387215485,0.31007752,0.0620155,0.24806202,0.27272727,1.481928051391981,0.38461538,0.43478261,5.204820473181592,3.393696758603332,1.8111237145782604,3.3247338104942172,sa3024948
Jesus Lafalaise,TEX,A,21,50.1,7.688742498813907,4.649007092306083,1.65384615,0.8940398254434776,0.19907407,0.12037037,0.0787037,0.2606383,1.4900663757391293,0.31428571,0.65714286,5.18543098757217,4.8693236213740425,0.3161073661981275,4.489244791924043,sa3024950
Oscar Echegarreta,ARI,DSL,22,2.1,11.57144551863525,3.85714850621175,3.0,0.0,0.3,0.1,0.2,0.125,0.8571441124914999,0.2,1.0,0.0,4.584457111358643,-4.584457111358643,5.327902587589382,sa3024952
Oswal Rodriguez,KCR,CPX,21,13.1,11.475002735853847,4.7250011265280545,2.42857143,2.0250004827977377,0.29824561,0.12280702,0.1754386,0.2244898,1.3500003218651586,0.27586207,0.94594595,2.7000006437303172,6.992668670416002,-4.292668026685685,5.1851761200298,sa3024953
Christian Sáez,STL,DSL,19,2.1,0.0,3.85714850621175,0.0,0.0,0.0,0.07142857,-0.07142857,0.46153846,3.00000439372025,0.46153846,0.57142857,11.57144551863525,5.870173280095893,5.701272238539357,9.215677923134223,sa3024955
Dylan DeLucia,CLE,AA,25,54.2,8.231706551183695,3.951219144568174,2.08333333,1.4817071792130652,0.2016129,0.09677419,0.10483871,0.3018018,1.6646339914615917,0.35582822,0.65920398,6.091462847875935,5.300296324027018,0.7911665238489167,5.390141089940847,sa3024964
Enmanuel Carela,WSN,DSL,19,7.0,7.714285714285714,5.142857142857143,1.5,1.2857142857142858,0.21428571,0.14285714,0.07142857,0.125,1.0,0.11764706,0.53571429,3.857142857142857,6.4415999685014995,-2.5844571113586423,5.575716294561114,sa3024966
Oscar Vasquez,NYY,DSL,21,5.2,6.352937612568568,9.529406418852851,0.66666667,0.0,0.13793103,0.20689655,-0.06896552,0.2173913,1.9411753816181734,0.26315789,0.81818182,0.0,6.3491620037388,-6.3491620037388,7.420595960994973,sa3024969
Garrett Edwards,TBR,AA,24,64.1,6.435233669398307,2.6580312982297354,2.42105263,1.6787566094082538,0.17358491,0.07169811,0.10188679,0.25925926,1.2746114997358964,0.27567568,0.70381232,4.616580675872698,5.679952156638155,-1.0633714807654568,4.9957064810932135,sa3024980
Sterling Patick,LAD,A+,21,54.2,9.384145468349413,4.939023930710217,1.9,1.1524389171657174,0.22529644,0.11857708,0.10671937,0.27522936,1.6463413102367392,0.34415584,0.75117371,4.939023930710217,5.4470754181466585,-0.5080514874364415,4.98075677633562,sa3024981
Andrew Landry,NYY,"A+,AA",24,25.1,10.302628896367555,4.6184198500958,2.23076923,0.7105261307839693,0.24576271,0.11016949,0.13559322,0.23529412,1.4605259355003815,0.30985915,0.53763441,5.6842090462717545,4.2225411794333,1.4616678668384546,5.441817211363777,sa3024982
Michael Ramirez,LAD,CPX,21,10.1,9.58064810865098,11.322584128405703,0.84615385,0.0,0.2037037,0.24074074,-0.03703704,0.2195122,2.129032913033551,0.3,0.63636364,6.096776069141533,6.462829948290485,-0.3660538791489527,8.04897065380581,sa3024985
Argenis Cayama,SFG,A,19,36.0,11.25,2.0,5.625,1.0,0.31034483,0.05517241,0.25517241,0.23703704,1.1111111111111112,0.3255814,0.65934066,4.5,4.328778563605415,0.17122143639458542,4.023229289717145,sa3025006
Rafael Arias,NYY,CPX,22,15.0,12.0,7.2,1.66666667,2.4,0.28169014,0.16901408,0.11267606,0.23214286,1.6666666666666667,0.28125,0.58035714,8.4,7.929102420806885,0.4708975791931156,5.131804900368055,sa3025007
Ransel Cruz,TBR,DSL,20,3.0,9.0,3.0,3.0,0.0,0.3,0.1,0.2,0.125,0.6666666666666666,0.2,1.0,0.0,4.584457111358643,-4.584457111358643,4.584457111358643,sa3025011
Jason Woodward,MIL,A+,23,29.0,9.931034482758621,6.517241379310345,1.52380952,1.8620689655172413,0.23021583,0.15107914,0.07913669,0.27826087,1.8275862068965518,0.33766234,0.77731092,5.586206896551724,6.912592799088051,-1.3263859025363267,6.054472907452748,sa3025012
Carlos Carra,MIL,A,19,55.2,10.185627811854214,5.173652221894204,1.96875,1.1317364235393572,0.25403226,0.12903226,0.125,0.23222749,1.4550896874077448,0.29787234,0.6167979,5.335328853828398,4.982937202086367,0.3523916517420309,4.491175301830603,sa3025013
Luis Ilarraza,NYY,DSL,19,3.2,17.181802168380276,9.818172667645873,1.75,0.0,0.41176471,0.23529412,0.17647059,0.15384615,1.636362111274312,0.33333333,0.66666667,4.909086333822937,4.039003074267205,0.8700832595557317,4.27555334070297,sa3025014
Grayson Hitt,ARI,A,24,15.1,11.739132868545546,12.326089511972823,0.95238095,1.1739132868545545,0.23529412,0.24705882,-0.01176471,0.24590164,2.347826573709109,0.33333333,0.77348066,5.869566434272773,8.333610265692313,-2.4640438314195396,7.7075290786760355,sa3025020
Juan Reyes,WSN,CPX,21,26.2,10.124998793006087,5.062499396503044,2.0,0.6749999195337392,0.27272727,0.13636364,0.13636364,0.21276596,1.3124998435378261,0.29032258,0.60240964,4.724999436736174,4.654102358222016,0.07089707851415827,5.131394288229422,sa3025021
Emanuel Vargas,NYY,DSL,20,7.1,14.72727911137629,11.045459333532218,1.33333333,0.0,0.27272727,0.20454545,0.06818182,0.28125,2.454546518562715,0.45,0.61904762,8.590912814969503,6.220821457067119,2.3700913579023837,6.457372046509628,sa3025022
Luis Carrasco,ARI,DSL,21,5.1,15.187481385911346,6.749991727071709,2.25,0.0,0.40909091,0.18181818,0.22727273,0.05555556,0.9374988509821818,0.11111111,0.4,0.0,3.4594584901800243,-3.4594584901800243,4.43522805272177,sa3025023
Omar Calcurian,SFG,DSL,21,11.2,9.257140334772291,4.628570167386146,2.0,0.7714283612310243,0.25,0.125,0.125,0.12820513,0.9428568859490296,0.15384615,0.87301587,2.314285083693073,5.955885309102686,-3.641600225409613,5.436355246299162,sa3025025
Marco Eluscat,SDP,DSL,19,11.0,8.181818181818182,9.818181818181818,0.83333333,0.0,0.18867925,0.22641509,-0.03773585,0.15384615,1.6363636363636365,0.20689655,0.75,2.4545454545454546,6.584457111358643,-4.129911656813189,7.451808896660805,sa3025026
Henry Ramirez,BAL,DSL,20,6.1,9.947373413976074,5.684213379414899,1.75,0.0,0.23333333,0.13333333,0.1,0.17391304,1.2631585287588665,0.25,0.72727273,4.263160034561174,5.6897208240226504,-1.426560789461476,6.374472577171811,sa3025037
Gregg Ferrera,LAD,DSL,20,5.2,9.529406418852851,7.94117201571071,1.2,1.588234403142142,0.25,0.20833333,0.04166667,0.21052632,1.588234403142142,0.25,0.39473684,9.529406418852851,7.407984939166895,2.1214214796859556,6.185302536328863,sa3025038
Nate Garkow,TOR,"AA,AAA",28,20.0,9.899999881982804,7.649999908804895,1.29411765,0.44999999463558205,0.24175824,0.18681319,0.05494506,0.16666667,1.4499999827146532,0.2244898,0.74324324,3.5999999570846564,4.861134194001802,-1.2611342369171457,6.086280709965517,sa3025043
Hunter Hollan,CIN,CPX,24,2.0,13.5,4.5,3.0,0.0,0.42857143,0.14285714,0.28571429,0.0,0.5,0.0,1.0,0.0,3.317668151855469,-3.317668151855469,3.317668151855469,sa3025045
Bryan Balzer,SDP,A,21,60.1,8.502763147745135,3.13259694916926,2.71428571,1.04419898305642,0.22619048,0.08333333,0.14285714,0.23893805,1.243094027448119,0.29012346,0.68376068,4.475138498813228,5.462603072622924,-0.9874645738096959,5.177526922380954,sa3025047
Jhonan Coba,DET,CPX,19,21.2,12.87692118763246,5.399999207716838,2.38461538,0.8307691088795135,0.35227273,0.14772727,0.20454546,0.16216216,1.1538459845548799,0.24390244,0.90517241,1.661538217759027,4.406025457100056,-2.744487239341029,4.132844315034882,sa3025048
Mason Dinesen,BAL,CPX,27,3.0,15.0,6.0,2.5,0.0,0.41666667,0.16666667,0.25,0.0,0.6666666666666666,0.0,1.0,0.0,3.7957690874735515,-3.7957690874735515,4.273889906207721,sa3025052
Caden Scarborough,TEX,"A+,CPX",21,19.1,12.10345026599132,2.7931039075364588,4.33333333,0.4655173179227431,0.33333333,0.07692308,0.25641026,0.22857143,1.1379312215889275,0.34883721,0.75221239,2.7931039075364588,3.071557939010823,-0.2784540314743644,3.9096756540836957,sa3025060
Adolfo Miranda,NYM,CPX,19,2.0,9.0,0.0,2.0,0.0,0.28571429,0.0,0.28571429,0.28571429,1.0,0.4,1.0,0.0,2.129102420806885,-2.129102420806885,3.563464877009392,sa3025062
Victor Rodriguez,MIA,CPX,19,18.0,9.5,5.5,1.72727273,0.5,0.25333333,0.14666667,0.10666667,0.12903226,1.0555555555555556,0.16666667,0.56122449,4.0,4.906880198584663,-0.9068801985846626,5.379960023197863,sa3025066
Jose Lopez,NYM,CPX,22,21.2,7.4769219799156215,5.8153837621565945,1.28571429,2.0769227721987837,0.1875,0.14583333,0.04166667,0.26829268,1.661538217759027,0.28813559,0.68965517,4.569230098837324,7.406025016942744,-2.8367949181054195,5.92865614874675,sa3025068
Yeisy Celesten,TEX,DSL,21,0.1,0.0,0.0,0.0,0.0,0.0,0.0,0.0,0.0,0.0,0.0,1.0,0.0,13.584546966257733,-13.584546966257733,16.1866283007666,sa3025069
Yunier De Jesus,TEX,DSL,20,4.1,10.384599291386236,18.692278724495225,0.55555556,2.0769198582772472,0.13888889,0.25,-0.11111111,0.45833333,4.615377462838326,0.55555556,0.32407407,29.07687801588146,13.58444316389338,15.49243485198808,12.38586796005475,sa3025074
Dalvin Bodre,MIL,DSL,19,8.0,5.625,6.75,0.83333333,0.0,0.13157895,0.15789474,-0.02631579,0.27586207,1.75,0.33333333,0.64705882,4.5,6.709457111358643,-2.2094571113586428,7.251551977172494,sa3025081
Michael Gil,CIN,DSL,21,4.1,4.153849429635368,2.076924714817684,2.0,0.0,0.1,0.05,0.05,0.26315789,1.3846164765451228,0.29411765,0.5,6.230774144453052,4.353687698601122,1.8770864458519307,4.954162485046222,sa3025082
Ronaldys Jimenez,PIT,CPX,20,16.1,12.122451338953162,8.816328246511391,1.375,1.102041030813924,0.26190476,0.19047619,0.07142857,0.234375,1.8979595530684243,0.325,0.65217391,5.510205154069619,6.700531492706041,-1.1903263386364218,6.338148221370308,sa3025092
David De Los Santos,BAL,DSL,20,8.2,10.384611575562559,5.1923057877812795,2.0,1.038461157556256,0.23255814,0.11627907,0.11627907,0.28571429,1.7307685959270933,0.375,0.78313253,5.1923057877812795,6.545994853409349,-1.3536890656280693,6.1468645734622065,sa3025094
Ruben Saldana,MIL,DSL,20,9.1,7.714288341756665,3.8571441708783323,2.0,0.0,0.17391304,0.08695652,0.08695652,0.38095238,2.142857872710185,0.47058824,0.55,6.750002299037082,4.155885536816606,2.5941167622204757,5.271052497742989,sa3025095
Samuel Gonzalez,ARI,"A,CPX",21,25.1,8.526316859385448,3.5526320247439367,2.4,3.1973688222695427,0.18461538,0.07692308,0.10769231,0.33913043,1.9342107690272543,0.36585366,0.60386473,9.592106466808628,9.09310672937016,0.4989997374384689,6.722724365404384,sa3025098
Harlin Naut,BAL,CPX,21,11.2,3.0857134449240973,3.0857134449240973,1.0,0.0,0.08,0.08,0.0,0.23913043,1.2857139353850404,0.26190476,0.8,2.314285083693073,4.471959470242895,-2.1576743865498225,5.4555220293536575,sa3025102
Victor Santos,BAL,CPX,19,13.2,11.19511934719566,9.21951005063172,1.21428571,0.0,0.25373134,0.20895522,0.04477612,0.21568627,1.8292678671888334,0.32352941,0.40740741,8.560973618443741,5.153492426432631,3.40748119201111,5.888165708721955,sa3025107
Anthony Aquino,CIN,DSL,20,3.2,2.4545431669114683,17.181802168380276,0.14285714,0.0,0.05263158,0.36842105,-0.31578947,0.16666667,2.4545431669114683,0.18181818,0.33333333,12.27271583455734,9.766270463727299,2.5064453708300416,11.658672595213417,sa3025108
Brad Pacheco,PHI,A,21,54.0,9.5,2.0,4.75,1.1666666666666667,0.25791855,0.05429864,0.20361991,0.26442308,1.2407407407407407,0.33333333,0.75601375,4.0,4.043375382600008,-0.04337538260000784,3.51805036354948,sa3025116
Ryjeteri Merite,CIN,CPX,20,25.1,14.921054503924534,6.039474442064692,2.47058824,0.7105264049487873,0.34710744,0.14049587,0.20661157,0.27884615,1.8157897015357898,0.45,0.71759259,3.9078952272183303,4.541352327708719,-0.6334571004903884,4.220830948890861,sa3025117
Alvaro Carrillo,NYM,DSL,21,5.2,12.705875225137136,9.529406418852851,1.33333333,0.0,0.25806452,0.19354839,0.06451613,0.18181818,1.7647048923801576,0.28571429,0.46153846,4.7647032094264254,6.525632492976817,-1.7609292835503911,7.1378804685517725,sa3025127
Deivi Villafana,CIN,A,23,46.2,7.714284873495388,2.3142854620486166,3.33333333,0.3857142436747694,0.1980198,0.05940594,0.13861386,0.24338624,1.2428570073964793,0.29931973,0.53380783,3.857142436747694,3.42565054990807,0.43149188683962425,4.57971554780435,sa3025142
Gabriel Paez,TBR,DSL,19,10.1,12.193552138283065,5.22580805926417,2.33333333,0.8709680098773618,0.2745098,0.11764706,0.15686275,0.35555556,2.129032913033551,0.5,0.67961165,6.967744079018894,4.874779781317764,2.0929642977011307,4.959711604042821,sa3025143
Samuel Bello,ARI,DSL,21,5.2,12.705874957844639,4.76470310919174,2.66666667,1.5882343697305799,0.30769231,0.11538462,0.19230769,0.27272727,1.5882343697305799,0.38461538,0.46511628,9.52940621838348,6.172691481089222,3.356714737294258,4.490823131951307,sa3025144
Gustavo De La Cruz,ARI,DSL,20,5.2,19.058812837705702,7.94117201571071,2.4,0.0,0.4137931,0.17241379,0.24137931,0.18181818,1.588234403142142,0.4,0.72727273,3.176468806284284,4.055045643644595,-0.8785768373603111,4.514231625325812,sa3025150
Jaren Warwick,LAA,A,24,33.2,12.297027845170753,3.4752469997221693,3.53846154,0.0,0.30872483,0.08724832,0.22147651,0.23484848,1.3069304956220125,0.36046512,0.70833333,3.7425736920084898,3.333179187634398,0.40939450437409164,4.307441839812469,sa3025164
Michael Watson,STL,AA,24,29.2,13.955054684429523,6.370785834196087,2.19047619,1.5168537700466873,0.33093525,0.15107914,0.17985612,0.23423423,1.5842694931598735,0.35,0.76595745,4.8539320641494,5.576283659415502,-0.7223515952661019,4.925043701846075,sa3025165
Anthony Astudillo,TEX,CPX,20,18.2,8.196427175585342,4.821427750344319,1.7,1.4464283251032957,0.16831683,0.0990099,0.06930693,0.375,2.303571036275619,0.44117647,0.45454545,12.535712150895229,7.174810607579358,5.360901543315871,7.081074695959638,sa3025166
Allen Ajoti,LAD,DSL,20,3.2,2.4545431669114683,12.27271583455734,0.2,0.0,0.05,0.25,-0.2,0.28571429,2.4545431669114683,0.30769231,0.5,12.27271583455734,8.94808940809014,3.3246264264671996,9.657740207397437,sa3025172
Nolan Sparks,STL,A+,23,41.0,9.878048780487806,3.731707317073171,2.64705882,1.0975609756097562,0.24725275,0.09340659,0.15384615,0.25316456,1.3902439024390243,0.32407407,0.75438596,4.390243902439025,5.093417021123375,-0.70317311868435,5.537630507059214,sa3025182
Derek Clark,LAA,A,24,59.1,9.556180594470472,1.9719102813986686,4.84615385,1.9719102813986686,0.24705882,0.05098039,0.19607843,0.30578512,1.4662922605272153,0.36746988,0.61046512,5.76404543793457,5.93302337620961,-0.16897793827503982,5.130113240658831,sa3025183
Theo Hardy,TEX,A+,24,2.1,0.0,3.85714850621175,0.0,0.0,0.0,0.09090909,-0.09090909,0.3,1.7142882249829998,0.3,1.0,0.0,4.8800280736444765,-4.8800280736444765,8.956996952055421,sa3025187
Geremias Pena,ARI,DSL,19,12.0,11.25,3.75,3.0,0.75,0.30612245,0.10204082,0.20408163,0.23809524,1.25,0.34615385,0.76923077,2.25,4.917790444691976,-2.667790444691976,4.629529581218958,sa3025191
Owen Cobb,NYY,AA,25,0.2,0.0,13.49993200634393,0.0,0.0,0.0,0.33333333,-0.33333333,0.0,1.4999924451493254,0.0,0.0,0.0,8.062468943113991,-8.062468943113991,10.875797411838743,sa3025193
Teddy McGraw,SEA,"A,AA,CPX",24,13.1,7.425001770258372,2.7000006437303172,2.75,0.6750001609325793,0.2037037,0.07407407,0.12962963,0.28,1.3500003218651586,0.34210526,0.84337349,2.7000006437303172,4.517575159702208,-1.8175745159718906,4.714576361578002,sa3025220
Yeison Martinez,PIT,CPX,18,16.0,7.3125,6.1875,1.18181818,0.5625,0.15294118,0.12941176,0.02352941,0.30985915,2.0625,0.36842105,0.46242775,9.0,5.941602420806885,3.058397579193115,6.832407837547362,sa3025227
Fidel Ulloa,COL,AA,23,24.1,11.095891860529738,4.808219806229553,2.30769231,0.7397261240353158,0.28301887,0.12264151,0.16037736,0.23076923,1.3972604565111522,0.3220339,0.84337349,2.958904496141263,4.014546461243153,-1.05564196510189,4.410533091823236,sa3025235
Evan Truitt,SEA,A+,23,58.1,7.405714931441383,2.16000018833707,3.42857143,1.6971430051219836,0.18897638,0.05511811,0.13385827,0.26160338,1.3028572564572802,0.28651685,0.67610063,4.011428921197416,5.331417592620863,-1.319988671423447,5.154184842350978,sa3025236
Miqueas Mercedes,MIL,A,19,33.1,9.450001441955786,6.750001029968419,1.4,0.2700000411987368,0.22727273,0.16233766,0.06493507,0.28125,1.8300002792358825,0.38043478,0.70957096,5.130000782775999,4.247667961883559,0.8823328208924393,5.056190268776855,sa3025237
Trent Turzenski,BAL,CPX,25,3.0,21.0,15.0,1.4,0.0,0.41176471,0.29411765,0.11764706,0.18181818,2.3333333333333335,0.5,0.75,6.0,5.462435754140218,0.537564245859782,5.462435754140218,sa3025238
Alberto Toribio,KCR,DSL,19,10.1,9.58064810865098,6.096776069141533,1.57142857,0.0,0.25,0.15909091,0.09090909,0.2972973,1.7419360197547236,0.42307692,0.72222222,3.483872039509447,4.487682888038936,-1.003810848529489,5.3270558417147145,sa3025239
Austin St. Laurent,SEA,A+,23,1.0,0.0,0.0,0.0,0.0,0.0,0.0,0.0,0.25,1.0,0.25,1.0,0.0,3.651417446136475,-3.651417446136475,5.493937221169472,sa3025241
Hunter Cranton,ARI,AA,25,1.1,6.750016696792419,6.750016696792419,1.0,6.750016696792419,0.125,0.125,0.0,0.33333333,2.250005565597473,0.25,0.76923077,13.500033393584838,16.404967089075377,-2.9049336954905396,10.937442238570902,sa3025298
Andrew Morones,KCR,AA,25,21.1,10.968751634471362,5.484375817235681,2.0,2.1093753143214156,0.27659574,0.13829787,0.13829787,0.24691358,1.5468752305023716,0.3,0.73076923,5.484375817235681,6.092435913905556,-0.6080600966698748,4.740712479245206,sa3025299
Jay Schueler,TOR,A+,25,28.0,8.035714285714286,2.892857142857143,2.77777778,2.5714285714285716,0.21929825,0.07894737,0.14035088,0.19230769,1.0357142857142858,0.16901408,0.53191489,5.142857142857143,6.651417446136475,-1.5085603032793315,4.9770643399230075,sa3025300
Fulton Lockhart,LAA,A,22,28.2,13.18604504939622,7.534882885369269,1.75,0.3139534535570529,0.336,0.192,0.144,0.11340206,1.2209300971663168,0.18518519,0.79787234,2.1976741748993702,5.004489107632269,-2.8068149327328986,5.6379834048157385,sa3025301
Colby Holcombe,TOR,A+,23,5.1,8.437505029144901,8.437505029144901,1.0,0.0,0.19230769,0.19230769,0.0,0.26315789,1.8750011175877557,0.35714286,0.66666667,6.75000402331592,5.713918675483006,1.0360853478329144,7.095809330428771,sa3025302
Joe Glassey,BAL,A+,24,24.1,16.27397472877695,2.958904496141263,5.5,0.3698630620176579,0.42307692,0.07692308,0.34615385,0.22916667,1.232876873392193,0.41176471,0.59440559,3.3287675581589213,1.4984212201404987,1.8303463380184226,2.2933763540773455,sa3025303
Colby Martin,MIA,AA,25,24.1,13.684933294653343,8.87671348842379,1.54166667,0.7397261240353158,0.31355932,0.20338983,0.11016949,0.21505376,1.80821941430855,0.33333333,0.56872038,7.027398178335501,4.768815794329341,2.25858238400616,4.86906575762594,sa3025304
Justin Loer,COL,A+,23,36.0,10.0,5.25,1.9047619,1.0,0.26315789,0.13815789,0.125,0.203125,1.3055555555555556,0.26190476,0.6981982,4.75,4.873639668358697,-0.12363966835869711,5.374077208671306,sa3025306
Najer Victor,LAA,"AA,AAA",24,24.0,12.75,8.25,1.54545455,0.375,0.31481481,0.2037037,0.11111111,0.13953488,1.4166666666666667,0.21568627,0.70552147,3.375,4.275535716674457,-0.9005357166744572,5.1244442267335755,sa3025330
Jake Faherty,MIA,A,23,15.0,11.4,16.2,0.7037037,0.0,0.22619048,0.32142857,-0.0952381,0.10869565,2.1333333333333333,0.18518519,0.65116279,9.0,8.813745752970377,0.18625424702962334,9.231295412778856,sa3025331
Jacob Kroeger,ATL,A+,26,25.2,10.168829909382868,7.363635451622077,1.38095238,0.7012986144401978,0.23770492,0.17213115,0.06557377,0.23469388,1.7142855019649281,0.31343284,0.67873303,5.6103889155215825,5.152753270329889,0.45763564519169364,5.5481715763795325,sa3025344
Izaak Martinez,CLE,"A+,AAA",24,31.0,9.870967741935484,2.903225806451613,3.4,1.1612903225806452,0.26153846,0.07692308,0.18461539,0.20168067,1.096774193548387,0.24691358,0.71428571,1.7419354838709677,4.48272831824518,-2.7407928343742123,4.918467411014341,sa3025345
Cam Schuelke,CLE,A+,24,29.2,8.797751866270787,4.247190556130724,2.07142857,0.9101122620280124,0.23770492,0.1147541,0.12295082,0.19444444,1.1797751544807569,0.23684211,0.81168831,2.123595278065362,4.72235637351038,-2.598761095445018,4.8997306000819325,sa3025346
Leonardo Leon,DET,CPX,20,14.1,11.930235204083466,10.67442097207468,1.11764706,0.627907116004393,0.27536232,0.24637681,0.02898551,0.24,2.0232562626808215,0.36666667,0.67567568,6.279071160043929,6.36166105548917,-0.08258989544524109,6.255258681864242,sa3025347
Jean Brito,NYM,CPX,20,15.0,9.0,5.4,1.66666667,0.0,0.23809524,0.14285714,0.0952381,0.13461538,1.0666666666666667,0.18918919,0.44444444,3.0,4.329102420806885,-1.3291024208068851,5.763464877009392,sa3025348
Owen Hackman,ATL,"A+,AA",24,31.0,11.612903225806452,2.032258064516129,5.71428571,1.1612903225806452,0.32,0.056,0.264,0.23931624,1.1290322580645162,0.32876712,0.82236842,2.903225806451613,3.503670056156989,-0.6004442497053759,3.5374723530031322,sa3025349
Konner Eaton,COL,AA,23,64.2,8.350516777513135,5.427835905383538,1.53846154,1.3917527962521892,0.21276596,0.13829787,0.07446809,0.23109244,1.4536084760856198,0.26785714,0.8,3.7577325498809104,5.7583682417528035,-2.000635691871893,4.966207197647237,sa3025350
Cole Tolbert,BOS,A,23,17.2,10.188677411947177,4.07547096477887,2.5,0.5094338705973588,0.28571429,0.11428571,0.17142857,0.16666667,1.0188677411947176,0.23076923,0.69892473,2.5471693529867943,3.7874791559522936,-1.2403098029654993,3.8891717886130457,sa3025352
Kenny Leiner,BAL,A,24,22.0,9.409090909090908,4.909090909090909,1.91666667,1.6363636363636365,0.21296296,0.11111111,0.10185185,0.22826087,1.5,0.26153846,0.54140127,6.954545454545454,6.072213320298628,0.882332134246826,4.381148327887058,sa3025354
Hudson White,BOS,A+,23,8.1,1.0800004119874618,2.1600008239749235,0.5,1.0800004119874618,0.025,0.05,-0.025,0.34210526,1.8000006866457698,0.33333333,0.58823529,6.480002471924771,5.634312683105765,0.8456897888190058,7.042342216813207,sa3025357
Donovan Zsak,CLE,A+,22,21.1,12.656251885928494,7.171876068692813,1.76470588,0.42187506286428317,0.32258065,0.1827957,0.13978495,0.16,1.3593752025626902,0.25,0.73426573,3.3750005029142653,4.275200606603184,-0.9002001036889182,4.82770588267674,sa3025377
Zachary Cawyer,KCR,AA,23,34.1,12.05825421353745,6.815534990260299,1.76923077,2.883495572802434,0.27058824,0.15294118,0.11764706,0.26388889,1.8640779460540988,0.31034483,0.51440329,8.388350757243444,7.41221766070499,0.9761330965384536,5.520075446816216,sa3025378
Raminel Almonte,ARI,CPX,19,13.0,11.076923076923077,4.846153846153846,2.28571429,0.0,0.30188679,0.13207547,0.16981132,0.22222222,1.3076923076923077,0.34482759,0.55555556,4.846153846153846,4.202283536470853,0.6438703096829927,5.463061658121072,sa3025380
Jacob Shafer,ATL,A+,24,21.2,9.138460197674648,9.138460197674648,1.0,3.323076435518054,0.19642857,0.19642857,0.0,0.32954545,2.353845808491955,0.36206897,0.64593301,10.799998415433675,9.686618703356991,1.113379712076684,6.818472317213585,sa3025390
Anthony Susac,TEX,A+,23,32.0,8.71875,4.5,1.9375,1.6875,0.21678322,0.11188811,0.10489511,0.23966942,1.40625,0.27380952,0.72769953,4.5,6.156811904907227,-1.6568119049072267,5.205704631563276,sa3025400
Connor Wietgrefe,PIT,AA,24,66.2,9.315001421356419,3.3750005149842095,2.76,0.5400000823974735,0.24642857,0.08928571,0.15714286,0.23529412,1.2750001945495901,0.30769231,0.71788413,3.5100005355835777,3.39749158248901,0.11250895309456777,4.164830150648157,sa3025401
Ryan Stafford,BAL,A+,23,1.0,0.0,0.0,0.0,18.0,0.0,0.0,0.0,0.4,2.0,0.0,1.0,18.0,29.594311904907226,-11.594311904907226,7.399477285146713,sa3025405
Chase Centala,SEA,A+,24,41.2,9.935998787109524,1.9439997626953414,5.11111111,1.0799998681640786,0.24864865,0.04864865,0.2,0.31213873,1.51199981542971,0.40163934,0.66101695,5.831999288086024,3.8674174197692905,1.9645818683167335,3.545590747876947,sa3025431
Caden Favors,CLE,AA,24,63.2,9.329842186585896,4.664921093292948,2.0,1.4136124525130145,0.23571429,0.11785714,0.11785714,0.2398374,1.4450260625688593,0.28823529,0.65822785,5.513088564800756,5.133172110458254,0.379916454342502,5.094505091613671,sa3025446
Luis Hernandez,SFG,DSL,20,10.0,8.1,10.8,0.75,0.0,0.17647059,0.23529412,-0.05882353,0.19444444,1.9,0.25925926,0.81818182,2.7,7.284457111358643,-4.584457111358643,7.891603361070157,sa3025447
Titan Kennedy-Hayes,PHI,A+,24,19.1,11.637932948068578,6.982759768841146,1.66666667,0.9310346358454862,0.26595745,0.15957447,0.10638298,0.24,1.7068968323833913,0.33333333,0.61403509,5.5862078150729175,5.301208737290618,0.2849990777822997,5.038885052329203,sa3025462
Calvin Bickerstaff,BOS,"A,A+,AA",24,42.0,7.7142860208238995,3.0000001192092944,2.57142857,1.714285782405311,0.20454545,0.07954545,0.125,0.24528302,1.261904812048354,0.26956522,0.82589286,3.642857287611286,5.569712501268007,-1.9268552136567205,5.370375243814004,sa3025463
Luis Yepes,CIN,DSL,20,8.2,4.153844630225024,9.346150418006303,0.44444444,1.038461157556256,0.0952381,0.21428571,-0.11904762,0.18181818,1.7307685959270933,0.17857143,0.66176471,6.230766945337535,8.276763449336443,-2.045996503998907,8.077791200272271,sa3025464
Tegan Cain,PHI,"A,CPX",23,17.1,12.980771611428557,4.67307778011428,2.77777778,0.5192308644571423,0.32051282,0.11538462,0.20512821,0.23880597,1.4423079568253951,0.36585366,0.8203125,2.5961543222857113,3.633855406092312,-1.0377010838066005,3.6665384474451326,sa3025465
Christopher Rochin,NYM,DSL,19,9.0,7.0,5.0,1.4,0.0,0.2,0.14285714,0.05714286,0.2,1.2222222222222223,0.26086957,0.63636364,3.0,4.6955682224697535,-1.6955682224697535,5.466547587182787,sa3025466
Griffin Kilander,BOS,"A,A+",23,35.0,13.885713623591863,6.685713966914601,2.07692308,0.5142856897626616,0.33128834,0.1595092,0.17177914,0.23529412,1.657142778124132,0.375,0.55160142,5.142856897626616,3.5875393768424186,1.5553175207841972,3.9257472682643826,sa3025467
Omar Montano,MIN,CPX,20,2.1,7.7142970124235,11.57144551863525,0.66666667,0.0,0.13333333,0.2,-0.06666667,0.41666667,3.4285764499659996,0.5,0.25,23.1428910372705,6.271962702035635,16.870928335234865,8.116145703804873,sa3025468
Ramsey David,HOU,AA,25,24.2,10.216214899602464,8.756755628230684,1.16666667,2.189188907057671,0.20740741,0.17777778,0.02962963,0.31192661,2.3513510483212023,0.37333333,0.54263566,9.486485263916574,7.708989082277977,1.7774961816385968,6.553037979396301,sa3025476
Seamus Barrett,LAD,"A,A+",25,19.1,11.637927099673897,6.982756259804337,1.66666667,0.9310341679739117,0.2293578,0.13761468,0.09174312,0.38043478,2.5862060221497547,0.50769231,0.56910569,10.241375847713028,5.9267269320762725,4.314648915636756,6.108804257799115,sa3025477
Joey Danielson,TEX,"A+,AA",25,26.1,10.594934150856561,5.126581040737046,2.06666667,0.0,0.29807692,0.14423077,0.15384615,0.10344828,0.9113921850199193,0.16071429,0.80769231,1.0253162081474092,3.1873339223957795,-2.1620177142483703,4.849167902217533,sa3025479
Duncan Pastore,NYY,"A+,AA",26,2.2,0.0,3.374995750380443,0.0,0.0,0.0,0.09090909,-0.09090909,0.0,0.3749995278200492,0.0,1.0,0.0,8.086351134387701,-8.086351134387701,10.216621129230491,sa3025482
Cameron Pferrer,SFG,AA,27,10.2,12.656246228144697,10.968746731058737,1.15384615,1.6874994970859596,0.28301887,0.24528302,0.03773585,0.25,2.156249357387615,0.34782609,0.59405941,9.281247233972778,6.843740629777604,2.437506604195174,6.340413843621393,sa3025489
Aaron Combs,PHI,"A+,AA",24,22.2,12.705886050492673,3.9705893907789602,3.2,0.794117878155792,0.32989691,0.10309278,0.22680412,0.2,1.191176817233688,0.29411765,0.6870229,3.5735304517010644,3.478935739911971,0.09459471178909329,3.6593792160588112,sa3025490
Nathan Blasick,COL,A+,25,32.1,10.020620133015761,4.453608948007005,2.25,0.8350516777513135,0.25899281,0.11510791,0.14388489,0.18181818,1.175257916835182,0.23170732,0.61452514,3.340206711005254,4.300902084387497,-0.9606953733822428,3.6645678940916278,sa3025491
Peyton Olejnik,LAA,A+,23,56.0,8.678571428571429,4.5,1.92857143,0.48214285714285715,0.20849421,0.10810811,0.1003861,0.25560538,1.5178571428571428,0.3253012,0.6981982,4.821428571428571,4.347846017565046,0.4735825538635252,5.592643637689097,sa3025492
Jesus Montiel,PHI,CPX,19,4.0,9.0,4.5,2.0,0.0,0.25,0.125,0.125,0.07692308,0.75,0.11111111,0.5,4.5,4.379102420806885,0.12089757919311506,6.172055491060019,sa3025493
Sean Barnett,SDP,A,23,22.1,12.089553959626434,12.492539091613981,0.96774194,0.0,0.24590164,0.25409836,-0.00819672,0.23255814,2.283582414596104,0.35714286,0.66071429,6.850747243788312,6.700254823094559,0.15049242069375346,7.581453838697556,sa3025496
Luke Hayden,CIN,"A,A+,CPX",23,13.2,8.560973506432449,8.560973506432449,1.0,0.0,0.1969697,0.1969697,0.0,0.28301887,2.048779984445372,0.375,0.60714286,6.585364235717268,4.911495201970351,1.673869033746917,6.45109016833753,sa3025504
Sam Highfill,PHI,A+,25,48.1,9.124138891195246,3.7241383229368354,2.45,1.675862245321576,0.23444976,0.09569378,0.13875598,0.23626374,1.3034484130278923,0.27419355,0.80139373,4.468965987524203,5.663277639872136,-1.194311652347933,5.525687198364356,sa3025519
Pierce George,CHW,"A,A+",23,30.2,13.499998600586746,2.9347823044753794,4.6,0.8804346913426139,0.39316239,0.08547009,0.30769231,0.14285714,0.8152173067987165,0.21428571,0.74561404,2.3478258435803037,3.050372772351047,-0.7025469287707433,2.984951804519717,sa3025520
Robert Cranz,WSN,"A+,AA,AAA",23,30.2,14.673911522376898,5.282608148055683,2.77777778,0.5869564608950759,0.3875969,0.13953488,0.24806202,0.17431193,1.2065216140621005,0.29824561,0.71823204,3.8152169958179933,3.1222398364286605,0.6929771593893328,3.505536217088844,sa3025521
Justin Sinibaldi,CHW,A+,24,56.0,7.875,3.5357142857142856,2.22727273,1.6071428571428572,0.19066148,0.08560311,0.10505837,0.27947598,1.5357142857142858,0.31764706,0.64102564,6.589285714285714,5.665740476335799,0.9235452379499156,6.028312485611865,sa3025524
Trent Hodgdon,CIN,A+,22,22.2,13.499998106676255,10.72058673177232,1.25925926,1.1911763035302578,0.30630631,0.24324324,0.06306306,0.20481928,1.9411761983456053,0.30434783,0.78431373,4.764705214121031,6.373545805640747,-1.6088405915197157,6.058930285891403,sa3025536
Kyle Robinson,PIT,"A,A+",22,51.0,8.647058823529411,3.5294117647058822,2.45,1.7647058823529411,0.22897196,0.09345794,0.13551402,0.25257732,1.3529411764705883,0.28888889,0.8,4.235294117647059,5.596282629077659,-1.3609885114306,4.720072438575792,sa3025537
Jimmy Romano,CIN,A+,23,25.2,7.012986144401978,3.857142379421088,1.81818182,0.7012986144401978,0.1754386,0.09649123,0.07894737,0.24509804,1.4025972288803956,0.2875,0.58479532,4.207791686641187,4.804218308691205,-0.5964266220500178,5.308789037284792,sa3025543
Hagen Smith,CHW,AAA,22,52.0,13.326923076923077,6.230769230769231,2.13888889,1.3846153846153846,0.33920705,0.15859031,0.18061674,0.19786096,1.4038461538461537,0.28431373,0.71428571,4.673076923076923,4.898464980492225,-0.22538805741530155,4.302022087344756,sa3025544
Evan Yates,BAL,AA,23,63.0,8.0,3.5714285714285716,2.24,0.8571428571428571,0.19858156,0.08865248,0.10992908,0.24409449,1.380952380952381,0.29166667,0.66176471,5.142857142857143,4.356142401316809,0.7867147415403339,5.499712888778202,sa3025545
Rocco Reid,ARI,"A,A+,CPX",23,18.0,14.500000192059414,6.000000079472861,2.41666667,1.0000000132454767,0.33333333,0.13793103,0.1954023,0.26086957,1.6666666887424613,0.42105263,0.6626506,6.500000086095599,5.274704376508044,1.225295709587555,4.966103111821311,sa3025546
Jacob Bimbi,PIT,A+,24,32.1,10.855671810767076,5.845361744259194,1.85714286,0.8350516777513135,0.28057554,0.15107914,0.1294964,0.20512821,1.3917527962521892,0.28,0.78947368,3.061856151754816,4.4293635826585405,-1.3675074309037245,4.400033283273383,sa3025547
Ethan Sloan,DET,A+,23,21.1,7.171876068692813,5.484375817235681,1.30769231,1.6875002514571327,0.16190476,0.12380952,0.03809524,0.27777778,1.7812502654269733,0.30434783,0.58139535,7.593751131557097,6.9002009977587235,0.6935501337983734,6.703469913520941,sa3025548
Bryce Mayer,HOU,AA,24,38.1,13.852175751021111,5.869565996195386,2.36,1.4086958390868927,0.35119048,0.14880952,0.20238095,0.21582734,1.4347827990699833,0.32432432,0.71146245,4.460870157108493,4.881022669894955,-0.42015251278646204,4.236497168374981,sa3025558
Micah Ashman,BAL,"A+,AA",23,27.0,15.333333333333334,2.6666666666666665,5.75,0.3333333333333333,0.40350877,0.07017544,0.33333333,0.26415094,1.3333333333333333,0.45762712,0.83815029,1.6666666666666667,1.526633100156431,0.14003356651023569,2.017665123277241,sa3025559
Cal Stark,TEX,A+,23,2.0,0.0,0.0,0.0,4.5,0.0,0.0,0.0,0.375,1.5,0.28571429,1.0,4.5,10.094311904907226,-5.594311904907226,7.399477285146713,sa3025560
Logan Whitaker,MIA,AA,26,16.2,11.339997837067063,5.399998970031935,2.1,0.5399998970031935,0.25609756,0.12195122,0.13414634,0.31944444,1.9799996223450427,0.44,0.75949367,4.8599990730287415,3.7192265968322777,1.1407724761964637,4.325647984591222,sa3025561
Stone Hewlett,LAA,A,24,1.0,0.0,9.0,0.0,0.0,0.0,0.09090909,-0.09090909,0.66666667,7.0,0.66666667,0.375,45.0,10.551000785827636,34.44899921417236,15.47102792263031,sa3025562
Evan Shaw,LAD,AA,25,32.2,8.265304835525072,4.959182901315042,1.66666667,0.0,0.19607843,0.11764706,0.07843137,0.27131783,1.62244872697344,0.35353535,0.57627119,5.510203223683381,4.0222824322685895,1.4879207914147914,4.954524719535802,sa3025563
Josh Mallitz,SDP,AA,24,23.1,9.257144118328656,4.242857720900634,2.18181818,0.771428676527388,0.24242424,0.11111111,0.13131313,0.22727273,1.328571609574946,0.29032258,0.63829787,5.014286397428021,4.126364186345324,0.8879222110826976,5.132930142946869,sa3025568
Tyson Neighbors,BAL,"A+,AA",23,14.1,17.581399248123002,8.790699624061501,2.0,2.511628464017572,0.35,0.175,0.175,0.31818182,2.4418610066837503,0.5,0.51020408,10.046513856070288,6.2158750075813565,3.830638848488931,4.029237332772815,sa3025569
Reese Dutton,PHI,A+,25,66.1,7.4623121299791295,2.713568047265138,2.75,0.9497488165427983,0.20676692,0.07518797,0.13157895,0.2125,1.0703518408656933,0.24719101,0.74404762,3.1206032543549087,4.483759209288578,-1.363155954933669,4.603371779559044,sa3025570
Logan Samuels,ATL,A+,24,23.2,8.746477698409699,1.901408195306456,4.6,0.38028163906129125,0.2254902,0.04901961,0.17647059,0.26041667,1.2676054635376375,0.33333333,0.54054054,4.563379668735495,2.960509173138408,1.6028704955970867,4.0994204212516445,sa3025571
Stephen Quigley,CIN,A+,26,22.0,8.590909090909092,5.7272727272727275,1.5,1.2272727272727273,0.20192308,0.13461538,0.06730769,0.24719101,1.6363636363636365,0.29230769,0.57926829,6.954545454545454,5.85616646679965,1.0983789877458046,5.773446748608893,sa3025572
Jack Seppings,MIL,"A+,AA",23,33.1,6.749998712539918,2.159999588012774,3.125,0.8099998455047902,0.17361111,0.05555556,0.11805556,0.25373134,1.2599997596741181,0.29245283,0.55276382,4.319999176025548,4.4595056426325685,-0.13950646660702049,5.362856300410229,sa3025573
Tyson Hardin,MIL,"AA,AAA",24,69.1,10.903846653784543,3.115384758224155,3.5,0.9086538878153786,0.28571429,0.08163265,0.20408163,0.24444444,1.298076982593398,0.32960894,0.6234414,4.5432694390768935,3.5254292133314156,1.017840225745478,3.481420576329138,sa3025574
Jonathan Todd,TOR,A+,24,35.1,9.679246676354559,4.330189302579671,2.23529412,1.0188680711952167,0.26206897,0.11724138,0.14482759,0.16535433,1.0754718529282845,0.2,0.62874251,3.5660382491832587,4.500474172132488,-0.9344359229492296,4.95820720999206,sa3025575
Brendan Girton,NYM,AA,24,50.0,8.82,6.84,1.28947368,1.26,0.21491228,0.16666667,0.04824561,0.24193548,1.66,0.29230769,0.71243523,5.76,5.942491607666016,-0.1824916076660159,5.622941014766694,sa3025584
Josh Randall,WSN,"A+,AA",23,65.0,9.138461538461538,2.769230769230769,3.3,1.523076923076923,0.23157895,0.07017544,0.16140351,0.25,1.2923076923076924,0.29608939,0.73453608,4.292307692307692,5.091234265840971,-0.7989265735332785,4.291229926622831,sa3025585
Mason Molina,STL,AA,22,62.1,10.973262927479702,3.4652409244672744,3.16666667,0.7219251925973489,0.29343629,0.09266409,0.2007722,0.19650655,1.1069519619826016,0.27027027,0.75,3.1764708474283347,3.703063896862854,-0.5265930494345192,4.645037334190351,sa3025586
Rafe Schlesinger,CLE,"A+,AA",23,53.1,11.981250714138193,3.5437502112239727,3.38095238,1.3500000804662753,0.29098361,0.08606557,0.20491803,0.28181818,1.556250092759734,0.38297872,0.64171123,5.062500301748532,4.524484372853801,0.5380159288947306,4.187622107200652,sa3025587
Herick Hernandez,ATL,"A,AA",22,35.2,11.607475523366109,5.29906491284105,2.19047619,0.7570092732630072,0.30263158,0.13815789,0.16447368,0.17692308,1.2336447416137895,0.24691358,0.83333333,1.7663549709470165,4.019440156998571,-2.253085186051554,4.6783088563172335,sa3025588
Hunter Omlid,COL,A+,26,22.1,9.2686580357136,4.835821583850573,1.91666667,2.8208959239128344,0.2,0.10434783,0.09565217,0.31,1.9253734083849505,0.34285714,0.46961326,10.88059856366379,7.681268766011952,3.1993297976518384,6.659174516477808,sa3025589
Charlie Beilenson,SEA,AA,26,33.0,10.909090909090908,2.4545454545454546,4.44444444,0.8181818181818182,0.31746032,0.07142857,0.24603175,0.16521739,0.8484848484848485,0.22222222,0.73643411,2.1818181818181817,3.4125113082654552,-1.2306931264472736,3.960991580558546,sa3025590
Alexander Meckley,WSN,"A,A+",22,60.2,8.456043247093515,5.192307256987246,1.62857143,0.445054907741764,0.21923077,0.13461538,0.08461539,0.22321429,1.4010987836314792,0.28658537,0.70904645,3.708790897848033,4.153924097437913,-0.44513319958987996,4.497169948540372,sa3025591
Will Watson,NYM,AA,23,20.0,8.55,5.4,1.58333333,1.35,0.18811881,0.11881188,0.06930693,0.29885057,1.9,0.35384615,0.53072626,8.55,5.712491607666015,2.8375083923339854,5.825609542429447,sa3025592
Carter Holton,ATL,"A,CPX",23,17.0,11.647058823529411,3.176470588235294,3.66666667,0.5294117647058824,0.30136986,0.08219178,0.21917808,0.27272727,1.411764705882353,0.39534884,0.72033898,3.176470588235294,3.270107656366685,-0.09363706813139094,3.45216935881797,sa3025599
Christian Becerra,MIN,A+,23,22.1,8.462687771738503,4.029851319875478,2.1,0.8059702639750956,0.2,0.0952381,0.10476191,0.30851064,1.7462689052793738,0.38028169,0.69892473,5.641791847825669,4.7082696959074415,0.9335221519182273,5.208874223870827,sa3025606
Cam Caminiti,ATL,A+,19,53.0,9.169811320754716,4.245283018867925,2.16,0.6792452830188679,0.23175966,0.10729614,0.12446352,0.23152709,1.3584905660377358,0.29655172,0.6302521,4.584905660377358,4.235821338869491,0.34908432150786695,4.5111117946089445,sa3025607
Ryan Lambert,NYM,AAA,23,16.0,14.0625,7.875,1.78571429,1.125,0.33333333,0.18666667,0.14666667,0.20338983,1.625,0.3125,0.67460317,6.1875,5.052311134338379,1.135188865661621,5.649609886854887,sa3025613
Ethan Lanthier,NYM,CPX,23,1.1,20.250050090377258,20.250050090377258,1.0,0.0,0.23076923,0.23076923,0.0,0.55555556,6.000014841593261,0.83333333,0.11111111,47.25011687754693,8.629113552001831,38.6210033255451,8.629113552001831,sa3025614
Eric Loomis,TEX,AA,24,20.1,12.836067580561963,5.311476240232537,2.41666667,0.44262302001937803,0.37662338,0.15584416,0.22077922,0.12698413,0.9836067111541734,0.21212121,0.77669903,1.7704920800775121,3.5073945440165715,-1.7369024639390593,3.8041134262363054,sa3025615
Aidan Foeller,LAD,A+,24,35.2,12.364484218064892,3.2803733639764,3.76923077,0.7570092378407077,0.34507042,0.0915493,0.25352113,0.16535433,0.9532708920957059,0.24,0.6918239,2.523364126135692,3.5545522491987445,-1.0311881230630524,3.900646752306109,sa3025616
Ryan Mathiesen,HOU,"A,CPX",23,19.1,6.517239236095285,5.586205059510244,1.16666667,0.0,0.17948718,0.15384615,0.02564103,0.171875,1.1896547811919964,0.22,0.76,2.793102529755122,4.518162327872577,-1.7250597981174551,5.881716652095233,sa3025617
Twine Palmer,BAL,A+,21,49.2,8.697985686438061,3.986576772950778,2.18181818,0.18120803513412628,0.23076923,0.10576923,0.125,0.21857923,1.24832201981287,0.29104478,0.66037736,3.986576772950778,3.4332380958991147,0.5533386770516633,4.818695450832305,sa3025618
Josh Hartle,CLE,AA,23,65.1,8.127551653145899,3.168367593599249,2.56521739,0.8265306765911085,0.20486111,0.07986111,0.125,0.26717557,1.4234694985735756,0.3248731,0.70776256,4.132653382955542,4.144124306007907,-0.011470923052364412,4.242087770003025,sa3025623
Channing Austin,NYM,A+,24,38.1,11.269566712695141,5.16521807665194,2.18181818,0.23478263984781544,0.30188679,0.13836478,0.16352201,0.14814815,1.0956523192898053,0.22093023,0.89201878,1.1739131992390772,3.30735534509323,-2.1334421458541524,4.655733214369989,sa3025635
Hoss Brewer,NYM,A+,25,25.2,9.116881987722572,4.207791686641187,2.16666667,1.7532465361004945,0.21487603,0.09917355,0.11570248,0.20952381,1.3246751606092626,0.22972973,0.61290323,4.558440993861286,5.970934987176786,-1.4124939933155005,5.365759085887788,sa3025636
Cole Hertzler,HOU,"A+,AA",23,52.1,11.694268226275367,4.815286916701622,2.42857143,0.8598726636967181,0.31924883,0.1314554,0.18779343,0.17582418,1.1464968849289574,0.24770642,0.85714286,2.579617991090154,4.025505953416424,-1.4458879623262697,4.492313398441865,sa3025638
Tommy Molsky,KCR,AA,23,30.2,7.336955761188449,8.5108686829786,0.86206897,1.1739129217901518,0.16666667,0.19333333,-0.02666667,0.25217391,1.8913041517730225,0.29069767,0.65068493,7.336955761188449,7.1440656237882045,0.1928901374002443,7.310365029995392,sa3025642
Carson Dorsey,BAL,A+,23,49.0,9.0,4.408163265306122,2.04166667,1.469387755102041,0.21973094,0.10762332,0.11210762,0.3030303,1.7142857142857142,0.36879433,0.62330623,5.6938775510204085,5.2473731293970225,0.446504421623386,4.561568221936421,sa3025643
Sebastian Gongora,BAL,AA,24,68.1,9.351220208235594,2.6341465375311532,3.55,0.7902439612593459,0.24738676,0.06968641,0.17770035,0.2490566,1.258536679042662,0.31914894,0.70351759,3.424390498790499,3.591759902527473,-0.16736940373697395,3.9050005095564098,sa3025644
Hunter Hodges,NYM,A+,23,26.1,12.987343339961491,3.7594941247256948,3.45454545,0.6835443863137627,0.35514019,0.10280374,0.25233645,0.20212766,1.1392406438562712,0.31481481,0.71917808,2.3924053520981694,3.1765903354932608,-0.7841849833950914,3.200748224296005,sa3025645
Jake Jekielek,TEX,A,23,19.2,4.576270446733629,6.40677862542708,0.71428571,0.4576270446733629,0.11111111,0.15555556,-0.04444444,0.2739726,1.7288132798771487,0.30645161,0.6741573,5.949151580753718,5.854955639711838,0.09419594104188,6.698674503361713,sa3025646
Tanner Witt,NYM,"A+,AA,AAA",23,26.1,11.962026814642172,9.9113936464178,1.20689655,1.0253165841121863,0.26717557,0.22137405,0.04580153,0.24242424,2.012658479923921,0.3442623,0.55984556,8.886077062305613,6.054143978926515,2.8319330833790985,6.011343432400443,sa3025651
Chandler Marsh,BAL,A+,23,26.1,10.936710181020203,5.12658289735322,2.13333333,2.3924053520981694,0.28571429,0.13392857,0.15178571,0.1875,1.2531647082418982,0.19298246,0.74380165,4.784810704196339,6.442413514547905,-1.657602810351566,5.370966376620543,sa3025652
Nick Brink,MIA,A+,24,5.2,12.705875225137136,3.176468806284284,4.0,0.0,0.32,0.08,0.24,0.26086957,1.4117639139041263,0.4,0.375,7.94117201571071,2.182370665328583,5.758801350382127,4.05699984225145,sa3025653
Brock Moore,SEA,"A+,AA",26,24.1,17.38356391482992,4.068493682194237,4.27272727,0.3698630620176579,0.48453608,0.11340206,0.37113402,0.16470588,1.0273973944934942,0.35135135,0.52845528,3.3287675581589213,1.8033069660724244,1.525460592086497,2.111976251191074,sa3025654
Luke Lashutka,MIA,"A,A+",24,15.0,7.2,6.0,1.2,1.8,0.15584416,0.12987013,0.02597403,0.34328358,2.2,0.38461538,0.45138889,12.0,6.884854390886843,5.115145609113157,6.708952702748199,sa3025655
Dylan Ross,NYM,"A,A+,AAA",25,21.0,12.857142857142858,9.0,1.42857143,2.142857142857143,0.28571429,0.2,0.08571429,0.23809524,1.9523809523809523,0.30612245,0.61764706,8.142857142857142,6.812955774579729,1.3299013682774135,5.386246402206875,sa3025659
Preston Howey,DET,"A,A+",24,17.0,6.352941176470588,5.823529411764706,1.09090909,1.588235294117647,0.14814815,0.13580247,0.01234568,0.30434783,1.8823529411764706,0.33333333,0.625,7.9411764705882355,6.872567105760101,1.0686093648281343,5.80412378200063,sa3025660
Ethan Bagwell,ATL,A,20,62.0,9.14516129032258,3.193548387096774,2.86363636,0.14516129032258066,0.25403226,0.08870968,0.16532258,0.20091324,1.064516129032258,0.27741935,0.7122905,2.903225806451613,3.1983130270434965,-0.2950872205918835,4.06258021657986,sa3025661
Chandler Welch,MIL,A+,23,37.1,9.160715533762732,5.544643612540601,1.65217391,0.9642858456592349,0.23170732,0.1402439,0.09146342,0.23913043,1.5000002043588099,0.30208333,0.73033708,4.580357766881366,5.393504326197593,-0.8131465593162268,5.992441882785824,sa3025667
Garrett Gainey,TBR,A+,26,44.2,9.873133204089127,3.022387715537488,3.26666667,1.8134326293224927,0.24257426,0.07425743,0.16831683,0.27419355,1.4776117720405497,0.328125,0.69852941,5.641790402336644,5.094311734099906,0.5474786682367387,5.28618762750226,sa3025668
Ben Abeldt,TEX,CPX,22,23.1,11.957144486174514,5.400000735691716,2.21428571,1.9285716913184698,0.29245283,0.13207547,0.16037736,0.24175824,1.542857353054776,0.30909091,0.6,6.557143750482798,6.874811289261837,-0.3176675387790393,5.621679069009634,sa3025700
Brady Afthim,CIN,A,23,25.2,9.81818060216277,4.207791686641187,2.33333333,1.0519479216602967,0.25925926,0.11111111,0.14814815,0.22105263,1.285714126473696,0.28125,0.73825503,2.4545451505406923,4.604221837286175,-2.149676686745483,4.304853997181,sa3025791
Matt Ager,PIT,"A+,AA",23,48.1,8.751724713537593,2.9793105407787546,2.9375,1.303448361590705,0.22815534,0.0776699,0.15048544,0.2712766,1.3862069877234484,0.32835821,0.72635135,4.28275890236946,4.629075506457862,-0.34631660408840137,4.9682492601789185,sa3025798
Blake Aita,STL,A+,23,48.0,10.5,4.3125,2.43478261,1.3125,0.2705314,0.11111111,0.15942029,0.24175824,1.3958333333333333,0.31092437,0.8277027,3.5625,5.072075557708741,-1.5095755577087413,4.90984124361227,sa3025822
Dash Albus,KCR,"A,A+",23,24.1,10.356165736494422,4.068493682194237,2.54545455,1.4794522480706316,0.25688073,0.10091743,0.1559633,0.25773196,1.4794522480706316,0.32307692,0.47770701,6.657535116317843,5.068109572481353,1.58942554383649,4.412316860396437,sa3025855
Kade Anderson,SEA,AA,21,61.2,13.135134051750056,1.1675674712666715,11.25,0.29189186781666787,0.4109589,0.03652968,0.37442922,0.15238095,0.6486485951481509,0.25423729,0.89005236,1.0216215373583377,1.5954762610943183,-0.5738547237359806,2.346716340459398,sa3026056
Ryan Andrade,TBR,A+,23,26.2,10.799998712539827,4.387499476969304,2.46153846,1.3499998390674783,0.25806452,0.10483871,0.15322581,0.24770642,1.499999821186087,0.31506849,0.57692308,6.412499235570522,4.831811757385749,1.5806874781847728,4.665483049200935,sa3026078
Jack Anker,PIT,A,22,50.1,8.40397435916869,1.9668876159756505,4.27272727,0.5364238952660866,0.22596154,0.05288462,0.17307692,0.26530612,1.2516557556208685,0.33561644,0.66889632,4.112583197039997,3.3695956044497986,0.7429875925901981,4.243529366012548,sa3026107
Bryce Archie,CIN,A,22,28.1,9.847059928339782,5.082353511401178,1.9375,1.2705883778502944,0.24603175,0.12698413,0.11904762,0.21100917,1.3764707426711522,0.25675676,0.66860465,3.4941180390883098,5.194138072188768,-1.7000200331004587,4.850969906237218,sa3026155
Joe Ariola,ARI,A,22,2.0,13.5,4.5,3.0,0.0,0.375,0.125,0.25,0.14285714,1.0,0.25,1.0,0.0,3.051000785827637,-3.051000785827637,4.691009831428528,sa3026188
Jamie Arnold,OAK,AA,22,64.0,9.703125,4.5,2.15625,0.5625,0.23310811,0.10810811,0.125,0.29343629,1.6875,0.38709677,0.68901304,4.640625,4.045560550689697,0.5950644493103026,4.39290123321116,sa3026225
Brooks Auger,LAD,A+,24,31.1,14.936171728110995,4.308511075416633,3.46666667,0.0,0.39694656,0.11450382,0.28244275,0.21551724,1.276595874197521,0.390625,0.8,2.2978725735555376,2.064096643267397,0.2337759302881408,3.363707447756543,sa3026300
Daniel Avitia,CHC,A,23,33.0,10.363636363636363,6.0,1.72727273,0.8181818181818182,0.24516129,0.14193548,0.10322581,0.2734375,1.7272727272727273,0.36781609,0.70934256,4.363636363636363,4.951001199086507,-0.5873648354501437,4.66594484556805,sa3026327
Kyle Ayers,ARI,A+,23,49.2,7.79194551076743,3.4429526675483992,2.26315789,1.4496642810730103,0.19457014,0.08597285,0.10859729,0.29207921,1.5704696378290943,0.33774834,0.56886228,6.704697299962672,5.161484405587527,1.543212894375145,4.885312668298244,sa3026337
Isaac Ayon,LAD,"A,A+",24,45.1,10.720588987055175,2.5808825339206902,4.15384615,1.7867648311758624,0.28877005,0.06951872,0.21925134,0.24277457,1.213235379193487,0.3,0.69124424,4.169117939410346,5.436207007324432,-1.2670890679140863,4.0446373901086075,sa3026340
Trace Baker,TOR,"A,A+",22,29.1,11.965910387679706,4.295455010961946,2.78571429,0.9204546452061312,0.29545455,0.10606061,0.18939394,0.23478261,1.3977274242019029,0.32876712,0.60301508,4.909091441099366,4.073553170088825,0.8355382710105408,4.107031058349514,sa3026451
Teo Banks,WSN,A+,22,1.0,9.0,9.0,1.0,0.0,0.25,0.25,0.0,0.0,1.0,0.0,1.0,0.0,4.594311904907227,-4.594311904907227,4.594311904907227,sa3026520
Tanner Bauman,NYY,"A+,AA",24,19.2,9.610172714800493,5.033899993466925,1.90909091,1.3728818164000705,0.23076923,0.12087912,0.10989011,0.27272727,1.6271191898074908,0.33962264,0.74675325,5.491527265600282,5.573588132244852,-0.08206086664457057,5.231020709125081,sa3026750
Drew Beam,KCR,AA,23,61.1,6.896739702369002,3.521739422486299,1.95833333,1.1739131408287662,0.17669173,0.09022556,0.08646617,0.25738397,1.3858696801450714,0.29120879,0.57106599,6.016304846747427,5.236457420972896,0.7798474257745305,5.4337893874057555,sa3026785
Matthew Becker,MIN,"A,CPX",23,6.1,8.526306588243603,5.6842043921624015,1.5,1.4210510980406004,0.21428571,0.14285714,0.07142857,0.125,1.1052619651426892,0.11764706,0.53571429,5.6842043921624015,5.960560413004339,-0.2763560208419378,5.78202049312833,sa3026849
Landon Beidelschies,ATL,A,22,40.1,7.586777816240019,6.917356244218841,1.09677419,1.3388431440423565,0.17435897,0.15897436,0.01538462,0.31481481,2.0330581076198744,0.36885246,0.62169312,7.1404967682259,6.320147545394226,0.8203492228316742,5.8170059195754655,sa3026885
Liam Best,STL,A,22,23.1,10.414287133119737,8.871429780064961,1.17391304,0.771428676527388,0.2195122,0.18699187,0.03252033,0.28571429,2.1857145834942657,0.37681159,0.55776892,6.171429412219104,5.761365075014114,0.41006433720499036,5.720778480420711,sa3027094
Tucker Biven,WSN,"A,A+,CPX",22,12.2,9.94736592459279,7.815787512180049,1.27272727,0.0,0.2295082,0.18032787,0.04918033,0.34,2.21052576102062,0.47222222,0.60714286,7.105261374709135,4.034956723603495,3.0703046511056407,4.902791016381575,sa3027184
Josh Blum,NYM,"A,A+,CPX",23,10.0,8.099999951720237,5.399999967813492,1.5,0.899999994635582,0.2,0.13333333,0.06666667,0.21052632,1.3999999916553498,0.25,0.29411765,6.299999962449074,5.352178520174816,0.9478214422742575,5.278537746423323,sa3027287
Harrison Bodendorf,CLE,"A,CPX",22,26.1,12.303798953647728,3.075949738411932,4.0,0.34177219315688134,0.33962264,0.08490566,0.25471698,0.19791667,1.0632912675991864,0.30508475,0.72463768,2.3924053520981694,2.6986804565010294,-0.30627510440286,3.3295861269152023,sa3027303
Alex Bouchard,BOS,A+,22,39.1,7.779662022951032,5.491526133847787,1.41666667,1.1440679445516224,0.19653179,0.13872832,0.05780347,0.23648649,1.5000001939676826,0.27522936,0.66037736,5.262712544937463,5.424820616189822,-0.1621080712523595,5.658737381556742,sa3027439
Sam Bower,SFG,A,25,39.2,9.075629088377228,3.6302516353508913,2.5,1.1344536360471535,0.23121387,0.09248555,0.13872832,0.25,1.386554444057632,0.30630631,0.63265306,5.6722681802357675,5.45856369466536,0.21370448557040778,5.018906498664636,sa3027483
Cody Bowker,PHI,"A,A+",22,43.2,14.427479235527768,4.122136924436505,3.5,1.2366410773309515,0.38043478,0.10869565,0.27173913,0.16981132,1.076335752491754,0.25301205,0.5733945,5.3587780017674564,4.030795036640202,1.3279829651272541,3.809578200765342,sa3027486
Corey Braun,OAK,"A,CPX",23,26.0,10.38461528938903,4.153846115755612,2.5,1.7307692148981717,0.23622047,0.09448819,0.14173228,0.33035714,1.8846153673335646,0.41558442,0.64444444,7.96153838853159,6.501428225148686,1.460110163382904,5.698745374548781,sa3027612
Brody Brecht,COL,A+,23,20.2,13.499997923451405,6.532257059734551,2.06666667,0.0,0.34444444,0.16666667,0.17777778,0.18666667,1.4032255906096442,0.31818182,0.5862069,5.225805647787641,2.8288369275032346,2.396968720284406,3.720378616996554,sa3027632
Tyler Bremner,LAA,A+,22,28.0,12.857142857142858,2.892857142857143,4.44444444,0.9642857142857143,0.35087719,0.07894737,0.27192982,0.23809524,1.2142857142857142,0.35483871,0.80536913,2.5714285714285716,3.151417446136475,-0.5799888747079032,3.0088415791945797,sa3027644
Jake Brink,CIN,A,23,16.0,6.75,3.375,2.0,0.5625,0.15584416,0.07792208,0.07792208,0.32835821,1.75,0.38888889,0.58823529,7.875,4.934579086303711,2.940420913696289,5.394300706032664,sa3027698
Sam Brodersen,STL,"A+,CPX",24,11.2,12.342853527459406,9.257140145594555,1.33333333,2.3142850363986387,0.28571429,0.21428571,0.07142857,0.30232558,2.1428565151839245,0.41666667,0.73394495,7.714283454662128,7.947140024896234,-0.23285657023410522,6.129544863826718,sa3027731
Steven Brooks,BOS,A+,23,33.1,13.770002101135574,5.940000906372209,2.31818182,0.8100001235962103,0.34931507,0.15068493,0.19863014,0.19008264,1.3500002059936838,0.29850746,0.77625571,3.2400004943848413,3.9543119598388756,-0.7143114654540343,4.040016548395389,sa3027770
Dawson Brown,ARI,"A,A+,AA",25,28.0,10.92856770632345,5.464283853161725,2.0,0.32142846195068975,0.272,0.136,0.136,0.24761905,1.5357137626532955,0.35714286,0.67264574,3.5357130814575872,4.044887350024693,-0.5091742685671057,4.4939115172689,sa3027812
Dylan Brown,BOS,"A,A+",22,49.2,12.684565382140164,4.348993845305199,2.91666667,0.18120807688771662,0.32110092,0.11009174,0.21100917,0.25396825,1.449664615101733,0.39830508,0.66137566,3.805369614642049,2.79991527326,1.0054543413820491,3.597959233652502,sa3027818
Kade Brown,OAK,A,22,20.0,10.8,2.7,4.0,0.9,0.28571429,0.07142857,0.21428571,0.25,1.25,0.34,0.78512397,3.6,4.6510007858276365,-1.0510007858276365,4.417006665468216,sa3027851
Gavin Bruni,WSN,A+,23,39.0,9.461538461538462,5.3076923076923075,1.7826087,0.46153846153846156,0.22282609,0.125,0.09782609,0.2721519,1.6923076923076923,0.35652174,0.55891239,6.6923076923076925,4.158414469009791,2.533893223297902,5.4431146640043995,sa3027900
Mason Burns,STL,AA,24,21.2,9.969229306554162,4.569230098837324,2.18181818,0.8307691088795135,0.26666667,0.12222222,0.14444444,0.17948718,1.1538459845548799,0.23076923,0.77586207,2.0769227721987837,4.30108930204043,-2.2241665298416464,3.9795485643807904,sa3028089
Ben Bybee,SFG,A,22,27.2,8.783131520934102,3.578312841862042,2.45454545,0.9759035023260114,0.20930233,0.08527132,0.12403101,0.29661017,1.6626504113702416,0.36363636,0.52631579,7.156625683724084,5.201603120711645,1.955022563012439,5.570287585627682,sa3028186
Aiven Cabral,ATL,"A,A+",22,54.2,7.243901765041652,2.140243703307761,3.38461538,0.8231706551183696,0.20560748,0.06074766,0.14485981,0.215,1.0243901485917488,0.25165563,0.78,2.304877834331435,3.963092593293099,-1.6582147589616643,4.119697899000787,sa3028218
Frank Camarillo,NYM,"A,A+",22,48.2,6.657533811704178,2.7739724215434074,2.4,1.2945204633869234,0.17821782,0.07425743,0.1039604,0.23529412,1.2123286879337853,0.25694444,0.73170732,4.068492884930331,5.006690907649537,-0.9381980227192059,4.941365737537973,sa3028299
Justin Campbell,CLE,"A+,AA",25,48.0,11.625,4.6875,2.48,0.1875,0.31794872,0.12820513,0.18974359,0.17058824,1.125,0.26168224,0.74144487,2.625,2.9326740920543677,-0.3076740920543677,3.931587407800059,sa3028334
Clark Candiotti,SDP,"A+,AA",25,27.0,11.0,6.333333333333333,1.73684211,1.3333333333333333,0.25,0.14393939,0.10606061,0.28571429,1.8888888888888888,0.37333333,0.51724138,8.666666666666666,5.546185891170266,3.1204807754964,5.313718808254783,sa3028358
Will Cannon,CIN,AA,22,24.0,9.75,5.25,1.85714286,0.75,0.24299065,0.13084112,0.11214953,0.26086957,1.5833333333333333,0.34375,0.60773481,6.0,4.450893274943034,1.5491067250569657,4.922840474297604,sa3028369
Luke Cantwell,SDP,A,23,3.0,0.0,0.0,0.0,0.0,0.0,0.0,0.0,0.4375,2.3333333333333335,0.4375,0.42857143,6.0,4.551000785827637,1.448999214172363,7.284349195162456,sa3028378
Brooks Caple,CHC,"A+,AA",23,56.1,9.905323990486508,2.5562126427061953,3.875,0.6390531606765488,0.27312775,0.07048458,0.20264317,0.21634615,1.0828400778130411,0.28873239,0.68493151,3.1952658033827444,3.5036655923915387,-0.3083997890087944,4.502819603159987,sa3028388
Xavier Cardenas III,MIA,A+,23,2.1,7.7142970124235,7.7142970124235,1.0,3.85714850621175,0.16666667,0.16666667,0.0,0.33333333,2.14286028122875,0.33333333,0.43478261,11.57144551863525,11.66137257013224,-0.08992705149699098,9.12505589223434,sa3028415
Greysen Carter,NYY,A,23,27.2,10.40963735814412,7.156625683724084,1.45454545,0.32530116744200377,0.25396825,0.17460317,0.07936508,0.18181818,1.4457829664089057,0.25757576,0.68807339,3.578312841862042,4.831416311110391,-1.253103469248349,4.984088226114079,sa3028529
Austin Cates,TOR,"A+,AA",23,59.1,8.646068156901855,4.550562187843082,1.9,1.0617978438300524,0.22619048,0.11904762,0.10714286,0.21266968,1.2977529202367306,0.25477707,0.74780059,4.095505969058774,4.778236994860822,-0.682731025802048,5.2841816578362275,sa3028648
Everett Catlett,COL,A+,23,61.0,10.62295081967213,3.8360655737704916,2.76923077,1.4754098360655739,0.27067669,0.09774436,0.17293233,0.26778243,1.4754098360655739,0.34394904,0.75324675,4.868852459016393,4.749778101874179,0.11907435714221393,4.672587031419161,sa3028650
A.J. Causey,OAK,AA,23,24.0,8.25,4.5,1.83333333,0.375,0.21153846,0.11538462,0.09615385,0.24719101,1.4166666666666667,0.31818182,0.53370787,6.375,4.238268884023031,2.1367311159769686,5.124098441998164,sa3028661
Jack Cebert,NYY,"A+,AA",24,56.1,10.54437929324874,2.236686516749733,4.71428571,1.917159871499771,0.275,0.05833333,0.21666667,0.25675676,1.2603551007081828,0.3125,0.68728522,4.952663001374408,4.957462787241675,-0.004799785867266593,3.9923433319298574,sa3028683
Tyrelle Chadwick,COL,A,23,17.2,4.07547096477887,4.07547096477887,1.0,1.5283016117920765,0.09756098,0.09756098,0.0,0.31506849,1.7547166653909025,0.32258065,0.64748201,6.622640317765665,7.381188955812964,-0.7585486380472988,5.91628765514898,sa3028716
Davis Chastain,LAD,A+,22,28.2,14.12790541006738,6.279069071141057,2.25,0.9418603606711586,0.34090909,0.15151515,0.18939394,0.20909091,1.4999998336614748,0.32258065,0.78431373,3.4534879891275816,4.470331313637162,-1.0168433245095807,4.592131945969738,sa3028782
Evan Chrest,CLE,"A,CPX",22,7.1,12.272732991820234,3.6818198975460703,3.33333333,2.454546598364047,0.27027027,0.08108108,0.18918919,0.32352941,1.909091798727592,0.40909091,0.71428571,3.6818198975460703,6.4813057589144,-2.7994858613683293,4.761675991915567,sa3028874
Charlie Christensen,DET,A,22,35.1,14.264152996733035,2.0377361423904334,7.0,0.2547170177988042,0.39160839,0.05594406,0.33566434,0.18320611,0.9056605077290816,0.31081081,0.75144509,2.547170177988042,1.9640599617120817,0.5831102162759603,2.4824437481914794,sa3028883
Jurrangelo Cijntje,STL,AA,23,59.2,11.162010221682907,5.12849118293539,2.17647059,1.6592177356555673,0.27715356,0.12734082,0.14981274,0.22907489,1.4413406592563516,0.28873239,0.67885117,5.430167134872766,5.582309688067377,-0.15214255319461056,4.8763276232433155,sa3028930
Cade Citelli,TBR,A+,24,19.0,6.631578947368421,7.105263157894737,0.93333333,1.4210526315789473,0.1627907,0.1744186,-0.01162791,0.21212121,1.5263157894736843,0.2244898,0.80536913,3.789473684210526,7.331154010170384,-3.541680325959858,7.882056638755296,sa3028952
Seth Clausen,COL,A,23,33.2,12.831681229743394,4.2772270765811315,3.0,0.2673266922863207,0.384,0.128,0.256,0.12037037,0.8613860084781445,0.20338983,0.76923077,1.6039601537179242,3.6005058799207186,-1.9965457262027944,4.091203711356298,sa3029003
Jake Clemente,MIA,A,22,39.2,11.117645633262104,8.394956906748936,1.32432432,0.6806721816282921,0.26486486,0.2,0.06486486,0.22377622,1.739495575272302,0.31868132,0.75931232,3.857142362560322,5.4361544999739175,-1.5790121374135957,5.242445898399682,sa3029027
Javen Coleman,TOR,"A,AA,CPX",24,17.1,15.057686681007127,2.0769223008285693,7.25,1.0384611504142847,0.39726027,0.05479452,0.34246575,0.23880597,1.1538457226825385,0.38888889,0.72916667,3.634614026449996,2.837926572618259,0.796687453831737,2.726727710177752,sa3029151
Dennis Colleran Jr.,KCR,AA,22,27.2,7.156625683724084,7.807228018608091,0.91666667,2.60240933953603,0.15384615,0.16783217,-0.01398601,0.30508475,2.1686744496133588,0.31818182,0.6626506,9.108432688376107,8.534453062319756,0.5739796260563512,7.527216984590114,sa3029168
Nick Conte,KCR,A+,24,32.2,8.265304835525072,8.265304835525072,1.0,0.27551016118416904,0.20689655,0.20689655,0.0,0.21238938,1.6530609671050143,0.2804878,0.73260073,4.132652417762536,5.4470753241558825,-1.3144229063933466,5.916291955466539,sa3029280
Pierce Coppola,CHC,A,23,32.0,12.65625,5.0625,2.5,0.28125,0.34351145,0.13740458,0.20610687,0.17117117,1.15625,0.27692308,0.69148936,3.65625,3.086417865753174,0.569832134246826,3.4662356558721514,sa3029364
Kaleb Corbett,TBR,A+,24,25.2,8.064934066062275,3.857142379421088,2.09090909,1.0519479216602967,0.21904762,0.1047619,0.11428572,0.22340426,1.2467530923381294,0.26470588,0.75539568,2.8051944577607912,4.6072987924319575,-1.8021043346711663,4.570350243854729,sa3029367
Chris Cortez,LAA,"A+,AA",23,31.0,9.290322580645162,11.612903225806452,0.8,0.5806451612903226,0.20779221,0.25974026,-0.05194805,0.23214286,2.129032258064516,0.30769231,0.76687117,4.935483870967742,6.493569873257009,-1.5580860022892669,6.59954237239301,sa3029417
Gabe Craig,PHI,"A,A+",24,24.1,12.575344231813908,4.808219853340612,2.61538462,0.3698630656415855,0.32075472,0.12264151,0.19811321,0.1954023,1.2328768854719516,0.30769231,0.72254335,3.3287675907742695,3.8146219902604694,-0.4858543994861999,4.480166594738835,sa3029515
Aidan Cremarosa,TBR,A,22,52.2,11.107593863997268,1.7088605944611182,6.5,0.5126581783383354,0.32019704,0.04926108,0.27093596,0.17708333,0.8354429572921022,0.25,0.6372549,2.5632908916916772,2.5164021493226763,0.04688874236900098,3.630149442430809,sa3029549
Dylan Crooks,COL,A,23,25.1,12.078948884129384,3.5526320247439367,3.4,0.7105264049487873,0.34693878,0.10204082,0.24489796,0.13953488,0.8684211616040733,0.2,0.8490566,1.7763160123719683,4.314158650844708,-2.5378426384727395,4.582586878423451,sa3029583
Kerrington Cross,SDP,A,24,1.0,0.0,0.0,0.0,0.0,0.0,0.0,0.0,0.25,1.0,0.25,1.0,0.0,4.551000785827637,-4.551000785827637,6.191009831428528,sa3029598
Jack Crowder,BAL,"A,CPX",23,5.0,5.4,3.6,1.5,0.0,0.13043478,0.08695652,0.04347826,0.25,1.4,0.29411765,0.625,5.4,4.626815509796142,0.7731844902038585,6.634922948479652,sa3029607
Bryce Cunningham,NYY,A+,23,32.1,10.020620133015761,4.731959507257443,2.11764706,1.3917527962521892,0.26470588,0.125,0.13970588,0.19327731,1.2371135966686126,0.23076923,0.66666667,4.731959507257443,4.955136861242701,-0.22317735398525773,5.357380954258022,sa3029687
Brian Curley,ARI,A+,23,53.0,11.377358490566039,2.3773584905660377,4.78571429,1.3584905660377358,0.29130435,0.06086957,0.23043478,0.27777778,1.3962264150943395,0.36879433,0.74840764,4.0754716981132075,3.877832540476098,0.1976391576371097,3.3756783999362088,sa3029705
Mathieu Curtis,ATL,"A,A+",21,28.0,9.642857142857142,3.2142857142857144,3.0,0.6428571428571429,0.25210084,0.08403361,0.16806723,0.2038835,1.1071428571428572,0.26760563,0.76023392,2.892857142857143,4.106267929831464,-1.2134107869743214,4.846180437887032,sa3029729
Matthew Dalquist,MIN,A,23,44.1,8.323309225591126,1.827067878788296,4.55555556,0.0,0.21465969,0.04712042,0.16753927,0.27624309,1.3308272203519687,0.35714286,0.6,4.263158383839357,2.5741466209087553,1.689011762930602,4.057546898310238,sa3029795
Colin Daniel,ATL,A+,22,55.1,9.759037041633059,3.7409641992926725,2.60869565,1.9518074083266117,0.24793388,0.09504132,0.15289256,0.23943662,1.3373495205200858,0.27659574,0.68037975,5.204819755537631,5.817203675501423,-0.6123839199637917,4.682743664279232,sa3029823
Alton Davis II,LAA,A,22,43.0,9.209302325581396,3.9767441860465116,2.31578947,1.0465116279069768,0.21153846,0.09134615,0.12019231,0.30555556,1.7209302325581395,0.38167939,0.5,7.744186046511628,5.9696054369904274,1.774580609521201,6.059846830368042,sa3029880
Braden Davis,STL,AA,23,54.2,10.701218516538805,5.268292192757565,2.03125,1.3170730481893913,0.26422764,0.1300813,0.13414634,0.25471698,1.5731705853373286,0.33093525,0.63802083,5.432926323781239,5.045179323778499,0.3877470000027401,4.848772391014625,sa3029886
Gabe Davis,CHW,"A+,AA",22,42.1,10.84252049923097,2.7637797350980904,3.92307692,1.0629922058069579,0.28021978,0.07142857,0.20879121,0.25149701,1.299212695986282,0.33333333,0.64,4.03937038206644,3.806289571625242,0.23308081044119788,3.883499011829114,sa3029907
Tyler Davis,BOS,A+,24,6.0,10.5,1.5,7.0,1.5,0.25925926,0.03703704,0.22222222,0.34615385,1.6666666666666667,0.44444444,0.34883721,10.5,3.9276452382405607,6.572354761759439,3.9806583767135946,sa3029944
Jaron DeBerry,MIL,AA,23,65.1,9.091837442502193,4.5459187212510965,2.0,1.1020409021214779,0.24175824,0.12087912,0.12087912,0.2,1.2244898912460864,0.24223602,0.73170732,4.132653382955542,4.97555324136591,-0.8428998584103677,5.124905219617463,sa3029984
Brandon Decker,NYY,A+,23,28.0,10.285714285714286,3.2142857142857144,3.2,0.32142857142857145,0.27586207,0.0862069,0.18965517,0.20754717,1.1428571428571428,0.28767123,0.71895425,2.5714285714285716,2.8443119049072267,-0.2728833334786551,4.146710117161274,sa3030001
Ryan Degges,PHI,A+,23,20.2,11.75806270752219,5.661289451769944,2.07692308,2.177419019911517,0.2755102,0.13265306,0.14285714,0.24096386,1.5967739479351124,0.29411765,0.82142857,4.790321843805337,6.303988907463781,-1.5136670636584437,5.0920973112547925,sa3030027
Holden deJong,BAL,CPX,22,9.1,9.642860427195831,6.750002299037082,1.42857143,0.0,0.22222222,0.15555556,0.06666667,0.28571429,1.821429191803657,0.4,0.75,2.8928581281587493,5.200531357161977,-2.307673229003228,6.737348797958707,sa3030040
Cody Delvecchio,SFG,A,22,33.2,11.49504776831179,3.2079203074358484,3.58333333,1.0693067691452829,0.30496454,0.08510638,0.21985816,0.28125,1.425742358860377,0.39506173,0.76036866,4.2772270765811315,4.699515614875593,-0.42228853829446145,4.713781636261764,sa3030108
Ryan DeSanto,CLE,"A,CPX",22,29.0,9.620689655172415,5.896551724137931,1.63157895,0.6206896551724138,0.25833333,0.15833333,0.1,0.15306122,1.1724137931034482,0.2,0.76023392,3.413793103448276,5.355599067951071,-1.9418059645027954,5.891251873970033,sa3030191
Randal Diaz,WSN,A+,23,1.0,0.0,0.0,0.0,0.0,0.0,0.0,0.0,0.0,0.0,0.0,1.0,0.0,3.5943119049072267,-3.5943119049072267,7.399477285146713,sa3030270
Jay Dill,OAK,"A,A+,AA",23,26.0,10.73076923076923,4.846153846153846,2.21428571,0.6923076923076923,0.28440367,0.12844037,0.1559633,0.21276596,1.3076923076923077,0.29508197,0.74534161,2.423076923076923,4.60919876050524,-2.1861218374283173,4.906145442541163,sa3030328
Nate Dohm,STL,A+,23,31.0,9.580645161290322,5.806451612903226,1.65,0.8709677419354839,0.22,0.13333333,0.08666667,0.296875,1.8709677419354838,0.38043478,0.50179211,9.0,5.205140073837772,3.7948599261622276,5.774672052937169,sa3030418
Jason Doktorczyk,MIN,A+,23,38.0,7.342105263157895,4.2631578947368425,1.72222222,1.4210526315789473,0.17514124,0.10169492,0.07344633,0.26315789,1.5263157894736843,0.29565217,0.49469965,7.342105263157895,6.341812399814003,1.0002928633438914,6.059664925619176,sa3030419
Luke Dotson,ARI,"A,A+",22,20.2,14.806449335398314,2.177419019911517,6.8,0.43548380398230335,0.4047619,0.05952381,0.3452381,0.20253165,1.016128875958708,0.34090909,0.81632653,2.177419019911517,2.2672914572237897,-0.08987243731227279,2.668913704285635,sa3030498
Brandon Downer,BAL,"A,A+",23,34.2,8.307693831314277,5.451924076799994,1.52380952,1.2980771611428557,0.20253165,0.13291139,0.06962025,0.24264706,1.5576925933714267,0.28282828,0.6875,5.451924076799994,5.535987628422837,-0.08406355162284296,4.904961470068021,sa3030530
Liam Doyle,STL,AA,22,47.1,12.169015392143937,5.133803368560723,2.37037037,1.3309860585157431,0.29767442,0.1255814,0.17209302,0.26203209,1.605633975352325,0.36206897,0.625,6.084507696071968,4.647893403868109,1.4366142922038598,4.856549761670257,sa3030545
Dylan Driessen,STL,A,21,23.0,13.695652173913043,5.478260869565218,2.5,0.782608695652174,0.35353535,0.14141414,0.21212121,0.21428571,1.391304347826087,0.34042553,0.7615894,2.739130434782609,3.7905573471732765,-1.0514269123906677,3.613225048910017,sa3030568
Andrew Dutkanych IV,STL,"A,CPX",22,12.0,13.5,8.25,1.63636364,1.5,0.35294118,0.21568627,0.1372549,0.2,1.5833333333333333,0.3,0.80246914,4.5,5.8335338004368325,-1.3335338004368325,4.916939500638622,sa3030700
Samuel Dutton,OAK,A+,23,60.1,5.2209949152821,3.4309395157568088,1.52173913,0.7458564164688715,0.13257576,0.08712121,0.04545455,0.28270042,1.491712832937743,0.31472081,0.73563218,4.17679593222568,5.206744172189501,-1.0299482399638213,5.860753545231439,sa3030705
Joseph Dzierwa,BAL,"A+,AA",22,73.1,11.168180268973574,1.9636360912481008,5.6875,0.2454545114060126,0.30952381,0.05442177,0.25510204,0.17647059,0.8727271516658226,0.25698324,0.71428571,2.3318178583571196,2.3528648515925883,-0.02104699323546866,3.5468715166892473,sa3030726
Daniel Eagen,ARI,AA,23,55.2,11.640717499261958,3.556885902552265,3.27272727,1.9401195832103264,0.30508475,0.09322034,0.21186441,0.22429907,1.2574849150437302,0.27692308,0.63909774,5.658682117696785,5.056133027452711,0.6025490902440742,4.305229466805471,sa3030728
Kaden Echeman,STL,A,23,32.2,12.122447092103437,7.989794674340902,1.51724138,1.3775508059208452,0.27672956,0.18238994,0.09433962,0.22047244,1.7448976874997373,0.29487179,0.69811321,5.234693062499212,5.981772615908637,-0.7470795534094252,5.14236874811859,sa3030766
Noah Edders,CHC,A,23,36.0,10.0,2.5,4.0,1.25,0.25806452,0.06451613,0.19354839,0.23239437,1.1944444444444444,0.28865979,0.58974359,3.5,4.284334532419841,-0.784334532419841,3.999537577355902,sa3030774
Clay Edmondson,SDP,A+,23,27.0,12.666666666666666,4.333333333333333,2.92307692,0.6666666666666666,0.33333333,0.11403509,0.21929825,0.13265306,0.9629629629629629,0.18965517,0.80152672,1.6666666666666667,3.8730014836346665,-2.206334816968,4.352655198618218,sa3030792
Riley Eikhoff,CHW,"A,A+",24,72.2,9.041285669349275,1.857798425208755,4.86666667,1.2385322834725032,0.24914676,0.05119454,0.19795222,0.23826715,1.114679055125253,0.28865979,0.72058824,3.71559685041751,4.055785013425235,-0.3401881630077255,3.7619927601377747,sa3030851
James Ellwanger,MIN,A,22,11.2,11.571425418465363,3.8571418061551213,3.0,0.0,0.34090909,0.11363636,0.22727273,0.07692308,0.6857140988720216,0.125,1.0,0.0,2.4613651509186707,-2.4613651509186707,2.998214567249712,sa3030911
Anthony Eyanson,BOS,"A+,AA",21,45.0,12.4,3.2,3.875,0.6,0.37125749,0.09580838,0.2754491,0.14666667,0.8444444444444444,0.22352941,0.94827586,1.0,2.8213141100975108,-1.8213141100975108,2.9168706887999076,sa3031104
Callan Fang,MIN,"A,CPX",22,11.0,13.090909090909092,7.363636363636363,1.77777778,0.0,0.33333333,0.1875,0.14583333,0.18918919,1.4545454545454546,0.33333333,0.66666667,2.4545454545454546,4.057940895767405,-1.60339544122195,5.40970631707124,sa3031142
Greg Farone,SFG,AA,24,56.2,8.576469818432095,5.241176000152947,1.63636364,2.064705697029949,0.2109375,0.12890625,0.08203125,0.26457399,1.6235292660406435,0.29487179,0.69105691,6.352940606245996,6.38602076599757,-0.033080159751573746,5.422654981139189,sa3031164
Jack Findlay,STL,"A+,AA",23,27.2,10.734938525586125,4.554216344188053,2.35714286,0.6506023348840075,0.275,0.11666667,0.15833333,0.22115385,1.3373492439282377,0.30434783,0.74585635,3.578312841862042,4.0144873518642985,-0.4361745100022567,4.426620256917195,sa3031334
Leighton Finley,BOS,A,22,50.0,8.28,5.22,1.5862069,0.18,0.21198157,0.13364055,0.07834101,0.24456522,1.48,0.32116788,0.67885117,3.42,4.017667865753174,-0.5976678657531744,5.000579759776592,sa3031345
Ethan Flanagan,CHC,A+,24,33.1,10.260001565551997,2.7000004119873675,3.8,1.3500002059936838,0.26206897,0.06896552,0.19310345,0.28358209,1.440000219726596,0.36263736,0.76190476,4.320000659179788,4.607075658416763,-0.28707499923697455,4.197396767039436,sa3031428
Ty Floyd,CIN,"A+,CPX",24,13.1,12.825003057719005,2.7000006437303172,4.75,1.3500003218651586,0.35849057,0.0754717,0.28301887,0.20408163,1.0500002503395678,0.28571429,0.80357143,3.3750008046628963,4.4041367786076595,-1.0291359739447632,3.676822084761328,sa3031488
Connor Foley,ARI,"A,CPX",22,9.2,13.03447847219057,8.379307589265366,1.55555556,2.793102529755122,0.3255814,0.20930233,0.11627907,0.21212121,1.6551718694845168,0.25,0.46875,10.241375942435448,8.930310052243836,1.3110658901916121,6.376181836572252,sa3031511
Patrick Forbes,ARI,"A+,CPX",21,11.1,14.29412165645197,0.7941178698028872,18.0,0.7941178698028872,0.45,0.025,0.425,0.13157895,0.5294119132019248,0.21052632,0.71428571,2.382353609408662,2.357226031193617,0.025127578215045077,2.1234112698698953,sa3031537
Ryan Forcucci,HOU,A,23,9.2,7.448273412680326,17.689649355115773,0.42105263,0.0,0.14285714,0.33928571,-0.19642857,0.22580645,2.6896542879123397,0.30434783,0.625,11.172410119020489,9.721114134477329,1.45129598454316,10.333385802106879,sa3031539
Logan Forsythe,ATL,A,22,27.0,9.666666666666666,9.333333333333334,1.03571429,0.3333333333333333,0.2248062,0.21705426,0.00775194,0.19191919,1.7407407407407407,0.26086957,0.79831933,3.3333333333333335,5.284334532419841,-1.9510011990865075,5.844093173797484,sa3031560
Peyton Fosher,MIA,A+,23,43.0,10.883720930232558,6.27906976744186,1.73333333,1.255813953488372,0.26,0.15,0.11,0.27108434,1.744186046511628,0.36111111,0.63739377,5.8604651162790695,5.714517418173856,0.14594769810521324,5.218133496129235,sa3031567
Christian Foutch,BOS,A,22,31.2,11.652630409177437,11.936840906962253,0.97619048,0.8526314933544467,0.26451613,0.27096774,-0.00645161,0.22123894,2.1157892612869604,0.31884058,0.58917197,7.389472942405204,6.23872023421314,1.1507527081920639,6.175291569549916,sa3031591
Phil Fox,CHW,"AA,CPX",23,21.1,9.70312199980346,0.8437497391133445,11.5,0.42187486955667225,0.28395062,0.02469136,0.25925926,0.17948718,0.7499997681007506,0.24074074,0.51282051,2.5312492173400334,2.733334220431949,-0.20208500309191546,3.7364334798597403,sa3031609
Rory Fox,NYY,A+,22,57.2,9.520230374178109,2.9653176575308864,3.21052632,1.4046241535672621,0.23828125,0.07421875,0.1640625,0.27118644,1.4393062314331204,0.3313253,0.53221289,5.462427263872685,4.54806904621833,0.914358217654355,4.003841713677379,sa3031610
Hayden Frank,CHC,A,23,43.2,9.274808079982137,5.3587780017674564,1.73076923,0.824427384887301,0.234375,0.13541667,0.09895833,0.2195122,1.4198471628614628,0.27826087,0.70205479,4.122136924436505,4.671102857553614,-0.5489659331171088,4.598477252675284,sa3031647
Tanner Franklin,STL,A+,22,45.1,11.316177740229184,4.566176982899496,2.47826087,1.3897060382737596,0.285,0.115,0.17,0.22988506,1.3897060382737596,0.3,0.6227758,5.36029471905593,5.160310987947737,0.19998373110819312,4.988533459631496,sa3031652
Dominic Fritton,TBR,A,23,55.0,10.8,4.581818181818182,2.35714286,1.1454545454545455,0.2704918,0.1147541,0.15573771,0.28372093,1.6181818181818182,0.38028169,0.6234414,6.218181818181818,4.45403150211681,1.7641503160650078,3.821794531833042,sa3031734
Jacob Frost,LAD,A+,23,41.0,12.512195121951219,6.804878048780488,1.83870968,0.8780487804878049,0.32947977,0.17919075,0.15028902,0.15217391,1.2682926829268293,0.22077922,0.83333333,2.8536585365853657,4.995856045513619,-2.1421975089282537,5.195769693357189,sa3031744
Devin Futrell,BOS,"A,A+",23,50.0,9.18,1.44,6.375,1.62,0.25757576,0.04040404,0.21717172,0.20634921,0.94,0.23255814,0.81920904,3.42,4.438515977859498,-1.018515977859498,4.1067718023061754,sa3031801
Luke Gabrysh,PHI,A+,23,49.2,12.14093835398646,3.986576772950778,3.04545455,1.4496642810730103,0.30454545,0.1,0.20454545,0.23404255,1.328858924316926,0.31858407,0.67901235,4.711408913487284,4.923170829224153,-0.21176191573686953,4.323185486264823,sa3031808
Marty Gair,PHI,A,22,23.1,15.042859192284066,4.628572059164328,3.25,1.542857353054776,0.42857143,0.13186813,0.2967033,0.14102564,0.985714420007218,0.2,0.59782609,4.628572059164328,4.304222019351269,0.32435003981305854,3.015137149725037,sa3031829
Andres Galan,TBR,A+,22,30.0,5.7,3.9,1.46153846,2.1,0.14179104,0.09701493,0.04477612,0.275,1.5333333333333334,0.27659574,0.56451613,6.0,6.760978571573894,-0.7609785715738937,6.7083581194281585,sa3031833
Ryan Gallagher,MIN,"AA,AAA",23,58.2,9.051135578924042,4.602272328266462,1.96666667,1.840908931306585,0.22180451,0.11278195,0.10902256,0.26694915,1.5852271352917815,0.30909091,0.60367454,6.596590337181929,5.765616161103246,0.8309741760786835,5.060526910524735,sa3031857
Patrick Galle,STL,"A,A+",22,26.0,11.76923076923077,7.615384615384615,1.54545455,1.0384615384615385,0.28099174,0.18181818,0.09917355,0.20833333,1.6153846153846154,0.28813559,0.6372549,6.230769230769231,5.647378274722408,0.5833909560468227,5.955714573635172,sa3031862
Alex Galvan,ARI,A,24,15.2,14.361699213535386,7.468083591038401,1.92307692,1.148935937082831,0.32894737,0.17105263,0.15789474,0.22580645,1.7234039056242465,0.34285714,0.51587302,6.893615622496986,5.699936722910468,1.1936788995865184,6.133990735603911,sa3031874
Raul Garayzar,ARI,A,23,39.1,6.63559407839941,4.57627177820649,1.45,1.8305087112825957,0.15934066,0.10989011,0.04945055,0.28125,1.6525425865745655,0.30081301,0.71684588,5.491526133847787,7.398458781156119,-1.9069326473083317,6.880843324196384,sa3031906
Davian Garcia,WSN,AA,22,27.2,7.807228018608091,7.4819268511660875,1.04347826,0.6506023348840075,0.1875,0.1796875,0.0078125,0.22330097,1.6626504113702416,0.27272727,0.64159292,3.9036140093040457,5.478154038157816,-1.5745400288537708,6.165388256050403,sa3031927
Sam Garcia,MIL,AA,24,18.1,12.76363857679169,6.872728464426294,1.85714286,0.4909091760304496,0.30588235,0.16470588,0.14117647,0.22058824,1.5818184560981154,0.34146341,0.62091503,5.890910112365395,4.3137721763169665,1.5771379360484286,4.768111978250914,sa3031950
Joey Gartrell,BOS,"A,A+",22,39.1,8.237286804120531,6.864405670100443,1.2,1.3728811340200886,0.19251337,0.16042781,0.03208556,0.25974026,1.7796607292853002,0.30357143,0.69659443,5.7203380584170365,6.273105797183165,-0.5527677387661285,6.192598138262337,sa3032013
Will Gervase,LAA,A,24,12.1,13.864868438532143,21.162167616706956,0.65517241,0.0,0.2375,0.3625,-0.125,0.20833333,3.162162977209085,0.34482759,0.57142857,10.216218849444736,9.253704700651404,0.962514148793332,9.519652181999463,sa3032155
Blake Gillespie,NYY,"A,CPX",22,41.0,9.658536585365853,2.6341463414634148,3.66666667,1.0975609756097562,0.26190476,0.07142857,0.19047619,0.22435897,1.146341463414634,0.28037383,0.6,3.292682926829268,4.300199165807636,-1.007516238978368,4.1112875431903335,sa3032227
Cole Gilley,PHI,A,24,27.2,7.156625683724084,3.9036140093040457,1.83333333,0.6506023348840075,0.19298246,0.10526316,0.0877193,0.22772277,1.2650600956077926,0.27272727,0.69277108,3.578312841862042,4.506115143668387,-0.927802301806345,5.320819192928423,sa3032230
Austin Gordon,LAA,AA,23,64.1,8.11399027880656,3.0777204505817988,2.63636364,1.6787566094082538,0.21323529,0.08088235,0.13235294,0.24279835,1.2590674570561904,0.2716763,0.73033708,5.0362698282247615,5.633320028599036,-0.5970502003742748,5.335879904718364,sa3032478
R.J. Gordon,NYM,"A,AA",24,28.2,8.790696626485905,4.395348313242953,2.0,1.569767254729626,0.20588235,0.10294118,0.10294118,0.32231405,1.8488369889037817,0.38636364,0.44680851,8.47674317553998,5.469822358868952,3.0069208166710277,5.449089550489742,sa3032485
Gunner Gouldsmith,OAK,A+,24,1.0,0.0,0.0,0.0,0.0,0.0,0.0,0.0,0.6,3.0,0.6,1.0,0.0,3.9470755577087404,-3.9470755577087404,3.9470755577087404,sa3032524
Ben Grable,NYY,"A+,AA",24,25.1,14.565785818153728,2.842104549883654,5.125,0.35526306873545677,0.41,0.08,0.33,0.13333333,0.7894734860787929,0.22916667,0.67961165,2.842104549883654,2.0326481381852046,0.8094564116984495,3.299537754714866,sa3032539
Payton Graham,STL,"A,CPX",22,29.0,12.10344827586207,3.103448275862069,3.9,1.2413793103448276,0.3362069,0.0862069,0.25,0.18867925,1.0344827586206897,0.25396825,0.6557377,4.0344827586206895,4.012351274164062,0.022131484456627604,4.032362921929041,sa3032565
Evan Gray,SFG,A,25,18.1,10.800001872669892,3.9272734082435967,2.75,0.4909091760304496,0.27160494,0.09876543,0.17283951,0.25714286,1.4181820640879657,0.36170213,0.6884058,4.909091760304496,4.660091713834404,0.24900004647009233,5.20337144285907,sa3032609
Grayson Grinsell,DET,A,22,39.2,10.890754906052674,4.537814544188614,2.4,0.9075629088377228,0.27272727,0.11363636,0.15909091,0.23870968,1.4369746056597277,0.32038835,0.61068702,5.2184867258169065,4.22607062152362,0.9924161042932864,4.454641291719062,sa3032742
David Hagaman,ARI,A+,23,35.0,11.314285714285715,6.171428571428572,1.83333333,1.2857142857142858,0.26506024,0.14457831,0.12048193,0.26428571,1.7428571428571429,0.35164835,0.73214286,4.371428571428571,5.222846017565046,-0.851417446136475,5.102936091167586,sa3032946
Blake Hammond,OAK,A,22,18.2,12.053569375860798,5.785713300413183,2.08333333,2.4107138751721595,0.27472527,0.13186813,0.14285714,0.29487179,1.8749996806894573,0.375,0.55172414,9.642855500688638,7.443857436034229,2.1989980646544094,5.9824402589560455,sa3033097
Tyler Hampu,COL,"A+,CPX",23,15.1,10.565219663830508,10.565219663830508,1.0,1.1739132959811676,0.2278481,0.2278481,0.0,0.27118644,2.2173917812977613,0.35897436,0.54216867,9.978263015839925,7.013700588554642,2.9645624272852826,6.7600203579281555,sa3033115
Ben Hansen,BOS,A+,24,37.1,11.571430147910819,2.8928575369777048,4.0,1.2053573070740438,0.29268293,0.07317073,0.2195122,0.25,1.3125001788139588,0.33684211,0.60869565,5.303572151125792,4.049669109801865,1.2539030413239267,3.5826485261662597,sa3033152
Zach Harris,COL,A,22,13.0,9.0,7.615384615384615,1.18181818,0.0,0.203125,0.171875,0.03125,0.28301887,2.0,0.375,0.65384615,5.538461538461538,5.089462324289175,0.4489992141723631,6.09869866004357,sa3033317
Jacob Hartlaub,TBR,A,23,20.0,10.8,3.6,3.0,1.8,0.26666667,0.08888889,0.17777778,0.26829268,1.5,0.33333333,0.6147541,6.3,5.0176678657531735,1.2823321342468263,4.415204838290811,sa3033345
Aidan Haugh,TBR,A,23,60.2,9.197801426663123,1.4835163591392133,6.2,1.6318679950531345,0.23048327,0.03717472,0.19330855,0.3229572,1.5329669044438536,0.39130435,0.64070352,6.082417072470774,4.524261196338249,1.558155876132525,3.776855156283475,sa3033399
Sawyer Hawks,ARI,A+,23,29.2,14.561796192448199,4.8539320641494,3.0,2.123595278065362,0.36090226,0.12030075,0.2406015,0.2173913,1.382022323820315,0.3,0.87349398,4.247190556130724,5.303102662409534,-1.05591210627881,3.850479699554095,sa3033436
Andrew Healy,MIL,A,22,35.0,9.257142857142858,5.6571428571428575,1.63636364,0.7714285714285715,0.22641509,0.13836478,0.08805032,0.27941176,1.7142857142857142,0.36082474,0.70422535,5.142857142857143,4.6462392943246025,0.49661784853254076,4.462023704818317,sa3033483
Curtis Hebert,HOU,"A,CPX",22,3.1,5.399989024423019,13.499972561057549,0.4,0.0,0.0952381,0.23809524,-0.14285714,0.35714286,2.999993902457233,0.41666667,0.5,10.799978048846038,8.819944718218046,1.9800333306279914,9.707737123780387,sa3033501
Justin Henschel,CIN,A,22,26.0,6.923076923076923,7.615384615384615,0.90909091,1.7307692307692308,0.15873016,0.17460317,-0.01587302,0.28846154,2.0,0.3164557,0.57777778,7.269230769230769,7.247079086303711,0.022151682927058047,6.192443293333054,sa3033637
Griffin Herring,COL,"AA,CPX",23,21.1,12.234376823064212,7.171876068692813,1.70588235,1.2656251885928496,0.30526316,0.17894737,0.12631579,0.19230769,1.5000002235174512,0.26086957,0.53956835,6.328125942964247,5.533183105392977,0.7949428375712699,4.967147620902361,sa3033707
Ben Hess,NYY,AA,23,21.2,12.461536633192702,6.646152871036108,1.875,1.661538217759027,0.28037383,0.14953271,0.13084112,0.25842697,1.7999997359056126,0.34545455,0.6779661,4.984614653277081,5.685568219246995,-0.7009535659699138,5.103420470954255,sa3033725
Mac Heuer,NYY,A,21,21.0,11.571428571428571,6.0,1.92857143,1.2857142857142858,0.29032258,0.15053763,0.13978495,0.20253165,1.4285714285714286,0.26530612,0.81395349,3.4285714285714284,5.032793372017997,-1.6042219434465683,3.9958373466417907,sa3033740
Thomas Higgins,SEA,A,23,23.0,9.391304347826088,3.130434782608696,3.0,0.782608695652174,0.23076923,0.07692308,0.15384615,0.28125,1.5217391304347827,0.35714286,0.71428571,4.304347826086956,4.637957307566768,-0.3336094814798116,5.0049220883327985,sa3033794
Camron Hill,PHI,"A,A+",23,22.2,12.705885916846196,6.352942958423098,2.0,1.191176804704331,0.32653061,0.16326531,0.16326531,0.12987013,1.1470591452708372,0.16666667,0.63432836,4.764707218817324,5.320207632152371,-0.5555004133350474,5.2189385422343495,sa3033811
Casey Hintz,SEA,A+,22,30.0,11.1,3.0,3.7,0.9,0.28461538,0.07692308,0.20769231,0.23076923,1.2333333333333334,0.31168831,0.72625698,3.3,3.784750779469808,-0.48475077946980827,3.6516799703240395,sa3033864
Jamie Hitt,SDP,"A,A+",23,51.2,8.187095968224707,4.006451218492942,2.04347826,0.6967741249552942,0.19665272,0.09623431,0.10041841,0.26540284,1.5290321075407844,0.325,0.5994898,5.051612405925883,4.783356451954416,0.26825595397146706,5.387474190999597,sa3033882
Brian Holiday,STL,"A,CPX",23,26.2,8.437498994171738,1.6874997988343479,5.0,2.0249997586012176,0.25,0.05,0.2,0.22105263,0.9749998837709566,0.234375,0.73863636,4.387499476969304,5.498062381868367,-1.110562904899063,4.016363937249897,sa3033970
John Holobetz,BOS,AA,23,55.2,9.862274547985827,3.2335326386838776,3.05,1.6167663193419388,0.25416667,0.08333333,0.17083333,0.25114155,1.3473052661182823,0.30405405,0.64516129,5.01197558996001,4.837940592924657,0.17403499703535363,4.389403960201711,sa3034016
Garrett Horn,MIN,"A+,CPX",23,16.2,10.259998043060676,5.399998970031935,1.9,1.079999794006387,0.28358209,0.14925373,0.13432836,0.14285714,1.079999794006387,0.17142857,0.86419753,2.6999994850159674,5.2726049755994,-2.5726054905834324,4.9268517002294265,sa3034093
Matthew Hoskins,TBR,CPX,22,9.1,6.750002299037082,10.607146469915413,0.63636364,0.0,0.14893617,0.23404255,-0.08510638,0.16666667,1.7142862981681477,0.2173913,0.77272727,4.821430213597916,8.093389485320726,-3.2719592717228103,8.86179820571909,sa3034127
Dylan Howard,HOU,A+,23,50.2,6.57236776127386,4.796052150118762,1.37037037,3.197368100079175,0.14979757,0.10931174,0.04048583,0.3255814,1.914473492022716,0.325,0.625,8.348683372428956,8.64694297663728,-0.2982596042083241,6.7697432251900365,sa3034164
Levi Huesman,WSN,A,22,28.0,9.321428571428571,4.821428571428571,1.93333333,0.9642857142857143,0.24576271,0.12711864,0.11864407,0.24509804,1.4285714285714286,0.31428571,0.67934783,4.821428571428571,4.65338215146746,0.16804641996111158,4.423112664584603,sa3034240
Riley Huge,OAK,A+,24,20.0,12.6,11.25,1.12,1.35,0.25225225,0.22522523,0.02702703,0.25925926,2.3,0.36,0.53418803,9.9,7.59707555770874,2.3029244422912605,7.417559662461281,sa3034253
Gus Hughes,WSN,A,24,19.0,9.473684210526315,3.3157894736842106,2.85714286,0.47368421052631576,0.2247191,0.07865169,0.14606742,0.31707317,1.736842105263158,0.40983607,0.60126582,6.631578947368421,3.301878392068963,3.3297005552994583,4.330954937715279,sa3034262
Nolan Hughes,WSN,A,24,7.0,21.857142857142858,12.857142857142858,1.7,0.0,0.5,0.29411765,0.20588235,0.08695652,1.7142857142857142,0.33333333,0.69230769,2.5714285714285716,3.474810722896031,-0.9033821514674596,4.108949444336551,sa3034269
Thatcher Hurd,NYY,"A,CPX",23,25.2,10.870132562744478,5.259741562618296,2.06666667,1.4025977500315456,0.28181818,0.13636364,0.14545455,0.20212766,1.3246756528075707,0.25423729,0.57823129,4.909092125110409,5.396284556251081,-0.4871924311406719,4.600214801751712,sa3034340
Luke Jackson,TBR,"A,CPX",22,6.1,14.210533448537248,7.105266724268624,2.0,1.4210533448537248,0.33333333,0.16666667,0.16666667,0.24,1.7368429770434415,0.35714286,0.83333333,4.263160034561174,4.961579259526802,-0.6984192249656278,4.310727685500356,sa3034507
Ben Jacobs,DET,"A,A+",22,46.2,13.499999080385543,4.4357139835552495,3.04347826,0.5785713891593804,0.37837838,0.12432432,0.25405405,0.1552795,1.0285713585055651,0.25,0.75892857,2.6999998160771086,3.254219708637468,-0.5542198925603592,3.9505392056262414,sa3034527
Fisher Jameson,COL,"A+,AA,AAA",23,52.0,6.92307717701388,3.288461659081593,2.10526316,1.73076929425347,0.18348624,0.08715596,0.09633028,0.25888325,1.3461538955304768,0.27891156,0.82758621,3.9807693767829813,5.869838252642135,-1.889068875859154,5.023651006305758,sa3034551
Camden Janik,PIT,A+,23,1.0,0.0,0.0,0.0,0.0,0.0,0.0,0.0,0.4,2.0,0.4,1.0,0.0,3.5943119049072267,-3.5943119049072267,9.302059975266456,sa3034572
Antoine Jean,COL,A+,24,1.1,6.750016696792419,0.0,1.0,0.0,0.16666667,0.0,0.16666667,0.33333333,1.5000037103983153,0.4,1.0,0.0,2.1514137357381595,-2.1514137357381595,4.915200234769925,sa3034614
Eli Jerzembeck,CHC,"A,A+",23,26.2,11.474998632073566,5.737499316036783,2.0,1.0124998793006088,0.27419355,0.13709677,0.13709677,0.22330097,1.499999821186087,0.3030303,0.77889447,3.7124995574355655,5.049136388056179,-1.3366368306206136,5.038293878197721,sa3034672
Aiden Jimenez,KCR,A+,22,44.0,5.931818181818182,2.8636363636363638,2.07142857,1.4318181818181819,0.14948454,0.07216495,0.07731959,0.29142857,1.4772727272727273,0.31654676,0.66445183,5.7272727272727275,5.992530103163286,-0.26525737589055876,5.574117564409971,sa3034689
Ben Johnson,CHC,"A,A+,AA",24,36.0,8.75,4.75,1.84210526,1.0,0.22435897,0.12179487,0.1025641,0.22794118,1.3888888888888888,0.27835052,0.68281938,4.5,4.991411280632019,-0.4914112806320192,4.8930530058840915,sa3034710
Lebarron Johnson Jr.,COL,A+,24,29.1,8.28409180685518,2.454545720549683,3.375,1.8409092904122624,0.2231405,0.0661157,0.15702479,0.28318584,1.3636365114164906,0.325,0.75949367,4.602273226030656,5.2877812598362635,-0.6855080338056077,4.827151396035763,sa3034782
Luke Johnson,WSN,A,24,48.1,8.379311226607879,3.910345239083677,2.14285714,0.5586207484405253,0.20833333,0.09722222,0.11111111,0.29896907,1.6344829306222777,0.37671233,0.67282322,3.7241383229368354,3.9280127259979105,-0.20387440306107507,4.223205569496506,sa3034784
Brayden Jones,TBR,CPX,24,1.0,9.0,9.0,1.0,0.0,0.25,0.25,0.0,0.33333333,2.0,0.5,0.5,0.0,5.129102420806885,-5.129102420806885,6.563464877009392,sa3034850
Eli Jones,MIN,"A+,AA",23,55.1,8.945783954830304,1.7891567909660606,5.0,0.6506024694422039,0.23012552,0.0460251,0.18410042,0.2699115,1.3012049388844078,0.34131737,0.58479532,4.3915666687348764,3.524507444674194,0.8670592240606823,3.984614567426309,sa3034868
Merit Jones,MIN,A,22,61.1,9.538044269233726,3.0815219946755112,3.0952381,1.4673914260359577,0.24253731,0.07835821,0.16417911,0.275,1.4184783785014259,0.33939394,0.7375,4.548913420711469,5.116644417270605,-0.5677309965591357,4.45226240213213,sa3034898
Tanner Jones,KCR,A+,23,47.2,5.8531462285879465,2.8321675299619096,2.06666667,1.321678180648891,0.14903846,0.07211538,0.07692308,0.27513228,1.4055942556107255,0.29801325,0.57189542,5.8531462285879465,5.751271169388179,0.10187505919976747,5.996475578377128,sa3034912
Landry Jurecka,SDP,"A,CPX",23,18.1,12.272729400761241,3.436364232213147,3.57142857,1.4727275280913488,0.29761905,0.08333333,0.21428571,0.26315789,1.4727275280913488,0.35416667,0.50420168,7.854546816487193,5.463728750875293,2.3908180656119002,3.994823910579573,sa3035000
Janzen Keisel,TBR,CPX,23,9.0,8.0,16.0,0.5,1.0,0.15686275,0.31372549,-0.15686275,0.29032258,2.7777777777777777,0.36363636,0.57971014,13.0,10.462435754140218,2.537564245859782,10.45235376589828,sa3035165
Nelson Keljo,CLE,A,22,40.2,12.393441072877843,3.9836060591393068,3.11111111,1.9918030295696534,0.33136095,0.10650888,0.22485207,0.23178808,1.3032785255208843,0.30232558,0.76732673,4.204917506869268,5.068487356427367,-0.8635698495580986,3.7923787144236996,sa3035174
Riley Kelly,COL,A,22,41.1,11.322582038458798,5.008065132395237,2.26086957,1.0887098113902691,0.29545455,0.13068182,0.16477273,0.20529801,1.3064517736683228,0.27659574,0.6122449,5.008065132395237,5.421968634939852,-0.41390350254461516,5.555526448814412,sa3035229
Jackson Kent,WSN,"AA,AAA",23,58.0,10.862068965517242,2.4827586206896552,4.375,1.2413793103448276,0.3030303,0.06926407,0.23376623,0.20093458,1.0172413793103448,0.25735294,0.69672131,3.7241379310344827,3.8163146035523514,-0.09217667251786876,3.54127314821361,sa3035282
Cameron Keshock,PIT,A+,22,52.1,9.458599645393482,6.019108865250399,1.57142857,1.7197453900715423,0.23305085,0.14830508,0.08474576,0.24873096,1.6050956974001063,0.29545455,0.72972973,5.331210709221781,6.212146554238352,-0.8809358450165705,5.327693698188203,sa3035309
Matt King,PIT,"A+,AA",23,1.2,0.0,21.600085873945226,0.0,0.0,0.0,0.36363636,-0.36363636,0.16666667,3.000011926936837,0.16666667,0.83333333,5.400021468486306,12.58798366450586,-7.187962196019553,18.279541803646936,sa3035409
Brady Kirtner,NYY,A+,24,22.0,11.454545454545455,5.7272727272727275,2.0,1.2272727272727273,0.26923077,0.13461538,0.13461539,0.20454545,1.4545454545454546,0.26315789,0.5704698,5.318181818181818,5.003402813998136,0.31477900418368243,4.960296168652448,sa3035459
Jacob Kisting,TBR,A+,23,47.1,11.028170199130443,1.90140865502249,5.8,0.380281731004498,0.30366492,0.05235602,0.2513089,0.19553073,0.950704327511245,0.27731092,0.7918552,1.90140865502249,2.453466711893733,-0.552058056871243,4.0345277812889195,sa3035468
Jacob Kmatz,TBR,"A+,AA",23,35.0,13.628571428571428,1.542857142857143,8.83333333,1.542857142857143,0.39552239,0.04477612,0.35074627,0.1796875,0.8285714285714286,0.24637681,0.82524272,2.5714285714285716,3.320962330492538,-0.7495337590639664,2.9806742521333427,sa3035522
Jake Knapp,CHC,AA,25,26.1,9.569621408392678,5.4683550905101015,1.75,1.025316579470644,0.24561404,0.14035088,0.10526316,0.19791667,1.329114084498983,0.24615385,0.67073171,4.4430385110394575,5.064290069032435,-0.6212515579929772,4.933249647589942,sa3035531
Grant Knipp,SEA,"A,CPX",24,7.1,13.500005852094933,4.90909303712543,2.75,1.2272732592813576,0.34375,0.125,0.21875,0.25,1.5000006502327703,0.375,0.72916667,4.90909303712543,5.19039549078826,-0.28130245366283013,4.2508551609378555,sa3035555
Nate Knowles,TBR,A,22,3.2,7.363629500734405,2.4545431669114683,3.0,0.0,0.15789474,0.05263158,0.10526316,0.35294118,1.9090891298200308,0.42857143,0.5,9.818172667645873,3.617667865753174,6.200504801892699,5.6353800989199545,sa3035566
Connor Knox,CHC,A,22,7.2,10.565213010533785,8.217387897081833,1.28571429,1.173912556725976,0.23684211,0.18421053,0.05263158,0.25806452,1.9565209278766267,0.33333333,0.58823529,7.043475340355856,5.704623522154909,1.338851818200947,5.166964019025449,sa3035569
Will Koger,SDP,A,23,25.1,12.078948884129384,5.684211239590298,2.125,0.7105264049487873,0.28099174,0.1322314,0.14876033,0.2745098,1.7368423232081467,0.39393939,0.70135747,4.973684834641511,5.1431061232849595,-0.16942128864344852,5.7352203873232295,sa3035600
Pico Kohn,NYY,A+,23,5.2,12.705875225137136,3.176468806284284,4.0,1.588234403142142,0.34782609,0.08695652,0.26086957,0.14285714,0.8823524461900788,0.16666667,1.0,1.588234403142142,4.123723372621274,-2.5354889694791325,3.5083555032331253,sa3035607
Xavier Kolhosser,MIN,"A,A+",22,33.0,15.0,5.454545454545454,2.75,1.0909090909090908,0.36666667,0.13333333,0.23333333,0.2519685,1.5757575757575757,0.41176471,0.60728745,6.2727272727272725,4.159198908372359,2.113528364354914,3.77803300858447,sa3035617
Justin Lamkin,KCR,"A+,AA",22,39.2,12.025212011451403,3.1764710973645216,3.78571429,0.9075631706755776,0.34868421,0.09210526,0.25657895,0.16788321,0.9327732587498991,0.2375,0.89506173,2.0420171340200497,3.6367162016396795,-1.5946990676196298,3.736239599242378,sa3035887
L.P. Langevin,KCR,A+,22,28.0,17.035714285714285,6.75,2.52380952,0.6428571428571429,0.45299145,0.17948718,0.27350427,0.08602151,1.0357142857142858,0.15789474,0.71917808,2.5714285714285716,3.661361271994455,-1.0899327005658832,3.9341897716479646,sa3035936
Garrett Langrell,SFG,A,25,30.0,10.5,2.4,4.375,0.3,0.26119403,0.05970149,0.20149254,0.27642276,1.4,0.37931034,0.52752294,4.2,3.751000785827637,0.4489992141723631,3.97367107073466,sa3035946
Cam Leiter,LAD,A,22,27.2,14.963853702332175,4.2289151767460496,3.53846154,0.0,0.39316239,0.11111111,0.28205128,0.21359223,1.2650600956077926,0.38596491,0.69444444,2.60240933953603,2.7437720778165047,-0.14136273828047452,3.336546363538078,sa3036203
Caleb Leys,DET,A,22,41.1,8.274194566566045,4.790323170117184,1.72727273,1.0887098113902691,0.19791667,0.11458333,0.08333333,0.26470588,1.6209679414032894,0.31496063,0.61666667,5.008065132395237,5.077724411336263,-0.06965927894102553,4.679502135383171,sa3036316
Karson Ligon,TOR,A,23,12.0,12.75,6.0,2.125,0.75,0.31481481,0.14814815,0.16666667,0.23255814,1.5,0.36,0.66326531,4.5,4.747079086303712,-0.247079086303712,5.621009783322613,sa3036337
Christian Little,SEA,A+,22,27.1,10.865854922254483,3.951219971728903,2.75,0.9878049929322258,0.31730769,0.11538462,0.20192308,0.10989011,0.804878142389221,0.12727273,0.90425532,1.6463416548870429,4.090441887439686,-2.4441002325526435,4.214025614950212,sa3036393
Jordan Little,CIN,A,23,11.1,11.911768047043308,6.352942958423098,1.875,1.5882357396057745,0.28846154,0.15384615,0.13461539,0.23255814,1.5882357396057745,0.30769231,0.55555556,6.352942958423098,5.776491420244422,0.5764515381786754,5.140291361622888,sa3036399
Michael Lombardi,KCR,A,22,51.0,14.294117647058824,5.647058823529412,2.53125,0.7058823529411765,0.375,0.14814815,0.22685185,0.19337017,1.3137254901960784,0.32291667,0.79192547,2.6470588235294117,3.5196286500668994,-0.8725698265374877,3.602510348780483,sa3036476
Carter Lovasz,ATL,A,23,26.2,12.149998551607304,3.7124995574355655,3.27272727,0.6749999195337392,0.33333333,0.10185185,0.23148148,0.15957447,0.9749998837709566,0.23214286,0.80152672,2.6999996781349567,3.467667883634565,-0.7676682054996085,3.3249749725355677,sa3036586
Logan Lunceford,LAD,A,22,4.0,6.75,9.0,0.75,2.25,0.16666667,0.22222222,-0.05555556,0.28571429,2.0,0.3,0.90909091,4.5,9.301000785827636,-4.801000785827636,8.511014354228973,sa3036695
Wyatt Lunsford-Shenkman,SEA,A+,23,28.0,8.678571428571429,6.75,1.28571429,1.2857142857142858,0.21428571,0.16666667,0.04761905,0.21359223,1.5357142857142858,0.25,0.83756345,3.2142857142857144,6.044274588993618,-2.8299888747079036,5.898042951524258,sa3036703
Isaac Lyon,WSN,"A,A+,AA",22,50.1,8.761589957331346,3.2185432496319226,2.72222222,0.7152318332515384,0.23444976,0.0861244,0.14832536,0.21925134,1.172185504495577,0.2761194,0.71428571,3.7549671245705767,3.981466919043523,-0.2264997944729461,4.4133096277080766,sa3036750
Danny Macchiarola,SEA,A,21,29.1,9.511364667130023,4.909091441099366,1.9375,0.9204546452061312,0.2012987,0.1038961,0.0974026,0.35294118,2.181818418266385,0.44117647,0.53398058,7.977273591786471,5.607819082175418,2.369454509611053,5.7319180224068855,sa3036776
Riley Maddox,WSN,A+,23,68.1,8.692683573852806,3.556097825667057,2.44444444,0.39512198062967296,0.2260274,0.09246575,0.13356164,0.2248062,1.2439025316119334,0.29100529,0.63781321,4.346341786926403,3.7260192317837846,0.6203225551426184,4.3803652077854105,sa3036829
Ryan Magdic,OAK,"A+,AA",26,40.2,9.073772335975528,1.5491806427275292,5.85714286,0.663934561168941,0.26282051,0.04487179,0.21794872,0.24324324,1.057377264083869,0.31730769,0.72864322,3.0983612854550584,3.448732691627921,-0.35037140617286244,4.0265603610033285,sa3036846
Lucas Mahlstedt,LAA,"A+,AA",23,26.0,11.769230661307567,3.4615384297963434,3.4,1.038461528938903,0.30088496,0.08849558,0.21238938,0.25490196,1.3846153719185372,0.35384615,0.57926829,6.230769173633418,3.812271819986045,2.4184973536473735,3.8921498440104765,sa3036871
Aidan Major,CLE,A,23,29.0,8.068965517241379,4.9655172413793105,1.625,0.6206896551724138,0.21666667,0.13333333,0.08333333,0.22330097,1.3448275862068966,0.28,0.80645161,3.103448275862069,4.479736831270415,-1.3762885554083462,4.807728845086591,sa3036887
Easton Marks,COL,A,22,31.0,8.709677419354838,6.096774193548387,1.42857143,0.8709677419354839,0.21126761,0.14788732,0.06338028,0.22881356,1.5483870967741935,0.28235294,0.64102564,4.064516129032258,6.196162076150218,-2.13164594711796,6.154878464821847,sa3037064
Jack Martinez,STL,A,23,50.1,12.33774959111999,5.006623022483474,2.46428571,0.715231860354782,0.32093023,0.13023256,0.19069767,0.17679558,1.1920531005913033,0.25925926,0.66225166,3.933775231951301,4.0649599131280585,-0.1311846811767574,4.680615502896026,sa3037172
Max Martin,KCR,"A,A+",22,30.2,7.630433991635987,3.2282605349229176,2.36363636,0.29347823044753796,0.21138211,0.08943089,0.12195122,0.20720721,1.1086955372462546,0.26190476,0.74404762,2.6413040740278415,3.6236768456540642,-0.9823727716262227,4.307842043140895,sa3037193
Sean Matson,CLE,"A+,AA,AAA",24,30.0,10.5,3.0,3.5,1.2,0.27777778,0.07936508,0.1984127,0.25862069,1.3333333333333333,0.33766234,0.69767442,4.5,4.0472760502056495,0.4527239497943505,3.8592594974792216,sa3037314
Aiden May,MIA,A+,23,36.2,8.099998876398416,3.681817671090189,2.2,0.7363635342180378,0.20625,0.09375,0.1125,0.23741007,1.3090907274987338,0.29126214,0.68273092,4.172726693902214,4.92889360333279,-0.7561669094305765,5.265549166755653,sa3037366
Jacob Mayers,BOS,A,22,36.0,13.0,7.25,1.79310345,0.25,0.34437086,0.19205298,0.15231788,0.15,1.3055555555555556,0.25373134,0.79831933,2.5,3.67322342130873,-1.1732234213087298,3.9697376509507505,sa3037376
Niko Mazza,SFG,A+,24,54.0,11.5,6.166666666666667,1.86486486,0.6666666666666666,0.30131004,0.16157205,0.13973799,0.17894737,1.3148148148148149,0.25641026,0.78635015,3.0,4.225491520210549,-1.2254915202105492,4.661478756809676,sa3037404
Will McCausland,CLE,A,22,50.2,10.302630544699564,3.5526312223101946,2.9,0.8881578055775486,0.26728111,0.0921659,0.17511521,0.24615385,1.3421051284282957,0.32575758,0.66666667,4.973683711234273,3.913720467612357,1.0599632436219157,4.295439836232041,sa3037464
Kyle McCoy,CIN,"A,A+",22,46.0,8.804347826086957,3.717391304347826,2.36842105,0.391304347826087,0.23195876,0.09793814,0.13402062,0.22543353,1.2608695652173914,0.29365079,0.68181818,3.130434782608696,3.8224396781647396,-0.6920048955560438,4.383633461648815,sa3037510
Jake McCutcheon,MIA,A,22,1.1,0.0,6.750016696792419,0.0,0.0,0.0,0.16666667,-0.16666667,0.2,1.5000037103983153,0.2,1.0,0.0,5.997084651901185,-5.997084651901185,7.17144597500419,sa3037531
Cooper McGrath,SFG,A,25,27.2,8.783131520934102,6.506023348840076,1.35,0.9759035023260114,0.21259843,0.15748031,0.05511811,0.24271845,1.626505837210019,0.30136986,0.60267857,7.156625683724084,6.611241512960328,0.5453841707637554,7.0984808350206805,sa3037613
Logan McGuire,CLE,A+,23,28.1,8.89411864495206,5.4000006058637515,1.64705882,1.588235472312868,0.21374046,0.12977099,0.08396947,0.25225225,1.588235472312868,0.29487179,0.65853659,6.352941889251472,6.3823699485884715,-0.029428059336999546,5.900394801729623,sa3037620
Tyler McLoughlin,NYM,A,23,20.2,12.193546511504495,9.14515988362837,1.33333333,1.3064514119469102,0.25454545,0.19090909,0.06363636,0.29545455,2.274193198574251,0.40350877,0.61643836,9.14515988362837,6.118046463540695,3.027113420087675,5.897781026495743,sa3037700
Matt McShane,BOS,A+,23,23.0,9.391304347826088,2.347826086956522,4.0,3.5217391304347827,0.24742268,0.06185567,0.18556701,0.20454545,1.0434782608695652,0.16363636,0.625,5.478260869565218,7.7682249483854875,-2.2899640788202698,5.576502955089445,sa3037749
JB Middleton,COL,A,22,20.0,8.1,5.85,1.38461538,1.35,0.19354839,0.13978495,0.05376344,0.27272727,1.7,0.32142857,0.79268293,4.95,7.101000785827637,-2.1510007858276365,6.135006213188172,sa3037985
Ryan Minckler,WSN,A,23,31.2,9.378946426898914,8.810525431329282,1.06451613,0.5684209955696311,0.22758621,0.2137931,0.0137931,0.17117117,1.578947209915642,0.22368421,0.67729084,5.11578896012668,5.5755624060485705,-0.45977344592189073,5.689029984149219,sa3038123
Justin Mitrovich,MIN,A,22,29.1,11.352273957542284,3.6818185808245247,3.08333333,0.0,0.31355932,0.10169492,0.21186441,0.18095238,1.0568182963477804,0.27941176,0.75,2.147727505480973,2.553897138814282,-0.40616963333330913,3.4613560148662526,sa3038180
Tayler Montiel,ARI,"A,A+",23,34.2,11.942306597204704,4.673076494558362,2.55555556,0.5192307216175959,0.30463576,0.1192053,0.18543046,0.22307692,1.3557691064459447,0.32926829,0.65677966,4.413461133749564,4.360664264086258,0.052796869663306545,4.568506621110363,sa3038267
Ben Moore,WSN,A,22,1.1,0.0,13.500033393584838,0.0,0.0,0.0,0.25,-0.25,0.2,2.250005565597473,0.2,0.25,20.250050090377258,10.367684562545593,9.882365527831665,12.587175577704315,sa3038278
Blake Morgan,TBR,"A,CPX",23,45.2,10.051096289849983,1.3795622358617623,7.28571429,0.5912409582264696,0.29479769,0.04046243,0.25433526,0.1746988,0.7883212776352928,0.23214286,0.81761006,1.970803194088232,2.9368780384610718,-0.9660748443728397,3.4218952089866677,sa3038359
Reed Moring,MIN,A,21,37.1,8.919644072347923,2.8928575369777048,3.08333333,0.48214292282961746,0.23717949,0.07692308,0.16025641,0.25352113,1.28571446087898,0.33009709,0.69915254,2.4107146141480875,3.586364778693839,-1.1756501645457513,4.399825712933677,sa3038379
Jack Moroknek,WSN,A,23,1.2,5.399989314100431,10.799978628200861,0.5,0.0,0.11111111,0.22222222,-0.11111111,0.28571429,2.3999952507113025,0.33333333,0.75,5.399989314100431,6.017663116464476,-0.6176738023640453,8.681040476025899,sa3038388
Jacob Morrison,MIL,A,22,15.1,9.391306294836436,5.282609790845496,1.77777778,0.5869566434272773,0.25,0.140625,0.109375,0.16363636,1.1739132868545545,0.21052632,0.60240964,3.521739860563664,4.1394071043551985,-0.6176672437915345,5.0285698735122075,sa3038406
Mason Morris,CIN,A,22,51.2,9.406450686896472,6.096773593358824,1.54285714,1.7419353123882355,0.2195122,0.14227642,0.07723577,0.27619048,1.7999998228011767,0.32876712,0.725,5.748386530881177,6.263207870864496,-0.5148213399833184,5.262380121920545,sa3038414
Brandon Neely,BOS,"A,A+",22,18.0,13.5,5.0,2.7,1.0,0.30681818,0.11363636,0.19318182,0.29487179,1.8333333333333333,0.42857143,0.36423841,10.0,3.7114782692513573,6.288521730748643,3.7585359169233215,sa3038722
Austin Newton,COL,A,22,66.0,6.681818181818182,3.409090909090909,1.96,1.6363636363636365,0.1638796,0.08361204,0.08026756,0.29323308,1.5606060606060606,0.32195122,0.64755839,5.590909090909091,6.929788664615516,-1.338879573706425,5.907977883743517,sa3038826
Mason Nichols,TBR,A,23,32.1,11.412372929267951,5.288660625758319,2.15789474,0.5567011185008757,0.30597015,0.14179104,0.16417911,0.2,1.298969276502043,0.29166667,0.71428571,3.340206711005254,3.6485957056698894,-0.30838899466463543,4.3088749188424424,sa3038845
Dominic Niman,TBR,"A,A+,AAA",25,45.0,8.8,1.8,4.88888889,0.2,0.24309392,0.04972376,0.19337017,0.19883041,0.9555555555555556,0.26190476,0.75117371,2.4,2.6001258320278593,-0.20012583202785938,4.1003467155827416,sa3038884
Tucker Novotny,OAK,A+,23,27.0,9.333333333333334,7.0,1.33333333,0.3333333333333333,0.22047244,0.16535433,0.05511811,0.24038462,1.7037037037037037,0.32,0.57939914,6.333333333333333,4.910038520671703,1.4232948126616298,6.067894173220353,sa3038957
Kellan Oakes,HOU,"A,A+",22,38.0,10.89473732059354,3.078947503646001,3.53846154,0.7105263469952309,0.2875,0.08125,0.20625,0.24827586,1.2894737408431969,0.34375,0.64102564,4.73684231330154,3.4055025237489613,1.3313397895525783,3.7865472320107205,sa3038982
Cade Obermueller,PHI,A,22,12.0,15.0,4.5,3.33333333,0.0,0.35714286,0.10714286,0.25,0.28,1.6666666666666667,0.46666667,0.75,3.75,1.9137457529703783,1.8362542470296217,2.8271356338014213,sa3038991
Jack O'Connor,LAD,CPX,22,5.1,10.12500603497388,13.50000804663184,0.75,1.68750100582898,0.19354839,0.25806452,-0.06451613,0.30434783,2.8125016763816335,0.375,0.36764706,16.875010058289803,9.505170945824858,7.369839112464945,8.743932312921679,sa3039026
Bryant Olson,WSN,A,23,11.1,16.67647526586063,7.941178698028873,2.1,0.7941178698028872,0.42857143,0.20408163,0.2244898,0.07692308,1.1470591452708372,0.11764706,0.86206897,2.382353609408662,3.7059031846201616,-1.3235495752114996,3.342192091440236,sa3039129
Braden Osbolt,CIN,CPX,21,8.1,7.560002883912233,4.320001647949847,1.75,2.1600008239749235,0.15217391,0.08695652,0.06521739,0.35714286,2.2800008697513086,0.39393939,0.43209877,11.880004531862081,7.6976692504887,4.182335281373381,6.186880022165536,sa3039231
Braylon Owens,MIL,A+,23,53.2,11.403725627285441,3.8571424915818406,2.95652174,1.0062110847604802,0.30493274,0.10313901,0.20179372,0.2361809,1.3043477024672891,0.328,0.71884984,4.192546186502001,4.207945098202198,-0.01539891170019736,4.404048282802099,sa3039298
Liam Paddack,CHW,"A+,AA",22,43.0,13.813953488372093,5.232558139534884,2.64,1.0465116279069768,0.34920635,0.13227513,0.21693122,0.2,1.3255813953488371,0.30337079,0.62962963,5.441860465116279,4.060937828241393,1.3809226368748861,3.965185411586318,sa3039330
Trendan Parish,TBR,"A,CPX",24,13.2,4.60975502531586,5.92682788969182,0.77777778,0.6585364321879801,0.10447761,0.13432836,-0.02985075,0.34482759,2.1219507259390467,0.38,0.6884058,2.6341457287519203,5.557528479538751,-2.923382750786831,6.010473251489806,sa3039436
Caedmon Parker,CHW,A,23,59.1,10.921349250823397,4.550562187843082,2.4,1.0617978438300524,0.27272727,0.11363636,0.15909091,0.27631579,1.567415864701506,0.37583893,0.76233184,4.095505969058774,4.544634237350839,-0.449128268292065,3.908695743527016,sa3039449
Wyatt Parliament,NYY,"A,CPX",22,28.1,10.164707022802355,2.8588238501631626,3.55555556,0.6352941889251472,0.25806452,0.07258065,0.18548387,0.29565217,1.5176472290989629,0.39506173,0.54726368,5.717647700326325,3.493675528873718,2.2239721714526075,4.288801757851507,sa3039489
Myles Patton,BOS,A,22,22.2,9.926469196085481,4.764705214121031,2.08333333,1.1911763035302578,0.25773196,0.12371134,0.13402062,0.21686747,1.323529226144731,0.27272727,0.71942446,4.764705214121031,4.985314732769396,-0.22060951864836476,4.374469345664946,sa3039548
Truman Pauley,CHW,A,22,54.1,10.932516360840252,7.288344240560168,1.5,1.9877302474255003,0.26294821,0.1752988,0.0876494,0.21568627,1.619632053457815,0.25396825,0.67385445,6.294479116847418,6.654477965986578,-0.3599988491391599,5.253891556988195,sa3039559
Landen Payne,CHW,A,23,26.0,9.0,2.769230769230769,3.25,0.34615384615384615,0.24528302,0.0754717,0.16981132,0.2244898,1.1538461538461537,0.29577465,0.83916084,2.076923076923077,3.0407447888300974,-0.9638217119070203,3.4513029529498174,sa3039585
Dalton Pence,TEX,"A+,AA",23,56.0,9.482142857142858,2.4107142857142856,3.93333333,0.8035714285714286,0.26339286,0.06696429,0.19642857,0.2,1.0,0.25531915,0.81132075,2.5714285714285716,3.7000217080470295,-1.1285931366184578,4.7820763983718635,sa3039663
Cole Peschl,MIN,A+,23,34.1,7.601942873751872,3.4077674951301495,2.23076923,1.0485438446554305,0.21641791,0.09701493,0.11940299,0.16528926,0.9611651909341447,0.18181818,0.62043796,3.145631533966292,4.908240748642885,-1.7626092146765928,4.88913508671999,sa3039760
Zane Petty,CLE,A,22,49.2,8.879193721572188,5.436241054023788,1.63333333,1.8120803513412629,0.22790698,0.13953488,0.08837209,0.2173913,1.4093958288209822,0.24,0.71929825,5.436241054023788,6.134446131504928,-0.6982050774811404,5.632210911501167,sa3039843
Marcus Phillips,BOS,A+,21,35.2,10.598129329769908,7.570092378407077,1.4,1.261682063067846,0.24705882,0.17647059,0.07058824,0.25735294,1.8224296466535554,0.33707865,0.61290323,6.813083140566369,5.921414376787921,0.8916687637784477,5.16585337619101,sa3039870
Jackson Phipps,OAK,A,24,48.1,7.448276645873671,4.468965987524203,1.66666667,1.489655329174734,0.17467249,0.10480349,0.069869,0.27835052,1.6137932732726286,0.31506849,0.66838046,6.703448981286304,7.219966583932369,-0.5165176026460649,6.866597155370659,sa3039879
Cannon Pickell,MIA,A+,23,22.1,11.283583695651338,11.283583695651338,1.0,0.8059702639750956,0.26415094,0.26415094,0.0,0.19480519,1.9253734083849505,0.27659574,0.72815534,5.641791847825669,6.49931472696321,-0.8575228791375409,7.396296349724128,sa3039890
Trey Pooser,TBR,"A,A+",24,48.2,7.952054275091101,2.219177937234726,3.58333333,0.9246574738478024,0.21287129,0.05940594,0.15346535,0.21693122,1.0890410247540785,0.25531915,0.70212766,3.5136984006216494,3.979532237561087,-0.4658338369394377,4.311869605514598,sa3040077
Robby Porco,LAD,"A,A+",22,34.1,9.961163203940679,6.553396844697814,1.52,0.5242717475758252,0.26027397,0.17123288,0.0890411,0.19491525,1.3980579935355337,0.26923077,0.70539419,4.456309854394513,5.38884469193273,-0.932534837538217,5.598308908177444,sa3040086
Ryan Prager,CLE,"A,CPX",23,23.1,13.50000183922929,3.8571433826369397,3.5,0.771428676527388,0.36458333,0.10416667,0.26041667,0.20238095,1.157143014791082,0.31914894,0.64885496,3.085714706109552,3.4805250389721967,-0.39481033286264466,3.509463911343785,sa3040167
Owen Proksch,TEX,"A,A+",22,26.2,11.137498672306696,2.362499718368087,4.71428571,0.6749999195337392,0.33,0.07,0.26,0.1978022,0.9374998882413044,0.28571429,0.74380165,2.6999996781349567,3.128416227013069,-0.4284165488781122,3.1125572897998195,sa3040240
Jacob Pruitt,PHI,A,22,24.0,12.375,4.875,2.53846154,0.75,0.30841121,0.12149533,0.18691589,0.23913043,1.4583333333333333,0.35087719,0.73099415,3.375,3.955412419637045,-0.580412419637045,3.6549846984446055,sa3040257
Owen Puk,WSN,A,23,2.0,4.5,4.5,1.0,0.0,0.08333333,0.08333333,0.0,0.54545455,3.5,0.6,0.42857143,18.0,4.117667865753174,13.882332134246827,4.857496374100447,sa3040281
Riley Quick,MIN,"A,A+",22,37.2,13.380529844188704,4.061946559842999,3.29411765,1.1946901646597057,0.36842105,0.11184211,0.25657895,0.17293233,1.0619468130308494,0.25,0.77142857,3.584070493979117,4.170085137881256,-0.5860146439021392,3.2271881680609815,sa3040326
JT Quinn,BAL,A+,22,57.1,10.203489277284248,3.139535162241307,3.25,1.2558140648965228,0.2826087,0.08695652,0.19565217,0.2173913,1.1337210308093608,0.2761194,0.79225352,3.2965119203533724,4.34431197144265,-1.0478000510892778,3.5590804493464523,sa3040345
Carter Rasmussen,BOS,CPX,22,11.2,13.114282140927413,26.228564281854826,0.5,0.7714283612310243,0.2125,0.425,-0.2125,0.25581395,3.8571418061551213,0.4,0.53648069,16.19999558585151,11.843386033117127,4.356609552734383,11.958553821338544,sa3040470
Dominick Reid,CHC,A,22,49.2,9.060401756706314,3.6241607026825258,2.5,0.7248321405365051,0.23474178,0.09389671,0.14084507,0.23280423,1.288590472064898,0.2962963,0.68910256,4.167784808084904,4.100889292777511,0.0668955153073929,4.096620747932277,sa3040572
Vince Reilly,CHC,"AA,AAA",25,37.0,11.918919456536294,3.8918920674404225,3.0625,0.7297297626450793,0.31210191,0.10191083,0.21019108,0.18382353,1.108108158090676,0.26190476,0.71770335,3.1621623047953435,3.759629091295223,-0.5974667864998793,3.620865621861153,sa3040586
Jason Reitz,MIN,"A,CPX",21,15.2,7.468083591038401,1.7234039056242465,4.33333333,1.148935937082831,0.21666667,0.05,0.16666667,0.15789474,0.765957291388554,0.16666667,0.65217391,2.297871874165662,4.370315981269006,-2.0724441071033444,4.701259045025398,sa3040605
Chase Renner,MIA,"A,A+,CPX",22,14.1,13.186040662703109,6.906973680463533,1.90909091,3.139533491119788,0.30882353,0.16176471,0.14705882,0.25,1.7441852728443266,0.3,0.84210526,6.279066982239576,7.98303072687486,-1.703963744635284,5.453176760428423,sa3040620
Dusty Revis,CIN,"A,CPX",22,13.2,11.853655675988602,9.878046396657167,1.2,0.6585364264438112,0.24324324,0.2027027,0.04054054,0.33928571,2.48780427767662,0.48648649,0.53370787,11.853655675988602,6.955400418390093,4.8982552575985085,7.3235755141211625,sa3040639
Owen Rice,STL,CPX,23,11.2,13.885710502158437,10.028568696003315,1.38461538,0.7714283612310243,0.31578947,0.22807018,0.0877193,0.1627907,1.714285247180054,0.25,0.6122449,6.1714268898481945,5.757673405627936,0.41375348422025837,6.118731833627043,sa3040689
Grant Richardson,OAK,A,22,9.1,13.500004598074163,7.714288341756665,1.75,0.0,0.30434783,0.17391304,0.13043478,0.23684211,1.821429191803657,0.375,0.52941176,5.785716256317499,4.1224292112856,1.6632870450318986,5.001005784956046,sa3040703
Xavier Rivas,NYY,AA,23,45.1,13.500001514659377,4.963235850977712,2.72,2.1838237744301936,0.34871795,0.12820513,0.22051282,0.20588235,1.3235295602607233,0.26373626,0.69506726,5.36029471905593,5.3713153400223375,-0.011020620966407435,4.1614196748749235,sa3040812
Christian Rodriguez,BAL,A,24,63.0,10.571428571428571,3.0,3.52380952,0.7142857142857143,0.26618705,0.07553957,0.19064748,0.26587302,1.3968253968253967,0.3583815,0.72093023,3.4285714285714284,3.5383027863880945,-0.1097313578166661,3.8452940554609376,sa3040970
Freddy Rodriguez,CHC,CPX,22,24.1,11.095891860529738,4.068493682194237,2.72727273,0.3698630620176579,0.27522936,0.10091743,0.17431193,0.22916667,1.3561645607314123,0.32307692,0.68452381,4.438356744211895,4.488900985617551,-0.05054424140565583,5.485487253556559,sa3040979
Zach Root,LAD,A+,22,33.0,12.818181818181818,4.363636363636363,2.9375,0.2727272727272727,0.33333333,0.11347518,0.21985816,0.192,1.2121212121212122,0.2987013,0.67357513,2.727272727272727,2.94707555770874,-0.2198028304360129,3.7871099337483893,sa3041130
Michael Ross,MIN,A+,23,51.1,6.837663015158816,3.155844468534838,2.16666667,1.577922234267419,0.17488789,0.08071749,0.0941704,0.28292683,1.4805196272138745,0.31210191,0.48895899,7.538961785944335,5.758764048904666,1.7801977370396687,5.548940254448824,sa3041178
Collin Rothermel,ARI,A,23,6.2,13.499993562701434,9.449995493891004,1.42857143,6.749996781350717,0.22222222,0.15555556,0.06666667,0.44736842,3.599998283387049,0.52173913,0.47058824,21.599989700322293,14.450996065142022,7.148993635180272,7.653015588753318,sa3041199
Zach Royse,ATL,"A,A+",22,64.0,9.140625,3.234375,2.82608696,0.703125,0.2443609,0.08646617,0.15789474,0.25619835,1.328125,0.33139535,0.6835443,4.5,3.7252181813120844,0.7747818186879156,3.8424737984780224,sa3041233
AJ Russell,TEX,"A,A+",22,29.2,14.258425438438861,3.3370782941027124,4.27272727,0.3033707540093375,0.40517241,0.09482759,0.31034483,0.19230769,1.0449437082543847,0.33928571,0.71895425,2.7303367860840373,2.0984522572223367,0.6318845288617005,2.8359115960932866,sa3041324
Carter Rustad,CLE,AA,25,36.1,9.165138897696524,3.2201839370285086,2.84615385,1.2385322834725032,0.23417722,0.08227848,0.15189873,0.23776224,1.293578162737948,0.28712871,0.71428571,2.972477480334008,4.553317434444019,-1.580839954110011,4.984028200197312,sa3041350
Joe Ruzicka,DET,"A,CPX",22,14.2,11.659095963172897,5.522729666766109,2.11111111,0.6136366296406788,0.28358209,0.13432836,0.14925373,0.17857143,1.2954551070192106,0.25,0.66326531,4.295456407484751,4.405404364981916,-0.10994795749716424,4.568714529410828,sa3041362
Michael Salina,SDP,CPX,22,1.1,27.000066787169676,13.500033393584838,2.0,0.0,0.4,0.2,0.2,0.5,4.500011131194946,1.0,0.33333333,27.000066787169676,3.3176644414571537,23.68240234571252,6.670196375916678,sa3041443
Jonathan Santucci,NYM,AA,23,62.2,10.771275721507319,4.452127298223025,2.41935484,0.5744680384803903,0.28735632,0.11877395,0.16858238,0.21929825,1.292553086580878,0.30872483,0.69767442,3.734042250122537,3.57844905317936,0.15559319694317697,3.975758044026568,sa3041559
Grayson Saunier,HOU,"A,CPX",22,4.2,11.571420393433804,3.857140131144601,3.0,0.0,0.35294118,0.11764706,0.23529412,0.07142857,0.6428566885241002,0.125,0.75,1.9285700655723006,3.303590301687699,-1.3750202361153985,3.6109534679335784,sa3041606
Aaron Savary,CLE,"A,CPX",21,22.0,6.954545398019563,4.499999963424423,1.54545455,0.8181818115317132,0.17,0.11,0.06,0.28235294,1.5909090779783313,0.33333333,0.55248619,6.545454492253706,5.3358498617883985,1.2096046304653072,5.566431557668137,sa3041614
Ryan Schiefer,CHW,A,22,21.0,13.285714285714286,6.857142857142857,1.9375,2.142857142857143,0.28440367,0.14678899,0.13761468,0.29545455,2.0,0.40384615,0.7,6.428571428571429,6.760525008610317,-0.3319535800388884,4.863104498315425,sa3041702
Brett Sears,ATL,"AA,AAA,CPX",26,41.0,10.756097998809151,1.9756098365159667,5.44444444,0.43902440811465926,0.31012658,0.05696203,0.25316456,0.19727891,0.9268293060198362,0.28125,0.80645161,1.9756098365159667,2.7422054285871607,-0.766595592071194,3.4025651866386974,sa3041892
Andrew Shaffner,CIN,A,23,20.1,9.737706440426317,4.42623020019378,2.2,1.3278690600581342,0.22,0.1,0.12,0.28409091,1.7213117445198034,0.34920635,0.45731707,7.524591340329427,5.27166948859268,2.2529218517367466,4.508743223295117,sa3042042
Colton Shaw,SEA,A+,23,61.2,8.756756034500036,1.3135134051750055,6.66666667,0.5837837356333357,0.24096386,0.03614458,0.20481928,0.23504274,1.0378377522370414,0.3,0.62111801,3.7945942816166824,3.278444503926288,0.5161497776903943,3.8395000699729045,sa3042084
Blake Shepardson,CHW,CPX,22,2.2,10.124987024830519,10.124987024830519,1.0,0.0,0.23076923,0.23076923,0.0,0.44444444,2.6249966360671713,0.66666667,0.625,10.124987024830519,7.067665268484473,3.057321756346046,8.743924941188338,sa3042141
Jake Shirk,PIT,"A+,AA",24,32.2,6.887754431767908,2.479591595436447,2.77777778,0.5510203545414326,0.17241379,0.06206897,0.11034483,0.30075188,1.4999998540294557,0.35849057,0.56910569,5.785713722685043,3.9376312357902896,1.8480824868947532,4.349912615979593,sa3042195
Chase Shores,LAA,A+,22,17.1,13.5000024758857,5.711539509028565,2.36363636,0.0,0.35135135,0.14864865,0.2027027,0.20634921,1.3846156385523793,0.35135135,0.58333333,4.67307778011428,2.555263398949174,2.117814381165106,3.724555009089995,sa3042212
RJ Shunck,MIA,A,22,7.1,6.136366296406788,3.6818197778440727,1.66666667,2.454546518562715,0.17241379,0.10344828,0.06896552,0.16,0.9545458683299447,0.11111111,0.96153846,3.6818197778440727,7.5652625596234895,-3.883442781779417,5.9414847218987665,sa3042239
Evan Siary,TEX,A,22,56.2,7.147058182026746,2.064705697029949,3.46153846,1.2705881212491992,0.19565217,0.05652174,0.13913043,0.25,1.1823528350513381,0.28220859,0.75704225,3.652940848591448,4.605903071169218,-0.9529622225777699,4.624532155120282,sa3042246
Luke Sinnard,ATL,"A+,CPX",23,23.0,11.347826086956522,2.347826086956522,4.83333333,0.391304347826087,0.3258427,0.06741573,0.25842697,0.19753086,0.9565217391304348,0.29411765,0.79646018,2.347826086956522,2.8517812708439325,-0.5039551838874106,3.7997731803841504,sa3042362
Ryan Slater,SFG,"A+,CPX",24,16.2,12.959997528076643,3.239999382019161,4.0,0.5399998970031935,0.34285714,0.08571429,0.25714286,0.203125,1.1399997825622974,0.30769231,0.51136364,3.239999382019161,2.7713676986789224,0.4686316833402384,3.6073342246452755,sa3042417
Braeden Sloan,BAL,"A,A+",22,25.1,14.56579130145014,4.263158429692724,3.41666667,0.0,0.41836735,0.12244898,0.29591837,0.08536585,0.7500000941126088,0.17073171,0.82608696,1.4210528098975745,2.2558942570915166,-0.834841447193942,3.0069138342740573,sa3042435
Austin Smith,TOR,A,23,9.2,8.379307589265366,7.448273412680326,1.125,1.8620683531700815,0.2,0.17777778,0.02222222,0.2972973,1.9655165950128637,0.34615385,0.74074074,5.586205059510244,7.057422825272745,-1.4712177657625007,6.635494392295441,sa3042481
Aubrey Smith,HOU,A,22,49.1,5.290541085994936,3.466216573582889,1.52631579,1.094594707447228,0.13242009,0.08675799,0.0456621,0.26903553,1.4594596099296373,0.29012346,0.58558559,6.020270890959754,5.360911288724685,0.6593596022350692,5.549420037585158,sa3042482
Derrick Smith,COL,A,22,3.1,16.200016608255247,8.100008304127623,2.0,2.700002768042541,0.33333333,0.16666667,0.16666667,0.33333333,2.4000024604822587,0.5,0.45454545,13.500013840212706,7.551003861430461,5.949009978782245,6.111015953556352,sa3042536
Kolten Smith,MIN,A,22,43.2,12.366410773309516,3.091602693327379,4.0,0.6183205386654758,0.32258065,0.08064516,0.24193548,0.23076923,1.2366410773309515,0.33962264,0.54054054,5.564884847989282,3.0600562655642936,2.504828582424988,3.7088321284102217,sa3042589
Parker Smith,HOU,A+,23,56.1,6.869823105474448,3.1952665606857895,2.15,1.2781066242743158,0.16796875,0.078125,0.08984375,0.2987013,1.579881799450196,0.33888889,0.53140097,6.23076979333729,5.245199627928218,0.9855701654090714,4.8175393464460265,sa3042618
Travis Smith,MIL,"A+,AA",23,43.1,7.68461628659953,4.984615969686182,1.54166667,1.8692309886323182,0.17874396,0.11594203,0.06280193,0.26519337,1.6615386565620607,0.28888889,0.52117264,8.307693282810304,6.7194555712338975,1.5882377115764061,6.022108687326762,sa3042647
Tristan Smith,CIN,"A,CPX",23,20.0,10.8,13.5,0.8,2.25,0.22857143,0.28571429,-0.05714286,0.24657534,2.4,0.29545455,0.74418605,8.1,9.4506085395813,-1.3506085395813,7.289096324890852,sa3042648
Nate Snead,LAA,"A+,AA",22,56.2,8.417648286588644,2.064706183502875,4.07692308,0.9529413154628653,0.22943723,0.05627706,0.17316017,0.23963134,1.1470589908349305,0.29113924,0.69444444,4.12941236700575,3.901416225556075,0.22799614144967473,3.9594218013498175,sa3042668
Shea Sprague,BOS,"A+,AA",23,27.0,9.666666709346536,5.666666691685901,1.70588235,3.6666666828555825,0.21167883,0.12408759,0.08759124,0.32478632,2.0370370460308793,0.35064935,0.61032864,9.666666709346536,8.963110930165364,0.7035557791811726,5.353996130449003,sa3042868
Riley Stanford,TBR,"A,CPX",23,22.1,8.865669117922108,7.253729278299907,1.22222222,0.4029849599055504,0.20952381,0.17142857,0.03809524,0.24390244,1.701492052934546,0.3220339,0.64903846,6.044774398583256,5.426026883013785,0.6187475155694706,6.164946876221848,sa3042934
Jackson Steensma,SEA,A,22,19.0,13.736842105263158,0.9473684210526315,14.5,0.0,0.43939394,0.03030303,0.40909091,0.11111111,0.47368421052631576,0.20588235,0.7,1.4210526315789473,1.9720534174065842,-0.5510007858276369,2.5762672763121754,sa3043006
Khal Stephen,CLE,AA,23,55.0,8.018181818181818,3.7636363636363637,2.13043478,0.9818181818181818,0.20851064,0.09787234,0.1106383,0.2464455,1.3636363636363635,0.29487179,0.73964497,3.4363636363636365,4.507946153120561,-1.0715825167569246,5.067629462480545,sa3043049
Garrett Stratton,NYM,"A+,AA",22,32.2,13.224488508994384,4.132652659060745,3.2,0.826530531812149,0.34285714,0.10714286,0.23571429,0.22131148,1.2857141605966762,0.33802817,0.80882353,2.479591595436447,3.499552907239077,-1.0199613118026303,3.6435945261891893,sa3043212
Sam Stuhr,OAK,A,23,39.0,9.23076923076923,1.6153846153846154,5.71428571,1.8461538461538463,0.2484472,0.04347826,0.20496894,0.23026316,1.0769230769230769,0.25961538,0.73170732,4.384615384615385,5.858693093519944,-1.4740777089045594,4.832035472454169,sa3043272
Brennan Stuprich,NYY,A,24,32.1,9.463919014514886,3.340206711005254,2.83333333,1.3917527962521892,0.25,0.08823529,0.16176471,0.23966942,1.2680414365853279,0.29268293,0.59459459,5.288660625758319,5.046048362805754,0.24261226295256488,4.44012637586637,sa3043279
Tyler Switalski,SFG,A+,23,60.2,11.571427601285864,3.1153843541923476,3.71428571,1.6318679950531345,0.3083004,0.08300395,0.22529644,0.22173913,1.1868130873113705,0.28368794,0.78498294,4.153845805589797,4.574494291823096,-0.42064848623329887,3.7359117591346545,sa3043424
Itsuki Takemoto,OAK,A,22,26.0,9.692307692307692,8.307692307692308,1.16666667,0.34615384615384615,0.21705426,0.18604651,0.03100775,0.27884615,2.0384615384615383,0.37333333,0.62737643,6.923076923076923,5.781770016596868,1.1413069064800556,6.7956245202284595,sa3043475
James Tallon,PHI,A,22,8.0,10.125,14.625,0.69230769,1.125,0.2,0.28888889,-0.08888889,0.21428571,2.375,0.27777778,0.32407407,16.875,9.49707908630371,7.37792091369629,9.633616713620722,sa3043491
Zane Taylor,OAK,A+,24,63.2,7.633507243570278,3.2513086407799334,2.34782609,0.8481674715078087,0.20689655,0.08812261,0.11877395,0.22978723,1.2094239871500234,0.27428571,0.76815642,2.9685861502773303,4.7010021990490145,-1.7324160487716842,5.42247681155794,sa3043592
Yoel Tejeda Jr.,WSN,A+,22,62.0,9.870967741935484,4.354838709677419,2.26666667,0.5806451612903226,0.25660377,0.11320755,0.14339623,0.24242424,1.3870967741935485,0.32704403,0.69905213,4.064516129032258,3.884634485552388,0.1798816434798698,4.795073410339894,sa3043611
Brandt Thompson,STL,"AA,AAA",23,55.0,10.309090909090909,3.6,2.86363636,0.9818181818181818,0.26694915,0.09322034,0.17372881,0.24528302,1.3454545454545455,0.32167832,0.63609467,4.909090909090909,4.065176608345726,0.8439143007451833,3.9908241618763323,sa3043741
Danny Thompson Jr.,TOR,"A+,AA",23,56.1,11.982249602571711,4.313609856925816,2.77777778,0.6390533121371579,0.32188841,0.11587983,0.20600858,0.17647059,1.1183432962400264,0.256,0.74074074,3.1952665606857895,3.4419440684145077,-0.24667750772871821,3.864565052970552,sa3043750
J.D. Thompson,MIL,A+,22,18.1,9.327274344578543,6.381819288395845,1.46153846,0.4909091760304496,0.2375,0.1625,0.075,0.21212121,1.4727275280913488,0.2826087,0.60150376,5.400000936334946,4.874348445766256,0.5256524905686897,5.517263691783062,sa3043764
Cam Tilly,NYM,A,22,51.1,8.590909942122614,3.506493853927598,2.45,1.2272728488746592,0.22477064,0.09174312,0.13302752,0.2460733,1.3051949345174947,0.2962963,0.65420561,4.558442010105877,5.188637670696168,-0.6301956605902905,4.666525804591396,sa3043836
Julian Tonghini,WSN,"A,A+",24,22.0,12.272727272727273,4.090909090909091,3.0,0.8181818181818182,0.31578947,0.10526316,0.21052632,0.23809524,1.3636363636363635,0.34615385,0.56737589,4.5,3.560889214695445,0.939110785304555,3.2342429067041354,sa3043926
Sam Tookoian,LAA,A+,23,19.1,9.310346358454861,5.5862078150729175,1.66666667,0.4655173179227431,0.23809524,0.14285714,0.0952381,0.2,1.344827807332369,0.26530612,0.82706767,2.3275865896137153,4.42727964267438,-2.0996930530606646,5.279709941484599,sa3043930
Brady Tygart,BOS,"A,CPX",23,10.2,12.65624594525564,8.437497296837094,1.5,0.0,0.3,0.2,0.1,0.23076923,1.7812494293322751,0.375,0.45,8.437497296837094,4.074723511474528,4.362773785362566,5.301951900906655,sa3044198
Ryan Ure,KCR,A+,23,10.2,5.906248239800859,21.937493462117473,0.26923077,0.0,0.09210526,0.34210526,-0.25,0.35555556,3.9374988265339055,0.42105263,0.46808511,21.093743713574494,11.353323350474897,9.740420363099597,12.515203197951575,sa3044256
Shane Van Dam,KCR,A,22,48.0,7.5,3.375,2.22222222,1.125,0.1793722,0.08071749,0.09865471,0.2970297,1.625,0.34615385,0.61983471,5.4375,4.888501199086508,0.5489988009134921,4.743158215781054,sa3044327
Jonathan Vastine,SDP,A+,23,1.0,9.0,0.0,1.0,0.0,0.2,0.0,0.2,0.4,2.0,0.5,0.5,9.0,1.9470755577087404,7.05292444229126,5.488043767213822,sa3044390
Ryan Verdugo,HOU,A,23,43.1,9.969231939372364,8.100000950740046,1.23076923,0.8307693282810303,0.25531915,0.20744681,0.04787234,0.17567568,1.5000001760629713,0.22916667,0.72847682,4.153846641405152,5.371514225457571,-1.2176675840524194,4.92272465817953,sa3044453
Cade Vernon,SFG,A+,24,40.0,5.625,3.825,1.47058824,0.225,0.14204545,0.09659091,0.04545455,0.21568627,1.25,0.2519685,0.6959707,3.375,4.451417446136475,-1.0764174461364746,5.416181288659573,sa3044462
Mike Villani,CIN,A,23,19.2,10.525422027487346,9.152540893467258,1.15,1.3728811340200886,0.24468085,0.21276596,0.03191489,0.2027027,1.7796607292853002,0.25,0.71428571,5.491524536080354,6.441993904935737,-0.9504693688553827,5.653205983158589,sa3044503
Joe Vogatsky,BOS,"A+,AA",24,36.0,10.25,4.25,2.41176471,1.75,0.23563218,0.09770115,0.13793103,0.29220779,1.7222222222222223,0.35849057,0.63405797,6.5,5.4912382047989015,1.0087617952010985,4.955979945588579,sa3044544
Joey Volini,MIA,A+,23,19.0,13.736842105263158,3.789473684210526,3.625,0.9473684210526315,0.3625,0.1,0.2625,0.1971831,1.1578947368421053,0.3,0.74257426,3.3157894736842106,3.683917662971898,-0.3681281892876873,4.08598071509286,sa3044555
Ethan Walker,BOS,A,22,23.1,13.114287500965595,6.942858088746491,1.88888889,0.771428676527388,0.31775701,0.1682243,0.14953271,0.19101124,1.5000002043588099,0.28301887,0.65217391,4.242857720900634,4.131953650104766,0.11090407079586839,4.285945399679802,sa3044666
Brian Walters,PHI,A,23,30.0,10.5,6.3,1.66666667,1.2,0.24475524,0.14685315,0.0979021,0.27966102,1.8,0.36708861,0.70610687,5.7,5.647079086303711,0.052920913696289595,5.00981360996763,sa3044742
Cam Walty,CLE,A+,24,29.2,8.494381112261449,3.3370782941027124,2.54545455,1.8202245240560249,0.20895522,0.08208955,0.12686567,0.28099174,1.5168537700466873,0.32183908,0.69948187,6.067415080186749,6.003255112660916,0.06415996752583286,5.4031358363456645,sa3044767
Kevin Warunek,PHI,"A,CPX",23,8.1,9.719992306143174,5.399995725635097,1.8,3.2399974353810586,0.23684211,0.13157895,0.10526316,0.27272727,1.6799986701975858,0.28571429,0.81632653,5.399995725635097,8.28100871052527,-2.881012984890173,4.868971283210574,sa3044815
Matthew Watson,SDP,A+,24,38.0,7.342105263157895,2.6052631578947367,2.81818182,1.4210526315789473,0.18452381,0.06547619,0.11904762,0.28104575,1.4210526315789473,0.31896552,0.625,6.157894736842105,5.552338715603477,0.6055560212386286,5.4565579892773375,sa3044862
Anthony Watts,STL,"A,CPX",22,15.0,10.2,8.4,1.21428571,1.2,0.22972973,0.18918919,0.04054054,0.25423729,1.9333333333333333,0.325,0.69852941,6.6,6.366555086771648,0.23344491322835204,5.642042898138365,sa3044875
Dylan Watts,TOR,"A,A+",21,46.1,9.712228433333811,3.496402236000172,2.77777778,1.5539565493334098,0.25641026,0.09230769,0.16410256,0.24855491,1.3165465209630278,0.30434783,0.72490706,4.856114216666906,5.252364463979416,-0.39625024731251024,4.315839327782528,sa3044877
Jackson Wentworth,TOR,AA,23,51.2,6.445160655836472,4.354838280970589,1.48,0.8709676561941178,0.16086957,0.10869565,0.05217391,0.24878049,1.4709675971278433,0.28220859,0.66666667,4.703225343448236,4.839910836750722,-0.13668549330248592,5.868821525315909,sa3045002
John West,ARI,A+,24,49.2,7.429529440499177,5.798657124292041,1.28125,0.7248321405365051,0.18552036,0.14479638,0.04072398,0.20555556,1.3892616026949682,0.24444444,0.74585635,3.0805365972801466,5.52390047585578,-2.4433638785756333,6.294708497119227,sa3045033
Justin West,NYY,A,22,52.1,10.490446879436409,3.4394907801430845,3.05,1.5477708510643882,0.26068376,0.08547009,0.17521368,0.29716981,1.5859874152882,0.38028169,0.63535912,6.191083404257553,4.912684295129979,1.278399109127574,3.8438938297320226,sa3045034
Nick Weyrich,CHW,A,23,26.0,9.346153846153847,5.538461538461538,1.6875,0.6923076923076923,0.2109375,0.125,0.0859375,0.30275229,1.8846153846153846,0.3875,0.67073171,5.1923076923076925,4.73305248113779,0.45925521116990264,4.757430415772475,sa3045065
Conner Whittaker,CLE,CPX,23,1.0,9.0,9.0,1.0,0.0,0.25,0.25,0.0,0.0,1.0,0.0,1.0,0.0,5.817668151855469,-5.817668151855469,7.307678659260273,sa3045152
Holden Wilkerson,TOR,A+,23,50.1,8.940398254434776,3.933775231951301,2.27272727,0.715231860354782,0.22321429,0.09821429,0.125,0.255,1.4503312723860857,0.32191781,0.5907781,5.364238952660865,4.128238686372996,1.2360002662878689,4.815624770931485,sa3045217
Kyson Witherspoon,BOS,A+,21,51.0,9.529411764705882,4.764705882352941,2.0,1.2352941176470589,0.24770642,0.12385321,0.12385321,0.24867725,1.4509803921568627,0.3125,0.64954683,5.117647058823529,4.966860924515069,0.15078613430845955,4.9732132603140435,sa3045487
Malachi Witherspoon,DET,A,21,41.2,11.663998576172048,3.02399963085942,3.85714286,0.8639998945312629,0.29347826,0.07608696,0.2173913,0.26993865,1.3919998300781458,0.38095238,0.65656566,5.399999340820393,3.915079065795901,1.4849202750244914,3.3435095844572986,sa3045488
Gage Wood,PHI,"A,AA",22,43.1,13.50000099035417,3.530769489784937,3.82352941,1.0384616146426284,0.36723164,0.0960452,0.27118644,0.21518987,1.1769231632616457,0.32954545,0.7826087,3.530769489784937,3.490048595059432,0.040720894725504664,2.972030168309658,sa3045536
Kade Woods,ATL,A,23,9.0,11.0,9.0,1.22222222,0.0,0.19642857,0.16071429,0.03571429,0.42222222,3.111111111111111,0.55882353,0.43333333,12.0,4.839890087975396,7.160109912024604,5.826328099105094,sa3045561
Jay Woolfolk,ATL,A,23,4.0,9.0,6.75,1.33333333,4.5,0.19047619,0.14285714,0.04761905,0.47058824,2.75,0.54545455,0.54347826,13.5,11.117667865753173,2.382332134246827,6.09732488244772,sa3045574
Christian Worley,STL,A+,24,24.1,11.095891860529738,6.2876720543001845,1.76470588,2.2191783721059477,0.25641026,0.14529915,0.11111111,0.22,1.602739935409851,0.25,0.75163399,5.547945930264869,6.782692366510784,-1.2347464362459153,5.396203251905989,sa3045583
Daniel Wright,CHW,A,24,17.2,8.6603758001551,2.5471693529867943,3.4,0.5094338705973588,0.21794872,0.06410256,0.15384615,0.31506849,1.584905375191783,0.4,0.71428571,4.07547096477887,3.278045285354935,0.7974256794239354,3.882262852129849,sa3045608
Jakob Wright,LAD,A+,23,42.1,11.905513241446577,7.653544226644228,1.55555556,0.6377953522203523,0.27317073,0.17560976,0.09756098,0.22891566,1.74803170608541,0.3271028,0.59065934,6.377953522203523,4.986445761327092,1.391507760876431,4.943457556157503,sa3045618
Blaine Wynk,CHW,A,22,38.2,6.517240522024152,3.491378851084367,1.86666667,0.46551718014458227,0.17073171,0.09146341,0.07926829,0.25,1.344827409306571,0.29661017,0.75697211,2.5603444907952024,4.083185045897756,-1.5228405551025537,4.482246971011033,sa3045653
Jack Young,CHW,"A+,AAA",24,31.1,5.744681433888845,2.8723407169444224,2.0,1.1489362867777688,0.14814815,0.07407407,0.07407407,0.25203252,1.308510771052459,0.27272727,0.53475936,6.031915505583287,5.124886503683719,0.9070290018995681,5.103776695762775,sa3045743
Gage Ziehl,BOS,AA,23,53.1,10.293750981688593,1.6875001609325562,6.1,1.5187501448393006,0.26406926,0.04329004,0.22077922,0.27853881,1.3312501269579056,0.34899329,0.72847682,4.556250434517902,4.143741663098341,0.412508771419561,3.426996479858923,sa3045855
Hunter Alberini,KCR,"A,A+",24,17.1,9.865380996784431,9.865380996784431,1.0,0.519230578778128,0.20652174,0.20652174,0.0,0.29577465,2.307691461236124,0.39215686,0.4679803,11.423072733118815,5.99368288285506,5.429389850263755,6.589796627254472,sa3058474
Max Banks,CHW,"A,A+",23,66.2,8.639999340820363,1.4849998867035,5.81818182,0.9449999279022272,0.23970037,0.0411985,0.19850187,0.256917,1.139999913024909,0.31868132,0.76589595,2.969999773407,3.689865144943445,-0.7198653715364451,3.599513956575811,sa3058549
Alex Breckheimer,STL,A,22,33.1,9.720001483154523,4.050000617981051,2.4,1.080000164794947,0.25531915,0.10638298,0.14893617,0.22764228,1.290000196838409,0.28915663,0.59405941,5.400000823974735,4.767079241943383,0.6329215820313516,4.475386289102819,sa3058721
Brandon Cain,PIT,A,21,32.1,8.628867336763573,5.288660625758319,1.63157895,1.3917527962521892,0.2137931,0.13103448,0.08275862,0.2016129,1.3608249563354737,0.22727273,0.69230769,4.175258388756568,5.788316520806922,-1.6130581320503543,5.327676010520687,sa3058793
Cade Crossland,STL,A,22,54.2,12.841462219846566,6.256096978899609,2.05263158,0.8231706551183696,0.34977578,0.17040359,0.1793722,0.15469613,1.2073169608402754,0.23469388,0.74603175,3.7865850135445003,4.387322929173554,-0.600737915629054,4.401299844089618,sa3058955
Jared Davis,OAK,CPX,22,1.2,0.0,16.199967942301292,0.0,0.0,0.0,0.375,-0.375,0.4,2.999994063389128,0.4,0.6,10.799978628200861,10.217657465955899,0.5823211622449627,13.793675607237368,sa3059003
Jordan Gottesman,SFG,A,23,53.0,9.339622641509434,3.2264150943396226,2.89473684,1.1886792452830188,0.25,0.08636364,0.16363636,0.22222222,1.1886792452830188,0.27205882,0.78291815,3.3962264150943398,5.437793238657825,-2.0415668235634854,5.422708285979505,sa3059332
Riely Hunsaker,CHC,A,23,36.1,8.917432441002024,3.71559685041751,2.4,0.9908258267780027,0.21556886,0.08982036,0.1257485,0.31543624,1.7064222572287824,0.39449541,0.57239057,5.944954960668016,4.553447813265732,1.391507147402284,4.547612828530801,sa3059549
Caden Hunter,BAL,"A,A+",22,39.1,14.41525540232702,5.262712289738436,2.73913043,0.45762715562942924,0.37951807,0.13855422,0.24096386,0.15714286,1.1440678890735732,0.26666667,0.86283186,1.830508622517717,3.048647126047104,-1.2181385035293872,3.306644742619312,sa3059552
Lucas Kelly,SEA,A+,22,22.0,16.363636363636363,7.363636363636363,2.22222222,0.0,0.38834951,0.17475728,0.21359223,0.20731707,1.5909090909090908,0.4047619,0.63157895,4.909090909090909,2.8786901734092023,2.030400735681707,3.7161991620605646,sa3059658
Griffin Kirn,OAK,"A,A+",24,26.1,8.544304828922034,3.075949738411932,2.77777778,0.34177219315688134,0.21186441,0.07627119,0.13559322,0.28971963,1.5189875251416949,0.37037037,0.66502463,3.4177219315688134,4.253854249010049,-0.8361323174412352,5.050352691151176,sa3059692
Matt Lanzendorfer,LAD,"A,A+",24,27.2,11.710846064658583,4.8795191936077424,2.4,0.9759038387215485,0.30252101,0.12605042,0.17647059,0.18,1.1927713584374482,0.24590164,0.57926829,5.530121752755441,4.974622170456116,0.5554995822993254,4.752562395404442,sa3059755
Carson Latimer,CIN,CPX,22,10.0,14.4,15.3,0.94117647,1.8,0.24615385,0.26153846,-0.01538462,0.34042553,3.3,0.48275862,0.38461538,18.0,9.617668151855469,8.382331848144531,8.209676557779312,sa3059763
Carson Laws,MIA,A+,23,45.1,11.117648306190077,6.948530191368798,1.6,2.5808826425084104,0.25806452,0.16129032,0.09677419,0.26256983,1.8088237323563219,0.30909091,0.64371257,7.94117736156434,7.719134804451802,0.2220425571125384,6.373536059139357,sa3059768
Zack Mack,NYM,A,23,17.0,12.176470588235293,3.176470588235294,3.83333333,1.0588235294117647,0.32394366,0.08450704,0.23943662,0.234375,1.2352941176470589,0.33333333,0.88541667,2.1176470588235294,3.8059026157154756,-1.6882555568919462,3.5659824474769484,sa3059884
Mason Peters,SEA,A,22,44.2,12.69402840525745,1.611940114953327,7.875,0.40298502873833175,0.37058824,0.04705882,0.32352941,0.1835443,0.8283581146287929,0.29032258,0.89005236,1.410447600584161,3.1181651280913463,-1.7077175275071852,3.3438411994802664,sa3060252
Nick Potter,HOU,A,22,38.0,9.947368421052632,4.5,2.21052632,0.7105263157894737,0.28767123,0.13013699,0.15753425,0.15748031,1.0263157894736843,0.20731707,0.8908046,1.894736842105263,3.933457339437384,-2.038720497332121,4.347860224113653,sa3060295
Tyler Schmitt,SDP,A,21,54.1,9.773007049842043,4.638037243992835,2.10714286,0.9938651237127502,0.25213675,0.11965812,0.13247863,0.24019608,1.4171780467755881,0.30935252,0.73654391,4.472393056707376,5.47124627074685,-0.9988532140394737,5.876900635990761,sa3060515
Angelo Smith,LAA,"A,CPX",22,13.0,10.384615194162677,5.538461436886761,1.875,1.3846153592216903,0.24590164,0.13114754,0.1147541,0.2745098,1.6923076612709547,0.35294118,0.61320755,6.230769116497606,6.605701816403521,-0.3749326999059148,6.096479631190179,sa3060599
Ty Van Dyke,STL,"A,A+",22,52.1,8.426752104227837,3.6114651875262163,2.33333333,0.8598726636967181,0.23557692,0.10096154,0.13461539,0.2,1.1082803220979922,0.24427481,0.73584906,3.0955415893081852,4.508861256361658,-1.4133196670534725,4.84495092717138,sa3060817
Ethan Young,STL,A,22,27.1,11.524391584209301,4.939024964661129,2.33333333,0.9878049929322258,0.26315789,0.11278195,0.15037594,0.2991453,1.8292685054300477,0.40506329,0.53418803,7.243903281502989,4.369030378149928,2.8748729033530616,4.603488655570463,sa3060988
Sean Youngerman,PHI,A,21,35.2,7.317755965793507,4.289719014430677,1.70588235,1.5140184756814155,0.18831169,0.11038961,0.07792208,0.24626866,1.4018689589642734,0.27272727,0.65022422,5.551401077498523,5.990069420646549,-0.4386683431480254,5.5153023223787,sa3060992
Hayden Cuthbertson,MIA,"A,A+",22,11.2,10.02856859353204,11.571425300229278,0.86666667,3.085713413394474,0.2,0.23076923,-0.03076923,0.24444444,2.2285707985626755,0.25,0.51181102,13.885710360275132,11.289931072314417,2.595779287960715,8.922283030690712,sa3062581
Conner Ware,NYM,A,22,43.1,9.969231939372364,4.569231305545666,2.18181818,2.076923320702576,0.25531915,0.11702128,0.13829787,0.23312883,1.3846155471350505,0.26666667,0.71428571,5.400000633826697,6.262463996932386,-0.8624633631056886,5.069169115655718,sa3062918
Nate Williams,CHC,A+,24,19.2,11.440676116834073,3.6610163573869032,3.125,0.9152540893467258,0.27777778,0.08888889,0.18888889,0.2804878,1.5762709316526944,0.38181818,0.56737589,5.949151580753718,3.947075557708741,2.002076023044977,4.065435488206261,sa3062924
Christian Herberholz,BAL,"AA,AAA",25,48.2,8.506848759399782,3.5136984006216494,2.42105263,1.479451958156484,0.21100917,0.08715596,0.12385321,0.28787879,1.5616437336096218,0.34027778,0.68389058,4.808218864008572,5.035319285000308,-0.22710042099173577,5.014903146900249,sa3066289
Trevor Kuncl,CIN,AAA,27,29.0,9.931034482758621,7.137931034482759,1.39130435,0.6206896551724138,0.23880597,0.17164179,0.06716418,0.24324324,1.7241379310344827,0.32467532,0.72033898,4.9655172413793105,4.621276651579758,0.3442405897995524,5.789728486949,sa3066360
Owen Hall,DET,CPX,20,25.2,9.46753129494267,3.857142379421088,2.45454545,2.1038958433205934,0.22881356,0.09322034,0.13559322,0.24,1.363636194744829,0.26865672,0.5952381,7.363635451622077,7.1680630833810755,0.19557236824100155,5.805629759373313,sa3066594
Xavier Martinez,CLE,A+,23,16.0,9.0,5.625,1.6,1.6875,0.21052632,0.13157895,0.07894737,0.24590164,1.5625,0.28571429,0.7751938,5.625,7.19707555770874,-1.5720755577087404,6.640714919008315,sa3066661
Levi Sterling,PIT,A,19,58.2,9.511362811750688,3.3749997073954057,2.81818182,1.2272726208710565,0.25619835,0.09090909,0.16528926,0.20833333,1.1420453555327887,0.25342466,0.63545151,4.142045095439816,4.735715364227618,-0.5936702687878022,4.484316064160769,sa3066664
Ivran Romero,MIN,A+,24,38.1,10.80000143299951,4.226087517260678,2.55555556,1.8782611187825236,0.2459893,0.09625668,0.14973262,0.31927711,1.852174158799433,0.40178571,0.49363057,9.626088233760434,5.903597556440536,3.7224906773198985,4.576150157940438,sa3066699
Ben Vespi,BAL,"A+,AA",25,35.0,9.771428571428572,3.085714285714286,3.16666667,1.542857142857143,0.22485207,0.07100592,0.15384615,0.30967742,1.7142857142857142,0.37837838,0.61567164,6.685714285714286,4.823877173997815,1.8618371117164711,4.474727637337076,sa3066731
Vicarte Domingo,SDP,"A,A+",23,28.2,11.616277781610957,5.965115617584005,1.94736842,1.5697672677852643,0.28244275,0.14503817,0.13740458,0.24545455,1.6046509848471593,0.32352941,0.65853659,5.965115617584005,6.350452880032995,-0.38533726244898947,5.412486701241935,sa3066779
Trace Willhoite,NYM,A+,25,1.0,0.0,0.0,0.0,0.0,0.0,0.0,0.0,0.0,0.0,0.0,1.0,0.0,3.5943119049072267,-3.5943119049072267,5.49689459502697,sa3066861
Tyler LaPorte,ATL,AA,29,23.1,12.7285731627019,6.171429412219104,2.0625,0.771428676527388,0.33,0.16,0.17,0.16666667,1.28571446087898,0.24489796,0.84558824,1.9285716913184698,4.0020837978440955,-2.0735121065256257,3.878099140541558,sa3067023
Calvin Schapira,SEA,A+,26,20.1,12.836067580561963,6.196722280271293,2.07142857,0.8852460400387561,0.29292929,0.14141414,0.15151515,0.24691358,1.672131408962095,0.36,0.71022727,3.5409841601550243,4.733384828406066,-1.1924006682510413,5.085779438446701,sa3067024
Brayden Spears,CHC,A+,25,33.1,9.720001483154523,4.590000700378525,2.11764706,1.080000164794947,0.24,0.11333333,0.12666667,0.25581395,1.5000002288818708,0.3258427,0.64049587,5.6700008651734715,5.237075754547149,0.43292511062632233,5.376740516420739,sa3067025
Carson Swilling,SDP,A,24,24.2,11.675674170974245,8.39189081038774,1.39130435,0.7297296356858903,0.28318584,0.20353982,0.07964602,0.15730337,1.4999998066876634,0.21818182,0.73863636,4.378377814115342,5.929378986567652,-1.5510011724523105,6.205061960985702,sa3067026
Noah Beal,TBR,A+,24,28.2,10.360463967382746,4.0813948962416875,2.53846154,0.6279069071141058,0.27272727,0.10743802,0.16528926,0.21296296,1.2558138142282116,0.28767123,0.72289157,3.7674414426846345,3.5594281878453318,0.20801325483930277,4.378049606709957,sa3067027
Cody Morse,LAD,A+,23,13.1,10.125002413988689,2.7000006437303172,3.75,0.6750001609325793,0.26785714,0.07142857,0.19642857,0.28846154,1.4250003397465563,0.38888889,0.68181818,4.7250011265280545,3.572075468301752,1.1529256582263026,3.924938630995291,sa3067028
Jackson Dannelley,WSN,"A,CPX",24,12.2,12.07895343125666,7.105266724268624,1.7,1.4210533448537248,0.29824561,0.1754386,0.12280702,0.19148936,1.500000752901154,0.25,0.67901235,4.263160034561174,5.529475255308709,-1.2663152207475346,4.634265844299329,sa3067029
Braylon Doughty,CLE,A+,20,53.2,11.236023779825361,1.8447203220608803,6.09090909,0.6708073898403201,0.2887931,0.04741379,0.24137931,0.25791855,1.267080625253938,0.35333333,0.625,3.3540369492016007,3.034032165981638,0.3200047832199626,3.714607354355103,sa3067030
Cole Reynolds,CHC,A+,24,43.1,9.761539607302106,5.6076929658969545,1.74074074,0.8307693282810303,0.24736842,0.14210526,0.10526316,0.25477707,1.5461540276341397,0.33962264,0.60830861,6.646154626248243,5.262460327487037,1.3836942987612053,5.574181407364101,sa3067031
Ryan Dromboski,PHI,"A+,AA",23,53.1,8.943750573070757,4.725000302754362,1.89285714,0.33750002162531156,0.22457627,0.11864407,0.1059322,0.24,1.425000091306871,0.31724138,0.54187192,6.243750400068264,4.117919802491982,2.1258305975762823,5.483918085502593,sa3067032
Victor Diaz,CIN,A+,23,30.2,13.499998600586746,7.043477530740911,1.91666667,0.8804346913426139,0.32857143,0.17142857,0.15714286,0.20175439,1.5326085367815871,0.30769231,0.73660714,3.2282605349229176,4.762292864507457,-1.5340323295845395,4.818416806819258,sa3067034
Trent Buchanan,ATL,A+,24,15.2,13.212763276452556,6.893615622496986,1.91666667,1.148935937082831,0.36507937,0.19047619,0.17460318,0.14285714,1.2127657113652104,0.20833333,0.76923077,4.021275779789908,4.998566939119575,-0.9772911593296669,4.796289891744576,sa3067035
Kenny Serwa,DET,AA,28,51.2,7.316128312030589,4.877418874687059,1.5,0.6967741249552942,0.175,0.11666667,0.05833333,0.25592417,1.5870966179537258,0.3030303,0.62015504,5.225805937164707,4.627007631903271,0.5987983052614361,5.25410974725437,sa3067062
Ben Peterson,SFG,"A+,AA",24,28.2,14.441858863624432,3.7674414426846345,3.83333333,1.2558138142282116,0.39655172,0.10344828,0.29310345,0.22115385,1.2209300971663168,0.35185185,0.88435374,2.511627628456423,3.463283568671475,-0.9516559402150517,2.495265127064348,sa3067064
Logan Tabeling,LAD,A+,24,24.1,11.835617984565053,3.698630620176579,3.2,0.3698630620176579,0.32,0.1,0.22,0.17777778,1.068493290273234,0.26315789,0.77235772,2.2191783721059477,3.0840617463342053,-0.8648833742282576,3.4956902944293398,sa3067065
Chris Veach,NYY,"A+,AA",24,22.1,13.298509355589077,4.029851319875478,3.3,0.4029851319875478,0.36666667,0.11111111,0.25555556,0.12987013,0.895522515527884,0.20930233,0.74074074,2.014925659937739,2.9560478269855905,-0.9411221670478516,3.727323560289363,sa3067067
Aric McAtee,CHW,"A+,AA",26,24.0,10.5,5.25,2.0,0.75,0.26415094,0.13207547,0.13207547,0.23076923,1.4583333333333333,0.31147541,0.51204819,6.375,4.237343775552473,2.137656224447527,4.592448825460634,sa3067068
Bryce Meccage,MIL,A+,20,16.2,8.099998455047903,10.259998043060676,0.78947368,1.079999794006387,0.19480519,0.24675325,-0.05194805,0.18965517,1.7999996566773115,0.2195122,0.58823529,6.479998764038322,7.127074951171991,-0.6470761871336697,7.372968691119073,sa3067069
Dasan Hill,MIN,A+,20,33.0,14.454545454545455,8.181818181818182,1.76666667,0.5454545454545454,0.32919255,0.1863354,0.14285714,0.26153846,1.9393939393939394,0.42666667,0.61093248,6.818181818181818,4.341014951648134,2.4771668665336843,4.572505799838991,sa3067070
Garrett Hodges,MIL,"A,A+",23,32.0,12.375,6.75,1.83333333,0.28125,0.31654676,0.17266187,0.14388489,0.15178571,1.28125,0.23880597,0.77464789,3.09375,3.9492837309837343,-0.8555337309837343,4.410896639619023,sa3067071
Wei-En Lin,OAK,"AA,AAA",20,53.0,9.169811630130207,2.886792550226176,3.17647059,0.33962265296778543,0.25233645,0.07943925,0.1728972,0.18848168,1.0000000337384793,0.25185185,0.65836299,3.2264152031939615,3.4203075162753147,-0.19389231308135324,4.719429339196662,sa3067072
Tanner Gillis,MIL,AA,25,48.0,6.9375,1.6875,4.11111111,1.875,0.19270833,0.046875,0.14583333,0.22099448,1.0208333333333333,0.2238806,0.75675676,3.9375,5.513393274943034,-1.5758932749430343,4.76767585190634,sa3067074
Jack Sokol,NYY,A+,24,22.2,8.735292892555224,3.176470142747354,2.75,0.7941175356868385,0.21568627,0.07843137,0.1372549,0.26666667,1.411764507887713,0.33333333,0.81325301,3.176470142747354,4.388429440594066,-1.2119592978467115,4.5843701355515885,sa3067081
Tony Rossi,NYY,"A+,AA",26,22.1,13.701494487576625,2.014925659937739,6.8,0.0,0.4,0.05882353,0.34117647,0.11842105,0.6268657608695188,0.21428571,0.77777778,0.8059702639750956,1.7527915895490052,-0.9468213255739095,2.603484515260954,sa3067082
Jonathan Clark,CHW,"A+,AA",26,27.2,11.710842027912136,4.879517511630057,2.4,0.6506023348840075,0.3,0.125,0.175,0.21904762,1.3734938180884604,0.31343284,0.76704545,3.253011674420038,3.599618891015997,-0.34660721659595906,4.37547093522183,sa3067083
Jacob Zibin,CLE,A,21,44.0,11.659090909090908,4.090909090909091,2.85,1.6363636363636365,0.28787879,0.1010101,0.18686869,0.28,1.5681818181818181,0.37272727,0.70723684,5.113636363636363,4.958576956662265,0.15505940697409848,3.9400833354754883,sa3067084
Jack Eshleman,TOR,"A,A+",22,34.1,9.699030024244255,2.3592235194107647,4.11111111,1.3106797330059805,0.26811594,0.06521739,0.20289855,0.2265625,1.106796218982828,0.27906977,0.6875,4.194175145619138,4.3243657438915495,-0.13019059827241186,4.247541040966103,sa3067088
Mailon Felix,TEX,A+,26,11.2,8.485711973541267,9.257140334772291,0.91666667,3.0857134449240973,0.16176471,0.17647059,-0.01470588,0.41509434,2.9142849202060916,0.47368421,0.47770701,16.971423947082535,10.02288158183243,6.9485423652501055,7.84883854521298,sa3067089
J'Briell Easley,TEX,A+,24,29.1,9.818182882198732,4.909091441099366,2.0,1.8409092904122624,0.26446281,0.1322314,0.13223141,0.18269231,1.1931819474894294,0.1969697,0.76086957,4.602273226030656,5.810221235959024,-1.2079480099283684,5.615839699821342,sa3067101
Kash Mayfield,SDP,A+,21,42.0,10.928571428571429,3.857142857142857,2.83333333,1.0714285714285714,0.31677019,0.11180124,0.20496894,0.16428571,0.9761904761904762,0.21428571,0.81081081,3.0,4.56612317675636,-1.56612317675636,4.536061933210918,sa3067104
Hunter Dryden,SFG,A+,24,50.0,11.16,5.04,2.21428571,1.26,0.27927928,0.12612613,0.15315315,0.21465969,1.38,0.27868852,0.7073955,4.68,4.851417446136475,-0.17141744613647525,4.652834848165512,sa3067105
Johnny King,TOR,A+,19,47.1,12.549297123148435,5.323944234062973,2.35714286,0.760563462008996,0.31730769,0.13461538,0.18269231,0.20338983,1.3521128213493263,0.29906542,0.84690554,2.471831251529237,3.926065362973057,-1.45423411144382,4.5402387409723355,sa3067123
Myles Caba,LAD,"A+,AA",24,30.2,10.565216296111366,4.4021734567130695,2.4,0.5869564608950759,0.27480916,0.11450382,0.16030534,0.18965517,1.2065216140621005,0.25641026,0.52631579,3.5217387653704555,3.7239407936526137,-0.20220202828215816,4.893938211093762,sa3067130
Ryan Sloan,SEA,AA,20,51.2,10.974192468045883,2.090322374865883,5.25,1.2193547186717648,0.29166667,0.05555556,0.23611111,0.26108374,1.2580643922803922,0.34586466,0.67615658,4.354838280970589,3.7323548979069523,0.6224833830636367,3.2972546591167715,sa3067131
Charlie McDaniel,SFG,"A+,AA",24,52.1,8.426752411350558,2.235669007093005,3.76923077,1.0318472340429254,0.22477064,0.05963303,0.16513762,0.27941176,1.337579747833422,0.34228188,0.68690096,4.47133801418601,4.048010572478969,0.4233274417070412,4.006749841671496,sa3067132
Michael Carpenter,MIN,"A,CPX",21,2.2,10.125025045188629,13.500033393584838,0.75,0.0,0.2,0.26666667,-0.06666667,0.36363636,3.0000074207966305,0.5,0.625,10.125025045188629,6.188096319152772,3.936928726035857,8.48752555539723,sa3067133
Lucas Elissalt,DET,A+,21,49.1,10.216217269507462,4.013513927306503,2.54545455,1.4594596099296373,0.26540284,0.1042654,0.16113744,0.26595745,1.4594596099296373,0.33870968,0.7605178,4.7432437322713215,5.183562171676906,-0.44031843940558435,4.3674288666773675,sa3067134
Kyle Roche,LAA,A+,24,38.0,8.763157894736842,3.3157894736842106,2.64285714,1.1842105263157894,0.21022727,0.07954545,0.13068182,0.29813665,1.631578947368421,0.36134454,0.67857143,5.447368421052632,4.598785867189106,0.8485825538635261,4.682291963931761,sa3067135
Boston Bateman,BAL,A+,20,53.1,11.137501062154872,4.556250434517902,2.44444444,0.33750003218651126,0.28571429,0.11688312,0.16883117,0.24120603,1.4062501341104636,0.35114504,0.63471503,4.050000386238135,3.406811887025832,0.6431884992123025,4.167881849998201,sa3067145
Cohen Achen,BAL,"A+,AA",24,27.1,7.902440012387882,4.280488340043436,1.84615385,0.6585366676989902,0.192,0.104,0.088,0.27522936,1.573170928392032,0.3373494,0.76388889,3.951220006193941,4.516427601985742,-0.5652075957918012,5.074806648452904,sa3067146
Michael Caldon,BAL,"A,A+,AA",23,24.0,9.000003576280108,7.125002831221752,1.26315789,0.0,0.19672131,0.1557377,0.04098361,0.28431373,2.000000794728913,0.37179487,0.65306122,4.125001639128382,4.094997955762346,0.030003683366036427,5.569123337594819,sa3067147
Grant Umberger,CHW,A+,24,58.1,7.8685721146564696,3.394286010243967,2.31818182,1.5428572773836213,0.18819188,0.08118081,0.10701107,0.27530364,1.5428572773836213,0.31182796,0.61538462,5.708571926319399,5.3085977686668055,0.3999741576525935,5.20004704247822,sa3067156
Jayden Voelker,TBR,A,23,10.0,3.6,10.8,0.33333333,1.8,0.07142857,0.21428571,-0.14285714,0.31818182,2.6,0.31578947,0.56034483,11.7,9.017667865753175,2.682332134246824,8.341221987456084,sa3067208
Jorge Corona,CHW,AA,25,0.1,0.0,0.0,0.0,0.0,0.0,0.0,0.0,0.0,0.0,0.0,1.0,0.0,3.659226608276368,-3.659226608276368,8.991670243996918,sa3067209
Brady Smith,LAD,A,21,42.0,15.0,4.285714285714286,3.5,0.6428571428571429,0.37837838,0.10810811,0.27027027,0.22560976,1.3571428571428572,0.37362637,0.53903346,4.285714285714286,3.6462388810657322,0.6394754046485533,3.6157676441328865,sa3067255
Nico Tellache,SEA,AA,28,61.0,6.639344262295082,3.3934426229508197,1.95652174,0.5901639344262295,0.17786561,0.09090909,0.08695652,0.22368421,1.2131147540983607,0.26256983,0.65340909,3.8360655737704916,4.261492927738878,-0.4254273539683866,4.9379369716175265,sa3067257
Jackson Kirkpatrick,CHC,"A+,AA",23,21.1,12.656251885928494,10.968751634471362,1.15384615,0.42187506286428317,0.26086957,0.22608696,0.03478261,0.26190476,2.250000335276177,0.39622642,0.54263566,8.859376320149947,5.927917899316898,2.9314584208330485,6.566031890998607,sa3067258
Ethan Bell,CHC,A+,24,22.1,12.89552422360153,6.850747243788312,1.88235294,0.4029851319875478,0.32,0.17,0.15,0.17073171,1.3880598990682202,0.26530612,0.75163399,2.4179107919252867,4.0814039350379225,-1.6634931431126359,4.609170165377888,sa3067260
Tucker Musgrove,SDP,A+,24,19.0,18.94736842105263,6.157894736842105,3.07692308,0.9473684210526315,0.43956044,0.14285714,0.2967033,0.22972973,1.5789473684210527,0.46875,0.76923077,3.789473684210526,3.7891808208666347,0.0002928633438914474,3.1662267597098097,sa3067261
Darien Smith,SFG,AA,26,31.2,8.526314933544466,4.263157466772233,2.0,0.8526314933544467,0.234375,0.1171875,0.1171875,0.18018018,1.1052630469409495,0.21794872,0.82317073,2.8421049778481557,4.509859933615401,-1.6677549557672449,4.818215873105976,sa3067264
Shai Romero,LAD,DSL,18,4.2,11.571420689023775,26.99998160772214,0.42857143,0.0,0.17647059,0.41176471,-0.23529412,0.26315789,4.071425797989846,0.38461538,0.45,19.285701148372958,11.655880865762061,7.629820282610897,12.027602806247511,sa3067273
Joseph Deng Thon,LAD,DSL,18,1.1,6.750016696792419,13.500033393584838,0.5,0.0,0.125,0.25,-0.125,0.4,3.0000074207966305,0.5,0.4,20.250050090377258,9.834470097752746,10.415579992624512,11.135500993926591,sa3067274
Dylan Hecht,SFG,AA,32,28.0,10.607142857142858,7.714285714285714,1.375,2.892857142857143,0.23404255,0.17021277,0.06382979,0.28947368,2.0357142857142856,0.33333333,0.5907173,10.285714285714286,8.27677732195173,2.0089369637625563,6.174720697849989,sa3067284
Jack Mathey,SDP,CPX,22,1.1,6.750016696792419,0.0,1.0,0.0,0.25,0.0,0.25,0.0,0.0,0.0,1.0,0.0,3.3176644414571537,-3.3176644414571537,6.670196375916678,sa3067286
Trent Youngblood,ARI,A+,24,0.2,0.0,0.0,0.0,0.0,0.0,0.0,0.0,0.0,0.0,0.0,1.0,0.0,3.6514174461364743,-3.6514174461364743,6.415183188724205,sa3067290
Edgar Colon,CIN,A,20,43.1,11.215385931793909,4.984615969686182,2.25,1.453846324491803,0.27411168,0.12182741,0.15228426,0.26627219,1.592307879205308,0.35185185,0.61708861,5.815385297967212,5.29323311393785,0.5221521840293617,4.6385972441291115,sa3067292
Bryce Shaffer,TBR,A,24,24.0,12.375,4.875,2.53846154,0.0,0.31132075,0.12264151,0.18867925,0.21978022,1.375,0.34482759,0.51428571,1.875,2.7426678657531744,-0.8676678657531744,3.6058011254916593,sa3067293
Ryan Cabarcas,BAL,A+,25,15.0,10.2,4.2,2.42857143,1.2,0.25757576,0.10606061,0.15151515,0.25862069,1.4666666666666666,0.33333333,0.64356436,5.4,4.660978571573893,0.7390214284261072,4.449711390336355,sa3067309
Kevin Davis,WSN,"A,CPX",27,13.0,10.384615384615385,6.230769230769231,1.66666667,0.6923076923076923,0.26785714,0.16071429,0.10714286,0.17391304,1.3076923076923077,0.23333333,0.6626506,4.846153846153846,4.814373463850755,0.03178038230309088,5.507733233731527,sa3067311
Mathias LaCombe,CHW,"A+,CPX",24,19.2,13.271184295527524,3.20338931271354,4.14285714,0.9152540893467258,0.35802469,0.08641975,0.27160494,0.20547945,1.1186438869793316,0.30952381,0.84158416,2.745762268040177,3.374145944266555,-0.6283836762263779,3.558019406570014,sa3067312
Trey Gregory-Alford,LAA,A,20,58.1,9.102857936563366,3.240000282505605,2.80952381,0.7714286386918107,0.23694779,0.08433735,0.15261044,0.25,1.3200001150948761,0.31875,0.77027027,3.7028574657206916,4.928143675854744,-1.2252862101340525,4.797863377570025,sa3067313
Kannon Kemp,SDP,CPX,21,1.0,9.0,9.0,1.0,9.0,0.2,0.2,0.0,0.25,2.0,0.0,0.0,18.0,18.817668151855468,-0.817668151855468,5.817668151855469,sa3067314
Josiah Romeo,OAK,"A,CPX",20,47.2,8.118882201785935,4.153846707890478,1.95454545,1.1328672839701304,0.20187793,0.10328638,0.09859155,0.28191489,1.5734267832918478,0.3381295,0.61781609,4.7202803498755435,6.053565325334303,-1.33328497545876,5.49930577371538,sa3067315
Mitch Mueller,MIN,"A,A+,AA",24,25.0,11.15999992017746,3.239999976825714,3.44444444,1.0799999922752381,0.28181818,0.08181818,0.2,0.24,1.3199999905586244,0.31818182,0.46979866,5.75999995880127,4.059287940357866,1.7007120184434044,3.7302390492597164,sa3067317
Zachary Redner,LAA,A+,21,36.0,7.5,3.0,2.5,0.5,0.2,0.08,0.12,0.25735294,1.3055555555555556,0.31730769,0.64935065,3.5,3.8736396683586976,-0.37363966835869755,4.942756116307445,sa3067318
Shotaro Morii,OAK,"A,CPX",19,9.2,11.172410119020489,3.724136706340163,3.0,1.8620683531700815,0.24,0.08,0.16,0.38636364,2.1724130786984284,0.5,0.3960396,12.103444295605529,6.647551892855708,5.4558924027498215,5.654458128680084,sa3067343
Jayden Dubanewicz,MIL,"A,A+,CPX",20,30.0,10.8,3.0,3.6,0.6,0.28571429,0.07936508,0.20634921,0.25217391,1.3,0.35064935,0.72580645,2.7,3.4541371345520018,-0.7541371345520016,4.175144548962514,sa3067382
Dylan Jordan,LAA,A,20,57.2,12.485548031708996,4.526011161494511,2.75862069,0.4682080511890873,0.33472803,0.12133891,0.21338912,0.20095694,1.2312137642379704,0.30952381,0.66371681,3.7456644095126985,4.013428578906833,-0.2677641693941344,4.4747064889274375,sa3067384
Alistair Tanner,DET,A,19,25.2,9.46753129494267,5.6103889155215825,1.6875,0.7012986144401978,0.24107143,0.14285714,0.09821429,0.22105263,1.4415582630159622,0.28787879,0.53977273,6.31168752996178,4.643182871421742,1.668504658540038,5.3383534715517,sa3067385
Kyle DeGroat,KCR,"A,CPX",20,22.1,8.059699198111009,6.850744318394357,1.17647059,1.6119398396222016,0.20408163,0.17346939,0.03061225,0.225,1.5671637329660293,0.25,0.69078947,6.044774398583256,7.468413422500435,-1.423639023917179,7.6048713320848975,sa3067388
Griffin Tobias,MIL,CPX,20,5.0,7.2,1.8,4.0,0.0,0.18181818,0.04545455,0.13636364,0.28571429,1.4,0.35294118,0.71428571,1.8,3.817668151855469,-2.017668151855469,5.009676557779312,sa3067389
Nate Payne,MIA,"A,A+",20,62.2,12.638296846568586,3.015957202022049,4.19047619,1.723404115441171,0.33846154,0.08076923,0.25769231,0.24894515,1.276595641067534,0.34306569,0.76687117,4.308510288602927,4.671544597547082,-0.36303430894415456,4.089140215803476,sa3067390
Hunter Dobbins,DET,A+,23,1.0,0.0,0.0,0.0,0.0,0.0,0.0,0.0,0.25,1.0,0.25,1.0,0.0,3.9470755577087404,-3.9470755577087404,5.717559662461281,sa3067393
Yanuel Casiano,CIN,CPX,19,2.1,3.85714850621175,7.7142970124235,0.5,0.0,0.11111111,0.22222222,-0.11111111,0.0,0.8571441124914999,0.0,1.0,0.0,6.531956376838469,-6.531956376838469,7.80911011081097,sa3067398
Will Armbruester,SEA,"A,A+",25,31.0,7.258064516129032,2.032258064516129,3.57142857,1.4516129032258065,0.18382353,0.05147059,0.13235294,0.2890625,1.4193548387096775,0.32653061,0.60526316,6.387096774193548,5.61560642697905,0.771490347214498,6.083688810734765,sa3067413
Josh Sanders,TEX,"A,A+",24,22.2,8.338234124711805,6.352940285494708,1.3125,4.367646446277612,0.17073171,0.1300813,0.04065041,0.36190476,2.3823526070605157,0.36986301,0.34482759,14.294115642363094,10.435637469666768,3.8584781726963264,6.337150792094521,sa3067414
Ruddy Gomez,MIN,"AA,CPX",26,7.1,13.500005852094933,2.454546518562715,5.5,1.2272732592813576,0.31428571,0.05714286,0.25714286,0.25,1.363636954757064,0.35,0.52083333,1.2272732592813576,3.7842538440523557,-2.556980584770998,2.7262105293002907,sa3067415
John Valle,NYM,CPX,21,10.2,9.281247233972778,10.124996982515757,0.91666667,0.8437497485429798,0.18644068,0.20338983,-0.01694915,0.25,2.156249357387615,0.3125,0.6097561,6.749997988343838,7.504101414978804,-0.7541034266349653,7.495594739934856,sa3067416
Joey Oakie,CLE,A,20,40.2,10.62294949103815,8.631146461468498,1.23076923,0.6639343431898844,0.24489796,0.19897959,0.04591837,0.26143791,1.9426227078518843,0.3627451,0.5964467,6.418031984168883,5.388159447592867,1.0298725365760166,5.5206932957912525,sa3067418
Troy Guthrie,TOR,A,20,62.1,8.374332234129247,1.7326204622336372,4.83333333,0.8663102311168186,0.23293173,0.04819277,0.18473896,0.23076923,1.058823615809445,0.28235294,0.67656766,3.609625962986744,3.8593785607077433,-0.24975259772099934,4.115239653086633,sa3067419
J.T. Etheridge,NYY,A,24,33.2,12.029701152884432,4.544553768867452,2.64705882,0.5346533845726414,0.29411765,0.11111111,0.18300654,0.24427481,1.4554453246699683,0.35714286,0.60546875,5.613860538012735,3.8064850179228933,1.8073755200898414,4.475994261906121,sa3067420
Ethan Dorchies,MIL,A+,19,50.0,8.46,4.14,2.04347826,1.44,0.19831224,0.09704641,0.10126582,0.29326923,1.68,0.34640523,0.57106599,6.48,5.887075557708741,0.5929244422912596,5.294282205700874,sa3067421
Bryce Alewine,DET,"A,CPX",21,17.1,5.711539509028565,4.67307778011428,1.22222222,0.0,0.13095238,0.10714286,0.02380952,0.30136986,1.78846186646349,0.35483871,0.72727273,4.67307778011428,4.741678110008184,-0.06860032989390419,6.660134271205729,sa3067422
Gabriel Rosado,DET,CPX,20,0.2,13.49993200634393,53.99972802537572,0.25,13.49993200634393,0.16666667,0.66666667,-0.5,0.5,7.499962225746627,0.0,1.0,13.49993200634393,38.628928659241375,-25.128996652897445,21.28055972020973,sa3067423
Jay Allmer,BOS,"A,A+,AA",24,31.1,7.468083562625696,9.191487461693164,0.8125,1.4361699158895571,0.16149068,0.19875776,-0.03726708,0.30894309,2.2340420913837553,0.35869565,0.56521739,8.904253478515253,7.653264012932425,1.250989465582828,6.967742939676575,sa3067432
David Shields,KCR,A+,19,58.0,10.39655172413793,2.9482758620689653,3.52631579,0.6206896551724138,0.28151261,0.07983193,0.20168067,0.21698113,1.1206896551724137,0.29787234,0.60240964,4.0344827586206895,3.878110040467361,0.15637271815332854,4.3246841889003225,sa3067433
Carson Messina,TOR,"A,CPX",20,21.2,11.630767524313189,4.569230098837324,2.54545455,0.0,0.32183908,0.12643678,0.1954023,0.16,1.0615383057904895,0.25531915,0.70833333,2.9076918810782972,3.1061117965943685,-0.1984199155160713,3.924795270943101,sa3067436
Tyler Renz,MIL,A,19,55.2,8.40718486057808,5.497005485762592,1.52941176,1.293413055473551,0.21757322,0.14225941,0.07531381,0.21078431,1.3832334065481031,0.24305556,0.77844311,3.880239166420653,5.503895238318769,-1.6236560718981163,5.310213676106884,sa3067437
Ryan McDonagh,KCR,"A,CPX",20,26.0,8.307692307692308,2.769230769230769,3.0,0.6923076923076923,0.23762376,0.07920792,0.15841584,0.16304348,0.8846153846153846,0.1969697,0.66037736,2.769230769230769,4.779206558374258,-2.009975789143489,5.381443991569372,sa3067438
Christian Oliveira,LAD,CPX,20,1.1,6.750016696792419,6.750016696792419,1.0,0.0,0.14285714,0.14285714,0.0,0.33333333,2.250005565597473,0.4,1.0,0.0,5.567670007054627,-5.567670007054627,7.802691296694309,sa3067439
Jagger Beck,HOU,A,19,40.0,11.7,3.6,3.25,0.225,0.31137725,0.09580838,0.21556886,0.2384106,1.3,0.35714286,0.7312253,3.15,2.542667865753174,0.6073321342468261,2.9944877995178105,sa3067440
Maicol Reyes,TEX,CPX,21,10.1,12.193552138283065,12.193552138283065,1.0,0.8709680098773618,0.2295082,0.2295082,0.0,0.30434783,2.709678252951792,0.41935484,0.28985507,16.548392187669872,7.720894851446674,8.827497336223198,7.616386825028904,sa3067441
Christian Fagnant,WSN,A,25,1.0,0.0,9.0,0.0,0.0,0.0,0.2,-0.2,0.25,2.0,0.25,0.5,0.0,6.617667865753174,-6.617667865753174,11.05663891583681,sa3067442
Jacob Denner,SEA,A+,25,11.2,13.114282140927413,3.0857134449240973,4.25,1.5428567224620486,0.32692308,0.07692308,0.25,0.20833333,1.1999996730260378,0.27586207,0.625,3.8571418061551213,3.9942744955724856,-0.13713268941736434,2.871215238030218,sa3067451
Gavin Adams,PIT,A,23,18.2,11.571426600826365,16.874997126205116,0.68571429,0.48214277503443187,0.23300971,0.33980583,-0.10679612,0.2,2.57142813351697,0.3,0.625,8.196427175585342,7.979221222717058,0.2172059528682837,8.205502798490446,sa3067453
Yulian Quintana,PIT,A+,25,15.1,8.80434965140916,9.978262938263715,0.88235294,1.760869930281832,0.18292683,0.20731707,-0.02439024,0.26229508,2.15217435923335,0.30232558,0.6097561,9.391306294836436,8.289965052325446,1.1013412425109905,7.855871857896568,sa3067459
Dawson Netz,CHC,AA,25,35.1,12.226416854342602,4.8396233381772795,2.52631579,1.273585088994021,0.32876712,0.13013699,0.19863014,0.184,1.1886794163944197,0.25,0.89189189,2.801887195786846,4.564887116005449,-1.7629999202186033,4.636876136895777,sa3067466
Aidan Deakins,TEX,"A,A+",22,52.2,8.202532969956199,2.7341776566520664,3.0,1.196202724785279,0.23076923,0.07692308,0.15384615,0.20634921,1.0443039660823863,0.23880597,0.85062241,2.0506332424890497,4.60353157322878,-2.5528983307397306,4.292477513863223,sa3067473
Jake Curtis,CHW,"A+,AAA",24,39.2,9.075629088377228,1.3613443632565843,6.66666667,0.9075629088377228,0.23255814,0.03488372,0.19767442,0.27710843,1.3109242016544884,0.3442623,0.58189655,4.537814544188614,3.3369168827980134,1.2008976613906008,4.2748119037652215,sa3067491
Enyel Lopez,TEX,CPX,20,22.1,13.298509355589077,8.059702639750956,1.65,0.4029851319875478,0.32038835,0.19417476,0.12621359,0.25,1.791045031055768,0.41304348,0.625,6.044776979813217,5.534086164277776,0.5106908155354413,5.685882405949423,sa3067495
Beau Blanchard,CIN,A+,24,50.0,7.56,3.96,1.90909091,1.62,0.19090909,0.1,0.09090909,0.26903553,1.5,0.30136986,0.70977918,5.4,5.9870755577087404,-0.5870755577087401,5.984114575982094,sa3067505
Eston Stull,MIN,A+,27,24.2,13.49999826018897,6.202701903330068,2.17647059,1.4594592713717807,0.31623932,0.14529915,0.17094017,0.26262626,1.7432430185829602,0.37931034,0.57291667,6.202701903330068,5.244372687816989,0.9583292155130785,5.146003305889111,sa3067506
Logan Berrier,DET,A+,25,30.0,9.0,5.4,1.66666667,0.6,0.21126761,0.12676056,0.08450704,0.27419355,1.7333333333333334,0.34782609,0.6097561,4.8,4.613742224375407,0.18625777562459245,4.986414431035518,sa3067508
Aiden Butler,SEA,A,22,49.2,8.335569616169808,2.718120527011894,3.06666667,1.6308723162071366,0.20264317,0.0660793,0.13656388,0.30805687,1.6107380900811226,0.35897436,0.49707602,7.2483214053650515,6.020799293026661,1.2275221123383906,5.51423236276188,sa3067513
Ramon Marquez,PHI,"A,A+",20,34.0,14.029411764705882,2.911764705882353,4.81818182,0.5294117647058824,0.40458015,0.08396947,0.32061069,0.15254237,0.8529411764705882,0.25396825,0.70921986,1.588235294117647,2.518730971392464,-0.930495677274817,2.5666458305190596,sa3067514
Dariel Fregio,DET,"A+,AA",26,35.0,8.228571428571428,3.857142857142857,2.13333333,1.542857142857143,0.21052632,0.09868421,0.11184211,0.23529412,1.3428571428571427,0.26530612,0.73232323,3.857142857142857,5.377872630528041,-1.5207297733851841,5.495141395500728,sa3067524
Chung-Hsiang Huang,ARI,A,20,21.2,10.38461386099392,1.661538217759027,6.25,0.41538455443975675,0.25773196,0.04123711,0.21649485,0.28888889,1.3846151814658558,0.390625,0.66455696,4.984614653277081,3.812539355712514,1.1720752975645672,4.347930154884137,sa3067525
Brent Francisco,MIN,"A,A+",25,32.1,8.350516284914733,2.783505428304911,3.0,2.226804342643929,0.20134228,0.06711409,0.13422819,0.31386861,1.6391754188906698,0.35353535,0.57077626,8.072165742084241,6.301717094012193,1.7704486480720485,4.875123739019586,sa3067529
Aiden Taggart,TOR,"A,CPX",19,3.0,18.0,12.0,1.5,0.0,0.46153846,0.30769231,0.15384615,0.11111111,1.6666666666666667,0.33333333,0.8,3.0,4.001761309305827,-1.0017613093058273,4.5236983840664236,sa3067534
Victor Zarraga,CHC,A,22,31.2,8.526314933544466,9.66315692468373,0.88235294,0.5684209955696311,0.1910828,0.21656051,-0.02547771,0.27272727,2.1157892612869604,0.34831461,0.70996979,5.9684204534811265,5.954509736428324,0.013910717052802113,6.114703320891811,sa3067535
Chase Mobley,CLE,A,20,25.2,8.415583373282374,15.428569517684352,0.54545455,0.3506493072200989,0.17021277,0.31205674,-0.14184397,0.25,2.6103892870829584,0.32835821,0.50991501,12.272725752703462,7.981303688936627,4.291422063766834,8.973683401119798,sa3067542
Kendry Chourio,KCR,"A,A+",18,52.2,9.227847544280937,1.5379745907134894,6.0,0.8544303281741609,0.25714286,0.04285714,0.21428572,0.21212121,0.9683543719307156,0.26618705,0.74468085,2.5632909845224825,3.51394452282936,-0.9506535383068777,3.605258162184148,sa3067545
Cole Miller,OAK,A,21,47.1,9.697184140614699,3.232394713538233,3.0,2.281690386026988,0.22767857,0.07589286,0.15178571,0.30049261,1.6478875010194913,0.35,0.52147239,8.366198082098956,7.022832037356874,1.3433660447420817,5.840590046549704,sa3067552
Logan Mercado,ARI,"A+,AA,AAA",24,36.0,11.50000312262196,3.5000009503632055,3.28571429,1.5000004072985165,0.27878788,0.08484848,0.19393939,0.29530201,1.6111115485798881,0.39175258,0.50387597,7.250001968609497,4.630134273283039,2.619867695326458,4.017706221655362,sa3067558
Maximo Rodriguez,SEA,CPX,20,8.1,12.960004943849542,7.560002883912233,1.71428571,0.0,0.30769231,0.17948718,0.12820513,0.34375,2.1600008239749235,0.55,0.66666667,5.400002059937309,4.457668014526315,0.9423340454109939,4.815270672718056,sa3067559
Dani Richar,BOS,DSL,20,3.0,6.0,18.0,0.33333333,0.0,0.125,0.375,-0.25,0.2,2.6666666666666665,0.25,0.75,6.0,9.25112377802531,-3.2511237780253097,9.540241039792697,sa3067561
Kauriel Leon,LAA,DSL,19,5.1,10.12500603497388,11.812507040802862,0.85714286,0.0,0.18181818,0.21212121,-0.03030303,0.32,2.8125016763816335,0.42105263,0.4375,10.12500603497388,6.83445845246395,3.290547582509931,7.810229792533923,sa3067562
Earle Zulueta,STL,CPX,19,20.1,10.622952480465074,6.196722280271293,1.71428571,0.8852460400387561,0.25806452,0.15053763,0.10752688,0.30379747,1.8688527511929296,0.41509434,0.625,7.0819683203100485,5.112709131961059,1.9692591883489898,5.1743265187015846,sa3067563
Daniel Gómez,STL,DSL,18,7.2,9.391300453807808,3.521737670177928,2.66666667,1.173912556725976,0.23529412,0.08823529,0.14705882,0.32258065,1.6956514708264099,0.40909091,0.68965517,4.695650226903904,5.367065482509293,-0.671415255605389,5.029007547502752,sa3067564
Manuel Cruz,NYY,CPX,20,22.2,8.735292892555224,6.7499990533381276,1.29411765,1.1911763035302578,0.20183486,0.1559633,0.04587156,0.24719101,1.72058799398815,0.296875,0.63492063,5.558822749807869,6.5555726687388916,-0.9967499189310223,6.227159804641165,sa3067567
Ranci Castillo,BOS,DSL,19,6.0,6.0,10.5,0.57142857,0.0,0.11764706,0.20588235,-0.08823529,0.34615385,2.6666666666666665,0.40909091,0.58823529,10.5,7.25112377802531,3.2488762219746903,7.973916932443778,sa3067568
Maickol Reyes,PIT,DSL,18,6.2,4.04999806881043,4.04999806881043,1.0,0.0,0.11538462,0.11538462,0.0,0.18181818,1.0499994993212227,0.21052632,0.625,2.6999987125402867,5.484456682205405,-2.784457969665118,6.655381034023083,sa3067569
Asael Arias,BAL,DSL,20,6.2,10.799994850161147,8.09999613762086,1.33333333,0.0,0.28571429,0.21428571,0.07142857,0.09090909,1.199999427795683,0.14285714,0.875,1.3499993562701433,4.884456968307563,-3.5344576120374196,6.1854840258827615,sa3067570
Laurens Sosa,BAL,DSL,18,4.1,8.307698402183535,20.769246005458836,0.4,0.0,0.13333333,0.33333333,-0.2,0.36842105,3.9230798010311134,0.46666667,0.77777778,6.230773801637651,10.353692112874986,-4.122918311237336,11.554641619689288,sa3067571
Carlos Luces,KCR,DSL,19,5.0,14.4,12.6,1.14285714,0.0,0.30769231,0.26923077,0.03846154,0.15789474,2.0,0.27272727,0.8,3.6,5.584457111358643,-1.9844571113586427,5.9313978254795074,sa3067573
Jorge Mitre,PHI,DSL,20,7.1,17.181825629939006,4.90909303712543,3.5,0.0,0.42424242,0.12121212,0.3030303,0.20689655,1.363636954757064,0.4,0.7,2.454546518562715,2.4026379837473404,0.05190853481537472,2.7574638679111034,sa3067575
Jhon Almonte,LAA,CPX,19,32.0,6.75,5.625,1.2,0.28125,0.18181818,0.15151515,0.03030303,0.24074074,1.4375,0.30120482,0.80246914,2.8125,5.973918151855469,-3.161418151855469,6.172984920488671,sa3067577
Berny Ortiz,BOS,CPX,20,16.2,12.959997528076643,6.479998764038322,2.0,0.0,0.31578947,0.15789474,0.15789474,0.203125,1.4999997138977597,0.325,0.52,4.8599990730287415,3.4091025581359604,1.450896514892781,5.130337177279519,sa3067578
Samuel Savinon,LAD,CPX,19,11.1,18.264711005466406,13.500003786649083,1.35294118,0.7941178698028872,0.35384615,0.26153846,0.09230769,0.24444444,2.470588928275649,0.47619048,0.40540541,13.500003786649083,7.20002176126413,6.299982025384953,7.104735033881491,sa3067581
Luis  Fonseca,TOR,"A,CPX",24,23.2,10.647890184399829,2.2816907537999636,4.66666667,1.5211271691999755,0.28571429,0.06122449,0.2244898,0.26966292,1.267605974333313,0.35087719,0.62043796,5.3239450921999145,4.982560259716815,0.3413848324830999,3.9702323515526947,sa3067582
Cristopher Aranguren,CHC,CPX,20,14.2,9.81817969014868,4.90908984507434,2.0,1.227272461268585,0.21917808,0.10958904,0.10958904,0.27419355,1.704545085095257,0.34090909,0.43650794,8.590907228880095,6.658576843758347,1.9323303851217482,6.409724007541569,sa3067583
Fernando Figuera,PIT,DSL,20,2.2,3.374995674943506,13.499982699774025,0.25,0.0,0.0625,0.25,-0.1875,0.2,2.249997116629004,0.22222222,0.625,10.124987024830519,10.584449422369321,-0.45946239753880214,12.86124494107435,sa3067584
Manuel Ruiz,WSN,DSL,20,5.1,11.812507040802862,13.50000804663184,0.875,0.0,0.24137931,0.27586207,-0.03448276,0.05555556,1.68750100582898,0.09090909,0.66666667,3.37500201165796,8.146959234775379,-4.771957223117418,8.797473461488694,sa3067585
Juan Quinones,MIN,DSL,18,6.0,12.0,4.5,2.66666667,3.0,0.26666667,0.1,0.16666667,0.33333333,2.0,0.41176471,0.97826087,3.0,7.75112377802531,-4.75112377802531,4.718818122645219,sa3067587
Keyner Cedeno,MIA,DSL,18,9.2,15.827581001945692,4.655170882925203,3.4,0.9310341765850407,0.32692308,0.09615385,0.23076923,0.31111111,1.9655165950128637,0.48148148,0.40816327,10.241375942435448,4.584457111358643,5.656918831076806,3.8677120881434224,sa3067588
Diego Godoy,MIA,CPX,21,8.1,8.640003295899694,6.480002471924771,1.33333333,2.1600008239749235,0.18604651,0.13953488,0.04651163,0.27777778,1.9200007324221544,0.30769231,0.28169014,11.880004531862081,7.849103839874809,4.030900691987272,6.106091132922635,sa3067589
Yerlin Burgos,OAK,DSL,18,4.0,15.75,15.75,1.0,0.0,0.29166667,0.29166667,0.0,0.23529412,2.75,0.4,0.63636364,4.5,6.334457111358643,-1.8344571113586428,7.201808896660805,sa3067591
Henry Alcantara,SEA,DSL,18,8.2,0.0,7.269228102893791,0.0,0.0,0.0,0.15909091,-0.15909091,0.25,1.7307685959270933,0.25,0.55,7.269228102893791,8.738301741583665,-1.4690736386898742,9.538933865115549,sa3067592
Cesar Maiz,CIN,CPX,18,4.0,4.5,29.25,0.15384615,4.5,0.06666667,0.43333333,-0.36666667,0.4,4.75,0.36363636,0.32967033,33.75,21.567668151855468,12.182331848144532,16.930181286111473,sa3067593
Starlin Alberto,CIN,DSL,18,9.1,9.642860427195831,4.821430213597916,2.0,0.0,0.27777778,0.13888889,0.13888889,0.19354839,1.1785718299906016,0.28571429,0.81818182,0.9642860427195831,4.048742643181097,-3.0844566004615137,4.885117863875884,sa3067594
Jider Corpas,CHC,DSL,18,11.0,4.090909090909091,1.6363636363636365,2.5,1.6363636363636365,0.10869565,0.04347826,0.06521739,0.3255814,1.4545454545454546,0.33333333,0.63380282,5.7272727272727275,6.857184384085915,-1.1299116568131877,5.439749968051911,sa3067596
Ricardo Reyes,OAK,DSL,18,12.0,7.5,3.0,2.5,1.5,0.19230769,0.07692308,0.11538462,0.29166667,1.5,0.33333333,0.65789474,4.5,6.084457111358643,-1.5844571113586428,4.712862914552291,sa3067598
Albert Munoz,CHW,DSL,17,1.1,6.750016696792419,0.0,1.0,0.0,0.25,0.0,0.25,0.0,0.0,0.0,1.0,0.0,3.0844534009603275,-3.0844534009603275,3.7349688490472506,sa3067599
Luis Dorante,CLE,DSL,19,4.2,9.642850574186479,9.642850574186479,1.0,1.9285701148372958,0.17857143,0.17857143,0.0,0.45454545,3.214283524728826,0.5625,0.54794521,11.571420689023775,9.084454045979,2.4869666430447754,7.042185538851584,sa3067600
Luisberth Valdez,ATL,CPX,18,19.1,10.241380994300348,9.310346358454861,1.1,1.8620692716909724,0.20560748,0.18691589,0.01869159,0.35294118,2.586207321793017,0.44067797,0.47413793,12.568967583914063,7.9566892570605505,4.612278326853512,6.750857116930188,sa3067602
Juan Fraide,HOU,"A,CPX",20,29.2,11.224717898345487,3.3370782941027124,3.36363636,0.606741508018675,0.30833333,0.09166667,0.21666667,0.22429907,1.1797751544807569,0.32352941,0.73099415,3.6404490481120497,3.60161991949644,0.03882912861560994,3.8540438247426003,sa3067603
Ismael Obregon,HOU,CPX,18,17.1,9.34615556022856,6.230770373485707,1.5,2.5961543222857113,0.20224719,0.13483146,0.06741573,0.32432432,2.076923457828569,0.37254902,0.6875,8.82692469577142,8.398333973010054,0.42859072276136523,6.055112106079722,sa3067604
Amilcar Teran,CLE,DSL,18,5.2,12.705875225137136,0.0,8.0,3.176468806284284,0.25,0.0,0.25,0.41935484,2.294116360094205,0.52380952,0.26785714,15.88234403142142,6.878573471452848,9.003770559968572,3.5148367024143496,sa3067605
Randy Angomas,NYY,DSL,18,6.0,10.5,13.5,0.77777778,1.5,0.20588235,0.26470588,-0.05882353,0.27272727,2.5,0.35714286,0.18072289,16.5,10.417790444691976,6.082209555308024,8.829358301560084,sa3067607
Maicol Lauriano,BAL,DSL,20,4.0,11.25,9.0,1.25,0.0,0.29411765,0.23529412,0.05882353,0.15384615,1.5,0.25,0.66666667,4.5,5.084457111358643,-0.5844571113586428,5.301295057684183,sa3067608
Luis Rodriguez,NYY,DSL,21,7.1,7.363639555688145,4.90909303712543,1.5,1.2272732592813576,0.16216216,0.10810811,0.05405405,0.40625,2.3181828230870085,0.48,0.6626506,7.363639555688145,6.766276238969946,0.5973633167181998,5.939750555555797,sa3067609
Albertt Medina,PHI,DSL,18,5.2,6.352937612568568,4.7647032094264254,1.33333333,0.0,0.15384615,0.11538462,0.03846154,0.22727273,1.4117639139041263,0.27777778,0.77777778,3.176468806284284,5.290339068310706,-2.113870262026422,6.20871103167314,sa3067610
Reynell Ramos,KCR,DSL,19,9.0,11.0,4.0,2.75,0.0,0.26829268,0.09756098,0.17073171,0.23529412,1.3333333333333333,0.34782609,0.73333333,3.0,4.473346000247532,-1.473346000247532,5.244325364960565,sa3067611
Antwan Montana,CLE,DSL,18,5.2,7.94117201571071,11.117640821994993,0.71428571,0.0,0.15625,0.21875,-0.0625,0.22727273,2.1176458708561894,0.29411765,0.26666667,17.47057843456356,8.113866896118958,9.356711538444602,8.726114871693914,sa3067614
Luis Amador,HOU,CPX,18,15.0,6.0,9.6,0.625,1.8,0.12987013,0.20779221,-0.07792208,0.25,2.066666666666667,0.25531915,0.53956835,9.6,8.795769087473552,0.8042309125264477,8.20387652615706,sa3067615
Florangel Vasquez,SDP,CPX,20,16.2,12.959997528076643,2.6999994850159674,4.8,1.079999794006387,0.32876712,0.06849315,0.26027397,0.27272727,1.379999736785939,0.4,0.72072072,4.8599990730287415,4.7576681632995586,0.1023309097291829,4.896280115302904,sa3067618
Jainer Marmolejos,BAL,DSL,18,5.1,15.187509052460822,8.437505029144901,1.8,0.0,0.34615385,0.19230769,0.15384615,0.23809524,1.8750011175877557,0.41666667,0.3,11.812507040802862,4.021956776082316,7.790550264720546,4.509842446117303,sa3067619
Cesar Nunez,CHW,CPX,19,11.2,7.7142836123102425,11.571425418465363,0.66666667,1.5428567224620486,0.15384615,0.23076923,-0.07692308,0.26530612,2.3999993460520757,0.2972973,0.57251908,10.028568696003315,9.446238319241615,0.5823303767616999,9.00567961959867,sa3067621
Cristhian Duarte,TOR,DSL,18,15.0,8.4,1.2,7.0,0.0,0.25925926,0.03703704,0.22222222,0.11764706,0.5333333333333333,0.16216216,0.77777778,0.6,3.317790444691976,-2.717790444691976,4.416436039408048,sa3067622
Leandro Rodriguez,SFG,CPX,20,27.2,11.060239693028128,2.60240933953603,4.25,0.6506023348840075,0.30088496,0.07079646,0.2300885,0.22330097,1.120481798966902,0.31343284,0.69536424,3.9036140093040457,4.383933261932797,-0.4803192526287514,5.275271373436742,sa3067623
Starling Reyes,LAA,DSL,19,8.0,10.125,9.0,1.125,0.0,0.2195122,0.19512195,0.02439024,0.21212121,1.875,0.29166667,0.46666667,4.5,5.334457111358643,-0.8344571113586428,5.876551977172494,sa3067625
Kelvin Marte,SDP,DSL,19,9.0,5.0,6.0,0.83333333,1.0,0.10869565,0.13043478,-0.02173913,0.33333333,2.111111111111111,0.36363636,0.69892473,5.0,7.25112377802531,-2.2511237780253097,6.963148380650415,sa3067627
Angel Rosado,PIT,DSL,20,8.2,9.346150418006303,5.1923057877812795,1.8,1.038461157556256,0.25,0.13888889,0.11111111,0.23333333,1.3846148767416746,0.3,0.86206897,3.1153834726687677,6.084456561162123,-2.9690730884933556,5.485168250332011,sa3067628
Alexander Lopez,TBR,DSL,20,2.2,10.124987024830519,6.749991349887012,1.5,0.0,0.25,0.16666667,0.08333333,0.3,1.8749975971908366,0.42857143,1.0,0.0,4.584457111358643,-4.584457111358643,6.21073962471938,sa3067631
Gregory Sanchez,ARI,DSL,21,3.2,12.27271583455734,9.818172667645873,1.25,4.909086333822937,0.16129032,0.12903226,0.03225806,0.55555556,5.181813352368655,0.65,0.30864198,31.909061169849085,12.220813630638766,19.68824753921032,6.785763013500436,sa3067633
Edwin Marte,BAL,CPX,19,20.2,6.096773255752248,6.096773255752248,1.0,0.43548380398230335,0.16091954,0.16091954,0.0,0.21428571,1.4032255906096442,0.25454545,0.71895425,3.048386627876124,5.871037636736098,-2.822651008859974,6.768907210068582,sa3067635
Allan Griman,BOS,DSL,19,7.0,16.714285714285715,6.428571428571429,2.6,1.2857142857142858,0.36111111,0.13888889,0.22222222,0.31034483,2.0,0.53333333,0.54794521,10.285714285714286,5.727314254215786,4.5584000314985005,4.613615784474781,sa3067636
Wily Villar,TEX,A,27,27.2,9.108432688376107,3.253011674420038,2.8,0.9759035023260114,0.24561404,0.0877193,0.15789474,0.21428571,1.120481798966902,0.26865672,0.79268293,3.253011674420038,4.738149664720076,-1.4851379903000383,4.291179582360369,sa3067638
Breyner Figuereo,TEX,DSL,18,5.0,16.2,5.4,3.0,0.0,0.36,0.12,0.24,0.28571429,1.8,0.5,0.4,7.2,3.3844571113586426,3.8155428886413576,3.5579274684190754,sa3067647
Edgardo Figueroa,WSN,CPX,18,2.2,0.0,0.0,0.0,0.0,0.0,0.0,0.0,0.1,0.37499951943816734,0.1,0.0,0.0,4.129102420806885,-4.129102420806885,5.742758116135153,sa3067716
Elias Reyno,ATL,DSL,18,0.2,0.0,13.49993200634393,0.0,0.0,0.0,0.25,-0.25,0.33333333,2.999984890298651,0.33333333,0.5,13.49993200634393,9.084434446806618,4.415497559537311,10.385455572046641,sa3067741
Malvin Fernandez,ATL,CPX,17,1.1,0.0,6.750016696792419,0.0,6.750016696792419,0.0,0.07692308,-0.07692308,0.63636364,6.000014841593261,0.6,0.26315789,47.25011687754693,18.37913766959088,28.87097920795605,18.311084080620937,sa3067745
Luis Sanchez,CHC,DSL,18,0.1,0.0,27.00026956469727,0.0,0.0,0.0,0.5,-0.5,0.0,3.00002995163303,0.0,1.0,0.0,13.584546966257733,-13.584546966257733,16.1866283007666,sa3067759
Geomaikel Martinez,BOS,DSL,18,0.2,0.0,13.49993200634393,0.0,0.0,0.0,0.14285714,-0.14285714,0.6,5.999969780597302,0.6,0.2,53.99972802537572,13.584411782254595,40.415316243121126,16.18645403273464,sa3067774
Jhonny Osta,BOS,DSL,18,0.1,0.0,0.0,0.0,0.0,0.0,0.0,0.0,0.0,0.0,0.0,1.0,0.0,4.584457111358643,-4.584457111358643,7.186538445867511,sa3067777
Santiago Almao,TEX,CPX,18,0.1,0.0,0.0,0.0,0.0,0.0,0.0,0.0,0.5,3.00002995163303,0.5,1.0,0.0,4.817668151855469,-4.817668151855469,9.287744302317812,sa3067839
Jayln Pinder,TEX,DSL,18,0.1,0.0,0.0,0.0,0.0,0.0,0.0,0.0,0.5,3.00002995163303,0.5,1.0,0.0,4.584457111358643,-4.584457111358643,7.186538445867511,sa3067867
Christian Colon,HOU,DSL,18,2.0,0.0,9.0,0.0,0.0,0.0,0.18181818,-0.18181818,0.33333333,2.5,0.33333333,0.6,9.0,7.584457111358643,1.4155428886413572,8.451808896660804,sa3067876
Cesar Garcia,MIA,DSL,18,3.2,0.0,7.363629500734405,0.0,2.4545431669114683,0.0,0.14285714,-0.14285714,0.35294118,2.4545431669114683,0.3125,0.69767442,9.818172667645873,11.40263257500161,-1.5844599073557362,10.932334797572212,sa3067883
Starlin Mieses,BAL,CPX,18,0.0,0.0,9.0,0.0,0.0,0.0,0.25,-0.25,1.0,4.0,1.0,0.0,36.0,7.129102420806885,28.870897579193116,8.563464877009391,sa3067884
Yeider Mindiola,NYM,CPX,19,2.0,0.0,9.0,0.0,0.0,0.0,0.25,-0.25,0.16666667,1.5,0.16666667,1.0,0.0,7.129102420806885,-7.129102420806885,9.997827333211898,sa3067885
Yowander Mercedes,DET,DSL,21,4.2,15.428560918698366,19.285701148372958,0.8,0.0,0.28571429,0.35714286,-0.07142857,0.13333333,2.571426819783061,0.28571429,0.8,5.785710344511887,9.51302518260951,-3.727314838097623,10.25646906358041,sa3068073
Ryan Rodríguez,STL,DSL,18,1.0,0.0,9.0,0.0,9.0,0.0,0.2,-0.2,0.5,3.0,0.33333333,0.625,18.0,20.584457111358642,-2.584457111358642,10.186512467265128,sa3068074
Albert Vega,PIT,DSL,19,7.0,7.714285714285714,16.714285714285715,0.46153846,1.2857142857142858,0.18181818,0.39393939,-0.21212121,0.1,2.142857142857143,0.07692308,0.58823529,9.0,10.298742825644357,-1.2987428256443572,9.185044355903354,sa3068077
Aneudy Almonte,LAD,CPX,18,8.0,7.875,15.75,0.5,2.25,0.11864407,0.23728814,-0.11864407,0.44186047,4.125,0.5,0.27950311,24.75,12.317668151855468,12.432331848144532,11.302683912962674,sa3068079
Yomar De La Rosa,BOS,CPX,21,12.2,7.815787512180049,4.263156824825481,1.83333333,0.0,0.21568627,0.11764706,0.09803922,0.13333333,0.9473681832945514,0.17647059,0.5,2.1315784124127406,3.8133130263753676,-1.681734613962627,4.719225929254354,sa3068080
Alving Campusano,KCR,DSL,19,9.2,8.379307589265366,5.586205059510244,1.5,0.0,0.23684211,0.15789474,0.07894737,0.125,1.034482418427823,0.17391304,0.6,3.724136706340163,4.584457111358643,-0.8603204050184798,5.2125392320995925,sa3068081
Carlos Alvarez,SDP,DSL,18,9.2,6.517239236095285,8.379307589265366,0.77777778,0.0,0.14583333,0.1875,-0.04166667,0.2972973,2.068964836855646,0.36666667,0.59090909,8.379307589265366,6.549973706371507,1.8293338828938595,7.35750786160987,sa3068082
Miguel Valdez,ARI,DSL,19,5.2,7.94117201571071,6.352937612568568,1.25,0.0,0.17241379,0.13793103,0.03448276,0.34782609,2.1176458708561894,0.44444444,0.57142857,4.7647032094264254,5.996221025262769,-1.2315178158363436,6.914592988625203,sa3068085
Geremy Villoria,MIN,CPX,17,5.2,6.352937612568568,3.176468806284284,2.0,0.0,0.17391304,0.08695652,0.08695652,0.23809524,1.2352934246661105,0.29411765,1.0,0.0,3.7761614423308534,-3.7761614423308534,5.548019953065742,sa3068086
Dariel Miguel,PIT,DSL,19,0.2,26.99986401268786,26.99986401268786,1.0,0.0,0.5,0.5,0.0,0.0,2.999984890298651,0.0,0.5,13.49993200634393,7.584442001657294,5.915490004686635,7.584442001657294,sa3068088
Sadbiel Delzine,BOS,CPX,18,27.1,10.536586591277075,3.2926833097740857,3.2,0.0,0.29906542,0.09345794,0.20560748,0.13829787,0.8414635124978219,0.20967742,0.73076923,1.9756099858644516,3.214468168091861,-1.2388581822274094,4.473908520013077,sa3068089
Jakson Gamboa,BOS,CPX,19,18.0,10.5,7.0,1.5,0.5,0.27272727,0.18181818,0.09090909,0.22580645,1.5555555555555556,0.325,0.72463768,3.5,5.017991309695773,-1.5179913096957733,5.969191953043143,sa3068090
Agustin Campusano,MIN,DSL,18,10.2,8.437497485429798,7.593747736886818,1.11111111,0.0,0.17857143,0.16071429,0.01785714,0.32608696,2.249999329447946,0.41666667,0.6,7.593747736886818,5.521956831961954,2.071790904924864,7.229555150371629,sa3068091
Yadiel Roquez,TEX,DSL,19,10.1,9.58064810865098,6.096776069141533,1.57142857,0.0,0.24444444,0.15555556,0.08888889,0.16216216,1.2580649031561892,0.23076923,0.92857143,0.8709680098773618,4.778005557998057,-3.9070375481206954,6.20493957924688,sa3068093
Andres Ortiz,DET,DSL,19,11.1,7.941178698028873,6.352942958423098,1.25,0.0,0.20833333,0.16666667,0.04166667,0.175,1.323529783004812,0.23333333,0.66666667,2.382353609408662,4.937398386826593,-2.555044777417931,6.0853643070164,sa3068094
Jousuet Martinez,WSN,DSL,19,3.2,7.363629500734405,9.818172667645873,0.75,0.0,0.15789474,0.21052632,-0.05263158,0.15384615,1.636362111274312,0.2,0.625,2.4545431669114683,7.857181333907267,-5.402638166995798,8.803382399650328,sa3068095
Luis Mata,CHC,CPX,20,18.2,8.196427175585342,12.535712150895229,0.65384615,0.48214277503443187,0.14782609,0.22608696,-0.07826087,0.29411765,2.732142391861781,0.35820896,0.44776119,7.232141625516478,8.514096093786113,-1.2819544682696353,9.414107198448853,sa3068096
Oliver Castillo,DET,DSL,21,6.0,6.0,9.0,0.66666667,0.0,0.13333333,0.2,-0.06666667,0.29166667,2.1666666666666665,0.35,0.38461538,12.0,6.25112377802531,5.74887622197469,7.552151455978553,sa3068099
Jorman Santana,HOU,DSL,19,9.2,3.724136706340163,4.655170882925203,0.8,0.9310341765850407,0.0952381,0.11904762,-0.02380952,0.25,1.4482753857989523,0.25806452,0.73529412,4.655170882925203,6.963766673742636,-2.3085957908174324,6.605925719522244,sa3068101
Mario Gonzalez,SFG,DSL,19,9.1,7.714288341756665,4.821430213597916,1.6,0.0,0.18181818,0.11363636,0.06818182,0.33333333,1.9285720854391661,0.41935484,0.72222222,4.821430213597916,4.4773142177231335,0.34411599587478214,5.034897698186325,sa3068102
Alex Gonzalez,HOU,DSL,20,7.1,6.136366296406788,15.954552370657648,0.38461538,1.2272732592813576,0.125,0.325,-0.2,0.18518519,2.454546518562715,0.19047619,0.6626506,7.363639555688145,10.311732321338312,-2.9480927656501663,9.840032522087926,sa3068103
Juan Lopez,WSN,CPX,21,19.0,9.947368421052632,6.157894736842105,1.61538462,0.9473684210526315,0.2625,0.1625,0.1,0.23880597,1.5263157894736843,0.31818182,0.76335878,4.2631578947368425,5.339628736596358,-1.076470841859516,5.632048422725577,sa3068105
Jesus Delgado,OAK,DSL,20,7.2,10.565213010533785,5.86956278362988,1.8,0.0,0.25,0.13888889,0.11111111,0.26666667,1.6956514708264099,0.38095238,0.57142857,7.043475340355856,4.584457111358643,2.4590182289972136,5.715785057875199,sa3068106
Lionel Prevosti,ATL,DSL,19,9.1,6.750002299037082,10.607146469915413,0.63636364,2.8928581281587493,0.14285714,0.2244898,-0.08163265,0.28947368,2.3571436599812032,0.28571429,0.39325843,14.464290640793745,10.798744942218178,3.665545698575567,8.199991951745695,sa3068107
Edelson Canelon,MIA,DSL,18,0.2,26.99986401268786,26.99986401268786,1.0,0.0,0.4,0.4,0.0,0.0,2.999984890298651,0.0,-0.5,0.0,7.584442001657294,-7.584442001657294,7.584442001657294,sa3068108
Santiago Linares,MIA,DSL,18,8.0,7.875,6.75,1.16666667,0.0,0.15909091,0.13636364,0.02272727,0.34210526,2.375,0.41935484,0.52631579,7.875,5.084457111358643,2.7905428886413572,6.277065816149116,sa3068109
Adrian Pena,MIA,DSL,18,7.2,9.391300453807808,17.60868835088964,0.53333333,0.0,0.17391304,0.32608696,-0.15217391,0.31034483,3.130433484602603,0.42857143,0.57692308,11.73912556725976,9.149672609737438,2.5894529575223224,10.054734966950683,sa3068110
Chaily Ramirez,CHC,CPX,21,16.1,13.775512885174047,4.9591846386626575,2.77777778,0.0,0.32467532,0.11688312,0.20779221,0.31343284,1.8367350513565397,0.5,0.51612903,7.714287215697467,3.593178117617776,4.121109098079691,5.508906285705739,sa3068111
Juan Jordan,LAA,DSL,18,7.2,3.521737670177928,7.043475340355856,0.5,0.0,0.09677419,0.19354839,-0.09677419,0.12,1.173912556725976,0.13636364,0.55555556,1.173912556725976,6.1496738536599445,-4.975761296933968,7.394134594828157,sa3068115
Jeremiah Jones,SFG,DSL,18,6.2,6.749996781350717,1.3499993562701433,5.0,0.0,0.20833333,0.04166667,0.16666667,0.2173913,0.8999995708467623,0.27777778,0.83333333,1.3499993562701433,3.53445761203742,-2.184458255767277,4.184971140825019,sa3068116
Ramces Camargo,CIN,DSL,19,10.0,4.5,9.0,0.5,0.0,0.10869565,0.2173913,-0.10869565,0.24242424,1.8,0.28571429,0.71428571,5.4,7.484457111358642,-2.084457111358642,8.612014432251453,sa3068117
Sebastian Caseres,LAA,CPX,18,7.1,7.363639555688145,2.454546518562715,3.0,0.0,0.18181818,0.06060606,0.12121212,0.23333333,1.2272732592813576,0.29166667,0.5,1.2272732592813576,4.40857706542835,-3.1813038061469925,5.627677099952459,sa3068118
Ismanuel Piña,SEA,DSL,20,4.2,1.9285701148372958,13.49999080386107,0.14285714,0.0,0.04347826,0.30434783,-0.26086957,0.125,1.9285701148372958,0.13333333,0.55555556,5.785710344511887,8.655882909348488,-2.8701725648366008,9.956909701047564,sa3068119
Jhose Brea,OAK,DSL,18,10.1,9.58064810865098,8.709680098773617,1.1,0.8709680098773618,0.22916667,0.20833333,0.02083333,0.21052632,1.7419360197547236,0.26923077,0.48192771,6.096776069141533,6.616715801072487,-0.519939731930954,5.862274670121765,sa3068120
Sheroky Rodriguez,DET,DSL,18,10.2,7.593747736886818,4.218748742714899,1.8,0.0,0.1875,0.10416667,0.08333333,0.19512195,1.218749636784304,0.25,0.4,5.0624984912578785,4.865707027539636,0.19679146371824263,5.353592261370972,sa3068121
Emmanuel Pena,BAL,DSL,18,10.0,11.7,8.1,1.44444444,0.9,0.29545455,0.20454545,0.09090909,0.14705882,1.4,0.2,0.58823529,6.3,6.284457111358643,0.015542888641356889,5.765073718130589,sa3068124
Samuel Teran,BAL,DSL,17,9.1,9.642860427195831,1.9285720854391661,5.0,1.9285720854391661,0.23809524,0.04761905,0.19047619,0.26315789,1.2857147236261108,0.30769231,0.80357143,3.8571441708783323,6.513029196797809,-2.6558850259194764,4.4707586028921575,sa3068125
Johander Rivero,CLE,DSL,18,6.2,10.799994850161147,5.399997425080573,2.0,1.3499993562701433,0.21621622,0.10810811,0.10810811,0.32258065,2.0999989986424454,0.40909091,0.61643836,6.749996781350717,6.834456038475548,-0.08445925712483149,5.404867791337643,sa3068126
Kevin Centeno,NYY,DSL,20,8.2,11.423072733118815,10.384611575562559,1.1,1.038461157556256,0.26190476,0.23809524,0.02380952,0.3,2.192306888174318,0.44444444,0.56122449,8.307689260450047,7.6998405840274105,0.6078486764226367,7.100552273197298,sa3068130
Reinder Gomez,CHW,CPX,19,17.1,9.34615556022856,6.230770373485707,1.5,1.0384617289142846,0.23376623,0.15584416,0.07792208,0.24590164,1.5576925933714267,0.31707317,0.67375887,6.230770373485707,7.009976246230069,-0.7792058727443623,6.627484056635023,sa3068131
Kevin Martinez,COL,DSL,18,10.2,6.749997988343838,4.218748742714899,1.6,1.6874994970859596,0.15686275,0.09803922,0.05882353,0.31818182,1.7812494691462906,0.35294118,0.6043956,8.437497485429798,7.490706245228907,0.9467912402008913,5.947663233684414,sa3068133
Derik Aquino,LAD,DSL,19,7.2,15.26086323743769,10.565213010533785,1.44444444,1.173912556725976,0.30232558,0.20930233,0.09302326,0.29411765,2.4782598419770605,0.45,0.73863636,7.043475340355856,6.410543310710161,0.6329320296456951,5.393688607793685,sa3068135
Jonathan Santana,CIN,DSL,19,3.2,12.27271583455734,19.636345335291747,0.625,0.0,0.2,0.32,-0.12,0.26666667,3.272724222548624,0.4,0.71428571,9.818172667645873,10.038997482273016,-0.22082481462714298,10.512098015144545,sa3068138
Luis Cruz,CIN,DSL,19,7.2,5.86956278362988,5.86956278362988,1.0,1.173912556725976,0.14285714,0.14285714,0.0,0.36666667,2.0869556564017353,0.41666667,0.61643836,8.217387897081833,6.932282224810595,1.2851056722712384,7.046755468410676,sa3068139
Ivan Pacheco,LAD,DSL,19,7.2,8.217387897081833,5.86956278362988,1.4,1.173912556725976,0.18918919,0.13513514,0.05405405,0.3125,1.9565209278766267,0.375,0.73529412,5.86956278362988,6.410543310710161,-0.540980527080281,5.846219786400308,sa3068140
Melvin Robles,KCR,DSL,18,9.2,6.517239236095285,4.655170882925203,1.4,0.0,0.1627907,0.11627907,0.04651163,0.23684211,1.4482753857989523,0.29032258,0.85714286,1.8620683531700815,4.687905353201425,-2.8258370000313437,5.944069594683324,sa3068142
Angelo Ladera,BOS,CPX,19,20.2,10.887095099557584,6.532257059734551,1.66666667,0.0,0.22522523,0.13513514,0.09009009,0.33333333,2.225806109242884,0.45588235,0.3877551,9.580643687610674,4.322650778132353,5.257992909478322,5.43312476696163,sa3068143
Aneury Montilla,PHI,CPX,19,18.1,6.381819288395845,6.381819288395845,1.0,0.9818183520608992,0.13978495,0.13978495,0.0,0.26315789,1.8000003121116486,0.29508197,0.61403509,5.890910112365395,6.910921084979433,-1.0200109726140383,7.448688163956424,sa3068144
Jefferson Encarnacion,TEX,DSL,21,9.1,11.571432512634997,4.821430213597916,2.4,0.9642860427195831,0.20338983,0.08474576,0.11864407,0.50943396,3.4285725963362954,0.65,0.41139241,18.321434811672077,5.334457366807207,12.98697744486487,5.521419610857963,sa3068145
Gustavo Garcia,MIL,DSL,18,12.1,5.108109424722368,3.648649589087406,1.4,1.4594598356349624,0.12068966,0.0862069,0.03448276,0.35849057,1.9459464475132833,0.38636364,0.47169811,5.83783934253985,6.773646864811086,-0.9358075222712365,5.65009995312764,sa3068146
Juan Felix,CHW,DSL,17,3.2,7.363629500734405,14.72725900146881,0.5,0.0,0.14285714,0.28571429,-0.14285714,0.21428571,2.4545431669114683,0.27272727,0.6,9.818172667645873,8.675362389544423,1.1428102781014502,8.911912655980188,sa3068151
Hector Dos Santos,SFG,DSL,20,6.2,9.449995493891004,1.3499993562701433,7.0,1.3499993562701433,0.29166667,0.04166667,0.25,0.17391304,0.7499996423723019,0.2,1.0,1.3499993562701433,4.884456968307563,-3.5344576120374196,3.9752795441997373,sa3068152
Isael Torres,ARI,CPX,20,11.2,9.257140334772291,6.1714268898481945,1.5,0.7714283612310243,0.22641509,0.1509434,0.0754717,0.25,1.6285709848210512,0.32258065,0.64516129,5.39999852861717,6.189096349599512,-0.7890978209823425,6.096532151327406,sa3068153
Gensi Angeles,ATL,CPX,18,35.0,7.2,4.371428571428571,1.64705882,0.5142857142857142,0.18791946,0.11409396,0.0738255,0.21374046,1.2857142857142858,0.25742574,0.83333333,2.057142857142857,4.814816706521171,-2.757673849378314,5.34239488201482,sa3068154
Beiker Rodríguez,STL,DSL,19,13.1,6.0750014483932135,2.0250004827977377,3.0,0.0,0.16071429,0.05357143,0.10714286,0.22641509,1.1250002682209654,0.27272727,0.6,1.3500003218651586,3.9094569504260637,-2.559456628560905,5.275536337975676,sa3068155
Yariel Valdez,BOS,DSL,18,6.0,10.5,13.5,0.77777778,0.0,0.20588235,0.26470588,-0.05882353,0.16666667,2.1666666666666665,0.23529412,0.57142857,6.0,7.25112377802531,-1.2511237780253097,8.118475563327472,sa3068156
Enyer Dominguez,TOR,DSL,19,3.2,2.4545431669114683,19.636345335291747,0.125,0.0,0.04545455,0.36363636,-0.31818182,0.30769231,3.272724222548624,0.33333333,0.38461538,19.636345335291747,11.40263257500161,8.233712760290137,12.112283374308905,sa3068157
Diego Carrillo,NYY,DSL,19,10.0,7.2,5.4,1.33333333,1.8,0.16666667,0.125,0.04166667,0.35714286,2.1,0.40625,0.65934066,6.3,7.384457111358643,-1.0844571113586428,5.99874961078167,sa3068158
Fredy Penuelas,NYY,DSL,19,12.0,13.5,3.0,4.5,0.0,0.375,0.08333333,0.29166667,0.15909091,0.9166666666666666,0.26923077,0.72727273,0.75,2.5844571113586428,-1.8344571113586428,3.1626916348934175,sa3068160
Jose Trevizo,SFG,DSL,18,11.0,9.818181818181818,1.6363636363636365,6.0,0.0,0.26666667,0.04444444,0.22222222,0.26829268,1.1818181818181819,0.37931034,0.6,4.909090909090909,3.493548020449552,1.4155428886413572,4.203199481151321,sa3068161
Michael De La Cruz,TOR,CPX,19,7.0,14.142857142857142,11.571428571428571,1.22222222,1.2857142857142858,0.26829268,0.2195122,0.04878049,0.34375,2.857142857142857,0.5,0.80645161,6.428571428571429,6.700530992235457,-0.2719595636640282,5.867932746665819,sa3068162
Deiker Pineda,TOR,CPX,20,22.1,7.656717507763409,2.8208959239128344,2.71428571,1.6119405279501913,0.19191919,0.07070707,0.12121212,0.2247191,1.2089553959626433,0.24242424,0.6147541,4.835821583850573,6.09925195496823,-1.2634303711176562,5.761874420779428,sa3068163
Deimer Rodriguez,BAL,DSL,18,5.1,5.06250301748694,6.75000402331592,0.75,0.0,0.10714286,0.14285714,-0.03571429,0.34782609,2.250001341105307,0.4,0.69230769,5.06250301748694,6.271958117187623,-1.2094550997006825,7.410358013935925,sa3068164
Alonso Carrera,TBR,CPX,21,8.2,10.384611575562559,3.1153834726687677,3.33333333,0.0,0.25641026,0.07692308,0.17948718,0.25714286,1.3846148767416746,0.36,0.76923077,3.1153834726687677,3.206025836312435,-0.09064236364366751,4.6955555329357255,sa3068165
Cristhian Espinosa,TOR,DSL,23,6.0,3.0,3.0,1.0,1.5,0.08,0.08,0.0,0.17391304,1.0,0.15,0.86956522,3.0,7.084457111358643,-4.084457111358643,6.074259491761525,sa3068166
Pablo Castillo,MIN,CPX,18,2.1,0.0,3.85714850621175,0.0,0.0,0.0,0.07692308,-0.07692308,0.41666667,2.5714323374744996,0.41666667,0.5,7.7142970124235,5.414818589544135,2.299478422879365,8.488456925826199,sa3068173
Jesús  Pérez,STL,DSL,18,2.0,9.0,9.0,1.0,9.0,0.13333333,0.13333333,0.0,0.4,3.0,0.33333333,0.0,40.5,23.084457111358642,17.415542888641358,12.686512467265128,sa3068197
Stiven De La Cruz,BOS,DSL,18,0.1,0.0,54.00053912939454,0.0,0.0,0.0,0.66666667,-0.66666667,0.0,6.00005990326606,0.0,1.0,0.0,22.584636821156824,-22.584636821156824,25.18671815566569,sa3068209
Diego Natera,CHW,DSL,18,0.2,0.0,0.0,0.0,0.0,0.0,0.0,0.0,0.33333333,1.4999924451493254,0.33333333,1.0,0.0,4.584457111358643,-4.584457111358643,7.186499361838688,sa3068217
Victor Saez,BAL,DSL,18,0.1,0.0,0.0,0.0,0.0,0.0,0.0,0.0,0.0,0.0,0.0,1.0,0.0,4.584457111358643,-4.584457111358643,7.186538445867511,sa3068220
Nick Trabacchi,MIN,A+,27,40.1,10.041323580317673,4.2396699561341284,2.36842105,1.5619836680494157,0.25280899,0.10674157,0.14606742,0.28025478,1.5619836680494157,0.35238095,0.6884058,6.024794148190604,5.533852617314496,0.4909415308761078,4.770128377903356,sa3068327
Jadon Bercovich,TBR,"A+,CPX",24,7.2,9.391300453807808,5.86956278362988,1.6,1.173912556725976,0.23529412,0.14705882,0.08823529,0.24137931,1.5652167423013015,0.3,0.75471698,4.695650226903904,5.485053395830663,-0.7894031689267589,5.3433253844777555,sa3068330
Yaury Jimenez,ARI,DSL,19,10.2,5.0624984912578785,3.374998994171919,1.5,0.0,0.15,0.1,0.05,0.16666667,0.9374997206033109,0.2,0.9,0.0,4.584457111358643,-4.584457111358643,5.722855990298426,sa3068331
Jesus A. Castro,SDP,A,19,48.0,10.5,3.1875,3.29411765,0.1875,0.26794258,0.08133971,0.18660287,0.26203209,1.375,0.36923077,0.76149425,3.0,3.863500785827637,-0.8635007858276369,4.993508512278398,sa3068332
Randy Constanza,DET,DSL,19,6.2,10.799994850161147,6.749996781350717,1.6,0.0,0.26666667,0.16666667,0.1,0.17391304,1.3499993562701433,0.26666667,0.63636364,5.399997425080573,5.334456753730945,0.06554067134962871,5.854867576761024,sa3068335
Marco Arcia,DET,DSL,21,2.1,0.0,27.00003954348225,0.0,7.7142970124235,0.0,0.36842105,-0.36842105,0.27272727,4.2857205624575,0.11111111,0.24390244,30.857188049694,26.01305992364614,4.84412812604786,17.472245628064233,sa3068336
Ernesto Meza,ATL,DSL,18,7.0,10.285714285714286,9.0,1.14285714,0.0,0.21052632,0.18421053,0.02631579,0.24137931,2.0,0.33333333,0.625,5.142857142857143,6.155885682787214,-1.0130285399300707,7.147144865989685,sa3068337
Jose Arias,MIL,DSL,19,3.2,2.4545431669114683,7.363629500734405,0.33333333,0.0,0.04761905,0.14285714,-0.0952381,0.27777778,2.1818161483657494,0.29411765,0.25,9.818172667645873,6.493546241178674,3.3246264264671996,7.912847839793264,sa3068338
Cesar Sanchez,LAD,CPX,20,12.0,14.25,3.0,4.75,2.25,0.33333333,0.07017544,0.2631579,0.33962264,1.8333333333333333,0.48387097,0.6741573,7.5,5.901001485188802,1.598998514811198,4.016844450309873,sa3068339
Alexis Reyes,LAD,DSL,19,7.0,7.714285714285714,9.0,0.85714286,1.2857142857142858,0.15789474,0.18421053,-0.02631579,0.31034483,2.2857142857142856,0.36363636,0.48192771,10.285714285714286,8.584457111358642,1.7012571743556446,8.090295631119183,sa3068341
Francis Valdez,TBR,DSL,21,3.0,3.0,12.0,0.25,3.0,0.05,0.2,-0.15,0.42857143,3.3333333333333335,0.41666667,0.37735849,24.0,14.25112377802531,9.74887622197469,11.363376753528913,sa3068343
Isaac Prince,MIA,DSL,18,10.2,11.812496479601718,3.374998994171919,3.5,0.8437497485429798,0.30434783,0.08695652,0.21739131,0.30952381,1.5937495250256284,0.44444444,0.76923077,4.218748742714899,4.30320719517765,-0.08445845246275052,3.9789138204174614,sa3068346
Jhondel Salas,WSN,DSL,18,6.1,12.789480103683523,8.526320069122349,1.5,2.8421066897074496,0.24324324,0.16216216,0.08108108,0.32142857,2.368422241422875,0.41176471,0.26315789,9.947373413976074,10.110775674678685,-0.1634022607026111,6.827212559991359,sa3068347
Randy Baron,CLE,DSL,18,10.0,11.7,7.2,1.625,0.0,0.2826087,0.17391304,0.10869565,0.2,1.5,0.31818182,0.61111111,4.5,5.284457111358643,-0.7844571113586429,6.065073718130589,sa3068349
Josh Perez,CLE,DSL,18,9.1,5.785716256317499,4.821430213597916,1.2,0.9642860427195831,0.13953488,0.11627907,0.02325581,0.24324324,1.5000005108971293,0.26666667,0.58823529,6.750002299037082,6.620172090433318,0.1298302086037637,6.43541201417528,sa3068351
Abraham Utrera,SFG,DSL,21,10.0,15.3,5.4,2.83333333,0.0,0.38636364,0.13636364,0.25,0.23684211,1.5,0.42857143,0.66666667,4.5,2.9844571113586427,1.5155428886413573,3.9385440751910212,sa3068353
Ariel Ramos,CHC,CPX,20,0.0,0.0,27.0,0.0,9.0,0.0,0.42857143,-0.42857143,0.75,6.0,0.66666667,-0.2173913,54.0,26.817668151855468,27.182331848144532,15.307678659260272,sa3068355
Frankelly Desis,CHC,DSL,19,7.2,5.86956278362988,5.86956278362988,1.0,0.0,0.14705882,0.14705882,0.0,0.20689655,1.4347820137761929,0.25,0.72727273,2.347825113451952,5.236630753984185,-2.888805640532233,6.254825905849086,sa3068356
Freddy Hernandez,LAA,DSL,18,11.2,4.628570167386146,5.39999852861717,0.85714286,2.314285083693073,0.10526316,0.12280702,-0.01754386,0.34,2.057142296616065,0.34146341,0.55555556,6.1714268898481945,8.698741704590773,-2.527314814742579,6.248018494384934,sa3068357
Wisler Infante,SEA,DSL,18,10.2,5.0624984912578785,3.374998994171919,1.5,0.8437497485429798,0.13043478,0.08695652,0.04347826,0.24390244,1.3124996088446352,0.26470588,0.88235294,1.6874994970859596,6.08445666432394,-4.39695716723798,5.353592261370972,sa3068358
Williams Montero,BOS,CPX,18,16.2,10.79999794006387,3.779999279022354,2.85714286,0.0,0.27027027,0.09459459,0.17567568,0.27272727,1.4999997138977597,0.39130435,0.65384615,4.319999176025548,3.169102603912319,1.1508965721132292,4.976398954013055,sa3068359
Carlos Galindo,MIL,DSL,18,13.1,5.4000012874606345,7.425001770258372,0.72727273,0.6750001609325793,0.125,0.171875,-0.046875,0.25,1.8000004291535447,0.27906977,0.76271186,2.7000006437303172,7.059457701444767,-4.35945705771445,7.580639655350458,sa3068361
Jesus Sosa,HOU,DSL,18,2.0,9.0,18.0,0.5,4.5,0.16666667,0.33333333,-0.16666667,0.25,3.0,0.2,0.65217391,13.5,15.084457111358642,-1.5844571113586419,9.451808896660804,sa3068362
Ebduar Loina,SFG,DSL,19,4.2,5.785710344511887,19.285701148372958,0.3,1.9285701148372958,0.08823529,0.29411765,-0.20588235,0.31578947,3.4285690930440813,0.33333333,0.51020408,19.285701148372958,15.727306663751907,3.5583944846210507,13.870899126867215,sa3068363
Omar Damian,HOU,DSL,17,11.0,7.363636363636363,6.545454545454546,1.125,0.0,0.2,0.17777778,0.02222222,0.16216216,1.2727272727272727,0.21428571,0.71428571,2.4545454545454546,5.129911656813189,-2.675366202267734,5.918413279815153,sa3068364
Juan García,STL,DSL,18,8.2,8.307689260450047,2.076922315112512,4.0,1.038461157556256,0.18604651,0.04651163,0.13953488,0.3902439,2.076922315112512,0.46875,0.54216867,7.269228102893791,4.930610830544062,2.3386172723497296,4.931796612362861,sa3068366
Yorsua Balanta,DET,DSL,20,6.0,9.0,9.0,1.0,0.0,0.1875,0.1875,0.0,0.26086957,2.0,0.35294118,0.73333333,6.0,7.084457111358643,-1.0844571113586428,8.096367527544498,sa3068369
Iverson Paulino,SFG,DSL,19,3.1,8.100008304127623,2.700002768042541,3.0,2.700002768042541,0.25,0.08333333,0.16666667,0.18181818,0.9000009226808471,0.14285714,1.0,2.700002768042541,7.584460186961467,-4.884457418918926,4.204867793385013,sa3068370
Jan Cabrera,STL,CPX,21,25.2,10.168829909382868,3.506493072200989,2.9,0.3506493072200989,0.25663717,0.08849558,0.16814159,0.29126214,1.5584413654226619,0.39726027,0.77720207,3.15584376498089,3.5446869087733868,-0.3888431437924966,3.876457134294236,sa3068371
Jorge Gonzalez,TOR,DSL,20,2.1,7.7142970124235,50.14293058075275,0.15384615,0.0,0.08333333,0.54166667,-0.45833333,0.25,6.42858084368625,0.33333333,0.27777778,42.428633568329246,23.44162758617164,18.987005982157605,24.18507306240238,sa3068372
Luis Cepeda,ARI,DSL,18,8.0,7.875,13.5,0.58333333,0.0,0.15909091,0.27272727,-0.11363636,0.28125,2.625,0.36,0.57142857,7.875,7.334457111358643,0.5405428886413572,8.527065816149115,sa3068373
Dalvi Nunez,SDP,CPX,19,19.0,7.578947368421052,7.105263157894737,1.06666667,0.0,0.16842105,0.15789474,0.01052632,0.26315789,1.8421052631578947,0.33333333,0.61538462,6.157894736842105,6.1334576255396795,0.024437111302425762,7.858732949903137,sa3068374
Alexis Marinez,DET,DSL,20,11.2,7.7142836123102425,3.8571418061551213,2.0,2.314285083693073,0.20833333,0.10416667,0.10416667,0.2,1.114285410667035,0.18518519,0.84745763,4.628570167386146,8.270170392795759,-3.641600225409613,6.116824856521676,sa3068376
Edrwin Veras,TOR,"CPX,DSL",23,9.0,8.999999761581428,3.99999989403619,2.25,0.0,0.23684211,0.10526316,0.13157895,0.15151515,0.9999999735090475,0.20833333,0.7,0.9999999735090475,3.9306891739411842,-2.9306892004321363,5.016674438163401,sa3068378
Angel Lopez,BOS,DSL,18,3.1,8.100008304127623,13.500013840212706,0.6,2.700002768042541,0.13043478,0.2173913,-0.08695652,0.44444444,3.9000039982836707,0.5,0.43103448,21.60002214434033,11.184463877684856,10.415558266655474,8.585488891169227,sa3068379
Ysaias Escalona,CIN,DSL,19,16.2,8.099998455047903,1.6199996910095804,5.0,0.0,0.24193548,0.0483871,0.19354839,0.13793103,0.6599998741150143,0.18604651,0.83333333,0.0,3.504457317352256,-3.504457317352256,4.4411970668096625,sa3068380
Albert Feliz,LAD,DSL,20,4.2,11.571420689023775,7.714280459349183,1.5,0.0,0.21428571,0.14285714,0.07142857,0.39130435,2.7857123880983163,0.52941176,0.28571429,15.428560918698366,5.227313816304408,10.201247102393959,6.528340608003482,sa3068381
Jefersson Marte,CIN,DSL,18,3.1,8.100008304127623,16.200016608255247,0.5,0.0,0.15789474,0.31578947,-0.15789474,0.23076923,2.700002768042541,0.3,0.11111111,21.60002214434033,8.18446080208203,13.415561342258298,9.745695616203683,sa3068382
Oscar Vaamonde,BOS,DSL,18,7.2,11.73912556725976,12.913038123985737,0.90909091,0.0,0.23809524,0.26190476,-0.02380952,0.32258065,2.7391292990272773,0.47619048,0.38095238,15.26086323743769,6.280108582185052,8.980754655252637,6.9589053500949865,sa3068383
Carlos Falcon,BOS,DSL,18,7.2,14.086950680711713,2.347825113451952,6.0,1.173912556725976,0.375,0.0625,0.3125,0.26666667,1.3043472852510845,0.41176471,0.58139535,4.695650226903904,3.9322834687331003,0.7633667581708039,3.2548271497715917,sa3068384
Victor De Jesus,CLE,DSL,19,6.0,9.0,12.0,0.75,1.5,0.19354839,0.25806452,-0.06451613,0.22727273,2.1666666666666665,0.26666667,0.55555556,10.5,9.25112377802531,1.2488762219746903,7.807250265777111,sa3068385
Angel De Jesus,BAL,DSL,20,9.0,9.0,14.0,0.64285714,0.0,0.1875,0.29166667,-0.10416667,0.21875,2.3333333333333335,0.30434783,0.56521739,9.0,7.917790444691976,1.0822095553080242,8.592397388815879,sa3068387
Logan Tinkam,LAD,DSL,19,6.1,11.368426758829798,7.105266724268624,1.6,0.0,0.27586207,0.17241379,0.10344828,0.20833333,1.5789481609485831,0.3125,0.8,2.8421066897074496,4.426562295263785,-1.584455605556335,5.111314048412944,sa3068391
Gustavo Antunez,BOS,DSL,18,1.2,0.0,5.399989314100431,0.0,0.0,0.0,0.16666667,-0.16666667,0.2,1.1999976253556512,0.2,1.0,0.0,6.38445354939212,-6.38445354939212,7.425273632102699,sa3068402
Diego Palacios,TBR,DSL,20,7.2,7.043475340355856,2.347825113451952,3.0,1.173912556725976,0.1875,0.0625,0.125,0.33333333,1.5652167423013015,0.39130435,0.66037736,3.521737670177928,5.497500211034402,-1.9757625408564738,4.593778302769581,sa3068458
Carlos De La Rosa,SFG,CPX,18,26.0,11.076923076923077,6.230769230769231,1.77777778,0.34615384615384615,0.25806452,0.14516129,0.11290323,0.31132075,1.9615384615384615,0.43835616,0.58467742,7.269230769230769,4.933052767240084,2.3361780019906853,5.4645985031357185,sa3068459
Ricardo Osorio,OAK,DSL,18,12.2,9.94736592459279,4.973682962296395,2.0,0.0,0.25454545,0.12727273,0.12727273,0.27083333,1.5789469721575857,0.38235294,0.65,4.973682962296395,4.031825671103488,0.9418572911929068,4.579626661182818,sa3068460
Hamlet Santos,PIT,DSL,18,8.1,9.720003707887157,6.480002471924771,1.5,0.0,0.21428571,0.14285714,0.07142857,0.23529412,1.680000640869385,0.32,0.6875,3.2400012359623855,5.304457386016951,-2.0644561500545655,5.616704147838416,sa3068461
Roberto Salas,COL,DSL,18,6.0,13.5,1.5,9.0,0.0,0.42857143,0.04761905,0.38095238,0.15,0.6666666666666666,0.27272727,1.0,0.0,2.0844571113586428,-2.0844571113586428,2.6626916348934175,sa3068462
Angel Montero,NYM,DSL,18,11.0,8.181818181818182,4.909090909090909,1.66666667,0.8181818181818182,0.20833333,0.125,0.08333333,0.26829268,1.5454545454545454,0.33333333,0.84337349,3.272727272727273,5.857184384085915,-2.5844571113586423,5.148467176068913,sa3068464
Enmanuel Figuereo,TEX,DSL,17,2.2,10.124987024830519,20.249974049661038,0.5,6.749991349887012,0.15,0.3,-0.15,0.42857143,4.499994233258008,0.44444444,0.32608696,23.624969724604544,18.834438850009,4.790530874595543,10.060220852633092,sa3068466
Iker Redona,CIN,CPX,18,26.1,10.594937987863322,1.025316579470644,10.33333333,0.34177219315688134,0.27678571,0.02678571,0.25,0.25688073,1.1772153319848135,0.35064935,0.57432432,3.075949738411932,3.2986806267137743,-0.22273088830184218,3.8234979989277984,sa3068467
Deiry Gonzalez,PHI,CPX,18,19.2,10.983049072160709,5.033897491406992,2.18181818,1.3728811340200886,0.24242424,0.11111111,0.13131313,0.36363636,2.1864403245505115,0.47540984,0.59278351,8.237286804120531,5.349441206602519,2.8878455975180124,4.387462093630536,sa3068468
Yordanis Guerra,PHI,CPX,19,18.1,15.218184456943938,5.890910112365395,2.58333333,0.0,0.34831461,0.13483146,0.21348315,0.24,1.6363639201014988,0.40909091,0.53125,5.400000936334946,3.038193140739219,2.361807795595727,4.055286695132997,sa3068469
Jose Puello,ARI,DSL,19,11.0,2.4545454545454546,5.7272727272727275,0.42857143,1.6363636363636365,0.05769231,0.13461538,-0.07692308,0.28888889,1.8181818181818181,0.275,0.63953488,6.545454545454546,8.31172983863137,-1.7662752931768244,6.973145584897562,sa3068470
Isael Fis,BOS,DSL,19,7.0,6.428571428571429,7.714285714285714,0.83333333,0.0,0.13513514,0.16216216,-0.02702703,0.36666667,2.4285714285714284,0.44,0.72222222,6.428571428571429,6.155885682787214,0.2726857457842149,7.394959661790303,sa3068471
Albert Cordero,TEX,DSL,20,7.0,9.0,6.428571428571429,1.4,1.2857142857142858,0.20588235,0.14705882,0.05882353,0.25925926,1.7142857142857142,0.31578947,0.79365079,5.142857142857143,7.4415999685014995,-2.2987428256443563,6.699623692461422,sa3068472
Ruben Medina,TEX,DSL,20,6.1,8.526320069122349,19.894746827952147,0.42857143,0.0,0.15384615,0.35897436,-0.20512821,0.26086957,3.1578963218971663,0.35294118,0.40909091,9.947373413976074,10.268670490773541,-0.32129707679746744,10.81647189329287,sa3068473
Diego Arroyo,COL,DSL,18,13.2,7.902437186255761,0.0,12.0,1.9756092965639402,0.22641509,0.0,0.22641509,0.24528302,0.9512192909381934,0.26315789,1.0,2.6341457287519203,5.682017831671943,-3.0478721029200226,3.7168664590825458,sa3068474
Geovanny Villarroel,CHC,DSL,18,10.1,6.967744079018894,3.483872039509447,2.0,0.0,0.18181818,0.09090909,0.09090909,0.25641026,1.354839126475896,0.32258065,0.6,5.22580805926417,4.487682888038936,0.7381251712252341,5.3270558417147145,sa3068475
Anthony Feliz,CHC,DSL,19,10.1,10.45161611852834,6.096776069141533,1.71428571,2.612904029632085,0.23529412,0.1372549,0.09803922,0.34090909,2.129032913033551,0.4137931,0.61797753,9.58064810865098,8.06832915086809,1.51231895778289,4.965632804340145,sa3068476
Jesus Carrasco,WSN,DSL,20,6.2,9.449995493891004,6.749996781350717,1.4,1.3499993562701433,0.21875,0.15625,0.0625,0.30769231,1.9499990701679848,0.38888889,0.63492063,8.09999613762086,7.13445589542447,0.9655402421963899,6.485483882831683,sa3068477
Leudy Reyes,PIT,DSL,18,7.0,10.285714285714286,11.571428571428571,0.88888889,0.0,0.25806452,0.29032258,-0.03225806,0.0952381,1.5714285714285714,0.15384615,0.83333333,1.2857142857142858,6.584457111358643,-5.298742825644357,7.080086702959878,sa3068478
Yobanny Sanchez,NYM,DSL,18,3.0,6.0,6.0,1.0,3.0,0.15384615,0.15384615,0.0,0.1,1.0,0.0,0.0,12.0,10.584457111358642,1.4155428886413581,7.696710086862247,sa3068479
Santiago Castellanos,MIN,CPX,17,1.2,5.399989314100431,32.399935884602584,0.16666667,0.0,0.11111111,0.66666667,-0.55555556,0.0,3.599992876066954,0.0,0.66666667,10.799978628200861,13.729083423652096,-2.9291047954512344,15.450314964994401,sa3068480
Raymond Sarmiento,MIL,DSL,18,10.2,6.749997988343838,4.218748742714899,1.6,2.5312492456289393,0.16,0.1,0.06,0.33333333,1.8749994412066218,0.35294118,0.75949367,6.749997988343838,8.146956049651223,-1.3969580613073846,6.035677046430876,sa3068482
Darwin Ramos,SEA,DSL,19,8.0,4.5,9.0,0.5,0.0,0.10526316,0.21052632,-0.10526316,0.26666667,2.0,0.30769231,0.625,4.5,6.584457111358643,-2.0844571113586428,7.993903762474656,sa3068483
Joan Pena,MIL,CPX,18,22.2,10.72058673177232,7.147057821181547,1.5,0.7941175356868385,0.25961538,0.17307692,0.08653846,0.22352941,1.632352712245168,0.30357143,0.56818182,5.161763981964451,6.097079737128709,-0.9353157551642584,6.461943289059907,sa3068485
Christopher Cordero,BOS,CPX,17,17.0,5.294117647058823,6.882352941176471,0.76923077,0.5294117647058824,0.11764706,0.15294118,-0.03529412,0.31428571,2.0588235294117645,0.3559322,0.6741573,5.823529411764706,6.364396538453944,-0.5408671266892382,7.2028016365626275,sa3068486
Diustin Mayorquin,MIL,CPX,18,26.2,11.474998632073566,2.362499718368087,4.85714286,1.3499998390674783,0.30357143,0.0625,0.24107143,0.27884615,1.3499998390674783,0.37878788,0.66878981,4.724999436736174,5.117668116092687,-0.39266867935651284,4.341051483253887,sa3068487
Leosmar Perez,BOS,DSL,19,10.2,5.906248239800859,5.0624984912578785,1.16666667,1.6874994970859596,0.12280702,0.10526316,0.01754386,0.34042553,2.0624993853272837,0.36842105,0.73275862,7.593747736886818,8.521955937892548,-0.92820820100573,7.3041697489022805,sa3068488
Daniel Gentile,CLE,DSL,17,7.1,9.81818607425086,6.136366296406788,1.6,2.454546518562715,0.19512195,0.12195122,0.07317073,0.31428571,2.1818191276113024,0.36,0.49295775,9.81818607425086,8.402640584678421,1.4155454895724393,6.749589217850124,sa3068490
Jainer Almanza,BOS,DSL,18,4.2,3.8571402296745916,9.642850574186479,0.4,0.0,0.08695652,0.2173913,-0.13043478,0.27777778,2.142855683152551,0.3125,0.1,13.49999080386107,6.941598362826449,6.558392441034622,8.614347095010974,sa3068492
Juanyerlin Duran,BOS,CPX,18,8.2,10.384611575562559,10.384611575562559,1.0,1.038461157556256,0.22222222,0.22222222,0.0,0.21875,1.9615377420507056,0.28571429,0.75268817,6.230766945337535,7.821408758784684,-1.5906418134471485,7.3144291067300635,sa3068494
Andre Avila,NYY,DSL,20,9.1,9.642860427195831,5.785716256317499,1.66666667,0.0,0.22727273,0.13636364,0.09090909,0.21052632,1.5000005108971293,0.28571429,0.57142857,1.9285720854391661,4.370171324087624,-2.4415992386484584,5.113615964705213,sa3068495
Argenis Done,KCR,DSL,18,1.0,0.0,9.0,0.0,0.0,0.0,0.2,-0.2,0.25,2.0,0.25,0.5,9.0,7.584457111358643,1.4155428886413572,9.319160681962966,sa3068496
Denis Samudio,KCR,"A,CPX",21,23.2,11.028167532777447,4.183098029674204,2.63636364,1.901408195306456,0.29896907,0.11340206,0.18556701,0.18604651,1.1408449171838737,0.21153846,0.65,4.183098029674204,5.617004934588045,-1.433906904913841,4.454370614678596,sa3068497
Cristopher Alburquerque,COL,DSL,18,1.0,9.0,18.0,0.5,0.0,0.16666667,0.33333333,-0.16666667,0.25,3.0,0.33333333,0.66666667,9.0,8.584457111358642,0.41554288864135813,10.319160681962966,sa3068498
Angel Garcia,KCR,DSL,17,6.1,5.684213379414899,9.947373413976074,0.57142857,0.0,0.10810811,0.18918919,-0.08108108,0.31034483,2.526317057517733,0.36,0.35294118,12.789480103683523,7.110774168876375,5.678705934807148,8.617228025804527,sa3068500
Miguel Pantoja,TOR,CPX,18,27.0,10.0,6.333333333333333,1.57894737,1.3333333333333333,0.25641026,0.16239316,0.09401709,0.17525773,1.3333333333333333,0.20634921,0.79617834,4.0,6.0550283467328105,-2.0550283467328105,5.5103403415944845,sa3068501
Luis Gamez,LAD,CPX,19,25.0,9.72,4.68,2.07692308,1.08,0.24324324,0.11711712,0.12612613,0.24210526,1.44,0.30769231,0.7183908,4.32,6.137668151855469,-1.817668151855469,5.829276978075504,sa3068502
Adriano Marrero,LAD,CPX,18,7.2,9.391300453807808,7.043475340355856,1.33333333,0.0,0.22222222,0.16666667,0.05555556,0.20689655,1.5652167423013015,0.28571429,0.76923077,3.521737670177928,5.469841794481011,-1.9481041243030832,6.441587374645534,sa3068503
Leonel Murrieta,HOU,DSL,19,13.0,6.230769230769231,4.153846153846154,1.5,0.0,0.17307692,0.11538462,0.05769231,0.17391304,1.0769230769230769,0.21621622,0.64285714,3.4615384615384617,4.584457111358643,-1.122918649820181,5.318370160460472,sa3068505
Cesar Acosta,NYY,DSL,19,14.1,10.046513856070288,4.395349812030751,2.28571429,0.627907116004393,0.27118644,0.11864407,0.15254237,0.26,1.3953491466764287,0.36363636,0.53398058,6.9069782760483225,5.142596770029214,1.7643815060191086,4.9012620401088425,sa3068506
Carlos Lorenzo,PIT,DSL,19,5.1,11.812507040802862,10.12500603497388,1.16666667,0.0,0.29166667,0.25,0.04166667,0.16666667,1.68750100582898,0.27272727,0.66666667,5.06250301748694,5.334457558393745,-0.2719545409068047,6.310228898463718,sa3068507
Aneudy Santos,TEX,DSL,20,12.0,10.5,4.5,2.33333333,0.0,0.29787234,0.12765957,0.17021277,0.175,1.0833333333333333,0.26923077,0.78571429,1.5,4.00112377802531,-2.5011237780253097,4.434799670676391,sa3068508
Hendrick Caña,STL,DSL,18,13.0,12.461538461538462,1.3846153846153846,9.0,0.0,0.35294118,0.03921569,0.31372549,0.2244898,1.0,0.35483871,0.76923077,0.6923076923076923,2.2767648036663353,-1.584457111358643,3.010677852768165,sa3068510
Guillermo Baldelomar,CIN,DSL,19,5.1,8.437505029144901,8.437505029144901,1.0,1.68750100582898,0.2,0.2,0.0,0.26315789,1.8750011175877557,0.30769231,0.83333333,5.06250301748694,8.52195945829293,-3.4594564408059894,7.22285790217715,sa3068511
Isaac Vegas,TBR,DSL,20,3.1,2.700002768042541,10.800011072170165,0.25,0.0,0.0625,0.25,-0.1875,0.18181818,1.8000018453616942,0.2,0.71428571,2.700002768042541,8.484461109642314,-5.784458341599773,9.265078516703138,sa3068512
Greison Acosta,NYM,DSL,18,5.0,9.0,14.4,0.625,1.8,0.13888889,0.22222222,-0.08333333,0.41666667,3.6,0.5,0.38834951,21.6,12.384457111358643,9.215542888641359,10.651808896660805,sa3068513
Bryan Lara,LAD,DSL,18,8.2,3.1153834726687677,8.307689260450047,0.375,0.0,0.06521739,0.17391304,-0.10869565,0.2972973,2.192306888174318,0.32352941,0.45,8.307689260450047,7.0075331456565735,1.3001561147934737,7.908244284629942,sa3068514
Jose Menes,TBR,DSL,22,10.0,4.5,5.4,0.83333333,0.0,0.09803922,0.11764706,-0.01960784,0.37209302,2.2,0.42105263,0.5,9.9,5.984457111358642,3.915542888641358,7.112014432251454,sa3068515
Luisangel Chirino,CIN,DSL,19,9.0,11.0,8.0,1.375,0.0,0.23404255,0.17021277,0.06382979,0.25,1.8888888888888888,0.36,0.7,5.0,5.806679333580865,-0.8066793335808651,6.577658698293898,sa3068516
Jose Vargas,NYY,DSL,18,6.2,6.749996781350717,4.04999806881043,1.66666667,0.0,0.17241379,0.10344828,0.06896552,0.2,1.199999427795683,0.25,0.33333333,5.399997425080573,4.884456968307563,0.5155404567730102,5.534970497095163,sa3068517
Freigher Barco,TOR,CPX,20,12.1,9.486488931627257,10.216218849444736,0.92857143,2.189189753452444,0.1884058,0.20289855,-0.01449275,0.28301887,2.3513519574118837,0.32432432,0.37313433,11.6756786850797,9.075049641569812,2.600629043509887,8.122580747518237,sa3068518
Fleury Soriano,CHC,DSL,21,8.0,13.5,10.125,1.33333333,1.125,0.32432432,0.24324324,0.08108108,0.11111111,1.5,0.14285714,0.60344828,5.625,6.959457111358643,-1.3344571113586428,6.310227869823575,sa3068519
Yordy Magdariaga,DET,DSL,20,7.0,3.857142857142857,6.428571428571429,0.6,2.5714285714285716,0.08823529,0.14705882,-0.05882353,0.21428571,1.5714285714285714,0.17391304,0.54347826,7.714285714285714,10.013028539930072,-2.298742825644358,7.537816804647446,sa3068520
Jose Padilla,NYM,DSL,18,1.0,0.0,18.0,0.0,0.0,0.0,0.4,-0.4,0.0,2.0,0.0,0.5,0.0,10.584457111358642,-10.584457111358642,11.451808896660804,sa3068527
P.J. Labriola,BOS,"A+,AA",25,27.0,6.66666669610106,4.666666687270742,1.42857143,1.3333333392202118,0.16,0.112,0.048,0.28301887,1.6296296368247034,0.31707317,0.55299539,7.666666700516219,6.148296102922695,1.518370597593524,5.983020040035556,sa3068587
Anyel Manzueta,WSN,DSL,19,9.2,9.310341765850406,13.965512648775611,0.66666667,0.0,0.18867925,0.28301887,-0.09433962,0.19444444,2.275861320541211,0.26923077,0.41666667,11.172410119020489,7.791352608484894,3.3810575105355944,8.509160746474551,sa3068590
Augie Mojica,ARI,"A,CPX",21,30.0,8.4,2.7,3.11111111,1.2,0.20740741,0.06666667,0.14074074,0.27272727,1.4,0.3258427,0.43478261,8.4,5.974704929634451,2.425295070365549,5.687047533884167,sa3068592
Keisther Castillo,KCR,CPX,18,19.2,13.728811340200886,8.237286804120531,1.66666667,1.3728811340200886,0.32967033,0.1978022,0.13186813,0.21917808,1.7288132798771487,0.325,0.70469799,5.949151580753718,6.495633982324466,-0.5464824015707483,6.406664302728556,sa3068594
Hector Moreno,NYY,DSL,18,2.1,11.57144551863525,15.428594024847,0.75,0.0,0.2,0.26666667,-0.06666667,0.25,2.5714323374744996,0.4,0.77777778,3.85714850621175,11.013037955044894,-7.155889448833143,11.756483431275633,sa3068595
Josias Figuereo,SDP,DSL,19,12.0,9.0,3.0,3.0,1.5,0.22641509,0.0754717,0.1509434,0.30612245,1.5833333333333333,0.37142857,0.67901235,6.0,5.75112377802531,0.24887622197469028,4.451808896660805,sa3068599
Francis Aquino,ARI,DSL,19,11.2,13.114282140927413,5.39999852861717,2.42857143,0.0,0.34,0.14,0.2,0.23255814,1.4571424601030458,0.38461538,0.47058824,6.1714268898481945,3.4701717006916075,2.701255189156587,3.916238211589241,sa3068600
Carlos Toro,SFG,DSL,19,6.2,5.399997425080573,10.799994850161147,0.5,0.0,0.11428571,0.22857143,-0.11428571,0.28,2.2499989271169056,0.33333333,0.82352941,4.04999806881043,7.8844555377967716,-3.8344574689863418,8.66507177234189,sa3068601
Miguel Alvarez,SDP,DSL,21,11.2,14.657138863389461,4.628570167386146,3.16666667,1.5428567224620486,0.33333333,0.10526316,0.22807018,0.2745098,1.714285247180054,0.4,0.63953488,6.1714268898481945,5.098742685512659,1.0726842043355358,3.7623048859738555,sa3068602
Rainer Marin,MIN,CPX,20,4.2,5.785710344511887,3.8571402296745916,1.5,0.0,0.12,0.08,0.04,0.40909091,2.357141251467806,0.47368421,0.58333333,9.642850574186479,4.77195912575265,4.870891448433829,6.308774996239747,sa3068603
Edwin Mendoza,OAK,DSL,18,5.1,8.437505029144901,11.812507040802862,0.71428571,0.0,0.16129032,0.22580645,-0.06451613,0.31818182,2.625001564622858,0.41176471,0.75,6.75000402331592,7.771959011257827,-1.021954987941907,8.097216124614485,sa3068606
Keivan Vasquez,ARI,DSL,18,9.0,8.0,8.0,1.0,1.0,0.17777778,0.17777778,0.0,0.32432432,2.2222222222222223,0.39285714,0.59139785,9.0,6.917790444691976,2.082209555308024,6.244325364960565,sa3068607
Yhosneiber Torres,PIT,DSL,18,8.1,8.640003295899694,5.400002059937309,1.6,1.0800004119874618,0.20512821,0.12820513,0.07692308,0.21875,1.4400005493166157,0.26086957,0.71428571,4.320001647949847,6.744457935333566,-2.4244562873837188,5.704868609943008,sa3068609
Julio M Rossi,CLE,DSL,17,7.2,11.73912556725976,10.565213010533785,1.11111111,2.347825113451952,0.23255814,0.20930233,0.02325581,0.34375,2.608694570502169,0.45,0.67708333,10.565213010533785,9.671411523837872,0.8938014866959136,7.863967707308232,sa3068610
Salvador Burgos,CHC,DSL,20,10.2,7.593747736886818,2.5312492456289393,3.0,0.0,0.20930233,0.06976744,0.13953488,0.175,0.9374997206033109,0.22580645,0.4,3.374998994171919,3.740707362815663,-0.3657083686437437,4.309906802285555,sa3068612
Miguel Liendo,LAA,DSL,18,3.1,5.400005536085082,10.800011072170165,0.5,0.0,0.11111111,0.22222222,-0.11111111,0.28571429,2.4000024604822587,0.33333333,0.75,5.400005536085082,6.984459571840901,-1.5844540357558188,8.285488583608945,sa3068613
Christopher Quiroz,SEA,DSL,18,5.1,11.812507040802862,18.56251106411878,0.63636364,1.68750100582898,0.18918919,0.2972973,-0.10810811,0.29166667,3.37500201165796,0.375,0.53763441,10.12500603497388,11.709461358192115,-1.5844553232182346,9.59721701868469,sa3068614
Jose D. Gonzalez,SFG,DSL,20,5.0,7.2,5.4,1.33333333,0.0,0.17391304,0.13043478,0.04347826,0.16666667,1.2,0.21428571,0.875,1.8,5.984457111358642,-4.184457111358642,7.372219967842103,sa3068615
Amilkar Romero,CHC,DSL,18,6.1,8.526320069122349,5.684213379414899,1.5,0.0,0.20689655,0.13793103,0.06896552,0.13043478,1.1052637126640081,0.17647059,0.88888889,1.4210533448537248,5.531826007927792,-4.1107726630740675,6.7643791635962796,sa3068616
Wilner Berroteran,LAA,DSL,18,13.0,6.923076923076923,3.4615384615384617,2.0,1.3846153846153846,0.1754386,0.0877193,0.0877193,0.25490196,1.3846153846153846,0.28205128,0.74074074,4.153846153846154,6.430610957512489,-2.2767648036663344,5.431401479014983,sa3068617
Jesus Martinez,BOS,DSL,18,7.0,9.0,12.857142857142858,0.7,1.2857142857142858,0.18421053,0.26315789,-0.07894737,0.32142857,2.7142857142857144,0.4,0.625,6.428571428571429,8.727314254215786,-2.298742825644357,7.985337978175709,sa3068618
Carlos Barrientos,CHC,DSL,18,3.0,15.0,9.0,1.66666667,0.0,0.35714286,0.21428571,0.14285714,0.18181818,1.6666666666666667,0.33333333,0.4,9.0,4.25112377802531,4.74887622197469,4.540241039792697,sa3068619
Victor Castellano,COL,DSL,18,5.0,1.8,3.6,0.5,1.8,0.03703704,0.07407407,-0.03703704,0.41666667,2.4,0.40909091,0.68965517,9.0,8.584457111358642,0.41554288864135813,7.719160681962967,sa3068620
Frederik Dolsi,TEX,DSL,18,12.1,7.297299178174812,4.378379506904888,1.66666667,1.4594598356349624,0.18867925,0.11320755,0.0754717,0.2826087,1.5405409376146826,0.32352941,0.69767442,5.83783934253985,6.773646864811086,-0.9358075222712365,5.43912243745851,sa3068621
Kelvin Zapata,BAL,DSL,18,11.2,12.342853779696389,6.1714268898481945,2.0,0.0,0.33333333,0.16666667,0.16666667,0.16216216,1.1999996730260378,0.28571429,0.58823529,2.314285083693073,4.670171373717645,-2.3558862900245723,5.190582303098218,sa3068622
Anderson Alvarez,TBR,DSL,18,13.2,5.92682788969182,3.9512185931278805,1.5,1.9756092965639402,0.15254237,0.10169492,0.05084746,0.28846154,1.5365850084386201,0.3,0.78651685,3.9512185931278805,7.657627128235883,-3.7064085351080025,5.946334755710824,sa3068623
Enderson Amaya,CLE,DSL,19,9.0,8.0,5.0,1.6,2.0,0.17777778,0.11111111,0.06666667,0.275,1.7777777777777777,0.3,0.37878788,9.0,7.36223488913642,1.6377651108635796,5.72618746790621,sa3068624
Gleiderson Mendoza,COL,DSL,18,10.1,6.967744079018894,2.612904029632085,2.66666667,0.0,0.17777778,0.06666667,0.11111111,0.25641026,1.2580649031561892,0.32258065,0.5625,3.483872039509447,4.778005557998057,-1.2941335184886098,5.617378511673835,sa3068625
Alan Carpinteiro,SEA,CPX,19,13.1,9.450002253056109,12.825003057719005,0.73684211,0.6750001609325793,0.19444444,0.26388889,-0.06944444,0.23076923,2.3250005543233287,0.2972973,0.62091503,8.77500209212353,8.192668956518364,0.5823331356051664,9.005681759241487,sa3068626
Kevin Concepcion,COL,CPX,18,14.2,6.749998536977218,3.6818173838057553,1.83333333,1.227272461268585,0.15277778,0.08333333,0.06944444,0.34375,1.9090904953066878,0.39215686,0.58823529,8.590907228880095,6.726758647162157,1.864148581717938,6.681089017916351,sa3068629
Kenyer Penaloza,KCR,DSL,17,9.0,4.0,7.0,0.57142857,0.0,0.1,0.175,-0.075,0.25806452,1.6666666666666667,0.2962963,0.82352941,3.0,6.695568222469754,-3.6955682224697544,7.370175166593658,sa3068630
Abner Meza,NYM,DSL,19,11.1,8.73529656783176,0.7941178698028872,11.0,0.7941178698028872,0.25,0.02272727,0.22727273,0.20930233,0.8823531886698747,0.25806452,0.58139535,3.176471479211549,4.0550451981567175,-0.8785737189451686,3.9028898503837137,sa3068632
Javier Rojas,KCR,DSL,18,7.2,7.043475340355856,4.695650226903904,1.5,1.173912556725976,0.14634146,0.09756098,0.04878049,0.36111111,2.2173903849268437,0.4137931,0.30120482,11.73912556725976,6.671412767760378,5.0677127994993825,6.220222038102181,sa3068634
Jeronimo Palmeros,SDP,CPX,19,6.0,9.0,7.5,1.2,0.0,0.18181818,0.15151515,0.03030303,0.32,2.1666666666666665,0.42105263,0.6875,6.0,6.817668151855469,-0.8176681518554689,8.804348828395208,sa3068635
Ronny Arias,CLE,DSL,17,7.1,7.363639555688145,7.363639555688145,1.0,2.454546518562715,0.19354839,0.19354839,0.0,0.24,1.6363643457084767,0.23529412,0.97826087,3.6818197778440727,8.948095366581247,-5.266275588737175,6.821942820867933,sa3068636
Mauricio De La Cruz,PIT,DSL,20,5.2,6.352937612568568,3.176468806284284,2.0,0.0,0.17391304,0.08695652,0.08695652,0.19047619,1.0588229354280947,0.23529412,1.0,0.0,4.231516132882611,-4.231516132882611,5.3029500901387845,sa3068637
Henderson Hernandez,NYM,DSL,19,9.0,9.0,5.0,1.8,0.0,0.24324324,0.13513514,0.10810811,0.16129032,1.1111111111111112,0.22727273,0.63636364,3.0,4.584457111358643,-1.5844571113586428,5.259064055482547,sa3068641
Diego Castro,TBR,DSL,19,7.2,9.391300453807808,10.565213010533785,0.88888889,0.0,0.18604651,0.20930233,-0.02325581,0.3125,2.4782598419770605,0.41666667,0.38095238,14.086950680711713,6.801847496285486,7.285103184426227,7.8200426481503875,sa3068642
Carlos Virla,BAL,DSL,19,5.2,14.294109628279278,3.176468806284284,4.5,0.0,0.31034483,0.06896552,0.24137931,0.30769231,1.7647048923801576,0.47058824,0.27272727,7.94117201571071,2.996222708216501,4.944949307494209,3.455408689897718,sa3068643
Diego Lanzosa,TEX,CPX,20,30.2,9.97825983521629,4.108695226265532,2.42857143,0.5869564608950759,0.27642276,0.11382114,0.16260163,0.18691589,1.1086955372462546,0.25352113,0.6626506,3.2282605349229176,5.013320305487161,-1.7850597705642435,5.574525835836563,sa3068648
Wuilinyer Tovar,ATL,CPX,18,23.2,6.845069503103242,7.225351142164533,0.94736842,0.38028163906129125,0.15929204,0.16814159,-0.00884956,0.24175824,1.732394133501438,0.29166667,0.5399061,7.225351142164533,5.946003585210832,1.2793475569537014,7.154306714314234,sa3068652
Maykol Vasquez,NYM,DSL,18,3.0,12.0,18.0,0.66666667,0.0,0.19047619,0.28571429,-0.0952381,0.25,3.0,0.375,0.75,9.0,10.917790444691976,-1.9177904446919758,12.074259491761525,sa3068653
Alexander Martinez,CHW,A,23,22.2,10.323527963928901,3.176470142747354,3.25,2.3823526070605157,0.24528302,0.0754717,0.16981132,0.33333333,1.7647056348596413,0.40625,0.53571429,7.147057821181547,6.088255754556672,1.0588020666248754,4.08321725784163,sa3068655
Ricardo Montilla,KCR,DSL,19,5.1,3.37500201165796,15.187509052460822,0.22222222,0.0,0.06896552,0.31034483,-0.24137931,0.3,2.8125016763816335,0.33333333,0.73333333,1.68750100582898,8.89695968181048,-7.209458675981501,10.36061669191544,sa3068656
Jose Sequera,PIT,DSL,19,6.0,4.5,6.0,0.75,1.5,0.125,0.16666667,-0.04166667,0.2,1.3333333333333333,0.1875,0.60606061,6.0,7.75112377802531,-1.7511237780253097,6.596367527544499,sa3068660
Sebastian Pina,TBR,DSL,18,6.1,9.947373413976074,1.4210533448537248,7.0,0.0,0.28,0.04,0.24,0.2173913,0.9473688965691499,0.3125,0.85714286,0.0,3.321298582599776,-3.321298582599776,3.732149634489272,sa3068667
Yeraldo Salcedo,PIT,"A,CPX",19,23.1,8.87142615415678,3.4714276255396093,2.55555556,0.0,0.23,0.09,0.14,0.23333333,1.2857139353850404,0.31343284,0.64516129,3.0857134449240973,3.186886958041544,-0.10117351311744693,4.707794961605458,sa3068668
Jack Mahoney,OAK,A+,27,21.1,7.171876068692813,5.484375817235681,1.30769231,1.2656251885928496,0.17708333,0.13541667,0.04166667,0.2278481,1.4531252165325308,0.25423729,0.81168831,4.218750628642831,6.57207594886428,-2.3533253202214492,6.403779771991703,sa3068674
Nate Wohlgemuth,HOU,A+,25,21.1,9.703126445878512,10.125001508742796,0.95833333,1.6875002514571327,0.19166667,0.2,-0.00833333,0.29213483,2.3437503492460174,0.35483871,0.42801556,13.921877074521344,8.234937596414342,5.686939478107002,7.581108770973514,sa3068675
Angel Soriano,PIT,CPX,19,18.0,4.5,9.5,0.47368421,0.0,0.10714286,0.22619048,-0.11904762,0.28571429,2.0555555555555554,0.33333333,0.71794872,4.5,6.629102420806885,-2.129102420806885,8.143151680131753,sa3068680
Jhosneyker Colina,NYY,DSL,18,16.0,9.0,1.6875,5.33333333,0.5625,0.22222222,0.04166667,0.18055556,0.28985507,1.4375,0.36538462,0.64814815,2.25,3.9594571113586428,-1.7094571113586428,3.96009941007942,sa3068683
Juan Muniz,PIT,CPX,18,17.2,6.622640317765665,3.056603223584153,2.16666667,0.0,0.18055556,0.08333333,0.09722222,0.21538462,1.1320752679941306,0.26923077,0.57142857,3.5660370941815116,3.8460836038083523,-0.28004650962684074,6.200602683717303,sa3068684
Jeferson Villabona,SDP,"A+,CPX",25,12.0,9.0,9.0,1.0,3.0,0.17910448,0.17910448,0.0,0.35185185,2.5833333333333335,0.39473684,0.60606061,12.0,9.602958273887634,2.3970417261123664,7.164276587590576,sa3068685
Sam Rochard,MIN,A+,25,31.0,9.870967741935484,4.645161290322581,2.125,1.4516129032258065,0.24113475,0.11347518,0.12765957,0.28225806,1.6451612903225807,0.35294118,0.68888889,5.516129032258065,5.4954626544829335,0.020666377775131473,4.883610613307646,sa3068686
Jose Andrades,TOR,DSL,19,13.1,11.475002735853847,6.0750014483932135,1.88888889,0.6750001609325793,0.30357143,0.16071429,0.14285714,0.21276596,1.4250003397465563,0.31034483,0.625,4.7250011265280545,5.034457218647029,-0.3094560921189746,4.449765382631605,sa3068687
Diego Perez,CHW,CPX,17,8.0,9.0,19.125,0.47058824,0.0,0.14035088,0.29824561,-0.15789474,0.35294118,3.625,0.46153846,0.48571429,19.125,11.442668151855468,7.682331848144532,13.118929972685873,sa3068688
Jose Guzman,DET,A,21,26.1,6.4936716699807455,2.050633158941288,3.16666667,0.34177219315688134,0.19587629,0.06185567,0.13402062,0.18681319,0.8734178269564745,0.22535211,0.83333333,1.7088609657844067,3.4812562694039144,-1.7723953036195077,4.295731567758848,sa3068695
Malvin Garcia,CIN,DSL,20,3.1,10.800011072170165,21.60002214434033,0.5,0.0,0.19047619,0.38095238,-0.19047619,0.30769231,3.6000036907233883,0.44444444,0.5,16.200016608255247,9.38446203232316,6.815554575932087,10.685491044091204,sa3068697
Jhordari Jimenez,CLE,DSL,18,12.1,6.567569260357331,3.648649589087406,1.8,0.7297299178174812,0.17307692,0.09615385,0.07692308,0.22727273,1.216216529695802,0.26470588,0.78313253,2.189189753452444,6.124998048973326,-3.9358082955208817,5.492898754575225,sa3068700
Merwin Manrique,MIL,DSL,18,2.1,7.7142970124235,15.428594024847,0.5,0.0,0.16666667,0.33333333,-0.16666667,0.125,2.14286028122875,0.16666667,0.6,0.0,8.013033561324642,-8.013033561324642,8.013033561324642,sa3068701
Carlos Martinez,DET,DSL,20,7.0,6.428571428571429,9.0,0.71428571,0.0,0.12820513,0.17948718,-0.05128205,0.33333333,2.4285714285714284,0.4,0.42105263,10.285714285714286,7.013028539930071,3.272685745784216,7.756472927331925,sa3068702
Steven Duran,MIL,DSL,17,12.0,6.75,9.0,0.75,0.75,0.16666667,0.22222222,-0.05555556,0.24390244,1.8333333333333333,0.29032258,0.69444444,6.0,7.417790444691976,-1.4177904446919758,6.984970950335264,sa3068703
Daniel Burciaga,SDP,DSL,18,6.0,10.5,7.5,1.4,0.0,0.24137931,0.17241379,0.06896552,0.2173913,1.6666666666666667,0.3125,0.63636364,6.0,5.25112377802531,0.7488762219746903,6.552151455978553,sa3068704
Brandon McPherson,HOU,"AA,AAA",26,49.1,10.398647308523937,3.6486481784294518,2.85,1.277026862450308,0.25333333,0.08888889,0.16444445,0.29268293,1.621621412635312,0.37588652,0.6980057,5.6554046765656505,4.574349497460043,1.0810551791056078,4.38977341179283,sa3068705
Junior Medina,BAL,DSL,19,12.0,8.25,3.75,2.2,0.0,0.21153846,0.09615385,0.11538462,0.22222222,1.25,0.29411765,0.76470588,1.5,4.50112377802531,-3.0011237780253097,5.296196247885625,sa3068707
Antony Ventura,COL,DSL,17,5.2,6.352937612568568,3.176468806284284,2.0,0.0,0.15384615,0.07692308,0.07692308,0.23809524,1.2352934246661105,0.29411765,0.3,9.529406418852851,5.8197505360247535,3.7096558828280974,6.585060505493448,sa3068708
Neiker Palacios,ARI,CPX,19,11.0,10.636363636363637,2.4545454545454546,4.33333333,0.0,0.29545455,0.06818182,0.22727273,0.17073171,0.9090909090909091,0.25,0.6,2.4545454545454546,3.2722136064009235,-0.8176681518554689,4.355857611786235,sa3068727
Yonleg Gaetano,PIT,A,20,25.1,6.039474442064692,3.1973688222695427,1.88888889,0.7105264049487873,0.16346154,0.08653846,0.07692308,0.20879121,1.1052632965870024,0.23611111,0.75342466,3.1973688222695427,4.970763450382178,-1.773394628112635,4.995189406583695,sa3068728
Tony Gonzalez,PIT,DSL,22,7.2,16.434775794163667,4.695650226903904,3.5,0.0,0.35897436,0.1025641,0.25641026,0.31428571,1.9565209278766267,0.52380952,0.33333333,10.565213010533785,2.4975014549569075,8.067711555576878,3.1762982228668415,sa3068729
Daniel Castro,TBR,DSL,18,2.0,0.0,18.0,0.0,0.0,0.0,0.36363636,-0.36363636,0.0,2.0,0.0,0.75,4.5,10.584457111358642,-6.084457111358642,12.752836574614047,sa3068730
Julio Gonzalez,NYM,CPX,19,16.1,7.163266700290505,4.408164123255696,1.625,4.9591846386626575,0.18055556,0.11111111,0.06944444,0.25396825,1.4693880410852318,0.17073171,0.56451613,9.367348761918352,11.353593622809274,-1.9862448608909222,5.6832350756577386,sa3068731
Bryson Van Sickle,COL,"A,A+,AAA",25,33.2,7.752474515511303,3.207920489177091,2.41666667,0.8019801222942727,0.18954248,0.07843137,0.11111111,0.30147059,1.5742572770961651,0.36538462,0.44609665,8.554454637805577,5.164300612336355,3.390154025469222,5.4053519096727545,sa3068737
Yaiker Torrelles,WSN,CPX,19,1.1,13.500033393584838,0.0,2.0,0.0,0.5,0.0,0.5,0.0,0.0,0.0,1.0,0.0,1.1290950000102544,-1.1290950000102544,2.204869503190155,sa3068741
Robert Moreno,BOS,DSL,20,8.2,5.1923057877812795,10.384611575562559,0.5,0.0,0.09803922,0.19607843,-0.09803922,0.35897436,2.769229753483349,0.41176471,0.38461538,13.499995048231327,7.584456010965605,5.915539037265722,8.285009119056003,sa3068742
Ire Martinez,TOR,DSL,18,2.2,6.749991349887012,16.87497837471753,0.4,3.374995674943506,0.11764706,0.29411765,-0.17647059,0.33333333,3.374995674943506,0.33333333,0.26315789,23.624969724604544,13.584445577874657,10.040524146729886,9.359964830522777,sa3068743
Jose Blanco,SDP,DSL,22,8.0,5.625,13.5,0.41666667,1.125,0.11363636,0.27272727,-0.15909091,0.25806452,2.5,0.28,0.51020408,12.375,9.834457111358642,2.540542888641358,9.293646842986345,sa3068744
Rafael Gonzalez,DET,DSL,20,6.2,13.499993562701434,8.09999613762086,1.66666667,0.0,0.28571429,0.17142857,0.11428571,0.22222222,1.7999991416935246,0.35294118,0.57142857,8.09999613762086,5.184456825256484,2.915539312364375,6.225278471316643,sa3068745
Zack Morris,COL,CPX,25,6.2,12.149994206431291,1.3499993562701433,9.0,0.0,0.32142857,0.03571429,0.28571429,0.25925926,1.199999427795683,0.38888889,1.0,0.0,2.5676692247385633,-2.5676692247385633,3.0146721638123934,sa3068749
Onofer De La Cruz,COL,DSL,18,7.2,11.73912556725976,4.695650226903904,2.5,0.0,0.27027027,0.10810811,0.16216216,0.16666667,1.173912556725976,0.25,0.58333333,2.347825113451952,4.714891839883752,-2.3670667264317995,5.846219786400308,sa3068750
Hansel Pinales,CHW,DSL,18,1.2,5.399989314100431,5.399989314100431,1.0,0.0,0.09090909,0.09090909,0.0,0.42857143,2.3999952507113025,0.5,0.42857143,21.599957256401723,10.5844452381369,11.015512018264824,11.625265320847479,sa3068752
Antonio Morales,HOU,DSL,19,17.0,6.882352941176471,2.1176470588235294,3.25,0.0,0.20634921,0.06349206,0.14285714,0.16949153,0.8235294117647058,0.2173913,0.85714286,0.5294117647058824,3.760927699593937,-3.231515934888055,4.730320871402236,sa3068754
Jose Taveras,LAD,CPX,20,10.2,10.124996982515757,7.593747736886818,1.33333333,0.8437497485429798,0.21818182,0.16363636,0.05454546,0.28888889,2.0624993853272837,0.375,0.60185185,5.0624984912578785,6.5989176210017595,-1.536419129743881,7.056429305483057,sa3068755
Sayer Diederich,BAL,A+,25,2.2,6.749991349887012,10.124987024830519,0.66666667,3.374995674943506,0.11764706,0.17647059,-0.05882353,0.46153846,3.374995674943506,0.5,0.58139535,16.87497837471753,11.469301813108741,5.405676561608788,10.161646032843962,sa3068766
Eiver Mosquera,MIA,"A,CPX",19,25.0,9.36,2.16,4.33333333,0.36,0.24528302,0.05660377,0.18867925,0.28125,1.32,0.37681159,0.70224719,3.96,3.601012153625488,0.35898784637451175,4.14004287570715,sa3068767
Cesar Cerezo,TOR,DSL,18,3.2,0.0,2.4545431669114683,0.0,0.0,0.0,0.0625,-0.0625,0.33333333,1.636362111274312,0.33333333,0.66666667,0.0,5.402638166995799,-5.402638166995799,6.821939765610389,sa3068770
Raimi Mueses,DET,DSL,19,7.0,6.428571428571429,7.714285714285714,0.83333333,1.2857142857142858,0.12820513,0.15384615,-0.02564103,0.34375,2.4285714285714284,0.38461538,0.54216867,10.285714285714286,8.01302853993007,2.272685745784216,7.147144865989685,sa3068775
Yangel Martinez,ATL,DSL,18,3.0,0.0,33.0,0.0,0.0,0.0,0.44,-0.44,0.30769231,5.0,0.30769231,0.4375,27.0,16.584457111358642,10.415542888641358,18.03004342019558,sa3068777
Robinson Smith,PIT,CPX,18,19.0,8.526315789473685,2.8421052631578947,3.0,0.47368421052631576,0.23684211,0.07894737,0.15789474,0.1641791,0.8947368421052632,0.20833333,0.69892473,2.8421052631578947,4.339628736596358,-1.4975234734384637,4.938795144777549,sa3068778
Grif Hughes,COL,"A,CPX",24,20.1,11.950821540523208,0.8852460400387561,13.5,0.8852460400387561,0.32142857,0.02380952,0.29761905,0.275,1.180328053385008,0.39215686,0.73275862,3.983607180174402,3.9652088302144346,0.018398349959967586,4.159481418929259,sa3068779
Roilan Portuondo,PIT,A,27,28.0,6.75,4.5,1.5,1.2857142857142858,0.15909091,0.10606061,0.0530303,0.31578947,1.7857142857142858,0.35955056,0.59917355,7.714285714285714,6.032793372017997,1.6814923422677177,5.853305398034198,sa3068784
Stainer Valdez,PIT,CPX,19,21.2,4.984614653277081,4.1538455443975675,1.2,0.41538455443975675,0.12765957,0.10638298,0.0212766,0.22891566,1.3384613420836606,0.25714286,0.62937063,4.1538455443975675,5.144486887215179,-0.9906413428176117,6.265721670151601,sa3068786
Daniel Ramos,TEX,DSL,19,7.2,11.73912556725976,14.086950680711713,0.83333333,1.173912556725976,0.25641026,0.30769231,-0.05128205,0.15384615,2.0869556564017353,0.2,0.83333333,4.695650226903904,8.758368424162114,-4.06271819725821,7.741513721245637,sa3068788
Gensy Aquino,SDP,DSL,18,5.1,8.437505029144901,13.50000804663184,0.625,0.0,0.17241379,0.27586207,-0.10344828,0.33333333,2.8125016763816335,0.4375,0.6,3.37500201165796,7.209458675981501,-3.8344566643235405,7.697344346016488,sa3068789
Eddison Septimo,BOS,"CPX,DSL",19,1.2,5.400021468486306,32.400128810917835,0.16666667,10.800042936972613,0.07692308,0.46153846,-0.38461539,0.28571429,4.800019083098938,0.0,0.19230769,37.80015027940414,29.693486906687586,8.106663372716557,16.695490587372483,sa3068790
Kriscol Peralta,STL,DSL,18,3.2,4.909086333822937,14.72725900146881,0.33333333,2.4545431669114683,0.09090909,0.27272727,-0.18181818,0.3125,2.9999972040029057,0.30769231,0.625,12.27271583455734,11.948086612093046,0.32462922246429393,10.768138035356355,sa3068798
Waner Perez,BAL,DSL,20,5.0,3.6,3.6,1.0,0.0,0.0952381,0.0952381,0.0,0.21052632,1.2,0.23529412,0.5,5.4,4.984457111358643,0.41554288864135724,5.851808896660804,sa3068799
Jhendry Ciriaco,TBR,DSL,20,8.2,5.1923057877812795,7.269228102893791,0.71428571,0.0,0.11111111,0.15555556,-0.04444444,0.31428571,2.076922315112512,0.36666667,0.42857143,12.46153389067507,6.892148572594767,5.569385318080304,8.193175773334078,sa3068800
Jhon Rivas,TOR,CPX,18,16.2,7.019998661041515,3.779999279022354,1.85714286,0.5399998970031935,0.18571429,0.1,0.08571429,0.28571429,1.4999997138977597,0.34693878,0.88983051,1.6199996910095804,4.609102329254168,-2.9891026382445878,5.120028442385002,sa3068801
Edwin Reynoso,SFG,DSL,19,5.1,5.06250301748694,3.37500201165796,1.5,0.0,0.13636364,0.09090909,0.04545455,0.25,1.312500782311429,0.29411765,0.57142857,5.06250301748694,4.584457111358643,0.47804590612829756,5.234971338071959,sa3068802
Wascar Berroa,BOS,DSL,20,2.2,13.499982699774025,3.374995674943506,4.0,0.0,0.4,0.1,0.3,0.11111111,0.7499990388763347,0.2,0.5,0.0,2.709459514167806,-2.709459514167806,3.359972519512101,sa3068804
Luis Gomez,MIA,CPX,21,18.1,11.78182022473079,10.800001872669892,1.09090909,0.9818183520608992,0.24742268,0.22680412,0.02061856,0.2739726,2.2909094881420984,0.38297872,0.46116505,11.290911048700341,6.856375620976049,4.434535427724292,5.9858593169462715,sa3068813
Welin Aponte,PIT,DSL,19,11.0,5.7272727272727275,8.181818181818182,0.7,0.0,0.14893617,0.21276596,-0.06382979,0.16666667,1.4545454545454546,0.20689655,0.41176471,8.181818181818182,6.31172983863137,1.8700883431868114,7.179081623933532,sa3068816
Julio Ozoria,BAL,DSL,20,5.0,14.4,7.2,2.0,0.0,0.28571429,0.14285714,0.14285714,0.31818182,2.2,0.5,0.38461538,10.8,4.984457111358643,5.815542888641358,5.851808896660804,sa3068820
Ariel Dilone,SDP,DSL,18,11.1,7.941178698028873,11.11765017724042,0.71428571,0.0,0.18181818,0.25454545,-0.07272727,0.24390244,2.1176476528076993,0.32258065,0.58333333,7.941178698028873,6.525634126432367,1.4155445715965058,7.597068985276187,sa3068821
Melvin Hidalgo,ATL,CPX,20,13.2,5.268291457503841,12.512192211571621,0.42105263,1.3170728643759602,0.11594203,0.27536232,-0.15942029,0.24444444,2.1951214406266,0.25714286,0.62111801,5.92682788969182,10.129101025186259,-4.202273135494439,9.80096233392985,sa3068822
Matt Dunaway,SFG,"A+,CPX",27,7.1,8.590912814969503,3.6818197778440727,2.33333333,1.2272732592813576,0.21875,0.09375,0.125,0.21428571,1.2272732592813576,0.25,0.58139535,6.136366296406788,5.628520864618224,0.5078454317885637,5.4703540627383616,sa3068824
Masahiro Fukuda,TEX,DSL,24,10.0,10.8,6.3,1.71428571,3.6,0.24489796,0.14285714,0.10204082,0.23809524,1.7,0.23076923,0.87719298,5.4,9.484457111358644,-4.084457111358644,5.585484789311886,sa3068828
Jarlin Ugarte,TOR,DSL,19,3.2,9.818172667645873,4.909086333822937,2.0,0.0,0.28571429,0.14285714,0.14285714,0.08333333,0.818181055637156,0.125,1.0,0.0,4.039003074267205,-4.039003074267205,4.27555334070297,sa3068829
Derlin Garcia,MIL,DSL,19,13.2,9.21951005063172,3.9512185931278805,2.33333333,1.3170728643759602,0.23333333,0.1,0.13333333,0.27777778,1.5365850084386201,0.34210526,0.76923077,3.2926821609399,5.755188546359497,-2.4625063854195965,4.614326964676124,sa3068831
Luis Perdomo,BAL,DSL,19,14.0,7.071428571428571,3.2142857142857144,2.2,1.2857142857142858,0.17741935,0.08064516,0.09677419,0.24561404,1.3571428571428572,0.27272727,0.37037037,7.071428571428571,5.9415999685014995,1.1298286029270717,5.385484789311886,sa3068833
Diego Figueroa,KCR,CPX,20,4.0,11.25,11.25,1.0,0.0,0.2,0.2,0.0,0.3,2.75,0.4,0.27272727,6.75,6.067668151855469,0.6823318481445311,7.185176032409072,sa3068834
Carlos De La Rosa,KCR,CPX,21,8.2,10.384611575562559,21.807684308681374,0.47619048,2.076922315112512,0.18867925,0.39622642,-0.20754717,0.22580645,3.230768045730574,0.26315789,0.49618321,16.615378520900094,13.125357412305515,3.490021108594579,11.328828096480116,sa3068843
Domenic Picone,STL,AA,25,28.0,10.285714285714286,4.178571428571429,2.46153846,1.6071428571428572,0.25,0.1015625,0.1484375,0.27433628,1.5714285714285714,0.34210526,0.41025641,9.0,5.297792693546841,3.7022073064531593,5.28754848582404,sa3068844
Kleiver Benitez,SEA,DSL,17,7.2,8.217387897081833,8.217387897081833,1.0,2.347825113451952,0.16666667,0.16666667,0.0,0.32352941,2.347825113451952,0.36,0.55555556,11.73912556725976,9.280107338262546,2.4590182289972145,7.585796316384562,sa3068846
Erickson Ettien,BOS,DSL,19,6.0,7.5,9.0,0.83333333,0.0,0.17241379,0.20689655,-0.03448276,0.0952381,1.3333333333333333,0.125,0.6,3.0,6.917790444691976,-3.917790444691976,7.351466337343057,sa3068847
Yusef Hanania,CHC,DSL,20,8.1,11.880004531862081,8.640003295899694,1.375,0.0,0.31428571,0.22857143,0.08571429,0.11111111,1.3200005035402311,0.1875,0.72727273,3.2400012359623855,4.824457202911412,-1.5844559669490264,5.240786218673366,sa3068848
Zeke Wood,STL,CPX,26,2.0,18.0,0.0,4.0,4.5,0.36363636,0.0,0.36363636,0.54545455,3.0,0.83333333,0.65217391,13.5,6.629102420806885,6.870897579193115,0.8462836489081385,sa3068853
Axel Perez,BAL,DSL,20,8.0,7.875,10.125,0.77777778,2.25,0.14893617,0.19148936,-0.04255319,0.31428571,2.5,0.34615385,0.59405941,9.0,10.584457111358642,-1.5844571113586419,8.635484789311885,sa3068854
Ricardo Heredia,HOU,DSL,20,10.2,6.749997988343838,5.0624984912578785,1.33333333,0.0,0.16666667,0.125,0.04166667,0.25641026,1.4999995529652974,0.32258065,0.89473684,1.6874994970859596,5.615706804022285,-3.928207306936325,6.835419888600624,sa3068855
Anderson Rivera,CHC,DSL,19,7.0,6.428571428571429,5.142857142857143,1.25,0.0,0.15151515,0.12121212,0.03030303,0.31034483,1.8571428571428572,0.375,0.53846154,6.428571428571429,4.870171397072928,1.5584000314985005,5.985337978175709,sa3068856
Guillermo Romero,SDP,DSL,21,8.0,9.0,7.875,1.14285714,1.125,0.20512821,0.17948718,0.02564103,0.21875,1.75,0.26086957,0.55555556,7.875,6.834457111358643,1.0405428886413572,6.402065816149116,sa3068857
Elisandro Ramirez,ATL,DSL,18,1.2,16.199967942301292,10.799978628200861,1.5,5.399989314100431,0.3,0.2,0.1,0.375,2.999994063389128,0.5,0.0,26.999946570502154,12.384441676170376,14.615504894331778,5.625277194069222,sa3068858
Nien-Hsi Yang,SFG,CPX,19,13.1,9.450002253056109,4.050000965595475,2.33333333,0.6750001609325793,0.24137931,0.10344828,0.13793104,0.23529412,1.3500003218651586,0.30555556,0.79545455,3.3750008046628963,5.267668259143855,-1.892667454480959,5.857179432469316,sa3068860
Jhossua Castro,ARI,DSL,20,4.0,4.5,6.75,0.66666667,0.0,0.11764706,0.17647059,-0.05882353,0.21428571,1.5,0.25,0.83333333,2.25,5.834457111358643,-3.5844571113586428,6.268133004009724,sa3068861
Osvaldo Platas,SEA,DSL,19,7.2,9.391300453807808,7.043475340355856,1.33333333,2.347825113451952,0.22222222,0.16666667,0.05555556,0.23333333,1.6956514708264099,0.25,0.68627451,4.695650226903904,8.236629510061679,-3.5409792831577747,6.202920104228728,sa3068864
Enyel Garcia,BAL,DSL,18,5.2,7.94117201571071,17.47057843456356,0.45454545,0.0,0.15151515,0.33333333,-0.18181818,0.26315789,2.8235278278082525,0.35714286,0.57894737,11.117640821994993,10.231512766975147,0.8861280550198458,10.690698748656365,sa3068865
Luis  Avila,CIN,DSL,19,6.2,6.749996781350717,0.0,5.0,0.0,0.19230769,0.0,0.19230769,0.24,0.8999995708467623,0.3,0.71428571,0.0,3.53445761203742,-3.53445761203742,4.445176552340059,sa3068866
Darwin Roa,PIT,DSL,19,8.0,10.125,9.0,1.125,0.0,0.26470588,0.23529412,0.02941177,0.12,1.375,0.1875,0.91666667,1.125,5.709457111358643,-4.584457111358643,6.359970950335264,sa3068867
Randy Maria,LAD,DSL,21,15.1,7.043479721127328,4.1086965039909416,1.71428571,0.0,0.20689655,0.12068966,0.0862069,0.1372549,0.9130436675535425,0.17948718,0.71428571,1.1739132868545545,4.388804896882884,-3.2148916100283293,5.350434249518154,sa3068868
Michael Manjarres,BOS,DSL,20,2.1,3.85714850621175,27.00003954348225,0.14285714,0.0,0.03703704,0.25925926,-0.22222222,0.55555556,7.2857249561777495,0.58823529,0.21052632,46.285782074541,15.298758517502392,30.987023557038604,16.413926731848502,sa3068877
Juan Ledezma,ARI,CPX,21,2.0,13.5,0.0,3.0,0.0,0.42857143,0.0,0.42857143,0.0,0.0,0.0,1.0,0.0,3.317668151855469,-3.317668151855469,3.317668151855469,sa3068878
David Medina,BAL,DSL,19,7.1,11.045459333532218,3.6818197778440727,3.0,0.0,0.32142857,0.10714286,0.21428571,0.08,0.681818477378532,0.125,1.0,0.0,3.357183852077285,-3.357183852077285,3.8302850309623024,sa3068879
Austin Marozas,TOR,"A+,AA,CPX",27,23.1,9.257144118328656,5.400000735691716,1.71428571,0.385714338263694,0.22429907,0.13084112,0.09345794,0.29032258,1.757143096534606,0.38235294,0.60606061,6.171429412219104,3.9186805120453023,2.2527489001738017,5.008894133290567,sa3068884
Rafi Santo,KCR,DSL,19,5.2,0.0,3.176468806284284,0.0,0.0,0.0,0.07142857,-0.07142857,0.36,1.9411753816181734,0.36,0.75,4.7647032094264254,6.172691514500785,-1.4079883050743591,6.6318774961820015,sa3068887
Dane Lais,SDP,CPX,21,3.2,9.818172667645873,9.818172667645873,1.0,2.4545431669114683,0.18181818,0.18181818,0.0,0.38888889,2.9999972040029057,0.46153846,0.3125,17.181802168380276,9.454027467132686,7.72777470124759,7.940406842469873,sa3068892
Cesar Familia,CHW,CPX,18,14.2,8.590907228880095,4.90908984507434,1.75,1.8409086919028776,0.20588235,0.11764706,0.08823529,0.19298246,1.2954542646723954,0.2,0.73033708,3.0681811531714627,7.817667501623122,-4.74948634845166,7.596775652526183,sa3068893
Ezequiel Martinez,TBR,DSL,19,11.1,7.941178698028873,3.9705893490144364,2.0,0.7941178698028872,0.20408163,0.10204082,0.10204082,0.19512195,1.1470591452708372,0.23333333,0.82191781,2.382353609408662,6.08445753209743,-3.7021039226887678,6.161895368362387,sa3068894
Cesar Rodriguez,ATL,CPX,21,8.0,7.875,22.5,0.35,2.25,0.13461538,0.38461538,-0.25,0.3125,3.75,0.34782609,0.58823529,15.75,13.129102420806884,2.620897579193116,11.851350798085331,sa3068896
Roberto Castellanos,TOR,DSL,19,12.0,7.5,1.5,5.0,0.0,0.18181818,0.03636364,0.14545455,0.30188679,1.5,0.37209302,0.55555556,6.0,3.417790444691976,2.582209555308024,4.357421545435985,sa3068897
Mason Olson,TOR,"A+,AA",24,42.2,11.179689728146048,2.5312505044858975,4.41666667,1.2656252522429488,0.29281768,0.06629834,0.22651934,0.22560976,1.1484377288871201,0.2952381,0.67982456,4.429688382850321,4.108501540495552,0.321186842354769,3.596807535734015,sa3068903
Angel Vizcaino,OAK,CPX,20,10.0,7.2,4.5,1.6,1.8,0.14285714,0.08928571,0.05357143,0.35416667,2.2,0.39473684,0.63063063,9.0,8.217668151855468,0.7823318481445316,7.852683912962675,sa3068905
Rodrigo Ramirez,TOR,DSL,19,10.1,7.838712088896256,5.22580805926417,1.5,0.8709680098773618,0.2,0.13333333,0.06666667,0.26315789,1.5483875731153098,0.32142857,0.64102564,6.096776069141533,6.132844684473953,-0.036068615332419895,6.21777650719901,sa3068907
Kevin Pino,SEA,DSL,19,9.1,11.571432512634997,11.571432512634997,1.0,0.0,0.26086957,0.26086957,0.0,0.15151515,1.821429191803657,0.23809524,0.72222222,2.8928581281587493,6.191600515891281,-3.2987423877325317,6.842114576431671,sa3068908
Jesus Garcia,KCR,DSL,18,4.2,7.714280459349183,7.714280459349183,1.0,1.9285701148372958,0.16,0.16,0.0,0.33333333,2.357141251467806,0.375,0.625,9.642850574186479,8.227311772717979,1.4155388014685002,6.742626176318738,sa3068909
Ranger Sarit,WSN,DSL,20,9.0,5.0,4.0,1.25,0.0,0.11363636,0.09090909,0.02272727,0.24324324,1.4444444444444444,0.28125,0.4375,8.0,5.806679333580865,2.193320666419135,7.348638063006931,sa3068911
Edgar Lugo,CIN,DSL,18,2.2,3.374995674943506,20.249974049661038,0.16666667,3.374995674943506,0.06666667,0.4,-0.33333333,0.33333333,3.374995674943506,0.28571429,0.39473684,20.249974049661038,15.459443175065495,4.790530874595543,11.560218930385762,sa3068918
Josue Perez,SFG,DSL,19,5.2,14.294109628279278,7.94117201571071,1.8,0.0,0.32142857,0.17857143,0.14285714,0.2173913,1.7647048923801576,0.35714286,0.4,4.7647032094264254,4.055045643644595,0.7096575657818303,4.361169631432073,sa3068919
Diego Soriano,TBR,DSL,21,3.0,0.0,12.0,0.0,0.0,0.0,0.33333333,-0.33333333,0.0,1.3333333333333333,0.0,1.0,0.0,8.584457111358642,-8.584457111358642,10.608277943730354,sa3068920
Rendy Naveo,MIA,DSL,18,1.2,0.0,21.599957256401723,0.0,10.799978628200861,0.0,0.30769231,-0.30769231,0.44444444,4.799990501422605,0.28571429,0.19230769,37.799925198703015,27.384411993116014,10.415513205587,16.468133235690157,sa3068922
Handrychson Colina,CLE,DSL,19,8.1,6.480002471924771,6.480002471924771,1.0,1.0800004119874618,0.15789474,0.15789474,0.0,0.2,1.4400005493166157,0.2173913,0.55555556,5.400002059937309,7.58445825576826,-2.1844561958309505,7.065280200080142,sa3068927
Yoneiber Rodriguez,CHW,DSL,19,4.2,7.714280459349183,13.49999080386107,0.57142857,0.0,0.13793103,0.24137931,-0.10344828,0.3,2.7857123880983163,0.375,0.33333333,17.357131033535662,8.655882909348488,8.701248124187174,9.585187760562114,sa3068928
Jacob Stretch,TEX,"AAA,CPX",23,12.2,13.499996611947358,5.684209099767308,2.375,0.7105261374709135,0.34545455,0.14545455,0.2,0.19148936,1.342104926333948,0.2962963,0.51282051,5.684209099767308,4.673675726336536,1.0105333734307722,4.628972497490369,sa3068935
Deivi Garcia,CIN,DSL,21,7.0,7.714285714285714,6.428571428571429,1.2,0.0,0.1875,0.15625,0.03125,0.16,1.2857142857142858,0.21052632,0.81818182,2.5714285714285716,5.870171397072928,-3.2987428256443567,7.109245376076018,sa3068941
Alexander Heredia,BOS,DSL,19,5.2,9.529406418852851,12.705875225137136,0.75,1.588234403142142,0.17142857,0.22857143,-0.05714286,0.30769231,2.8235278278082525,0.36842105,0.32051282,15.88234403142142,9.525630810023085,6.356713221398335,7.843762425503835,sa3068942
Roimer Rosas,LAD,DSL,19,6.0,9.0,19.5,0.46153846,0.0,0.14634146,0.31707317,-0.17073171,0.26923077,3.3333333333333335,0.35,0.5,10.5,10.084457111358642,0.41554288864135813,11.240926158428191,sa3068943
Javi Torres,CLE,"A,CPX",21,22.2,13.897056874519674,4.764705214121031,2.91666667,1.1911763035302578,0.36082474,0.12371134,0.2371134,0.21176471,1.323529226144731,0.31914894,0.85271318,3.176470142747354,4.579432613461894,-1.4029624707145403,3.9726981706217384,sa3068954
Miguel Neira,TEX,CPX,21,15.0,13.2,3.6,3.66666667,2.4,0.31884058,0.08695652,0.23188406,0.29032258,1.6,0.38888889,0.6185567,6.6,6.7510014851888025,-0.15100148518880285,5.370349528888862,sa3068956
Victor Jimenez,HOU,DSL,19,13.2,5.92682788969182,4.60975502531586,1.28571429,0.6585364321879801,0.16666667,0.12962963,0.03703704,0.14893617,1.0243900056257467,0.16216216,0.95238095,1.3170728643759602,5.755188546359497,-4.438115681983536,6.0097995057269085,sa3068957
Anderson Reyes,BAL,DSL,18,6.1,8.526320069122349,5.684213379414899,1.5,0.0,0.2,0.13333333,0.06666667,0.32,1.8947377931382998,0.42105263,0.69230769,5.684213379414899,5.058141559643218,0.6260718197716812,5.742893312792377,sa3068958
Victor Duarte,ATL,CPX,18,8.2,16.615378520900094,6.230766945337535,2.66666667,1.038461157556256,0.4,0.15,0.25,0.23529412,1.615384022865287,0.41176471,0.55555556,7.269228102893791,4.013717847745078,3.255510255148713,3.175731596440838,sa3068959
Aurelvys Batista,NYM,DSL,20,8.2,8.307689260450047,8.307689260450047,1.0,0.0,0.19512195,0.19512195,0.0,0.29032258,1.9615377420507056,0.39130435,0.73684211,5.1923057877812795,6.199841134223931,-1.0075353464426513,7.30071030408027,sa3068961
Jo Oyama,SEA,CPX,25,0.1,0.0,54.00053912939454,0.0,0.0,0.0,0.33333333,-0.33333333,0.75,15.00014975816515,0.75,0.8,0.0,22.81784786165365,-22.81784786165365,27.28792401211599,sa3068964
Yordi Jose,MIN,CPX,19,10.0,9.9,9.9,1.0,0.0,0.22916667,0.22916667,0.0,0.22857143,1.9,0.33333333,0.61904762,5.4,5.829102420806885,-0.42910242080688477,6.83315614014864,sa3068985
Jhony Osoria,NYM,DSL,19,6.0,12.0,10.5,1.14285714,0.0,0.21621622,0.18918919,0.02702703,0.33333333,2.8333333333333335,0.45454545,0.11764706,19.5,5.417790444691976,14.082209555308024,6.140583599110444,sa3068986
Claudio Estelie,PIT,CPX,22,20.2,9.14515988362837,4.354838039823034,2.1,0.43548380398230335,0.22580645,0.10752688,0.11827957,0.27160494,1.5483868586037453,0.3559322,0.70552147,3.483870431858427,4.467812046126454,-0.9839416142680273,5.573895492364427,sa3068992
Yoslaniel Hernandez,PIT,DSL,18,7.2,10.565213010533785,11.73912556725976,0.9,1.173912556725976,0.20454545,0.22727273,-0.02272727,0.38235294,2.9999987560774946,0.5,0.50925926,11.73912556725976,7.845325324486354,3.8938002427734064,6.489072237614911,sa3068993
Wagner Soto,TOR,DSL,17,4.1,8.307698402183535,29.07694440764237,0.28571429,0.0,0.10526316,0.36842105,-0.2631579,0.42105263,5.076926801334382,0.53333333,0.51851852,24.923095206550602,15.892157714330676,9.030937492219927,17.093107221144976,sa3068994
Julio Pinales,CIN,DSL,19,8.2,8.307689260450047,7.269228102893791,1.14285714,0.0,0.19047619,0.16666667,0.02380952,0.23529412,1.7307685959270933,0.30769231,0.5625,6.230766945337535,5.507533695853093,0.7232332494844425,6.608402865709431,sa3068996
Rony Calderon,BOS,CPX,18,10.2,10.968746731058737,10.968746731058737,1.0,0.0,0.24074074,0.24074074,0.0,0.20512821,1.9687494132669527,0.30769231,0.69565217,3.374998994171919,5.9103518899531755,-2.5353528957812563,8.196366373240515,sa3068997
Miguel Vargas,ARI,DSL,18,8.2,9.34615016089534,6.230766773930226,1.5,0.0,0.25,0.16666667,0.08333333,0.17241379,1.2692302687635646,0.25,0.66666667,4.153844515953484,4.930610821021433,-0.776766305067949,5.731242922528066,sa3068998
Justino Francisco,PIT,DSL,19,3.0,3.0,0.0,1.0,0.0,0.1,0.0,0.1,0.2,0.6666666666666666,0.22222222,1.0,0.0,3.9177904446919762,-3.9177904446919762,3.9177904446919762,sa3069001
Yonaiker Perez,TBR,DSL,19,9.2,4.655170882925203,12.103444295605529,0.38461538,0.0,0.10869565,0.2826087,-0.17391304,0.15625,1.8620683531700815,0.18518519,0.78947368,2.793102529755122,7.894800850327677,-5.101698320572554,8.971513057312162,sa3069002
Joismer Sandoval,BAL,DSL,21,8.0,11.25,6.75,1.66666667,0.0,0.28571429,0.17142857,0.11428571,0.14285714,1.25,0.22222222,0.90909091,1.125,4.709457111358643,-3.5844571113586428,5.359970950335264,sa3069003
Harry Genth,MIN,"A,A+",23,2.2,0.0,3.374995825817383,0.0,0.0,0.0,0.08333333,-0.08333333,0.27272727,1.4999981448077258,0.27272727,0.5,6.749991651634766,4.947076278928415,1.8029153727063516,8.623651646740399,sa3069005
Carson Myers,TOR,"A,A+",23,39.1,11.669489639170754,3.6610163573869032,3.1875,1.1440676116834072,0.29310345,0.09195402,0.20114943,0.26751592,1.4745760328363915,0.36633663,0.71153846,3.8898298797235844,4.057612487281505,-0.1677826075579203,3.9390759945320513,sa3069008
Tyler Pettorini,PHI,A,23,0.2,13.49993200634393,13.49993200634393,1.0,0.0,0.25,0.25,0.0,0.33333333,2.999984890298651,0.5,1.0,0.0,5.247071531453036,-5.247071531453036,7.595776538405734,sa3069009
Michael Brooks,OAK,A,24,0.1,0.0,0.0,0.0,27.00026956469727,0.0,0.0,0.0,0.25,3.00002995163303,0.0,1.0,27.00026956469727,43.55139015705703,-16.55112059235976,14.391153301331183,sa3069011
Orlando Marcelin,TOR,DSL,18,9.2,9.310341765850406,7.448273412680326,1.25,0.0,0.20833333,0.16666667,0.04166667,0.28947368,1.9655165950128637,0.39285714,0.61904762,6.517239236095285,5.6189395297864655,0.8982997063088192,6.5161997022735365,sa3069029
Julio J Rossi,CLE,DSL,19,6.0,7.5,6.0,1.25,0.0,0.17857143,0.14285714,0.03571429,0.2173913,1.5,0.27777778,0.7,1.5,5.417790444691976,-3.917790444691976,6.140583599110444,sa3069030
Wilfi Rodriguez,CLE,DSL,18,3.2,9.818172667645873,24.54543166911468,0.4,0.0,0.14814815,0.37037037,-0.22222222,0.33333333,4.09090527818578,0.45454545,0.64705882,12.27271583455734,12.220813630638766,0.051902203918574585,13.40356496281759,sa3069037
David Hernandez,TOR,DSL,20,8.2,8.307689260450047,8.307689260450047,1.0,2.076922315112512,0.19047619,0.19047619,0.0,0.24242424,1.8461531689888995,0.26086957,0.49295775,10.384611575562559,8.853686314645472,1.530925260917087,7.054635600336336,sa3069038
Albert Perez,SDP,DSL,18,10.1,6.096776069141533,6.096776069141533,1.0,0.8709680098773618,0.13461538,0.13461538,0.0,0.30232558,1.9354844663941373,0.34285714,0.67961165,3.483872039509447,7.100586917671022,-3.6167148781615746,6.597957672823033,sa3069039
Simon Colmenares,SFG,DSL,19,9.1,10.607146469915413,4.821430213597916,2.2,1.9285720854391661,0.24444444,0.11111111,0.13333333,0.21621622,1.39285761726162,0.25,0.60606061,7.714288341756665,7.584458133152902,0.12983020860376282,5.635118119324448,sa3069044
Rainiel Duran,SFG,DSL,22,6.0,3.0,6.0,0.5,1.5,0.08,0.16,-0.08,0.28571429,1.6666666666666667,0.27777778,0.69767442,6.0,8.084457111358642,-2.084457111358642,6.640583599110444,sa3069046
Santiago Martinez,MIL,DSL,17,11.2,14.657138863389461,2.314285083693073,6.33333333,0.0,0.44186047,0.06976744,0.37209302,0.07692308,0.5142855741540162,0.15,0.71428571,0.7714283612310243,2.3558862900245727,-1.5844579287935483,2.653263963956328,sa3069047
Hancer Regalado,KCR,DSL,18,6.1,4.263160034561174,4.263160034561174,1.0,1.4210533448537248,0.11538462,0.11538462,0.0,0.22727273,1.2631585287588665,0.22222222,0.78947368,4.263160034561174,7.584458617160951,-3.321298582599777,6.07962741044712,sa3069048
Enmanuel De La Rosa,LAD,DSL,23,11.0,8.181818181818182,8.181818181818182,1.0,0.0,0.20833333,0.20833333,0.0,0.23684211,1.7272727272727273,0.32142857,0.73684211,4.090909090909091,5.493548020449552,-1.402638929540461,6.045499156550928,sa3069049
Kamden Edge,KCR,A+,21,26.2,12.824998471141043,3.037499637901826,4.22222222,1.0124998793006088,0.36893204,0.08737864,0.2815534,0.10227273,0.6749999195337392,0.12765957,0.75757576,2.6999996781349567,4.247075521945958,-1.5470758438110015,4.577190638655116,sa3069069
Bryan Regalado,MIL,CPX,19,17.0,5.823529411764706,7.9411764705882355,0.73333333,2.1176470588235294,0.13095238,0.17857143,-0.04761905,0.32835821,2.176470588235294,0.34615385,0.5988024,9.529411764705882,9.58237403420841,-0.0529622695025278,8.71474242745077,sa3069070
Michael Fowler,MIL,"A+,CPX",23,17.1,10.903848153599988,5.711539509028565,1.90909091,1.0384617289142846,0.26923077,0.14102564,0.12820513,0.1875,1.3269233202793635,0.24390244,0.77586207,3.1153851867428535,5.597755347890082,-2.482370161147229,5.017045065009963,sa3069077
Jonathan Stevens,MIN,A,22,37.0,9.486486486486486,6.5675675675675675,1.44444444,0.972972972972973,0.21311475,0.14754098,0.06557377,0.30065359,1.972972972972973,0.38181818,0.66761364,5.837837837837838,5.476808816033441,0.3610290218043968,5.298660856686734,sa3069085
Wilfran Ortega,CHC,DSL,19,9.0,12.0,6.0,2.0,1.0,0.28571429,0.14285714,0.14285714,0.25714286,1.6666666666666667,0.36363636,0.47945205,7.0,5.695568222469754,1.3044317775302456,5.2148479839166,sa3069086
Angel Chicuate,SEA,CPX,19,1.0,0.0,0.0,0.0,0.0,0.0,0.0,0.0,0.0,0.0,0.0,1.0,0.0,4.817668151855469,-4.817668151855469,6.307678659260273,sa3069087
Bobby Olsen,STL,A+,24,33.0,9.818181818181818,4.090909090909091,2.4,1.3636363636363635,0.23076923,0.09615385,0.13461538,0.32624113,1.8484848484848484,0.41,0.66666667,6.818181818181818,5.098590709223892,1.7195911089579266,4.684773710370063,sa3069092
Draven Zeigler,PIT,"A,A+",25,30.0,9.6,3.9,2.46153846,1.2,0.23357664,0.09489051,0.13868613,0.24166667,1.4,0.29761905,0.71782178,3.6,4.992761850063834,-1.3927618500638341,4.5833666594871225,sa3069097
Drew Christo,ATL,"A,A+",23,23.0,7.826086956521739,3.9130434782608696,2.0,1.173913043478261,0.20408163,0.10204082,0.10204082,0.25,1.391304347826087,0.29230769,0.75539568,3.9130434782608696,4.864320759151293,-0.9512772808904235,5.300975480416547,sa3069104
Reese Lumpkin,SEA,A,24,27.0,12.333333333333334,3.6666666666666665,3.36363636,0.3333333333333333,0.296,0.088,0.208,0.26126126,1.4814814814814814,0.38356164,0.45673077,7.0,3.847297082123933,3.152702917876067,4.5198960401393755,sa3069105
Luke Fernandez,CLE,A,22,40.0,10.575,5.85,1.80769231,0.675,0.27325581,0.15116279,0.12209302,0.19178082,1.35,0.26041667,0.76305221,3.15,4.192667865753174,-1.0426678657531743,4.660333457030356,sa3069112
Dayne Pengelly,TOR,A,23,13.2,5.268291457503841,5.92682788969182,0.88888889,0.0,0.14545455,0.16363636,-0.01818182,0.18604651,1.2439021496884068,0.22857143,0.85,1.9756092965639402,5.210493380054778,-3.2348840834908383,6.814494748905656,sa3069113
Edgar Liriano,TEX,DSL,19,7.2,5.869562601097855,12.91303772241528,0.45454545,2.347825040439142,0.10204082,0.2244898,-0.12244898,0.36111111,3.1304333872521894,0.37931034,0.43103448,17.608687803293563,11.75836695714491,5.850320846148653,10.064055987956714,sa3069114
Dariel Pena,TEX,DSL,20,6.0,19.5,13.5,1.44444444,3.0,0.39393939,0.27272727,0.12121212,0.25,2.5,0.44444444,0.57377049,12.0,9.084457111358642,2.915542888641358,5.473916932443778,sa3069115
Aleiman Cruz,DET,CPX,20,18.1,12.272729400761241,3.436364232213147,3.57142857,0.9818183520608992,0.3164557,0.08860759,0.2278481,0.18309859,1.0909092800676659,0.25,0.71428571,1.9636367041217984,4.129102420806885,-2.1654657166850866,4.666869499783877,sa3069120
Ricardo Arredondo,MIA,DSL,19,10.0,10.8,9.0,1.2,0.0,0.25,0.20833333,0.04166667,0.19444444,1.7,0.29166667,0.84210526,2.7,5.784457111358643,-3.0844571113586428,6.478338539600372,sa3069121
Manuel Gomez,TEX,DSL,22,8.2,9.346150418006303,5.1923057877812795,1.8,0.0,0.19565217,0.10869565,0.08695652,0.3,1.9615377420507056,0.38709677,0.61111111,2.076922315112512,4.584457111358644,-2.507534796246132,5.685326281214983,sa3069122
Alberto Arias,BAL,DSL,18,4.1,6.230773801637651,6.230773801637651,1.0,0.0,0.13636364,0.13636364,0.0,0.21052632,1.615385800424576,0.25,0.42857143,4.153849201091767,5.276765311540604,-1.1229161104488368,6.077398316083471,sa3069131
Cash Kuiper,DET,A,21,32.0,8.71875,3.375,2.58333333,1.6875,0.21830986,0.08450704,0.13380282,0.272,1.4375,0.31818182,0.63380282,5.34375,5.840829086303711,-0.4970790863037111,4.822345508309081,sa3069133
Berlin Fransua,ARI,DSL,18,5.1,5.06250301748694,13.50000804663184,0.375,0.0,0.125,0.33333333,-0.20833333,0.1875,2.0625012293465312,0.23076923,0.72727273,5.06250301748694,7.959459123016603,-2.8969561055296627,8.60997334972992,sa3069135
Andrew Pogue,DET,A,25,26.0,6.923076923076923,7.615384615384615,0.90909091,1.0384615384615385,0.15037594,0.16541353,-0.01503759,0.3271028,2.1923076923076925,0.38095238,0.65140845,7.615384615384615,6.708617547842173,0.9067670675424422,6.714205263497738,sa3069138
Robinson Narciso,ATL,CPX,21,8.1,3.2400012359623855,20.520007827761773,0.15789474,3.2400012359623855,0.04918033,0.31147541,-0.26229508,0.36842105,3.9600015106206934,0.34375,0.48780488,21.600008239749236,16.36910708999812,5.230901149751116,12.893970227548717,sa3069142
Lenixon Armas,COL,DSL,20,10.2,6.749997988343838,5.0624984912578785,1.33333333,0.8437497485429798,0.16326531,0.12244898,0.04081633,0.24390244,1.4999995529652974,0.28125,0.72289157,5.0624984912578785,6.553206524625596,-1.4907080333677172,6.391541561142519,sa3069143
Jubrayker Salaya,CHC,CPX,19,16.2,10.79999794006387,5.939998867035128,1.81818182,0.5399998970031935,0.25641026,0.14102564,0.11538462,0.24242424,1.6199996910095804,0.33333333,0.41353383,8.099998455047903,5.357668048858662,2.7423304061892404,6.008078011911419,sa3069144
Lenin Caceres,NYY,DSL,23,3.2,19.636345335291747,22.090888502203214,0.88888889,0.0,0.32,0.36,-0.04,0.26666667,3.545451241094343,0.57142857,0.78571429,4.909086333822937,8.402635370998704,-3.493549037175767,8.639185637434469,sa3069145
Tyler Boudreau,NYY,A,23,56.0,11.571428571428571,3.5357142857142856,3.27272727,0.6428571428571429,0.31718062,0.0969163,0.22026432,0.19607843,1.1071428571428572,0.28125,0.6271777,3.5357142857142856,3.3363648005894255,0.19934948512486006,3.805839107983879,sa3069160
Jaylen Paden,ATL,A,24,18.0,11.5,5.0,2.3,1.0,0.29487179,0.12820513,0.16666667,0.21212121,1.3333333333333333,0.29268293,0.77586207,3.0,4.506556754642063,-1.5065567546420633,3.9663471537331745,sa3069161
Todd Kniebbe,BAL,"A,A+",22,29.1,11.352270266734413,2.7613630378543164,4.11111111,0.0,0.31896552,0.07758621,0.24137931,0.21153846,1.0568179527590593,0.32835821,0.67647059,2.45454492253717,2.3137205237192164,0.1408243988179536,3.156870657708939,sa3069163
Denton Biller,BAL,A,21,42.0,6.214285714285714,5.571428571428571,1.11538462,1.7142857142857142,0.14146341,0.12682927,0.01463415,0.26347305,1.6666666666666667,0.27692308,0.62146893,6.428571428571429,7.427191675276983,-0.9986202467055545,6.994337079283737,sa3069167
Cale Wetwiska,DET,"A,CPX",21,10.2,10.124996982515757,3.374998994171919,3.0,1.6874994970859596,0.26666667,0.08888889,0.17777778,0.31707317,1.5937495250256284,0.40740741,0.91549296,3.374998994171919,5.13120804902048,-1.756209054848561,3.4153592497579264,sa3069168
Josh Owens,TEX,CPX,19,12.2,9.94736592459279,2.1315784124127406,4.66666667,0.0,0.29166667,0.0625,0.22916667,0.22222222,1.0263155319024306,0.32258065,0.84615385,1.421052274941827,3.3176685283057625,-1.8966162533639355,4.4939923178806644,sa3069169
Chris Sargent,SDP,AA,25,2.1,0.0,0.0,0.0,3.85714850621175,0.0,0.0,0.0,0.41666667,2.14286028122875,0.36363636,1.0,3.85714850621175,9.226372281884448,-5.3692237756726975,6.917788842837863,sa3069171
Sam Biller,NYM,AAA,23,1.2,0.0,0.0,0.0,0.0,0.0,0.0,0.0,0.16666667,0.5999988126778256,0.16666667,1.0,0.0,5.352307572371856,-5.352307572371856,7.5979944994039705,sa3069175
Reid Easterly,SEA,A+,24,31.2,11.652630409177437,2.55789448006334,4.55555556,0.8526314933544467,0.28873239,0.06338028,0.22535211,0.27906977,1.4210524889240779,0.38823529,0.75892857,3.978946968987418,3.5251016693432233,0.4538452996441946,3.3408497704900117,sa3069179
Cameron Nohos,SDP,CPX,23,24.1,14.794522480706316,4.808219806229553,3.07692308,0.3698630620176579,0.3539823,0.11504425,0.23893805,0.21649485,1.3972604565111522,0.35714286,0.61797753,4.438356744211895,4.036846132040413,0.40151061217148243,4.727265817364296,sa3069180
Ty Harvey,SDP,A,19,1.0,0.0,0.0,0.0,0.0,0.0,0.0,0.0,0.33333333,2.0,0.33333333,0.0,0.0,4.551000785827637,-4.551000785827637,,sa3069181
Keegan Batka,PHI,"A,A+",24,23.0,11.347826086956522,3.5217391304347827,3.22222222,0.0,0.30851064,0.09574468,0.21276596,0.1686747,1.0,0.25925926,0.72,2.739130434782609,2.5892739955560464,0.14985643922656244,4.632391542396901,sa3069185
Dylan Carter,SFG,A,24,26.0,9.346153846153847,3.1153846153846154,3.0,0.6923076923076923,0.225,0.075,0.15,0.28181818,1.5384615384615385,0.35802469,0.54973822,4.5,4.6279238627507135,-0.12792386275071355,4.826392011459057,sa3069190
Peyton Havard,PHI,A,24,29.0,10.241379310344827,3.7241379310344827,2.75,2.1724137931034484,0.22758621,0.08275862,0.14482759,0.3740458,2.103448275862069,0.46153846,0.65789474,8.689655172413794,6.057423913889918,2.632231258523875,4.593291084673898,sa3069191
Cory Ronan,KCR,A+,24,24.2,8.027025992544793,8.756755628230684,0.91666667,2.189188907057671,0.171875,0.1875,-0.015625,0.33980583,2.391891583637085,0.38666667,0.5620155,10.216214899602464,8.365993907139966,1.8502209924624982,6.998241486874345,sa3069192
Jadon Williamson,MIA,A,23,7.2,14.086950680711713,10.565213010533785,1.33333333,3.521737670177928,0.25,0.1875,0.0625,0.34210526,2.8695640275523857,0.43478261,0.31914894,17.60868835088964,9.616641869933591,7.9920464809560485,5.959340591179701,sa3069193
Michael Hilker,MIN,A,21,32.0,10.96875,5.625,1.95,0.28125,0.27857143,0.14285714,0.13571429,0.22033898,1.4375,0.32051282,0.8583691,1.40625,3.778329086303711,-2.372079086303711,4.44857430299744,sa3069198
Carson Fischer,WSN,A,23,58.0,7.758620689655173,1.396551724137931,5.55555556,0.15517241379310345,0.2173913,0.03913043,0.17826087,0.26696833,1.1724137931034482,0.34117647,0.75075075,2.3275862068965516,2.5831851071324845,-0.2555989002359329,3.226432323815494,sa3069199
Joe Scarborough,NYM,A,22,21.2,8.307691088795135,8.723075643234893,0.95238095,0.41538455443975675,0.19047619,0.2,-0.00952381,0.2962963,2.0769227721987837,0.38333333,0.72961373,5.8153837621565945,5.824001858502495,-0.008618096345900383,6.452561342255738,sa3069200
Luke Hoskins,DET,A,23,24.1,9.616439612459105,4.808219806229553,2.0,0.7397261240353158,0.23214286,0.11607143,0.11607143,0.25263158,1.5205481438503714,0.32835821,0.7591623,3.3287675581589213,4.7744764807972055,-1.4457089226382842,4.478164169129944,sa3069201
Caden Wooster,NYM,"A,CPX",21,12.0,9.75,7.5,1.3,0.75,0.22413793,0.17241379,0.05172414,0.26086957,1.8333333333333333,0.34375,0.53097345,9.0,5.8335338004368325,3.1664661995631675,6.30505762737868,sa3069202
Kruz Schoolcraft,SDP,A,19,39.2,10.436973451633813,6.35294036186406,1.64285714,0.4537814544188614,0.24864865,0.15135135,0.0972973,0.2866242,1.8403358984764935,0.39449541,0.52706553,6.806721816282921,5.004782240246499,1.801939576036422,5.755041998256881,sa3069203
Chase Bentley,MIL,CPX,19,22.2,11.514704267459159,4.367646446277612,2.63636364,1.9852938392170962,0.29,0.11,0.18,0.23595506,1.411764507887713,0.29090909,0.64,5.955881517651289,6.58237378671511,-0.6264922690638217,5.423856590039458,sa3069243
Ma'Kale Holden,MIL,CPX,19,26.1,10.25316579470644,6.835443863137627,1.5,1.025316579470644,0.25862069,0.17241379,0.0862069,0.18947368,1.4430381488846102,0.24193548,0.68965517,4.4430385110394575,6.412605053254248,-1.9695665422147908,6.00666321845312,sa3069244
Jarrette Bonet,MIL,A,20,59.2,8.446926654246525,4.374301303091951,1.93103448,1.3575417837181916,0.21705426,0.1124031,0.10465116,0.25777778,1.4581004343639834,0.30625,0.6377551,5.731843086810142,5.3606844769469015,0.37115860986324023,4.614928012329241,sa3069245
Seth Hernandez,PIT,"A,A+",20,57.1,14.598838018752144,3.9244188222451997,3.72,1.255814023118464,0.41891892,0.11261261,0.30630631,0.15816327,0.9767442402032498,0.24210526,0.93886463,2.040697787567504,3.5991516914389736,-1.5584539038714698,3.0400354495629904,sa3069247
Aaron Watson,CIN,CPX,19,17.2,10.188677411947177,2.5471693529867943,4.0,0.5094338705973588,0.26315789,0.06578947,0.19736842,0.29577465,1.47169784839237,0.4,0.81300813,3.056603223584153,4.138422991058991,-1.0818197674748378,4.161635886880769,sa3069259
Will Hynes,CLE,CPX,18,19.2,10.525422027487346,3.6610163573869032,2.875,0.9152540893467258,0.26436782,0.09195402,0.17241379,0.24358974,1.3728811340200886,0.32075472,0.5952381,3.6610163573869032,5.173600297712529,-1.5125839403256256,4.836488653708029,sa3069263
Johnny Slawinski,LAA,CPX,19,36.1,13.128442204808534,1.7339451968615047,7.57142857,0.49541291338900134,0.34640523,0.04575163,0.3006536,0.24113475,1.128440524941614,0.37209302,0.6712963,3.4678903937230094,3.6066588080156876,-0.13876841429267817,4.121346454987639,sa3069264
Landon Harmon,WSN,A,19,14.1,6.9069782760483225,3.1395355800219646,2.2,0.0,0.21153846,0.09615385,0.11538462,0.17021277,0.9069769453396787,0.22222222,0.69230769,1.8837213480131787,3.129295664416424,-1.2455743164032453,3.7486871111019813,sa3069265
Cameron Millar,KCR,CPX,19,14.2,12.886360843320144,1.8409086919028776,7.0,3.0681811531714627,0.375,0.05357143,0.32142857,0.26415094,1.1590906578647748,0.33333333,0.9,4.90908984507434,6.999485860777398,-2.0903960157030577,3.888359484841047,sa3069267
Miguel Sime Jr.,WSN,"A,A+",19,37.0,17.27027027027027,8.27027027027027,2.08823529,0.4864864864864865,0.42771084,0.20481928,0.22289157,0.17424242,1.5405405405405406,0.3559322,0.7195572,3.891891891891892,3.232556235394524,0.659335656497368,3.2268573336171924,sa3069269
Kaleb Wing,CHC,"A,CPX",19,27.1,13.170733239096343,4.280488302706312,3.07692308,1.3170733239096344,0.33613445,0.1092437,0.22689076,0.22115385,1.3170733239096344,0.31666667,0.74074074,4.609756633683721,4.766448612769144,-0.15669197908542376,4.167387206456353,sa3069271
Dean Livingston,ARI,"A,CPX",19,30.1,8.604396506130984,3.8571432613690617,2.23076923,0.5934066555952403,0.23577236,0.10569106,0.1300813,0.2037037,1.1538462747685228,0.25974026,0.70175439,3.5604399335714416,5.102649518070508,-1.5422095844990662,4.972763858609207,sa3069272
Briggs McKenzie,ATL,"A,A+,CPX",19,21.1,9.703126445878512,4.218750628642831,2.3,0.42187506286428317,0.25842697,0.11235955,0.14606742,0.18987342,1.1718751746230087,0.25454545,0.6779661,2.531250377185699,3.7432683623084335,-1.2120179851227344,4.07804786938361,sa3069273
CJ Gray,LAA,CPX,19,7.1,12.272732592813576,6.136366296406788,2.0,0.0,0.25641026,0.12820513,0.12820513,0.3125,2.0454554321355958,0.45454545,0.47058824,8.590912814969503,4.9540318473311755,3.6368809676383274,5.969948542767932,sa3069276
Ryan Hall,DET,CPX,19,0.1,0.0,54.00053912939454,0.0,0.0,0.0,0.4,-0.4,0.66666667,12.00011980653212,0.66666667,0.25,81.00080869409182,22.129282130605066,58.87152656348675,22.129282130605066,sa3069282
Luke LaCourse,LAA,CPX,19,32.0,9.84375,3.9375,2.5,0.28125,0.23489933,0.09395973,0.1409396,0.29323308,1.65625,0.39175258,0.57835821,6.46875,4.536418151855469,1.932331848144531,5.899555629398674,sa3069283
Matthew Fisher,PHI,"A,CPX",20,19.2,11.898303161507435,5.033897491406992,2.36363636,1.3728811340200886,0.27956989,0.11827957,0.16129032,0.24358974,1.525423482244543,0.32653061,0.63758389,6.40677862542708,5.6979460653460805,0.7088325600809995,5.637906359809303,sa3069287
Hayden Vucinovich,MIL,CPX,19,15.2,10.914891402286894,15.510635150618219,0.7037037,1.148935937082831,0.2,0.28421053,-0.08421053,0.296875,2.936169616989457,0.39534884,0.50847458,12.063827339369725,9.987879868728207,2.075947470641518,9.945125321608721,sa3069288
Camden Lohman,NYM,CPX,19,25.1,10.65789607423181,7.8157904544366605,1.36363636,1.065789607423181,0.26086957,0.19130435,0.06956522,0.22580645,1.6973686340443253,0.3,0.6443299,5.684211239590298,5.905418433178854,-0.22120719358855556,5.3284773774445,sa3069289
Talon Haley,LAA,A,20,44.1,12.383460067342895,4.6691734680145345,2.65217391,0.8120301683503538,0.30653266,0.11557789,0.19095477,0.24712644,1.488721975308982,0.35779817,0.625,5.481203636364888,4.663782753654075,0.8174208827108131,4.896572488620925,sa3069296
Alex Barr,OAK,A,19,32.1,10.020620133015761,7.515465099761821,1.33333333,1.670103355502627,0.2208589,0.16564417,0.05521472,0.2761194,1.97938175466978,0.33695652,0.57291667,8.072166218262696,7.427289898082162,0.6448763201805345,6.942351999102125,sa3069297
Jake Barbee,TEX,CPX,19,3.0,12.0,0.0,4.0,0.0,0.44444444,0.0,0.44444444,0.0,0.0,0.0,1.0,0.0,2.1510014851888024,-2.1510014851888024,2.1510014851888024,sa3069299
Xavier Mitchell,LAA,CPX,19,10.0,18.0,12.6,1.42857143,0.9,0.36363636,0.25454545,0.10909091,0.225,2.3,0.42105263,0.44247788,10.8,6.617668151855469,4.182331848144532,5.913672354817391,sa3069301
Kaemyn Franklin,CHC,CPX,20,3.2,12.27271583455734,14.72725900146881,0.83333333,4.909086333822937,0.22727273,0.27272727,-0.04545455,0.375,3.272724222548624,0.44444444,0.32608696,22.090888502203214,14.090386782409904,8.00050171979331,8.62494879336644,sa3069303
Mikey Cascino,LAA,CPX,19,26.1,10.594937987863322,5.12658289735322,2.06666667,0.0,0.23308271,0.11278195,0.12030075,0.31034483,1.936709094555661,0.42352941,0.50943396,6.4936716699807455,4.399946582441503,2.0937250875392426,5.75793100628827,sa3069304
McLane Moody,PIT,CPX,19,8.1,10.800004119874618,28.080010711674007,0.38461538,1.0800004119874618,0.16666667,0.43333333,-0.26666667,0.32352941,4.440001693726232,0.43478261,0.47752809,16.20000617981193,12.649105670930194,3.5509005088817354,12.466093559071023,sa3069306
Cole Raymond,LAA,CPX,19,3.1,10.800011072170165,27.00002768042541,0.4,5.400005536085082,0.16666667,0.41666667,-0.25,0.30769231,4.200004305843953,0.28571429,0.6557377,18.900019376297788,20.11768383742987,-1.217664461132081,13.658686672331008,sa3069307
Luke Mensik,SFG,CPX,18,25.2,8.766232680502473,3.857142379421088,2.27272727,1.0519479216602967,0.21186441,0.09322034,0.11864407,0.2952381,1.6363634336937949,0.36363636,0.65326633,4.558440993861286,5.9085771076513325,-1.3501361137900467,5.724300831915319,sa3069311
Luke Roupe,MIL,CPX,19,8.0,4.5,6.75,0.66666667,2.25,0.0952381,0.14285714,-0.04761905,0.37142857,2.375,0.37931034,0.58139535,10.125,9.692668151855468,0.43233184814453196,8.118929972685873,sa3069312
Grayson Boles,KCR,CPX,19,9.0,19.0,7.0,2.71428571,3.0,0.45238095,0.16666667,0.28571429,0.22857143,1.6666666666666667,0.38461538,0.64814815,6.0,7.262112596299914,-1.2621125962999136,3.7565628781914713,sa3069315
Dillon Stiltner,NYM,CPX,19,12.2,11.368418199534617,6.394735237238222,1.77777778,2.1315784124127406,0.22535211,0.12676056,0.09859155,0.33928571,2.21052576102062,0.43243243,0.46979866,12.078944337005531,8.234364548416607,3.8445797885889235,6.514287307027795,sa3069316
Derek Munoz,CLE,CPX,18,23.1,8.871429780064961,5.7857150739554095,1.53333333,0.771428676527388,0.21495327,0.14018692,0.07476636,0.26966292,1.671428799142674,0.34375,0.6377551,5.014286397428021,6.274811207518313,-1.260524810090292,6.884680592031982,sa3069320
Matt Barr,MIN,CPX,20,6.1,8.526320069122349,8.526320069122349,1.0,1.4210533448537248,0.18181818,0.18181818,0.0,0.26923077,2.052632609233158,0.31578947,0.71428571,7.105266724268624,7.602788374893768,-0.49752165062514386,8.041418124250715,sa3069374
Gabel Pentecost,HOU,A,22,17.0,10.058823529411764,3.7058823529411766,2.71428571,1.0588235294117647,0.27142857,0.1,0.17142857,0.19047619,1.1176470588235294,0.23809524,0.67901235,4.235294117647059,4.147079630459056,0.08821448718800262,3.9232475863660086,sa3069375
Nathan Hall,NYM,CPX,22,1.0,9.0,0.0,1.0,0.0,0.33333333,0.0,0.33333333,0.0,0.0,0.0,1.0,0.0,2.129102420806885,-2.129102420806885,3.563464877009392,sa3069376
Jacob Kuhn,TBR,A,22,35.1,10.188680711952168,5.858491409372497,1.73913043,0.0,0.26666667,0.15333333,0.11333333,0.1984127,1.3584907615936224,0.29069767,0.73469388,2.547170177988042,3.3912527388209037,-0.8440825608328617,4.731319663825384,sa3069377
Hunter Allen,BAL,A,22,5.2,17.47057843456356,14.294109628279278,1.22222222,0.0,0.37931034,0.31034483,0.06896552,0.2,2.294116360094205,0.44444444,0.61538462,7.94117201571071,4.500020311943253,3.4411517037674573,5.022251907224351,sa3069378
Mason Estrada,LAD,A,22,40.2,9.516392252388345,8.409835013738537,1.13157895,1.1065572386498075,0.21287129,0.18811881,0.02475248,0.25786164,1.9426227078518843,0.32432432,0.58441558,7.9672121182786135,7.206738158587175,0.7604739596914385,7.060188807448338,sa3069379
Kailen Hamson,BAL,A,24,45.1,10.125001135994534,9.132353965798991,1.10869565,0.9926471701955425,0.22173913,0.2,0.02173913,0.23728814,1.9411766883823942,0.30578512,0.64772727,5.757353587134147,6.308844638283311,-0.5514910511491644,5.952124338354196,sa3069380
J.D. McReynolds,TEX,A,23,21.0,13.285714285714286,6.857142857142857,1.9375,1.2857142857142858,0.34065934,0.17582418,0.16483517,0.21333333,1.5238095238095237,0.31707317,0.71942446,3.857142857142857,4.808144056229365,-0.9510011990865075,4.148818784029711,sa3069382
Dalton Neuschwander,BAL,A,24,41.2,8.855998918945444,2.375999709960973,3.72727273,1.2959998417968943,0.20197044,0.05418719,0.14778325,0.30890052,1.6799997949219,0.36805556,0.47923323,7.127999129882919,4.385667772003186,2.742331357879733,3.898626799082524,sa3069383
Jacob Johnson,TEX,CPX,20,22.1,12.089553959626434,5.2388067158381215,2.30769231,0.0,0.31914894,0.13829787,0.18085106,0.16455696,1.1641792701862492,0.26530612,0.71428571,2.8208959239128344,4.146026265209556,-1.3251303412967212,4.746478346198914,sa3069384
Barrett Morgan,BOS,A,21,41.0,8.78048780487805,3.5121951219512195,2.5,0.21951219512195122,0.24390244,0.09756098,0.14634146,0.15646259,0.9512195121951219,0.20754717,0.59585492,2.6341463414634148,3.22742396331415,-0.5932776218507354,4.390007809276988,sa3069386
Brady Parker,COL,A,22,41.1,15.677421284019875,5.225807094673291,3.0,1.0887098113902691,0.35820896,0.11940299,0.23880597,0.2716763,1.7177421468602023,0.4375,0.55882353,5.879032981507453,4.671968542648778,1.2070644388586746,4.1310064241200894,sa3069387
Tyler Bowen,PHI,A,23,19.0,12.31578947368421,5.684210526315789,2.16666667,1.4210526315789473,0.27956989,0.12903226,0.15053763,0.30864198,1.9473684210526316,0.42307692,0.6097561,6.157894736842105,4.957605402093185,1.2002893347489207,3.9763183450228285,sa3069388
Izeah Muniz,COL,A,22,6.2,13.499993562701434,5.399997425080573,2.5,1.3499993562701433,0.3125,0.125,0.1875,0.25,1.6499992132190642,0.35294118,0.52083333,4.04999806881043,5.301000428199939,-1.251002359389509,5.073010034795166,sa3069389
Ethan Storm,TBR,A,22,56.0,8.678571428571429,4.982142857142857,1.74193548,0.6428571428571429,0.21428571,0.12301587,0.09126984,0.28110599,1.6428571428571428,0.35849057,0.61946903,5.303571428571429,4.492667865753174,0.8109035628182548,5.07017590060298,sa3069390
Jake Shelagowski,STL,A,22,34.2,9.865383167944223,4.413460890922416,2.23529412,0.25961534652484797,0.24675325,0.11038961,0.13636364,0.24806202,1.413461331079728,0.34444444,0.61151079,5.711537623546656,4.0932328816701755,1.6183047418764804,4.8474235577576525,sa3069391
Noah Palmese,TOR,"A,CPX",22,28.2,6.9069782760483225,5.965117602041733,1.15789474,1.5697677900109823,0.16176471,0.13970588,0.02205882,0.28571429,1.7790701620124467,0.31764706,0.67346939,7.220931834050519,7.195603917923233,0.02532791612728591,7.0896840504157375,sa3069393
Trey Seeley,SFG,"A,CPX",24,15.0,10.8,3.6,3.0,3.0,0.26086957,0.08695652,0.17391304,0.3015873,1.6666666666666667,0.35,0.44444444,9.0,7.8443345387776695,1.1556654612223305,5.269679098327955,sa3069394
Brayan Orrantia,BAL,A,20,51.2,8.709676561941178,7.490321843269413,1.1627907,1.3935482499105885,0.19762846,0.16996047,0.02766798,0.27884615,1.9548385172356866,0.33333333,0.63180828,4.877418874687059,6.307990181552782,-1.4305713068657226,5.383350917114419,sa3069395
Alex Wallace,TBR,A,22,47.1,8.936620678605703,4.373239906551727,2.04347826,1.140845193013494,0.23267327,0.11386139,0.11881188,0.24561404,1.3732395841829095,0.30508475,0.6501548,4.943662503058474,5.244428603939082,-0.3007661008806082,4.6593934403891915,sa3069396
KK Clark,BAL,CPX,21,2.0,9.0,4.5,2.0,0.0,0.28571429,0.14285714,0.14285714,0.16666667,1.0,0.25,1.0,0.0,3.629102420806885,-3.629102420806885,3.629102420806885,sa3069397
Jason Gilman,BOS,A,23,29.2,13.651683930420187,5.460673572168075,2.5,1.21348301603735,0.36,0.144,0.216,0.20560748,1.3483144622637222,0.31034483,0.75581395,3.0337075400933746,4.156993650658663,-1.1232861105652883,3.651086696465355,sa3069398
Randy Ramnarace,KCR,A,21,24.2,7.2972963568589035,9.85135008175952,0.74074074,0.7297296356858903,0.16806723,0.22689076,-0.05882353,0.16853933,1.7027024832670774,0.19402985,0.61611374,4.378377814115342,6.698748549760266,-2.320370735644924,6.424513769576401,sa3069400
Anthony Karoly,SEA,CPX,22,4.2,9.642850574186479,1.9285701148372958,5.0,0.0,0.29411765,0.05882353,0.23529412,0.125,0.6428567049457653,0.18181818,0.66666667,1.9285701148372958,3.3176691736486834,-1.3890990588113876,4.275532418773503,sa3069401
Brody Fowler,ATL,CPX,22,27.0,10.0,3.0,3.33333333,2.6666666666666665,0.25862069,0.07758621,0.18103448,0.24761905,1.2962962962962963,0.26865672,0.81395349,4.666666666666667,6.980954272658737,-2.31428760599207,4.563464877009392,sa3069402
Joey Wimpelberg,DET,CPX,21,1.0,0.0,18.0,0.0,0.0,0.0,0.25,-0.25,0.33333333,4.0,0.33333333,0.25,9.0,10.129102420806884,-1.129102420806884,11.563464877009391,sa3069403
Richie Cortese,PHI,A,23,12.2,16.34210116183101,8.526313649650962,1.91666667,0.0,0.38983051,0.20338983,0.18644068,0.13333333,1.421052274941827,0.27272727,0.7,2.1315784124127406,3.431289691872194,-1.2997112794594532,4.049372914759717,sa3069404
Cory Geinzer,TEX,CPX,19,9.0,17.0,7.0,2.42857143,3.0,0.33333333,0.1372549,0.19607843,0.26190476,2.0,0.36363636,0.37974684,6.0,8.373223707411025,-2.373223707411025,5.5299008814824955,sa3069405
Braydon Risley,SFG,A,21,51.2,9.580644218135296,2.6129029685823535,3.66666667,0.8709676561941178,0.25345622,0.06912442,0.1843318,0.23979592,1.199999881867451,0.30882353,0.68852459,4.354838280970589,4.899387848305284,-0.5445495673346947,4.911007753433034,sa3069406
Ryan Heppner,ATL,"A,A+,CPX",21,14.0,7.071428571428571,5.142857142857143,1.375,1.9285714285714286,0.171875,0.125,0.046875,0.25925926,1.5714285714285714,0.275,0.50505051,8.357142857142858,7.251545577147928,1.1055972799949298,5.986494306978058,sa3069407
Ethan Cole,COL,A,22,60.0,7.95,3.3,2.40909091,0.6,0.19776119,0.08208955,0.11567164,0.28688525,1.5333333333333334,0.35294118,0.55429864,6.0,4.851000785827637,1.1489992141723633,5.515009228388468,sa3069408
Connor Gehr,BAL,CPX,20,31.1,7.468085864055498,5.1702132904999605,1.44444444,1.1489362867777688,0.18978102,0.13138686,0.05839416,0.25641026,1.5319150490370252,0.29885057,0.72072072,4.595745147111075,6.043996232103167,-1.4482510849920915,6.123967729653735,sa3069409
Po-Chun Lin,SEA,CPX,19,25.1,12.78947528907817,3.9078952272183303,3.27272727,0.35526320247439364,0.34951456,0.10679612,0.24271845,0.18681319,1.1052632965870024,0.2962963,0.57971014,3.9078952272183303,3.909773301087574,-0.0018780738692436572,4.396490939500023,sa3069437
Blake Larson,CHW,CPX,20,2.0,13.5,0.0,3.0,0.0,0.5,0.0,0.5,0.0,0.0,0.0,1.0,0.0,3.317668151855469,-3.317668151855469,4.062673405557871,sa3069438
Seojun Moon,TOR,CPX,19,13.1,10.125002413988689,6.750001609325793,1.5,0.6750001609325793,0.24193548,0.16129032,0.08064516,0.2244898,1.5750003755093516,0.3030303,0.7079646,5.4000012874606345,5.779102814197634,-0.37910152673699926,5.987451890238994,sa3069439
Kendri Fana,LAA,DSL,17,13.0,6.923076923076923,2.769230769230769,2.5,1.3846153846153846,0.18518519,0.07407407,0.11111111,0.27083333,1.3076923076923077,0.30555556,0.67901235,4.846153846153846,6.430610957512489,-1.5844571113586428,5.631559583315482,sa3069444
Cole Stasio,TEX,"A+,AA,AAA",24,31.2,7.957893878059797,1.9894734695149492,4.0,0.5684209912899855,0.23529412,0.05882353,0.17647059,0.17117117,0.8210525429744235,0.20987654,0.82644628,1.7052629738699565,3.4351719240134293,-1.7299089501434728,4.822477177684458,sa3074192
Jakob Guardado,LAA,A,24,26.1,11.278482374177084,4.4430385110394575,2.53846154,1.3670887726275254,0.2519084,0.09923664,0.15267176,0.35652174,2.050633158941288,0.47435897,0.62256809,8.544304828922034,5.842140182198078,2.702164646723956,5.486706032415613,sa3074974
Diego Serna,SDP,DSL,17,1.2,10.799978628200861,10.799978628200861,1.0,0.0,0.28571429,0.28571429,0.0,0.0,1.1999976253556512,0.0,1.0,0.0,5.784454736714294,-5.784454736714294,7.345684860780163,sa3075044
Ismael Contreras,COL,DSL,16,4.0,4.5,0.0,2.0,0.0,0.13333333,0.0,0.13333333,0.15384615,0.5,0.18181818,1.0,0.0,5.084457111358643,-5.084457111358643,5.951808896660805,sa3075081
Chase Jessee,KCR,"AA,AAA",27,30.2,9.391303374321215,9.097825143873676,1.03225806,0.8804346913426139,0.21621622,0.20945946,0.00675676,0.21929825,1.826086767229125,0.27848101,0.62043796,6.1630428393982974,6.159111959604967,0.0039308797933301776,6.558965900511291,sa3075101
Jack Kartsonas,TBR,"A+,AA",25,61.0,9.59016393442623,2.2131147540983607,4.33333333,0.5901639344262295,0.24621212,0.05681818,0.18939394,0.25726141,1.2622950819672132,0.3372093,0.60453401,3.8360655737704916,3.4648619042068236,0.371203669563668,3.9601439972392853,sa3075388
Joephillip Guzman,BAL,CPX,19,2.0,9.0,0.0,2.0,0.0,0.25,0.0,0.25,0.125,0.5,0.16666667,1.0,0.0,2.129102420806885,-2.129102420806885,3.563464877009392,sa3075625
Griffin Green,CIN,A,25,3.1,10.800011072170165,16.200016608255247,0.66666667,0.0,0.15384615,0.23076923,-0.07692308,0.33333333,3.6000036907233883,0.42857143,0.07142857,24.30002491238287,8.547084007268229,15.752940905114642,9.016827856134107,sa3075729
Mitch White,SFG,AA,26,23.0,7.826086956521739,7.043478260869565,1.11111111,1.565217391304348,0.1754386,0.15789474,0.01754386,0.26086957,1.826086956521739,0.29411765,0.61881188,7.043478260869565,6.953795955492103,0.08968230537746269,6.976218966297481,sa3075808
Alex Madera,CHC,AA,25,1.2,0.0,5.399989314100431,0.0,0.0,0.0,0.14285714,-0.14285714,0.16666667,1.1999976253556512,0.16666667,1.0,0.0,5.459223046309845,-5.459223046309845,10.791602891988003,sa3075809
Parker Carlson,NYM,"A+,AAA",23,27.2,7.4819268511660875,2.60240933953603,2.875,0.6506023348840075,0.19827586,0.06896552,0.12931035,0.25925926,1.301204669768015,0.31325301,0.6626506,4.2289151767460496,3.7358540016148933,0.4930611751311562,4.3755065345325095,sa3075826
Brady O'Brien,SEA,A,24,1.0,0.0,0.0,0.0,0.0,0.0,0.0,0.0,0.33333333,1.0,0.33333333,1.0,0.0,4.551000785827637,-4.551000785827637,6.191009831428528,sa3075858
Robbie Knowles,STL,A,25,8.0,7.875,5.625,1.4,0.0,0.16666667,0.11904762,0.04761905,0.33333333,2.125,0.4137931,0.5,9.0,4.247079086303711,4.752920913696289,6.400069519691169,sa3076025
Jackson Brockett,CHC,"A,A+",23,43.2,8.656487919429756,2.473282262694216,3.5,0.824427420898072,0.24852071,0.07100592,0.17751479,0.17834395,0.9160304676645245,0.21621622,0.84302326,1.442747986571626,3.9280378370525297,-2.485289850480904,4.123572093102916,sa3076026
Ray Cebulski,SEA,A,23,24.0,10.875,3.75,2.9,1.5,0.23770492,0.08196721,0.15573771,0.32075472,1.8333333333333333,0.4109589,0.56306306,8.25,6.301000785827637,1.948999214172363,5.56934203406175,sa3076027
Wes Burton,CLE,"A,CPX",25,8.1,11.879990681369462,15.11998813992477,0.78571429,0.0,0.25581395,0.3255814,-0.06976744,0.17241379,2.279998211575957,0.27777778,0.63157895,7.559994069962385,6.1136664143002655,1.4463276556621194,7.179018630661123,sa3076039
Carlos Medina,SDP,A,21,43.1,7.892308618669788,2.284615652772833,3.45454545,0.8307693282810303,0.2010582,0.05820106,0.14285714,0.28409091,1.4076924729206346,0.34328358,0.6445993,4.7769236376159245,4.8971546726114,-0.12023103499547538,5.77870471857704,sa3076040
Jacob Roberts,WSN,"A,A+",24,27.0,14.666666666666666,6.0,2.44444444,0.0,0.38938053,0.15929204,0.2300885,0.11111111,1.037037037037037,0.2173913,0.81818182,1.6666666666666667,2.9099273265607906,-1.2432606598941238,3.739812546095029,sa3076041
Jack Bowery,SEA,A,22,47.2,7.74125791522922,2.265734023969528,3.41666667,0.9440558433206365,0.19158879,0.05607477,0.13551402,0.32673267,1.63636346175577,0.39102564,0.64788732,5.286712722595564,4.94960214189635,0.33711058069921407,4.652545119334206,sa3076042
Matthew Tippie,NYY,A,23,26.1,10.25316579470644,4.784810704196339,2.14285714,1.3670887726275254,0.25641026,0.11965812,0.13675214,0.23232323,1.4050634607560677,0.29230769,0.53672316,4.784810704196339,5.49391474021666,-0.7091040360203209,4.827377201558441,sa3076043
Jackson Nove,CHW,A,23,40.0,14.175,3.6,3.9375,0.9,0.36627907,0.09302326,0.27325581,0.22077922,1.25,0.34482759,0.64655172,4.05,3.51433435678482,0.5356656432151796,3.4002443330362437,sa3076044
Grant Manning,WSN,A,25,45.1,10.72058943811186,3.3750003786648444,3.17647059,0.5955883021173255,0.28877005,0.09090909,0.19786096,0.2,1.1029413002172694,0.27777778,0.7480315,2.779412076547519,3.5514913877401377,-0.7720793111926185,4.127335027375113,sa3076045
Daichi Moriki,SDP,A,23,17.2,5.603772576570947,12.73584676493397,0.44,0.0,0.12222222,0.27777778,-0.15555556,0.20967742,2.150943009188848,0.25490196,0.65853659,5.0943387059735885,8.060434116609443,-2.9660954106358544,8.710248904543441,sa3076046
Nick Falter,SDP,A,23,44.2,8.664178117874132,2.820895201168322,3.07142857,0.6044775431074976,0.23756906,0.07734807,0.16022099,0.22699387,1.1417909147586065,0.29059829,0.76771654,3.022387715537488,4.707717185892544,-1.6853294703550556,5.339964222919301,sa3076047
Brandon Langley,SDP,A,21,34.2,9.865383167944223,4.932691583972112,2.0,0.25961534652484797,0.25333333,0.12666667,0.12666667,0.21538462,1.355769031851984,0.2967033,0.42918455,5.711537623546656,4.464462336986021,1.2470752865606354,5.650624619823407,sa3076048
Nolan McCarthy,DET,A,24,2.0,4.5,4.5,1.0,0.0,0.16666667,0.16666667,0.0,0.0,0.5,0.0,1.0,0.0,4.247079086303711,-4.247079086303711,5.029984698444605,sa3076053
MT Morrissey,PHI,A,24,30.1,10.087913145119085,7.120879867142883,1.41666667,1.7802199667857208,0.23943662,0.16901408,0.07042254,0.22608696,1.6483518210978896,0.26666667,0.65022422,5.934066555952403,6.74707940070187,-0.8130128447494673,5.879115696595827,sa3076080
Gregory Bozzo,NYY,A,24,0.1,0.0,0.0,0.0,0.0,0.0,0.0,0.0,0.0,0.0,0.0,1.0,0.0,3.7470790863037116,-3.7470790863037116,3.7470790863037116,sa3076081
Trey Cooper,CHW,"A,A+",23,31.0,11.612903225806452,6.096774193548387,1.9047619,0.8709677419354839,0.2919708,0.15328467,0.13868613,0.21052632,1.4516129032258065,0.29577465,0.70093458,4.354838709677419,4.517628862868684,-0.16279015319126522,4.480121661714299,sa3076082
Adam Falinski,MIN,"A,A+",23,41.0,9.439024390243903,6.146341463414634,1.53571429,0.8780487804878049,0.2311828,0.15053763,0.08064516,0.26282051,1.6829268292682926,0.33944954,0.6116208,6.146341463414634,5.223499915270027,0.9228415481446071,5.498048944310654,sa3076083
Jake Murray,MIN,A,25,24.1,13.315070232635685,8.506850426406132,1.56521739,0.3698630620176579,0.30252101,0.19327731,0.1092437,0.21505376,1.76712351852881,0.33928571,0.53811659,7.397261240353158,4.527901106118767,2.869360134234391,4.958880684239616,sa3076084
Will Gagnon,LAD,A,22,26.2,13.837498350441653,9.112498913705478,1.51851852,0.0,0.30597015,0.20149254,0.10447761,0.26666667,2.0624997541308696,0.4375,0.64912281,5.062499396503044,4.738500763475898,0.3239986330271458,5.599505409776613,sa3076085
Anthony Patterson III,CHW,A,25,26.1,7.860760442608271,5.4683550905101015,1.4375,0.34177219315688134,0.18110236,0.12598425,0.05511811,0.25471698,1.632911589527322,0.31707317,0.68669528,4.4430385110394575,4.7569085096094454,-0.313869998569988,5.049890756384981,sa3076086
Mason Davenport,TOR,"A,CPX",21,24.0,10.875,7.875,1.38095238,2.25,0.24369748,0.17647059,0.06722689,0.25531915,1.875,0.30508475,0.61576355,7.875,7.949482832746595,-0.07448283274659495,6.373387948010752,sa3076087
Louis Marinaro,TEX,A,21,27.0,11.666666666666666,3.0,3.88888889,0.3333333333333333,0.30701754,0.07894737,0.22807018,0.24271845,1.2592592592592593,0.35820896,0.60693642,4.666666666666667,2.728778976864285,1.9378876898023818,3.178933394783073,sa3076088
Charlie Weber,HOU,A,22,37.0,10.702702702702704,4.135135135135135,2.58823529,0.4864864864864865,0.26347305,0.10179641,0.16167665,0.23972603,1.4054054054054055,0.33,0.63909774,4.378378378378378,3.644694892780201,0.7336834855981769,4.061732635143641,sa3076089
Jackson Wells,HOU,"A,A+",23,32.1,10.855671170389153,5.845361399440313,1.85714286,2.226804342643929,0.25,0.13461538,0.11538462,0.28571429,1.8247424474443306,0.34883721,0.58232932,7.237114113592768,6.549311340139672,0.6878027734530958,4.999943856842222,sa3076090
Mike McKenna,MIN,A,25,22.1,10.074628299688696,4.029851319875478,2.5,0.4029851319875478,0.25252525,0.1010101,0.15151515,0.22988506,1.343283773291826,0.31147541,0.55555556,2.8208959239128344,3.7023029605273163,-0.8814070366144819,4.171877730242159,sa3076091
Jalen Evans,DET,A+,27,25.2,10.519479216602967,4.558440993861286,2.30769231,1.0519479216602967,0.26086957,0.11304348,0.14782609,0.24752475,1.4805192971515289,0.32352941,0.68965517,4.909090301081385,4.765257274555639,0.14383302652574592,5.246193800879053,sa3076092
Harry Blum,BOS,"A,A+",24,32.2,10.193876559016504,7.989795140850774,1.27586207,1.1020407090828652,0.23566879,0.18471338,0.05095541,0.25,1.836734515138109,0.3253012,0.53082192,8.540815495392206,5.972665558542749,2.5681499368494567,5.720295322826084,sa3076093
JT Benson,NYM,A,24,1.0,18.0,18.0,1.0,0.0,0.4,0.4,0.0,0.0,2.0,0.0,1.0,0.0,5.747079086303711,-5.747079086303711,5.747079086303711,sa3076097
Parker Seay,NYY,A,25,22.0,12.272727272727273,5.318181818181818,2.30769231,0.8181818181818182,0.3030303,0.13131313,0.17171717,0.24705882,1.5454545454545454,0.35849057,0.77639752,3.272727272727273,4.110715449940074,-0.8379881772128015,4.281188780001619,sa3076114
Tanner Perry,MIL,"A,A+",23,36.0,10.0,4.0,2.5,2.0,0.26490066,0.10596026,0.1589404,0.23308271,1.3055555555555556,0.27058824,0.82010582,4.0,5.87888671120823,-1.8788867112082297,4.648091436616122,sa3076115
Peyton Niksch,MIL,"A,A+",22,30.1,9.197800197660486,2.670329089643367,3.44444444,1.1868129287303855,0.23846154,0.06923077,0.16923077,0.24166667,1.2527469803265179,0.29411765,0.5988024,2.670329089643367,4.316826922380869,-1.6464978327375022,3.6460947009858287,sa3076116
Eric Hammond,MIN,A,23,24.2,8.027025992544793,4.743242631958287,1.69230769,0.36486481784294517,0.2037037,0.12037037,0.08333333,0.22580645,1.3783782007400152,0.28571429,0.40462428,6.202701903330068,4.3146465807260705,1.8880553226039973,5.120674951575626,sa3076126
Brian Zeldin,MIN,"A,A+",25,29.1,12.886365032885836,6.443182516442918,2.0,1.2272728602748415,0.30215827,0.15107914,0.15107914,0.24324324,1.636363813699789,0.35384615,0.62753036,5.215909656168077,5.603895964061175,-0.3879863078930983,4.947609574151611,sa3076127
Treyson Peters,PIT,"A,A+,AA",23,38.0,5.684210526315789,2.8421052631578947,2.0,1.1842105263157894,0.14723926,0.07361963,0.07361963,0.25675676,1.3157894736842106,0.27731092,0.67391304,4.7368421052631575,5.253697472892964,-0.5168553676298062,6.074383954393891,sa3076128
Jose Gabriel Torres,SEA,A,25,29.1,7.977273591786471,1.8409092904122624,4.33333333,0.3068182150687104,0.1969697,0.04545455,0.15151515,0.26612903,1.3295455986310785,0.32989691,0.45454545,5.215909656168077,4.039637094046453,1.176272562121624,4.826462145335172,sa3076129
Braylon Myers,CHC,A,23,42.1,10.204725635525637,2.9763783103616444,3.42857143,0.42519690148023487,0.28235294,0.08235294,0.2,0.20645161,1.0866143037828224,0.28571429,0.74660633,2.338582958141292,3.0271166136972925,-0.6885336555560007,3.566376872604525,sa3076130
Aiden Moffett,CHC,A,22,21.0,10.285714285714286,14.571428571428571,0.70588235,0.8571428571428571,0.21818182,0.30909091,-0.09090909,0.15277778,2.142857142857143,0.19565217,0.67099567,7.285714285714286,7.998620246705555,-0.7129059609912698,8.099262309429193,sa3076144
Jonah Conradt,WSN,A,21,11.0,9.818181818181818,9.0,1.09090909,0.8181818181818182,0.23529412,0.21568627,0.01960784,0.225,1.8181818181818181,0.2962963,0.48387097,8.181818181818182,5.617667865753174,2.5641503160650077,6.050020974874497,sa3076145
Tanner Gresham,PHI,"A,A+",24,47.2,10.195803107862874,4.90909038526731,2.07692308,0.9440558433206365,0.26470588,0.12745098,0.1372549,0.20454545,1.3006991619084325,0.26495726,0.75438596,3.020978698626037,4.591194326855294,-1.5702156282292568,4.4924338246513855,sa3076146
Derek Vartanian,ATL,A,22,58.0,9.310344827586206,2.6379310344827585,3.52941176,1.706896551724138,0.24691358,0.06995885,0.17695473,0.25221239,1.2758620689655173,0.29677419,0.6996587,3.7241379310344827,4.893529934718691,-1.1693920036842083,3.7035790870415757,sa3076147
Thomas Conrad,MIL,A,20,31.2,8.526314933544466,5.6842099556963115,1.5,0.8526314933544467,0.22727273,0.15151515,0.07575758,0.20720721,1.3578946005274521,0.25641026,0.75376884,3.694736471202602,4.943983522082313,-1.2492470508797107,4.8805548574190905,sa3076148
Ryan Dollar,NYM,"A,A+",22,24.2,12.405403806660136,6.202701903330068,2.0,0.7297296356858903,0.30909091,0.15454545,0.15454546,0.20879121,1.4594592713717807,0.30909091,0.71022727,3.6486481784294518,4.282932357708125,-0.6342841792786733,4.839073270469244,sa3076166
Brayden Heidel,TOR,A,24,19.0,6.157894736842105,3.3157894736842106,1.85714286,0.47368421052631576,0.16049383,0.08641975,0.07407407,0.20833333,1.1578947368421053,0.24137931,0.53097345,5.2105263157894735,4.483921191566869,0.7266051242226048,5.365521889532867,sa3076167
Reece Wissinger,TOR,"A,A+",25,35.0,7.2,1.8,4.0,1.0285714285714285,0.18918919,0.0472973,0.14189189,0.28057554,1.3142857142857143,0.3271028,0.66037736,4.628571428571429,4.335892200469971,0.2926792281014583,4.855835626806532,sa3076168
Joe Charles,NYM,"A,A+",26,17.1,9.34615556022856,11.42307901805713,0.81818182,0.0,0.20454545,0.25,-0.04545455,0.24242424,2.1923080943746007,0.33333333,0.5,9.34615556022856,5.416154184538602,3.930001375689958,6.177694673777193,sa3076171
Matthew DesMarets,MIN,"A,CPX",22,22.2,7.147057821181547,5.955881517651289,1.2,1.1911763035302578,0.15652174,0.13043478,0.02608696,0.28723404,1.8529409166026232,0.32876712,0.63926941,4.764705214121031,6.7262592569266815,-1.9615540428056502,5.753951713771837,sa3076210
Adiel Melendez,ATL,A,24,21.1,9.28125138301423,4.640625691507115,2.0,0.42187506286428317,0.25882353,0.12941176,0.12941177,0.16901408,1.078125160653168,0.22916667,0.81300813,2.531250377185699,4.133292942587298,-1.6020425654015988,4.425583980690296,sa3076219
Caleb Shpur,DET,A+,24,1.1,0.0,13.500033393584838,0.0,0.0,0.0,0.2,-0.2,0.5,4.500011131194946,0.5,0.5,20.250050090377258,8.447086688903687,11.802963401473571,12.430685778398761,sa3076235
Nick McAuliffe,MIN,"A,A+,CPX",25,17.0,15.882353163920476,4.764705949176142,3.33333333,0.5294117721306825,0.36144578,0.10843373,0.25301205,0.2972973,1.8235294373390174,0.48837209,0.47297297,5.294117721306825,2.8670178929532275,2.4270998283535974,3.395430092109122,sa3076251
Choyce Diffey,CHW,A,23,19.1,8.379311722609376,4.189655861304688,2.0,0.4655173179227431,0.2195122,0.1097561,0.1097561,0.23943662,1.344827807332369,0.30769231,0.67669173,4.655173179227431,4.134909330111777,0.5202638491156533,4.687039365747304,sa3076252
Jackson Holmes,OAK,A,23,16.2,12.959997528076643,5.399998970031935,2.4,1.079999794006387,0.3,0.125,0.175,0.26086957,1.6799996795654908,0.37209302,0.53435115,5.939998867035128,5.211000659942651,0.7289982070924772,4.831807245100697,sa3076257
Lan-Hong Su,SDP,CPX,19,15.2,9.765955465204064,4.595743748331324,2.125,0.5744679685414155,0.25,0.11764706,0.13235294,0.27118644,1.531914582777108,0.36585366,0.76271186,4.021275779789908,5.200646797549746,-1.1793710177598378,6.177893384833238,sa3076261
Michael Braswell III,KCR,CPX,23,14.1,11.302328088079072,2.511628464017572,4.5,0.627907116004393,0.25714286,0.05714286,0.2,0.33846154,1.8139538906793573,0.45652174,0.5078125,8.790699624061501,4.259528493184898,4.531171130876603,5.119773704384494,sa3076271
Will Eldridge,ATL,CPX,22,13.2,9.8780464828197,11.85365577938364,0.83333333,0.6585364321879801,0.19230769,0.23076923,-0.03846154,0.30357143,2.560975014064367,0.4,0.55851064,11.19511934719566,7.714467440496998,3.4806519066986628,8.232594714137452,sa3076272
Jason Shockley,BAL,"A,CPX",23,12.2,12.078944223327477,9.2368397001916,1.30769231,1.4210522615679386,0.24285714,0.18571429,0.05714286,0.25925926,2.131578392351908,0.34285714,0.69852941,5.6842090462717545,6.842855916394873,-1.1586468701231185,6.301668064890885,sa3076273
Spencer Green,LAD,CPX,21,16.2,15.119997116089417,15.119997116089417,1.0,0.5399998970031935,0.2745098,0.2745098,0.0,0.26865672,2.759999473571878,0.44736842,0.5620155,9.17999824905429,8.537667442321913,0.6423308067323763,8.562273111627348,sa3076274
Carter Holjes,MIN,CPX,25,16.0,7.3125,6.75,1.08333333,1.125,0.18055556,0.16666667,0.01388889,0.20689655,1.5,0.23255814,0.77586207,3.9375,6.754102420806885,-2.816602420806885,6.025578955933452,sa3076275
Cal Riehl,SDP,"A,CPX",23,13.2,10.5365904513627,5.26829522568135,2.0,1.3170738064203376,0.22222222,0.11111111,0.11111111,0.30508475,1.902439942607154,0.3902439,0.63829787,5.26829522568135,7.011164627580539,-1.7428694018991884,6.886784465666798,sa3076276
J.D. Hennen,BAL,A,23,15.0,14.4,10.8,1.33333333,0.6,0.3,0.225,0.075,0.28333333,2.3333333333333335,0.45714286,0.4494382,7.8,5.284334532419841,2.515665467580159,6.3905438880125685,sa3076277
Cole MacRae,HOU,A,22,17.1,7.269232102399991,7.269232102399991,1.0,0.5192308644571423,0.17948718,0.17948718,0.0,0.17460317,1.4423079568253951,0.20833333,0.6097561,5.192308644571423,5.348437413943648,-0.1561287693722253,6.476463834319384,sa3076278
Jordan Morales,CHW,A,26,16.1,12.122451338953162,2.204082061627848,5.5,0.551020515406962,0.30136986,0.05479452,0.24657534,0.28358209,1.4081635393733472,0.40909091,0.63559322,4.9591846386626575,2.8217493434986736,2.137435295163984,3.1129259838635814,sa3076296
Brandon Cassedy,HOU,A,22,11.0,12.272727272727273,4.090909090909091,3.0,1.6363636363636365,0.30612245,0.10204082,0.20408163,0.20454545,1.2727272727272727,0.25925926,0.80357143,1.6363636363636365,4.617667865753174,-2.9813042293895373,3.061117147586563,sa3076297
Sam Mettert,CHC,"A,CPX",22,14.2,15.954541996491606,6.136362306342925,2.6,0.0,0.3880597,0.14925373,0.23880597,0.17857143,1.3636360680762056,0.33333333,0.33333333,4.2954536144400475,2.949486602042275,1.3459670123977725,3.355147096316069,sa3076299
Giacomo Taschin,TOR,"A,CPX",19,25.2,11.922076445483363,3.15584376498089,3.77777778,1.0519479216602967,0.33009709,0.08737864,0.24271845,0.20652174,1.0909089557958633,0.29090909,0.85271318,2.4545451505406923,4.2402944848206685,-1.7857493342799762,4.3060585226231,sa3076300
Felix Doroteo,CHW,CPX,21,10.1,13.064520148160426,6.096776069141533,2.14285714,0.8709680098773618,0.33333333,0.15555556,0.17777778,0.18918919,1.354839126475896,0.28571429,0.66176471,3.483872039509447,5.495087715093417,-2.01121567558397,5.390579688675646,sa3076301
David Hernandez,PHI,CPX,19,17.0,15.882352941176471,4.764705882352941,3.33333333,1.588235294117647,0.4109589,0.12328767,0.28767123,0.22222222,1.3529411764705883,0.36666667,0.70707071,4.764705882352941,4.658514185512767,0.10619169684017393,3.7143847325268915,sa3076302
Caleb Nieman,MIL,CPX,21,21.0,8.142857142857142,6.428571428571429,1.26666667,1.7142857142857142,0.18811881,0.14851485,0.03960396,0.27710843,1.8095238095238095,0.31666667,0.4519774,8.571428571428571,8.055763389950707,0.5156651814778641,6.7148190146400815,sa3076303
Daniel Brooks,ATL,"A,CPX",23,15.1,9.978256732170797,4.695650226903904,2.125,0.0,0.25,0.11764706,0.13235294,0.18644068,1.2391299209885303,0.26190476,0.45,4.695650226903904,3.5169268344623354,1.1787233924415688,4.928968891874863,sa3076306
Anthony Steele,BAL,CPX,23,3.1,13.500013840212706,24.30002491238287,0.55555556,0.0,0.16129032,0.29032258,-0.12903226,0.33333333,4.5000046134042355,0.46153846,0.21052632,27.00002768042541,12.829111340055075,14.170916340370336,14.980657230123445,sa3076307
Joey Broughton,MIL,"A,CPX",20,22.1,10.88059856366379,4.835821583850573,2.25,0.4029851319875478,0.27272727,0.12121212,0.15151515,0.24705882,1.4776121506210087,0.35087719,0.71428571,2.4179107919252867,4.432593367694061,-2.014682575768774,4.981909461478343,sa3076308
Austin Breedlove,NYY,CPX,22,16.2,12.41999763107345,3.779999279022354,3.28571429,0.0,0.32857143,0.1,0.22857143,0.17460317,1.079999794006387,0.275,0.66666667,2.159999588012774,2.6291027069091255,-0.4691031188963515,3.145473092652193,sa3076309
Brendan Parks,BAL,A,23,20.2,14.370965531416012,7.403224667699157,1.94117647,0.43548380398230335,0.35483871,0.1827957,0.17204301,0.19736842,1.5483868586037453,0.33333333,0.65359477,4.354838039823034,3.5208936870904397,0.833944352732594,4.037402265727996,sa3076310
Lazaro Mena,CHC,CPX,19,22.1,6.850747243788312,8.865672903726052,0.77272727,1.6119405279501913,0.16037736,0.20754717,-0.04716981,0.2804878,2.014925659937739,0.31147541,0.6763285,6.850747243788312,8.847519471730948,-1.9967722279426354,8.18708337855111,sa3076311
Zac Lampton,BAL,"A,A+,CPX",26,13.0,13.846153719185374,3.4615384297963434,4.0,1.3846153719185372,0.33333333,0.08333333,0.25,0.22222222,1.3076922957008408,0.3125,0.65789474,3.4615384297963434,3.9891322201174804,-0.527593790321137,3.565188026409906,sa3076330
Eduardo Uscanga,SEA,CPX,19,3.0,6.0,3.0,2.0,3.0,0.15384615,0.07692308,0.07692308,0.25,1.3333333333333333,0.22222222,0.0,12.0,8.817668151855468,3.182331848144532,7.464355833331744,sa3076331
Roberto Pena,NYM,CPX,18,10.1,11.322584128405703,9.58064810865098,1.18181818,1.7419360197547236,0.22807018,0.19298246,0.03508772,0.30232558,2.3225813596729648,0.39285714,0.5785124,11.322584128405703,8.193619800234572,3.128964328171131,6.232727244553973,sa3076332
Ian Francis,CIN,A,23,1.0,9.0,0.0,1.0,0.0,0.2,0.0,0.2,0.4,2.0,0.5,0.5,0.0,1.7470790863037111,-1.7470790863037111,4.878701534867287,sa3076334
Jacob Weaver,WSN,CPX,23,1.1,0.0,6.750016696792419,0.0,0.0,0.0,0.14285714,-0.14285714,0.33333333,2.250005565597473,0.33333333,1.0,0.0,6.3791079864043585,-6.3791079864043585,8.53065699276416,sa3076338
Kendry Garcia,CHW,CPX,22,16.1,11.5714308235462,5.510205154069619,2.1,0.0,0.32307692,0.15384615,0.16923077,0.07407407,0.8571430239663852,0.12121212,0.73333333,1.102041030813924,4.266647636448507,-3.1646066056345834,5.1788991450618225,sa3076339
Scott Rouse,SEA,A,24,29.0,7.758620689655173,1.8620689655172413,4.16666667,0.0,0.2293578,0.05504587,0.17431193,0.15841584,0.7586206896551724,0.21052632,0.83333333,0.0,3.654449061689706,-3.654449061689706,4.898593854904175,sa3076349
Brady Miller,NYM,A+,26,10.0,9.9,0.0,11.0,0.0,0.25,0.0,0.25,0.27906977,1.2,0.375,0.61538462,3.6,1.6943119049072268,1.9056880950927733,3.026119787991047,sa3076354
Cole Cheatham,SEA,"A,CPX",22,16.2,12.419997453403996,4.859999003505911,2.55555556,0.0,0.31944444,0.125,0.19444444,0.19354839,1.2599997416496806,0.30769231,0.68181818,2.699999446392173,3.6496678458405167,-0.9496683994483437,4.892874997334984,sa3076357
Dominic Castellano,SEA,"A,CPX",22,9.2,13.03447847219057,16.758615178530732,0.77777778,2.793102529755122,0.20289855,0.26086957,-0.05797102,0.35416667,3.6206884644973805,0.4516129,0.41420118,20.482751884870897,12.390079237704086,8.092672647166811,10.591128773568624,sa3076358
Brad Rudis,MIN,CPX,23,15.1,9.978262938263715,3.521739860563664,2.83333333,0.0,0.265625,0.09375,0.171875,0.19642857,1.1086958820293016,0.28205128,0.78947368,2.347826573709109,3.4769283725543545,-1.1291017988452454,5.067200121083508,sa3076359
Colby Frieda,WSN,CPX,23,14.2,8.590907228880095,3.6818173838057553,2.33333333,0.0,0.20895522,0.08955224,0.11940299,0.31666667,1.704545085095257,0.41304348,0.61538462,4.90908984507434,3.651829796980213,1.257260048094127,5.314385919956511,sa3076365
Win Scott,DET,"A,CPX",23,16.2,8.099998455047903,1.079999794006387,7.5,0.5399998970031935,0.24590164,0.03278689,0.21311475,0.18644068,0.779999851226835,0.23255814,0.77586207,1.079999794006387,3.1787647949818214,-2.098765000975434,3.134580338895082,sa3076366
Cole Roland,TEX,"A+,AAA",27,16.0,10.687500099535102,4.500000041909516,2.375,1.125000010477379,0.25675676,0.10810811,0.14864865,0.28787879,1.6875000157160687,0.37777778,0.78512397,4.500000041909516,4.352633739982109,0.14736630192740652,4.868039271166908,sa3076367
Jack Nedrow,TOR,"A,A+",23,32.0,8.15625,4.21875,1.93333333,1.125,0.21481481,0.11111111,0.1037037,0.23529412,1.34375,0.27906977,0.75520833,4.21875,5.035663676261902,-0.816913676261902,5.111877923412249,sa3076368
Jack Walker,MIN,CPX,25,11.1,17.47059313566352,9.529414437634648,1.83333333,0.0,0.43137255,0.23529412,0.19607843,0.13888889,1.500000420738787,0.35714286,0.8,3.176471479211549,4.217337739673872,-1.0408662604623231,4.343899168367736,sa3076384
Ty Bothwell,WSN,CPX,26,19.2,10.067794982813984,4.118643402060266,2.44444444,1.8305081786934516,0.26190476,0.10714286,0.1547619,0.28767123,1.525423482244543,0.36170213,0.64393939,6.864405670100443,6.213847846541094,0.6505578235593497,4.372050873989016,sa3076385
Luke Schafer,LAA,A+,25,27.2,8.783131520934102,2.2771081720940267,3.85714286,0.32530116744200377,0.24107143,0.0625,0.17857143,0.22115385,1.0843372248066794,0.28947368,0.74324324,2.927710506978034,3.0369596854126897,-0.10924917843465565,3.76582788903622,sa3076386
Max Poirier,KCR,CPX,19,11.0,9.0,6.545454545454546,1.375,1.6363636363636365,0.22916667,0.16666667,0.0625,0.225,1.5454545454545454,0.25925926,0.56338028,4.909090909090909,7.363122697310015,-2.4540317882191056,5.947674838385799,sa3076392
Henry Cone,CHC,"A,CPX",23,14.0,12.857142857142858,9.642857142857142,1.33333333,0.0,0.27777778,0.20833333,0.06944444,0.23214286,2.0,0.36111111,0.55172414,7.071428571428571,4.3605250494820735,2.7109035219464976,5.629542027413845,sa3076397
Simon Gregersen,ARI,A,23,14.2,9.81817969014868,4.2954536144400475,2.28571429,1.8409086919028776,0.25,0.109375,0.140625,0.25,1.431817871480016,0.2972973,0.78651685,4.90908984507434,6.6646366913457555,-1.7555468462714154,5.3473716505287205,sa3076398
Blake Purnell,TOR,A,24,26.1,6.835443863137627,3.075949738411932,2.22222222,1.7088609657844067,0.17241379,0.07758621,0.09482759,0.32075472,1.632911589527322,0.35802469,0.67567568,6.151899476823864,5.835686933373541,0.3162125434503231,5.389012763967536,sa3076399
Bradley Wilson,TOR,A,25,17.2,8.6603758001551,7.641508058960382,1.13333333,1.0188677411947176,0.19767442,0.1744186,0.02325581,0.25,1.811320428790609,0.30612245,0.49689441,8.15094192955774,6.350852202690212,1.8000897268675287,5.765462434976353,sa3076401
Justin Fuson,CHW,CPX,26,19.0,10.421052631578947,4.7368421052631575,2.2,2.3684210526315788,0.22916667,0.10416667,0.125,0.34117647,2.0526315789473686,0.4137931,0.42424242,10.421052631578947,7.659773415013364,2.7612792165655833,6.120839319103643,sa3076406
Patrick Crotty,PHI,CPX,18,6.1,7.105266724268624,11.368426758829798,0.625,1.4210533448537248,0.11627907,0.18604651,-0.06976744,0.34375,3.000001505802308,0.38461538,0.29126214,18.473693483098423,9.813315800221783,8.66037768287664,10.70490234204966,sa3076409
Stephen Still,BAL,A,24,20.2,13.064514119469102,4.790321843805337,2.72727273,0.0,0.32258065,0.11827957,0.20430108,0.2278481,1.4032255906096442,0.36734694,0.65625,3.9193542358407303,2.746700257788567,1.1726539780521632,3.749048405240729,sa3076410
Andrew Herbert,BAL,A,25,24.2,9.486485263916574,3.2837833605865066,2.88888889,0.7297296356858903,0.26,0.09,0.17,0.2247191,1.1756755241606012,0.29508197,0.9929078,0.7297296356858903,3.9014516129643537,-3.1717219772784633,4.10710553310608,sa3076414
Connor O'Hara,TEX,CPX,25,13.2,13.829265075947582,2.6341457287519203,5.25,1.3170728643759602,0.39622642,0.0754717,0.32075472,0.18367347,0.9512192909381934,0.26923077,0.39215686,5.268291457503841,4.524985293105256,0.743306164398585,3.385722647260283,sa3076422
Tommy Case,LAD,CPX,18,4.1,10.384623002729418,14.538472203821184,0.71428571,0.0,0.19230769,0.26923077,-0.07692308,0.16666667,2.307694000606537,0.23076923,0.27272727,2.0769246005458837,8.04843975270462,-5.971515152158737,9.767683907094007,sa3076423
Noah Millikan,WSN,CPX,23,11.1,9.529414437634648,5.55882508862021,1.71428571,0.0,0.28571429,0.16666667,0.11904762,0.08571429,0.8823531886698747,0.13043478,1.0,0.0,3.8643964642059228,-3.8643964642059228,4.244080750287513,sa3076425
L.J. Waco,WSN,CPX,24,8.1,10.800004119874618,2.1600008239749235,5.0,1.0800004119874618,0.3030303,0.06060606,0.24242424,0.17241379,0.8400003204346925,0.22222222,0.78947368,3.2400012359623855,4.729102649688809,-1.4891014137264231,4.718214098233863,sa3076426
Luke Cooper,LAA,A+,25,10.1,12.193552138283065,4.354840049386809,2.8,0.0,0.26923077,0.09615385,0.17307692,0.34042553,2.032258689713844,0.48484848,0.61904762,5.22580805926417,2.393352542980285,2.8324555162838854,3.463203064060401,sa3076427
Cristian Alvarado,SEA,DSL,22,12.2,3.5526306873545677,1.421052274941827,2.5,0.0,0.09615385,0.03846154,0.05769231,0.22,1.0263155319024306,0.24444444,0.76923077,1.421052274941827,4.268667716927125,-2.8476154419852984,5.8435955634051995,sa3076432
Alexander Pichardo,LAD,DSL,18,9.0,10.0,6.0,1.66666667,0.0,0.21276596,0.12765957,0.08510638,0.25,1.7777777777777777,0.33333333,0.58823529,4.0,4.6955682224697535,-0.6955682224697535,5.273802746004529,sa3076433
Jensey Duran,TBR,DSL,19,8.2,3.1153834726687677,6.230766945337535,0.5,0.0,0.08823529,0.17647059,-0.08823529,0.25,1.4999994498034808,0.28,0.69230769,4.153844630225024,5.969071988100318,-1.815227357875294,6.7697041116322,sa3076434
Junior Pena,LAD,DSL,18,6.2,2.6999986159808578,9.449995155933003,0.28571429,1.3499993079904289,0.05128205,0.17948718,-0.12820513,0.33333333,2.54999869287081,0.33333333,0.56818182,12.14999377191386,9.984454343320358,2.165539428593501,9.465585055041295,sa3076435
Yohn Melendez,SDP,DSL,20,9.1,8.678574384476248,4.821430213597916,1.8,1.9285720854391661,0.20454545,0.11363636,0.09090909,0.27027027,1.6071434045326385,0.30769231,0.63380282,7.714288341756665,7.69160102678841,0.02268731496825449,6.578636233654745,sa3076436
Jake Dykhoff,BAL,CPX,27,13.0,9.692307692307692,2.769230769230769,3.5,0.0,0.26923077,0.07692308,0.19230769,0.19565217,1.0,0.28125,0.86666667,1.3846153846153846,3.359871651576116,-1.9752562669607312,4.683898534224584,sa3076437
Wilmer Almonte,ATL,DSL,18,6.2,8.09999613762086,9.449995493891004,0.85714286,0.0,0.13953488,0.1627907,-0.02325581,0.34375,2.6999987125402867,0.42307692,0.27272727,14.849992918971576,7.7344556093223105,7.115537309649266,8.77527725538247,sa3076438
Javier Pedreanez,CLE,DSL,19,6.2,5.399997425080573,4.04999806881043,1.33333333,1.3499993562701433,0.15384615,0.11538462,0.03846154,0.17391304,1.0499994993212227,0.16666667,0.89285714,1.3499993562701433,6.684456110001088,-5.334456753730945,6.165586803165821,sa3076439
Michel Cervantes,SDP,DSL,18,9.0,13.0,10.0,1.3,0.0,0.27659574,0.21276596,0.06382979,0.27777778,2.2222222222222223,0.43478261,0.66666667,7.0,5.36223488913642,1.6377651108635796,5.844096992082067,sa3076440
Eric Lin,TBR,"A,CPX",23,9.1,13.49999080386107,5.785710344511887,2.33333333,0.0,0.36842105,0.15789474,0.21052632,0.1875,1.2857134098915306,0.33333333,0.91666667,0.9642850574186479,2.8019573017037542,-1.8376722442851063,3.7386057799509516,sa3076441
Miguel Martinez,MIN,DSL,19,11.1,9.529414437634648,4.764707218817324,2.0,0.7941178698028872,0.27272727,0.13636364,0.13636364,0.13513514,0.9705885075368622,0.16666667,0.75471698,1.5882357396057745,5.466810300028517,-3.878574560422743,5.314654952255513,sa3076442
Eliezer Peralta,MIA,DSL,17,7.0,6.428571428571429,15.428571428571429,0.41666667,1.2857142857142858,0.10869565,0.26086957,-0.15217391,0.33333333,3.142857142857143,0.375,0.32520325,20.571428571428573,11.870171397072928,8.701257174355645,11.37600991683347,sa3076443
Emmanuel Polo,SDP,DSL,18,4.0,9.0,13.5,0.66666667,0.0,0.19047619,0.28571429,-0.0952381,0.21428571,2.25,0.3,0.6,6.75,7.834457111358643,-1.0844571113586428,8.484970950335263,sa3076444
Jose Alexandro,BOS,DSL,19,4.2,13.49999080386107,21.214271263210254,0.63636364,0.0,0.18918919,0.2972973,-0.10810811,0.33333333,4.071425797989846,0.47058824,0.38095238,15.428560918698366,9.94159631924002,5.4869645994583465,10.870901170453646,sa3076445
Juan Marquez,MIN,DSL,18,1.0,0.0,9.0,0.0,0.0,0.0,0.125,-0.125,0.71428571,6.0,0.71428571,0.66666667,18.0,7.584457111358643,10.415542888641358,8.451808896660804,sa3076446
Gregory Sipion,ARI,DSL,18,11.0,8.181818181818182,1.6363636363636365,5.0,0.8181818181818182,0.18518519,0.03703704,0.14814815,0.34,1.7272727272727273,0.41025641,0.51020408,7.363636363636363,5.039002565904097,2.3246337977322664,4.645686007087881,sa3076447
Frandel Pineda,TEX,DSL,17,11.0,8.181818181818182,4.090909090909091,2.0,0.8181818181818182,0.22222222,0.11111111,0.11111111,0.18918919,1.0909090909090908,0.23076923,0.66176471,3.272727272727273,6.129911656813189,-2.8571843840859157,5.894295422597365,sa3076448
Steven Garcia,BOS,DSL,20,10.1,5.22580805926417,3.483872039509447,1.5,1.7419360197547236,0.12244898,0.08163265,0.04081633,0.3255814,1.7419360197547236,0.34285714,0.52325581,6.096776069141533,7.681232257589262,-1.5844561884477297,6.340224586422974,sa3076449
Jose Gonzalez,CHC,DSL,17,9.0,8.0,1.0,8.0,0.0,0.19047619,0.02380952,0.16666667,0.34146341,1.6666666666666667,0.42424242,0.53333333,5.0,3.140012666914198,1.8599873330858019,4.200109293394619,sa3076450
David Colmenares,CHW,DSL,18,7.2,10.565213010533785,7.043475340355856,1.5,0.0,0.26470588,0.17647059,0.08823529,0.22222222,1.5652167423013015,0.33333333,0.92307692,1.173912556725976,4.975761296933968,-3.8018487402079923,5.880823654147213,sa3076451
Hector Perez,PIT,DSL,18,7.2,10.565213010533785,2.347825113451952,4.5,0.0,0.26470588,0.05882353,0.20588235,0.16666667,0.9130430996757591,0.23809524,0.44444444,2.347825113451952,3.801848740207992,-1.4540236267560398,4.820043892072893,sa3076452
Andey Garrido,STL,DSL,19,7.1,11.045459333532218,3.6818197778440727,3.0,0.0,0.26470588,0.08823529,0.17647059,0.34482759,1.772728041184183,0.5,0.53333333,8.590912814969503,4.175366024931524,4.415546790037979,5.003293087980304,sa3076453
Keiver De Horta,OAK,DSL,19,7.0,9.0,6.428571428571429,1.4,0.0,0.25925926,0.18518519,0.07407407,0.09090909,1.0,0.13333333,0.71428571,0.0,4.727314254215786,-4.727314254215786,5.8424808353185655,sa3076454
Luis Contreras,OAK,DSL,19,6.0,12.0,6.0,2.0,0.0,0.24242424,0.12121212,0.12121212,0.25,1.8333333333333333,0.35,0.25,9.0,4.417790444691976,4.582209555308024,4.851466337343057,sa3076455
Juan Santillán,STL,DSL,19,8.1,9.720003707887157,3.2400012359623855,3.0,1.0800004119874618,0.29032258,0.09677419,0.19354839,0.07407407,0.6000002288819233,0.05882353,1.0,1.0800004119874618,5.424457431793336,-4.344457019805874,4.697114868224242,sa3076456
Isaac De La Cruz,NYM,DSL,18,6.2,8.09999613762086,16.19999227524172,0.5,1.3499993562701433,0.13636364,0.27272727,-0.13636364,0.23076923,2.6999987125402867,0.26315789,0.61946903,13.499993562701434,12.834453177453963,0.6655403852474713,11.925275753346138,sa3076457
Enrique Quintana,PIT,DSL,18,4.2,3.8571402296745916,17.357131033535662,0.22222222,0.0,0.06666667,0.3,-0.23333333,0.31578947,3.214283524728826,0.35294118,0.41176471,17.357131033535662,10.79873859250104,6.558392441034622,11.728043443714665,sa3076458
Yerison Mendez,MIA,DSL,16,9.1,5.785716256317499,5.785716256317499,1.0,0.0,0.13953488,0.13953488,0.0,0.22222222,1.5000005108971293,0.26666667,0.73333333,2.8928581281587493,5.548743154078226,-2.6558850259194764,6.663910115004609,sa3076459
Jose Rosal,MIA,DSL,17,8.1,5.400002059937309,9.720003707887157,0.55555556,0.0,0.125,0.225,-0.1,0.16666667,1.680000640869385,0.2,0.6,1.0800004119874618,6.984458026886336,-5.904457614898874,7.817116058410243,sa3076460
Justin Batista,MIA,DSL,17,9.1,13.500004598074163,7.714288341756665,1.75,0.0,0.35,0.2,0.15,0.09677419,1.1785718299906016,0.17647059,0.75,0.9642860427195831,4.4773142177231335,-3.5130281750035506,5.220758858340722,sa3076461
Yilmar Samudio,PHI,DSL,17,5.2,19.058812837705702,9.529406418852851,2.0,0.0,0.4137931,0.20689655,0.20689655,0.22727273,1.9411753816181734,0.5,0.58333333,7.94117201571071,4.055045643644595,3.8861263720661148,4.514231625325812,sa3076462
Rafeli Moronta,STL,DSL,16,5.1,11.812507040802862,6.75000402331592,1.75,5.06250301748694,0.20588235,0.11764706,0.08823529,0.42857143,3.000001788140409,0.5,0.57971014,16.875010058289803,12.646961916985994,4.228048141303809,7.286000238533692,sa3076463
Jean Nino,COL,DSL,18,9.1,0.9642860427195831,1.9285720854391661,0.5,1.9285720854391661,0.0212766,0.04255319,-0.0212766,0.37777778,2.0357149790746756,0.35714286,0.43209877,9.642860427195831,7.79874392042392,1.8441165067719112,5.849403906595467,sa3076464
Johander Barrios,COL,DSL,17,5.0,7.2,1.8,4.0,3.6,0.16,0.04,0.12,0.39130435,2.0,0.41176471,0.48780488,12.6,9.384457111358643,3.215542888641357,5.225279253721237,sa3076465
Emanuel Mejia,COL,DSL,17,5.1,5.06250301748694,3.37500201165796,1.5,0.0,0.12,0.08,0.04,0.2,1.1250006705526534,0.23529412,0.77777778,1.68750100582898,6.271958117187623,-4.584457111358643,7.247729457257597,sa3076466
Jesus Rojas,CLE,DSL,18,5.2,14.294109628279278,11.117640821994993,1.28571429,0.0,0.3,0.23333333,0.06666667,0.17391304,1.9411753816181734,0.28571429,0.45454545,1.588234403142142,5.11386857907269,-3.5256341759305485,5.726116554647646,sa3076467
Victor De Leon,NYY,DSL,18,8.1,8.640003295899694,6.480002471924771,1.33333333,1.0800004119874618,0.19512195,0.14634146,0.04878049,0.31428571,2.040000778198539,0.38461538,0.64102564,5.400002059937309,6.384457798004412,-0.9844557380671031,6.073444250197273,sa3076468
Anderson Carias,LAD,DSL,17,11.0,6.545454545454546,5.7272727272727275,1.14285714,0.0,0.1509434,0.13207547,0.01886793,0.25,1.6363636363636365,0.30555556,0.45,7.363636363636363,5.584457111358643,1.7791792522777206,6.0575580851598225,sa3076469
Miguel Herrera,LAD,DSL,17,9.0,13.0,11.0,1.18181818,1.0,0.27083333,0.22916667,0.04166667,0.25714286,2.2222222222222223,0.38095238,0.67961165,8.0,7.473346000247531,0.5266539997524688,6.89625334110525,sa3076470
Raudi Perez,SDP,DSL,18,14.1,3.7674426960263574,7.534885392052715,0.5,0.627907116004393,0.09375,0.1875,-0.09375,0.22,1.6046515186778931,0.23255814,0.63559322,6.279071160043929,7.584457776712965,-1.3053866166690353,7.52466183281604,sa3076471
Jhoangel Marquez,NYM,DSL,19,7.1,6.136366296406788,3.6818197778440727,1.66666667,1.2272732592813576,0.16666667,0.1,0.06666667,0.33333333,1.6363643457084767,0.38095238,0.56603774,7.363639555688145,6.220821457067119,1.1428180986210261,4.921194594767954,sa3076472
Joan Gonzalez,MIL,DSL,17,7.0,10.285714285714286,5.142857142857143,2.0,1.2857142857142858,0.22222222,0.11111111,0.11111111,0.3,1.8571428571428572,0.38095238,0.44117647,10.285714285714286,6.727314254215786,3.5584000314985005,5.613615784474781,sa3076473
Yoandres Valdiviezo,SDP,DSL,17,7.2,8.217387897081833,10.565213010533785,0.77777778,3.521737670177928,0.15555556,0.2,-0.04444445,0.38235294,2.8695640275523857,0.41666667,0.55555556,15.26086323743769,12.149671365814932,3.111191871622758,8.080912105200603,sa3076474
Beinel Adon,CHW,DSL,17,5.1,15.187509052460822,8.437505029144901,1.8,0.0,0.28125,0.15625,0.125,0.25,2.0625012293465312,0.4,0.5,6.75000402331592,5.709457781911296,1.0405462414046243,6.197343451946283,sa3076475
Edgardo Rodriguez,NYM,DSL,16,4.2,7.714280459349183,13.49999080386107,0.57142857,5.785710344511887,0.125,0.21875,-0.09375,0.34782609,3.214283524728826,0.3125,0.46875,17.357131033535662,17.01302007364344,0.3441109598922232,10.51449261177574,sa3076476
Yordany Marte,CHW,DSL,16,9.2,10.241375942435448,4.655170882925203,2.2,0.0,0.24444444,0.11111111,0.13333333,0.21621622,1.3448271439561699,0.30769231,0.5,3.724136706340163,4.791353595044208,-1.0672168887040447,5.688613767531278,sa3076477
Yoel Zambrano,PHI,DSL,16,5.2,6.352937612568568,9.529406418852851,0.66666667,0.0,0.13793103,0.20689655,-0.06896552,0.27272727,2.1176458708561894,0.33333333,0.46153846,11.117640821994993,6.878573471452848,4.239067350542145,7.796945434815282,sa3076478
Roldanny Sena,BAL,DSL,18,8.0,9.0,3.375,2.66666667,0.0,0.20512821,0.07692308,0.12820513,0.28571429,1.625,0.37037037,0.5,4.5,4.084457111358643,0.41554288864135724,5.060227869823575,sa3076479
Angel Adames,COL,DSL,17,2.1,3.85714850621175,15.428594024847,0.25,3.85714850621175,0.05263158,0.21052632,-0.15789474,0.57142857,5.142864674948999,0.58333333,0.34482759,34.714336555905746,15.72733057374814,18.987005982157605,12.014507533130242,sa3076480
Samuel Santos,ARI,DSL,18,11.2,9.257140334772291,3.8571418061551213,2.4,0.0,0.26086957,0.10869565,0.15217391,0.2195122,1.1999996730260378,0.31034483,0.85714286,1.5428567224620486,3.8130287501276183,-2.27017202766557,5.07688386433758,sa3076481
Anllelo Gutierrez,LAA,DSL,17,6.2,6.749996781350717,2.6999987125402867,2.5,1.3499993562701433,0.16129032,0.06451613,0.09677419,0.36,1.6499992132190642,0.42105263,0.66176471,6.749996781350717,7.7344556093223105,-0.9844588279715936,7.2155863024870435,sa3076482
Luis Villamizar,DET,DSL,17,5.2,6.352937612568568,9.529406418852851,0.66666667,0.0,0.12121212,0.18181818,-0.06060606,0.25,2.1176458708561894,0.3,0.6,3.176468806284284,7.937396406880943,-4.760927600596659,8.549644382455899,sa3076483
Roberto Mendoza,TBR,DSL,19,9.0,4.0,8.0,0.5,0.0,0.09090909,0.18181818,-0.09090909,0.25,1.8888888888888888,0.28125,0.47058824,7.0,6.36223488913642,0.6377651108635796,7.711448777384229,sa3076484
Jhoriel De La Rosa,CHW,DSL,19,8.0,11.25,7.875,1.42857143,1.125,0.20408163,0.14285714,0.06122449,0.36585366,2.75,0.46666667,0.41666667,9.0,6.709457111358643,2.2905428886413572,6.060227869823575,sa3076485
Ronelbi Garcia,MIA,DSL,19,5.0,16.2,18.0,0.9,0.0,0.28125,0.3125,-0.03125,0.23809524,3.0,0.41666667,0.375,18.0,7.584457111358643,10.415542888641358,8.10486818253994,sa3076486
Charlis Medina,ATL,DSL,21,9.0,16.0,10.0,1.6,0.0,0.37209302,0.23255814,0.13953488,0.1875,1.7777777777777777,0.375,0.47058824,7.0,4.6955682224697535,2.3044317775302465,5.7556648489501745,sa3076487
Derlin Rojas,NYM,DSL,18,9.1,16.392862726232913,9.642860427195831,1.7,0.0,0.34693878,0.20408163,0.14285714,0.18918919,1.821429191803657,0.35,0.52631579,3.8571441708783323,4.798742898629661,-0.9415987277513289,5.077534638861257,sa3076488
Frank Quiroz,SFG,DSL,19,4.0,15.75,27.0,0.58333333,0.0,0.23333333,0.4,-0.16666667,0.26666667,4.0,0.5,0.57894737,15.75,12.334457111358642,3.415542888641358,12.768133004009723,sa3076489
Deyvi Almonte,ARI,DSL,18,6.1,7.105266724268624,11.368426758829798,0.625,1.4210533448537248,0.14285714,0.22857143,-0.08571429,0.38461538,2.8421066897074496,0.45,0.73863636,7.105266724268624,9.321301594204392,-2.2160348699357684,7.953420738120394,sa3076490
Mario Garcia,COL,DSL,17,4.0,4.5,9.0,0.5,0.0,0.08,0.16,-0.08,0.31578947,2.5,0.35294118,0.41666667,11.25,8.084457111358642,3.165542888641358,9.385484789311885,sa3076491
Herkyn Taveras,MIN,DSL,17,6.1,5.684213379414899,2.8421066897074496,2.0,0.0,0.12903226,0.06451613,0.06451613,0.26923077,1.4210533448537248,0.31818182,0.41666667,8.526320069122349,5.6897208240226504,2.8365992450996984,6.374472577171811,sa3076492
Rafael Mejias,WSN,DSL,21,5.1,15.187509052460822,6.75000402331592,2.25,0.0,0.45,0.2,0.25,0.125,1.1250006705526534,0.28571429,1.0,0.0,3.4594564408059894,-3.4594564408059894,3.6220849974843183,sa3076493
Olyver Rosas,KCR,DSL,19,8.0,4.5,5.625,0.8,0.0,0.1025641,0.12820513,-0.02564103,0.29411765,1.875,0.33333333,0.46666667,5.625,5.459457111358643,0.16554288864135724,6.218389923498035,sa3076494
Samuel Orellana,TOR,DSL,17,1.0,18.0,0.0,2.0,0.0,0.25,0.0,0.25,0.5,4.0,0.66666667,0.25,18.0,0.5844571113586428,17.415542888641358,4.053864252567291,sa3076532
Jackson Hauge,NYM,A,25,2.0,4.5,0.0,1.0,0.0,0.125,0.0,0.125,0.25,1.0,0.28571429,1.0,0.0,2.747079086303711,-2.747079086303711,5.095795922726393,sa3076547
Fabian Ulloa,MIN,DSL,17,1.0,0.0,0.0,0.0,0.0,0.0,0.0,0.0,0.25,1.0,0.25,1.0,0.0,4.584457111358643,-4.584457111358643,7.186512467265129,sa3076625
Sebastian Mireles,ARI,DSL,17,2.0,0.0,0.0,0.0,0.0,0.0,0.0,0.0,0.14285714,0.5,0.14285714,1.0,0.0,4.584457111358643,-4.584457111358643,6.752836574614048,sa3076683
Reillin Aquino,ATL,DSL,18,0.1,27.00026956469727,0.0,1.0,0.0,1.0,0.0,1.0,0.0,0.0,0.0,1.0,0.0,-1.4156027919074177,1.4156027919074177,-1.4156027919074177,sa3076711
Nestor Perez,CHW,DSL,19,0.1,0.0,27.00026956469727,0.0,0.0,0.0,0.2,-0.2,0.75,12.00011980653212,0.75,0.25,81.00080869409182,13.584546966257733,67.41626172783408,21.390790969784337,sa3076712
Alexander De Los Santos,CHW,DSL,17,9.2,7.448273412680326,4.655170882925203,1.6,0.0,0.16,0.1,0.06,0.24444444,1.6551718694845168,0.2972973,0.5,6.517239236095285,4.48100886951586,2.0362303665794244,5.288543024754224,sa3076943
Luis Diaz,CHC,DSL,17,9.0,11.0,7.0,1.57142857,1.0,0.275,0.175,0.1,0.21212121,1.5555555555555556,0.28571429,0.71428571,5.0,5.917790444691976,-0.9177904446919758,5.244325364960565,sa3076944
Arnaldo Tejeda,NYM,DSL,18,8.0,6.75,12.375,0.54545455,0.0,0.11111111,0.2037037,-0.09259259,0.38461538,3.25,0.45454545,0.4,18.0,8.709457111358642,9.290542888641358,10.335741708800196,sa3076945
Ismael Sanchez,TBR,DSL,20,9.1,6.750002299037082,1.9285720854391661,3.5,0.9642860427195831,0.15555556,0.04444444,0.11111111,0.36585366,1.821429191803657,0.42424242,0.51136364,9.642860427195831,5.763028941349244,3.879831485846587,5.671199445168405,sa3076946
Luis Aguayo,MIL,DSL,18,5.0,12.6,3.6,3.5,0.0,0.35,0.1,0.25,0.11111111,0.8,0.18181818,0.75,1.8,2.9844571113586427,-1.1844571113586426,3.851808896660805,sa3076947
Jefferson Lopez,PIT,DSL,20,7.2,7.043475340355856,4.695650226903904,1.5,0.0,0.22222222,0.14814815,0.07407407,0.09090909,0.7826083711506507,0.125,0.85714286,1.173912556725976,4.975761296933968,-3.8018487402079923,5.767690859495557,sa3076948
Albieris Polanco,SDP,DSL,20,11.0,9.0,2.4545454545454546,3.66666667,0.8181818181818182,0.23913043,0.06521739,0.17391304,0.23809524,1.1818181818181819,0.3,0.79365079,3.272727272727273,4.857184384085915,-1.5844571113586423,4.621568149870092,sa3076949
Jodarlin Perez,NYM,DSL,18,7.1,11.045459692638211,6.136366495910117,1.8,0.0,0.25714286,0.14285714,0.11428572,0.23333333,1.6363643989093646,0.33333333,0.5,7.363639795092141,4.175366011631302,3.188273783460839,5.239843698730504,sa3076950
Alfredo Guzman,ARI,DSL,21,7.2,9.391300453807808,7.043475340355856,1.33333333,0.0,0.23529412,0.17647059,0.05882353,0.25,1.6956514708264099,0.35,0.76923077,3.521737670177928,4.84532656840886,-1.3235888982309314,5.976654514925416,sa3076951
Hicter Ruiz,BOS,DSL,18,12.2,4.973682962296395,2.842104549883654,1.75,0.7105261374709135,0.11864407,0.06779661,0.05084746,0.29090909,1.5789469721575857,0.31914894,0.59139785,5.684209099767308,5.452877946045315,0.2313311537219933,5.79606488934121,sa3076952
Olmedo Barria,NYM,DSL,19,12.0,10.5,3.0,3.5,0.0,0.29787234,0.08510638,0.21276596,0.125,0.75,0.19230769,0.66666667,3.0,4.00112377802531,-1.0011237780253097,4.21796172435085,sa3076953
Jorge Miranda,PHI,DSL,17,6.0,4.5,4.5,1.0,3.0,0.09090909,0.09090909,0.0,0.5,3.0,0.52,0.72368421,10.5,9.417790444691976,1.0822095553080242,7.1082779437303545,sa3076954
Jose Tovar,PHI,DSL,17,0.1,27.00026956469727,0.0,1.0,0.0,1.0,0.0,1.0,0.0,0.0,0.0,1.0,0.0,-1.4156027919074177,1.4156027919074177,-1.4156027919074177,sa3076955
Dalvin Marte,COL,DSL,18,6.2,5.399997425080573,5.399997425080573,1.0,2.6999987125402867,0.125,0.125,0.0,0.28,1.6499992132190642,0.26315789,0.80357143,6.749996781350717,10.434454321862598,-3.6844575405118807,7.965585944859345,sa3076956
Maximin Medina,WSN,DSL,18,11.1,10.323532307437533,2.382353609408662,4.33333333,0.0,0.29545455,0.06818182,0.22727273,0.17073171,0.8823531886698747,0.25,0.8,1.5882357396057745,3.084456690619856,-1.4962209510140814,3.4671119973497913,sa3076957
Randy Soto,SDP,DSL,18,7.1,9.81818607425086,6.136366296406788,1.6,0.0,0.21052632,0.13157895,0.07894737,0.35483871,2.1818191276113024,0.47826087,0.44444444,8.590912814969503,5.266275588737175,3.324637226232328,5.857652062343446,sa3076958
Domingo Mejía,STL,DSL,19,3.1,8.100008304127623,18.900019376297788,0.42857143,0.0,0.125,0.29166667,-0.16666667,0.4,3.9000039982836707,0.5,0.33333333,21.60002214434033,10.884463570124572,10.715558574215757,12.185492581892614,sa3076959
Francisco Coronado,TEX,DSL,17,0.0,0.0,18.0,0.0,0.0,0.0,0.5,-0.5,1.0,3.0,1.0,0.0,36.0,13.584457111358642,22.415542888641358,13.584457111358642,sa3076960
David Victorino,PHI,DSL,19,5.2,11.117640821994993,14.294109628279278,0.77777778,1.588234403142142,0.1627907,0.20930233,-0.04651163,0.33333333,3.3529392955222996,0.40909091,0.32407407,15.88234403142142,11.290335702403242,4.592008329018178,10.220715293458948,sa3076961
Jean Ballesteros,TEX,DSL,18,9.1,7.714288341756665,3.8571441708783323,2.0,0.9642860427195831,0.17391304,0.08695652,0.08695652,0.26829268,1.6071434045326385,0.3125,0.2739726,4.821430213597916,5.870171834984753,-1.0487416213868377,5.499550598572318,sa3076962
Juan Ramirez,HOU,DSL,19,6.1,8.526320069122349,7.105266724268624,1.2,0.0,0.23076923,0.19230769,0.03846154,0.0952381,1.1052637126640081,0.13333333,0.57142857,0.0,5.058141559643218,-5.058141559643218,6.016794014052041,sa3076963
Frandy Lora,NYM,DSL,18,6.2,9.449995493891004,9.449995493891004,1.0,0.0,0.21875,0.21875,0.0,0.20833333,1.7999991416935246,0.29411765,0.46153846,9.449995493891004,6.0844563961032465,3.3655390977877575,7.255380747920925,sa3076964
Cristopher Silvestre,BOS,DSL,17,6.0,4.5,13.5,0.33333333,3.0,0.075,0.225,-0.15,0.32142857,3.0,0.30434783,0.21978022,22.5,13.917790444691978,8.582209555308022,10.451808896660804,sa3076965
Christian Rojas,BAL,DSL,18,7.2,5.86956278362988,9.391300453807808,0.625,0.0,0.12195122,0.19512195,-0.07317073,0.3,2.2173903849268437,0.36,0.6,5.86956278362988,7.584455867436137,-1.714893083806257,8.26325263534607,sa3076966
Sammy Zarraga,DET,DSL,20,13.1,10.125002413988689,3.3750008046628963,3.0,0.0,0.25423729,0.08474576,0.16949153,0.20754717,1.200000286102363,0.28947368,0.52941176,3.3750008046628963,3.6844568967818705,-0.3094560921189742,4.790330686702985,sa3076967
Darlin Mejia,PIT,DSL,18,3.2,7.363629500734405,24.54543166911468,0.3,0.0,0.11538462,0.38461538,-0.26923077,0.33333333,4.09090527818578,0.41666667,0.6875,12.27271583455734,11.948086612093046,0.32462922246429393,13.603938477143402,sa3076968
Michael Castillo,PIT,DSL,21,7.2,10.565213010533785,15.26086323743769,0.69230769,0.0,0.23076923,0.33333333,-0.1025641,0.03846154,1.8260861993515183,0.05882353,0.57142857,2.347825113451952,7.32358641038592,-4.9757612969339675,8.568047151554133,sa3076969
Emiliano Mache,ARI,DSL,18,4.1,2.0769246005458837,6.230773801637651,0.33333333,0.0,0.04545455,0.13636364,-0.09090909,0.33333333,2.0769246005458837,0.35294118,0.4,12.461547603275301,6.89215111196518,5.569396491310121,8.2932588699152,sa3076970
Enmanuel Mena,MIN,DSL,18,4.2,11.571420689023775,3.8571402296745916,3.0,3.8571402296745916,0.24,0.08,0.16,0.38095238,2.142855683152551,0.46153846,0.43478261,15.428560918698366,10.155881887555275,5.272679031143092,6.257205843543167,sa3076971
Antonio Gonzalez,CLE,DSL,18,8.2,5.1923057877812795,7.269228102893791,0.71428571,1.038461157556256,0.14285714,0.2,-0.05714286,0.14285714,1.2692303036798684,0.13636364,0.83333333,3.1153834726687677,7.3536868648419915,-4.238303392173224,6.954556584894851,sa3076972
Deiker Rojas,CLE,DSL,20,6.0,12.0,4.5,2.66666667,1.5,0.26666667,0.1,0.16666667,0.26923077,1.6666666666666667,0.35294118,0.3125,10.5,6.084457111358643,4.415542888641357,4.785142229994138,sa3076973
Amin Ramirez,WSN,DSL,19,6.1,7.105266724268624,5.684213379414899,1.25,0.0,0.16129032,0.12903226,0.03225806,0.2962963,1.8947377931382998,0.36363636,0.58333333,7.105266724268624,4.900246743548359,2.205019980720265,6.269750249846679,sa3076974
Elian Guzman,TOR,DSL,18,6.1,14.210533448537248,11.368426758829798,1.25,0.0,0.3125,0.25,0.0625,0.25,2.2105274253280163,0.42857143,0.78571429,4.263160034561174,5.216036375738076,-0.9528763411769017,5.9007881288872355,sa3076975
Ruben Torres,CHC,DSL,19,8.0,14.625,11.25,1.3,0.0,0.36111111,0.27777778,0.08333333,0.11538462,1.625,0.23076923,0.69230769,4.5,5.084457111358643,-0.5844571113586428,5.409714030846954,sa3076976
Adrian Rumardo,KCR,DSL,19,5.1,15.187509052460822,5.06250301748694,3.0,0.0,0.45,0.15,0.3,0.05882353,0.7500004470351023,0.125,0.75,1.68750100582898,2.8969561055296627,-1.2094550997006825,3.2222132188863206,sa3076977
Esmerbin Guerrero,CHC,DSL,18,6.1,5.684213379414899,8.526320069122349,0.66666667,0.0,0.15384615,0.23076923,-0.07692308,0.15789474,1.4210533448537248,0.2,0.7,4.263160034561174,6.637089720591801,-2.3739296860306265,7.047940772481297,sa3076978
Cristian Ron,HOU,DSL,19,8.0,7.875,9.0,0.875,0.0,0.21212121,0.24242424,-0.03030303,0.08,1.25,0.11111111,0.7,3.375,5.834457111358643,-2.4594571113586428,7.135484789311886,sa3076979
Wilmer Duarte,MIL,DSL,18,7.2,8.217387897081833,16.434775794163667,0.5,0.0,0.14583333,0.29166667,-0.14583333,0.22580645,2.7391292990272773,0.29166667,0.41666667,15.26086323743769,9.410542066787656,5.850321170650034,10.655002807955867,sa3076980
Joel Jimenez,HOU,DSL,18,9.0,11.0,6.0,1.83333333,1.0,0.26190476,0.14285714,0.11904762,0.25714286,1.6666666666666667,0.34782609,0.34246575,9.0,5.917790444691976,3.082209555308024,5.051580523782307,sa3076981
Dioscaride Sarit,SDP,DSL,17,9.0,11.0,14.0,0.78571429,2.0,0.21153846,0.26923077,-0.05769231,0.21052632,2.4444444444444446,0.24,0.15625,13.0,9.695568222469753,3.3044317775302474,7.866775960061285,sa3076982
Dennison Rodriguez,PIT,DSL,17,9.0,10.0,6.0,1.66666667,0.0,0.22727273,0.13636364,0.09090909,0.27777778,1.7777777777777777,0.38461538,0.5,7.0,5.028901555803087,1.9710984441969126,5.89625334110525,sa3076983
Wensloby Jhon,OAK,DSL,18,9.1,5.785716256317499,8.678574384476248,0.66666667,1.9285720854391661,0.13636364,0.20454545,-0.06818182,0.26470588,1.9285720854391661,0.26923077,0.74074074,4.821430213597916,9.29874443132105,-4.4773142177231335,7.628196157724192,sa3076984
Yenderberth Rivas,COL,DSL,17,7.2,9.391300453807808,8.217387897081833,1.14285714,0.0,0.21621622,0.18918919,0.02702703,0.21428571,1.6956514708264099,0.3,0.46666667,8.217387897081833,6.019239125134836,2.1981487719469976,7.037434276999736,sa3076985
Pietro Albanez-Rienzo,PIT,DSL,18,11.0,4.909090909090909,3.272727272727273,1.5,0.0,0.14285714,0.0952381,0.04761905,0.13513514,0.8181818181818182,0.16129032,0.8,0.8181818181818182,4.857184384085915,-4.039002565904097,6.118786980889061,sa3076986
Frelian Flores,TOR,DSL,17,0.1,0.0,0.0,0.0,0.0,0.0,0.0,0.0,0.0,0.0,0.0,1.0,0.0,4.584457111358643,-4.584457111358643,4.584457111358643,sa3076987
Adrian Moreta,TOR,DSL,17,1.1,6.750016696792419,20.250050090377258,0.33333333,0.0,0.08333333,0.25,-0.16666667,0.375,4.500011131194946,0.42857143,0.42857143,20.250050090377258,12.084475663350219,8.165574427027039,13.385506559524064,sa3076988
Franiel Severino,TOR,DSL,17,8.0,10.125,6.75,1.5,0.0,0.25,0.16666667,0.08333333,0.17857143,1.375,0.26315789,0.76923077,1.125,5.334457111358643,-4.209457111358643,6.4186468429863455,sa3076989
Jeremy Jimenez,MIN,DSL,17,5.0,5.4,16.2,0.33333333,0.0,0.10714286,0.32142857,-0.21428571,0.22222222,2.6,0.26666667,0.07142857,21.6,9.384457111358643,12.215542888641359,10.772219967842101,sa3076990
Jordan Beltrán,STL,DSL,17,5.0,12.6,9.0,1.4,0.0,0.23333333,0.16666667,0.06666667,0.22727273,2.0,0.33333333,0.38461538,14.4,6.584457111358643,7.815542888641358,7.451808896660805,sa3076991
Juan Villamizar,COL,DSL,17,11.0,7.363636363636363,4.090909090909091,1.8,0.0,0.2195122,0.12195122,0.09756098,0.13888889,0.9090909090909091,0.18518519,0.7,2.4545454545454546,4.31172983863137,-1.8571843840859157,5.100231461633336,sa3076992
Yeremi Mendez,COL,DSL,17,4.0,9.0,22.5,0.4,2.25,0.12121212,0.3030303,-0.18181818,0.47619048,5.0,0.5625,0.48543689,20.25,14.834457111358642,5.415542888641358,12.668646842986345,sa3076993
Miguel Vargas,COL,DSL,17,5.2,1.588234403142142,7.94117201571071,0.2,3.176468806284284,0.04,0.2,-0.16,0.16666667,1.4117639139041263,0.06666667,0.41666667,6.352937612568568,12.525629127069353,-6.172691514500785,9.314954351924593,sa3076994
Sebastian Rivas,NYY,DSL,17,2.2,16.87497837471753,6.749991349887012,2.5,0.0,0.38461538,0.15384615,0.23076923,0.09090909,1.124998558314502,0.16666667,0.0,0.0,3.0844590336059734,-3.0844590336059734,4.060228541622415,sa3076995
Garvell Pinales,KCR,DSL,17,5.1,5.06250301748694,8.437505029144901,0.6,0.0,0.11538462,0.19230769,-0.07692308,0.26315789,1.8750011175877557,0.3125,0.75,5.06250301748694,7.396958787740276,-2.334455770253336,7.884844457775263,sa3076996
Javier Martínez,STL,DSL,17,3.1,2.700002768042541,5.400005536085082,0.5,2.700002768042541,0.0625,0.125,-0.0625,0.35714286,2.1000021529219763,0.33333333,0.89285714,5.400005536085082,9.684462339883442,-4.28445680379836,7.6058989580750325,sa3076997
Jesus Miranda,DET,DSL,17,7.0,5.142857142857143,7.714285714285714,0.66666667,0.0,0.13793103,0.20689655,-0.06896552,0.18181818,1.4285714285714286,0.22222222,0.72727273,2.5714285714285716,6.4415999685014995,-3.870171397072928,7.1850443559033526,sa3076998
Brandon Rodriguez,NYY,DSL,19,5.0,7.2,10.8,0.66666667,5.4,0.12903226,0.19354839,-0.06451613,0.41666667,3.2,0.41176471,0.3125,23.4,14.984457111358644,8.415542888641355,9.092631039023399,sa3076999
Marcos Veras,MIL,DSL,17,9.0,10.0,9.0,1.11111111,2.0,0.20833333,0.1875,0.02083333,0.33333333,2.3333333333333335,0.41666667,0.61320755,10.0,9.25112377802531,0.7488762219746903,7.807821197973357,sa3077000
Luis Martinez,CHC,DSL,19,11.0,6.545454545454546,4.090909090909091,1.6,0.0,0.17391304,0.10869565,0.06521739,0.26829268,1.4545454545454546,0.33333333,0.75,3.272727272727273,4.493548020449552,-1.220820747722279,5.6763004549525,sa3077001
Jefferson Timaure,CHW,DSL,17,6.1,8.526320069122349,8.526320069122349,1.0,0.0,0.2,0.2,0.0,0.26086957,1.8947377931382998,0.35294118,0.46153846,9.947373413976074,6.005510456212368,3.941862957763706,6.827212559991359,sa3077002
Jordy Brache,MIL,DSL,16,4.2,5.785710344511887,17.357131033535662,0.33333333,0.0,0.09090909,0.27272727,-0.18181818,0.43478261,4.071425797989846,0.5,0.45,17.357131033535662,9.727310750924765,7.629820282610897,10.842476572381115,sa3077003
Jose Romero,PHI,DSL,17,6.2,13.499993562701434,4.04999806881043,3.33333333,0.0,0.33333333,0.1,0.23333333,0.25925926,1.4999992847446038,0.41176471,0.5,5.399997425080573,2.934457898139579,2.4655395269409945,4.105382249957257,sa3077004
Isaac Mendez,ARI,DSL,20,8.0,14.625,6.75,2.16666667,1.125,0.38235294,0.17647059,0.20588235,0.17857143,1.375,0.28571429,0.52083333,6.75,5.209457111358643,1.5405428886413572,4.234970950335264,sa3077005
Luis Mirabal,PHI,DSL,18,3.1,13.500013840212706,2.700002768042541,5.0,0.0,0.29411765,0.05882353,0.23529412,0.13333333,0.9000009226808471,0.2,0.0,2.700002768042541,3.384455881117513,-0.684453113074972,4.165073288178339,sa3077006
Erlyn Lauriano,CHW,DSL,17,8.1,6.480002471924771,5.400002059937309,1.2,0.0,0.13333333,0.11111111,0.02222222,0.31578947,2.040000778198539,0.375,0.47368421,8.640003295899694,5.664457523346105,2.9755457725535894,7.017526824572454,sa3077007
Ronald Kelly,CHW,DSL,17,8.2,10.384611575562559,6.230766945337535,1.66666667,1.038461157556256,0.24390244,0.14634146,0.09756098,0.23529412,1.615384022865287,0.30434783,0.66176471,5.1923057877812795,6.19984113422393,-1.0075353464426504,5.900789869718274,sa3077008
Felipe Alcazar,TBR,DSL,17,5.0,10.8,12.6,0.85714286,0.0,0.25,0.29166667,-0.04166667,0.17647059,2.0,0.27272727,0.5,7.2,6.384457111358643,0.8155428886413576,6.731397825479508,sa3077009
Christopher Green,COL,DSL,17,6.2,4.04999806881043,1.3499993562701433,3.0,0.0,0.09090909,0.03030303,0.06060606,0.36666667,1.7999991416935246,0.40740741,0.57142857,6.749996781350717,5.034456896782024,1.7155398845686927,6.205381248599703,sa3077010
Jeyver Manaure,ARI,DSL,19,13.2,9.8780464828197,0.6585364321879801,15.0,0.0,0.30612245,0.02040816,0.28571429,0.16666667,0.6585364321879801,0.24242424,0.55555556,2.6341457287519203,2.6088478147947027,0.025297913957217588,3.4338895650038017,sa3077011
D'wichi Ramirez,PHI,DSL,17,6.2,12.149994206431291,4.04999806881043,3.0,1.3499993562701433,0.27272727,0.09090909,0.18181818,0.36666667,2.0999989986424454,0.5,0.63492063,8.09999613762086,5.184456825256484,2.915539312364375,4.5354848126636975,sa3077012
Jose Belisario,ARI,DSL,22,7.0,9.0,6.428571428571429,1.4,0.0,0.21212121,0.15151515,0.06060606,0.32142857,2.0,0.42857143,0.85714286,2.5714285714285716,4.727314254215786,-2.1558856827872144,5.594666039517948,sa3077013
Johan Rengifo,SFG,DSL,17,1.2,5.399989314100431,21.599957256401723,0.25,0.0,0.07142857,0.28571429,-0.21428571,0.5,5.399989314100431,0.55555556,0.44444444,26.999946570502154,10.5844452381369,16.415501332365253,11.625265320847479,sa3077014
Luis Encarnacion,CIN,DSL,17,9.2,6.517239236095285,4.655170882925203,1.4,0.0,0.1372549,0.09803922,0.03921569,0.34782609,2.1724130786984284,0.41025641,0.52380952,7.448273412680326,4.687905353201425,2.7603680594789006,5.674891542937202,sa3077015
Jerlin Madera,KCR,DSL,19,8.0,6.75,4.5,1.5,0.0,0.16666667,0.11111111,0.05555556,0.34375,1.875,0.42307692,0.66666667,4.5,4.584457111358643,-0.08445711135864276,5.451808896660805,sa3077016
Carlos Martinez,SEA,DSL,19,6.1,8.526320069122349,11.368426758829798,0.75,0.0,0.1875,0.25,-0.0625,0.09090909,1.5789481609485831,0.125,0.75,2.8421066897074496,7.426563801066092,-4.584457111358643,8.385216255474916,sa3077017
German Arvayo,SEA,DSL,19,10.1,8.709680098773617,4.354840049386809,2.0,0.8709680098773618,0.19230769,0.09615385,0.09615385,0.30434783,1.8387102430744304,0.37142857,0.64516129,5.22580805926417,5.6489735678754185,-0.42316550861124824,5.566030799865319,sa3077018
Roberto Geraldo,BAL,DSL,17,6.2,10.799994850161147,6.749996781350717,1.6,0.0,0.25,0.15625,0.09375,0.125,1.199999427795683,0.1875,0.90909091,0.0,5.784456539154325,-5.784456539154325,6.825278185214485,sa3077019
Kelvin Herrera,HOU,DSL,18,3.1,10.800010782491006,5.400005391245503,2.0,0.0,0.26666667,0.13333333,0.13333333,0.15384615,1.2000011980545562,0.22222222,0.5,5.400005391245503,3.9844565123313647,1.4155488789141382,5.285485489203055,sa3077020
Yosangel Braffit,MIN,DSL,18,7.2,9.391300453807808,14.086950680711713,0.66666667,1.173912556725976,0.17391304,0.26086957,-0.08695652,0.33333333,2.9999987560774946,0.41666667,0.61946903,9.391300453807808,9.280107338262546,0.11119311554526234,8.828916608604349,sa3077021
Jehiber Fernandez,TEX,DSL,17,8.1,12.960004943849542,7.560002883912233,1.71428571,2.1600008239749235,0.29268293,0.17073171,0.12195122,0.3030303,2.040000778198539,0.42105263,0.72368421,7.560002883912233,7.704458301544644,-0.1444554176324111,5.833444158644504,sa3077022
Manuel Gamez,TEX,DSL,17,11.2,9.257140334772291,2.314285083693073,4.0,0.7714283612310243,0.27906977,0.06976744,0.20930233,0.13157895,0.6857140988720216,0.16,0.93023256,1.5428567224620486,4.927314160794653,-3.3844574383326043,4.482128516474068,sa3077023
Christopher Romero,CHW,DSL,17,1.2,10.799978628200861,26.999946570502154,0.4,0.0,0.10526316,0.26315789,-0.15789474,0.61538462,7.799984564811734,0.72727273,0.21428571,59.39988245510474,12.9844404888482,46.41544196625654,15.06608065426936,sa3077024
Jeyson Bautista,TEX,DSL,19,8.1,5.400002059937309,11.880004531862081,0.45454545,1.0800004119874618,0.1,0.22,-0.12,0.32432432,2.760001052856847,0.35483871,0.38135593,11.880004531862081,9.624459033966797,2.255545497895284,9.313445486159658,sa3077025
Dalvin Taveras,NYY,DSL,18,8.2,10.384611575562559,7.269228102893791,1.42857143,0.0,0.21276596,0.14893617,0.06382979,0.35135135,2.307691461236124,0.48148148,0.43478261,7.269228102893791,5.738302841976704,1.530925260917087,6.338776934625617,sa3077026
Angel Rodriguez,LAD,DSL,21,3.0,15.0,12.0,1.25,0.0,0.29411765,0.23529412,0.05882353,0.16666667,2.0,0.28571429,0.28571429,12.0,6.25112377802531,5.74887622197469,6.8293583015600845,sa3077027
Cesar Mora,KCR,DSL,19,5.1,6.75000402331592,3.37500201165796,2.0,0.0,0.16666667,0.08333333,0.08333333,0.27272727,1.5000008940702045,0.33333333,0.5,6.75000402331592,4.209456887841092,2.540547135474829,5.510485341267723,sa3077028
Luis Acevedo,MIA,DSL,17,6.2,10.799994850161147,16.19999227524172,0.66666667,1.3499993562701433,0.19512195,0.29268293,-0.09756098,0.2173913,2.5499987840658265,0.28571429,0.41666667,14.849992918971576,12.234453463556122,2.6155394554154547,11.065070627933256,sa3077029
Josbel Torrez,NYM,DSL,19,7.2,9.391300453807808,7.043475340355856,1.33333333,1.173912556725976,0.23529412,0.17647059,0.05882353,0.25925926,1.6956514708264099,0.33333333,0.55555556,8.217387897081833,6.932282224810595,1.2851056722712384,6.367958700500742,sa3077030
Santiago Guerrero,SFG,DSL,18,9.2,10.241375942435448,5.586205059510244,1.83333333,0.9310341765850407,0.25,0.13636364,0.11363636,0.18918919,1.3448271439561699,0.24,0.79365079,3.724136706340163,5.82583601347203,-2.1016993071318675,5.378269042002931,sa3077031
Michael Moreno,LAA,DSL,17,3.2,14.72725900146881,17.181802168380276,0.85714286,2.4545431669114683,0.25,0.29166667,-0.04166667,0.29411765,3.272724222548624,0.4,0.47169811,9.818172667645873,10.584451519364453,-0.7662788517185799,8.4583018768847,sa3077032
Braylin Moreno,WSN,DSL,20,5.2,9.529406418852851,9.529406418852851,1.0,0.0,0.21428571,0.21428571,0.0,0.05555556,1.2352934246661105,0.08333333,0.72727273,3.176468806284284,7.760925917642927,-4.584457111358644,8.679297881005361,sa3077033
Oscar Borges,PIT,DSL,17,2.0,4.5,0.0,1.0,0.0,0.125,0.0,0.125,0.0,0.0,0.0,0.0,0.0,5.084457111358643,-5.084457111358643,6.385484789311886,sa3077048
Víctor Gonzalez,TEX,DSL,17,0.1,0.0,0.0,0.0,0.0,0.0,0.0,0.0,0.0,0.0,0.0,1.0,0.0,4.584457111358643,-4.584457111358643,7.186538445867511,sa3077054
Luis Palencia,CHC,DSL,18,0.0,0.0,0.0,0.0,0.0,0.0,0.0,0.0,1.0,1.0,1.0,0.0,0.0,4.584457111358643,-4.584457111358643,4.584457111358643,sa3077058
Reid Clague,CIN,CPX,19,5.1,10.12500603497388,3.37500201165796,3.0,0.0,0.25,0.08333333,0.16666667,0.28571429,1.5000008940702045,0.4,0.44444444,8.437505029144901,4.255167816579142,4.182337212565759,5.931430636540046,sa3077200
Martires Polanco,ATL,DSL,19,10.2,16.031245222316617,6.749997988343838,2.375,0.0,0.42222222,0.17777778,0.24444445,0.13513514,1.218749636784304,0.27777778,0.53846154,1.6874994970859596,3.2719575025140077,-1.5844580054280482,3.3532717081525636,sa3077201
Frederi Altagracia,HOU,DSL,18,9.2,7.448273412680326,0.9310341765850407,8.0,0.0,0.21052632,0.02631579,0.18421053,0.17647059,0.7241376928994762,0.23076923,0.8,0.9310341765850407,4.170664143987514,-3.239629967402473,4.529568212982342,sa3077202
Adam Bogosian,WSN,CPX,23,6.2,8.09999613762086,2.6999987125402867,3.0,0.0,0.24,0.08,0.16,0.13043478,0.7499996423723019,0.17647059,1.0,0.0,3.229102849960123,-3.229102849960123,4.304874179144259,sa3077203
Yeuri Ramirez,DET,DSL,19,2.1,3.85714850621175,11.57144551863525,0.33333333,0.0,0.07142857,0.21428571,-0.14285714,0.55555556,3.4285764499659996,0.625,0.4,11.57144551863525,10.155893842553393,1.415551676081856,11.271062056899503,sa3077204
Fenuel James,CHC,DSL,23,9.0,11.0,6.0,1.83333333,1.0,0.28205128,0.15384615,0.12820513,0.15151515,1.2222222222222223,0.19047619,0.625,4.0,5.584457111358643,-1.5844571113586428,4.525502349270715,sa3077205
Evington Gascon,TOR,DSL,17,3.0,9.0,6.0,1.5,0.0,0.25,0.16666667,0.08333333,0.2,1.3333333333333333,0.28571429,1.0,0.0,4.584457111358643,-4.584457111358643,5.740926158428192,sa3077206
Manuel Parra,TOR,DSL,19,6.0,7.5,12.0,0.625,0.0,0.13888889,0.22222222,-0.08333333,0.33333333,2.8333333333333335,0.40909091,0.44444444,12.0,7.417790444691976,4.582209555308024,7.996024968226751,sa3077207
Oswal Hernandez,CHC,DSL,16,3.2,7.363629740137746,9.818172986850328,0.75,0.0,0.2,0.26666667,-0.06666667,0.18181818,1.6363621644750546,0.25,0.83333333,2.454543246712582,6.220819275833698,-3.7662760291211157,7.4035706464656545,sa3077208
Jhosued Marcano,CHC,DSL,17,9.0,15.0,4.0,3.75,0.0,0.41666667,0.11111111,0.30555556,0.1875,1.1111111111111112,0.35294118,0.9,1.0,2.5844571113586428,-1.5844571113586428,2.87357437312603,sa3077209
Victor De La Cruz,LAA,DSL,18,12.2,6.394735237238222,2.842104549883654,2.25,0.7105261374709135,0.18367347,0.08163265,0.10204082,0.22222222,1.10526288051031,0.25714286,0.79365079,2.842104549883654,5.137088551613798,-2.2949840017301435,4.932474504830362,sa3077210
Josue Castro,ATL,DSL,17,2.1,0.0,15.428594024847,0.0,0.0,0.0,0.4,-0.4,0.0,1.7142882249829998,0.0,1.0,0.0,9.727321786307641,-9.727321786307641,11.585935476884492,sa3077211
Yanixan Resendiz,MIA,DSL,17,9.1,13.500004598074163,4.821430213597916,2.8,0.0,0.36842105,0.13157895,0.23684211,0.15151515,1.0714289363550924,0.26315789,0.4,3.8571441708783323,3.191599494097023,0.6655446767813094,3.4703912343286185,sa3077212
Tomoya Kinjo,TOR,DSL,23,7.0,5.142857142857143,10.285714285714286,0.5,0.0,0.11428571,0.22857143,-0.11428571,0.18518519,1.8571428571428572,0.2173913,0.46153846,5.142857142857143,6.870171397072929,-1.727314254215786,7.365800988674165,sa3077213
Santiago De Freitas,DET,DSL,17,5.2,9.529406418852851,4.7647032094264254,2.0,0.0,0.22222222,0.11111111,0.11111111,0.33333333,1.9411753816181734,0.44444444,0.63636364,6.352937612568568,4.055045643644595,2.297891968923973,5.126479600900768,sa3077214
Luis Espinoza,MIA,DSL,18,7.0,14.142857142857142,2.5714285714285716,5.5,1.2857142857142858,0.42307692,0.07692308,0.34615385,0.20833333,1.0,0.33333333,0.71428571,3.857142857142857,4.155885682787214,-0.2987428256443567,2.794372417245593,sa3077215
Alejandro Martinez,COL,DSL,17,3.2,14.72725900146881,2.4545431669114683,6.0,0.0,0.4,0.06666667,0.33333333,0.14285714,0.818181055637156,0.25,0.66666667,0.0,2.1299139444471744,-2.1299139444471744,2.6030144773187045,sa3077232
Jabes Martinez,PIT,DSL,19,8.1,6.480002471924771,9.720003707887157,0.66666667,1.0800004119874618,0.15789474,0.23684211,-0.07894737,0.20689655,1.8000006866457698,0.22727273,0.73529412,5.400002059937309,7.944458393097413,-2.5444563331601042,7.321198083468808,sa3077233
Felix Bello,COL,DSL,19,1.2,0.0,10.799978628200861,0.0,5.399989314100431,0.0,0.2,-0.2,0.42857143,2.999994063389128,0.33333333,0.86956522,10.799978628200861,17.784430990270806,-6.984452362069945,11.545676549524941,sa3077234
Baldwin Moreno,CIN,DSL,18,4.0,6.75,15.75,0.42857143,0.0,0.13043478,0.30434783,-0.17391304,0.4375,3.5,0.53846154,0.57142857,13.5,8.334457111358642,5.165542888641358,9.418646842986345,sa3077235
Raibel Reyes,TBR,DSL,17,4.2,5.785710344511887,7.714280459349183,0.75,0.0,0.13043478,0.17391304,-0.04347826,0.27777778,1.9285701148372958,0.33333333,0.6,7.714280459349183,6.5130272261959385,1.2012532331532446,7.999914988137737,sa3077236
Samuel Ortiz,PHI,DSL,17,9.0,12.0,5.0,2.4,0.0,0.32432432,0.13513514,0.18918919,0.19354839,1.2222222222222223,0.31578947,0.58333333,3.0,3.9177904446919762,-0.9177904446919762,4.688769809405009,sa3077237
Juan Cordero,KCR,DSL,20,5.2,7.94117201571071,3.176468806284284,2.5,1.588234403142142,0.17857143,0.07142857,0.10714286,0.4,2.1176458708561894,0.47368421,0.51724138,11.117640821994993,6.702102982214832,4.415537839780161,5.326358585483061,sa3077238
Danny Sanchez,KCR,DSL,17,4.2,9.642850574186479,3.8571402296745916,2.5,0.0,0.27777778,0.11111111,0.16666667,0.21428571,1.0714278415762755,0.33333333,0.57142857,5.785710344511887,5.013028247989153,0.7726820965227343,5.756472128960053,sa3077239
Ramon Pena,MIA,DSL,17,7.2,8.217387897081833,7.043475340355856,1.16666667,1.173912556725976,0.18918919,0.16216216,0.02702703,0.36666667,2.2173903849268437,0.45454545,0.54216867,9.391300453807808,7.193151681860812,2.1981487719469968,6.741960952202614,sa3077240
Nehemias Valdez,LAD,DSL,19,6.1,7.105266724268624,2.8421066897074496,2.5,0.0,0.2173913,0.08695652,0.13043478,0.0952381,0.6315792643794332,0.125,0.75,1.4210533448537248,3.9528778469792094,-2.5318245021254846,5.185431002647697,sa3077241
Fernando Hernandez,MIN,DSL,19,5.2,12.705875225137136,1.588234403142142,8.0,0.0,0.32,0.04,0.28,0.26086957,1.2352934246661105,0.4,0.75,3.176468806284284,2.8197522189784854,0.3567165873057987,3.432000194553441,sa3077242
Alam Soriano,MIN,DSL,19,5.1,6.75000402331592,11.812507040802862,0.57142857,6.75000402331592,0.10526316,0.18421053,-0.07894737,0.4,3.5625021234167358,0.36363636,0.20833333,25.3125150874347,17.33446471095538,7.97805037647932,9.21074446628234,sa3077243
Noel Brito,HOU,DSL,18,9.1,1.9285720854391661,9.642860427195831,0.2,0.9642860427195831,0.04444444,0.22222222,-0.17777778,0.23529412,1.9285720854391661,0.22580645,0.56818182,8.678574384476248,9.08445864405003,-0.40588425957378327,9.08555972794639,sa3077244
Alsy Torres,NYM,DSL,18,4.2,7.714280262289202,11.571420393433804,0.66666667,0.0,0.16,0.24,-0.08,0.31578947,2.5714267540964006,0.4,0.75,5.785710196716902,6.7273127397723105,-0.9416025430554082,8.214200463731816,sa3077245
Jose Navarrete,CIN,DSL,18,13.1,10.800002574921269,2.7000006437303172,4.0,0.0,0.27586207,0.06896552,0.20689655,0.2745098,1.3500003218651586,0.4,0.66666667,4.7250011265280545,3.759456914663268,0.9655442118647866,4.735227905770134,sa3077246
Carlos Lara,TEX,DSL,18,10.2,9.281247233972778,3.374998994171919,2.75,0.8437497485429798,0.25581395,0.09302326,0.1627907,0.18421053,1.0312496926636419,0.23076923,0.94339623,1.6874994970859596,5.146956943720629,-3.4594574466346693,4.822663568960441,sa3077247
Mauricio Flores,TBR,DSL,18,3.2,7.363629500734405,7.363629500734405,1.0,2.4545431669114683,0.13636364,0.13636364,0.0,0.47368421,3.272724222548624,0.53333333,0.66037736,9.818172667645873,8.94808940809014,0.8700832595557326,6.821939765610389,sa3077248
Gabriel Fuentes,BAL,DSL,21,8.2,7.269228102893791,7.269228102893791,1.0,0.0,0.1627907,0.1627907,0.0,0.27777778,1.9615377420507056,0.34482759,0.70588235,2.076922315112512,5.392149122791286,-3.3152268076787745,6.493018292647625,sa3077249
Micheal Morfe,LAD,DSL,17,6.1,5.684213379414899,2.8421066897074496,2.0,1.4210533448537248,0.14814815,0.07407407,0.07407407,0.17391304,0.9473688965691499,0.16666667,0.60606061,5.684213379414899,7.268668984971234,-1.584455605556335,6.311639180776732,sa3077250
Cristopher Hernandez,NYM,DSL,18,4.2,5.785710344511887,9.642850574186479,0.6,0.0,0.15789474,0.26315789,-0.10526316,0.0,1.0714278415762755,0.0,0.66666667,3.8571402296745916,7.1558839311417035,-3.298743701467112,8.828632663326228,sa3077251
Angel Medina,LAD,DSL,18,12.1,8.027029095992294,8.756759013809775,0.91666667,0.0,0.20754717,0.22641509,-0.01886793,0.20512821,1.6216220395944028,0.28571429,0.63636364,3.648649589087406,6.2060791509530455,-2.5574295618656393,6.76868585940406,sa3077252
Dahel Lopez,HOU,DSL,19,7.2,7.043475340355856,9.391300453807808,0.75,2.347825113451952,0.15789474,0.21052632,-0.05263158,0.21428571,1.8260861993515183,0.2,0.68181818,8.217387897081833,10.323585166463413,-2.10619726938158,8.176742965978807,sa3077253
Yoenis Morales,TOR,DSL,22,7.2,9.391300453807808,11.73912556725976,0.8,0.0,0.20512821,0.25641026,-0.05128205,0.20689655,2.0869556564017353,0.28571429,0.5625,7.043475340355856,6.410543310710161,0.6329320296456951,7.20247287327175,sa3077254
Tom Apfelbaum,LAD,DSL,17,10.0,5.4,3.6,1.5,0.9,0.12765957,0.08510638,0.04255319,0.29268293,1.6,0.32352941,0.6626506,5.4,6.484457111358642,-1.0844571113586419,6.0518088966608055,sa3077255
Fredery Solano,PIT,DSL,17,4.2,7.714280459349183,11.571420689023775,0.66666667,1.9285701148372958,0.13793103,0.20689655,-0.06896552,0.43478261,3.4285690930440813,0.5,0.47945205,15.428560918698366,9.51302518260951,5.915535736088856,7.8424786159675435,sa3077256
Luis Delgado,CIN,DSL,17,9.0,5.0,7.0,0.71428571,0.0,0.14705882,0.20588235,-0.05882353,0.03846154,0.8888888888888888,0.04761905,1.0,0.0,6.140012666914198,-6.140012666914198,7.00736445221636,sa3077257
Alexandre Moreti,PHI,DSL,19,7.0,6.428571428571429,6.428571428571429,1.0,1.2857142857142858,0.13513514,0.13513514,0.0,0.37931034,2.2857142857142856,0.43478261,0.56818182,11.571428571428571,8.4415999685015,3.1298286029270717,7.451808896660805,sa3077258
Isaac Brujan,BOS,DSL,18,11.0,8.181818181818182,5.7272727272727275,1.42857143,1.6363636363636365,0.19607843,0.1372549,0.05882353,0.23809524,1.5454545454545454,0.26666667,0.43209877,9.818181818181818,7.584457111358643,2.2337247068231756,6.245872857624835,sa3077259
Frederick Hiciano,MIN,CPX,18,7.1,11.045459333532218,6.136366296406788,1.8,0.0,0.3,0.16666667,0.13333333,0.12,1.0909095638056512,0.1875,0.875,1.2272732592813576,3.7200113343797656,-2.492738075098408,4.3067962299179205,sa3077260
Juan Germosen,MIN,DSL,17,4.0,6.75,22.5,0.3,0.0,0.12,0.4,-0.28,0.28571429,3.5,0.36363636,0.46666667,18.0,11.334457111358642,6.665542888641358,11.984970950335263,sa3077261
Diland Cepeda,ARI,DSL,17,6.2,6.749996781350717,12.149994206431291,0.55555556,0.0,0.13157895,0.23684211,-0.10526316,0.23076923,2.2499989271169056,0.28571429,0.44444444,12.149994206431291,8.484455251694612,3.665538954736679,9.395174191997253,sa3077262
Janiel Hernandez,KCR,DSL,18,7.1,9.81818607425086,6.136366296406788,1.6,0.0,0.22222222,0.13888889,0.08333333,0.3,1.9090917366598894,0.40909091,0.53333333,7.363639555688145,4.857184502310056,2.5064550533780894,5.448560975916327,sa3077263
Frankeurys Marte,KCR,DSL,17,4.2,7.714280459349183,7.714280459349183,1.0,3.8571402296745916,0.16,0.16,0.0,0.28571429,2.142855683152551,0.26666667,0.55555556,7.714280459349183,11.013024160816295,-3.298743701467112,7.3002090870469125,sa3077264
Miguel Andrade,MIL,DSL,18,11.0,8.181818181818182,4.090909090909091,2.0,0.8181818181818182,0.18518519,0.09259259,0.09259259,0.35416667,2.0,0.43243243,0.50925926,9.0,5.584457111358643,3.4155428886413572,5.743091688643802,sa3077265
Alejandro Beltran,KCR,DSL,17,5.0,7.2,5.4,1.33333333,1.8,0.18181818,0.13636364,0.04545455,0.21052632,1.4,0.21428571,0.71428571,5.4,7.384457111358643,-1.9844571113586422,6.172219967842102,sa3077266
Angel Salazar,NYY,DSL,19,7.0,7.714285714285714,2.5714285714285716,3.0,1.2857142857142858,0.18181818,0.06060606,0.12121212,0.38709677,2.0,0.45833333,0.63492063,7.714285714285714,5.584457111358643,2.1298286029270717,4.34685124371733,sa3077267
Anderson Encarnacion,LAA,DSL,17,8.0,4.5,1.125,4.0,0.0,0.125,0.03125,0.09375,0.32258065,1.375,0.37037037,0.72727273,1.125,3.9594571113586428,-2.8344571113586428,4.826808896660805,sa3077268
Yamel Pinto,CHC,DSL,18,4.1,2.0769246005458837,12.461547603275301,0.16666667,2.0769246005458837,0.04347826,0.26086957,-0.21739131,0.3125,2.538463400667191,0.28571429,0.8490566,6.230773801637651,11.96907791329956,-5.73830411166191,9.969866968189649,sa3077269
Cristian Dudamel,NYM,DSL,19,5.0,12.6,12.6,1.0,0.0,0.29166667,0.29166667,0.0,0.125,1.8,0.22222222,0.9,1.8,6.584457111358643,-4.784457111358643,7.10486818253994,sa3077270
Roderic Ramirez,CHW,DSL,17,10.1,8.709680098773617,5.22580805926417,1.66666667,0.0,0.22222222,0.13333333,0.08888889,0.25641026,1.5483875731153098,0.34482759,0.75,3.483872039509447,4.390908664719229,-0.9070366252097815,4.810595141557118,sa3077271
Emmanuel Hernandez,TBR,DSL,17,10.0,9.9,3.6,2.75,2.7,0.22916667,0.08333333,0.14583333,0.29545455,1.7,0.33333333,0.703125,5.4,7.484457111358642,-2.084457111358642,4.885484789311886,sa3077272
Rafael Torres,SDP,DSL,17,8.0,12.375,14.625,0.84615385,0.0,0.26190476,0.30952381,-0.04761905,0.17241379,2.25,0.27777778,0.55555556,4.5,6.709457111358643,-2.2094571113586428,7.7936468429863455,sa3077273
Christopher Navas,WSN,DSL,17,2.2,13.499982699774025,3.374995674943506,4.0,3.374995674943506,0.25,0.0625,0.1875,0.46666667,2.9999961555053387,0.6,0.60606061,13.499982699774025,7.5844532668639815,5.915529432910043,4.66099853020069,sa3077274
Diego Ramirez,ATL,DSL,17,7.1,12.272732592813576,9.81818607425086,1.25,0.0,0.26315789,0.21052632,0.05263158,0.3,2.3181828230870085,0.45,0.64705882,7.363639555688145,5.129911893261468,2.233727662426677,5.9578389563102485,sa3077275
Miguel Molina,PIT,DSL,16,2.0,13.5,22.5,0.6,0.0,0.27272727,0.45454545,-0.18181818,0.33333333,3.5,0.66666667,0.71428571,9.0,9.084457111358642,-0.08445711135864187,9.084457111358642,sa3077276
Sebastian Gomez,NYM,DSL,17,9.2,8.379307589265366,2.793102529755122,3.0,0.0,0.23076923,0.07692308,0.15384615,0.17647059,0.9310341765850407,0.24,0.63636364,3.724136706340163,4.274112385830296,-0.5499756794901334,5.2610985755660735,sa3077277
Eliecer Zambrano,LAD,DSL,17,3.1,2.700002768042541,10.800011072170165,0.25,2.700002768042541,0.04545455,0.18181818,-0.13636364,0.3125,2.700002768042541,0.28571429,0.41666667,16.200016608255247,13.284466030606833,2.915550577648414,11.726314253505638,sa3077278
Anderson Venero,CIN,DSL,17,6.1,4.263160195048086,4.263160195048086,1.0,4.263160195048086,0.09375,0.09375,0.0,0.27586207,1.736843042426998,0.2173913,0.44117647,4.263160195048086,11.216039636988999,-6.952879441940913,6.564595491113792,sa3077279
Adan Vallenilla,SEA,DSL,20,8.0,11.25,2.25,5.0,0.0,0.29411765,0.05882353,0.23529412,0.25,1.25,0.36363636,0.5,4.5,2.8344571113586428,1.6655428886413572,3.4849709503352644,sa3077280
Jesus Febles,DET,DSL,21,5.0,9.0,25.2,0.35714286,1.8,0.16129032,0.4516129,-0.29032258,0.13333333,3.2,0.11111111,0.30120482,23.4,14.784457111358641,8.615542888641357,12.531397825479509,sa3077281
Justin Suero,TBR,DSL,17,3.1,10.800011072170165,21.60002214434033,0.5,0.0,0.2,0.4,-0.2,0.16666667,3.0000030756028235,0.25,0.4,16.200016608255247,9.38446203232316,6.815554575932087,11.205902648798421,sa3077282
Alberto Gomez,SFG,DSL,18,7.0,9.0,7.714285714285714,1.16666667,0.0,0.18918919,0.16216216,0.02702703,0.25806452,2.0,0.33333333,0.5,5.142857142857143,5.155885682787214,-0.013028539930070693,6.147144865989685,sa3077283
Ronaldson Estevez,PHI,DSL,18,4.1,2.0769246005458837,2.0769246005458837,1.0,0.0,0.0625,0.0625,0.0,0.2,0.9230776002426149,0.21428571,0.75,2.0769246005458837,4.815226511419296,-2.7383019108734126,5.816017767097881,sa3077284
Jostin Alcantara,TEX,DSL,19,8.1,9.720003707887157,9.720003707887157,1.0,0.0,0.2195122,0.2195122,0.0,0.2,1.8000006866457698,0.28571429,0.47058824,9.720003707887157,6.384457798004412,3.335545909882745,7.113033575587831,sa3077285
Angel Brito,HOU,DSL,18,10.1,8.709680098773617,7.838712088896256,1.11111111,0.0,0.20833333,0.1875,0.02083333,0.18421053,1.5483875731153098,0.25,0.76470588,3.483872039509447,5.552199344555712,-2.0683273050462647,6.643384184334224,sa3077286
Angel Alcantara,HOU,DSL,19,6.2,2.6999987125402867,8.09999613762086,0.33333333,1.3499993562701433,0.05405405,0.16216216,-0.10810811,0.35483871,2.5499987840658265,0.35714286,0.38461538,13.499993562701434,8.634455180169073,4.86553838253236,7.725277756061247,sa3077287
Jefrey Gonzalez,DET,DSL,18,6.0,10.5,7.5,1.4,0.0,0.23333333,0.16666667,0.06666667,0.28,2.0,0.38888889,0.66666667,4.5,4.75112377802531,-0.2511237780253097,5.618475563327472,sa3077288
Emanuel Jimenez,BOS,DSL,19,3.1,16.200016608255247,8.100008304127623,2.0,0.0,0.42857143,0.21428571,0.21428571,0.18181818,1.5000015378014118,0.4,1.0,0.0,3.6844561886777956,-3.6844561886777956,,sa3077289
Maicol Santana,SFG,DSL,18,5.2,6.352937612568568,7.94117201571071,0.8,0.0,0.13793103,0.17241379,-0.03448276,0.26086957,1.9411753816181734,0.31578947,0.25,9.529406418852851,6.3491620037388,3.1802444151140508,7.726719948782451,sa3077290
Dylan Lozada,CHC,DSL,18,1.0,0.0,54.0,0.0,0.0,0.0,0.54545455,-0.54545455,0.4,8.0,0.4,0.25,54.0,22.584457111358642,31.415542888641358,25.18651246726513,sa3077291
Omar Gonzalez,DET,DSL,18,5.1,8.437505029144901,11.812507040802862,0.71428571,0.0,0.19230769,0.26923077,-0.07692308,0.17647059,1.8750011175877557,0.25,0.5,10.12500603497388,7.771959011257827,2.3530470237160532,8.747730351327801,sa3077292
Jose Cedeño,CLE,DSL,17,11.1,3.9705893490144364,1.5882357396057745,2.5,0.0,0.09615385,0.03846154,0.05769231,0.3877551,1.8529416962067369,0.43181818,0.54545455,7.941178698028873,4.496221792491656,3.444956905537217,5.414594528643501,sa3077293
Juan Perez,TEX,DSL,20,9.1,6.750002471464926,9.642860673521323,0.7,4.8214303367606615,0.13207547,0.18867925,-0.05660377,0.325,2.46428661656656,0.28571429,0.52631579,14.464291010281984,14.227317784879965,0.2369732254020196,8.935780004789867,sa3077294
Angel Perez,TBR,DSL,17,1.0,0.0,45.0,0.0,9.0,0.0,0.5,-0.5,0.5,7.0,0.33333333,0.60606061,36.0,35.584457111358645,0.4155428886413546,24.319160681962966,sa3077295
Leonil De Leon,STL,DSL,17,0.0,0.0,9.0,0.0,0.0,0.0,1.0,-1.0,0.0,1.0,0.0,1.0,0.0,7.584457111358643,-7.584457111358643,7.584457111358643,sa3077296
Aitol Lopez,CIN,DSL,17,3.2,7.363629500734405,12.27271583455734,0.6,0.0,0.13043478,0.2173913,-0.08695652,0.33333333,2.9999972040029057,0.4,0.36363636,9.818172667645873,7.039000278270111,2.7791723893757627,8.694852143320466,sa3077297
Kenyer Navarro,TOR,DSL,17,7.0,6.428571428571429,2.5714285714285716,2.5,0.0,0.17241379,0.06896552,0.10344828,0.33333333,1.5714285714285714,0.40909091,0.72727273,3.857142857142857,4.013028539930072,-0.15588568278721437,4.6325655294316155,sa3077298
Maique Basanta,COL,DSL,18,7.0,9.0,7.714285714285714,1.16666667,0.0,0.2,0.17142857,0.02857143,0.26923077,1.8571428571428572,0.36842105,0.6875,6.428571428571429,6.4415999685014995,-0.013028539930070693,6.937229560102736,sa3077299
Andrik Linarez,TBR,DSL,19,5.0,3.6,12.6,0.28571429,1.8,0.06060606,0.21212121,-0.15151515,0.45833333,3.6,0.47619048,0.43010753,19.8,11.784457111358643,8.015542888641358,10.398749610781671,sa3077300
Enmanuel Rodriguez,BAL,DSL,19,6.2,5.399997425080573,4.04999806881043,1.33333333,1.3499993562701433,0.14285714,0.10714286,0.03571429,0.16,1.0499994993212227,0.15,0.35714286,4.04999806881043,6.684456110001088,-2.6344580411906584,5.905381391650781,sa3077301
Robinson Martinez,TBR,DSL,18,11.0,10.636363636363637,0.0,13.0,0.0,0.325,0.0,0.325,0.20512821,0.7272727272727273,0.30769231,1.0,0.0,2.493548020449552,-2.493548020449552,3.518600130352107,sa3077302
Francisco Perez,COL,DSL,19,2.1,11.57144551863525,23.1428910372705,0.5,0.0,0.17647059,0.35294118,-0.17647059,0.36363636,4.2857205624575,0.5,0.8,3.85714850621175,9.727321786307641,-5.870173280095891,10.099044524423013,sa3077303
Hector Aguilar,ATL,DSL,18,7.0,6.428571428571429,15.428571428571429,0.41666667,0.0,0.11111111,0.26666667,-0.15555556,0.28125,3.0,0.33333333,0.31818182,12.857142857142858,8.727314254215786,4.129828602927072,9.099036447916713,sa3077304
Yolber Mendez,KCR,DSL,18,7.1,4.90909303712543,6.136366296406788,0.8,2.454546518562715,0.10526316,0.13157895,-0.02631579,0.28125,1.9090917366598894,0.26923077,0.57377049,8.590912814969503,9.493550148484072,-0.9026373335145692,7.722223486934521,sa3077305
Yolcar Garcia,MIN,DSL,18,7.2,8.217387897081833,1.173912556725976,7.0,1.173912556725976,0.23333333,0.03333333,0.2,0.20689655,0.9130430996757591,0.23809524,0.53571429,1.173912556725976,4.84532656840886,-3.6714140116828835,3.6022062761890723,sa3077306
Deiby Marrero,HOU,DSL,19,3.1,10.800011072170165,10.800011072170165,1.0,0.0,0.22222222,0.22222222,0.0,0.33333333,2.4000024604822587,0.5,0.5,13.500013840212706,7.584460186961467,5.915553653251239,8.365077594022292,sa3077307
Randiel Vicente,NYM,DSL,17,5.2,6.352937612568568,15.88234403142142,0.4,7.94117201571071,0.10810811,0.27027027,-0.16216216,0.29166667,2.999998317046268,0.13333333,0.46153846,20.647047240847844,21.525624078208157,-0.8785768373603133,11.279538228887043,sa3077308
Maximiliano Quezada,COL,DSL,17,4.0,4.5,9.0,0.5,0.0,0.11764706,0.23529412,-0.11764706,0.15384615,1.5,0.18181818,0.66666667,4.5,6.584457111358643,-2.0844571113586428,7.234970950335264,sa3077309
Brad Rodriguez,WSN,DSL,17,1.2,5.399989314100431,0.0,1.0,0.0,0.16666667,0.0,0.16666667,0.16666667,0.5999988126778256,0.2,1.0,0.0,3.3844594860029913,-3.3844594860029913,3.904869527358281,sa3077328
Jake Covey,MIN,CPX,24,8.1,9.720003707887157,7.560002883912233,1.28571429,0.0,0.23684211,0.18421053,0.05263158,0.17857143,1.4400005493166157,0.26315789,0.86666667,1.0800004119874618,5.569102970123501,-4.489102558136039,6.946091453357328,sa3077360
Victor Tovar,LAD,DSL,17,4.0,9.0,18.0,0.5,0.0,0.17391304,0.34782609,-0.17391304,0.07692308,2.25,0.11111111,0.36363636,4.5,10.084457111358642,-5.584457111358642,10.734970950335263,sa3077361
Kahley Chan,COL,DSL,17,8.2,6.230766945337535,2.076922315112512,3.0,0.0,0.15789474,0.05263158,0.10526316,0.22857143,1.153845730618062,0.27586207,0.45454545,6.230766945337535,4.238303392173224,1.9924635531643116,5.539330592912534,sa3077362
Yunior Jerez,NYY,DSL,20,13.0,10.384615384615385,4.153846153846154,2.5,0.0,0.3,0.12,0.18,0.09302326,0.7692307692307693,0.14285714,0.63636364,2.076923076923077,3.8921494190509502,-1.8152263421278731,4.492623731952447,sa3077363
Marcos Reynoso,BAL,DSL,21,6.0,12.0,9.0,1.33333333,0.0,0.24242424,0.18181818,0.06060606,0.33333333,2.5,0.47368421,0.46666667,9.0,4.917790444691976,4.082209555308024,5.929700860877832,sa3077364
Fayon Dumorne,TOR,DSL,20,7.2,8.217387897081833,5.86956278362988,1.4,1.173912556725976,0.19444444,0.13888889,0.05555556,0.20689655,1.4347820137761929,0.23809524,0.68965517,4.695650226903904,7.193151681860812,-2.4975014549569075,6.515695362899303,sa3077365
Alexander Mercedes,MIL,DSL,17,7.2,9.391300453807808,2.347825113451952,4.0,0.0,0.24242424,0.06060606,0.18181818,0.29032258,1.4347820137761929,0.39130435,0.54545455,5.86956278362988,3.2801098261075583,2.589452957522322,4.072039388669148,sa3077366
Emanuel Jimenez,BOS,DSL,19,9.0,14.0,8.0,1.75,0.0,0.34146341,0.19512195,0.14634146,0.18181818,1.5555555555555556,0.31578947,0.64285714,3.0,4.140012666914198,-1.1400126669141981,4.814619611038102,sa3077367
Efrén Álvarez,STL,DSL,18,7.1,9.81818607425086,15.954552370657648,0.61538462,1.2272732592813576,0.19047619,0.30952381,-0.11904762,0.32142857,3.0000013004655406,0.42105263,0.60185185,11.045459333532218,9.902641234911192,1.1428180986210261,8.957840256775789,sa3077368
Alex Lamu,TEX,DSL,18,7.2,7.043475340355856,10.565213010533785,0.66666667,1.173912556725976,0.14634146,0.2195122,-0.07317073,0.24137931,2.0869556564017353,0.27272727,0.28409091,9.391300453807808,9.410542066787656,-0.01924161297984739,8.959351337129458,sa3077369
Justin Burgos,PHI,DSL,17,9.0,5.0,6.0,0.83333333,0.0,0.11627907,0.13953488,-0.02325581,0.38888889,2.2222222222222223,0.4516129,0.71428571,5.0,5.806679333580865,-0.8066793335808651,6.481286277704768,sa3077370
Sebastian Castillo,NYY,DSL,19,10.0,9.9,5.4,1.83333333,0.0,0.24444444,0.13333333,0.11111111,0.31578947,1.8,0.44444444,0.57894737,6.3,4.484457111358643,1.8155428886413567,5.00486818253994,sa3077371
Scarling Sterling,BAL,DSL,18,3.0,18.0,18.0,1.0,0.0,0.33333333,0.33333333,0.0,0.25,3.0,0.5,0.55555556,12.0,6.584457111358643,5.415542888641357,7.451808896660805,sa3077372
Geferlyn Avelino,LAD,DSL,19,6.2,12.149994206431291,6.749996781350717,1.8,1.3499993562701433,0.26470588,0.14705882,0.11764706,0.27586207,1.9499990701679848,0.36842105,0.60344828,6.749996781350717,6.0844563961032465,0.6655403852474704,4.915073560480381,sa3077373
Frailyn Minier,OAK,DSL,17,3.0,12.0,9.0,1.33333333,0.0,0.16666667,0.125,0.04166667,0.44444444,3.6666666666666665,0.57142857,0.35714286,27.0,7.917790444691976,19.082209555308026,8.785142229994138,sa3077374
Franklin Mejia,MIA,DSL,16,6.1,4.263160034561174,15.631586793390973,0.27272727,4.263160034561174,0.075,0.275,-0.2,0.30769231,3.000001505802308,0.25,0.61797753,15.631586793390973,16.426568318473016,-0.7949815250820436,12.18597539959119,sa3077375
Adrianyer Lopez,HOU,DSL,18,5.0,10.8,1.8,6.0,0.0,0.27272727,0.04545455,0.22727273,0.28571429,1.4,0.4,0.14285714,10.8,2.784457111358643,8.015542888641358,3.8252792537212374,sa3077376
Randy Guzman,NYM,DSL,18,12.1,10.945948767262218,1.4594598356349624,7.5,0.0,0.32608696,0.04347826,0.2826087,0.18181818,0.8108110197972014,0.27586207,1.0,0.0,2.6385106638453593,-2.6385106638453593,3.201117372296375,sa3077377
Angel Castillo,TBR,DSL,24,8.0,13.5,1.125,12.0,0.0,0.4,0.03333333,0.36666667,0.17241379,0.75,0.29411765,1.0,0.0,1.9594571113586428,-1.9594571113586428,3.0436468429863455,sa3077378
Miguel Barras,PIT,DSL,19,5.0,7.2,9.0,0.8,0.0,0.2,0.25,-0.05,0.06666667,1.2,0.09090909,1.0,0.0,5.984457111358642,-5.984457111358642,6.6783385396003725,sa3077379
Santiago Valencia,OAK,DSL,19,4.1,12.461547603275301,12.461547603275301,1.0,0.0,0.3,0.3,0.0,0.14285714,1.8461552004852297,0.25,0.625,6.230773801637651,5.969073511722565,0.261700289915086,6.369390013993999,sa3077380
Sahir De La Cruz,TOR,DSL,18,10.0,4.5,3.6,1.25,0.0,0.12195122,0.09756098,0.02439024,0.21621622,1.2,0.25,0.66666667,2.7,4.784457111358643,-2.0844571113586428,5.912014432251453,sa3077381
Emilio Jiménez,STL,DSL,17,7.1,14.72727911137629,6.136366296406788,2.4,1.2272732592813576,0.36363636,0.15151515,0.21212121,0.18518519,1.363636954757064,0.28571429,0.52083333,7.363639555688145,5.539002979688587,1.8246365759995582,4.47592670683193,sa3077382
Adrian Martinez,MIN,DSL,16,9.2,8.379307589265366,5.586205059510244,1.5,0.0,0.19148936,0.12765957,0.06382979,0.25641026,1.6551718694845168,0.33333333,0.44444444,8.379307589265366,5.205146562415337,3.1741610268500295,6.551036821145942,sa3077383
Juan Collado,MIN,DSL,19,8.0,11.25,12.375,0.90909091,0.0,0.25,0.275,-0.025,0.17857143,2.0,0.27777778,0.64705882,6.75,6.584457111358643,0.16554288864135724,7.234970950335264,sa3077384
Brandol Fernandez,COL,DSL,17,11.0,8.181818181818182,0.8181818181818182,10.0,0.8181818181818182,0.26315789,0.02631579,0.23684211,0.16216216,0.6363636363636364,0.19230769,0.89285714,1.6363636363636365,4.220820747722279,-2.5844571113586428,3.9063543512062595,sa3077385
Alexander Padilla,DET,DSL,17,7.0,11.571428571428571,11.571428571428571,1.0,0.0,0.25,0.25,0.0,0.16666667,1.8571428571428572,0.26666667,0.625,7.714285714285714,7.155885682787215,0.5584000314984996,7.775422672288759,sa3077386
Matthew Luna,ATL,DSL,17,3.0,12.0,39.0,0.30769231,3.0,0.11764706,0.38235294,-0.26470588,0.55555556,7.666666666666667,0.69230769,0.32520325,51.0,22.25112377802531,28.74887622197469,18.496024968226752,sa3077387
Jean Rivero,MIL,DSL,18,6.0,12.0,9.0,1.33333333,0.0,0.25806452,0.19354839,0.06451613,0.26086957,2.0,0.4,0.64285714,6.0,5.917790444691976,0.08220955530802421,6.785142229994138,sa3077388
Daniel Munoz,MIL,DSL,17,5.0,10.8,9.0,1.2,1.8,0.22222222,0.18518519,0.03703704,0.15,1.6,0.15384615,0.34883721,7.2,8.984457111358644,-1.7844571113586438,7.4252792537212375,sa3077389
Kenry Alvear,LAD,DSL,18,5.1,8.437505029144901,10.12500603497388,0.83333333,1.68750100582898,0.15151515,0.18181818,-0.03030303,0.33333333,2.625001564622858,0.38888889,0.38461538,18.56251106411878,10.20946046412191,8.35305059999687,8.747730351327801,sa3077390
Santiago Lopez,CHC,DSL,17,7.0,6.428571428571429,11.571428571428571,0.55555556,0.0,0.11627907,0.20930233,-0.09302326,0.3125,2.7142857142857144,0.37037037,0.52380952,10.285714285714286,7.870171397072928,2.415542888641358,8.613615784474781,sa3077391
Angel Roa,BOS,DSL,17,3.0,3.0,9.0,0.33333333,0.0,0.07142857,0.21428571,-0.14285714,0.18181818,1.6666666666666667,0.2,0.4,9.0,6.917790444691976,2.082209555308024,8.941611277063688,sa3077392
Franchel Crisostomo,CHW,DSL,17,5.1,6.75000402331592,11.812507040802862,0.57142857,1.68750100582898,0.11428571,0.2,-0.08571429,0.40740741,3.37500201165796,0.45454545,0.39772727,18.56251106411878,10.021960352363134,8.540550711755646,9.048115909604011,sa3077393
Yadier Concepcion,CHC,DSL,17,9.0,1.0,4.0,0.25,0.0,0.025,0.1,-0.075,0.25714286,1.4444444444444444,0.26470588,0.71428571,2.0,6.028901555803087,-4.028901555803087,7.281743023461766,sa3077394
Harry Canedo,BOS,DSL,17,4.0,4.5,6.75,0.66666667,0.0,0.0952381,0.14285714,-0.04761905,0.29411765,2.0,0.33333333,0.33333333,11.25,6.584457111358643,4.665542888641357,7.6686468429863455,sa3077395
Yojansy Perez,SDP,DSL,18,13.0,6.923076923076923,3.4615384615384617,2.0,0.0,0.16949153,0.08474576,0.08474576,0.22641509,1.3076923076923077,0.27906977,0.77777778,2.076923076923077,4.430610957512489,-2.3536878805894115,5.0310852704139855,sa3077396
Derek Torres,ATL,DSL,17,2.1,3.85714850621175,50.14293058075275,0.07692308,0.0,0.04761905,0.61904762,-0.57142857,0.0,5.5714367311947495,0.0,0.58823529,27.00003954348225,25.58448786740039,1.4155516760818578,25.95621060551576,sa3077397
Yunior Canario,NYM,DSL,17,2.0,0.0,22.5,0.0,9.0,0.0,0.19230769,-0.19230769,0.5,7.5,0.44444444,-0.07575758,36.0,26.584457111358642,9.415542888641358,16.62018835991621,sa3077398
Aldemaro Sevilla,WSN,DSL,17,6.2,4.04999806881043,18.899990987782008,0.21428571,1.3499993562701433,0.06976744,0.3255814,-0.25581395,0.24,2.9999985694892075,0.23809524,0.48672566,16.19999227524172,13.734452748300725,2.4655395269409937,12.825275324192898,sa3077399
Evan Da Souza,MIA,DSL,16,7.1,15.954552370657648,8.590912814969503,1.85714286,0.0,0.38235294,0.20588235,0.17647059,0.16666667,1.5000006502327703,0.36363636,0.92857143,0.0,5.129911893261468,-5.129911893261468,5.366462482703977,sa3077400
Mingxuan Zhang,PIT,DSL,18,4.1,10.384623002729418,10.384623002729418,1.0,2.0769246005458837,0.23809524,0.23809524,0.0,0.1875,1.8461552004852297,0.2,0.3030303,12.461547603275301,8.73830631245041,3.723241290824891,6.7390953673404965,sa3077401
William Perez,HOU,DSL,19,4.1,6.230773801637651,14.538472203821184,0.42857143,2.0769246005458837,0.11111111,0.25925926,-0.14814815,0.45,3.6923104009704595,0.5,0.68493151,12.461547603275301,11.046000313056947,1.4155472902183543,9.24694761908275,sa3077402
Higor Requena,NYY,DSL,18,10.0,11.7,4.5,2.6,0.0,0.27659574,0.10638298,0.17021277,0.19047619,1.3,0.27586207,0.46153846,0.0,3.4844571113586427,-3.4844571113586427,4.351808896660805,sa3077403
Luis Garces,KCR,DSL,17,8.0,12.375,4.5,2.75,0.0,0.2972973,0.10810811,0.18918919,0.28125,1.625,0.42857143,0.64285714,5.625,3.7094571113586428,1.9155428886413572,4.468389923498035,sa3077404
Antony Constanza,HOU,DSL,17,8.2,7.269228102893791,7.269228102893791,1.0,0.0,0.18918919,0.18918919,0.0,0.23333333,1.615384022865287,0.30434783,0.64285714,4.153844630225024,5.392149122791286,-1.2383044925662627,6.192781246323169,sa3077405
Francisco Mercedes,PHI,DSL,16,7.0,7.714285714285714,15.428571428571429,0.5,0.0,0.15789474,0.31578947,-0.15789474,0.26923077,2.7142857142857144,0.35,0.52631579,7.714285714285714,8.01302853993007,-0.2987428256443563,8.880380325232235,sa3077406
Jesus Lopez,BOS,DSL,17,7.2,12.913038123985737,8.217387897081833,1.57142857,0.0,0.34375,0.21875,0.125,0.16,1.4347820137761929,0.28571429,0.81818182,0.0,4.454022382833534,-4.454022382833534,5.019686356091813,sa3077407
Jose Uribe,DET,DSL,19,3.1,2.700002768042541,16.200016608255247,0.16666667,0.0,0.05,0.3,-0.25,0.23076923,2.700002768042541,0.25,0.8,2.700002768042541,10.284462955004008,-7.584460186961467,12.105903571479267,sa3077408
Wandelin Garcia,PHI,DSL,17,4.1,8.307698402183535,12.461547603275301,0.66666667,0.0,0.17391304,0.26086957,-0.08695652,0.1875,2.0769246005458837,0.25,0.6,6.230773801637651,7.584459312147141,-1.3536855105094903,8.585250567825724,sa3077409
Cesar Pastrano,HOU,DSL,18,5.1,8.437505029144901,3.37500201165796,2.5,0.0,0.2173913,0.08695652,0.13043478,0.2,1.1250006705526534,0.26666667,1.0,0.0,4.396956999599867,-4.396956999599867,5.210099782991512,sa3077410
Argenis Granado,TEX,DSL,19,9.2,13.03447847219057,3.724136706340163,3.5,1.8620683531700815,0.30434783,0.08695652,0.21739131,0.15789474,1.034482418427823,0.18181818,0.625,4.655170882925203,6.860318431899854,-2.205147548974651,4.88847228197717,sa3077411
Diego Bohorquez,MIA,DSL,19,2.0,13.5,9.0,1.5,0.0,0.23076923,0.15384615,0.07692308,0.44444444,3.0,0.66666667,0.375,22.5,7.584457111358643,14.915542888641358,9.752836574614047,sa3077412
Eliezel Marte,LAD,DSL,17,3.0,0.0,21.0,0.0,3.0,0.0,0.29166667,-0.29166667,0.38461538,4.0,0.33333333,0.47945205,27.0,19.917790444691978,7.082209555308022,16.74092615842819,sa3077413
Juan Medina,TEX,DSL,19,10.2,11.812496479601718,5.906248239800859,2.0,0.8437497485429798,0.28571429,0.14285714,0.14285714,0.175,1.3124996088446352,0.24,0.54794521,4.218748742714899,5.709456776082616,-1.4907080333677172,5.385163401322427,sa3077414
Wilfry Michel,PHI,DSL,18,7.0,11.571428571428571,5.142857142857143,2.25,2.5714285714285716,0.29032258,0.12903226,0.16129032,0.29166667,1.5714285714285714,0.38461538,0.89285714,5.142857142857143,8.727314254215786,-3.5844571113586428,5.508658131531307,sa3077415
Heriberto Ron,ARI,DSL,19,8.2,10.384611575562559,3.1153834726687677,3.33333333,1.038461157556256,0.21276596,0.06382979,0.14893617,0.34883721,2.076922315112512,0.4375,0.45454545,9.346150418006303,5.161379976667674,4.184770441338629,4.862328712162018,sa3077416
Keury De Jesus,CIN,DSL,18,5.1,5.06250301748694,6.75000402331592,0.75,0.0,0.10714286,0.14285714,-0.03571429,0.34782609,2.250001341105307,0.4,0.46153846,11.812507040802862,6.271958117187623,5.540548923615239,8.06087224064924,sa3077417
Jesus Colmenarez,CLE,DSL,18,6.2,6.749996781350717,12.149994206431291,0.55555556,2.6999987125402867,0.13157895,0.23684211,-0.10526316,0.24137931,2.399998855591366,0.22727273,0.3030303,16.19999227524172,11.03445403576044,5.165538239481279,8.175277541484627,sa3077418
Alvin De Leon,CHC,DSL,18,9.0,10.0,0.0,10.0,0.0,0.34482759,0.0,0.34482759,0.06896552,0.2222222222222222,0.10526316,0.5,0.0,2.3622348891364204,-2.3622348891364204,3.325959095027712,sa3077419
Yadier Zamora,LAD,DSL,20,8.1,12.960004943849542,6.480002471924771,2.0,0.0,0.30769231,0.15384615,0.15384615,0.28125,1.8000006866457698,0.45,0.4375,9.720003707887157,4.224456974029489,5.495546733857668,4.640785989791443,sa3077420
Andruw Solarte,KCR,DSL,18,5.0,9.0,5.4,1.66666667,1.8,0.19230769,0.11538462,0.07692308,0.39130435,2.4,0.47058824,0.66037736,9.0,6.984457111358642,2.0155428886413578,5.945690324902534,sa3077421
Bryce Schaum,MIL,"A,CPX",23,4.0,2.25,4.5,0.5,0.0,0.05882353,0.11764706,-0.05882353,0.30769231,1.5,0.33333333,1.0,0.0,6.417667937278748,-6.417667937278748,7.160084818303585,sa3077422
Jhon Beltre,NYY,DSL,17,5.0,10.8,19.8,0.54545455,1.8,0.19354839,0.35483871,-0.16129032,0.26315789,3.2,0.33333333,0.38461538,16.2,11.984457111358644,4.215542888641355,10.078338539600374,sa3077423
Ismanuel Rondon,LAD,DSL,19,4.1,10.384623002729418,6.230773801637651,1.66666667,0.0,0.16666667,0.1,0.06666667,0.4,3.0000022007884986,0.5,0.33333333,12.461547603275301,5.738304111661911,6.72324349161339,6.939253618476213,sa3077424
Cristian Alvino,MIN,DSL,17,1.0,0.0,0.0,0.0,0.0,0.0,0.0,0.0,0.4,2.0,0.4,1.0,0.0,4.584457111358643,-4.584457111358643,8.05386425256729,sa3077425
Cristian Seminiel,TEX,DSL,17,3.2,2.4545431669114683,14.72725900146881,0.16666667,2.4545431669114683,0.04166667,0.25,-0.20833333,0.38888889,3.545451241094343,0.375,0.68965517,12.27271583455734,12.493540649184485,-0.22082481462714476,10.603941273140496,sa3077431
Felix Colina,TEX,DSL,17,1.0,0.0,18.0,0.0,0.0,0.0,0.25,-0.25,0.33333333,4.0,0.33333333,0.25,9.0,10.584457111358642,-1.5844571113586419,12.319160681962966,sa3077432
Carlos Olivo,TOR,DSL,19,1.2,16.199967942301292,16.199967942301292,1.0,0.0,0.33333333,0.33333333,0.0,0.16666667,2.3999952507113025,0.33333333,0.0,21.599957256401723,6.38445354939212,15.215503707009603,6.38445354939212,sa3077490
Cesar Navarro,ATL,DSL,17,12.0,6.75,5.25,1.28571429,0.0,0.17307692,0.13461538,0.03846154,0.18181818,1.25,0.22857143,0.6875,2.25,5.084457111358643,-2.8344571113586428,6.096367527544499,sa3077491
Yunior Villavicencio,BAL,DSL,18,7.0,10.285714285714286,5.142857142857143,2.0,0.0,0.27586207,0.13793103,0.13793103,0.17391304,1.1428571428571428,0.26666667,0.8,2.5714285714285716,4.870171397072928,-2.2987428256443567,5.7375231823750905,sa3077492
Oby Escalante,COL,DSL,18,1.2,5.399989314100431,26.999946570502154,0.2,0.0,0.07692308,0.38461538,-0.30769231,0.5,5.399989314100431,0.57142857,0.22222222,21.599957256401723,12.384441676170376,9.215515580231347,13.945671800236244,sa3077493
Benjamin Vasquez,BAL,DSL,18,0.2,0.0,148.4992520697832,0.0,0.0,0.0,0.64705882,-0.64705882,0.5,19.49990178694123,0.5,0.26666667,134.99932006343928,63.084162472182335,71.91515759125696,63.084162472182335,sa3077494
Androu Gabriel,LAD,DSL,19,5.2,15.88234403142142,17.47057843456356,0.90909091,0.0,0.33333333,0.36666667,-0.03333333,0.05555556,2.1176458708561894,0.125,0.69230769,6.352937612568568,7.407984939166895,-1.0550473265983271,8.17329490863559,sa3077495
Luis Martinez,COL,DSL,17,7.1,3.6818197778440727,8.590912814969503,0.42857143,0.0,0.07692308,0.17948718,-0.1025641,0.29032258,2.1818191276113024,0.32142857,0.64705882,4.90909303712543,7.039003629921358,-2.1299105927959276,8.340031871855155,sa3077496
Cristian Rego,PHI,DSL,17,6.0,10.5,3.0,3.5,1.5,0.24137931,0.06896552,0.17241379,0.33333333,1.8333333333333333,0.42105263,0.625,6.0,5.417790444691976,0.5822095553080242,3.9739169324437777,sa3077497
Jose Vega,STL,DSL,17,10.2,6.749997988343838,7.593747736886818,0.88888889,0.8437497485429798,0.16326531,0.18367347,-0.02040816,0.18918919,1.4999995529652974,0.21428571,0.79545455,4.218748742714899,7.678206189349568,-3.4594574466346693,7.35391281458938,sa3077498
Alejandro Bustamante,MIL,DSL,18,10.0,5.4,9.0,0.6,0.0,0.13636364,0.22727273,-0.09090909,0.11764706,1.4,0.14285714,0.78571429,2.7,6.384457111358643,-3.6844571113586424,7.59874961078167,sa3077499
Victor Vizcaya,HOU,DSL,19,12.0,4.5,4.5,1.0,0.0,0.13043478,0.13043478,0.0,0.175,1.0833333333333333,0.20588235,0.76923077,2.25,5.084457111358643,-2.8344571113586428,6.313205473870039,sa3077500
Jareth Rayo,OAK,DSL,18,11.0,9.0,2.4545454545454546,3.66666667,1.6363636363636365,0.24444444,0.06666667,0.17777778,0.23809524,1.1818181818181819,0.27586207,0.78431373,4.090909090909091,5.766275293176824,-1.6753662022677336,4.9796421755443925,sa3077501
Jhonaiker Castillo,CLE,DSL,18,8.0,4.5,11.25,0.4,0.0,0.0952381,0.23809524,-0.14285714,0.24137931,2.125,0.28,0.35,13.5,8.459457111358642,5.040542888641358,9.543646842986345,sa3077502
Jesus Vasquez,MIL,DSL,17,5.2,6.352937612568568,15.88234403142142,0.4,0.0,0.125,0.3125,-0.1875,0.27272727,2.8235278278082525,0.33333333,0.625,9.529406418852851,8.46680787459499,1.0625985442578614,9.538241831851163,sa3077503
Mervin Maiz,PIT,DSL,18,0.1,0.0,54.00053912939454,0.0,0.0,0.0,0.66666667,-0.66666667,0.0,6.00005990326606,0.0,0.5,27.00026956469727,22.584636821156824,4.415632743540446,22.584636821156824,sa3077504
Adrian Bello,MIL,DSL,17,4.1,6.230773801637651,16.61539680436707,0.375,2.0769246005458837,0.09090909,0.24242424,-0.15151515,0.33333333,3.461541000909806,0.35294118,0.17045455,24.923095206550602,14.507541313966755,10.415553892583848,13.509121624535425,sa3077505
David Mendoza,CIN,DSL,18,7.1,4.90909303712543,6.136366296406788,0.8,1.2272732592813576,0.125,0.15625,-0.03125,0.18518519,1.363636954757064,0.18181818,0.69767442,2.454546518562715,7.31173102087277,-4.857184502310055,5.893828863852351,sa3077506
Rafael Quezada,COL,DSL,18,2.0,0.0,9.0,0.0,0.0,0.0,0.28571429,-0.28571429,0.0,1.0,0.0,1.0,0.0,7.584457111358643,-7.584457111358643,8.885484789311885,sa3077507
Rickelby Ramos,SDP,DSL,17,5.1,6.75000402331592,16.875010058289803,0.4,0.0,0.11428571,0.28571429,-0.17142857,0.39130435,3.5625021234167358,0.47368421,0.33333333,18.56251106411878,9.834460240604358,8.728050823514423,11.13548869403099,sa3077508
Ronaldo Serrano,PIT,DSL,19,5.2,7.94117201571071,6.352937612568568,1.25,0.0,0.2,0.16,0.04,0.0952381,1.0588229354280947,0.125,0.66666667,3.176468806284284,4.937398089834675,-1.7609292835503907,6.4680180287720646,sa3077509
Jose Saldana,CIN,DSL,16,5.2,11.117640821994993,12.705875225137136,0.875,0.0,0.22580645,0.25806452,-0.03225807,0.19047619,2.1176458708561894,0.28571429,0.42857143,12.705875225137136,7.407984939166895,5.297890285970241,8.479418896423068,sa3077510
Cristofer Brujan,CLE,DSL,17,8.1,5.400002059937309,14.040005355837003,0.38461538,1.0800004119874618,0.10869565,0.2826087,-0.17391304,0.3030303,2.760001052856847,0.33333333,0.32407407,15.120005767824466,9.624459033966797,5.495546733857669,9.417527740100148,sa3077511
Antony Carela,CLE,DSL,17,10.1,6.096776069141533,11.322584128405703,0.53846154,0.0,0.15909091,0.29545455,-0.13636364,0.16666667,1.7419360197547236,0.2173913,0.89473684,0.8709680098773618,7.294135364310435,-6.423167354433073,7.965633727251058,sa3077512
Daiverson Blanco,TBR,DSL,16,10.0,13.5,3.6,3.75,0.0,0.375,0.1,0.275,0.22222222,1.2,0.38095238,0.58333333,2.7,2.784457111358643,-0.08445711135864276,3.3916033610701564,sa3077513
Oscar Montero,NYM,DSL,17,5.2,11.117640821994993,12.705875225137136,0.875,1.588234403142142,0.24137931,0.27586207,-0.03448276,0.15789474,1.9411753816181734,0.18181818,0.25862069,14.294109628279278,9.7021012992611,4.592008329018178,7.714108926954373,sa3077514
Gensil Rosario,NYM,DSL,17,9.0,8.0,9.0,0.88888889,0.0,0.19047619,0.21428571,-0.02380952,0.21875,1.7777777777777777,0.29166667,0.47058824,7.0,6.140012666914198,0.8599873330858019,7.296481713983748,sa3077515
Sebastian Echavarria,MIN,DSL,16,4.1,6.230773801637651,10.384623002729418,0.6,0.0,0.11111111,0.18518519,-0.07407407,0.3,2.538463400667191,0.35294118,0.46153846,12.461547603275301,8.04599811226845,4.415549491006852,9.046789367947033,sa3077516
Jhon Castro,NYY,DSL,18,1.1,6.750016696792419,54.00013357433935,0.125,0.0,0.07142857,0.57142857,-0.5,0.6,8.250020407190734,0.75,0.41666667,47.25011687754693,23.334503491337582,23.915613386209348,24.63553438751143,sa3077517
Andres Perez,CLE,DSL,17,5.0,10.8,3.6,3.0,1.8,0.22222222,0.07407407,0.14814815,0.375,2.2,0.47058824,0.37735849,5.4,6.584457111358643,-1.1844571113586424,5.545690324902535,sa3077518
John Rosillo,NYY,DSL,18,1.0,0.0,9.0,0.0,9.0,0.0,0.14285714,-0.14285714,0.5,4.0,0.4,0.76923077,9.0,20.584457111358642,-11.584457111358642,8.451808896660804,sa3077519
Alexander Garcia,LAA,DSL,17,7.0,5.142857142857143,7.714285714285714,0.66666667,0.0,0.13793103,0.20689655,-0.06896552,0.2173913,1.5714285714285714,0.26315789,0.81818182,1.2857142857142858,6.013028539930072,-4.727314254215786,6.508658131531307,sa3077520
Jose Serva,CHC,DSL,17,8.0,9.0,4.5,2.0,1.125,0.25806452,0.12903226,0.12903226,0.23076923,1.25,0.29411765,0.72916667,4.5,6.084457111358643,-1.5844571113586428,5.109970950335264,sa3077521
Luciano Prince,CHC,DSL,17,8.1,5.400002059937309,6.480002471924771,0.83333333,0.0,0.11904762,0.14285714,-0.02380952,0.30555556,2.040000778198539,0.35483871,0.58823529,5.400002059937309,5.54445747756972,-0.1444554176324111,6.689362270915092,sa3077522
Jose Avendano,CHC,DSL,17,5.2,12.705875225137136,15.88234403142142,0.8,0.0,0.22222222,0.27777778,-0.05555556,0.32,3.176468806284284,0.47058824,0.31578947,14.294109628279278,7.584455428404911,6.709654199874367,7.890579416192389,sa3077523
Mauricio Nunez,NYM,DSL,17,4.2,15.428560918698366,17.357131033535662,0.88888889,0.0,0.2962963,0.33333333,-0.03703704,0.16666667,2.571426819783061,0.3,0.58333333,5.785710344511887,6.941598362826449,-1.1558880183145614,7.313320303311899,sa3077524
Eduardo Pina,NYM,DSL,17,4.1,8.307698402183535,2.0769246005458837,4.0,0.0,0.23529412,0.05882353,0.17647059,0.3125,1.3846164003639223,0.41666667,0.83333333,2.0769246005458837,3.4306101110553744,-1.3536855105094907,3.830926613326808,sa3077525
Enmanuel Rodriguez,CHW,DSL,16,6.0,7.5,15.0,0.5,0.0,0.15151515,0.3030303,-0.15151515,0.14285714,2.1666666666666665,0.1875,0.4,13.5,8.917790444691976,4.582209555308024,9.49602496822675,sa3077526
Cesar Vivanco,NYY,DSL,17,2.1,0.0,3.85714850621175,0.0,0.0,0.0,0.1,-0.1,0.33333333,1.7142882249829998,0.33333333,0.25,11.57144551863525,5.870173280095893,5.701272238539357,6.985341494442002,sa3077527
Isaias Acosta,TEX,DSL,17,11.0,9.0,9.0,1.0,0.8181818181818182,0.21568627,0.21568627,0.0,0.20512821,1.7272727272727273,0.25925926,0.80645161,3.272727272727273,7.039002565904097,-3.766275293176824,7.118786980889061,sa3077528
Thomas Sveyda,HOU,DSL,19,5.1,15.187509052460822,15.187509052460822,1.0,0.0,0.3,0.3,0.0,0.25,2.625001564622858,0.45454545,0.6,3.37500201165796,6.83445845246395,-3.4594564408059894,7.484972679177265,sa3077529
Albert Castillo,TEX,DSL,18,9.0,11.0,5.0,2.2,2.0,0.21153846,0.09615385,0.11538462,0.41304348,2.6666666666666665,0.51515152,0.4954955,13.0,7.028901555803087,5.971098444196913,5.200109293394618,sa3077530
Joseph Moschetto,BAL,DSL,16,5.0,10.8,7.2,1.5,0.0,0.20689655,0.13793103,0.06896552,0.34782609,2.4,0.47058824,0.42857143,12.6,5.784457111358643,6.815542888641357,6.651808896660805,sa3077531
Cristian Alcantara,BOS,DSL,16,9.1,8.678574384476248,0.9642860427195831,9.0,0.9642860427195831,0.18367347,0.02040816,0.16326531,0.37777778,1.9285720854391661,0.45714286,0.40816327,10.607146469915413,5.334457366807207,5.272689103108206,4.870905550317573,sa3077532
Alexander Bertiz,DET,DSL,17,8.2,1.038461157556256,5.1923057877812795,0.2,1.038461157556256,0.02380952,0.11904762,-0.0952381,0.30555556,1.8461531689888995,0.29411765,0.51282051,4.153844630225024,7.930609730151023,-3.776765099925999,7.831716496528338,sa3077533
Freddy Lopez,NYY,DSL,17,8.0,9.0,7.875,1.14285714,1.125,0.21621622,0.18918919,0.02702703,0.28571429,1.875,0.36842105,0.64102564,6.75,7.584457111358643,-0.8344571113586428,6.609970950335264,sa3077534
Braillin Cordero,CIN,DSL,18,4.1,10.384623002729418,8.307698402183535,1.25,2.0769246005458837,0.19230769,0.15384615,0.03846154,0.3,2.307694000606537,0.35714286,0.66037736,6.230773801637651,9.43061451263237,-3.19984071099472,7.631561818658174,sa3077535
Yorgenson Artigas,PIT,DSL,20,2.1,11.57144551863525,15.428594024847,0.75,0.0,0.27272727,0.36363636,-0.09090909,0.0,1.7142882249829998,0.0,1.0,0.0,7.155889448833142,-7.155889448833142,7.899334925063883,sa3077536
Natali Familia,CIN,DSL,18,3.0,9.0,3.0,3.0,0.0,0.27272727,0.09090909,0.18181818,0.11111111,0.6666666666666666,0.16666667,0.66666667,3.0,4.584457111358643,-1.5844571113586428,5.740926158428192,sa3077537
Manuel Meza,MIN,DSL,19,6.0,7.5,10.5,0.71428571,0.0,0.18518519,0.25925926,-0.07407407,0.2,1.8333333333333333,0.26666667,0.45454545,7.5,6.417790444691976,1.0822095553080242,6.996024968226751,sa3077538
Jarol Lopez,COL,DSL,17,8.0,5.625,5.625,1.0,1.125,0.13888889,0.13888889,0.0,0.3,1.75,0.33333333,0.73529412,5.625,7.209457111358643,-1.5844571113586428,6.993903762474656,sa3077539
Jesus Heredia,SDP,DSL,19,4.1,10.384623002729418,18.692321404912953,0.55555556,0.0,0.13513514,0.24324324,-0.10810811,0.5,5.307696201395036,0.60869565,0.43478261,22.84617060600472,8.507536912389757,14.338633693614963,10.10880292147549,sa3077540
Wranigher Navas,NYM,DSL,18,4.0,11.25,13.5,0.83333333,2.25,0.18518519,0.22222222,-0.03703704,0.2,2.25,0.22222222,0.66176471,13.5,14.334457111358642,-0.8344571113586419,12.819160681962966,sa3077541
Ricardo Morel,MIA,DSL,20,10.0,14.4,10.8,1.33333333,0.9,0.30188679,0.22641509,0.0754717,0.23076923,2.1,0.36363636,0.69444444,5.4,6.884457111358643,-1.4844571113586422,6.972219967842102,sa3077542
Jose Taveras,CHW,DSL,18,4.0,13.5,4.5,3.0,0.0,0.33333333,0.11111111,0.22222222,0.3125,1.75,0.5,0.71428571,2.25,3.0844571113586428,-0.8344571113586428,3.518133004009724,sa3077543
Kevin Colmenares,TEX,DSL,18,7.0,16.714285714285715,2.5714285714285716,6.5,0.0,0.5,0.07692308,0.42307692,0.125,0.7142857142857143,0.27272727,0.8,1.2857142857142858,1.7273142542157855,-0.44159996850149974,2.222943845817021,sa3077544
Carlos Mueses,WSN,DSL,17,0.2,0.0,13.49993200634393,0.0,0.0,0.0,0.33333333,-0.33333333,0.0,1.4999924451493254,0.0,1.0,0.0,9.084434446806618,-9.084434446806618,11.686476697286665,sa3077546
Carlos Pena,TOR,DSL,18,2.2,13.499982699774025,6.749991349887012,2.0,0.0,0.28571429,0.14285714,0.14285714,0.16666667,1.4999980777526694,0.25,0.0,0.0,3.834458072482308,-3.834458072482308,4.81022758049875,sa3077556
Jordan Perez,SDP,DSL,17,1.0,9.0,0.0,1.0,9.0,0.125,0.0,0.125,0.5,4.0,0.5,0.0,27.0,15.584457111358642,11.415542888641358,5.186512467265129,sa3077557
Luis Morales,SDP,DSL,18,2.1,3.85714850621175,15.428594024847,0.25,0.0,0.1,0.4,-0.3,0.16666667,2.14286028122875,0.2,0.4,11.57144551863525,8.870177673816142,2.7012678448191068,9.985345888162252,sa3077558
Denichel Javier,TBR,DSL,18,8.0,9.0,0.0,8.0,0.0,0.24242424,0.0,0.24242424,0.1875,0.75,0.25,0.28571429,1.125,2.9594571113586428,-1.8344571113586428,3.393133004009724,sa3077559
Ekin Decena,CIN,DSL,19,3.1,8.100008304127623,8.100008304127623,1.0,2.700002768042541,0.17647059,0.17647059,0.0,0.30769231,2.1000021529219763,0.33333333,0.75757576,5.400005536085082,10.284462955004008,-4.884457418918926,7.1650763637811625,sa3077560
Aldwin Morillo,MIN,DSL,18,4.1,12.461547603275301,6.230773801637651,2.0,0.0,0.28571429,0.14285714,0.14285714,0.1875,1.3846164003639223,0.3,0.375,10.384623002729418,5.276765311540604,5.107857691188814,5.877240064947754,sa3077561
Francisco Tavarez,LAD,DSL,18,4.2,9.642850574186479,19.285701148372958,0.5,0.0,0.18518519,0.37037037,-0.18518519,0.26666667,2.999997956413571,0.4,0.4375,17.357131033535662,10.155881887555275,7.201249145980388,10.899325768526175,sa3077562
Sebastian Saud,HOU,DSL,19,1.0,0.0,62.999998122453746,0.0,0.0,0.0,0.63636364,-0.63636364,0.33333333,7.999999761581428,0.33333333,0.55555556,35.99999892711642,28.584456396102926,7.415542531013497,28.584456396102926,sa3077563
Miguel Reyes,HOU,DSL,18,5.2,15.88234403142142,4.7647032094264254,3.33333333,0.0,0.37037037,0.11111111,0.25925926,0.18181818,1.2352934246661105,0.33333333,0.66666667,1.588234403142142,3.702104665168564,-2.1138702620264223,4.31435264074352,sa3077564
Halton Hardy,MIN,CPX,24,5.0,9.0,5.4,1.66666667,0.0,0.2173913,0.13043478,0.08695652,0.25,1.6,0.33333333,0.75,3.6,3.9291024208068848,-0.3291024208068847,5.650337368249893,sa3077565
Alexander Garcia,TOR,DSL,20,5.2,4.7647032094264254,4.7647032094264254,1.0,0.0,0.11538462,0.11538462,0.0,0.27272727,1.588234403142142,0.31578947,0.8,0.0,5.643280046786737,-5.643280046786737,6.561652010149171,sa3077566
Ashwar Sprok,MIN,DSL,17,1.1,0.0,20.250050090377258,0.0,6.750016696792419,0.0,0.33333333,-0.33333333,0.33333333,3.7500092759957884,0.2,0.55555556,20.250050090377258,21.08449792574011,-0.8344478353628517,13.936535600498754,sa3077569
Gerson Rivero,SFG,DSL,18,3.1,10.800011072170165,2.700002768042541,4.0,0.0,0.25,0.0625,0.1875,0.28571429,1.5000015378014118,0.4,0.66666667,2.700002768042541,3.984456496238078,-1.2844537281955368,5.285485508006121,sa3077572
Kevin Meza,COL,DSL,17,5.0,5.4,9.0,0.6,0.0,0.13043478,0.2173913,-0.08695652,0.2,1.6,0.25,0.63636364,7.2,8.184457111358643,-0.9844571113586431,9.225279253721236,sa3077573
Jose Alcantara,CIN,DSL,19,1.2,10.799978628200861,26.999946570502154,0.4,5.399989314100431,0.16666667,0.41666667,-0.25,0.28571429,4.199991688744779,0.25,0.35714286,26.999946570502154,18.98442861562646,8.015517954875694,13.266084216235882,sa3077574
Aneury Sosa,SDP,DSL,19,7.0,3.857142857142857,5.142857142857143,0.75,1.2857142857142858,0.08823529,0.11764706,-0.02941176,0.31034483,1.8571428571428572,0.32,0.87301587,3.857142857142857,7.727314254215786,-3.870171397072929,7.109245376076018,sa3077575
Failin Placencio,MIN,DSL,20,1.0,18.0,18.0,1.0,9.0,0.33333333,0.33333333,0.0,0.25,3.0,0.0,0.0,27.0,19.584457111358642,7.415542888641358,8.319160681962966,sa3077576
Saúl Figuereo,STL,DSL,18,0.0,0.0,9.0,0.0,0.0,0.0,1.0,-1.0,0.0,1.0,0.0,0.0,9.0,7.584457111358643,1.4155428886413572,7.584457111358643,sa3077579
Eduardo Villegas,LAD,DSL,17,2.2,3.374995674943506,13.499982699774025,0.25,3.374995674943506,0.05882353,0.23529412,-0.17647059,0.41666667,3.374995674943506,0.4,0.46511628,20.249974049661038,14.334444616750993,5.915529432910045,11.410989880087701,sa3077580
Isaias Harvey,HOU,DSL,18,3.2,9.818172667645873,2.4545431669114683,4.0,0.0,0.36363636,0.09090909,0.27272727,0.0,0.2727270185457187,0.0,-1.0,0.0,3.2208220186300496,-3.2208220186300496,3.9304728179373445,sa3077585
Josue Rondon,WSN,DSL,17,3.0,3.0,0.0,1.0,3.0,0.07142857,0.0,0.07142857,0.35714286,1.6666666666666667,0.33333333,0.83333333,6.0,8.25112377802531,-2.2511237780253097,5.363376753528913,sa3077586
Ranfi Vargas,BOS,DSL,18,2.2,0.0,26.99996539954805,0.0,3.374995674943506,0.0,0.36363636,-0.36363636,0.4,4.499994233258008,0.33333333,0.4109589,33.74995674943506,22.959433563828842,10.790523185606215,19.385465821821256,sa3077587
Esteban Mejia,NYM,DSL,17,3.0,6.0,6.0,1.0,0.0,0.14285714,0.14285714,0.0,0.18181818,1.3333333333333333,0.22222222,0.8,3.0,6.25112377802531,-3.2511237780253097,7.407592825094859,sa3077588
Dennisom Carrera,HOU,DSL,19,2.1,11.57144551863525,3.85714850621175,3.0,0.0,0.33333333,0.11111111,0.22222222,0.125,0.8571441124914999,0.2,1.0,0.0,3.298740942621393,-3.298740942621393,3.6704636807367628,sa3077589
Brock Gillis,WSN,CPX,24,7.2,9.391300453807808,5.86956278362988,1.6,0.0,0.22222222,0.13888889,0.08333333,0.32258065,1.9565209278766267,0.43478261,0.66666667,5.86956278362988,3.9986676922817765,1.8708950913481037,5.3083024353514485,sa3077600
Connor Wilford,SEA,CPX,25,8.0,7.875,3.375,2.33333333,0.0,0.20588235,0.08823529,0.11764706,0.23333333,1.25,0.30434783,0.90909091,1.125,4.567668151855469,-3.442668151855469,5.312673405557871,sa3077601
Trace Phillips,TBR,CPX,21,2.0,9.0,0.0,2.0,0.0,0.33333333,0.0,0.33333333,0.0,0.0,0.0,1.0,0.0,2.129102420806885,-2.129102420806885,2.8462836489081385,sa3077602
Yostin Pinales,ATL,DSL,18,1.0,9.0,27.0,0.33333333,0.0,0.14285714,0.42857143,-0.28571429,0.25,4.0,0.33333333,0.25,27.0,11.584457111358642,15.415542888641358,12.451808896660804,sa3077603
Lemin Bens,HOU,DSL,16,0.2,13.49993200634393,26.99986401268786,0.5,0.0,0.2,0.4,-0.2,0.0,2.999984890298651,0.0,0.0,0.0,10.584426891955944,-10.584426891955944,11.885448017195968,sa3077604
Alieski Torres,TOR,DSL,18,2.0,4.5,0.0,1.0,0.0,0.14285714,0.0,0.14285714,0.14285714,0.5,0.16666667,1.0,0.0,3.5844571113586428,-3.5844571113586428,5.319160681962967,sa3077605
Geowin Gomez,ATL,DSL,17,3.2,12.27271583455734,9.818172667645873,1.25,0.0,0.26315789,0.21052632,0.05263158,0.2,1.9090891298200308,0.3,0.85714286,0.0,5.129911148450081,-5.129911148450081,6.312662480628905,sa3077606
Yeider Pineda,BOS,DSL,17,1.0,9.0,27.0,0.33333333,9.0,0.125,0.375,-0.25,0.6,6.0,0.66666667,0.65217391,27.0,24.584457111358642,2.415542888641358,12.451808896660804,sa3077607
Hollis Watson,LAA,DSL,21,0.2,13.49993200634393,80.99959203806357,0.16666667,0.0,0.09090909,0.54545455,-0.45454546,0.6,13.49993200634393,0.75,0.11111111,107.99945605075143,28.584336233747848,79.41511981700359,28.584336233747848,sa3077608
Giovanni Medina,ATL,DSL,17,2.2,3.374995674943506,13.499982699774025,0.25,0.0,0.0625,0.25,-0.1875,0.36363636,2.9999961555053387,0.4,0.66666667,0.0,9.45945086405482,-9.45945086405482,10.109963869399113,sa3077609
Anthony Herrera,BOS,DSL,18,9.0,12.0,5.0,2.4,0.0,0.34285714,0.14285714,0.2,0.07142857,0.7777777777777778,0.125,1.0,0.0,4.25112377802531,-4.25112377802531,4.8293583015600845,sa3077610
Jose Sanchez,NYY,DSL,17,4.2,7.714280459349183,5.785710344511887,1.33333333,1.9285701148372958,0.2,0.15,0.05,0.23529412,1.4999989782067855,0.25,0.89285714,1.9285701148372958,7.584455067772214,-5.655884952934918,6.471491411858422,sa3077611
Rinangel Mayora,BOS,DSL,16,5.0,3.6,5.4,0.66666667,1.8,0.08695652,0.13043478,-0.04347826,0.25,1.6,0.23529412,0.60606061,7.2,8.184457111358643,-0.9844571113586431,7.319160681962967,sa3077612
Juan Poche,CLE,DSL,17,1.1,0.0,13.500033393584838,0.0,0.0,0.0,0.2,-0.2,0.625,5.250012986394103,0.625,0.42857143,27.000066787169676,9.084468242553589,17.91559854461609,9.734983690640512,sa3077613
Enmanuel Feliz,NYM,DSL,19,3.2,7.363629500734405,9.818172667645873,0.75,0.0,0.16666667,0.22222222,-0.05555556,0.08333333,1.3636350927285934,0.11111111,1.0,0.0,7.857181333907267,-7.857181333907267,9.039932666086091,sa3077614
Christian Polanco,LAD,DSL,20,3.0,6.0,15.0,0.4,0.0,0.125,0.3125,-0.1875,0.18181818,2.3333333333333335,0.22222222,0.42857143,12.0,8.25112377802531,3.7488762219746903,9.118475563327472,sa3077615
Gabe Tanner,CHW,"A,CPX",24,6.2,6.749996539952145,2.6999986159808578,2.5,1.3499993079904289,0.17857143,0.07142857,0.10714286,0.24,1.1999993848803812,0.26315789,0.78947368,4.049997923971286,5.897667426586523,-1.8476695026152363,5.95141646599856,sa3077616
Enmanuel Araujo,TOR,DSL,20,0.2,13.49993200634393,94.49952404440751,0.14285714,0.0,0.11111111,0.77777778,-0.66666667,0.0,10.499947116045277,0.0,0.42857143,53.99972802537572,33.08431356919583,20.91541445617989,34.38533469443585,sa3077617
Jose Melo,TOR,DSL,21,5.0,5.4,3.6,1.5,1.8,0.15789474,0.10526316,0.05263158,0.11764706,0.8,0.07692308,0.76923077,3.6,7.184457111358643,-3.584457111358643,5.972219967842102,sa3077618
Emmy De Oleo,ARI,DSL,17,1.0,18.0,18.0,1.0,0.0,0.25,0.25,0.0,0.4,4.0,0.66666667,0.2,36.0,9.584457111358642,26.415542888641358,10.451808896660804,sa3077634
Nathanael Jacinto,SDP,DSL,20,1.2,16.199967942301292,32.399935884602584,0.5,0.0,0.27272727,0.54545455,-0.27272727,0.0,3.599992876066954,0.0,0.5,10.799978628200861,11.78444286349255,-0.9844642352916892,11.78444286349255,sa3077635
Delvin Medina,KCR,DSL,17,1.2,10.799978628200861,16.199967942301292,0.66666667,0.0,0.18181818,0.27272727,-0.09090909,0.25,2.999994063389128,0.33333333,0.4,5.399989314100431,7.584451174747771,-2.1844618606473407,9.66609134016893,sa3077636
Jesus Garcia,LAD,DSL,18,1.1,0.0,6.750016696792419,0.0,0.0,0.0,0.14285714,-0.14285714,0.33333333,2.250005565597473,0.33333333,0.66666667,6.750016696792419,6.834462676956116,-0.08444598016369742,6.834462676956116,sa3077637
Victor Gallegos,NYM,DSL,18,1.2,10.799978628200861,16.199967942301292,0.66666667,0.0,0.15384615,0.23076923,-0.07692308,0.33333333,2.999994063389128,0.5,0.22222222,37.799925198703015,14.784436926881678,23.015488271821336,15.30484696823697,sa3077638
Ben DeTaeye,TEX,A+,25,2.0,9.0,13.5,0.66666667,4.5,0.16666667,0.25,-0.08333333,0.33333333,3.0,0.33333333,0.65217391,13.5,12.594311904907226,0.9056880950927741,8.94818594008684,sa3077642
Nathan Shinn,STL,A,22,3.0,15.0,6.0,2.5,0.0,0.41666667,0.16666667,0.25,0.1,1.0,0.2,1.0,0.0,2.413745752970378,-2.413745752970378,2.413745752970378,sa3077643
Luke Hansel,COL,A,24,3.0,12.0,0.0,4.0,6.0,0.33333333,0.0,0.33333333,0.25,1.0,0.16666667,1.0,6.0,10.551000785827636,-4.551000785827636,3.524343164761861,sa3077645
Hector Ozuna,ARI,DSL,19,2.0,4.5,9.0,0.5,0.0,0.11111111,0.22222222,-0.11111111,0.14285714,1.5,0.16666667,1.0,0.0,6.584457111358643,-6.584457111358643,8.319160681962966,sa3077646
Darren Pereira,ATL,DSL,17,1.1,0.0,6.750016696792419,0.0,0.0,0.0,0.16666667,-0.16666667,0.25,1.5000037103983153,0.25,0.66666667,6.750016696792419,9.084468242553589,-2.33445154576117,11.036014586814357,sa3077647
Misael Almanzar,LAA,DSL,18,1.1,0.0,0.0,0.0,0.0,0.0,0.0,0.0,0.42857143,2.250005565597473,0.42857143,0.5,13.500033393584838,6.834462676956116,6.6655707166287215,10.087039917390731,sa3077648
Axel De Lira,HOU,DSL,19,1.0,18.0,9.0,2.0,0.0,0.25,0.125,0.125,0.66666667,5.0,1.0,0.5,27.0,6.584457111358643,20.415542888641358,6.584457111358643,sa3077649
Steuri Amancio,LAA,DSL,17,1.0,9.0,9.0,1.0,0.0,0.25,0.25,0.0,0.0,1.0,0.0,1.0,0.0,5.584457111358643,-5.584457111358643,6.451808896660805,sa3077660
Filippo Sabatini,PHI,DSL,19,2.0,9.0,4.5,2.0,0.0,0.18181818,0.09090909,0.09090909,0.4,2.5,0.5,0.4,13.5,4.084457111358643,9.415542888641358,6.252836574614048,sa3077661
Juan Martinez,HOU,DSL,19,1.0,9.0,18.0,0.5,0.0,0.2,0.4,-0.2,0.0,2.0,0.0,0.5,9.0,8.584457111358642,0.41554288864135813,9.451808896660804,sa3077662
Jesus Cova,ATL,DSL,18,1.0,9.0,18.0,0.5,0.0,0.11111111,0.22222222,-0.11111111,0.33333333,3.0,0.5,0.57142857,27.0,20.584457111358642,6.415542888641358,21.451808896660804,sa3077663
Abrahan Diaz,TOR,DSL,17,1.0,9.0,0.0,1.0,0.0,0.2,0.0,0.2,0.4,2.0,0.5,0.5,9.0,2.5844571113586428,6.415542888641357,3.451808896660805,sa3077664
Maikel Vargas,BOS,DSL,17,0.1,0.0,108.00107825878908,0.0,0.0,0.0,0.66666667,-0.66666667,0.5,15.00014975816515,0.5,0.0,135.00134782348636,40.58481653095501,94.41653129253135,40.58481653095501,sa3077665
Leonel Figuera,BOS,DSL,18,2.1,7.7142970124235,0.0,2.0,0.0,0.2,0.0,0.2,0.3,1.2857161687372498,0.375,1.0,0.0,2.8701688863756427,-2.8701688863756427,4.357059838837123,sa3077666
Manuel Fernandez,OAK,DSL,21,1.0,9.0,18.0,0.5,0.0,0.2,0.4,-0.2,0.0,2.0,0.0,1.0,0.0,8.584457111358642,-8.584457111358642,10.319160681962966,sa3077667
Nate Nabholz,SFG,A,25,1.0,0.0,0.0,0.0,9.0,0.0,0.0,0.0,0.25,1.0,0.0,1.0,9.0,17.551000785827636,-8.551000785827636,7.831018877029419,sa3077676
Isaac Silva,BAL,CPX,23,2.0,0.0,0.0,0.0,0.0,0.0,0.0,0.0,0.28571429,1.0,0.28571429,1.0,0.0,4.129102420806885,-4.129102420806885,4.8462836489081385,sa3077677
Ferny Barreda,SEA,CPX,22,2.0,13.5,9.0,1.5,0.0,0.23076923,0.15384615,0.07692308,0.45454545,3.5,0.625,0.42857143,18.0,4.817668151855469,13.182331848144532,7.797689166665077,sa3077678
Anderson Franco,COL,DSL,17,0.2,0.0,26.99986401268786,0.0,0.0,0.0,0.4,-0.4,0.33333333,4.499977335447976,0.33333333,0.33333333,26.99986401268786,13.584411782254595,13.415452230433264,13.584411782254595,sa3077679
Luis Guevara,OAK,DSL,18,0.2,13.49993200634393,26.99986401268786,0.5,0.0,0.16666667,0.33333333,-0.16666667,0.5,5.999969780597302,0.66666667,0.75,13.49993200634393,10.584426891955944,2.915505114387985,11.885448017195968,sa3077680
Jordan Key,OAK,DSL,19,0.2,13.49993200634393,26.99986401268786,0.5,0.0,0.16666667,0.33333333,-0.16666667,0.33333333,4.499977335447976,0.5,0.75,13.49993200634393,15.084404227403919,-1.5844722210599897,16.385425352643942,sa3077681
Sebastian Rodriguez,TOR,DSL,19,1.0,18.0,0.0,2.0,0.0,0.66666667,0.0,0.66666667,0.0,0.0,0.0,1.0,0.0,0.5844571113586428,-0.5844571113586428,0.5844571113586428,sa3077682
Brandy Luis,NYY,DSL,18,3.0,9.0,6.0,1.5,0.0,0.23076923,0.15384615,0.07692308,0.27272727,1.6666666666666667,0.375,0.8,3.0,4.584457111358643,-1.5844571113586428,5.1626916348934175,sa3077683
Jhon Cabrera,STL,DSL,18,1.0,9.0,0.0,1.0,0.0,0.25,0.0,0.25,0.0,0.0,0.0,1.0,0.0,5.584457111358643,-5.584457111358643,5.584457111358643,sa3077684
Andrew Thurman,SDP,"AA,AAA",34,33.1,8.100000801444134,7.2900007212997195,1.11111111,0.5400000534296089,0.1910828,0.17197452,0.01910828,0.25984252,1.8000001780986963,0.32631579,0.61461794,6.480000641155306,5.348488808205354,1.1315118329499523,6.039001719361259,sa621668
Cristian Alvarado,SFG,AA,31,1.0,18.0,0.0,2.0,0.0,0.5,0.0,0.5,0.25,1.0,0.5,1.0,0.0,-0.4375083923339842,0.4375083923339842,-0.4375083923339842,sa657885
Gerson Moreno,STL,"AAA,CPX",30,7.0,10.285714285714286,6.428571428571429,1.6,2.5714285714285716,0.23529412,0.14705882,0.08823529,0.31034483,2.0,0.36842105,0.89285714,5.142857142857143,7.206138460976737,-2.0632813181195937,5.630606433323452,sa736656
Ofreidy Gómez,NYM,AAA,30,20.0,12.6,7.2,1.75,0.0,0.29166667,0.16666667,0.125,0.25316456,1.8,0.39215686,0.64864865,4.95,3.302311134338379,1.647688865661621,4.612297767400742,sa737451
Jean Henriquez,BAL,AA,32,9.1,12.53571855535458,5.785716256317499,2.16666667,1.9285720854391661,0.26,0.12,0.14,0.31818182,2.142857872710185,0.4137931,0.1744186,14.464290640793745,5.491063693105182,8.973226947688563,4.112020256848386,sa828192
Jefry Yan,NYM,"AA,AAA",29,29.2,16.078649962494886,6.977527342214762,2.30434783,0.3033707540093375,0.4140625,0.1796875,0.234375,0.18269231,1.4157301853769082,0.36,0.69711538,3.6404490481120497,2.8535970290210355,0.7868520190910142,3.4269336465297613,sa828460
Trey Supak,TEX,AAA,30,68.2,6.160195087350655,3.4077674951301495,1.80769231,1.0485438446554305,0.15460526,0.08552632,0.06907895,0.28571429,1.5145633311689553,0.32110092,0.68507157,5.50485518444101,5.493763859758133,0.011091324682877435,5.988923961740699,sa828707
Andrew Bechtold,PHI,"A,A+,AAA",30,10.2,8.437497296837094,6.7499978374696745,1.25,1.6874994593674186,0.18867925,0.1509434,0.03773585,0.37777778,2.343749249121415,0.45454545,0.67567568,8.437497296837094,6.435699328700674,2.0017979681364197,6.195952684746574,sa829787
Carlos Guzman,NYM,"AA,AAA",28,29.0,11.172413793103448,3.103448275862069,3.6,1.5517241379310345,0.30508475,0.08474576,0.22033898,0.19626168,1.0689655172413792,0.24242424,0.72,4.344827586206897,4.455766858745496,-0.11093927253859892,3.8293897653646005,sa871477
Domingo Robles,OAK,"AA,AAA",28,34.0,7.411764705882353,4.5,1.64705882,0.0,0.19444444,0.11805556,0.07638889,0.23809524,1.3823529411764706,0.30612245,0.6875,3.7058823529411766,3.645939681109261,0.05994267183191582,5.232547856078429,sa872881
Wandisson Charles,DET,AA,29,33.0,10.909090909090908,3.5454545454545454,3.07692308,0.8181818181818182,0.28776978,0.09352518,0.19424461,0.24193548,1.303030303030303,0.33333333,0.68627451,4.363636363636363,3.683703728878137,0.6799326347582264,4.093271281863704,sa874818
Abdiel Mendoza,SEA,AA,27,25.2,8.415583373282374,3.15584376498089,2.66666667,1.7532465361004945,0.19834711,0.07438017,0.12396694,0.26415094,1.4415582630159622,0.2987013,0.5,7.012986144401978,6.070519667094824,0.9424664773071543,5.911032891447224,sa916829
Janser Lara,TEX,AA,29,29.1,12.579546817817127,3.9886367958932354,3.15384615,3.068182150687104,0.30597015,0.09701493,0.20895522,0.26446281,1.534091075343552,0.31428571,0.74193548,5.8295460863054975,6.620844963020565,-0.791298876715067,4.524929467113876,sa917460
Anderson Pilar,ATL,AAA,28,28.2,7.534882885369269,2.511627628456423,3.0,0.9418603606711586,0.21052632,0.07017544,0.14035088,0.16666667,0.8720929265473691,0.18666667,0.80645161,2.511627628456423,4.494171495009538,-1.9825438665531148,5.026876370760981,sa917899
Kevin Gowdy,NYM,AA,28,9.1,11.571432512634997,8.678574384476248,1.33333333,1.9285720854391661,0.24489796,0.18367347,0.06122449,0.28205128,2.142857872710185,0.36,0.43956044,10.607146469915413,6.991064204002312,3.616082265913102,5.411067653707452,sa917928
Julian Garcia,CIN,AAA,31,35.2,13.626166281132738,3.028036951362831,4.5,1.0093456504542768,0.37762238,0.08391608,0.29370629,0.20155039,1.0654204088128478,0.30985915,0.81395349,3.028036951362831,3.1597878258283827,-0.13175087446555178,3.066048952398522,sa918182
Brian Keller,PHI,"AAA,CPX",32,17.1,9.865386424685703,4.67307778011428,2.11111111,2.076923457828569,0.24675325,0.11688312,0.12987013,0.25,1.500000275098411,0.28888889,0.88235294,3.6346160511999956,6.0175254629601564,-2.382909411760161,5.126415423196883,sa918951
Cristhian Tortosa,PIT,"A,AA,CPX",27,18.1,12.272729480562528,7.363637688337517,1.66666667,1.4727275376675033,0.29761905,0.17857143,0.11904762,0.1969697,1.5272730020255592,0.26315789,0.59701493,6.381819329892515,6.01408923791071,0.3677300919818052,5.8305804822783385,sa920454
Raul Brito,MIN,AAA,29,40.2,8.409835013738537,5.090163297789115,1.65217391,1.3278686863797688,0.20994475,0.12707182,0.08287293,0.25,1.5245899732508459,0.29464286,0.77338129,3.762294611409345,5.445753520472494,-1.683458909063149,4.908268774764872,sa928287
Daison Acosta,SDP,"A,CPX",27,5.2,14.294109026871174,1.5882343363190194,9.0,1.5882343363190194,0.45,0.05,0.4,0.15789474,0.7058819272528974,0.22222222,1.0,1.5882343363190194,4.3392365779015725,-2.751002241582553,3.1233621172303696,sa944989
