PlayerId,Name
11387,A.J. Achter
22343,A.J. Alexy
512,A.J. Burnett
11467,A.J. Cole
5677,A.J. Ellis
33656,A.J. Ewing
11132,A.J. Griffin
606,A.J. Hinch
7077,A.J. Jimenez
16266,A.J. Ladwig
18655,A.J. Minter
9919,A.J. Morris
3422,A.J. Murray
746,A.J. Pierzynski
19343,A.J. Puk
11432,A.J. Schugel
31764,AJ Blubaugh
9256,AJ Pollock
8350,AJ Ramos
16246,AJ Reed
29960,AJ Smith-Shawver
11270,Aaron Altherr
23550,Aaron Ashby
11243,Aaron Barrett
2777,Aaron Bates
14934,Aaron Blair
311,Aaron Boone
12272,Aaron Brooks
16258,Aaron Bummer
19479,Aaron Civale
1571,Aaron Cook
10149,Aaron Crow
4087,Aaron Cunningham
22052,Aaron Fletcher
1113,Aaron Fultz
1503,Aaron Guiel
1451,Aaron Harang
1751,Aaron Heilman
5297,Aaron Hicks
6104,Aaron Hill
1960,Aaron Holbert
15640,Aaron Judge
6248,Aaron Laffey
1007444,Aaron Ledesma
1788,Aaron Looper
10343,Aaron Loup
1844,Aaron Miles
1263,Aaron Myette
16149,Aaron Nola
10218,Aaron Northcraft
4313,Aaron Poreda
2638,Aaron Rakers
254,Aaron Rowand
11490,Aaron Sanchez
25524,Aaron Schunk
34,Aaron Sele
15231,Aaron Slegers
1477,Aaron Small
1627,Aaron Taylor
999,Aaron Thompson
19938,Aaron Whitefield
16904,Aaron Wilkerson
6259,Abe Alvarez
12962,Abel De Los Santos
15496,Abiatal Avelino
29539,Abimelec Ortiz
25327,Abner Uribe
5486,Abraham Almonte
531,Abraham M. Nunez
1420,Abraham O. Nunez
19844,Abraham Toro
27962,Adael Amador
13188,Adalberto Mejía
3752,Adalberto Mendez
13769,Adalberto Mondesi
460,Adam Bernero
15288,Adam Cimber
14457,Adam Conley
319,Adam Dunn
10950,Adam Duvall
11205,Adam Eaton
1029,Adam Eaton
15082,Adam Engel
1430,Adam Everett
15223,Adam Frazier
4647,Adam Greenberg
19878,Adam Haseley
1543,Adam Hyzdu
733,Adam Johnson
6368,Adam Jones
19,Adam Kennedy
24493,Adam Kloffenstein
10843,Adam Kolarek
1904,Adam LaRoche
10637,Adam Liberatore
8027,Adam Lind
2134,Adam Loewen
25590,Adam Macko
31900,Adam Mazur
19550,Adam McCreery
294,Adam Melhuse
9362,Adam Moore
12580,Adam Morgan
20132,Adam Oller
1247,Adam Ottavino
4523,Adam Peterson
489,Adam Pettyjohn
935,Adam Piatt
15846,Adam Plutko
492,Adam Riggs
9682,Adam Rosales
7334,Adam Russell
2954,Adam Shabala
3568,Adam Stern
2233,Adam Wainwright
9029,Adam Warren
8421,Adam Wilk
17859,Adbert Alzolay
24598,Addison Barger
10586,Addison Reed
14106,Addison Russell
10459,Adeiny Hechavarría
26288,Adley Rutschman
19287,Adolis García
13777,Adonis García
19903,Adonis Medina
17942,Adonis Rosa
639,Adrian Beltré
985,Adrian Brown
9514,Adrian Cardenas
29554,Adrian Del Castillo
1504,Adrian Hernandez
12718,Adrian Houser
20039,Adrian Morejon
10294,Adrian Nieto
13339,Adrian Sampson
1908,Adrián González
21023,Adrián Martinez
11338,Adrián Sanchez
7995,Adron Chambers
2268,Agustin Montero
26546,Agustín Ramírez
12185,Akeel Morris
15979,Akeem Bostick
22168,Akil Baddoo
7781,Akinori Iwamura
1895,Akinori Otsuka
6324,Al Alburquerque
883,Al Leiter
20,Al Levine
1167,Al Martin
1005,Al Reyes
265,Alan Benes
15239,Alan Busenitz
1030,Alan Embree
917,Alan Johnson
1008949,Alan Mills
1009540,Alan Newman
19524,Alan Rangel
31564,Alan Roden
20056,Alan Trejo
581,Alan Zinter
8542,Alay Soler
17485,Albert Abreu
14109,Albert Almora Jr.
1000802,Albert Belle
1177,Albert Pujols
6175,Albert Suárez
3087,Alberto Arias
11812,Alberto Baldonado
8352,Alberto Cabrera
3336,Alberto Callaspo
3316,Alberto Castillo
812,Alberto Castillo
4906,Alberto Gonzalez
7125,Alberto Rosario
102,Albie Lopez
6310,Alcides Escobar
13560,Alec Asher
20312,Alec Bettinger
21618,Alec Bohm
27615,Alec Burleson
26227,Alec Gamboa
27451,Alec Marsh
13834,Alec Mills
15937,Aledmys Díaz
13530,Alejandro Chacin
3371,Alejandro De Aza
8588,Alejandro Freire
22581,Alejandro Kirk
2082,Alejandro Machado
27915,Alejandro Osuna
21127,Alejo Lopez
29628,Alek Jacob
26410,Alek Manoah
23792,Alek Thomas
12926,Alen Hanson
123,Alex Arias
7476,Alex Avila
16271,Alex Blandino
17678,Alex Bregman
4065,Alex Burnett
1001806,Alex Cabrera
19296,Alex Call
26463,Alex Carrillo
7223,Alex Castellanos
50,Alex Cintron
12890,Alex Claudio
6562,Alex Cobb
6661,Alex Colomé
1386,Alex Cora
13877,Alex D. Mejia
19477,Alex De Goti
12649,Alex Dickerson
383,Alex Escobar
19874,Alex Faedo
1003993,Alex Fernandez
31665,Alex Freeland
281,Alex Gonzalez
5209,Alex Gordon
1910,Alex Graman
15670,Alex Guerrero
9959,Alex Hassan
1005695,Alex Hernandez
1505,Alex Herrera
3941,Alex Hinshaw
31880,Alex Hoppe
17276,Alex Jackson
20325,Alex Kirilloff
19883,Alex Lange
5411,Alex Liddi
16317,Alex McRae
12833,Alex Meyer
700,Alex Ochoa
1470,Alex Pelaez
5305,Alex Presley
1778,Alex Prieto
1010668,Alex Ramirez
15015,Alex Reyes
2090,Alex Rios
1274,Alex Rodriguez
3129,Alex Romero
5350,Alex Sanabia
708,Alex Sanchez
2436,Alex Serrano
21859,Alex Speas
7038,Alex Torres
17027,Alex Verdugo
25007,Alex Vesia
19845,Alex Wells
10054,Alex White
9239,Alex Wilson
11394,Alex Wimmers
13781,Alex Wood
18333,Alex Young
22842,Alexander Canario
5133,Alexei Ramirez
9063,Alexi Amarista
5248,Alexi Casilla
10261,Alexi Ogando
21132,Alexis Díaz
1501,Alexis Gomez
21560,Alfonso Rivas III
847,Alfonso Soriano
5164,Alfredo Aceves
1,Alfredo Amezaga
8404,Alfredo Figaro
14267,Alfredo González
5212,Alfredo Marte
2155,Alfredo Simon
8848,Ali Solis
18551,Ali Sánchez
27604,Alika Williams
28846,Alimber Santa
9113,Allan Dykstra
1864,Allan Simpson
21238,Allan Winans
3433,Allen Craig
15722,Allen Córdoba
925,Allen Levrault
1008453,Allen McDill
1013675,Allen Watson
3993,Allen Webster
2559,Alvin Colina
5436,Amauri Sanit
1802,Amaury Telemaco
3246,Ambiorix Burgos
15518,Amed Rosario
14375,Amir Garrett
26128,Amos Willingham
1944,Anastacio Martinez
18593,Anderson Espinoza
3377,Anderson Garcia
3366,Anderson Hernandez
1853,Anderson Machado
20582,Anderson Severino
19909,Anderson Tejeda
6265,Andre Ethier
29542,Andre Granillo
21298,Andre Jackson
25822,Andre Lipcius
26108,Andre Pallante
20329,Andre Scrubb
10847,Andrelton Simmons
1390,Andres Galarraga
1488,Andres Torres
29911,Andrew Abbott
7853,Andrew Albers
29914,Andrew Alvarez
1368,Andrew Bailey
10657,Andrew Bellatti
17901,Andrew Benintendi
2365,Andrew Brackman
2115,Andrew Brown
3837,Andrew Brown
2431,Andrew Carignan
8782,Andrew Cashner
12988,Andrew Chafin
12982,Andrew Faulkner
1690,Andrew Good
15423,Andrew Heaney
29633,Andrew Hoffmann
12828,Andrew Kittredge
14942,Andrew Knapp
19514,Andrew Knizner
5386,Andrew Lambo
1583,Andrew Lorraine
9847,Andrew McCutchen
12870,Andrew McKirahan
6785,Andrew Miller
17553,Andrew Moore
31891,Andrew Morris
25942,Andrew Nardi
30091,Andrew Painter
1159,Andrew Romine
26203,Andrew Saalfrank
3706,Andrew Sisco
17932,Andrew Stevenson
13132,Andrew Susac
18300,Andrew Suárez
7896,Andrew Taylor
13414,Andrew Toles
13533,Andrew Triggs
19482,Andrew Vasquez
26197,Andrew Vaughn
14196,Andrew Velazquez
33834,Andrew Walters
24933,Andrew Wantz
11783,Andrew Werner
19521,Andrew Young
96,Andruw Jones
19455,Andruw Monasterio
27967,Andry Lara
3507,André Rienzo
1907,Andrés Blanco
21797,Andrés Chaparro
19950,Andrés Giménez
14681,Andrés Machado
20373,Andrés Muñoz
506,Andy Abad
637,Andy Ashby
1000544,Andy Barkett
1144,Andy Benes
12779,Andy Burns
7068,Andy Cannizaro
2668,Andy Cavazos
6453,Andy Dirks
1948,Andy Dominique
1379,Andy Fox
3669,Andy González
2991,Andy Green
18819,Andy Ibáñez
6444,Andy LaRoche
1007345,Andy Larkin
3203,Andy Marte
10257,Andy Oliver
24816,Andy Pages
3972,Andy Parrino
840,Andy Pettitte
2075,Andy Phillips
1640,Andy Pratt
1226,Andy Sheets
7667,Andy Sonnanstine
1013000,Andy Thompson
2024,Andy Tracy
1630,Andy Van Hekken
11251,Andy Wilkins
8948,Aneury Rodriguez
20802,Aneurys Zabala
591,Angel Berroa
3243,Angel Castro
2224,Angel Chavez
26790,Angel Chivilli
22323,Angel De Jesus
1498,Angel Echevarria
21163,Angel Felipe
2145,Angel Guzman
26540,Angel Martínez
13415,Angel Nesbitt
1010141,Angel Pena
17759,Angel Perdomo
22036,Angel Rondón
7536,Angel Salome
3492,Angel Sanchez
214,Angel Santos
11776,Angel Sánchez
22717,Angel Zerpa
14329,Anthony Alford
14706,Anthony Banda
7982,Anthony Bass
13854,Anthony Bemboom
19742,Anthony Bender
19789,Anthony Castro
4116,Anthony Claggett
13050,Anthony DeSclafani
1733,Anthony Ferrari
5097,Anthony Gose
20387,Anthony Kay
3440,Anthony Lerew
26034,Anthony Maldonado
18152,Anthony Misiewicz
26952,Anthony Molina
25796,Anthony Nunez
6745,Anthony Ortega
11424,Anthony Ranaudo
4063,Anthony Recker
12861,Anthony Rendon
7105,Anthony Reyes
3473,Anthony Rizzo
1011412,Anthony Sanders
14551,Anthony Santander
23802,Anthony Seigler
3064,Anthony Slama
7466,Anthony Swarzak
1282,Anthony Telford
2385,Anthony Varvaro
6577,Anthony Vasquez
27453,Anthony Veneziano
27647,Anthony Volpe
209,Antoan Richardson
260,Antonio Alfonseca
8844,Antonio Bastardo
249,Antonio Osuna
1708,Antonio Perez
20383,Antonio Santos
15488,Antonio Senzatela
29000,Antwone Kelly
3284,Aníbal Sánchez
1671,Aquilino Lopez
16925,Aramis Garcia
1002,Aramis Ramirez
8846,Arcenio Leon
12918,Archie Bradley
6403,Argenis Diaz
3285,Argenis Reyes
15603,Ariel Hernández
17030,Ariel Jurado
10240,Ariel Peña
1010536,Ariel Prieto
10711,Arismendy Alcántara
15482,Aristides Aquino
507,Armando Almanza
19292,Armando Alvarez
865,Armando Benitez
3387,Armando Gabino
4222,Armando Galarraga
72,Armando Reynoso
1006,Armando Rios
2111,Arnie Munoz
5595,Arnold Leon
5498,Arodys Vizcaíno
10233,Aroldis Chapman
8992,Arquimedes Caminero
18251,Art Warren
1097,Arthur Rhodes
16731,Artie Lewicki
3319,Arturo Lopez
17526,Aríel Miranda
4962,Asdrúbal Cabrera
10836,Asher Wojciechowski
15139,Ashton Goudeau
10044,Ashur Tolliver
5332,Atahualpa Severino
1213,Aubrey Huff
9176,Audry Pérez
297,Augie Ojeda
16309,Austen Williams
13801,Austin Adams
7411,Austin Adams
18083,Austin Allen
12158,Austin Barnes
9559,Austin Bibens-Dirkx
17237,Austin Brice
24604,Austin Cox
17117,Austin Davis
18288,Austin Dean
16561,Austin Gomber
19363,Austin Hays
12976,Austin Hedges
9848,Austin Jackson
332,Austin Kearns
27910,Austin Kitchen
14241,Austin Maddox
27462,Austin Martin
15672,Austin Meadows
15941,Austin Nola
26136,Austin Pope
15290,Austin Pruitt
18360,Austin Riley
5491,Austin Romine
25425,Austin Shenton
16153,Austin Slater
15047,Austin Voth
24937,Austin Warren
27562,Austin Wells
15271,Austin Wynns
5760,Avisaíl García
7183,B.J. Rosenberg
168,B.J. Ryan
117,B.J. Surhoff
5015,B.J. Upton
1013662,B.J. Waszgis
20070,Bailey Falter
27753,Bailey Horn
21224,Bailey Ober
6246,Barbaro Canizares
9356,Barret Browning
14812,Barrett Astin
1109,Barry Bonds
2412,Barry Enright
335,Barry Larkin
1552,Barry Wesson
944,Barry Zito
375,Bartolo Colon
2213,Bartolome Fortunato
26079,Beau Brieske
18873,Beau Burrows
23420,Beau Sulser
12384,Beau Taylor
27877,Beck Way
2116,Beltran Perez
20198,Ben Bowden
20175,Ben Braymer
312,Ben Broussard
23590,Ben Brown
30085,Ben Casparius
1074,Ben Davis
19644,Ben DeLuzio
1599,Ben Diggins
1858,Ben Ford
4677,Ben Francisco
12160,Ben Gamel
1209,Ben Grieve
15100,Ben Heller
2175,Ben Hendrickson
1452,Ben Howard
2731,Ben Johnson
31461,Ben Joyce
1634,Ben Kozlowski
14932,Ben Lively
29577,Ben Malgeri
18854,Ben Meyer
9741,Ben Paulsen
26406,Ben Peoples
1471,Ben Petrick
4712,Ben Revere
29576,Ben Rice
20287,Ben Rortvedt
10983,Ben Rowen
710,Ben Sheets
18114,Ben Taylor
41,Ben Weber
33197,Ben Williamson
7435,Ben Zobrist
24,Bengie Molina
1000408,Benito Baez
1130,Benito Santiago
14,Benji Gil
21345,Bennett Sousa
416,Benny Agbayani
1004706,Bernard Gilkey
19561,Bernardo Flores Jr.
2096,Bernie Castro
857,Bernie Williams
8538,Bill Bray
1605,Bill Hall
1254,Bill Haselman
295,Bill Mueller
4755,Bill Murphy
1009854,Bill Ortega
842,Bill Pulsipher
405,Bill Selby
1011977,Bill Simas
1012338,Bill Spiers
3089,Bill White
8253,Billy Buckner
12701,Billy Burns
7399,Billy Butler
29573,Billy Cook
10199,Billy Hamilton
924,Billy Koch
15654,Billy McKinney
834,Billy McMillon
4865,Billy Petrick
6235,Billy Sadler
1012859,Billy Taylor
410,Billy Traber
578,Billy Wagner
31701,Blade Tidwell
2237,Blaine Boyer
25714,Blaine Crim
6499,Blaine Hardy
1468,Blaine Neal
25416,Blair Calvo
26190,Blair Henley
338,Blake Beavan
20344,Blake Cederlind
5812,Blake Davis
7485,Blake DeWitt
29487,Blake Dunn
8963,Blake Hawksworth
23209,Blake Hunt
9246,Blake Lalli
5224,Blake Parker
19921,Blake Perkins
19957,Blake Rutherford
25805,Blake Sabol
9780,Blake Smith
13543,Blake Snell
632,Blake Stein
13176,Blake Swihart
16418,Blake Taylor
8810,Blake Tekotte
17588,Blake Trahan
12572,Blake Treinen
26270,Blake Walston
1345,Blake Wood
26117,Blas Castaño
23789,Blaze Alexander
28199,Blaze Jordan
20054,Bligh Madris
19612,Bo Bichette
1743,Bo Hart
21865,Bo Naylor
1010447,Bo Porter
5028,Bo Schultz
1301,Bob File
237,Bob Howry
2229,Bob Keppel
5924,Bob McCrory
1011489,Bob Scanlan
30028,Bob Seymour
760,Bob Wells
413,Bob Wickman
945,Bobby Abreu
1001168,Bobby Bonilla
17278,Bobby Bradley
6950,Bobby Cassevah
1002204,Bobby Chouinard
2744,Bobby Cramer
1818,Bobby Crosby
19966,Bobby Dalbec
428,Bobby Estalella
469,Bobby Higginson
283,Bobby Hill
8645,Bobby Jenks
1454,Bobby Jones
1039,Bobby Jones
736,Bobby Kielty
4608,Bobby Korecky
7758,Bobby LaFromboise
3876,Bobby Livingston
2085,Bobby Madritsch
27483,Bobby Miller
6927,Bobby Mosebach
1009326,Bobby Munoz
9926,Bobby Parnell
17987,Bobby Poyner
2673,Bobby Scales
1225,Bobby Seay
1493,Bobby Smith
14832,Bobby Wahl
6564,Bobby Wilson
1014170,Bobby Witt
25764,Bobby Witt Jr.
2159,Boof Bonser
15103,Boog Powell
5525,Boone Logan
20548,Bowden Francis
546,Brad Ausmus
8375,Brad Bergesen
10133,Brad Boxberger
6627,Brad Brach
1002360,Brad Clontz
8250,Brad Davis
4328,Brad Eldred
2020,Brad Emaus
13,Brad Fullmer
7392,Brad Glenn
14776,Brad Goldberg
4760,Brad Halsey
9111,Brad Hand
5312,Brad Harman
1885,Brad Hawpe
3720,Brad Hennessey
15734,Brad Keller
9823,Brad Kilby
563,Brad Lidge
4241,Brad Lincoln
31972,Brad Lord
12775,Brad Miller
4420,Brad Mills
3821,Brad Nelson
5401,Brad Peacock
535,Brad Penny
748,Brad Radke
1010954,Brad Rigby
2625,Brad Salmon
6052,Brad Snyder
757,Brad Thomas
4911,Brad Thompson
1490,Brad Voyles
16390,Brad Wieck
804,Brad Wilkerson
7293,Brad Ziegler
17806,Braden Bishop
20494,Braden Bristo
526,Braden Looper
35423,Braden Montgomery
25817,Braden Shewmake
15158,Braden Shipley
29107,Bradgley Rodriguez
7422,Bradin Hagens
26419,Bradley Blalock
16221,Bradley Zimmer
364,Brady Anderson
25582,Brady Basso
1398,Brady Clark
15968,Brady Feigl
29993,Brady House
14707,Brady Lail
1750,Brady Raggio
13393,Brady Rodgers
25377,Brady Singer
21896,Brailyn Marquez
28052,Brandan Bidois
14101,Branden Kline
12093,Branden Pinder
7436,Brandon Allen
1529,Brandon Backe
19582,Brandon Bailey
9442,Brandon Bantz
629,Brandon Barnes
8851,Brandon Beachy
10264,Brandon Belt
590,Brandon Berger
19866,Brandon Bielak
8021,Brandon Boggs
13527,Brandon Brennan
814,Brandon Claussen
5343,Brandon Crawford
11366,Brandon Cumpton
11509,Brandon Cunniff
6979,Brandon Dickson
15214,Brandon Dixon
11615,Brandon Drury
954,Brandon Duckworth
27668,Brandon Eisert
4746,Brandon Fahey
16208,Brandon Finnegan
2267,Brandon Gomes
2636,Brandon Guyer
2387,Brandon Harper
4003,Brandon Hicks
23460,Brandon Hughes
470,Brandon Inge
6987,Brandon Jones
9939,Brandon Kintzler
831,Brandon Knight
1007084,Brandon Kolb
5476,Brandon Laird
336,Brandon Larson
3731,Brandon League
16135,Brandon Leibrandt
21496,Brandon Lockridge
18882,Brandon Lowe
1312,Brandon Lyon
5172,Brandon Mann
20202,Brandon Marsh
4878,Brandon Maurer
4662,Brandon McCarthy
8604,Brandon Medders
9346,Brandon Morrow
4467,Brandon Moss
12927,Brandon Nimmo
27782,Brandon Pfaadt
791,Brandon Phillips
572,Brandon Puffer
9856,Brandon Snyder
33850,Brandon Sproat
23813,Brandon Valenzuela
1059,Brandon Villafuerte
18347,Brandon Waddell
26056,Brandon Walter
2146,Brandon Watson
1692,Brandon Webb
25463,Brandon Williamson
6592,Brandon Wood
16162,Brandon Woodruff
11428,Brandon Workman
27819,Brandon Young
33568,Brandyn Garcia
19192,Brandyn Sittinger
1001498,Brant Brown
30133,Brant Hurter
23793,Braxton Ashcraft
29704,Braxton Fulford
21844,Braxton Garrett
16839,Braxton Lee
23920,Brayan Bello
3231,Brayan Peña
23690,Brayan Rocchio
5180,Brayan Villarreal
24609,Braydon Fisher
22304,Brenan Hanifee
33043,Brendan Beck
1441,Brendan Donnelly
24679,Brendan Donovan
2178,Brendan Harris
20186,Brendan McKay
17907,Brendan Rodgers
6073,Brendan Ryan
26024,Brendan White
18587,Brendon Davis
21574,Brendon Little
16835,Brennan Bernardino
914,Brennan Boesch
1192,Brent Abernathy
423,Brent Butler
4863,Brent Clevlen
8273,Brent Dlugach
27702,Brent Headrick
16466,Brent Honeywell
4576,Brent Leach
3501,Brent Lillibridge
614,Brent Mayne
6402,Brent Morel
19627,Brent Rooker
13942,Brent Suter
25479,Brenton Doyle
1067,Bret Boone
1474,Bret Prinz
1011355,Bret Saberhagen
8223,Brett Anderson
26123,Brett Baty
11867,Brett Bochy
6842,Brett Campbell
8066,Brett Carroll
2660,Brett Cecil
11369,Brett Eibner
9927,Brett Gardner
16218,Brett Graves
29788,Brett Harris
4293,Brett Hayes
1005840,Brett Hinchliffe
9632,Brett Jackson
1006415,Brett Jodie
17877,Brett Kennedy
29826,Brett Kerry
5247,Brett Lawrie
1007412,Brett Laxton
5364,Brett Marshall
17369,Brett Martin
962,Brett Myers
11192,Brett Nicholas
3855,Brett Oberholtzer
14735,Brett Phillips
5834,Brett Pill
9364,Brett Sinkbeil
18217,Brett Sullivan
1056,Brett Tomko
8434,Brett Wallace
27735,Brett Wisely
23592,Brett de Geus
20450,Brewer Hicklen
12758,Breyvic Valera
18289,Brian Anderson
6144,Brian Anderson
44,Brian Anderson
1589,Brian Banks
5718,Brian Bannister
4429,Brian Barden
2408,Brian Barton
2219,Brian Bass
8055,Brian Bixler
3534,Brian Bocock
984,Brian Boehringer
4719,Brian Bogusevic
1001126,Brian Bohanon
1290,Brian Bowles
3773,Brian Broderick
1929,Brian Bruney
720,Brian Buchanan
3425,Brian Burres
6234,Brian Buscher
1295,Brian Cooper
1920,Brian Dallimore
186,Brian Daubach
3814,Brian Dinkelman
9810,Brian Dozier
4064,Brian Duensing
17233,Brian Ellington
3085,Brian Esposito
1859,Brian Falkenborg
1445,Brian Fitzgerald
31624,Brian Fitzpatrick
12027,Brian Flynn
429,Brian Fuentes
990,Brian Giles
12858,Brian Goodwin
2374,Brian Gordon
7938,Brian Horwitz
14272,Brian Johnson
1006432,Brian Johnson
658,Brian Jordan
562,Brian L. Hunter
1045,Brian Lawrence
1309,Brian Lesher
1460,Brian Mallette
2646,Brian Matusz
4810,Brian McCann
998,Brian Meadows
20047,Brian Miller
480,Brian Moehler
9646,Brian Moran
3702,Brian Myrow
16398,Brian Navarreto
1009709,Brian O'Connor
16729,Brian O'Grady
16680,Brian O'Keefe
1353,Brian Omogrosso
490,Brian Powell
1006197,Brian R. Hunter
347,Brian Reith
166,Brian Roberts
6123,Brian Rogers
1011201,Brian Rose
2739,Brian Sanches
3599,Brian Schlitter
1809,Brian Schmack
795,Brian Schneider
19422,Brian Serven
2461,Brian Shackelford
630,Brian Shouse
7603,Brian Sikorski
1011979,Brian Simmons
4705,Brian Slocum
1012106,Brian Smith
8653,Brian Stokes
1801,Brian Sweeney
1646,Brian Tallet
1055,Brian Tollberg
27695,Brian Van Belle
1013978,Brian Williams
6485,Brian Wilson
8515,Brian Wolfe
33280,Brice Matthews
22186,Brice Turang
794,Britt Reames
17968,Brock Burke
9345,Brock Holt
4984,Brock Peterson
12244,Brock Stassi
16727,Brock Stewart
17748,Brody Koerner
978,Bronson Arroyo
3585,Bronson Sardinha
138,Brook Fordyce
31394,Brooks Baldwin
5679,Brooks Brown
3664,Brooks Conrad
389,Brooks Kieschnick
21189,Brooks Kriske
31595,Brooks Lee
10387,Brooks Pounders
10061,Brooks Raley
366,Bruce Aven
3044,Bruce Billings
769,Bruce Chen
13866,Bruce Maxwell
5766,Bruce Rondón
20370,Bruce Zimmermann
20367,Brusdar Graterol
16609,Bryan Abreu
9871,Bryan Anderson
936,Bryan Augenstein
19804,Bryan Baker
5066,Bryan Bullington
1439,Bryan Corey
19600,Bryan De La Cruz
19457,Bryan Garcia
1761,Bryan Hebson
26304,Bryan Hoeing
11287,Bryan Holaday
19924,Bryan Hudson
25890,Bryan King
5462,Bryan LaHair
24765,Bryan Lavastida
11479,Bryan Mitchell
10234,Bryan Morris
2567,Bryan Petersen
8436,Bryan Price
25621,Bryan Ramos
625,Bryan Rekar
19326,Bryan Reynolds
20462,Bryan Sammons
8110,Bryan Shaw
21464,Bryan Torres
1013603,Bryan Ward
30279,Bryan Woo
203,Bryant Nelson
10607,Bryce Brentz
27779,Bryce Elder
33390,Bryce Eldridge
1004172,Bryce Florie
11579,Bryce Harper
27477,Bryce Jarvis
20002,Bryce Johnson
29837,Bryce Miller
21319,Bryce Montes de Oca
29524,Bryce Teodosio
31910,Brycen Mautz
19990,Bryse Wilson
26294,Bryson Stott
1001977,Bubba Carpenter
29868,Bubba Chandler
1722,Bubba Crosby
13356,Bubba Starling
22261,Bubba Thompson
1057,Bubba Trammell
17179,Bubby Rossman
2945,Buck Coats
14814,Buck Farmer
2368,Bucky Jacobsen
9492,Bud Norris
1182,Bud Smith
9309,Buddy Baumann
8490,Buddy Boshers
2010,Buddy Carlyle
143,Buddy Groom
22505,Buddy Kennedy
12784,Burch Smith
9736,Burke Badenhop
9166,Buster Posey
1006228,Butch Huskey
14161,Byron Buxton
2220,Byron Gettis
61,Byung-Hyun Kim
18497,ByungHo Park
5177,C.C. Lee
12546,C.J. Cron
7978,C.J. Fick
570,C.J. Nitkowski
11193,C.J. Riefenhauser
25814,C.J. Stubbs
3580,C.J. Wilson
404,CC Sabathia
19820,CD Pelham
25768,CJ Abrams
20557,CJ Alexander
33704,CJ Kayfus
27568,CJ Van Eyk
27473,Cade Cavalli
31815,Cade Gibson
31872,Cade Horton
25505,Cade Marlowe
30055,Cade Povich
27867,Cade Smith
31508,Caden Dana
1653,Cal Eldred
22169,Cal Mitchell
19312,Cal Quantrill
21534,Cal Raleigh
1010978,Cal Ripken Jr.
22411,Cal Stevenson
19231,Caleb Baragar
19736,Caleb Boushley
10075,Caleb Cotham
29646,Caleb Durbin
19349,Caleb Ferguson
14353,Caleb Frare
26255,Caleb Freeman
5002,Caleb Gindl
19842,Caleb Hamilton
7087,Caleb Joseph
26213,Caleb Kilian
14875,Caleb Smith
10078,Caleb Thielbar
4448,Callix Crabbe
20116,Calvin Faucher
151,Calvin Maduro
1262,Calvin Murray
208,Calvin Pickering
25078,Cam Alldred
13360,Cam Bedrosian
16061,Cam Booser
29710,Cam Cauley
25688,Cam Devanney
25476,Cam Eden
12981,Cam Gallagher
16840,Cam Hill
23479,Cam Sanders
32095,Cam Schlittler
35108,Cam Smith
19529,Cam Vieaux
1001823,Cameron Cairncross
31942,Cameron Foster
5223,Cameron Maybin
13444,Cameron Perkins
11146,Cameron Rupp
31696,Cameron Weston
21992,Camilo Doval
23264,Canaan Smith-Njigba
1201,Carl Crawford
13607,Carl Edwards Jr.
1249,Carl Everett
790,Carl Pavano
1568,Carl Sadler Jr.
308,Carlos Almánzar
15197,Carlos Asuaje
175,Carlos Baerga
589,Carlos Beltrán
6632,Carlos Carrasco
1002046,Carlos Casimiro
1002060,Carlos Castillo
10386,Carlos Contreras
5587,Carlos Corporán
14162,Carlos Correa
21842,Carlos Cortes
1297,Carlos Delgado
24458,Carlos Duran
14542,Carlos Estévez
598,Carlos Febles
9832,Carlos Fisher
3547,Carlos Frías
7287,Carlos González
5692,Carlos Guevara
1079,Carlos Guillén
4881,Carlos Gómez
1005696,Carlos Hernandez
1005697,Carlos Hernandez
22713,Carlos Hernández
560,Carlos Hernández
243,Carlos Lee
2034,Carlos Maldonado
2790,Carlos Marmol
11682,Carlos Martinez
3167,Carlos Martinez
1716,Carlos Mendez
1008759,Carlos Mendoza
2506,Carlos Monasterios
7511,Carlos Moncrief
5878,Carlos Muniz
19722,Carlos Narváez
8760,Carlos Peguero
934,Carlos Pena
1010179,Carlos Perez
1815,Carlos Pulido
20805,Carlos Pérez
10642,Carlos Pérez
6274,Carlos Quentin
11743,Carlos Ramírez
1721,Carlos Reyes
1749,Carlos Rivera
1136,Carlos Rivero
30161,Carlos Rodriguez
16137,Carlos Rodón
8529,Carlos Rosa
2579,Carlos Ruiz
16634,Carlos Sanabria
2396,Carlos Santana
973,Carlos Silva
14558,Carlos Tocci
7624,Carlos Torres
193,Carlos Triunfel
1746,Carlos Valderrama
22915,Carlos Vargas
4138,Carlos Villanueva
305,Carlos Zambrano
1713,Carlton Loewer
2964,Carmen Cali
27572,Carmen Mlodzinski
3088,Carmen Pignatiello
35177,Carson Benge
5429,Carson Blair
18311,Carson Fulmer
13620,Carson Kelly
33098,Carson McCusker
31612,Carson Palmquist
27508,Carson Ragsdale
30084,Carson Seymour
13172,Carson Smith
27685,Carson Spiers
31676,Carson Whisenhunt
30038,Carson Williams
30231,Carter Baumler
12803,Carter Capps
29478,Carter Jensen
19958,Carter Kieboom
719,Casey Blake
8270,Casey Coleman
5261,Casey Crosby
1880,Casey Daigle
3926,Casey Fien
188,Casey Fossum
7355,Casey Janssen
9174,Casey Kelly
1930,Casey Kotchman
11121,Casey Lawrence
25921,Casey Legumina
6086,Casey McGehee
20492,Casey Mize
11209,Casey Sadler
27577,Casey Schmitt
9700,Casper Wells
19252,Cavan Biggio
24262,Ceddanne Rafaela
2833,Cedric Hunter
17929,Cedric Mullins
3293,Cedrick Bowers
6741,Cesar Cabral
4697,Cesar Carrillo
1024,Cesar Crespo
656,Cesar Izturis
3762,Cesar Jimenez
3357,Cesár Ramos
8214,Cha Seung Baek
122,Chad Allen
9258,Chad Beck
10297,Chad Bell
1889,Chad Bentz
10587,Chad Bettis
5842,Chad Billingsley
904,Chad Bradford
1816,Chad Cordero
1002898,Chad Curtis
30158,Chad Dallas
1442,Chad Durbin
684,Chad Fox
1783,Chad Gaudin
15542,Chad Girodo
15552,Chad Green
915,Chad Harville
991,Chad Hermansen
5311,Chad Huffman
1006236,Chad Hutchinson
10326,Chad Jenkins
661,Chad Kreuter
14975,Chad Kuhl
1787,Chad Meyers
66,Chad Moeller
1315,Chad Mottola
5952,Chad Orvella
399,Chad Paronto
30113,Chad Patrick
15191,Chad Pinder
2170,Chad Qualls
7641,Chad Reineke
2657,Chad Santos
13604,Chad Smith
20190,Chad Smith
17470,Chad Sobotka
29614,Chad Stevens
1888,Chad Tracy
17161,Chad Wallach
1140,Chad Zerbe
16953,Chadwick Tromp
1267,Chan Ho Park
1567,Chan Perry
18135,Chance Adams
11745,Chance Ruffin
15694,Chance Sisco
23552,Chandler Seagle
16166,Chandler Shepherd
31912,Chandler Simpson
14445,Chang-Yong Lim
9155,Charles Brewer
1078,Charles Gipson
523,Charles Johnson
19813,Charles Leblanc
33323,Charles McAdoo
397,Charles Nagy
2962,Charles Thomas
19865,Charlie Barnes
7859,Charlie Blackmon
3298,Charlie Culberson
1370,Charlie Furbush
1004987,Charlie Greene
3545,Charlie Haeger
1005525,Charlie Hayes
9124,Charlie Leesman
3578,Charlie Manning
4676,Charlie Morton
1009685,Charlie O'Brien
12983,Charlie Tilson
4180,Charlie Zink
2171,Charlton Jimerson
19599,Chas McCormick
6895,Chase Anderson
35333,Chase Burns
15036,Chase De Jong
32127,Chase DeLauter
33482,Chase Dollander
4720,Chase Headley
29574,Chase Lee
31580,Chase Meidroth
30170,Chase Petty
21544,Chase Shugart
30074,Chase Silseth
25480,Chase Solesky
1679,Chase Utley
10982,Chase Whitley
3593,Chase Wright
6652,Chase d'Arnaud
12452,Chasen Bradford
10855,Chasen Shreve
29866,Chayce McDermott
9866,Chaz Roe
3734,Che-Hsuan Lin
10473,Cheslor Cuthbert
14663,Chi Chi González
5440,Chia-Jen Lo
2074,Chien-Ming Wang
16419,Chih-Wei Hu
644,Chin-Feng Chen
5198,Chin-Lung Hu
1776,Chin-hui Tsao
2042,Chip Ambres
97,Chipper Jones Jr.
1580,Chone Figgins
1872,Choo Freeman
2143,Chris Aguila
6345,Chris Archer
3499,Chris Barnwell
3048,Chris Basak
12304,Chris Bassitt
13418,Chris Beck
2039,Chris Booker
1842,Chris Bootcheck
3600,Chris Britton
130,Chris Brock
2164,Chris Burke
1701,Chris Capuano
8556,Chris Carpenter
1292,Chris Carpenter
9911,Chris Carter
7707,Chris Carter
1002257,Chris Clapinski
6878,Chris Coghlan
13051,Chris Colabello
7243,Chris Coste
9272,Chris Davis
4361,Chris Demaria
4400,Chris Denorfia
12763,Chris Devenski
7095,Chris Dickerson
9718,Chris Dominguez
1396,Chris Donnels
3605,Chris Duffy
2722,Chris Duncan
10045,Chris Dwyer
16125,Chris Ellis
13896,Chris Flexen
1004410,Chris Fussell
601,Chris George
3388,Chris Getz
7324,Chris Gimenez
2015,Chris Gissell
18482,Chris Gittens
1208,Chris Gomez
92,Chris Hammond
192,Chris Haney
3299,Chris Hatcher
2307,Chris Heintz
3978,Chris Heisey
9284,Chris Herrmann
10302,Chris Heston
1005983,Chris Holt
8267,Chris Iannetta
7831,Chris Jakubauskas
1191,Chris Johnson
1006539,Chris Jones
8047,Chris Lambert
882,Chris Latham
7645,Chris Leroux
1892,Chris Mabeus
392,Chris Magruder
2852,Chris Marrero
11847,Chris Martin
14151,Chris Mazza
9423,Chris McGuiness
1756,Chris Mears
1415,Chris Michalak
26214,Chris Murphy
2141,Chris Narveson
8175,Chris Nelson
1414,Chris Nichting
13818,Chris O'Grady
19245,Chris Okey
10030,Chris Owings
7232,Chris Oxspring
20099,Chris Paddack
2554,Chris Parmelee
5213,Chris Perez
1010225,Chris Peters
3870,Chris Pettit
1010337,Chris Piersoll
2255,Chris Prieto
1010541,Chris Pritchett
6315,Chris Ray
11050,Chris Rearick
12801,Chris Reed
348,Chris Reitsma
3799,Chris Resop
163,Chris Richard
3577,Chris Roberson
3443,Chris Robinson
22310,Chris Rodriguez
23557,Chris Roller
18820,Chris Rowley
31261,Chris Roycroft
9895,Chris Rusin
1913,Chris Saenz
10603,Chris Sale
2651,Chris Sampson
3553,Chris Schroder
7851,Chris Schwinden
3833,Chris Seddon
1011719,Chris Seelbach
1011771,Chris Sexton
17738,Chris Shaw
1891,Chris Shelton
170,Chris Singleton
4544,Chris Smith
14449,Chris Smith
1480,Chris Snelling
4606,Chris Snyder
1668,Chris Spurling
3878,Chris Stewart
13761,Chris Stratton
303,Chris Stynes
13757,Chris Taylor
5279,Chris Tillman
1968,Chris Tremie
799,Chris Truby
1013226,Chris Turner
1165,Chris Valaika
24935,Chris Vallimont
9901,Chris Volstad
1013500,Chris Wakeland
7015,Chris Waters
1541,Chris Widger
7161,Chris Withrow
1329,Chris Woodward
3882,Chris Young
3196,Chris Young
16434,Christian Arroyo
10925,Christian Bergman
10028,Christian Bethancourt
11145,Christian Colón
30011,Christian Encarnacion-Strand
7942,Christian Friedrich
4067,Christian Garcia
27653,Christian Koss
13472,Christian Lopes
30206,Christian Montes De Oca
34979,Christian Moore
1009998,Christian Parker
27662,Christian Roa
30107,Christian Scott
11738,Christian Villanueva
9774,Christian Vázquez
13419,Christian Walker
11477,Christian Yelich
17714,Christin Stewart
13718,Christopher Bostick
21897,Christopher Morel
384,Chuck Finley
4886,Chuck James
609,Chuck Knoblauch
1008477,Chuck McElroy
1012114,Chuck Smith
19824,Chuckie Robinson
19614,Cionel Pérez
7613,Cla Meredith
19899,Clarke Schmidt
1695,Claudio Vargas
1436,Clay Bellinger
3543,Clay Buchholz
1579,Clay Condrey
4593,Clay Hensley
13649,Clay Holmes
4831,Clay Rapada
7333,Clay Timpner
8577,Clay Zavada
23631,Clayton Andrews
1000247,Clayton Andrews
27494,Clayton Beeter
2036,Clayton Kershaw
3166,Clayton Mortensen
3551,Clayton Richard
1000193,Clemente Alvarez
3373,Clete Thomas
1871,Cliff Bartosh
1001582,Cliff Brumbaugh
518,Cliff Floyd
1636,Cliff Lee
3395,Cliff Pennington
967,Cliff Politte
1830,Clint Barmes
15983,Clint Frazier
2156,Clint Nageotte
6908,Clint Robinson
8243,Clint Sammons
28312,Coby Mayo
1572,Coco Crisp
21547,Coco Montes
23293,Codi Heuer
12183,Cody Allen
12799,Cody Anderson
11997,Cody Asche
15998,Cody Bellinger
23265,Cody Bolton
27597,Cody Bradford
17664,Cody Carroll
6019,Cody Clark
9665,Cody Decker
15928,Cody Ege
9095,Cody Eppley
25629,Cody Freeman
12232,Cody Hall
26429,Cody Laweryson
12182,Cody Martin
1615,Cody McKay
25388,Cody Morris
17920,Cody Ponce
18769,Cody Poteet
1126,Cody Ransom
15232,Cody Reed
1760,Cody Ross
19357,Cody Sedlock
10838,Cody Stanley
18088,Cody Stashak
19828,Cody Thomas
24671,Cody Wilson
1259,Colby Lewis
9893,Colby Rasmus
31855,Colby Thomas
33253,Cole Carrigg
8201,Cole De Vries
8790,Cole Figueroa
616,Cole Garner
5888,Cole Gillespie
4972,Cole Hamels
27570,Cole Henry
19244,Cole Irvin
9480,Cole Kimball
1007636,Cole Liniak
21846,Cole Ragans
21461,Cole Sands
15256,Cole Sulser
17326,Cole Tucker
25665,Cole Waites
27481,Cole Wilcox
22113,Cole Winn
31680,Cole Young
27926,Coleman Crow
6288,Colin Curtis
22361,Colin Holderman
16909,Colin Moran
19403,Colin Poche
1725,Colin Porter
12317,Colin Rea
24986,Colin Selby
10961,Colin Walsh
6883,Collin Balester
7250,Collin Cowgill
7531,Collin McHugh
31415,Collin Price
23307,Collin Snider
15106,Collin Wiles
29712,Colson Montgomery
33575,Colt Emerson
7560,Colt Hynes
27899,Colt Keith
6222,Colt Morton
12997,Colten Brewer
2246,Colter Bean
29591,Colton Cowser
31312,Colton Gordon
12264,Colton Murray
19961,Colton Welker
33666,Connelly Early
19983,Conner Capel
16455,Conner Greene
19199,Conner Menez
21205,Connor Brogdon
26171,Connor Gillispie
16572,Connor Joe
21535,Connor Kaiser
29592,Connor Norby
18376,Connor Overton
27649,Connor Phillips
31857,Connor Prielipp
7705,Connor Robertson
13483,Connor Sadzeck
19695,Connor Seabold
25873,Connor Thomas
19896,Connor Wong
9009,Conor Gillaspie
5997,Conor Jackson
11580,Conor Mullee
24975,Cooper Criswell
19458,Cooper Hummel
33708,Cooper Ingle
33530,Cooper Pratt
5503,Corban Joseph
19361,Corbin Burnes
25878,Corbin Carroll
19884,Corbin Martin
8631,Cord Phelps
2650,Corey Brown
10762,Corey Dickerson
1945,Corey Hart
20311,Corey Julks
2429,Corey Kluber
15010,Corey Knebel
738,Corey Koskie
13677,Corey Oswalt
300,Corey Patterson
19170,Corey Ray
13624,Corey Seager
1324,Corey Thurman
342,Corky Miller
20277,Cory Abbott
1405,Cory Aldridge
588,Cory Bailey
6620,Cory Burns
7262,Cory Doyne
7947,Cory Gearrin
926,Cory Lidle
1984,Cory Luebke
12537,Cory Mazzoni
2413,Cory Rasmus
12294,Cory Spangenberg
1940,Cory Sullivan
1647,Cory Vance
7570,Cory Wade
276,Courtney Duncan
549,Craig Biggio
2081,Craig Brazell
4363,Craig Breslow
52,Craig Counsell
318,Craig Dingman
9571,Craig Gentry
1004982,Craig Grebeck
4798,Craig Hansen
1006055,Craig House
6655,Craig Kimbrel
1464,Craig Monroe
484,Craig Paquette
7274,Craig Stammen
6256,Craig Stansberry
7468,Craig Tatum
1015,Craig Wilson
1014069,Craig Wilson
33248,Craig Yoho
6013,Cristhian Adames
5337,Cristhian Martinez
728,Cristian Guzman
17606,Cristian Javier
27974,Cristian Mena
19948,Cristian Pache
20667,Cristofer Ogando
20778,Cristopher Sánchez
12510,Curt Casali
694,Curt Leskanic
73,Curt Schilling
4747,Curtis Granderson
23986,Curtis Mead
1333,Curtis Partch
1762,Curtis Pride
18881,Curtis Terry
8260,Curtis Thigpen
16106,Cy Sneed
10556,César Hernández
30163,César Prieto
7216,César Puello
21587,César Salazar
9013,César Valdez
14099,César Vargas
1038,D'Angelo Jimenez
1666,D.J. Carrasco
3566,D.J. Houlton
5354,D.J. Mitchell
15949,D.J. Snelten
1002787,D.T. Cromer
26389,DJ Herz
12578,DJ Johnson
9874,DJ LeMahieu
19348,DJ Peters
17766,DJ Stewart
22207,DL Hall
24496,DaShawn Keirsey Jr.
18722,Dae-Ho Lee
8619,Dae-Sung Koo
19779,Dairon Blanco
7775,Daisuke Matsuzaka
14545,Dakota Bacus
19206,Dakota Hudson
5032,Dale Thayer
15671,Dalier Hinojosa
11471,Dallas Beeler
8099,Dallas Braden
9434,Dallas Keuchel
2194,Dallas McPherson
21293,Dalton Guthrie
12797,Dalton Pompey
31382,Dalton Rushing
247,Damaso Marte
471,Damian Jackson
65,Damian Miller
107,Damian Moss
1222,Damian Rolls
13395,Damien Magnifico
464,Damion Easley
1001635,Damon Buford
1919,Damon Hollins
23310,Damon Jones
1411,Damon Minor
16507,Dan Altavilla
9968,Dan Butler
4027,Dan Cortes
2656,Dan Giese
1757,Dan Haren
8073,Dan Jennings
2167,Dan Johnson
1257,Dan Kolb
4402,Dan Meyer
1463,Dan Miceli
1009384,Dan Murray
7385,Dan Otero
1319,Dan Plesac
624,Dan Reichert
4080,Dan Runzler
1812,Dan Serafini
15639,Dan Slania
1521,Dan Smith
9460,Dan Straily
3442,Dan Uggla
120,Dan Wheeler
1102,Dan Wilson
12237,Dan Winkler
258,Dan Wright
5508,Dana Eveland
10095,Dane De La Rosa
19409,Dane Dunning
22054,Dane Myers
353,Dane Sardinha
7115,Daniel Bard
7652,Daniel Barone
1931,Daniel Cabrera
14467,Daniel Camarena
19805,Daniel Castano
15450,Daniel Castro
9266,Daniel Corcino
5869,Daniel Davidson
8392,Daniel Descalso
17480,Daniel Duarte
25625,Daniel Espino
10390,Daniel Fields
1004536,Daniel Garibay
16164,Daniel Gossett
4552,Daniel Herrera
7146,Daniel Hudson
19643,Daniel Johnson
21537,Daniel Lynch IV
263,Daniel McCutchen
16980,Daniel Mengden
2858,Daniel Moskos
4316,Daniel Murphy
5450,Daniel Nava
13475,Daniel Norris
4694,Daniel Ortmeier
27914,Daniel Palencia
14897,Daniel Palka
16110,Daniel Ponce de Leon
21229,Daniel Robert
14145,Daniel Robertson
6266,Daniel Robertson
8739,Daniel Schlereth
25180,Daniel Schneemann
9404,Daniel Stange
13780,Daniel Stumpf
31441,Daniel Susac
14130,Daniel Vogelbach
10558,Daniel Webb
15179,Daniel Wright
17811,Daniel Zamora
585,Danny Ardoin
11388,Danny Barnes
47,Danny Bautista
11397,Danny Burawa
13293,Danny Coulombe
1050,Danny Dorn
3542,Danny Duffy
9219,Danny Espinosa
8501,Danny Farquhar
1819,Danny Garcia
326,Danny Graves
12874,Danny Hultzen
16535,Danny Jansen
1455,Danny Klassen
18889,Danny Mendick
1009257,Danny Mota
12214,Danny Muno
10317,Danny Ortiz
485,Danny Patterson
8062,Danny Putnam
3767,Danny Richar
5867,Danny Salazar
2344,Danny Sandoval
10322,Danny Santana
6364,Danny Valencia
198,Danny Worth
18439,Danny Young
1014370,Danny Young
18314,Dansby Swanson
1000946,Dante Bichette
21170,Dany Jiménez
367,Danys Baez
26224,Darell Hernaiz
5928,Daric Barton
19717,Darick Hall
15580,Dariel Álvarez
21197,Darien Núñez
5903,Darin Downs
11,Darin Erstad
7316,Darin Mastroianni
9929,Darin Ruf
15821,Dario Agrazal
14239,Dario Alvarez
25928,Darius Vines
1867,Darnell McDonald
13284,Darnell Sweeney
9954,Darrell Ceciliani
1003716,Darrell Einertson
613,Darrell May
4770,Darrell Rasner
29912,Darren Baker
83,Darren Bragg
8226,Darren Clarke
647,Darren Dreifort
109,Darren Ford
95,Darren Holmes
286,Darren Lewis
20038,Darren McCaughan
3321,Darren O'Day
206,Darren Oliver
1302,Darrin Fletcher
1005272,Darryl Hamilton
1163,Darryl Kile
2430,Darwin Barney
771,Darwin Cubillan
19848,Darwinzon Hernández
6603,Daryl Thompson
579,Daryle Ward
19345,Daulton Jefferies
19918,Daulton Varsho
21101,Dauri Moreta
1288,Dave Berg
2002,Dave Borkowski
1239,Dave Burba
4635,Dave Bush
1003714,Dave Eiland
1535,Dave Elder
3546,Dave Gassner
1403,Dave Hansen
1391,Dave Hollins
8216,Dave Krynzel
1007961,Dave Magadan
1008160,Dave Martinez
394,Dave Maurer
1462,Dave McCarty
569,Dave Mlicki
670,Dave Roberts
6898,Dave Sappelt
1012508,Dave Stevens
1188,Dave Veres
1013,Dave Williams
1902,David Aardsma
7389,David Adams
23250,David Bañuelos
19569,David Bednar
1108,David Bell
14593,David Bote
11176,David Buchanan
9244,David Carpenter
3959,David Carpenter
951,David Coggin
1680,David Cone
7752,David Cooper
1798,David Cortes
13744,David Dahl
4929,David Davidson
1825,David DeJesus
1402,David Dellucci
10,David Eckstein
30056,David Festa
17992,David Fletcher
9549,David Freese
10619,David Freitas
24934,David Fry
12166,David Goforth
9756,David Hale
27531,David Hamilton
25111,David Hensley
4259,David Hernandez
9264,David Herndon
16130,David Hess
7725,David Holmberg
4257,David Huff
923,David Justice
285,David Kelton
1635,David Lamb
1843,David Lee
7215,David Lough
1046,David Lundquist
19625,David MacKinnon
1785,David Manning
8893,David Martinez
1752,David Matranga
19814,David McKay
1009137,David Moraga
31616,David Morgan
6035,David Murphy
2009,David Newhan
745,David Ortiz
7503,David Patton
3625,David Pauley
17418,David Paulino
1618,David Pember
2136,David Peralta
20302,David Peterson
6316,David Phelps
3184,David Price
8360,David Purcey
402,David Riske
8241,David Robertson
11928,David Rollins
1551,David Ross
1693,David Sanders
31743,David Sandlin
169,David Segui
24782,David Villar
1013492,David Wainhouse
12110,David Washington
902,David Weathers
855,David Wells
3787,David Wright
27582,Davis Daniel
21448,Davis Martin
2756,Davis Romero
23565,Davis Schneider
26469,Davis Wendzel
14713,Dawel Lugo
27757,Dax Fulton
11543,Dayan Díaz
3917,Dayan Viciedo
29995,Daylen Lile
20271,Daysbel Hernández
18353,Daz Cameron
8353,Dean Anna
16687,Dean Deetz
10529,Dean Kiekhefer
19350,Dean Kremer
482,Dean Palmer
11596,Deck McGuire
25645,Declan Cronin
23055,Dedniel Núñez
593,Dee Brown
8203,Dee Strange-Gordon
1011415,Deion Sanders
1025,Deivi Cruz
20276,Deivi García
15988,Deivy Grullón
11379,Delino DeShields
275,Delino DeShields
6216,Dellin Betances
2140,Delmon Young
1215,Delvin James
4563,Delwyn Young
21087,Demarcus Evans
8347,Denard Span
6968,Denis Phipps
8,Dennis Cook
6240,Dennis Dove
17878,Dennis Santana
2174,Dennis Sarfate
672,Dennis Springer
1054,Dennis Tankersley
1947,Denny Bautista
730,Denny Hocking
441,Denny Neagle
452,Denny Stark
444,Dennys Reyes
20526,Denyi Reyes
29858,Denzel Clarke
28816,Denzer Guzman
8410,Deolis Guerra
14509,Dereck Rodríguez
1000801,Derek Bell
10542,Derek Dietrich
16192,Derek Fisher
16947,Derek Hill
4141,Derek Holland
826,Derek Jeter
13133,Derek Law
199,Derek Lowe
6867,Derek Norris
2126,Derek Thompson
215,Dernell Stenson
525,Derrek Lee
2784,Derrick Robinson
1694,Derrick Turnbow
1096,Desi Relaford
1965,Desmond Jennings
9887,Destin Hood
7371,Deunte Heath
13325,Deven Marrero
4939,Devern Hansack
5666,Devin Mesoraco
19487,Devin Smeltzer
25348,Devin Sweet
15816,Devin Williams
3500,Devon Lowery
13862,Devon Travis
1013862,Devon White
1554,Dewayne Wise
1195,Dewon Brazelton
5542,Dewon Day
4062,Dexter Fowler
27969,Deyvison De Los Santos
777,Dicky Gonzalez
6012,Didi Gregorius
30661,Didier Fuentes
17496,Diego Castillo
19906,Diego Castillo
6238,Diego Moreno
13932,Dietrich Enns
27464,Dillon Dingler
7396,Dillon Gee
14672,Dillon Maples
15627,Dillon Overton
18790,Dillon Peters
17796,Dillon Tate
12719,Dillon Thomas
14335,Dilson Herrera
17186,Dinelson Lamet
3179,Dioner Navarro
4950,Diory Hernandez
6010,Dirk Hayhurst
11472,Dixon Machado
505,Dmitri Young
30153,Dom Hamel
15055,Dom Nuñez
17092,Domingo Acevedo
17149,Domingo Germán
25241,Domingo Gonzalez
1005158,Domingo Guzman
16404,Domingo Leyba
10348,Domingo Santana
12178,Domingo Tapia
26438,Dominic Canzone
26149,Dominic Fletcher
13763,Dominic Leone
15653,Dominic Smith
3154,Domonic Brown
2216,Don Kelly
1013777,Don Wengert
10154,Donald Lutz
1047,Donaldo Mendez
10620,Donn Roach
39,Donne Wall
15306,Donnie Hart
6491,Donnie Joseph
4704,Donnie Murphy
627,Donnie Sadler
4741,Donnie Veal
7498,Donny Lucy
18603,Donny Sands
8728,Donovan Hand
299,Donovan Osborne
8623,Donovan Solano
19314,Donovan Walton
1703,Dontrelle Willis
615,Donzell McDonald II
4518,Doug Bernier
1001107,Doug Bochtler
551,Doug Brocail
2457,Doug Clark
1202,Doug Creek
1244,Doug Davis
1923,Doug DeVore
9425,Doug Fister
956,Doug Glanville
1005668,Doug Henry
1006552,Doug Jones
1662,Doug Linton
3944,Doug Mathis
741,Doug Mientkiewicz
202,Doug Mirabelli
963,Doug Nickle
30142,Doug Nikhazy
3107,Doug Slaten
1814,Doug Waechter
11604,Dovydas Neverauskas
31539,Drake Baldwin
2868,Drake Britton
15130,Drew Anderson
25183,Drew Avans
3411,Drew Butera
19868,Drew Carlton
9533,Drew Carpenter
33380,Drew Cavanaugh
19873,Drew Ellis
12545,Drew Gagnon
31545,Drew Gilbert
10528,Drew Hayes
822,Drew Henson
10732,Drew Hutchison
17807,Drew Jackson
5451,Drew Macias
11381,Drew Maggi
4738,Drew Meyer
25643,Drew Millas
11426,Drew Pomeranz
25385,Drew Rasmussen
11761,Drew Robinson
24602,Drew Rom
27763,Drew Romo
12499,Drew Rucinski
17755,Drew Smith
11760,Drew Smyly
32026,Drew Sommers
18806,Drew Steckenrider
6983,Drew Storen
9328,Drew Stubbs
7430,Drew Sutton
5578,Drew T. Anderson
31967,Drew Thorpe
13424,Drew VerHagen
20505,Drew Waters
26260,Drey Jameson
3124,Duane Below
14677,Duane Underwood Jr.
1518,Duaner Sanchez
27812,Dugan Darnell
27543,Duke Ellis
792,Duke Welker
31886,Duncan Davitt
744,Dustan Mohr
16537,Dusten Knight
10099,Dustin Ackley
7119,Dustin Antolin
17098,Dustin Fowler
9433,Dustin Garneau
25705,Dustin Harris
195,Dustin Hermanson
19716,Dustin May
8600,Dustin McGowan
6200,Dustin Molleken
7060,Dustin Moseley
4426,Dustin Nippert
8370,Dustin Pedroia
15189,Dustin Peterson
2548,Dustin Richardson
1000138,Dusty Allen
2643,Dusty Bergman
3420,Dusty Brown
8979,Dusty Coleman
6164,Dusty Hughes
2312,Dusty Ryan
1648,Dusty Wathan
1004852,Dwight Gooden
13473,Dwight Smith Jr.
9303,Dylan Axelrod
31695,Dylan Beavers
12917,Dylan Bundy
20126,Dylan Carlson
18525,Dylan Cease
22276,Dylan Coleman
14825,Dylan Covey
15115,Dylan Cozens
33541,Dylan Crews
29928,Dylan Dodd
13394,Dylan Floro
19996,Dylan Lee
18042,Dylan Moore
30145,Dylan Smith
20926,Dérmis Garcia
1481,Earl Snyder
26058,Easton Lucas
22176,Easton McGee
2487,Ed Easley
7532,Ed Lucas
1621,Ed Rogers
1012356,Ed Sprague Jr.
1426,Ed Vosberg
1014322,Ed Yarnall
5890,Eddie Bonine
13453,Eddie Butler
6911,Eddie Gamboa
727,Eddie Guardado
2862,Eddie Kunz
69,Eddie Oropesa
400,Eddie Pérez
12155,Eddie Rosario
1012845,Eddie Taubensee
1014459,Eddie Zosky
16959,Eddy Alvarez
7022,Eddy Garabito
6870,Eddy Rodriguez
2193,Eddy Rodriguez
24248,Eddy Yean
19276,Edgar García
2963,Edgar Gonzalez
1727,Edgar Gonzalez
5195,Edgar Ibarra
1086,Edgar Martinez
24363,Edgar Navarro
10174,Edgar Olmos
28022,Edgar Quero
1178,Edgar Renteria
17355,Edgar Santana
1002337,Edgard Clemente
859,Edgardo Alfonzo
26944,Edgardo Henriquez
8574,Edgmer Escalona
3990,Edinson Volquez
17022,Edmundo Sosa
27534,Edouard Julien
20997,Eduard Bazardo
6153,Eduardo Escobar
19642,Eduardo Jiménez
6848,Eduardo Núñez
16344,Eduardo Paredes
1409,Eduardo Perez
31280,Eduardo Rivera
13164,Eduardo Rodriguez
23135,Eduardo Salazar
2966,Eduardo Sanchez
24574,Eduardo Valencia
1922,Eduardo Villacis
23162,Eduarniel Núñez
16086,Edubray Ramos
9211,Edwar Cabrera
20589,Edwar Colina
4830,Edwar Ramirez
21690,Edward Cabrera
3970,Edward Mujica
19698,Edward Olivares
4168,Edward Paredes
1115,Edwards Guzman
1764,Edwin Almonte
29957,Edwin Arroyo
7242,Edwin Bellorin
14710,Edwin Díaz
2151,Edwin Encarnación
10337,Edwin Escobar
1841,Edwin Jackson
5735,Edwin Maysonet
7993,Edwin Moreno
18316,Edwin Rios
20539,Edwin Uceta
9854,Efren Navarro
19964,Eguy Rosario
8418,Ehire Adrianza
6380,Ehren Wassermann
28040,Eiberson Castellano
2905,Eider Torres
378,Einar Díaz
20543,Elehuris Montero
1166,Eli Marrero
20203,Eli Morgan
20408,Eli Villalobos
19346,Eli White
3536,Eli Whiteside
5432,Elian Herrera
11680,Elias Díaz
13750,Elier Hernandez
16933,Elieser Hernández
22741,Eliezer Alfonzo
2331,Eliezer Alfonzo
8796,Elih Villanueva
4946,Elijah Dukes
1946,Elizardo Ramirez
4751,Elliot Johnson
11155,Elliot Soto
372,Ellis Burks
26668,Elly De La Cruz
317,Elmer Dessens
31811,Elmer Rodríguez
17484,Eloy Jiménez
2247,Elvin Ramirez
20962,Elvin Rodríguez
21662,Elvis Alvarado
8709,Elvis Andrus
12854,Elvis Araujo
20632,Elvis Luciano
21652,Elvis Peguero
1010143,Elvis Pena
27470,Emerson Hancock
1197,Emil Brown
3106,Emiliano Fruto
27999,Emiliano Teodo
4054,Emilio Bonifácio
14771,Emilio Pagán
2917,Emmanuel Burriss
21032,Emmanuel Clase
17304,Emmanuel Ramirez
19890,Emmanuel Rivera
29839,Emmet Sheehan
4922,Ender Inciarte
11896,Enderson Franco
768,Endy Chavez
25332,Endy Rodríguez
4204,Enerio Del Rosario
4918,Engel Beltre
15481,Engelb Vielma
18554,Enmanuel De Jesus
21716,Enmanuel Valdez
4001,Enny Romero
20447,Enoli Paredes
3895,Enrique Burgos
1673,Enrique Cruz
2568,Enrique Gonzalez
10472,Enrique Hernández
858,Enrique Wilson
18403,Enyel De Los Santos
1699,Erasmo Ramirez
10314,Erasmo Ramírez
1753,Eric Bruntlett
905,Eric Byrnes
1001864,Eric Cammack
6938,Eric Campbell
30128,Eric Cerantola
906,Eric Chavez
3011,Eric Crozier
1494,Eric Cyr
1003048,Eric Davis
1633,Eric DuBose
1600,Eric Eckenstahler
2066,Eric Farris
7042,Eric Fornataro
8145,Eric Fryer
650,Eric Gagne
1005144,Eric Gunderson
14111,Eric Haase
8743,Eric Hacker
18332,Eric Hanhold
1305,Eric Hinske
3516,Eric Hosmer
4660,Eric Hull
8364,Eric Hurley
11157,Eric Jokisch
1611,Eric Junge
659,Eric Karros
62,Eric Knott
19316,Eric Lauer
743,Eric Milton
481,Eric Munson
5746,Eric O'Flaherty
27626,Eric Orze
534,Eric Owens
9072,Eric Patterson
4439,Eric Reed
16155,Eric Skoglund
7927,Eric Sogard
13795,Eric Stamets
16873,Eric Stout
8011,Eric Stults
2540,Eric Surkamp
3711,Eric Thames
1629,Eric Valent
23395,Eric Wagaman
1013695,Eric Weaver
27698,Eric Yang
15538,Eric Yardley
7158,Eric Young Jr.
716,Eric Young Sr.
20323,Erich Uelmen
808,Erick Almonte
4082,Erick Aybar
12990,Erick Castillo
17425,Erick Fedde
15817,Erick Mejia
3158,Erick Threets
126,Erik Bedard
4086,Erik Cordier
8422,Erik Davis
11712,Erik Goeddel
13369,Erik González
9133,Erik Hamren
919,Erik Hiljus
12520,Erik Johnson
8039,Erik Komatsu
4403,Erik Kratz
26252,Erik Miller
1517,Erik Sabel
24978,Erik Sabrowski
16587,Erik Swanson
15809,Erisbel Arruebarrena
5178,Ernesto Frieri
20352,Ernie Clement
79,Ernie Young
1413,Erubiel Durazo
3200,Ervin Santana
1626,Esix Snead
5284,Esmailin Caridad
5280,Esmerling Vasquez
29005,Esmerlyn Valdez
6317,Esmil Rogers
1449,Esteban German
1310,Esteban Loaiza
19780,Esteban Quiroz
1236,Esteban Yan
21780,Esteury Ruiz
19151,Estevan Florial
3877,Ethan Martin
24930,Ethan Roberts
26364,Ethan Small
2514,Eude Brito
12552,Eugenio Suárez
3893,Eugenio Velez
4055,Eury De La Rosa
10299,Eury Pérez
27768,Eury Pérez
27790,Evan Carter
7249,Evan Crawford
11003,Evan Gattis
30008,Evan Justice
27536,Evan Kravetz
24988,Evan Lee
9368,Evan Longoria
5576,Evan MacLane
12297,Evan Marshall
5109,Evan Meek
17734,Evan Phillips
1349,Evan Reed
7525,Evan Scribner
24995,Evan Sisk
20078,Evan White
712,Everett Stull
3732,Everett Teaford
23695,Everson Pereira
8155,Everth Cabrera
2169,Ezequiel Astacio
9048,Ezequiel Carrera
23733,Ezequiel Duran
24064,Ezequiel Tovar
1011438,F.P. Santangelo
2826,Fabio Castillo
4048,Fabio Castro
5841,Fautino De Los Santos
1002763,Felipe Crespo
1007649,Felipe Lira
1311,Felipe Lopez
3777,Felipe Paulino
12076,Felipe Vázquez
1932,Felix Diaz
1204,Felix Escalona
1304,Felix Heredia
14532,Felix Jorge
1610,Felix Jose
1008164,Felix Martinez
3751,Felix Pie
28763,Felix Reyes
1127,Felix Rodriguez
1822,Felix Sanchez
4994,Fernando Abad
2105,Fernando Cabrera
3634,Fernando Cortez
7048,Fernando Cruz
5536,Fernando Hernandez
1459,Fernando Lunar
9210,Fernando Martinez
2173,Fernando Nieve
7755,Fernando Perez
494,Fernando Rodney
7558,Fernando Rodriguez Jr.
15885,Fernando Romero
4971,Fernando Salas
1836,Fernando Seguignol
798,Fernando Tatis
19709,Fernando Tatis Jr.
1189,Fernando Viña
21634,Ford Proctor
16496,Forrest Wall
19586,Forrest Whitley
16432,Foster Griffin
17295,Framber Valdez
14567,Franchy Cordero
1530,Francis Beltran
17303,Francis Martes
26121,Francisco Alvarez
10286,Francisco Arcia
5275,Francisco Cervelli
1243,Francisco Cordero
1002623,Francisco Cordova
2104,Francisco Cruceta
2091,Francisco Del Rosario
12916,Francisco Lindor
3201,Francisco Liriano
16403,Francisco Mejía
22913,Francisco Morales
5496,Francisco Peguero
8298,Francisco Peña
21018,Francisco Pérez
6688,Francisco Rodriguez
1642,Francisco Rodríguez
1742,Francisco Santos
5980,Francisley Bueno
30195,Franco Aleman
1877,Frank Brooks
180,Frank Castillo
1241,Frank Catalanotto
1002159,Frank Charles
1933,Frank Francisco
13144,Frank Garces
24750,Frank German
7960,Frank Herrmann
4230,Frank Mata
931,Frank Menechino
15351,Frank Schwindel
255,Frank Thomas
3920,Frankie De La Cruz
14309,Frankie Montas
1011106,Frankie Rodriguez
15519,Franklin Barreto
3255,Franklin Gutierrez
5088,Franklin Morales
2033,Franklin Nunez
1603,Franklyn German
1921,Franklyn Gracesqui
17861,Franklyn Kilome
14566,Franmil Reyes
2860,Franquelis Osoria
29530,Fraser Ellard
4693,Fred Lewis
293,Fred McGriff
2099,Freddie Bynum Jr.
5361,Freddie Freeman
5424,Freddy Dolsi
21840,Freddy Fermin
6609,Freddy Galvis
1077,Freddy Garcia
2162,Freddy Guzman
18679,Freddy Peralta
1624,Freddy Sanchez
6863,Freddy Sandoval
23324,Freddy Tarnok
4199,Fu-Te Ni
20666,Félix Bautista
1478,Félix Doubront
4772,Félix Hernández
13403,Félix Peña
1000194,Gabe Alvarez
2184,Gabe Gross
1256,Gabe Kapler
19881,Gabe Klobosits
1575,Gabe Molina
17170,Gabe Speier
360,Gabe White
22563,Gabriel Arias
28833,Gabriel Gonzalez
14528,Gabriel Guerrero
31614,Gabriel Hughes
22664,Gabriel Moreno
16348,Gabriel Moya
31958,Gabriel Rincones Jr.
12938,Gabriel Ynoa
3361,Gaby Sanchez
35418,Gage Jump
27573,Gage Workman
11608,Garin Cecchini
2,Garret Anderson
27583,Garrett Acton
1790,Garrett Atkins
17897,Garrett Cleavinger
15279,Garrett Cooper
27463,Garrett Crochet
19262,Garrett Hampson
25097,Garrett Hill
2714,Garrett Jones
31751,Garrett McDaniels
27555,Garrett Mitchell
7335,Garrett Mock
9889,Garrett Olson
9784,Garrett Richards
27485,Garrett Stallings
1185,Garrett Stephenson
18067,Garrett Stubbs
20191,Garrett Whitlock
420,Gary Bennett
11464,Gary Brown
1003322,Gary Disarcina
1004422,Gary Gaetti
234,Gary Glover
1697,Gary Johnson
1428,Gary Knotts
2131,Gary Majewski
153,Gary Matthews Jr.
114,Gary Sheffield
11442,Gary Sánchez
17005,Gavin Cecchini
26349,Gavin Collyer
3886,Gavin Floyd
25427,Gavin Hollowell
19955,Gavin Lux
19901,Gavin Sheets
27792,Gavin Stone
30122,Gavin Williams
1085,Gene Kingsale
1184,Gene Stechschulte
7405,Geno Espineli
550,Geoff Blum
1813,Geoff Geary
19558,Geoff Hartlieb
690,Geoff Jenkins
25436,George Kirby
33464,George Klassen
9486,George Kontos
5506,George Kottaras
101,George Lombard
6291,George Sherrill
21863,George Soriano
12856,George Springer
22541,George Valera
1013999,George Williams
3707,Geovany Soto
1698,Gerald Laird
1395,Gerald Williams
1005159,Geraldo Guzman
22799,Geraldo Perdomo
14411,Gerardo Concepción
8553,Gerardo Parra
16306,Gerardo Reyes
1711,Geremi Gonzalez
3919,German Duran
15038,Germán Márquez
1000900,Geronimo Berroa
142,Geronimo Gil
13125,Gerrit Cole
19256,Gerson Bautista
19835,Gerson Garabito
4949,Giancarlo Stanton
10340,Gift Ngoepe
1005686,Gil Heredia
1089,Gil Meche
2070,Gil Velazquez
20233,Gilberto Celestino
7448,Gio Gonzalez
10681,Gio Urshela
643,Giovanni Carrara
10330,Giovanni Soto
14986,Giovanny Gallegos
1000545,Glen Barker
8041,Glen Perkins
1005820,Glenallen Hill
707,Glendon Rusch
21366,Glenn Otto Jr.
15200,Glenn Sparkman
1991,Glenn Williams
16997,Gleyber Torres
5876,Gonzalez Germen
316,Gookie Dawkins
9015,Gordon Beckham
29519,Gordon Graceffo
4146,Gorkys Hernández
15697,Gosuke Katoh
2197,Grady Sizemore
25813,Grae Kessinger
783,Graeme Lloyd
27552,Graham Ashcraft
3128,Graham Godfrey
1851,Graham Koonce
31363,Graham Pauley
3719,Graham Taylor
20546,Grant Anderson
718,Grant Balfour
11203,Grant Dayton
10053,Grant Green
29946,Grant Hartwig
30002,Grant Holman
16944,Grant Holmes
22045,Grant Koch
25690,Grant McCray
894,Grant Roberts
33927,Grant Taylor
21623,Grant Wolfram
17062,Grayson Greiner
24492,Grayson Rodriguez
16623,Greg Allen
1899,Greg Aquino
14131,Greg Bird
6282,Greg Burke
51,Greg Colbrunn
19872,Greg Deichmann
2158,Greg Dobbs
10951,Greg Garcia
8074,Greg Golson
6617,Greg Halman
7196,Greg Holland
1782,Greg Jones
25448,Greg Jones
1582,Greg LaRocca
104,Greg Maddux
16877,Greg Mahle
1008640,Greg McMichael
933,Greg Myers
1388,Greg Norton
5712,Greg Reynolds
3455,Greg Smith
76,Greg Swindell
1233,Greg Vaughn
20375,Greg Weissert
1006379,Gregg Jefferies
1009791,Gregg Olson
580,Gregg Zaun
3812,Gregorio Petit
9119,Gregory Infante
12907,Gregory Polanco
21894,Gregory Santos
19677,Gregory Soto
19867,Griffin Canning
21626,Griffin Conine
20253,Griffin Jax
3123,Grégor Blanco
12669,Guido Knudson
3412,Guilder Rodriguez
18721,Guillermo Heredia
5106,Guillermo Moscoso
1467,Guillermo Mota
7989,Guillermo Quiroz
7011,Guillermo Rodriguez
19588,Guillo Zuñiga
26289,Gunnar Henderson
31318,Gunnar Hoglund
1004475,Gus Gandarillas
12321,Gus Schlosser
24737,Gus Varland
22707,Gustavo Campero
2060,Gustavo Chacin
2861,Gustavo Molina
17490,Génesis Cabrera
27506,Ha-Seong Kim
22116,Hagen Danner
1009209,Hal Morris
1419,Hank Blalock
2505,Hank Conger
1004345,Hanley Frias
8001,Hanley Ramirez
22192,Hans Crouse
522,Hansel Izquierdo
11801,Hansel Robles
11902,Hanser Alberto
30080,Hao-Yu Lee
1000434,Harold Baines
14691,Harold Castro
14387,Harold Ramírez
18030,Harrison Bader
16532,Harrison Musgrave
29958,Harry Ford
3100,Harvey Garcia
31635,Hayden Birdsong
31913,Hayden Harris
29640,Hayden Juenger
4893,Hayden Penn
21489,Hayden Senger
27581,Hayden Wesneski
2080,Heath Bell
17466,Heath Fillmyer
11632,Heath Hembree
1510,Heath Murray
3396,Heath Phillips
1012069,Heathcliff Slocumb
1729,Hector Almonte
559,Hector Ambriz
1240,Hector Carrasco
2172,Hector Gimenez
1874,Hector Luna
960,Hector Mercado
3292,Hector Noesí
18592,Hector Perez
1010669,Hector Ramirez
19341,Hector Velázquez
270,Hee-Seop Choi
22515,Heliot Ramos
5669,Henderson Alvarez
6371,Henry Alberto Rodriguez
7983,Henry Alejandro Rodriguez
81,Henry Blanco
31448,Henry Bolte
29617,Henry Davis
1461,Henry Mateo
3520,Henry Owens
13143,Henry Owens
11481,Henry Ramos
1427,Henry Rodriguez
6936,Henry Sosa
14441,Henry Urrutia
5360,Henry Villar
1270,Herbert Perry Jr.
24878,Heriberto Hernández
4177,Hernan Iribarren
5751,Hernán Pérez
31166,Heston Kjerstad
1255,Hideki Irabu
1659,Hideki Matsui
7763,Hideki Okajima
666,Hideo Nomo
1472,Hipolito Pichardo
1404,Hiram Bocachica
9412,Hiram Burgos
27515,Hirokazu Sawamura
3283,Hiroki Kuroda
10091,Hisanori Takahashi
13048,Hisashi Iwakuma
18615,Hobie Harris
13346,Hoby Milner
21520,Hogan Harris
8362,Homer Bailey
1425,Homer Bush
1003843,Horacio Estrada
110,Horacio Ramirez
1533,Howie Clark
4229,Howie Kendrick
18027,Hoy Park
6107,Huascar Brazobán
20468,Huascar Ynoa
13595,Humberto Arteaga
21183,Humberto Castellanos
1595,Humberto Cota
20739,Humberto Mejía
1824,Humberto Quintero
4303,Humberto Sanchez
7016,Hung-Chih Kuo
33174,Hunter Barco
26259,Hunter Bigge
25880,Hunter Brown
10510,Hunter Cervenka
30240,Hunter Dobbins
15117,Hunter Dozier
23372,Hunter Feduccia
25636,Hunter Gaddis
29715,Hunter Goodman
22182,Hunter Greene
15507,Hunter Harvey
4656,Hunter Jones
20034,Hunter Owen
8252,Hunter Pence
15464,Hunter Renfroe
23455,Hunter Stratton
7836,Hunter Strickland
15091,Hunter Wood
33527,Hurston Waldrep
8258,Huston Street
27513,Hyeon-Jong Yang
35322,Hyeseong Kim
14444,Hyun Jin Ryu
18718,Hyun Soo Kim
2264,Héctor Gómez
11804,Héctor Neris
17528,Héctor Olivera
1264,Héctor Ortiz
2391,Héctor Rondón
4026,Héctor Santiago
10289,Héctor Sánchez
19951,Ian Anderson
6885,Ian Desmond
17871,Ian Gibaut
19261,Ian Hamilton
17919,Ian Happ
6986,Ian Kennedy
6195,Ian Kinsler
10066,Ian Krol
15156,Ian Miller
13821,Ian Parmley
27932,Ian Seymour
2227,Ian Snell
5950,Ian Stewart
13881,Ian Thomas
1101,Ichiro Suzuki
8433,Ike Davis
13324,Ildemaro Vargas
6165,Irving Falu
20463,Irving Lopez
25477,Isaac Collins
5238,Isaac Galloway
20385,Isaac Mattson
20036,Isaac Paredes
25551,Isaiah Campbell
17922,Isan Díaz
16512,Isiah Kiner-Falefa
1283,Ismael Valdez
1013428,Ismael Villegas
22906,Israel Pineda
15971,Ivan Castillo
1596,Ivan Cruz
27593,Ivan Johnson
2199,Ivan Ochoa
1275,Ivan Rodriguez
1002390,Ivanon Coffie
9886,Iván De Jesús Jr.
20599,Iván Herrera
1994,Iván Nova
1558,Izzy Alcantara
156,Izzy Molina
7410,J.A. Happ
20491,J.B. Bukauskas
23,J.B. Miadich
14506,J.B. Wendelken
2324,J.C. Boscan
20084,J.C. Escarra
20617,J.C. Mejía
754,J.C. Romero
16219,J.D. Davis
1152,J.D. Drew
7992,J.D. Durbin
3685,J.D. Martin
6184,J.D. Martinez
1012081,J.D. Smart
1597,J.J. Davis
3054,J.J. Furmaniak
3797,J.J. Hardy
9037,J.J. Hoover
20165,J.J. Matijevic
1795,J.J. Putz
1524,J.J. Trujillo
697,J.P. Arencibia
15491,J.P. Crawford
16610,J.P. Feyereisen
21212,J.P. France
8245,J.P. Howell
24451,J.P. Martínez
12042,J.R. Graham
992,J.R. House
7348,J.R. Towles
27889,J.T. Ginn
11739,J.T. Realmuto
1133,J.T. Snow
6677,JB Shuck
8302,JC Ramírez
2108,JD Closser
19548,JD Hammer
26368,JJ Bleday
34985,JJ Wetherholt
23429,JP Sears
31760,JR Ritchie
17578,JT Brubaker
13767,JT Chargois
17642,JT Riddle
14818,JaCoby Jones
11247,Jabari Blash
35041,Jac Caglianone
16159,Jace Fry
31437,Jace Jung
12325,Jace Peterson
30086,Jack Anderson
31471,Jack Brannigan
3052,Jack Cassel
723,Jack Cressend
1564,Jack Cust
30249,Jack Dreyer
7487,Jack Egbert
17479,Jack Flaherty
3692,Jack Hannahan
27688,Jack Kochanowicz
19634,Jack Kruger
20510,Jack Larsen
12562,Jack Leathersich
30146,Jack Leiter
26152,Jack Little
13663,Jack López
15402,Jack Mayfield
30106,Jack Neely
22690,Jack O'Loughlin
31468,Jack Perkins
14938,Jack Reinheimer
22244,Jack Suwinski
2766,Jack Taschner
1017,Jack Wilson
29830,Jack Winkler
12984,Jackie Bradley Jr.
28806,Jackson Chourio
31781,Jackson Holliday
30203,Jackson Jobe
21549,Jackson Kowar
29490,Jackson Merrill
26215,Jackson Rutledge
14420,Jackson Stephens
20565,Jackson Tetreault
8524,Jackson Williams
29832,Jackson Wolf
23296,Jacob Amaya
12323,Jacob Barnes
463,Jacob Cruz
33225,Jacob Gonzalez
15644,Jacob Hannemann
27599,Jacob Hurtubise
21306,Jacob Latz
16215,Jacob Lindgren
25098,Jacob Lopez
14876,Jacob May
31661,Jacob Melton
31623,Jacob Misiorowski
17775,Jacob Nix
16448,Jacob Nottingham
15267,Jacob Rhame
19528,Jacob Robson
13723,Jacob Stallings
10185,Jacob Turner
18318,Jacob Waguespack
19274,Jacob Webb
33266,Jacob Wilson
13254,Jacob Wilson
29931,Jacob Young
10954,Jacob deGrom
4727,Jacoby Ellsbury
735,Jacque Jones
30250,Jaden Hill
8228,Jae Kuk Ryu
895,Jae Weong Seo
19369,Jae-Gyun Hwang
7945,Jaff Decker
18872,Jahmai Jones
5715,Jai Miller
2913,Jailen Peguero
18356,Jaime Barria
8224,Jaime Bubela
1532,Jaime Cerda
8137,Jaime García
1009465,Jaime Navarro
15066,Jaime Schultz
21730,Jair Camargo
5556,Jair Jurrjens
3332,Jairo Asencio
12774,Jairo Díaz
26907,Jairo Iriarte
14996,Jairo Labourt
25569,Jake Alu
4153,Jake Arrieta
13322,Jake Barrett
15194,Jake Bauers
31959,Jake Bennett
21267,Jake Bird
33168,Jake Bloss
17783,Jake Brentz
2851,Jake Brigham
10962,Jake Buchanan
22275,Jake Burger
14477,Jake Cave
21620,Jake Cousins
18036,Jake Cronenworth
5003,Jake Diekman
10803,Jake Dunning
27590,Jake Eder
7290,Jake Elmore
12756,Jake Esch
13699,Jake Faria
20060,Jake Fishman
6267,Jake Fox
19260,Jake Fraley
9431,Jake Goebbert
12198,Jake Hager
21504,Jake Irvin
16958,Jake Jewell
13329,Jake Lamb
19785,Jake Lemoine
26202,Jake Mangum
11339,Jake Marisnick
21622,Jake McCarthy
7550,Jake McGee
20308,Jake Meyers
15136,Jake Newberry
19703,Jake Noll
6397,Jake Odorizzi
31598,Jake Palisch
1051,Jake Peavy
10534,Jake Petricka
16209,Jake Reed
2266,Jake Robbins
19452,Jake Rogers
14379,Jake Smith
5408,Jake Smolinski
14371,Jake Thompson
20227,Jake Walsh
412,Jake Westbrook
23095,Jake Wong
18674,Jake Woodford
2196,Jake Woods
13619,Jakob Junis
31370,Jakob Marsee
17837,Jakson Reetz
1007425,Jalal Leach
17192,Jalen Beeks
1820,Jamal Strong
6448,James Adduci
1064,James Baldwin
4626,James Beresford
16668,James Bourque
9060,James Darnell
6113,James Houser
14605,James Hoyt
9767,James Jones
18331,James Kaprielian
20151,James Karinchak
1007700,James Lofton
4556,James Loney
19675,James Marvel
21527,James McArthur
12859,James McCann
5523,James McDonald
29891,James Meeker
1009268,James Mouton
18186,James Naile
16440,James Norwood
24770,James Outman
7734,James Parr
11828,James Paxton
13323,James Pazos
4089,James Russell
15118,James Sherfy
7059,James Shields
29518,James Wood
11674,Jameson Taillon
1591,Jamey Carroll
715,Jamey Wright
1000319,Jamie Arnold
1001411,Jamie Brewington
371,Jamie Brown
6,Jamie Burke
14711,Jamie Callahan
5851,Jamie D'Antona
6461,Jamie Hoffmann
1091,Jamie Moyer
5552,Jamie Romak
5660,Jamie Vermilyea
502,Jamie Walker
15504,Jamie Westbrook
14665,Jandel Gustave
23301,Janson Junk
8346,Jared Burton
324,Jared Fernandez
10882,Jared Hoying
9325,Jared Hughes
27863,Jared Jones
27517,Jared Koenig
19968,Jared Oliva
1224,Jared Sandberg
27472,Jared Shuster
23425,Jared Solomon
25807,Jared Triolo
18607,Jared Walsh
5538,Jared Wells
20404,Jared Young
415,Jaret Wright
18282,Jarlín García
10304,Jarred Cosart
22558,Jarred Kelenic
24617,Jarren Duran
7553,Jarrett Grube
7554,Jarrett Hoffpauir
11624,Jarrett Parker
4866,Jarrod Dyson
4913,Jarrod Parker
486,Jarrod Patterson
5557,Jarrod Saltalamacchia
40,Jarrod Washburn
26047,Jase Bowen
11861,Jason Adam
19666,Jason Alexander
2388,Jason Alfaro
1661,Jason Anderson
8219,Jason Bartlett
1717,Jason Bay
266,Jason Bere
4640,Jason Bergmann
5673,Jason Berken
1560,Jason Beverlin
2907,Jason Botts
2225,Jason Bourgeois
1020,Jason Boyd
3915,Jason Bulger
8722,Jason Castro
2379,Jason Childers
1111,Jason Christiansen
14282,Jason Coats
1199,Jason Conti
1598,Jason Davis
19806,Jason Delay
1003278,Jason Dickson
9331,Jason Donald
1941,Jason Dubois
1704,Jason Ellison
19531,Jason Foley
1906,Jason Frasor
12143,Jason García
818,Jason Giambi
1710,Jason Gilfillan
1604,Jason Grabowski
1004998,Jason Green
521,Jason Grilli
602,Jason Grimsley
8007,Jason Gurka
4538,Jason Hammel
1253,Jason Hart
4940,Jason Heyward
6293,Jason Hirsh
14914,Jason Hursh
1158,Jason Isringhausen
8358,Jason Jaramillo
434,Jason Jennings
1506,Jason Jimenez
147,Jason Johnson
1775,Jason Jones
1162,Jason Karnuth
993,Jason Kendall
1566,Jason Kershner
9776,Jason Kipnis
12394,Jason Krizan
2161,Jason Kubel
337,Jason LaRue
1397,Jason Lane
105,Jason Marquis
16429,Jason Martin
1008288,Jason Maxwell
1008460,Jason McDonald
1399,Jason Michaels
1048,Jason Middlebrook
3104,Jason Miller
5861,Jason Motte
1512,Jason Pearson
4710,Jason Perry
1549,Jason Phillips
892,Jason Phillips
4611,Jason Pridie
1010660,Jason Rakers
2628,Jason Repko
1740,Jason Roach
11773,Jason Rogers
1278,Jason Romano
1011340,Jason Ryan
1131,Jason Schmidt
1625,Jason Shiell
1181,Jason Simontacchi
1227,Jason Smith
1229,Jason Standridge
1763,Jason Stanford
1881,Jason Szuminski
1232,Jason Tyner
8044,Jason Vargas
217,Jason Varitek
16686,Jason Vosler
3474,Jason Waddell
13128,Jason Wheeler
8373,Jason Windsor
1999,Jason Wood
1707,Jason Young
28080,Jasson Domínguez
21741,Javier Assad
12979,Javier Báez
1023,Javier Cardona
1663,Javier López
28253,Javier Sanoja
759,Javier Valentin
801,Javier Vazquez
7407,Javy Guerra
17292,Javy Guerra
103,Javy Lopez
48,Jay Bell
9892,Jay Bruce
9494,Jay Buente
1001638,Jay Buhner
722,Jay Canizaro
18140,Jay Flaa
141,Jay Gibbons
7432,Jay Jackson
5546,Jay Marshall
890,Jay Payton
1271,Jay Powell
2271,Jay Sborz
1012369,Jay Spurgeon
851,Jay Tessmer
1138,Jay Witasick
14936,Jaycob Brugman
26482,Jayden Murray
9096,Jaye Chapman
19552,Jaylin Davis
13150,Jayson Aquino
1497,Jayson Durocher
3790,Jayson Nix
1327,Jayson Werth
25158,Jayvien Sandridge
20454,Jazz Chisholm Jr.
3220,Jean Machi
5933,Jean Segura
9033,Jeanmar Gómez
13166,Jed Bradley
4418,Jed Lowrie
10816,Jedd Gyorko
29114,Jedixson Paez
28272,Jeferson Quero
1000011,Jeff Abbott
587,Jeff Austin
547,Jeff Bagwell
2394,Jeff Bailey
9684,Jeff Baisley
2920,Jeff Bajenaru
2073,Jeff Baker
8504,Jeff Beliveau
1903,Jeff Bennett
9958,Jeff Bianchi
1001355,Jeff Branson
1001358,Jeff Brantley
16631,Jeff Brigham
1073,Jeff Cirillo
4652,Jeff Clement
131,Jeff Conine
27608,Jeff Criswell
871,Jeff D'Amico
1002961,Jeff D'Amico
1440,Jeff DaVanon
1715,Jeff Duncan
465,Jeff Farnsworth
279,Jeff Fassero
11506,Jeff Ferrell
8024,Jeff Fiorentino
4684,Jeff Francis
4792,Jeff Francoeur
8056,Jeff Frazier
1004378,Jeff Frye
3532,Jeff Fulchino
7718,Jeff Gray
7189,Jeff Harris
17432,Jeff Hoffman
1006229,Jeff Huson
5879,Jeff Karstens
1119,Jeff Kent
3856,Jeff Keppinger
9591,Jeff Kobernus
5128,Jeff Larish
245,Jeff Liefer
25830,Jeff Lindgren
2929,Jeff Locke
6865,Jeff Manship
1008083,Jeff Manto
7456,Jeff Marquez
3448,Jeff Mathis
15362,Jeff McNeil
1092,Jeff Nelson
8591,Jeff Niemann
1389,Jeff Reboulet
1010770,Jeff Reed
2819,Jeff Ridgway
4507,Jeff Salazar
3254,Jeff Samardzija
1011823,Jeff Shaw
1012304,Jeff Sparks
3367,Jeff Stevens
633,Jeff Suppan
1012802,Jeff Tabaka
940,Jeff Tam
1013550,Jeff Wallace
503,Jeff Weaver
674,Jeff Williams
1014446,Jeff Zimmerman
687,Jeffrey Hammonds
17677,Jeffrey Springs
5107,Jefry Marte
17018,Jefry Rodriguez
13621,Jeimer Candelario
2498,Jemile Weeks
15524,Jen-Ho Tseng
8476,Jenrry Mejia
3384,Jensen Lewis
12664,Jerad Eickhoff
8517,Jerad Head
21871,Jerar Encarnacion
4235,Jered Weaver
22210,Jeremiah Estrada
22239,Jeremiah Jackson
6428,Jeremy Accardo
583,Jeremy Affeldt
20205,Jeremy Beasley
9069,Jeremy Bleich
1667,Jeremy Bonderman
4512,Jeremy Brown
1031,Jeremy Fikac
913,Jeremy Giambi
1731,Jeremy Griffiths
2072,Jeremy Guthrie
9399,Jeremy Hazelbaker
1989,Jeremy Hefner
4371,Jeremy Hellickson
7208,Jeremy Hermida
1607,Jeremy Hill
596,Jeremy Horst
9490,Jeremy Jeffress
7307,Jeremy Moore
21636,Jeremy Peña
1010490,Jeremy Powell
4730,Jeremy Reed
9083,Jeremy Sowers
19981,Jeremy Walker
1619,Jeriome Robertson
1664,Jermaine Clark
7765,Jermaine Curtis
911,Jermaine Dye
18371,Jermaine Palacios
2492,Jermaine Van Buren
1137,Jerome Williams
867,Jeromy Burnitz
1422,Jerrod Riggan
7841,Jerry Blevins
1003321,Jerry Dipoto
2207,Jerry Gil
144,Jerry Hairston Jr.
6002,Jerry Owens
4016,Jerry Sands
1012353,Jerry Spradlin
17126,Jerry Vasto
15853,Jesen Therrien
14548,Jesmuel Valentín
3805,Jess Todd
11437,Jesse Biddle
4391,Jesse Carlson
5448,Jesse Chavez
4817,Jesse Crain
4454,Jesse English
1688,Jesse Foppert
1418,Jesse Garcia
13287,Jesse Hahn
1007569,Jesse Levis
3688,Jesse Litsch
667,Jesse Orosco
19205,Jesse Scholtens
13590,Jesse Winker
1198,Jesus Colome
20042,Jesus Cruz
3308,Jesus Delgado
4166,Jesus Flores
3118,Jesus Guzman
5514,Jesus Montero
1010146,Jesus Pena
26991,Jesus Rodriguez
1476,Jesus Sanchez
16300,Jesus Tinoco
11342,Jesús Aguilar
19959,Jesús Luzardo
19277,Jesús Reyes
5942,Jesús Sucre
19913,Jesús Sánchez
22202,Jeter Downs
12508,Jett Bandy
5114,Jeurys Familia
5830,Jhan Mariñez
13654,Jharel Cotton
21029,Jhoan Duran
19940,Jhon Romero
7515,Jhonatan Solano
20298,Jhonathan Díaz
24257,Jhonkensy Noel
6640,Jhonny Nunez
1738,Jhonny Peralta
19802,Jhonny Pereda
25386,Jhony Brito
28142,Jhostynxon Garcia
2608,Jhoulys Chacín
23818,Ji Hwan Bae
5452,Ji Man Choi
313,Jim Brower
1001598,Jim Bruske
1146,Jim Chamblee
1928,Jim Crowell
1153,Jim Edmonds
6653,Jim Henderson
6007,Jim Hoey
33492,Jim Jarvis
3656,Jim Johnson
1007590,Jim Leyritz
566,Jim Mann
930,Jim Mecir
7458,Jim Miller
1009213,Jim Morris
250,Jim Parque
1010435,Jim Poole
1623,Jim Rushford
409,Jim Thome
977,Jimmy Anderson
6292,Jimmy Barthmaier
15690,Jimmy Cordero
31354,Jimmy Crooks
1791,Jimmy Gobble
329,Jimmy Haynes
17556,Jimmy Herget
1161,Jimmy Journell
19541,Jimmy Lambert
10547,Jimmy Nelson
701,Jimmy Osting
5481,Jimmy Paredes
971,Jimmy Rollins
2491,Jimmy Serrano
15157,Jimmy Yacabonis
20220,Jo Adell
5559,Jo-Jo Reyes
19574,JoJo Romero
6941,Joakim Soria
22925,Joan Adon
3817,Joaquin Arias
1437,Joaquín Benoit
2692,Joba Chamberlain
11899,Joc Pederson
1696,Jody Gerut
22296,Joe Barlow
979,Joe Beimel
2845,Joe Benson
13194,Joe Biagini
7370,Joe Bisenius
4849,Joe Blanton
224,Joe Borchard
267,Joe Borowski
29608,Joe Boyle
4920,Joe Colón J
227,Joe Crede
1003018,Joe Davenport
1632,Joe Dawley
1792,Joe DePastino
2384,Joe Dillon
19727,Joe Dunand
280,Joe Girardi
16459,Joe Harvey
3479,Joe Hietpas
2304,Joe Horgan
14412,Joe Hudson
7254,Joe Inglett
25178,Joe Jacques
15761,Joe Jiménez
9761,Joe Kelly
1217,Joe Kennedy
7547,Joe Koshansky
25481,Joe La Sorsa
1308,Joe Lawrence
29780,Joe Mack
8179,Joe Mahoney
14857,Joe Mantiply
3935,Joe Martinez
3714,Joe Mather
1857,Joe Mauer
740,Joe Mays
18399,Joe McCarthy
887,Joe McEwing
12970,Joe Musgrove
1122,Joe Nathan
108,Joe Nelson
1009778,Joe Oliver
7955,Joe Ortiz
17035,Joe Palumbo
11936,Joe Panik
2565,Joe Paterson
22254,Joe Perez
623,Joe Randa
969,Joe Roa
30016,Joe Rock
12972,Joe Ross
21390,Joe Ryan
4366,Joe Saunders
2835,Joe Savery
1012071,Joe Slusarski
3281,Joe Smith
1012630,Joe Strong
4620,Joe Thatcher
673,Joe Thurston
1810,Joe Valentine
1748,Joe Vitiello
6109,Joe Wieland
7988,Joe Winkelsas
2746,Joel Carreno
12825,Joel De La Cruz
3728,Joel Guzman
2186,Joel Hanrahan
19995,Joel Kuhnel
14332,Joel Payamps
21951,Joel Peguero
2332,Joel Peralta
1094,Joel Pineiro
4699,Joel Zumaya
11487,Joely Rodríguez
21524,Joey Bart
7799,Joey Butler
23335,Joey Cantillo
9862,Joey Devine
774,Joey Eischen
26257,Joey Estes
14128,Joey Gallo
3913,Joey Gathright
24591,Joey Gerber
328,Joey Hamilton
13707,Joey Krehbiel
29630,Joey Loperfido
19320,Joey Lucchesi
14366,Joey Meneses
1009462,Joey Nation
25493,Joey Ortiz
13277,Joey Rickard
10593,Joey Terdoslavich
4314,Joey Votto
13853,Joey Wendle
19962,Joey Wentz
27690,Joey Wiemer
14950,Johan Camargo
22487,Johan Oviedo
20643,Johan Quezada
24336,Johan Rojas
755,Johan Santana
13012,John Andreoli
9059,John Axford
4756,John Baker
864,John Bale
1000567,John Barnes
18006,John Bormann
8276,John Bowker
12777,John Brebbia
2041,John Buck
179,John Burkett
12364,John Cornely
16128,John Curtiss
6329,John Danks
6132,John Ely
85,John Ennis
1206,John Flaherty
86,John Foster
874,John Franco
1004304,John Frascatore
2142,John Gall
13684,John Gant
11133,John Gast
2857,John Gaub
1848,John Grabow
1080,John Halama
2563,John Hattig
877,John Hester
12547,John Hicks
9392,John Holdzkom
1006336,John Jaha
5887,John Jaso
1006475,John Johnstone
22051,John King
32155,John Klein
2130,John Koronka
1507,John Lackey
8493,John Lamb
7080,John Lannan
2279,John Lindsey
1381,John Mabry
4773,John Maine
3390,John Mayberry Jr.
395,John McDonald
27942,John McMillon
16269,John Means
3640,John Nelson
16852,John Nogowski
1093,John Olerud
160,John Parrish
71,John Patterson
26284,John Rave
9450,John Raynor
2165,John Rheinecker
1515,John Riedling
1273,John Rocker
2338,John Rodriguez
24590,John Rooney
1011221,John Roskos
10346,John Ryan Murphy
20020,John Schreiber
115,John Smoltz
1012253,John Snyder
1569,John Stephens
453,John Thomson
1375,John Valentin
2228,John Van Benschoten
853,John Vander Wal
1768,John Wasdin
7230,John Webb
1013730,John Wehner
1013815,John Wetteland
2182,John-Ford Griffin
22530,Johnathan Rodríguez
16446,Johneshwy Fargas
11440,Johnny Barbato
6893,Johnny Cueto
185,Johnny Damon
15830,Johnny Davis
955,Johnny Estrada
15048,Johnny Field
6740,Johnny Giavotella
10065,Johnny Hellweg
2783,Johnny Monell
1011295,Johnny Ruffin
373,Jolbert Cabrera
1799,Jon Adkins
12037,Jon Berti
6182,Jon Coutlangus
19546,Jon Duplantier
1483,Jon Edwards
232,Jon Garland
14916,Jon Gray
3109,Jon Huber
5227,Jon Jay
3942,Jon Knott
2092,Jon Leicester
4930,Jon Lester
287,Jon Lieber
3894,Jon Link
3355,Jon Meloan
13849,Jon Moscot
1009660,Jon Nunnally
1010711,Jon Ratliff
1475,Jon Rauch
10441,Jon Singleton
1786,Jon Switzer
4560,Jonah Bayliss
24703,Jonah Bride
33270,Jonah Cox
16930,Jonah Heim
32157,Jonah Tong
26599,Jonatan Clase
3521,Jonathan Albaladejo
21837,Jonathan Aranda
20275,Jonathan Araúz
14699,Jonathan Aro
21241,Jonathan Bermúdez
24607,Jonathan Bowlan
4759,Jonathan Broxton
31730,Jonathan Cannon
15104,Jonathan Davis
4142,Jonathan Diaz
22224,Jonathan Heasley
17464,Jonathan Hernández
4182,Jonathan Herrera
16588,Jonathan Holder
21523,Jonathan India
59,Jonathan Johnson
19753,Jonathan Loáisiga
7870,Jonathan Lucroy
24597,Jonathan Ornelas
5975,Jonathan Papelbon
7106,Jonathan Pettibone
33980,Jonathan Pintaro
11265,Jonathan Schoop
24584,Jonathan Stiever
7507,Jonathan Sánchez
3409,Jonathan Van Every
10071,Jonathan Villar
4424,Jonathon Niese
26365,Jonny DeLuca
1845,Jonny Gomes
7175,Jonny Venters
23917,Jorbit Vivas
21866,Jordan Balazovic
31431,Jordan Beck
4121,Jordan Brown
9187,Jordan Danks
4329,Jordan De Jong
22650,Jordan Diaz
23794,Jordan Groshans
19618,Jordan Hicks
20631,Jordan Holloway
13313,Jordan Jankowski
29976,Jordan Lawlar
29950,Jordan Leasure
16424,Jordan Luplow
7593,Jordan Lyles
16511,Jordan Montgomery
8432,Jordan Norberto
2677,Jordan Pacheco
15119,Jordan Patterson
16122,Jordan Romano
9883,Jordan Schafer
19682,Jordan Sheffield
9515,Jordan Smith
5999,Jordan Tata
3271,Jordan Walden
27475,Jordan Walker
13190,Jordan Weems
27815,Jordan Westburg
30094,Jordan Wicks
17585,Jordan Yamamoto
4505,Jordan Zimmermann
5098,Jordany Valdespin
6547,Jordy Mercer
23788,Jordyn Adams
19459,Jorge Alcala
12180,Jorge Alfaro
23968,Jorge Barrosa
12174,Jorge Bonifacio
8686,Jorge Campillo
2521,Jorge Cantu
2047,Jorge De La Rosa
5397,Jorge De Leon
1827,Jorge De Paula
12,Jorge Fabregas
17505,Jorge Guzmán
148,Jorge Julio
14527,Jorge López
17273,Jorge Mateo
20040,Jorge Ona
2054,Jorge Padilla
2211,Jorge Piedra
13152,Jorge Polanco
841,Jorge Posada
5791,Jorge Rondon
14221,Jorge Soler
1228,Jorge Sosa
1013093,Jorge Toca
2221,Jorge Vasquez
900,Jorge Velandia
307,Jose Acevedo
5417,Jose Altuve
5358,Jose Alvarez
4722,Jose Arredondo
3951,Jose Ascanio
30412,Jose Cabrera
679,Jose Cabrera
11681,Jose Campos
1001918,Jose Canseco
2236,Jose Capellan
1866,Jose Castillo
2377,Jose Ceda
6003,Jose Constanza
1660,Jose Contreras
27984,Jose Corniell
17701,Jose Cuas
787,Jose De La Torre
5744,Jose De Paula
22318,Jose E. Hernandez
21131,Jose Espada
20538,Jose F Miranda
28020,Jose Fernandez
1003998,Jose Fernandez
1602,Jose Flores
27014,Jose Franco
3217,Jose G. Valdez
3727,Jose Garcia
57,Jose Guillen
17040,Jose Herrera
10231,Jose Iglesias
435,Jose Jimenez
149,Jose Leon
475,Jose Lima
4243,Jose Lobatón
3114,Jose Lopez
476,Jose Macias
396,Jose Mercedes
961,Jose Mesa
4140,Jose Mijares
3726,Jose Morales
1682,Jose Morban
26,Jose Nieves
1410,Jose Nunez
205,Jose Offerman
9651,Jose Ortega
442,Jose Ortiz
483,Jose Paniagua
70,Jose Parra
11423,Jose Quintana
2797,Jose Reyes
349,Jose Rijo
1180,Jose Rodriguez
19331,Jose Rojas
972,Jose Santiago
354,Jose Silva
17452,Jose Siri
2411,Jose Tabata
16725,Jose Trevino
256,Jose Valentin
1726,Jose Valverde
2063,Jose Veras
802,Jose Vidro
577,Jose Vizcaino
2057,Joselo Diaz
15535,Joseph Odom
10946,Josh A. Smith
6032,Josh Anderson
5570,Josh Banks
1578,Josh Bard
3622,Josh Barfield
510,Josh Beckett
13145,Josh Bell
2510,Josh Bell
1141,Josh Butler
7312,Josh Collmenter
13629,Josh D. Smith
5038,Josh Donaldson
10796,Josh Edgin
33785,Josh Ekness
5070,Josh Fields
7490,Josh Fields
20418,Josh Fleming
989,Josh Fogg
4781,Josh Geer
14212,Josh Hader
1784,Josh Hall
1875,Josh Hamilton
1606,Josh Hancock
8202,Josh Harrison
16794,Josh James
4567,Josh Johnson
1975,Josh Judy
26299,Josh Jung
3638,Josh Kinney
2205,Josh Kroeger
2191,Josh Labandeira
17737,Josh Lester
7882,Josh Lindblom
19953,Josh Lowe
11686,Josh Lucas
5722,Josh Lueke
21310,Josh Maciejewski
18839,Josh Naylor
7383,Josh Newman
11528,Josh Osich
4004,Josh Outman
251,Josh Paul
1175,Josh Pearce
9308,Josh Phegley
1318,Josh Phelps
6746,Josh Prince
3007,Josh Rabe
2951,Josh Ravin
3892,Josh Reddick
3241,Josh Roenicke
18510,Josh Rogers
19734,Josh Rojas
7206,Josh Rupe
11167,Josh Rutledge
6788,Josh Satin
18323,Josh Sborz
5567,Josh Sharpless
25957,Josh Simpson
26396,Josh Smith
10285,Josh Smoker
11260,Josh Spence
18335,Josh Staumont
1683,Josh Stewart
3219,Josh Stinson
17359,Josh Taylor
9689,Josh Thole
9388,Josh Tomlin
1489,Josh Towers
15170,Josh VanMeter
4623,Josh Vitters
23617,Josh Walker
4436,Josh Wall
31738,Josh White
6713,Josh Whitesell
2103,Josh Willingham
2102,Josh Wilson
22387,Josh Winckowski
24606,Josh Winder
6527,Josh Zeid
16885,Joshua Fuentes
35121,Joshua Kuroda-Grauer
19818,Joshua Palacios
5716,Joshua Rodriguez
24580,Josiah Gray
996,Josias Manzanillo
6806,Josmil Pinto
24017,José A. Ferrer
7996,José A. Martínez
14470,José A. Váldez
15676,José Abreu
17780,José Alvarado
18821,José Azócar
23378,José Barrero
1887,José Bautista
14168,José Berríos
13151,José Briceño
23313,José Buttó
23401,José Caballero
17169,José Castillo
6399,José Cisnero
1296,José Cruz Jr.
15463,José De León
20540,José Devers
11571,José Domínguez
33908,José Fermin
21746,José Fermín
11530,José Fernández
15808,José Godoy
688,José Hernández
14524,José Leclerc
22982,José Lopez
14733,José Manuel Fernández
15767,José Marmolejos
21761,José Marte
19254,José Miguel Fernández
25,José Molina
17821,José Mujica
12937,José Osuna
13593,José Peraza
5485,José Pirela
19200,José Quijada
13510,José Ramírez
10171,José Ramírez
1736,José Reyes
24388,José Rodríguez
17860,José Rodríguez
14140,José Rondon
1011192,José Rosado
14552,José Ruiz
22100,José Soriano
19911,José Suarez
23691,José Tena
14957,José Torres
11589,José Ureña
18413,José Urquidy
20422,Jovani Morán
6306,Juan Abreu
458,Juan Acevedo
1432,Juan Alvarez
26693,Juan Brito
592,Juan Brito
27271,Juan Burgos
2886,Juan Carlos Oviedo
5371,Juan Carlos Perez
315,Juan Castro
7168,Juan Centeno
1839,Juan Cerros
273,Juan Cruz
187,Juan Diaz
9235,Juan Diaz
1796,Juan Dominguez
320,Juan Encarnacion
6978,Juan Francisco
1251,Juan Gonzalez
5398,Juan Graterol
3265,Juan Gutierrez
1005162,Juan Guzman
6127,Juan Jaime
5384,Juan Lagares
2613,Juan Lara
3753,Juan Mateo
23237,Juan Mejia
1008752,Juan Melo
10341,Juan Minaya
7783,Juan Miranda
1465,Juan Moreno
21924,Juan Morillo
3369,Juan Morillo
7731,Juan Nicasio
2557,Juan Pablo Perez
2532,Juan Padilla
443,Juan Pierre
752,Juan Rincon
843,Juan Rivera
2533,Juan Salas
1012286,Juan Sosa
20123,Juan Soto
22828,Juan Then
454,Juan Uribe
18400,Juan Yepez
30031,Julian Aguiar
18341,Julian Fernández
22362,Julian Garcia
16703,Julian Merryweather
541,Julian Tavarez
3209,Julio Borbon
2786,Julio DePaula
87,Julio Franco
565,Julio Lugo
1732,Julio Manon
1087,Julio Mateo
8218,Julio Mosquera
31,Julio Ramirez
23697,Julio Rodríguez
496,Julio Santana
6797,Julio Teheran
14765,Julio Urías
1014462,Julio Zuleta
1509,Julius Matos
3397,Jumbo Diaz
17182,Jung Ho Kang
33824,Jung Hoo Lee
82,Jung Keun Bong
4079,Junichi Tazawa
12140,Juniel Querecuto
28163,Junior Caminero
18496,Junior Fernández
5702,Junior Guerra
1005716,Junior Herndon
4672,Junior Lake
23989,Junior Perez
74,Junior Spivey
10815,Jurickson Profar
16201,Justin Anderson
1000346,Justin Atchley
1000682,Justin Baughman
1973,Justin Berg
9744,Justin Bour
23779,Justin Bruihl
1001592,Justin Brunette
8297,Justin Christian
31791,Justin Crawford
4955,Justin De Fratus
25005,Justin Dean
910,Justin Duchscherer
19268,Justin Dunn
27501,Justin Foscue
7568,Justin Freeman
19784,Justin Garza
1938,Justin Germano
11720,Justin Grimm
21546,Justin Hagenman
13572,Justin Haley
2209,Justin Hampson
12316,Justin Hancock
3147,Justin Huber
1914,Justin Huisman
6140,Justin James
1083,Justin Kaye
2223,Justin Knoedler
17639,Justin Lawrence
2163,Justin Lehr
2157,Justin Leone
10265,Justin Marks
24453,Justin Martinez
2038,Justin Masterson
6827,Justin Maxwell
8580,Justin Miller
1313,Justin Miller
1737,Justin Morneau
11754,Justin Nicolino
7620,Justin Ruggiano
4006,Justin Sellers
16132,Justin Shafer
25648,Justin Slaten
9054,Justin Smoak
451,Justin Speier
17312,Justin Steele
27694,Justin Sterner
9910,Justin Thomas
8217,Justin Thompson
15145,Justin Topa
5235,Justin Turner
5222,Justin Upton
8700,Justin Verlander
803,Justin Wayne
15490,Justin Williams
4301,Justin Wilson
31204,Justin Wrobleski
17285,Justus Sheffield
29606,Justyn-Henry Malloy
2448,Jésus Feliciano
18136,Ka'ai Tom
33787,Kade Morris
26191,Kade Strowd
29905,Kahlil Watson
24282,Kai-Wei Teng
11494,Kaleb Cowart
20061,Kaleb Ort
9513,Kam Mickolio
4422,Kameron Loe
26374,Kameron Misner
872,Kane Davis
334,Kanekoa Texeira
1537,Karim Garcia
27488,Karl Kauffmann
3418,Kason Gabbard
655,Kaz Ishii
1098,Kazuhiro Sasaki
19757,Kazuhisa Makita
1917,Kazuhito Tadano
37123,Kazuma Okamoto
3288,Kazuo Fukumori
1854,Kazuo Matsui
18577,Ke'Bryan Hayes
15994,Kean Wong
23499,Keaton Winn
19362,Keegan Akin
19795,Keegan Thompson
7794,Kei Igawa
19610,Keibert Ruiz
22630,Keider Montero
8624,Keiichi Yabu
10080,Keith Butler
231,Keith Foulke
1500,Keith Ginter
1004759,Keith Glauber
12220,Keith Hessler
1006479,Keith Johnson
1380,Keith Lockhart
1007854,Keith Luuloa
1008467,Keith McDonald
1001,Keith Osik
2695,Keith Reed
13005,Kelby Tomlinson
1248,Kelly Dransfeldt
2234,Kelly Johnson
3867,Kelly Shoppach
356,Kelly Stinnett
259,Kelly Wunsch
1298,Kelvim Escobar
24681,Kelvin Cáceres
17468,Kelvin Gutiérrez
6033,Kelvin Herrera
2902,Kelvin Jimenez
5200,Kelvin Marte
1001863,Ken Caminiti
12910,Ken Giles
327,Ken Griffey Jr.
604,Ken Harvey
1005827,Ken Hill
1306,Ken Huckaby
1986,Ken Ray
10938,Ken Roberts
5044,Ken Takahashi
1013431,Ken Vining
27681,Ken Waldichuk
15514,Kendall Graveman
12118,Kendry Flores
29423,Kendry Rojas
8610,Kendrys Morales
26244,Kenedy Corona
5811,Kenji Johjima
3096,Kenley Jansen
1084,Kenny Kelly
246,Kenny Lofton
1277,Kenny Rogers
20009,Kenny Rosenberg
12101,Kennys Vargas
9225,Kenshin Kawakami
14448,Kensuke Tanaka
1001226,Kent Bottenfield
15849,Kent Emanuel
439,Kent Mercker
18498,Kenta Maeda
9253,Keon Broxton
14696,Keone Kela
25961,Kerry Carpenter
100,Kerry Ligtenberg
1179,Kerry Robinson
304,Kerry Wood
21656,Kervin Castro
20003,Keston Hiura
13613,Ketel Marte
15964,Keury Mella
12284,Kevan Smith
25971,Kevin Alcántara
3,Kevin Appier
1019,Kevin Barker
3460,Kevin Barry
638,Kevin Beirne
178,Kevin Brown
642,Kevin Brown
3523,Kevin Cameron
1593,Kevin Cash
11240,Kevin Chapman
1767,Kevin Correia
16211,Kevin Cron
1003758,Kevin Elster
1004251,Kevin Foster
7528,Kevin Frandsen
1536,Kevin Frederick
14107,Kevin Gausman
19876,Kevin Ginkel
1793,Kevin Gregg
91,Kevin Gryboski
8079,Kevin Hart
15369,Kevin Herget
1005885,Kevin Hodges
1942,Kevin Hooper
1037,Kevin Jarvis
6475,Kevin Jepsen
1006610,Kevin Jordan
1160,Kevin Joseph
18146,Kevin Kaczmarski
25679,Kevin Kelly
11038,Kevin Kiermaier
5995,Kevin Kouzmanoff
17689,Kevin Kramer
7164,Kevin Mahar
6635,Kevin Mattison
15240,Kevin McCarthy
1008531,Kevin McGlinchy
33572,Kevin McGonigle
15215,Kevin McGowan
8278,Kevin Melillo
1261,Kevin Mench
529,Kevin Millar
106,Kevin Millwood
6947,Kevin Mulvey
17696,Kevin Newman
1009563,Kevin Nicholson
1687,Kevin Ohme
533,Kevin Olsen
1616,Kevin Orie
16593,Kevin Padlo
1473,Kevin Pickford
12434,Kevin Pillar
13807,Kevin Plawecki
12360,Kevin Quackenbush
2977,Kevin Reese
4852,Kevin Richardson
3630,Kevin Russo
1011722,Kevin Sefcik
11012,Kevin Shackelford
8180,Kevin Siegrist
9918,Kevin Slowey
20242,Kevin Smith
1012549,Kevin Stocker
1012824,Kevin Tapani
7044,Kevin Thompson
1009,Kevin Tolar
1060,Kevin Walker
3462,Kevin Whelan
362,Kevin Witt
1935,Kevin Youkilis
1018,Kevin Young
15264,Keynan Middleton
10039,Keyvius Sampson
1826,Khalil Greene
19952,Khalil Lee
9112,Khris Davis
33865,Khristian Curtis
1676,Kiko Calero
4707,Kila Ka'aihue
1000622,Kimera Bartee
1005089,Kip Gross
1012,Kip Wells
19179,Kirby Snead
9073,Kirby Yates
552,Kirk Bullinger
20555,Kirk McCarty
6400,Kirk Nieuwenhuis
1128,Kirk Rueter
1516,Kirk Saarloos
1576,Kit Pellow
17695,Koda Glover
31838,Kodai Senga
19731,Kodi Whitley
20572,Kody Clemens
24993,Kody Funderburk
27505,Kohei Arihara
15502,Kohl Stewart
9227,Koji Uehara
18694,Kolby Allard
11200,Kole Calhoun
12532,Kolten Wong
26068,Kolton Ingram
14655,Konner Wade
35376,Konnor Griffin
21453,Konnor Pilkington
7178,Konrad Schmidt
25543,Korey Lee
6597,Kory Casto
1027,Kory DeHaan
3263,Kosuke Fukudome
1829,Koyie Hill
20022,Kramer Robertson
982,Kris Benson
15429,Kris Bryant
21455,Kris Bubic
1004252,Kris Foster
886,Kris Johnson
473,Kris Keller
9417,Kris Medlen
636,Kris Wilson
33644,Kristian Campbell
5306,Kristopher Negrón
31843,Kumar Rocker
1000013,Kurt Abbott
1431,Kurt Ainsworth
7266,Kurt Birkins
8259,Kurt Suzuki
20531,Kutter Crawford
27458,Kwang Hyun Kim
29823,Ky Bush
29615,Kyle Backhus
13713,Kyle Barraclough
16618,Kyle Bird
49,Kyle Blanks
24586,Kyle Bradish
19686,Kyle Cody
13182,Kyle Crick
15033,Kyle Crockett
3642,Kyle Davies
7192,Kyle Denney
20334,Kyle Dohy
19285,Kyle Dowdy
4359,Kyle Drabek
14813,Kyle Farmer
278,Kyle Farnsworth
15009,Kyle Finnegan
16256,Kyle Freeland
19456,Kyle Funkhouser
18063,Kyle Garlick
10123,Kyle Gibson
27758,Kyle Harrison
19646,Kyle Hart
12049,Kyle Hendricks
5517,Kyle Higashioka
3658,Kyle Hudson
27514,Kyle Hurt
21614,Kyle Isbel
7706,Kyle Jensen
33252,Kyle Karros
18890,Kyle Keller
6230,Kyle Kendrick
12148,Kyle Kubitza
24763,Kyle Leahy
19508,Kyle Lewis
15378,Kyle Lloyd
9178,Kyle Lobstein
739,Kyle Lohse
29794,Kyle Manzardo
14860,Kyle Martin
25575,Kyle McCann
4845,Kyle McClellan
15071,Kyle McGowin
16793,Kyle McGrath
5009,Kyle McPherson
20167,Kyle Muller
20515,Kyle Nelson
27775,Kyle Nicolas
11763,Kyle Parker
1010235,Kyle Peterson
4740,Kyle Phillips
11753,Kyle Ryan
16478,Kyle Schwarber
9785,Kyle Seager
5298,Kyle Skipworth
1689,Kyle Snyder
26151,Kyle Stowers
33549,Kyle Teel
18345,Kyle Tucker
22092,Kyle Tyler
7513,Kyle Waldrop
11402,Kyle Waldrop
7874,Kyle Weiland
19665,Kyle Wright
14169,Kyle Zimmer
29930,Kyler Fedko
26420,Kyren Paris
14443,Kyuji Fujikawa
6656,L.J. Hoes
18126,LaMonte Wade Jr.
729,LaTroy Hawkins
19222,Lake Bachar
548,Lance Berkman
9885,Lance Broadway
1592,Lance Carter
4346,Lance Cormier
1003065,Lance Davis
1006482,Lance Johnson
2520,Lance Lynn
14120,Lance McCullers Jr.
1832,Lance Niekro
1675,Lance Painter
4214,Lance Pendleton
2369,Lance Zawadzki
30076,Landen Roupp
27487,Landon Knack
8361,Landon Powell
10767,Lane Adams
25071,Lane Ramsey
16939,Lane Thomas
4,Larry Barnes
128,Larry Bigbie
1007817,Larry Luebbers
939,Larry Sutton
455,Larry Walker
9018,Lars Anderson
21454,Lars Nootbaar
6441,Lastings Milledge
22542,Lawrence Butler
1766,Laynce Nix
15301,Layne Somsen
24914,Lazaro Estrada
1010483,LeJon Powell
1448,Lee Gardner
3508,Lee Gronkiewicz
796,Lee Stevens
11562,Lendy Castillo
1894,Lenny DiNardo
1394,Lenny Harris
1013718,Lenny Webster
22896,Lenyn Sosa
277,Leo Estrella
23782,Leo Jiménez
21009,Leo Rivas
5618,Leo Rosales
18900,Leody Taveras
12277,Leonel Campos
11846,Leonys Martin
1735,Les Walrond
1001372,Lesli Brea
9167,Lester Oliveros
5913,Leury García
5717,Levale Speigner
25138,Levi Jordan
25650,Levi Stoudt
1724,Lew Ford
18365,Lewin Díaz
14352,Lewis Brinson
15906,Lewis Thorpe
341,Leyson Septimo
3548,Liam Hendriks
29844,Liam Hicks
1862,Lino Urdaneta
24273,Liover Peguero
11266,Lisalverto Bonilla
1116,Livan Hernandez
22471,Livan Soto
19942,Ljay Newsome
16850,Locke St. John
18555,Logan Allen
27589,Logan Allen
11261,Logan Darnell
25844,Logan Davidson
25475,Logan Driscoll
33699,Logan Evans
7185,Logan Forsythe
22250,Logan Gilbert
22461,Logan Gillaspie
31475,Logan Henderson
6166,Logan Kensing
9205,Logan Morrison
24729,Logan O'Hoppe
3677,Logan Ondrusek
20626,Logan Porter
7937,Logan Schafer
31884,Logan VanWey
12905,Logan Verrett
4875,Logan Watkins
17995,Logan Webb
7571,Lonnie Chisenhall
1435,Lorenzo Barcelo
9077,Lorenzo Cain
1438,Lou Collier
7610,Lou Marson
201,Lou Merloni
30,Lou Pote
15043,Lou Trivino III
9720,Louis Coleman
13259,Louis Head
27691,Louis Varland
19238,Lourdes Gurriel Jr.
33552,LuJames Groover
23811,Luarbert Arias
2502,Lucas Duda
19360,Lucas Erceg
21290,Lucas Gilbreath
15474,Lucas Giolito
7541,Lucas Harrell
8337,Lucas Luetge
5633,Lucas May
13470,Lucas Sims
35126,Lucas Spence
18899,Lucius Fox
24452,Luinder Avila
17839,Luis Alexander Basabe
3188,Luis Alfonso Cruz
584,Luis Alicea
2364,Luis Antonio Rodriguez
18568,Luis Arraez
3802,Luis Atilano
2882,Luis Avilán
1650,Luis Ayala
19615,Luis Barrera
140,Luis C. Garcia
22217,Luis Campusano
513,Luis Castillo
15689,Luis Castillo
13345,Luis Cessa
25839,Luis Contreras
24710,Luis Curvelo
1203,Luis De Los Santos
21682,Luis De Los Santos
6533,Luis Durango
17345,Luis Escobar
4398,Luis Exposito
20638,Luis F. Castillo
776,Luis Figueroa
21997,Luis Frías
23735,Luis Garcia
6984,Luis García
20391,Luis García Jr.
33027,Luis Gastelum
21052,Luis Gil
55,Luis Gonzalez
1860,Luis Gonzalez
20332,Luis González
31184,Luis Guerrero
16451,Luis Guillorme
3206,Luis Hernandez
6341,Luis Jimenez
2602,Luis Jimenez
30675,Luis Lara
17307,Luis Liberato
1901,Luis Lopez
695,Luis Lopez
8651,Luis Marte
1823,Luis Martinez
2481,Luis Martinez
14515,Luis Marté
152,Luis Matos
26467,Luis Matos
2416,Luis Maza
21649,Luis Medina
3126,Luis Mendoza
25620,Luis Mey
2923,Luis Montanez
32227,Luis Morales
298,Luis Ordaz
16942,Luis Ortiz
27646,Luis Ortiz
21728,Luis Oviedo
22815,Luis Patiño
24203,Luis Peralta
14682,Luis Perdomo
5380,Luis Perdomo
6389,Luis Perez
346,Luis Pineda
1010427,Luis Polonia
19858,Luis Rengifo
753,Luis Rivas
1011004,Luis Rivera
20043,Luis Robert Jr.
15006,Luis Santos
13153,Luis Sardinas
1011455,Luis Saturria
15890,Luis Severino
1834,Luis Sojo
1765,Luis Terrero
15905,Luis Torrens
1400,Luis Ugueto
16622,Luis Urías
4969,Luis Valbuena
714,Luis Vizcaino
23442,Luis Vázquez
26548,Luisangel Acuña
15166,Luiz Gohara
1586,Luke Allen
14288,Luke Bard
19609,Luke Barker
4666,Luke Carlin
15101,Luke Farrell
7529,Luke French
4090,Luke Gregerson
6943,Luke Hochevar
1542,Luke Hudson
4898,Luke Hughes
11752,Luke Jackson
33321,Luke Keaschall
28036,Luke Little
13355,Luke Maile
6601,Luke Montz
1320,Luke Prokopec
6736,Luke Putkonen
19354,Luke Raley
3469,Luke Scott
14811,Luke Voit
16918,Luke Weaver
19931,Luke Williams
21497,Luken Baker
1155,Luther Hackman
20399,Luís Madero
1009269,Lyle Mouton
1617,Lyle Overbay
24581,Lyon Richardson
22197,MJ Melendez
22218,Mac Sceroler
1485,Mac Suzuki
14158,Mac Williamson
22201,MacKenzie Gore
3475,Macay McBride
5524,Madison Bumgarner
10636,Madison Younginer IV
248,Magglio Ordonez
17023,Magneuris Sierra
2437,Maicer Izturis
5529,Maikel Cleto
12179,Maikel Franco
22715,Maikel Garcia
13608,Mallex Smith
1804,Mandy Romero
8725,Manny Acosta
1954,Manny Alexander
1107,Manny Aybar
5365,Manny Banuelos
10148,Manny Barreda
2807,Manny Corpas
3180,Manny Delcarmen
11493,Manny Machado
4279,Manny Parra
2829,Manny Piña
210,Manny Ramirez
14712,Manuel Margot
20794,Manuel Rodríguez
26353,Marc Church
7577,Marc Krauss
1964,Marc Kroon
6612,Marc Rzepczynski
1013313,Marc Valdes
1013959,Marc Wilkins
10324,Marcell Ozuna
29668,Marcelo Mayer
1118,Marco Estrada
15467,Marco Gonzales
13154,Marco Hernández
25616,Marco Luciano
30166,Marco Raya
1555,Marco Scutaro
3216,Marcos Carvajal
17583,Marcos Diplán
6869,Marcos Mateo
89,Marcus Giles
3116,Marcus Gwyn
4002,Marcus Hatley
691,Marcus Jensen
1006575,Marcus Jones
3874,Marcus McBeth
12533,Marcus Semien
13431,Marcus Stroman
1523,Marcus Thames
8004,Marcus Walden
17910,Marcus Wilson
844,Mariano Rivera
2432,Marino Salas
1444,Mario Encarnacion
20263,Mario Feliciano
10504,Mario Hollands
1272,Mario Ramos
1013314,Mario Valdez
14823,Mark Appel
264,Mark Bellhorn
1001544,Mark Brownson
1789,Mark Budzinski
225,Mark Buehrle
11445,Mark Canha
1002296,Mark Clark
20122,Mark Contreras
870,Mark Corey
1392,Mark DeRosa
2468,Mark DiFelice
1443,Mark Ellis
1004529,Mark Gardner
56,Mark Grace
653,Mark Grudzielanek
876,Mark Guthrie
5329,Mark Hamburger
9334,Mark Hamilton
1574,Mark Hendrickson
1005990,Mark Holzemer
240,Mark Johnson
1376,Mark Johnson
1006485,Mark Johnson
21304,Mark Kolozsvary
1042,Mark Kotsay
1007501,Mark Leiter
15551,Mark Leiter Jr.
1007585,Mark Lewis
438,Mark Little
1383,Mark Loretta
7416,Mark Lowe
21,Mark Lukasiewicz
1769,Mark Malaska
18032,Mark Mathias
1008559,Mark McGwire
1088,Mark McLemore
4655,Mark McLemore
4264,Mark Melancon
932,Mark Mulder
16042,Mark Payton
1010242,Mark Petkovsek
301,Mark Prior
621,Mark Quinn
491,Mark Redman
7619,Mark Reynolds
4083,Mark Rogers
5938,Mark Saccomanno
540,Mark Smith
1408,Mark Sweeney
4511,Mark Teahen
1281,Mark Teixeira
1013019,Mark Thompson
6876,Mark Trumbo
22184,Mark Vientos
1526,Mark Watson
1013886,Mark Whiten
414,Mark Wohlers
3094,Mark Woodyard
8045,Mark Worrell
16565,Mark Zagunis
947,Marlon Anderson
950,Marlon Byrd
652,Marquis Grissom
2128,Marshall McDougall
132,Marty Cordova
1374,Marty Malloy
2022,Marty McLeary
6887,Martín Maldonado
3312,Martín Prado
6902,Martín Pérez
1382,Marvin Benard
5497,Marwin Gonzalez
3276,Masa Kobayashi
15764,Masahiro Tanaka
1800,Masao Kida
31837,Masataka Yoshida
807,Masato Yoshii
31741,Mason Barnett
30171,Mason Black
22288,Mason Englert
31553,Mason Fluharty
22232,Mason McCoy
31757,Mason Miller
29770,Mason Montgomery
21850,Mason Thompson
2534,Mason Tobin
11859,Mason Williams
7782,Masumi Kuwata
27479,Masyn Winn
4034,Mat Gamel
3815,Mat Latos
9393,Matt Adams
4300,Matt Albers
459,Matt Anderson
12022,Matt Andriese
8136,Matt Angle
9343,Matt Antonelli
12863,Matt Barnes
17710,Matt Beaty
1837,Matt Belisle
1001053,Matt Blank
13528,Matt Bowman
25756,Matt Brash
3832,Matt Buschmann
1246,Matt Bush
4732,Matt Cain
4788,Matt Capps
13276,Matt Carasiti
8090,Matt Carpenter
4748,Matt Carson
1562,Matt Cepicky
16505,Matt Chapman
6068,Matt Chico
1563,Matt Childers
8793,Matt Clark
271,Matt Clement
7952,Matt Daley
7226,Matt Davidson
5439,Matt DeSalvo
1028,Matt DeWitt
14844,Matt Dermody
1771,Matt Diaz
4903,Matt Dominguez
957,Matt Downs
1565,Matt Duff
13836,Matt Duffy
12181,Matt Duffy
2363,Matt Erickson
19330,Matt Festa
1674,Matt Ford
19647,Matt Foster
7320,Matt Fox
1499,Matt Franco
17381,Matt Gage
3340,Matt Garza
233,Matt Ginter
25855,Matt Gorski
11449,Matt Grace
2061,Matt Guerrier
7772,Matt Hague
18076,Matt Hall
5551,Matt Harrison
11713,Matt Harvey
1924,Matt Hensley
780,Matt Herges
1873,Matt Holliday
3353,Matt Joyce
1006697,Matt Karchner
1741,Matt Kata
5631,Matt Kemp
737,Matt Kinney
13420,Matt Koch
19315,Matt Krook
2280,Matt LaPorta
8130,Matt Langwell
390,Matt Lawton III
4604,Matt Lindstrom
7548,Matt Macri
3950,Matt Magill
9920,Matt Maloney
8051,Matt Mangini
20369,Matt Manning
64,Matt Mantei
15089,Matt Marksberry
9373,Matt McBride
29695,Matt McLain
27845,Matt Mervis
1008849,Matt Mieske
479,Matt Miller
1754,Matt Miller
1890,Matt Moore
1172,Matt Morris
6307,Matt Murton
14344,Matt Olson
6046,Matt Pagnozzi
4457,Matt Palmer
20339,Matt Peacock
1423,Matt Perisho
12831,Matt Purke
31870,Matt Pushard
14460,Matt Ramsey
13788,Matt Reynolds
8887,Matt Reynolds
164,Matt Riley
1670,Matt Roney
22284,Matt Sauer
23563,Matt Seelinger
33322,Matt Shaw
4776,Matt Shoemaker
12119,Matt Skole
1012044,Matt Skrmetta
3053,Matt Smith
1384,Matt Stairs
12165,Matt Stites
13799,Matt Strahm
29629,Matt Svanson
19705,Matt Swarmer
11255,Matt Szczur
19318,Matt Thaiss
1918,Matt Thornton
7365,Matt Tolbert
12240,Matt Tracy
2265,Matt Treanor
8272,Matt Tuiasosopo
4381,Matt Tupman
21558,Matt Vierling
501,Matt Walbeck
25550,Matt Waldron
26466,Matt Wallner
1846,Matt Watson
7980,Matt West
1013843,Matt Whisenant
1720,Matt White
1956,Matt Whiteside
4298,Matt Wieters
77,Matt Williams
1014023,Matt Williams
42,Matt Wise
12804,Matt Wisler
16452,Matt Wotherspoon
8989,Matt Young
20157,Matthew Batten
15440,Matthew Boyd
6384,Matthew Brown
1456,Matthew LeCroy
22294,Matthew Liberatore
25980,Matthew Lugo
11385,Matthew den Dekker
12975,Mauricio Cabrera
16530,Mauricio Dubón
20080,Mauricio Llovera
8895,Mauricio Robles
5342,Mauro Gomez
3621,Mauro Zarate
26106,Maverick Handley
21956,Max Castillo
13743,Max Fried
12144,Max Kepler
22175,Max Kranick
23426,Max Lazar
27474,Max Meyer
14556,Max Moroff
13301,Max Muncy
29779,Max Muncy
16165,Max Povse
31873,Max Rajcic
5039,Max Ramirez
3137,Max Scherzer
17750,Max Schrock
24488,Max Schuemann
2390,Max St. Pierre
10059,Max Stassi
27963,Maximo Acosta
11663,Mayckol Guaipe
30004,McCade Brown
1421,McKay Christensen
25663,McKinley Moore
17109,Meibrys Viloria
3457,Mel Stocker
4022,Melky Cabrera
447,Melky Mesa
2562,Melvin Dorta
10181,Melvin Mercedes
157,Melvin Mora
1458,Mendy López
17313,Merandy Gonzalez
7019,Merkin Valdez
11156,Merrill Kelly
1561,Micah Bowie
4342,Micah Hoffpauir
13809,Micah Johnson
4253,Micah Owings
11489,Michael A. Taylor
6049,Michael Aubrey
762,Michael Barrett
9654,Michael Blazek
6387,Michael Bourn
4440,Michael Bowden
8461,Michael Brady
4106,Michael Brantley
26319,Michael Busch
17321,Michael Chavis
11376,Michael Choice
1002429,Michael Coleman
16376,Michael Conforto
9337,Michael Crotta
1534,Michael Cuddyer
31501,Michael Darrell-Hicks
11903,Michael Feliz
13218,Michael Fulmer
1794,Michael Gonzalez
23221,Michael Grove
25931,Michael Harris II
24605,Michael Helman
16285,Michael Hermosillo
3674,Michael Hollimon
12791,Michael Kelly
19853,Michael King
9877,Michael Kirkman
8505,Michael Kohn
17282,Michael Kopech
14843,Michael Lorenzen
10835,Michael Mariot
7358,Michael Martinez
27684,Michael Massey
29869,Michael McGreevy
9628,Michael McKenry
23223,Michael Mercado
3035,Michael Morse
6457,Michael O'Connor
21386,Michael Papierski
20827,Michael Petersen
5372,Michael Pineda
23191,Michael Plassmeyer
12977,Michael Pérez
13228,Michael Reed
751,Michael Restovich
13736,Michael Roth
19454,Michael Rucker
1643,Michael Ryan
9981,Michael Saunders
8103,Michael Schwimer
22557,Michael Siani
18383,Michael Soroka
25353,Michael Stefanic
6550,Michael Stutes
2591,Michael Taylor
542,Michael Tejera
25845,Michael Toglia
10315,Michael Tonkin
635,Michael Tucker
14078,Michael Wacha
1856,Michael Wuertz
14093,Michael Ynoa
1286,Michael Young
1734,Micheal Nakamura
20100,Michel Baez
1835,Michel Hernandez
22533,Michel Otañez
27756,Mick Abel
7,Mickey Callaway
24759,Mickey Gasper
11071,Mickey Jannis
2283,Mickey Lopez
20533,Mickey McDonald
19956,Mickey Moniak
1009151,Mickey Morandini
4721,Mickey Storey
1927,Midre Cummings
19246,Miguel Aguilar
15675,Miguel Alfredo Gonzalez
14139,Miguel Almonte
21693,Miguel Amaya
15878,Miguel Andujar
586,Miguel Asencio
46,Miguel Batista
1744,Miguel Cabrera
1412,Miguel Cairo
15684,Miguel Castro
18792,Miguel Del Pozo
1003184,Miguel Del Toro
18815,Miguel Díaz
4049,Miguel Gonzalez
7024,Miguel González
17075,Miguel Gómez
3364,Miguel Montero
1712,Miguel Ojeda
1638,Miguel Olivo
3262,Miguel Perez
7802,Miguel Rojas
12164,Miguel Sanó
6697,Miguel Socolovich
20074,Miguel Sánchez
941,Miguel Tejada
29036,Miguel Ullola
20178,Miguel Vargas
21111,Miguel Yajure
1937,Mike Adams
5986,Mike Aviles
863,Mike Bacsik
20206,Mike Baumann
4464,Mike Baxter
9324,Mike Belfiore
1000817,Mike Bell
981,Mike Benjamin
11137,Mike Bolsinger
129,Mike Bordick
9894,Mike Broadway
19683,Mike Brosseau
678,Mike Buddie
2932,Mike Burns
24728,Mike Burrows
1022,Mike Bynum
1070,Mike Cameron
7480,Mike Carp
595,Mike Caruso
3133,Mike Cervenak
12808,Mike Clevinger
907,Mike Colangelo
1147,Mike Coolbaugh
3533,Mike Costanzo
1148,Mike Crudale
1002993,Mike Darr
682,Mike DeJean
1151,Mike DiFelice
9948,Mike Dunn
1003603,Mike Duvall
1850,Mike Edwards
7488,Mike Ekstrom
4986,Mike Esposito
988,Mike Fetters
7754,Mike Fiers
10811,Mike Foltynewicz
3912,Mike Fontenot
15585,Mike Ford
11241,Mike Freeman
1447,Mike Fyhrie
1759,Mike Gallo
1004507,Mike Garcia
16115,Mike Gerber
1847,Mike Glavine
2204,Mike Gosling
1005132,Mike Gulan
430,Mike Hampton
14033,Mike Hauschild
1808,Mike Hessman
3769,Mike Hinckley
920,Mike Holtz
1006121,Mike Hubbard
732,Mike Jackson
2231,Mike Jacobs
1453,Mike James
1006487,Mike Johnson
1868,Mike Johnston
1006639,Mike Judd
11618,Mike Kickham
660,Mike Kinkade
63,Mike Koplove
1258,Mike Lamb
1007334,Mike Lansing
10130,Mike Leake
959,Mike Lieberthal
1457,Mike Lincoln
527,Mike Lowell
612,Mike MacDougal
1007951,Mike Maddux
929,Mike Magnante
1544,Mike Mahoney
12594,Mike Marjama
1508,Mike Maroth
1169,Mike Matheny
1170,Mike Matthews
15451,Mike Mayers
9587,Mike McClendon
4583,Mike McCoy
1008804,Mike Metcalfe
13891,Mike Miller
10021,Mike Minor
1009033,Mike Mohler
4869,Mike Montgomery
1385,Mike Mordecai
67,Mike Morgan
158,Mike Moriarty
13442,Mike Morin
4892,Mike Moustakas
1009328,Mike Munoz
837,Mike Mussina
68,Mike Myers
3057,Mike Napoli
1685,Mike Neu
7419,Mike Nickeas
10347,Mike Ohlman
10698,Mike Olt
30187,Mike Paredes
8070,Mike Parisi
5203,Mike Pelfrey
893,Mike Piazza
252,Mike Porzio
3693,Mike Rabelo
538,Mike Redmond
111,Mike Remlinger
493,Mike Rivera
2278,Mike Rose
1893,Mike Rouse
7057,Mike Schultz
19495,Mike Shawaryn
1012015,Mike Sirotka
1479,Mike Smith
1012416,Mike Stanley
849,Mike Stanton
634,Mike Sweeney
15274,Mike Tauchman
2735,Mike Thompson
852,Mike Thurman
1187,Mike Timlin
2083,Mike Tonis
758,Mike Trombley
10155,Mike Trout
30105,Mike Vasil
943,Mike Venafro
2149,Mike Vento
1014,Mike Williams
3806,Mike Wilson
1806,Mike Wood
12586,Mike Wright Jr.
14854,Mike Yastrzemski
9683,Mike Zagurski
13265,Mike Zunino
13130,Mikie Mahtook
20017,Miles Mastrobuoni
9803,Miles Mikolas
369,Milton Bradley
8369,Mitch Atkins
30003,Mitch Bratt
33628,Mitch Farris
15161,Mitch Garver
14274,Mitch Haniger
4530,Mitch Harris
3006,Mitch Jones
17594,Mitch Keller
5588,Mitch Maier
478,Mitch Meluskey
3086,Mitch Moreland
27707,Mitch Spence
5579,Mitch Stetter
4961,Mitch Talbot
13006,Mitch Walding
19225,Mitch White
3344,Mitchell Boggs
27636,Mitchell Parker
899,Mo Vaughn
261,Moises Alou
28820,Moisés Ballesteros
6050,Moisés Sierra
16768,Montana DuRapau
17216,Monte Harrison
13611,Mookie Betts
1745,Morgan Burkhart
556,Morgan Ensberg
13047,Munenori Kawasaki
37120,Munetaka Murakami
9812,Murphy Smith
10430,Mychal Givens
11769,Myles Jaye
17620,Myles Straw
17732,Nabil Crismatt
31765,Nacho Alvarez Jr.
33828,Naoyuki Uwasawa
2335,Napoleon Calzado
17473,Narciso Crook
25413,Nash Walters
25979,Nasim Nuñez
3282,Nate Adcock
1700,Nate Bland
1755,Nate Bump
462,Nate Cornejo
25055,Nate Eaton
599,Nate Field
25512,Nate Fisher
6582,Nate Freiman
4696,Nate Jones
12638,Nate Karns
3190,Nate McLouth
19563,Nate Mondou
15407,Nate Orf
20160,Nate Pearson
1620,Nate Robertson
1011158,Nate Rolison
6201,Nate Schierholtz
6026,Nate Spears
1487,Nate Teut
31357,Nathan Church
9132,Nathan Eovaldi
17,Nathan Haynes
18123,Nathan Lukes
25474,Nathan Wiles
19566,Nathaniel Lowe
1797,Neal Cotts
2727,Neal Musser
12253,Nefi Ogando
5663,Neftali Soto
18,Neftalí Feliz
620,Neifi Perez
7677,Neil Ramírez
8162,Neil Wagner
7539,Neil Walker
2434,Nelson Cruz
554,Nelson Cruz
683,Nelson Figueroa
23359,Nelson Velázquez
403,Nerio Rodriguez
17874,Nestor Cortes
3274,Nevin Ashley
25553,Nic Enright
21327,Nicholas Padilla
6879,Nick Adenhart
12147,Nick Ahmed
22277,Nick Allen
24486,Nick Allgeyer
18337,Nick Anderson
25667,Nick Avila
1194,Nick Bierbrodt
4270,Nick Blackburn
16074,Nick Burdi
6835,Nick Buss
11737,Nick Castellanos
10332,Nick Christiani
16291,Nick Ciuffo
27741,Nick Davila
18206,Nick Dini
21092,Nick Duron
7595,Nick Evans
21538,Nick Fortes
10166,Nick Franklin
16513,Nick Gardewine
27490,Nick Gonzales
13685,Nick Goody
16337,Nick Gordon
3528,Nick Gorneault
1502,Nick Green
8182,Nick Greenwood
1351,Nick Hagadone
19577,Nick Heath
19281,Nick Hernandez
3376,Nick Hundley
828,Nick Johnson
11694,Nick Kingham
35110,Nick Kurtz
26378,Nick Lodolo
27630,Nick Loftin
20521,Nick Madrigal
20395,Nick Margevicius
5930,Nick Markakis
12530,Nick Maronde
12730,Nick Martinez
12005,Nick Martini
7267,Nick Masset
21635,Nick Maton
25376,Nick Mears
32119,Nick Morabito
29833,Nick Nastrini
18699,Nick Neidert
20153,Nick Nelson
698,Nick Neugebauer
6880,Nick Noonan
15454,Nick Pivetta
18690,Nick Plummer
22117,Nick Pratto
1429,Nick Punto
12575,Nick Ramirez
20333,Nick Raquet
2226,Nick Regilio
26226,Nick Robertson
14867,Nick Rumbelow
20517,Nick Sandlin
19293,Nick Senzel
23493,Nick Snyder
25483,Nick Sogard
19294,Nick Solak
3909,Nick Stavinoha
4599,Nick Swisher
11716,Nick Tepesch
12385,Nick Tropeano
21093,Nick Vespi
7555,Nick Vincent
14330,Nick Williams
15594,Nick Wittgren
27504,Nick Yorke
13157,Nicky Delmonico
19339,Nicky Lopez
21479,Nico Hoerner
5530,Nik Turley
12092,Niko Goodrum
29782,Niko Kavadas
5063,Niuman Romero
22449,Nivaldo Rodriguez
30184,Noah Cameron
25862,Noah Davis
1833,Noah Lowry
27908,Noah Murdock
32056,Noah Schultz
11762,Noah Syndergaard
11894,Noel Cuevas
26517,Noelvi Marte
9777,Nolan Arenado
13267,Nolan Fontana
22263,Nolan Gorman
23381,Nolan Hoffman
20529,Nolan Jones
33703,Nolan McLean
3441,Nolan Reimold
33189,Nolan Schanuel
190,Nomar Garciaparra
14553,Nomar Mazara
2076,Nook Logan
19580,Norge Ruiz
13075,Norichika Aoki
8786,Norihiro Nakamura
1002160,Norm Charlton
2450,Norris Hopper
12800,Noé Ramirez
4885,Nyjer Morgan
12677,O'Koyea Dickson
555,Octavio Dotel
668,Odalis Perez
16017,Odrisamer Despaigne
11476,Odúbel Herrera
8823,Oliver Drake
26295,Oliver Dunn
21025,Oliver Ortega
1514,Oliver Pérez
937,Olmedo Saenz
10259,Omar Beltre
23875,Omar Cruz
646,Omar Daal
1609,Omar Infante
25369,Omar Martinez
13338,Omar Narváez
1009771,Omar Olivares
6335,Omar Quintanilla
411,Omar Vizquel
3583,Omir Santos
1008209,Onan Masaoka
21711,Oneil Cruz
13674,Onelki Garcia
617,Orber Moreno
1005741,Orel Hershiser
25967,Orelvis Martinez
31776,Orion Kerkering
13185,Orlando Arcia
766,Orlando Cabrera
11905,Orlando Calixte
823,Orlando Hernandez
1307,Orlando Hudson
1393,Orlando Merced
28,Orlando Palmeiro
26247,Orlando Ribalta
30162,Oscar Colás
20970,Oscar Gonzalez
1540,Oscar Henriquez
8975,Oscar Robles
495,Oscar Salazar
11173,Oscar Taveras
1654,Oscar Villarreal
4100,Osiris Matos
23985,Osleivis Basabe
17133,Osmer Morales
23150,Osvaldo Bido
1004000,Osvaldo Fernandez
22823,Oswald Peraza
10306,Oswaldo Arcia
21707,Oswaldo Cabrera
528,Oswaldo Mairena
3868,Oswaldo Navarro
31792,Otto Kemp
19608,Otto Lopez
27496,Owen Caissie
24655,Owen Miller
31761,Owen Murphy
22273,Owen White
16556,Ozzie Albies
1005125,Ozzie Guillen
3900,Ozzie Martínez
1013072,Ozzie Timmons
18213,P.J. Conlon
1004212,P.J. Forbes
18433,P.J. Higgins
9557,P.J. Walters
23394,PJ Poulin
17085,Pablo López
1469,Pablo Ozuna
16357,Pablo Reyes
5409,Pablo Sandoval
23292,Packy Naughton
13398,Paco Rodríguez
8246,Paolo Espino
11502,Parker Bridwell
20018,Parker Dunshee
12106,Parker Markel
23800,Parker Meadows
31986,Parker Messick
21324,Parker Mushinski
1294,Pasqual Coco
1068,Pat Borders
949,Pat Burrell
11350,Pat Dean
145,Pat Hentgen
13427,Pat Light
291,Pat Mahomes
1008712,Pat Meares
5909,Pat Misch
4682,Pat Neshek
1010700,Pat Rapp
896,Pat Strange
14885,Pat Valaika
7108,Pat Venditte
27478,Patrick Bailey
9323,Patrick Corbin
13910,Patrick Kivlehan
18142,Patrick Mazeika
6605,Patrick McCoy
29564,Patrick Monteverde
19712,Patrick Murphy
19447,Patrick Sandoval
10029,Patrick Schuster
17792,Patrick Weigel
13602,Patrick Wisdom
1061,Paul Abbott
676,Paul Bako
14739,Paul Blackburn
594,Paul Byrd
22248,Paul Campbell
8037,Paul Clemens
18015,Paul DeJong
15832,Paul Fry
31571,Paul Gervase
9218,Paul Goldschmidt
1212,Paul Hoover
7412,Paul Janish
242,Paul Konerko
662,Paul Lo Duca
8678,Paul Maholm
4409,Paul McAnulty
1009818,Paul O'Neill
2032,Paul Phillips
669,Paul Quantrill
1010955,Paul Rigdon
13892,Paul Sewald
406,Paul Shuey
33677,Paul Skenes
1012349,Paul Spoljaric
1234,Paul Wilson
8628,Paulo Orlando
19892,Pavin Smith
1002747,Paxton Crawford
25501,Paxton Schultz
22164,Payton Henry
35466,Payton Tolle
17697,Pedro Araújo
862,Pedro Astacio
18864,Pedro Avila
1330,Pedro Beato
1289,Pedro Borbon Jr.
5420,Pedro Báez
5278,Pedro Ciriaco
1601,Pedro Feliciano
1112,Pedro Feliz
6616,Pedro Figueroa
8385,Pedro Florimón
4578,Pedro Hernandez
27781,Pedro León
2119,Pedro Liriano
3207,Pedro Lopez
200,Pedro Martínez
25782,Pedro Pagés
18313,Pedro Payano
29218,Pedro Ramírez
14523,Pedro Severino
4070,Pedro Strop
1323,Pedro Swann
1013315,Pedro Valdes
9904,Pedro Villarreal
5971,Pedro Viola
2495,Pedro Álvarez
25174,Penn Murfee
10887,Perci Garner
19251,Pete Alonso
27769,Pete Crow-Armstrong
17998,Pete Fairbanks
1005374,Pete Harnisch
2539,Pete Kozma
1821,Pete Laforest
1546,Pete Munro
2748,Pete Orr
1011608,Pete Schourek
1325,Pete Walker
763,Peter Bergeron
2578,Peter Bourjos
17969,Peter Lambert
4891,Peter Moylan
13288,Peter O'Brien
20476,Peter Solomon
21367,Peter Strzelecki
1828,Peter Zoccolillo
27931,Petey Halpin
25777,Peyton Battenfield
25459,Peyton Burdick
25310,Peyton Gray
31865,Peyton Pallette
18519,Phil Bickford
5535,Phil Coke
8598,Phil Dumatrait
10953,Phil Gosselin
1005763,Phil Hiatt
7450,Phil Hughes
9489,Phil Irwin
12675,Phil Klein
18064,Phil Maton
1049,Phil Nevin
1714,Phil Norton
1905,Phil Seibel
2206,Phil Stockman
33821,Philip Abner
3486,Philip Barzilla
8586,Philip Humber
20030,Phillip Diehl
14738,Phillip Ervin
12950,Phillip Evans
5362,Phillippe Aumont
15605,Phillips Valdez
20541,Phoenix Sanders
13435,Pierce Johnson
30179,Pierson Ohl
1176,Placido Polanco
1004,Pokey Reese
26413,Porter Hodge
22932,Prelander Berroa
1811,Prentice Redman
10500,Preston Claiborne
7303,Preston Guilmet
13633,Preston Tucker
545,Preston Wilson
4613,Prince Fielder
1013404,Quilvio Veras
25977,Quinn Priester
9414,Quintin Berry
1377,Quinton McCracken
1245,R.A. Dickey
10819,R.J. Alaniz
13401,R.J. Alvarez
539,R.J. Swindle
5843,Radhames Liz
15769,Rafael Bautista
177,Rafael Betancourt
17350,Rafael Devers
4185,Rafael Dolis
31991,Rafael Flores Jr.
88,Rafael Furcal
21646,Rafael Marchán
10258,Rafael Martín
12760,Rafael Montero
10323,Rafael Ortega
1266,Rafael Palmeiro
4078,Rafael Perez
6417,Rafael Rodriguez
1011191,Rafael Roque
1100,Rafael Soriano
2832,Rafael Ynoa
12606,Raffy Lopez
14350,Raimel Tapia
17130,Raisel Iglesias
3708,Rajai Davis
17682,Ralph Garza Jr.
836,Ramiro Mendoza
8841,Ramiro Pena
514,Ramon Castro
7026,Ramon Castro
7986,Ramon E Ramirez
918,Ramon Hernandez
1008193,Ramon Martinez
1120,Ramon Martinez
1781,Ramon Nivar
27,Ramon Ortiz
4573,Ramon Pena
2899,Ramon Ramirez
1417,Ramon Santiago
4685,Ramon Troncoso
10327,Ramón Cabrera
11165,Ramón Flores
17128,Ramón Laureano
20368,Ramón Rosso
14113,Ramón Torres
18795,Ramón Urías
1058,Ramón Vázquez
10243,Randal Grichuk
5985,Randall Delgado
497,Randall Simon
5555,Randor Bierd
19290,Randy Arozarena
813,Randy Choate
23798,Randy Dobnak
1446,Randy Flores
60,Randy Johnson
830,Randy Keisler
1007050,Randy Knorr
2658,Randy Messenger
23974,Randy Rodríguez
14508,Randy Rosario
2761,Randy Ruiz
942,Randy Velarde
24719,Randy Vásquez
4535,Randy Wells
2362,Randy Williams
1235,Randy Winn
976,Randy Wolf
25804,Randy Wynne
10839,Rangel Ravelo
17277,Ranger Suarez
14077,Raudel Lazo
15766,Raudy Read
680,Raul Casanova
553,Raul Chavez
1553,Raul Gonzalez
607,Raul Ibanez
1314,Raul Mondesi
1953,Raul Valdes
14244,Ray Black
230,Ray Durham
1005937,Ray Holbert
23809,Ray Kerr
693,Ray King
1044,Ray Lankford
1718,Ray Olmedo
2914,Ray Sadler
22370,Raymond Burgos
22272,Raynel Delgado
19516,Raynel Espinal
12790,Raúl Alcántara
27493,Rece Hinds
10710,Red Patterson
16866,Reed Garrett
1702,Reed Johnson
15674,Reese McGuire
24968,Reese Olson
2187,Reggie Abercrombie
19311,Reggie McClain
1129,Reggie Sanders
358,Reggie Taylor
5590,Reggie Willits
8380,Reid Brignac
1002634,Reid Cornelius
27468,Reid Detmers
4603,Reid Gorecki
21541,Reiss Knehr
19754,Reiver Sanmartin
14503,Renato Núñez
1774,Rene Reyes
7099,Rene Tosoni
2180,Renyel Pinto
19859,René Pinto
3648,René Rivera
9794,Rex Brothers
10329,Rey Fuentes
6008,Rey Navarro
889,Rey Ordonez
213,Rey Sanchez
14966,Reyes Moronta
13058,Reymin Guduan
1557,Reynaldo Garcia
16400,Reynaldo López
952,Rheal Cormier
33876,Rhett Lowder
711,Rhiner Cruz
31793,Rhylan Thomas
9955,Rhyne Hughes
16472,Rhys Hoskins
16318,Ricardo Pinto
401,Ricardo Rincon
1585,Ricardo Rodriguez
15458,Ricardo Rodríguez
17581,Ricardo Sánchez
1000205,Rich Amaral
1106,Rich Aurilia
1000749,Rich Becker
189,Rich Garces
1772,Rich Harden
4806,Rich Hill
1007711,Rich Loiselle
1276,Rich Rodriguez
2760,Rich Rundles
1011465,Rich Sauveur
6422,Rich Thompson
1883,Rich Thompson
7803,Richard Bleier
30160,Richard Fitts
561,Richard Hidalgo
19337,Richard Lovelady
13549,Richard Rodríguez
16411,Richard Urena
17736,Richie Martin Jr.
24589,Richie Palacios
709,Richie Sexson
13271,Richie Shaffer
1000086,Rick Aguilera
1142,Rick Ankiel
125,Rick Bauer
1002819,Rick Croushore
1723,Rick DeHart
58,Rick Helling
2717,Rick Porcello
750,Rick Reed
2263,Rick Short
5099,Rick Van Den Hurk
456,Rick White
1013960,Rick Wilkins
194,Rickey Henderson
1849,Rickie Weeks Jr.
1001161,Ricky Bones
948,Ricky Bottalico
387,Ricky Gutierrez
23449,Ricky Karcher
1407,Ricky Ledee
3830,Ricky Nolasco
3403,Ricky Romero
576,Ricky Stone
23391,Ricky Vanasco
1001464,Rico Brogna
20023,Rico Garcia
10585,Rico Noel
2017,Rico Washington
1916,Rigo Beltran
33795,Rikuu Nishida
19864,Riley Adams
31953,Riley Cornelio
25976,Riley Greene
29934,Riley Martin
20348,Riley O'Brien
21858,Riley Pint
19826,Riley Smith
14103,Rio Ruiz
29514,River Ryan
22810,Roansy Contreras
1492,Rob Bell
1817,Rob Bowen
10655,Rob Brantly
5100,Rob Delaney
1003520,Rob Ducey
8029,Rob Johnson
15792,Rob Kaminsky
995,Rob Mackowiak
11250,Rob Rasmussen
13770,Rob Refsnyder
1011350,Rob Ryan
9286,Rob Scahill
11446,Rob Segedin
1012403,Rob Stanifer
14165,Rob Whalen
8532,Rob Wooten
15094,Rob Zastryzny
1123,Robb Nen
1779,Robb Quinlan
10354,Robbie Erlin
5254,Robbie Grossman
11486,Robbie Ray
6819,Robbie Ross Jr.
8479,Robbie Weinhardt
30167,Robby Ahlstrom
1686,Robby Hammock
13042,Robby Scott
31893,Robby Snelling
13167,Robel García
4900,Robert Andino
2570,Robert Carson
1149,Robert Coello
19191,Robert Dugger
649,Robert Ellis
466,Robert Fick
23363,Robert Garcia
29812,Robert Gasser
13696,Robert Gsellman
27482,Robert Hassell III
289,Robert Machado
817,Robert Manuel
1010186,Robert Perez
966,Robert Person
1010682,Robert Ramsay
3359,Robert Ray
13594,Robert Stephenson
6576,Robert Stock
30115,Robert Suarez
860,Roberto Alomar
12963,Roberto Gómez
605,Roberto Hernandez
3273,Roberto Hernandez
1006815,Roberto Kelly
2217,Roberto Novoa
13764,Roberto Osuna
8607,Roberto Petagine
2900,Roberto Pérez
1006397,Robin Jennings
854,Robin Ventura
2011,Robinson Cancel
3269,Robinson Canó
3142,Robinson Chirinos
14399,Robinson Leyer
23091,Robinson Piña
2575,Robinson Tejeda
3248,Robinzon Diaz
1656,Rocco Baldelli
223,Rocky Biddle
5188,Rocky Cherry
1002604,Rocky Coppinger
10533,Rocky Gale
45,Rod Barajas
1730,Rod Beck
1007633,Rod Lindsey
25311,Roddery Muñoz
1511,Rodney Myers
21987,Rodolfo Castro
20958,Rodolfo Durán
150,Rodrigo Lopez
1747,Rodrigo Rosario
16470,Roel Ramírez
12673,Roenis Elías
17679,Rogelio Armenteros
6421,Roger Bernadina
869,Roger Cedeno
815,Roger Clemens
1705,Roger Deago
5225,Roger Kieschnick
35323,Roki Sasaki
174,Rolando Arrojo
27407,Rolddy Muñoz
31812,Roman Anthony
2242,Roman Colon
10307,Roman Mendez
13546,Roman Quinn
3588,Rommie Lewis
4170,Romulo Sanchez
21562,Romy Gonzalez
816,Ron Coomer
3152,Ron Flores
1032,Ron Gant
290,Ron Mahay
23488,Ron Marinaccio
1010,Ron Villone
1103,Ron Wright
18401,Ronald Acuña Jr.
2203,Ronald Belisario
20041,Ronald Bolaños
1649,Ronald Calloway
14388,Ronald Guzmán
15688,Ronald Herrera
11400,Ronald Torreyes
856,Rondell White
19407,Ronel Blanco
677,Ronnie Belliard
19710,Ronnie Dawson
2179,Ronny Cedeno
24094,Ronny Henriquez
23698,Ronny Mauricio
2129,Ronny Paulino
11875,Ronny Rodríguez
25346,Ronny Simon
1651,Rontrez Johnson
20430,Rony García
14962,Rookie Davis
268,Roosevelt Brown
11611,Rosell Herrera
1691,Rosman Garcia
2859,Ross Detwiler
1538,Ross Gload
8268,Ross Ohlendorf
13273,Ross Stripling
4534,Ross Wolf
12282,Rougned Odor
14646,Rowan Wick
15679,Rowdy Tellez
1780,Roy Corcoran
1303,Roy Halladay
571,Roy Oswalt
407,Roy Smith
226,Royce Clayton
20437,Royce Lewis
4350,Royce Ring
3862,Rubby De La Rosa
3417,Ruben Gotay
340,Ruben Mateo
705,Ruben Quevedo
1550,Ruben Rivera
1099,Ruben Sierra
5519,Rubén Tejada
2710,Ruddy Lugo
5226,Rudy Owens
1279,Rudy Seanez
1528,Runelvys Hernandez
17016,Rusney Castillo
4519,Russ Adams
8265,Russ Canzler
1003076,Russ Davis
1216,Russ Johnson
1124,Russ Ortiz
1652,Russ Springer
370,Russell Branyan
4616,Russell Martin
5848,Russell Mitchell
1252,Rusty Greer
1008702,Rusty Meacham
9698,Rusty Ryal
6343,Ryan Adams
19967,Ryan Aguilar
29863,Ryan Bergert
29547,Ryan Bliss
16350,Ryan Borucki
5615,Ryan Brasier
3410,Ryan Braun
5648,Ryan Braun
12138,Ryan Brett
9456,Ryan Buchter
3768,Ryan Budde
1531,Ryan Bukvich
17536,Ryan Burr
12699,Ryan Carpenter
16377,Ryan Castellani
1594,Ryan Christenson
2106,Ryan Church
8855,Ryan Cook
15181,Ryan Cordell
12268,Ryan Court
517,Ryan Dempster
9261,Ryan Dennick
23559,Ryan Dorow
2113,Ryan Doumit
379,Ryan Drese
13974,Ryan Dull
14808,Ryan Eades
6336,Ryan Feierabend
21446,Ryan Feltner
24862,Ryan Fernandez
24622,Ryan Fitzgerald
7888,Ryan Flaherty
1076,Ryan Franklin
1207,Ryan Freel
6319,Ryan Garko
14016,Ryan Garton
686,Ryan Glynn
9807,Ryan Goins
26440,Ryan Gusto
4952,Ryan Hanigan
19480,Ryan Hartman
18138,Ryan Helsley
19535,Ryan Hendrix
2154,Ryan Howard
472,Ryan Jackson
6596,Ryan Jackson
24618,Ryan Jeffers
1117,Ryan Jensen
35325,Ryan Johnson
7056,Ryan Jorgensen
6962,Ryan Kalish
4858,Ryan Kelly
1041,Ryan Klesko
1007082,Ryan Kohlmeier
25867,Ryan Kreidler
10700,Ryan LaMarre
98,Ryan Langerhans
8879,Ryan Lavarnway
6623,Ryan Lollis
29521,Ryan Loutos
1260,Ryan Ludwick
1852,Ryan Madson
7169,Ryan Mattheus
16524,Ryan McBroom
155,Ryan McGuire
19928,Ryan McKenna
15112,Ryan McMahon
18105,Ryan Meisinger
13688,Ryan Merritt
22187,Ryan Miller
1008983,Ryan Minor
18373,Ryan Mountcastle
23312,Ryan Noda
16442,Ryan O'Hearn
4412,Ryan O'Malley
10976,Ryan O'Rourke
26221,Ryan Pepiot
8799,Ryan Perry
7005,Ryan Pressly
2218,Ryan Raburn
9385,Ryan Reid
31500,Ryan Ritter
5653,Ryan Roberts
2621,Ryan Rohlinger
22200,Ryan Rolison
3245,Ryan Rowland-Smith
12409,Ryan Rua
1223,Ryan Rupe
5916,Ryan Sadowski
9953,Ryan Schimpf
4443,Ryan Shealy
12249,Ryan Sherriff
1912,Ryan Snare
3808,Ryan Speier
4521,Ryan Spilborghs
10937,Ryan Strausborger
6352,Ryan Sweeney
10291,Ryan Tepera
3811,Ryan Theriot
713,Ryan Thompson
16647,Ryan Thompson
1062,Ryan Tucker
9154,Ryan Verdugo
22165,Ryan Vilade
1011,Ryan Vogelsong
1770,Ryan Wagner
35061,Ryan Waldschmidt
20423,Ryan Walker
27449,Ryan Ward
27853,Ryan Watson
23796,Ryan Weathers
7474,Ryan Webb
10160,Ryan Weber
24621,Ryan Weiss
9312,Ryan Wheeler
16502,Ryan Yarbrough
25420,Ryan Zeferjahn
4220,Ryan Zimmerman
15982,Ryder Jones
19891,Ryder Ryan
19768,Rylan Bannon
4779,Rymer Liriano
12680,Ryne Harper
26253,Ryne Nelson
15947,Ryne Stanek
15447,Ryon Healy
10232,Ryota Igarashi
1205,Sal Fasano
29622,Sal Frelick
13690,Sal Romano
31505,Sal Stewart
1628,Salomon Torres
7304,Salvador Perez
26443,Sam Aldegheri
35101,Sam Antonacci
29754,Sam Bachman
16279,Sam Clay
17264,Sam Coonrod
868,Sam Demel
11710,Sam Dyson
6832,Sam Freeman
8254,Sam Fuld
12778,Sam Gaviglio
18054,Sam Haggerty
18548,Sam Hentges
17954,Sam Hilliard
16265,Sam Howard
22209,Sam Huff
4664,Sam LeCure
25379,Sam Long
2144,Sam Marsonek
2355,Sam McConnell
14874,Sam Moll
4516,Sam Narron
13397,Sam Selman
16263,Sam Travis
13485,Sam Tuivailala
22274,Samad Taylor
5127,Sammy Gervacio
25589,Sammy Peralta
11457,Sammy Solís
302,Sammy Sosa
28824,Samuel Basallo
5285,Samuel Deduno
31936,Samy Natera Jr.
19910,Sandro Fabian
18684,Sandy Alcantara
221,Sandy Alomar Jr.
17754,Sandy Báez
5273,Sandy León
784,Sandy Martinez
1525,Sandy Rosario
1007465,Sang-Hoon Lee
2873,Santiago Casilla
19997,Santiago Espinal
1010187,Santiago Perez
2122,Santiago Ramirez
881,Satoru Komiyama
2027,Saul Rivera
21922,Sauryn Lao
26048,Sawyer Gipson-Long
1005011,Scarborough Green
10339,Scooter Gennett
35,Scot Shields
1000115,Scott Aldred
10591,Scott Alexander
2642,Scott Atchison
6176,Scott Baker
14993,Scott Barlow
8718,Scott Barnes
16427,Scott Blewett
1001477,Scott Brosius
888,Scott Carroll
1293,Scott Cassidy
269,Scott Chiasson
10706,Scott Copeland
173,Scott Cousins
5089,Scott Diamond
1936,Scott Dohmann
773,Scott Downs
2634,Scott Dunn
18384,Scott Effross
426,Scott Elarton
7489,Scott Elbert
137,Scott Erickson
1300,Scott Eyre
6283,Scott Feldman
1004235,Scott Forster
1926,Scott Hairston
916,Scott Hatteberg
14453,Scott Heineman
20501,Scott Hurst
1006681,Scott Kamieniecki
1006703,Scott Karl
4897,Scott Kazmir
17975,Scott Kingery
7322,Scott Lewis
564,Scott Linebrink
1007935,Scott MacRae
885,Scott Maine
4771,Scott Mathieson
8951,Scott McClain
12056,Scott McGough
4390,Scott Moore
618,Scott Mullen
3470,Scott Munter
13911,Scott Oberg
4529,Scott Olsen
5,Scott Patterson
1095,Scott Podsednik
1010464,Scott Pose
1911,Scott Proctor
1010641,Scott Radinsky
749,Scott Randall
2743,Scott Rice
4307,Scott Richmond
970,Scott Rolen
1007,Scott Sauerbeck
12225,Scott Schebler
33,Scott Schoeneweis
846,Scott Seabol
1011756,Scott Servais
1684,Scott Service
1011856,Scott Sheldon
2881,Scott Sizemore
12020,Scott Snodgress
1012257,Scott Sobkowiak
37,Scott Spiezio
797,Scott Stewart
897,Scott Strickland
357,Scott Sullivan
2238,Scott Thorman
4365,Scott Van Slyke
1631,Scott Wiggins
361,Scott Williamson
1014120,Scott Winchester
4617,Sean Barker
1000881,Sean Bergman
1000910,Sean Berry
21270,Sean Bouchard
29878,Sean Burke
1886,Sean Burnett
1021,Sean Burroughs
314,Sean Casey
377,Sean DePaula
1581,Sean Doolittle
133,Sean Douglass
8261,Sean Gallagher
12781,Sean Gilmartin
3001,Sean Green
20045,Sean Guenther
9853,Sean Halton
2147,Sean Henn
21481,Sean Hjelle
7349,Sean Kazmar Jr.
35094,Sean Keys
994,Sean Lowe
15873,Sean Manaea
5905,Sean Marshall
19352,Sean Murphy
16943,Sean Newcomb
11341,Sean Nolin
9137,Sean O'Sullivan
19583,Sean Poppen
17034,Sean Reid-Foley
22253,Sean Reynolds
6589,Sean Rodríguez
1011305,Sean Runyan
1012327,Sean Spencer
33502,Sean Sullivan
4621,Sean Tracey
4393,Sean West
5564,Sean White
21735,Sebastián Rivero
18887,Seby Zavala
30116,Seiya Suzuki
2737,Sendy Rleal
19249,Seranthony Domínguez
16417,Sergio Alcántara
7122,Sergio Escalona
1773,Sergio Mitre
9817,Sergio Romo
4734,Sergio Santos
20493,Seth Beer
18171,Seth Brown
19766,Seth Elledge
322,Seth Etherton
11346,Seth Frankoff
467,Seth Greisinger
33294,Seth Halvorsen
26020,Seth Johnson
12447,Seth Lugo
12235,Seth Maness
21045,Seth Martinez
1657,Seth McClung
13905,Seth Mejias-Brean
21333,Seth Romero
10606,Seth Rosin
7331,Seth Smith
18719,Seunghwan Oh
14697,Severino González
14200,Shae Simmons
6781,Shairon Martis
1588,Shane Andrews
22264,Shane Baz
19427,Shane Bieber
15258,Shane Carle
6358,Shane Costa
27814,Shane Drohan
10756,Shane Greene
468,Shane Halter
4754,Shane Komine
3881,Shane Lindsay
1613,Shane Loux
21483,Shane McClanahan
1584,Shane Nance
7423,Shane Peterson
574,Shane Reynolds
4249,Shane Robinson
31687,Shane Smith
848,Shane Spencer
1677,Shane Victorino
3888,Shane Youman
1322,Shannon Stewart
19453,Shaun Anderson
6204,Shaun Marcum
12857,Shawn Armstrong
1855,Shawn Camp
424,Shawn Chacon
24977,Shawn Dubin
873,Shawn Estes
1004696,Shawn Gilbert
651,Shawn Green
1882,Shawn Hill
7773,Shawn Kelley
13606,Shawn Morimando
9629,Shawn O'Malley
3393,Shawn Riggans
1519,Shawn Sedlacek
10481,Shawn Tolleson
43,Shawn Wooten
1401,Shawon Dunston
27789,Shay Whitcomb
196,Shea Hillenbrand
25816,Shea Langeliers
18475,Shea Spitzbarth
16542,Shed Long Jr.
10197,Shelby Miller
19635,Sheldon Neuse
3620,Shelley Duncan
13906,Sherman Johnson
21794,Sherten Apostel
1082,Shigetoshi Hasegawa
3174,Shin-Soo Choo
1896,Shingo Takatsu
35324,Shinnosuke Ogasawara
31839,Shintaro Fujinami
27461,Shogo Akiyama
19755,Shohei Ohtani
33829,Shota Imanaga
27460,Shun Yamaguchi
161,Sidney Ponson
15051,Silvino Bracho
24494,Simeon Woods Richardson
9243,Simon Castro
1898,Simon Pond
19680,Sixto Sánchez
3704,Skip Schumaker
17723,Skye Bolt
27500,Slade Cecconi
10336,Slade Heathcott
1186,So Taguchi
12768,Sonny Gray
29921,Spencer Arrighetti
30226,Spencer Bivens
26477,Spencer Horwitz
23252,Spencer Howard
31532,Spencer Jones
13300,Spencer Kieboom
31621,Spencer Miles
12361,Spencer Patton
31846,Spencer Schwellenbach
26323,Spencer Steer
27498,Spencer Strider
27465,Spencer Torkelson
16207,Spencer Turnbull
17489,Spenser Watkins
1000792,Stan Belinda
1006372,Stan Javier
1012329,Stan Spencer
4579,Starlin Castro
9241,Starling Marte
22093,Steele Walker
16058,Stefan Crichton
11746,Stefen Romero
11204,Stephen Cardullo
4251,Stephen Drew
8077,Stephen Fife
15492,Stephen Gonsalves
21487,Stephen Kolek
19545,Stephen Nogosek
13367,Stephen Piscotty
10663,Stephen Pryor
1655,Stephen Randolph
22358,Stephen Ridings
1758,Stephen Smitherman
10131,Stephen Strasburg
15859,Stephen Tarpley
5000,Stephen Vogt
31443,Sterlin Thompson
824,Sterling Hitchcock
19671,Sterling Sharp
9615,Steve Ames
7018,Steve Andrade
1706,Steve Avery
1590,Steve Bechler
6483,Steve Cishek
9542,Steve Clevenger
1678,Steve Colyer
1200,Steve Cox
11827,Steve Delabar
2185,Steve Edlefsen
54,Steve Finley
9869,Steve Garrison
8402,Steve Geltz
1005012,Steve Green
15293,Steve Hathaway
3472,Steve Holm
4053,Steve Johnson
829,Steve Karsay
1218,Steve Kent
1164,Steve Kline
5422,Steve Lombardozzi Jr.
1009074,Steve Montgomery
1009826,Steve Ontiveros
1316,Steve Parris
9957,Steve Pearce
1010657,Steve Rain
1053,Steve Reed
5495,Steve Schmoll
1011614,Steve Schrenk
12957,Steve Selsky
1012016,Steve Sisco
1577,Steve Smyth
499,Steve Sparks
1012305,Steve Sparks
2518,Steve Stemle
8587,Steve Susdorf
4450,Steve Tolleson
119,Steve Torrealba
898,Steve Trachsel
2029,Steve Watkins
1285,Steve Woodard
9787,Steven Baron
15291,Steven Brault
23165,Steven Cruz
17719,Steven Duggar
8211,Steven Hill
7341,Steven Jackson
24610,Steven Kwan
113,Steven Lerud
13361,Steven Matz
11854,Steven Moya
13580,Steven Okert
7463,Steven Register
3681,Steven Shell
5667,Steven Souza Jr.
20353,Steven Wilson
8185,Steven Wright
16041,Stevie Wilkerson
22766,Steward Berroa
6415,Stolmy Pimentel
19273,Stone Garrett
6382,Stu Pomeranz
20321,Stuart Fairchild
15207,Stuart Turner
1002260,Stubby Clapp
6027,Sugar Ray Marimon
197,Sun-Woo Kim
37122,Sung-Mun Song
19553,Símon Muzziotti
12944,Sócrates Brito
6101,T.J. Beam
4592,T.J. Bohn
567,T.J. Mathews
3237,T.J. McFarland
12495,T.J. Rivera
800,T.J. Tucker
19269,T.J. Zeuch
19522,TJ Friedl
25482,TJ Hopkins
9121,TJ House
29805,TJ Rumfield
27567,TJ Shook
8581,Tadahito Iguchi
11836,Taijuan Walker
22543,Taj Bradley
699,Takahito Nomura
6021,Takashi Saito
1009661,Talmadge Nunnari
18029,Tanner Anderson
24698,Tanner Andrews
16990,Tanner Banks
30134,Tanner Bibee
27669,Tanner Gordon
19879,Tanner Houck
28848,Tanner Murray
17610,Tanner Rainey
8753,Tanner Roark
10267,Tanner Scheppers
17586,Tanner Scott
19518,Tanner Tully
1230,Tanyon Sturtze
22267,Tarik Skubal
1001459,Tarrik Brock
37124,Tatsuya Imai
17888,Tayler Saucedo
13652,Tayler Scott
2168,Taylor Buchholz
17611,Taylor Clarke
11964,Taylor Cole
12782,Taylor Davis
12590,Taylor Featherston
9147,Taylor Green
13616,Taylor Guerrieri
18306,Taylor Guilbeau
16098,Taylor Gushue
18325,Taylor Hearn
12515,Taylor Hill
19533,Taylor Jones
10466,Taylor Jordan
13119,Taylor Jungmann
19212,Taylor Kohlwey
12399,Taylor Motter
26344,Taylor Rashi
13449,Taylor Rogers
8249,Taylor Tankersley
5199,Taylor Teagarden
10019,Taylor Thompson
19960,Taylor Trammell
22458,Taylor Walls
17548,Taylor Ward
19266,Taylor Widener
14899,Taylor Williams
833,Ted Lilly
16233,Tejay Antone
13066,Teoscar Hernández
13658,Terrance Gore
1007791,Terrell Lowery
927,Terrence Long
24400,Terrin Vavra
1878,Terrmel Sledge
946,Terry Adams
4295,Terry Evans
1006596,Terry Jones
665,Terry Mulholland
487,Terry Pearson
449,Terry Shumpert
2160,Terry Tiffee
8036,Thad Weber
21513,Thaddeus Ward
16426,Thairo Estrada
8025,Thomas Diamond
18361,Thomas Eshelman
31989,Thomas Harrington
19264,Thomas Hatch
1006090,Thomas Howard
1006332,Thomas Jacquez
9461,Thomas Neal
17281,Thomas Pannone
27883,Thomas Saggese
21065,Thomas Szapucki
14510,Thyago Vieira
1003,Tike Redman
10968,Tim Adleman
15172,Tim Anderson
7949,Tim Beckham
1000789,Tim Belcher
1001120,Tim Bogar
1995,Tim Byrdak
1002224,Tim Christman
3164,Tim Collins
13762,Tim Cooney
2351,Tim Corcoran
1002715,Tim Crabtree
5518,Tim Dillard
380,Tim Drew
31522,Tim Elko
8609,Tim Federowicz
1900,Tim Hamulack
1909,Tim Harikkala
25139,Tim Herrin
16814,Tim Hill
921,Tim Hudson
238,Tim Hummel
1681,Tim Laker
5705,Tim Lincecum
15124,Tim Locastro
14137,Tim Lopes
15042,Tim Mayza
9149,Tim Melville
2087,Tim Olson
13946,Tim Peterson
1807,Tim Raines Jr.
1406,Tim Raines Sr.
573,Tim Redding
32,Tim Salmon
1484,Tim Spooneybarger
6432,Tim Stauffer
29571,Tim Tawa
1013284,Tim Unroe
219,Tim Wakefield
3775,Tim Wood
1139,Tim Worrell
1014392,Tim Young
891,Timo Perez
1168,Tino Martinez
22566,Tirso Ornelas
4591,Tobi Stoner
22191,Tobias Myers
511,Toby Borland
1210,Toby Hall
1000793,Todd Belitz
2467,Todd Coffey
10822,Todd Cunningham
381,Todd Dunwoody
1003804,Todd Erdos
785,Todd Frazier
1450,Todd Greene
432,Todd Helton
433,Todd Hollandsworth
284,Todd Hundley
436,Todd Jones
1803,Todd Linden
968,Todd Pratt
9943,Todd Redmond
253,Todd Ritchie
1645,Todd Sears
2933,Todd Self
75,Todd Stottlemyre
1284,Todd Van Poppel
359,Todd Walker
1709,Todd Wellemeyer
805,Todd Williams
457,Todd Zeile
23443,Tom Cosgrove
1026,Tom Davey
1003871,Tom Evans
90,Tom Glavine
1114,Tom Goodwin
282,Tom Gordon
6244,Tom Gorzelanny
1831,Tom Gregorio
6570,Tom Koehler
1043,Tom Lampkin
1219,Tom Martin
5768,Tom Mastny
13499,Tom Murphy
747,Tom Prince
2040,Tom Shearn
9975,Tom Wilhelmsen
1328,Tom Wilson
7227,Tomas De La Rosa
965,Tomas Perez
21281,Tommy Doyle
19470,Tommy Edman
7596,Tommy Everidge
6262,Tommy Field
9129,Tommy Hanson
26285,Tommy Henry
7542,Tommy Hottovy
1157,Tommy Hunter
10349,Tommy Joseph
11384,Tommy Kahnle
12371,Tommy La Stella
7501,Tommy Layne
3789,Tommy Manzella
11147,Tommy Medica
7608,Tommy Milone
3105,Tommy Murphy
19178,Tommy Nance
2967,Tommy Pham
1665,Tommy Phelps
23465,Tommy Romero
33279,Tommy Troy
2465,Tommy Watkins
35107,Tommy White
788,Tomo Ohka
35321,Tomoyuki Sugano
13755,Tomás Nido
10067,Tomás Telis
5053,Tony Abreu
1587,Tony Alvarez
761,Tony Armas
3555,Tony Barnette
124,Tony Batista
2522,Tony Blanco
4964,Tony Campana
12555,Tony Cingrani
182,Tony Clark
1002395,Tony Cogan
2802,Tony Cruz
1003854,Tony Eusebio
1004002,Tony Fernandez
726,Tony Fiore
6270,Tony Giarratano
19388,Tony Gonsolin
235,Tony Graffanino
1005166,Tony Gwynn
6141,Tony Gwynn Jr.
14894,Tony Kemp
1008602,Tony McKnight
1739,Tony Mounce
2240,Tony Pena Jr.
13443,Tony Renda
6178,Tony Sanchez
19926,Tony Santillan
8280,Tony Sipp
1486,Tony Tarasco
1134,Tony Torcato
3132,Tony Watson
11470,Tony Wolters
78,Tony Womack
12876,Tony Zych
731,Torii Hunter
11652,Toru Murata
16929,Touki Toussaint
1002606,Trace Coquillette
30180,Travis Adams
34967,Travis Bazzana
18581,Travis Bergen
3234,Travis Blackley
18395,Travis Blankenhorn
2653,Travis Bowyer
4646,Travis Buck
1840,Travis Chapman
4524,Travis Chick
15958,Travis Demeritte
6155,Travis Denker
134,Travis Driskill
385,Travis Fryman
1573,Travis Hafner
1211,Travis Harper
2045,Travis Hughes
4793,Travis Ishikawa
13768,Travis Jankowski
18600,Travis Lakins
958,Travis Lee
7364,Travis Metcalf
742,Travis Miller
1221,Travis Phelps
3847,Travis Schlichting
11982,Travis Shaw
1522,Travis Smith
2830,Travis Snider
24491,Travis Swaggerty
11935,Travis Taijeron
6748,Travis Tartamella
9884,Travis Wood
7739,Travis d'Arnaud
9952,Trayce Thompson
9875,Trayvon Robinson
16252,Trea Turner
27569,Trei Cruz
1036,Trenidad Hubbard
1805,Trent Durrington
19250,Trent Giambrone
18564,Trent Grisham
3310,Trent Oeltjen
17948,Trent Thornton
19384,Trenton Brooks
19977,Tres Barrera
1672,Trever Miller
12703,Trevor Bauer
7074,Trevor Bell
13895,Trevor Brown
6249,Trevor Cahill
3402,Trevor Crowe
1003775,Trevor Enders
15046,Trevor Gott
17002,Trevor Hildenberger
1035,Trevor Hoffman
18454,Trevor Kelley
21501,Trevor Larnach
31878,Trevor Martin
6398,Trevor May
26448,Trevor McDonald
17722,Trevor Megill
16468,Trevor Oaks
7462,Trevor Plouffe
19309,Trevor Richards
22286,Trevor Rogers
10745,Trevor Rosenthal
19932,Trevor Stephan
12564,Trevor Story
16977,Trevor Williams
18425,Trey Amburgey
21078,Trey Cabbage
33794,Trey Gibson
1608,Trey Hodges
31567,Trey Lipscomb
1614,Trey Lunsford
15149,Trey Mancini
1009130,Trey Moore
29575,Trey Sweeney
17793,Trey Wingenter
35456,Trey Yesavage
1719,Tripp Cromer III
21584,Tristan Beck
19877,Tristan Gray
30063,Tristan Peters
26148,Tristin English
22514,Triston Casas
18000,Triston McKenzie
204,Trot Nixon
1110,Troy Brohawn
4627,Troy Cate
15,Troy Glaus
26143,Troy Johnston
1008252,Troy Mattes
31807,Troy Melton
789,Troy O'Leary
8368,Troy Patton
29,Troy Percival
15570,Troy Scribner
17478,Troy Stokes Jr.
31883,Troy Taylor
3531,Troy Tulowitzki
3646,Trystan Magnuson
28344,Tsung-Che Cheng
11531,Tsuyoshi Nishioka
1132,Tsuyoshi Shinjo
13046,Tsuyoshi Wada
10200,Tucker Barnhart
19871,Tucker Davidson
22871,Tucupita Marcano
5277,Tuffy Gosewisch
7451,Tug Hulett
975,Turk Wendell
1013625,Turner Ward
25651,Ty Adcock
14361,Ty Blach
14719,Ty Buttrey
17982,Ty France
7740,Ty Kelly
30140,Ty Madden
5561,Ty Taubenheim
20177,Ty Tice
1491,Ty Wigginton
17735,Tyler Alexander
12880,Tyler Anderson
11850,Tyler Austin
15203,Tyler Bashlor
16981,Tyler Beede
29949,Tyler Black
27497,Tyler Callihan
4338,Tyler Chatwood
5640,Tyler Clippard
8536,Tyler Cloyd
12723,Tyler Collins
5310,Tyler Colvin
10770,Tyler Cravy
24485,Tyler Cropley
18421,Tyler Cyr
15126,Tyler Danish
34847,Tyler Davis
13758,Tyler Duffey
19481,Tyler Ferguson
26208,Tyler Fitzgerald
9134,Tyler Flowers
22532,Tyler Freeman
27784,Tyler Gentry
17964,Tyler Gilbert
14374,Tyler Glasnow
13180,Tyler Goeddel
6220,Tyler Graham
4675,Tyler Greene
13897,Tyler Heineman
11391,Tyler Holt
26231,Tyler Holton
689,Tyler Houston
20237,Tyler Ivey
17952,Tyler Jay
3404,Tyler Johnson
18297,Tyler Kinley
3211,Tyler Ladendorf
31396,Tyler Locklear
11334,Tyler Lyons
16358,Tyler Mahle
10058,Tyler Matzek
7244,Tyler Moore
13359,Tyler Naquin
17893,Tyler Nevin
15711,Tyler O'Neill
14741,Tyler Olson
26030,Tyler Owens
6777,Tyler Pastornicky
21139,Tyler Payne
20629,Tyler Phillips
12751,Tyler Pill
3223,Tyler Robertson
15541,Tyler Rogers
10807,Tyler Saladino
30081,Tyler Samaniego
31920,Tyler Schweitzer
10190,Tyler Skaggs
12490,Tyler Smith
27467,Tyler Soderstrom
17988,Tyler Stephenson
6780,Tyler Sturdevant
10688,Tyler Thornburg
25779,Tyler Tolbert
29961,Tyler Uberstine
15730,Tyler Wade
13796,Tyler Wagner
901,Tyler Walker
14974,Tyler Webb
20000,Tyler Wells
15564,Tyler White
12691,Tyler Wilson
1527,Tyler Yates
20379,Tyler Zuber
21318,Tylor Megill
3725,Tyrell Godwin
11378,Tyrell Jenkins
11691,Tyron Guerrero
13675,Tyrone Taylor
509,Tyson Brummett
19976,Tyson Miller
7872,Tyson Ross
14678,Tzu-Wei Lin
3374,Ubaldo Jiménez
216,Ugueth Urbina
4851,Val Majewski
23899,Valente Bellozo
1915,Valentino Pascucci
681,Valerio De Los Santos
903,Vance Wilson
6435,Vance Worley
26031,Vaughn Grissom
1326,Vernon Wells
9195,Vic Black
516,Vic Darensbourg
964,Vicente Padilla
1009965,Vicente Palacios
15028,Victor Alcántara
1559,Victor Alvarez
26468,Victor Bericoto
14968,Victor Caratini
3424,Victor Diaz
4036,Victor Garate
16408,Victor González
5158,Victor Marte
393,Victor Martinez
31533,Victor Mederos
25999,Victor Mesa Jr.
15487,Victor Reyes
18363,Victor Robles
446,Victor Santos
31349,Victor Scott II
24614,Victor Vodnik
1237,Victor Zambrano
20536,Vidal Bruján
9674,Vidal Nuño
17684,Vimael Machín
5231,Vin Mazzaro
8126,Vince Belnome
11189,Vince Velasquez
1838,Vinnie Chulk
27676,Vinnie Pasquantino
4782,Vinnie Pestano
25040,Vinny Capra
84,Vinny Castilla
16754,Vinny Nittoli
5202,Vinny Rottino
6124,Virgil Vasquez
778,Vladimir Guerrero
19611,Vladimir Guerrero Jr.
19278,Vladimir Gutierrez
532,Vladimir Nunez
15915,Víctor Arano
7441,Wade Davis
5221,Wade LeBlanc
31490,Wade Meckler
8779,Wade Miley
568,Wade Miller
29357,Walbert Ureña
6580,Waldis Joaquin
19374,Walker Buehler
13804,Walker Lockett
1006637,Wally Joyner
1545,Walt McKeel
1013748,Walt Weiss
27624,Walter Pennington
5157,Walter Silva
2112,Walter Young
23667,Wander Franco
15855,Wander Suero
14295,Wandy Peralta
2586,Wandy Rodriguez
26536,Warming Bernabel
6419,Warner Madrigal
1424,Warren Morris
13211,Warwick Saupold
1011754,Wascar Serrano
557,Wayne Franklin
191,Wayne Gomes
14636,Webster Rivas
17508,Wei-Chieh Huang
14382,Wei-Chung Wang
13071,Wei-Yin Chen
3256,Welington Castillo
29318,Welinton Herrera
22857,Wenceel Pérez
477,Wendell Magee
4661,Wes Bankston
19243,Wes Benjamin
94,Wes Helms
6236,Wes Littleton
1637,Wes Obermueller
14764,Wes Parsons
8023,Wes Whisler
5960,Wesley Wright
19358,Weston Wilson
11281,Whit Merrifield
26641,Wikelman González
1033,Wiki Gonzalez
770,Wil Cordero
19800,Wil Crowe
10047,Wil Myers
1556,Wil Nieves
28901,Wilber Dotel
7655,Wilfredo Boscan
1669,Wilfredo Ledezma
1011117,Wilfredo Rodriguez
10416,Wilfredo Tovar
8002,Wilin Rosario
5124,Wilkin Castillo
5219,Wilkin Ramirez
23988,Wilkin Ramos
1622,Wilkin Ruan
8801,Wilking Rodríguez
23790,Will Banfield
21853,Will Benson
25660,Will Brennan
1002318,Will Clark
19267,Will Craig
274,Will Cunnane
30061,Will Dion
3192,Will Harris
27787,Will Klein
7002,Will Middlebrooks
296,Will Ohman
9802,Will Rhymes
25467,Will Robertson
19197,Will Smith
8048,Will Smith
211,Will Venable
19769,Will Vest
29634,Will Wagner
30182,Will Warren
25434,Will Wilson
17338,Willi Castro
2152,William Bergolla
20503,William Contreras
13331,William Cuevas
31615,William Kempner
25075,William Woods
14338,Williams Jerez
11592,Williams Pérez
15608,Willians Astudillo
1434,Willie Banks
1001033,Willie Blair
1066,Willie Bloomquist
17838,Willie Calhoun
3503,Willie Collazo
2078,Willie Eyre
1005015,Willie Greene
236,Willie Harris
24641,Willie MacIver
1008203,Willie Martinez
1009141,Willie Morales
167,Willis Roberts
11609,Willson Contreras
15986,Willy Adames
2192,Willy Aybar
12956,Willy García
1876,Willy Taveras
14320,Wilmer Difo
5827,Wilmer Flores
5257,Wilmer Font
1193,Wilson Alvarez
1861,Wilson Betemit
1150,Wilson Delgado
1433,Wilson Ramos
1863,Wilson Valdez
1378,Wilton Guerrero
4227,Wilton Lopez
1013405,Wilton Veras
344,Wily Mo Peña
7738,Wily Peralta
23772,Wilyer Abreu
582,Winston Abreu
28489,Winston Santos
3131,Wladimir Balentien
33827,Woo-Suk Go
1190,Woody Williams
33333,Wyatt Langford
14555,Wyatt Mathisen
20010,Wyatt Mills
7471,Wyatt Toregas
13408,Wynton Bernard
12161,Xander Bogaerts
8471,Xavier Avery
36,Xavier Cedeño
22266,Xavier Edwards
1658,Xavier Nady
5963,Xavier Paul
7409,Xavier Scruggs
25595,Xzavion Curry
15007,Yacksel Ríos
19334,Yadiel Hernandez
11863,Yadiel Rivera
7007,Yadier Molina
23003,Yainer Diaz
16313,Yairo Muñoz
5665,Yamaico Navarro
2006,Yamid Haad
9627,Yan Gomes
16578,Yandy Díaz
5352,Yangervis Solarte
28552,Yanquiel Fernández
25215,Yaramil Hiraldo
33838,Yariel Rodríguez
14225,Yasiel Puig
11368,Yasmani Grandal
17171,Yasmany Tomás
3277,Yasuhiko Yabuta
12090,Yefri Pérez
15655,Yefry Ramírez
15068,Yency Almonte
25911,Yennier Cano
20218,Yennsy Díaz
17423,Yermín Mercedes
21420,Yerry De los Santos
21955,Yerry Rodríguez
2150,Yhency Brazoban
11166,Yhonathan Barrios
29271,Yilber Díaz
12095,Yimi García
17181,Yoan López
2576,Yoel Hernandez
22872,Yoendrys Gómez
13110,Yoenis Cespedes
10498,Yoervis Medina
5057,Yohan Flande
6955,Yohan Pino
19444,Yohan Ramírez
14391,Yohander Méndez
1013332,Yohanny Valera
18848,Yohel Pozo
26664,Yohendrick Piñango
11602,Yolmer Sánchez
15794,Yonathan Daza
2530,Yonder Alonso
16401,Yonny Chirinos
19432,Yonny Hernández
19556,Yordan Alvarez
11855,Yordano Ventura
1513,Yorkis Perez
3143,Yorman Bazardo
9922,Yorman Rodriguez
1135,Yorvit Torrealba
27459,Yoshi Tsutsugo
19756,Yoshihisa Hirano
33825,Yoshinobu Yamamoto
11651,Yoshinori Tateyama
7759,Yoslan Herrera
27765,Yosver Zulueta
8173,Yovani Gallardo
22622,Yovanny Cruz
1007342,Yovanny Lara
17232,Yoán Moncada
14773,Yu Chang
13074,Yu Darvish
33826,Yuki Matsui
19198,Yuli Gurriel
4191,Yunel Escobar
11420,Yunesky Maya
8585,Yuniesky Betancourt
14416,Yunior Marte
33026,Yunior Tur
2329,Yurendell Decaster
20633,Yusei Kikuchi
4020,Yusmeiro Petit
18905,Yusniel Díaz
16684,Zac Curtis
19291,Zac Gallen
18256,Zac Grotz
27585,Zac Kristofak
20243,Zac Lowther
15285,Zac Reininger
9419,Zac Rosscup
27770,Zac Veen
31552,Zach Agnos
4553,Zach Braddock
27783,Zach Brzykcy
9189,Zach Clark
31583,Zach Cole
13183,Zach Davies
1496,Zach Day
27471,Zach DeLoach
31562,Zach Dezenzo
3840,Zach Duke
13774,Zach Eflin
14973,Zach Green
19493,Zach Jackson
8356,Zach Jackson
4383,Zach Kroenke
11468,Zach Lee
20231,Zach Logue
3735,Zach Lutz
31610,Zach Maxwell
2895,Zach McAllister
27666,Zach McCambley
2965,Zach McClellan
19392,Zach McKinstry
3193,Zach Miner
20209,Zach Muckenhirn
11294,Zach Neal
31347,Zach Neto
25368,Zach Penrod
99,Zach Phillips
19979,Zach Plesac
20185,Zach Pop
9080,Zach Putnam
19667,Zach Reks
19788,Zach Remillard
1728,Zach Sorensen
7397,Zach Stewart
16094,Zach Thompson
33891,Zach Thornton
13269,Zach Vincej
10622,Zach Walters
3240,Zack Britton
19159,Zack Burdi
19181,Zack Collins
2616,Zack Cozart
29766,Zack Gelof
14862,Zack Godley
15343,Zack Granite
1943,Zack Greinke
20349,Zack Kelly
15823,Zack Littell
8742,Zack Segovia
19562,Zack Short
25918,Zack Thompson
15444,Zack Weiss
10310,Zack Wheeler
25703,Zak Kent
31827,Zebby Matthews
3873,Zeke Spruill
8822,Zelous Wheeler
6732,Zoilo Almonte
520,Álex González
2918,Ángel Pagán
13490,Óscar Hernández
16375,Óscar Mercado
