Player Name,Franchise, Acq. Date , Drop Date , Contract Type , Salary ,Contract Length,Contract Starts,Contract Ends, 2024 Salary Hit , 2025 Salary Hit , 2026 Salary Hit , 2027 Salary Hit , 2028 Salary Hit , 2029 Salary Hit , 2030 Salary Hit 
Bobby Witt Jr.,Ben Brody & Aaron,1/27/24,, FA Contract ,"$35,700,000",5,2024,2028," $ 35,700,000 "," $ 35,700,000 "," $ 35,700,000 "," $ 35,700,000 "," $ 35,700,000 ",  ,  
Zach Neto,Ben Brody & Aaron,2/13/26,, FA Contract ,"$26,100,000",8,2026,2033,  ,  ," $ 26,100,000 "," $ 26,100,000 "," $ 26,100,000 "," $ 26,100,000 "," $ 26,100,000 "
Maikel Garcia,Ben Brody & Aaron,2/2/26,, FA Contract ,"$17,500,000",5,2026,2030,  ,  ," $ 17,500,000 "," $ 17,500,000 "," $ 17,500,000 "," $ 17,500,000 "," $ 17,500,000 "
Joe Ryan,Ben Brody & Aaron,2/4/26,, FA Contract ,"$16,600,000",5,2026,2030,  ,  ," $ 16,600,000 "," $ 16,600,000 "," $ 16,600,000 "," $ 16,600,000 "," $ 16,600,000 "
Seiya Suzuki,Ben Brody & Aaron,1/28/26,, FA Contract ,"$16,000,000",4,2026,2029,  ,  ," $ 16,000,000 "," $ 16,000,000 "," $ 16,000,000 "," $ 16,000,000 ",  
Kyle Bradish,Ben Brody & Aaron,2/13/26,, FA Contract ,"$14,100,000",5,2026,2030,  ,  ," $ 14,100,000 "," $ 14,100,000 "," $ 14,100,000 "," $ 14,100,000 "," $ 14,100,000 "
Nick Lodolo,Ben Brody & Aaron,2/12/26,, FA Contract ,"$14,000,000",5,2026,2030,  ,  ," $ 14,000,000 "," $ 14,000,000 "," $ 14,000,000 "," $ 14,000,000 "," $ 14,000,000 "
Michael King,Ben Brody & Aaron,2/5/26,, FA Contract ,"$11,500,000",4,2026,2029,  ,  ," $ 11,500,000 "," $ 11,500,000 "," $ 11,500,000 "," $ 11,500,000 ",  
Jonathan Aranda,Ben Brody & Aaron,2/6/26,, FA Contract ,"$10,300,000",4,2026,2029,  ,  ," $ 10,300,000 "," $ 10,300,000 "," $ 10,300,000 "," $ 10,300,000 ",  
David Bednar,Ben Brody & Aaron,1/29/26,, FA Contract ,"$10,000,000", $ 4 ,2026,2029,  ,  ," $ 10,000,000 "," $ 10,000,000 "," $ 10,000,000 "," $ 10,000,000 ",  
Yandy Diaz,Ben Brody & Aaron,2/5/26,, FA Contract ,"$8,800,000", $ 3 ,2026,2028,  ,  ," $ 8,800,000 "," $ 8,800,000 "," $ 8,800,000 ",  ,  
Spencer Torkelson,Ben Brody & Aaron,2/6/26,, FA Contract ,"$8,500,000",3,2026,2028,  ,  ," $ 8,500,000 "," $ 8,500,000 "," $ 8,500,000 ",  ,  
Josh Hader,Ben Brody & Aaron,2/15/26,, FA Contract ,"$8,000,000", $ 4 ,2026,2029,  ,  ," $ 8,000,000 "," $ 8,000,000 "," $ 8,000,000 "," $ 8,000,000 ",  
Cody Bellinger,Ben Brody & Aaron,1/27/24,, FA Contract ,"$7,800,000",5,2024,2028," $ 7,800,000 "," $ 7,800,000 "," $ 7,800,000 "," $ 7,800,000 "," $ 7,800,000 ",  ,  
Daulton Varsho,Ben Brody & Aaron,2/4/26,, FA Contract ,"$6,300,000",3,2026,2028,  ,  ," $ 6,300,000 "," $ 6,300,000 "," $ 6,300,000 ",  ,  
Salvador Perez,Ben Brody & Aaron,2/6/26,, FA Contract ,"$5,600,000",2,2026,2027,  ,  ," $ 5,600,000 "," $ 5,600,000 ",  ,  ,  
Ryan Walker,Ben Brody & Aaron,2/22/26,, FA Contract ,"$5,200,000", $ 2 ,2026,2027,  ,  ," $ 5,200,000 "," $ 5,200,000 ",  ,  ,  
Connelly Early,Ben Brody & Aaron,2/25/26,, FA Contract ,"$5,000,000", $ 2 ,2026,2027,  ,  ," $ 5,000,000 "," $ 5,000,000 ",  ,  ,  
Emilio Pagan,Ben Brody & Aaron,2/25/26,, FA Contract ,"$5,000,000",1,2026,2026,  ,  ," $ 5,000,000 ",  ,  ,  ,  
Kris Bubic,Ben Brody & Aaron,2/25/26,, FA Contract ,"$5,000,000", $ 2 ,2026,2027,  ,  ," $ 5,000,000 "," $ 5,000,000 ",  ,  ,  
Ozzie Albies,Ben Brody & Aaron,2/25/26,, FA Contract ,"$5,000,000",2,2026,2027,  ,  ," $ 5,000,000 "," $ 5,000,000 ",  ,  ,  
Ryne Nelson,Ben Brody & Aaron,2/25/26,, FA Contract ,"$5,000,000",1,2026,2026,  ,  ," $ 5,000,000 ",  ,  ,  ,  
Bailey Ober,Ben Brody & Aaron,2/25/26,, FA Contract ,"$4,000,000",2,2026,2027,  ,  ," $ 4,000,000 "," $ 4,000,000 ",  ,  ,  
Jason Adam,Ben Brody & Aaron,2/25/26,, FA Contract ,"$4,000,000",2,2026,2027,  ,  ," $ 4,000,000 "," $ 4,000,000 ",  ,  ,  
Ryan Weathers,Ben Brody & Aaron,3/5/25,, FA Contract ,"$4,000,000", $ 2 ,2025,2026,  ," $ 4,000,000 "," $ 4,000,000 ",  ,  ,  ,  
Tony Santillan,Ben Brody & Aaron,2/25/26,, FA Contract ,"$4,000,000",2,2026,2027,  ,  ," $ 4,000,000 "," $ 4,000,000 ",  ,  ,  
Luke Weaver,Ben Brody & Aaron,2/25/26,, FA Contract ,"$3,000,000", $ 2 ,2026,2027,  ,  ," $ 3,000,000 "," $ 3,000,000 ",  ,  ,  
Evan Carter ,Ben Brody & Aaron,2/21/24,, YP Contract ,YP, YP ,2024,2026," $ 500,000 "," $ 1,000,000 "," $ 1,500,000 ",  ,  ,  ,  
James Wood ,Ben Brody & Aaron,2/21/24,, YP Contract ,YP,YP,2024,2026," $ 500,000 "," $ 1,000,000 "," $ 1,500,000 ",  ,  ,  ,  
Joe Boyle,Ben Brody & Aaron,2/28/24,, YP Contract ,YP, YP ,2024,2026," $ 500,000 "," $ 1,000,000 "," $ 1,500,000 ",  ,  ,  ,  
Masyn Winn,Ben Brody & Aaron,2/21/24,, YP Contract ,YP,YP,2024,2026," $ 500,000 "," $ 1,000,000 "," $ 1,500,000 ",  ,  ,  ,  
Max Meyer,Ben Brody & Aaron,2/21/24,, YP Contract ,YP, YP ,2024,2026," $ 500,000 "," $ 1,000,000 "," $ 1,500,000 ",  ,  ,  ,  
Cam Smith,Ben Brody & Aaron,1/30/25,, YP Contract ,YP,YP,2025,2027,  ," $ 500,000 "," $ 1,000,000 "," $ 1,500,000 ",  ,  ,  
Jacob Misiorowski,Ben Brody & Aaron,2/21/24,, YP Contract ,YP,YP,2025,2027,  ," $ 500,000 "," $ 1,000,000 "," $ 1,500,000 ",  ,  ,  
Jonah Tong,Ben Brody & Aaron,5/5/24,, YP Contract ,YP, YP ,2026,2028,  ,  ," $ 500,000 "," $ 1,000,000 "," $ 1,500,000 ",  ,  
Kevin Alcantara,,2/21/24,2/25/26,,,,,,  ,  ,  ,  ,  ,  ,  
A.J. Ewing,Ben Brody & Aaron,2/3/26,, Minors ,YP,YP,,, $ -   , $ -   , $ -   , $ -   , $ -   , $ -   , $ -   
Caden Scarborough,Ben Brody & Aaron,2/3/26,, Minors ,YP,YP,,, $ -   , $ -   , $ -   , $ -   , $ -   , $ -   , $ -   
Demetrio Crisantes,Ben Brody & Aaron,2/13/26,, Minors ,YP,YP,,, $ -   , $ -   , $ -   , $ -   , $ -   , $ -   , $ -   
Emil Morales,Ben Brody & Aaron,2/7/25,, Minors ,YP,YP,,, $ -   , $ -   , $ -   , $ -   , $ -   , $ -   , $ -   
Felix Bautista,Ben Brody & Aaron,2/13/25,, Injured ,"$3,700,000",2,2025,2026, FALSE , FALSE , $ -   ,  ,  ,  ,  
Joe Mack,Ben Brody & Aaron,2/8/26,, Minors ,YP,YP,,, $ -   , $ -   , $ -   , $ -   , $ -   , $ -   , $ -   
Joshua Baez,Ben Brody & Aaron,2/12/26,, Minors ,YP, YP ,,, $ -   , $ -   , $ -   , $ -   , $ -   , $ -   , $ -   
Justin Gonzales,Ben Brody & Aaron,2/18/26,, Minors ,YP,YP,,, $ -   , $ -   , $ -   , $ -   , $ -   , $ -   , $ -   
Michael Forret,Ben Brody & Aaron,2/16/26,, Minors ,YP, YP ,,, $ -   , $ -   , $ -   , $ -   , $ -   , $ -   , $ -   
Ralphy Velazquez,Ben Brody & Aaron,2/2/26,, Minors ,YP,YP,,, $ -   , $ -   , $ -   , $ -   , $ -   , $ -   , $ -   
Ryan Clifford,Ben Brody & Aaron,2/21/24,, Minors ,YP,YP,,, $ -   , $ -   , $ -   , $ -   , $ -   , $ -   , $ -   
Ryan Sloan,Ben Brody & Aaron,2/9/26,, Minors ,YP,YP,,, $ -   , $ -   , $ -   , $ -   , $ -   , $ -   , $ -   
Ryan Waldschmidt,Ben Brody & Aaron,1/27/26,, Minors ,YP,YP,,, $ -   , $ -   , $ -   , $ -   , $ -   , $ -   , $ -   
Theo Gillen,Ben Brody & Aaron,2/3/26,, Minors ,YP,YP,,, $ -   , $ -   , $ -   , $ -   , $ -   , $ -   , $ -   
TJ Nichols,Ben Brody & Aaron,2/9/26,, Minors ,YP, YP ,,, $ -   , $ -   , $ -   , $ -   , $ -   , $ -   , $ -   
Tyson Lewis,Ben Brody & Aaron,2/6/26,, Minors ,YP, YP ,,, $ -   , $ -   , $ -   , $ -   , $ -   , $ -   , $ -   
Yoshinobu Yamamoto,Brenden Freedman,1/27/24,, FA Contract ,"$23,800,000",4,2024,2027," $ 23,800,000 "," $ 23,800,000 "," $ 23,800,000 "," $ 23,800,000 ",  ,  ,  
Jose Ramirez,Brenden Freedman,1/27/24,, FA Contract ,"$20,000,000",4,2024,2027," $ 20,000,000 "," $ 20,000,000 "," $ 20,000,000 "," $ 20,000,000 ",  ,  ,  
Robert Suarez,Brenden Freedman,1/29/26,, FA Contract ,"$14,000,000",4,2026,2029,  ,  ," $ 14,000,000 "," $ 14,000,000 "," $ 14,000,000 "," $ 14,000,000 ",  
Drake Baldwin,Brenden Freedman,2/4/26,, FA Contract ,"$12,000,000",4,2026,2029,  ,  ," $ 12,000,000 "," $ 12,000,000 "," $ 12,000,000 "," $ 12,000,000 ",  
Edward Cabrera,Brenden Freedman,2/5/26,, FA Contract ,"$12,000,000",4,2026,2029,  ,  ," $ 12,000,000 "," $ 12,000,000 "," $ 12,000,000 "," $ 12,000,000 ",  
Adrian Morejon,Brenden Freedman,1/29/26,, FA Contract ,"$10,000,000", $ 4 ,2026,2029,  ,  ," $ 10,000,000 "," $ 10,000,000 "," $ 10,000,000 "," $ 10,000,000 ",  
Kazuma Okamoto,Brenden Freedman,1/30/26,, FA Contract ,"$10,000,000", $ 4 ,2026,2029,  ,  ," $ 10,000,000 "," $ 10,000,000 "," $ 10,000,000 "," $ 10,000,000 ",  
Cade Smith,Brenden Freedman,2/3/25,, FA Contract ,"$6,000,000",3,2025,2027,  ," $ 6,000,000 "," $ 6,000,000 "," $ 6,000,000 ",  ,  ,  
Ernie Clement,Brenden Freedman,2/11/26,, FA Contract ,"$6,000,000", $ 3 ,2026,2028,  ,  ," $ 6,000,000 "," $ 6,000,000 "," $ 6,000,000 ",  ,  
Matt Strahm,Brenden Freedman,1/29/26,, FA Contract ,"$6,000,000",3,2026,2028,  ,  ," $ 6,000,000 "," $ 6,000,000 "," $ 6,000,000 ",  ,  
Taylor Ward,Brenden Freedman,2/11/26,, FA Contract ,"$6,000,000",3,2026,2028,  ,  ," $ 6,000,000 "," $ 6,000,000 "," $ 6,000,000 ",  ,  
George Springer,Brenden Freedman,1/27/24,, FA Contract ,"$5,100,000", $ 3 ,2024,2026," $ 5,100,000 "," $ 5,100,000 "," $ 5,100,000 ",  ,  ,  ,  
Adolis Garcia,Brenden Freedman,2/25/26,, FA Contract ,"$5,000,000",2,2026,2027,  ,  ," $ 5,000,000 "," $ 5,000,000 ",  ,  ,  
Jake Burger ,Brenden Freedman,2/25/26,, FA Contract ,"$5,000,000",2,2026,2027,  ,  ," $ 5,000,000 "," $ 5,000,000 ",  ,  ,  
Jose Berrios,Brenden Freedman,2/25/26,, FA Contract ,"$5,000,000",2,2026,2027,  ,  ," $ 5,000,000 "," $ 5,000,000 ",  ,  ,  
Ronel Blanco,Brenden Freedman,3/5/25,, FA Contract ,"$5,000,000", $ 2 ,2025,2026,  ," $ 5,000,000 "," $ 5,000,000 ",  ,  ,  ,  
Dansby Swanson,Brenden Freedman,1/27/24,, FA Contract ,"$4,600,000", $ 3 ,2024,2026," $ 4,600,000 "," $ 4,600,000 "," $ 4,600,000 ",  ,  ,  ,  
Andres Gimenez,Brenden Freedman,2/25/26,, FA Contract ,"$4,000,000",2,2026,2027,  ,  ," $ 4,000,000 "," $ 4,000,000 ",  ,  ,  
Luis Gil,Brenden Freedman,2/25/26,, FA Contract ,"$4,000,000",2,2026,2027,  ,  ," $ 4,000,000 "," $ 4,000,000 ",  ,  ,  
Marcell Ozuna,Brenden Freedman,2/25/26,, FA Contract ,"$4,000,000",2,2026,2027,  ,  ," $ 4,000,000 "," $ 4,000,000 ",  ,  ,  
Reese Olson,Brenden Freedman,2/5/26,, FA Contract ,"$3,000,000",1,2026,2026,  ,  ," $ 3,000,000 ",  ,  ,  ,  
Ryan Mountcastle,Brenden Freedman,2/25/26,, FA Contract ,"$3,000,000",2,2026,2027,  ,  ," $ 3,000,000 "," $ 3,000,000 ",  ,  ,  
Triston McKenzie,Brenden Freedman,2/25,, FA Contract ,"$3,000,000", $ 2 ,2026,2027,  ,  ," $ 3,000,000 "," $ 3,000,000 ",  ,  ,  
Gavin Stone,Brenden Freedman,2/24/24,, YP Contract ,YP, YP ,2024,2026," $ 500,000 "," $ 1,000,000 "," $ 1,500,000 ",  ,  ,  ,  
Jackson Holliday,Brenden Freedman,2/21/24,, YP Contract ,YP,YP,2024,2026," $ 500,000 "," $ 1,000,000 "," $ 1,500,000 ",  ,  ,  ,  
Chase Burns,Brenden Freedman,1/27/25,, YP Contract ,YP, YP ,2025,2027,  ," $ 500,000 "," $ 1,000,000 "," $ 1,500,000 ",  ,  ,  
Colby Thomas,Brenden Freedman,2/10/25,, YP Contract ,YP,YP,2025,2027,  ," $ 500,000 "," $ 1,000,000 "," $ 1,500,000 ",  ,  ,  
Dalton Rushing,Brenden Freedman,2/21/24,, YP Contract ,YP,YP,2025,2027,  ," $ 500,000 "," $ 1,000,000 "," $ 1,500,000 ",  ,  ,  
Dylan Crews,Brenden Freedman,2/21/24,, YP Contract ,YP, YP ,2025,2027,  ," $ 500,000 "," $ 1,000,000 "," $ 1,500,000 ",  ,  ,  
Jace Jung,Brenden Freedman,2/21/24,, YP Contract ,YP,YP,2025,2027,  ," $ 500,000 "," $ 1,000,000 "," $ 1,500,000 ",  ,  ,  
Griffin Canning,Brenden Freedman,2/25/26,, FA Contract ,"$500,000",1,2026,2026,  ,  ," $ 500,000 ",  ,  ,  ,  
JP Sears,Brenden Freedman,2/25/26,, FA Contract ,"$500,000",1,2026,2026,  ,  ," $ 500,000 ",  ,  ,  ,  
Landon Knack,Brenden Freedman,2/25/26,, FA Contract ,"$500,000",1,2026,2026,  ,  ," $ 500,000 ",  ,  ,  ,  
Trey Yesavage,Brenden Freedman,2/1/25,, YP Contract ,YP,YP,2026,2028,  ,  ," $ 500,000 "," $ 1,000,000 "," $ 1,500,000 ",  ,  
Yusei Kikuchi,Brenden Freedman,2/25/26,, FA Contract ,"$500,000",1,2026,2026,  ,  ," $ 500,000 ",  ,  ,  ,  
Zac Veen,Brenden Freedman,2/19/26,, YP Contract ,YP, YP ,2026,2028,  ,  ," $ 500,000 "," $ 1,000,000 "," $ 1,500,000 ",  ,  
Zach McKinstry,Brenden Freedman,2/25/26,, FA Contract ,"$500,000",1,2026,2026,  ,  ," $ 500,000 ",  ,  ,  ,  
Anthony Solomento,Brenden Freedman,2/21/24,, Minors ,YP,YP,,, $ -   , $ -   , $ -   , $ -   , $ -   , $ -   , $ -   
Arjun Nimmala,Brenden Freedman,3/3/24,, Minors ,YP, YP ,,, $ -   , $ -   , $ -   , $ -   , $ -   , $ -   , $ -   
Blake Mitchell,Brenden Freedman,2/24/24,, Minors ,YP, YP ,,, $ -   , $ -   , $ -   , $ -   , $ -   , $ -   , $ -   
Brock Porter ,Brenden Freedman,2/21/24,, Minors ,YP,YP,,, $ -   , $ -   , $ -   , $ -   , $ -   , $ -   , $ -   
Druw Jones,Brenden Freedman,7/22/24,, Minors ,YP,YP,,, $ -   , $ -   , $ -   , $ -   , $ -   , $ -   , $ -   
Ethan Holliday,Brenden Freedman,1/27/26,, Minors ,YP,YP,,, $ -   , $ -   , $ -   , $ -   , $ -   , $ -   , $ -   
Jamie Arnold,Brenden Freedman,1/29/26,, Minors ,YP,YP,,, $ -   , $ -   , $ -   , $ -   , $ -   , $ -   , $ -   
Johnny King,Brenden Freedman,1/31/26,, Minors ,YP,YP,,, $ -   , $ -   , $ -   , $ -   , $ -   , $ -   , $ -   
Josue Briceno,Brenden Freedman,2/28/24,, Minors ,YP, YP ,,, $ -   , $ -   , $ -   , $ -   , $ -   , $ -   , $ -   
Max Anderson,Brenden Freedman,2/3/26,, Minors ,YP,YP,,, $ -   , $ -   , $ -   , $ -   , $ -   , $ -   , $ -   
Max Clark,Brenden Freedman,2/21/24,, Minors ,YP,YP,,, $ -   , $ -   , $ -   , $ -   , $ -   , $ -   , $ -   
Ricky Tiedemann,Brenden Freedman,2/21/24,, Minors ,YP,YP,,, $ -   , $ -   , $ -   , $ -   , $ -   , $ -   , $ -   
Thomas White,Brenden Freedman,3/7/24,, Minors ,YP,YP,,, $ -   , $ -   , $ -   , $ -   , $ -   , $ -   , $ -   
Tink Hence,Brenden Freedman,2/21/24,, Minors ,YP,YP,,, $ -   , $ -   , $ -   , $ -   , $ -   , $ -   , $ -   
Tommy Troy,Brenden Freedman,8/14/25,, Minors ,YP, YP ,,, $ -   , $ -   , $ -   , $ -   , $ -   , $ -   , $ -   
Yordan Alvarez,Brian Frederick,1/27/24,, FA Contract ,"$32,400,000",5,2024,2028," $ 32,400,000 "," $ 32,400,000 "," $ 32,400,000 "," $ 32,400,000 "," $ 32,400,000 ",  ,  
Mookie Betts,Brian Frederick,1/27/24,, FA Contract ,"$30,000,000",3,2024,2026," $ 30,000,000 "," $ 30,000,000 "," $ 30,000,000 ",  ,  ,  ,  
Luis Castillo,Brian Frederick,1/26/26,, FA Contract ,"$16,000,000",3,2026,2028,  ,  ," $ 16,000,000 "," $ 16,000,000 "," $ 16,000,000 ",  ,  
Tyler Glasnow,Brian Frederick,1/27/26,, FA Contract ,"$15,000,000",3,2026,2028,  ,  ," $ 15,000,000 "," $ 15,000,000 "," $ 15,000,000 ",  ,  
Nathan Eovaldi,Brian Frederick,2/5/26,, FA Contract ,"$14,000,000",4,2026,2029,  ,  ," $ 14,000,000 "," $ 14,000,000 "," $ 14,000,000 "," $ 14,000,000 ",  
Logan Webb,Brian Frederick,1/30/25,, FA Contract ,"$12,000,000",4,2025,2028,  ," $ 12,000,000 "," $ 12,000,000 "," $ 12,000,000 "," $ 12,000,000 ",  ,  
Mike Trout,Brian Frederick,1/30/26,, FA Contract ,"$12,000,000",3,2026,2028,  ,  ," $ 12,000,000 "," $ 12,000,000 "," $ 12,000,000 ",  ,  
Matt Chapman,Brian Frederick,2/9/26,, FA Contract ,"$11,000,000",3,2026,2028,  ,  ," $ 11,000,000 "," $ 11,000,000 "," $ 11,000,000 ",  ,  
Chris Bassitt,Brian Frederick,3/5/25,, FA Contract ,"$5,000,000",2,2025,2026,  ," $ 5,000,000 "," $ 5,000,000 ",  ,  ,  ,  
Nick Castellanos,Brian Frederick,2/25/26,, FA Contract ,"$5,000,000",1,2026,2026,  ,  ," $ 5,000,000 ",  ,  ,  ,  
Alex Vesia,Brian Frederick,2/25/26,, FA Contract ,"$4,000,000", $ 2 ,2026,2027,  ,  ," $ 4,000,000 "," $ 4,000,000 ",  ,  ,  
J.P. Crawford,Brian Frederick,2/25/26,, FA Contract ,"$4,000,000", $ 2 ,2026,2027,  ,  ," $ 4,000,000 "," $ 4,000,000 ",  ,  ,  
Trevor Larnach,Brian Frederick,2/25/26,, FA Contract ,"$4,000,000",2,2026,2027,  ,  ," $ 4,000,000 "," $ 4,000,000 ",  ,  ,  
Blake Treinen,Brian Frederick,3/5/25,, FA Contract ,"$3,000,000",2,2025,2026,  ," $ 3,000,000 "," $ 3,000,000 ",  ,  ,  ,  
Connor Norby,Brian Frederick,7/25/25,, FA Contract ,"$3,000,000", $ 2 ,2025,2026,  ," $ 3,000,000 "," $ 3,000,000 ",  ,  ,  ,  
Lenyn Sosa,Brian Frederick,2/25/26,, FA Contract ,"$2,500,000",1,2026,2026,  ,  ," $ 2,500,000 ",  ,  ,  ,  
Ryan Jeffers,Brian Frederick,2/25/26,, FA Contract ,"$2,500,000",1,2026,2026,  ,  ," $ 2,500,000 ",  ,  ,  ,  
Max Muncy,Brian Frederick,2/12/26,, FA Contract ,"$2,200,000",1,2026,2026,  ,  ," $ 2,200,000 ",  ,  ,  ,  
Colt Keith ,Brian Frederick,2/21/24,, YP Contract ,YP,YP,2024,2026," $ 500,000 "," $ 1,000,000 "," $ 1,500,000 ",  ,  ,  ,  
Colton Cowser,Brian Frederick,2/21/24,, YP Contract ,YP,YP,2024,2026," $ 500,000 "," $ 1,000,000 "," $ 1,500,000 ",  ,  ,  ,  
D.L. Hall,Brian Frederick,2/21/24,, YP Contract ,YP,YP,2024,2026," $ 500,000 "," $ 1,000,000 "," $ 1,500,000 ",  ,  ,  ,  
Jared Koenig,Brian Frederick,2/25/26,, FA Contract ,"$1,500,000",1,2026,2026,  ,  ," $ 1,500,000 ",  ,  ,  ,  
Joey Ortiz,Brian Frederick,2/21/24,, YP Contract ,YP,YP,2024,2026," $ 500,000 "," $ 1,000,000 "," $ 1,500,000 ",  ,  ,  ,  
Jose Ferrer,Brian Frederick,2/25/26,, FA Contract ,"$1,500,000",1,2026,2026,  ,  ," $ 1,500,000 ",  ,  ,  ,  
Tyler Holton,Brian Frederick,2/25/26,, FA Contract ,"$1,500,000",1,2026,2026,  ,  ," $ 1,500,000 ",  ,  ,  ,  
Roman Anthony ,Brian Frederick,2/21/24,, YP Contract ,YP,YP,2025,2027,  ," $ 500,000 "," $ 1,000,000 "," $ 1,500,000 ",  ,  ,  
Ronny Mauricio,Brian Frederick,2/21/24,, YP Contract ,YP,YP,2025,2027,  ," $ 500,000 "," $ 1,000,000 "," $ 1,500,000 ",  ,  ,  
Tyler Mahle,Brian Frederick,2/25/26,, FA Contract ,"$1,000,000",1,2026,2026,  ,  ," $ 1,000,000 ",  ,  ,  ,  
Carson Willaims ,Brian Frederick,2/21/24,, YP Contract ,YP,YP,2026,2028,  ,  ," $ 500,000 "," $ 1,000,000 "," $ 1,500,000 ",  ,  
Ben Hess,Brian Frederick,2/6/25,, Minors ,YP, YP ,,, $ -   , $ -   , $ -   , $ -   , $ -   , $ -   , $ -   
Billy Carlson,Brian Frederick,1/29/26,, Minors ,YP,YP,,, $ -   , $ -   , $ -   , $ -   , $ -   , $ -   , $ -   
Dominic Fritton,Brian Frederick,2/18/26,, Minors ,YP, YP ,,, $ -   , $ -   , $ -   , $ -   , $ -   , $ -   , $ -   
Kevin Parada,Brian Frederick,2/22/24,, Minors ,YP, YP ,,, $ -   , $ -   , $ -   , $ -   , $ -   , $ -   , $ -   
Nick Becker,Brian Frederick,2/17/26,, Minors ,YP, YP ,,, $ -   , $ -   , $ -   , $ -   , $ -   , $ -   , $ -   
Quentin Young,Brian Frederick,2/13/26,, Minors ,YP,YP,,, $ -   , $ -   , $ -   , $ -   , $ -   , $ -   , $ -   
Ryan Mitchell,Brian Frederick,2/9/26,, Minors ,YP,YP,,, $ -   , $ -   , $ -   , $ -   , $ -   , $ -   , $ -   
Travis Bazzana,Brian Frederick,1/28/25,, Minors ,YP, YP ,,, $ -   , $ -   , $ -   , $ -   , $ -   , $ -   , $ -   
Tyler Bremner,Brian Frederick,1/27/26,, Minors ,YP,YP,,, $ -   , $ -   , $ -   , $ -   , $ -   , $ -   , $ -   
Xavier Neyens,Brian Frederick,2/1/26,, Minors ,YP, YP ,,, $ -   , $ -   , $ -   , $ -   , $ -   , $ -   , $ -   
Zachary Root,Brian Frederick,2/3/26,, Minors ,YP,YP,,, $ -   , $ -   , $ -   , $ -   , $ -   , $ -   , $ -   
Julio Rodriguez,Colin Wilson & Greg Holmes,1/6/26,, FA Contract ,"$39,720,000",5,2024,2028," $ 39,720,000 "," $ 39,720,000 "," $ 39,720,000 "," $ 39,720,000 "," $ 39,720,000 ",  ,  
Corbin Carroll,Colin Wilson & Greg Holmes,1/6/26,, FA Contract ,"$33,000,000", $ 5 ,2024,2028," $ 33,000,000 "," $ 33,000,000 "," $ 33,000,000 "," $ 33,000,000 "," $ 33,000,000 ",  ,  
Freddie Freeman,Colin Wilson & Greg Holmes,1/6/26,, FA Contract ,"$29,520,000", $ 5 ,2024,2028," $ 29,520,000 "," $ 29,520,000 "," $ 29,520,000 "," $ 29,520,000 "," $ 29,520,000 ",  ,  
Riley Greene ,Colin Wilson & Greg Holmes,1/6/26,, FA Contract ,"$20,400,000", $ 4 ,2025,2028,  ," $ 20,400,000 "," $ 20,400,000 "," $ 20,400,000 "," $ 20,400,000 ",  ,  
Corbin Burnes,Colin Wilson & Greg Holmes,2/4/26,, FA Contract ,"$18,500,000",4,2024,2027," $ 18,500,000 "," $ 18,500,000 "," $ 18,500,000 "," $ 18,500,000 ",  ,  ,  
Dylan Cease,Colin Wilson & Greg Holmes,1/6/26,, FA Contract ,"$17,520,000",5,2025,2029,  ," $ 17,520,000 "," $ 17,520,000 "," $ 17,520,000 "," $ 17,520,000 "," $ 17,520,000 ",  
Spencer Strider,Colin Wilson & Greg Holmes,1/6/26,, FA Contract ,"$15,000,000",4,2025,2028,  ," $ 15,000,000 "," $ 15,000,000 "," $ 15,000,000 "," $ 15,000,000 ",  ,  
Alex Bregman,Colin Wilson & Greg Holmes,1/6/26,, FA Contract ,"$9,480,000",3,2024,2026," $ 9,480,000 "," $ 9,480,000 "," $ 9,480,000 ",  ,  ,  ,  
Vinnie Pasquantino,Colin Wilson & Greg Holmes,1/6/26,, FA Contract ,"$6,840,000", $ 3 ,2024,2026," $ 6,840,000 "," $ 6,840,000 "," $ 6,840,000 ",  ,  ,  ,  
Justin Steele,Colin Wilson & Greg Holmes,2/25/26,, FA Contract ,"$5,000,000",2,2026,2027,  ,  ," $ 5,000,000 "," $ 5,000,000 ",  ,  ,  
Marcus Semien,Colin Wilson & Greg Holmes,2/25/26,, FA Contract ,"$5,000,000",1,2026,2026,  ,  ," $ 5,000,000 ",  ,  ,  ,  
Merril Kelly,Colin Wilson & Greg Holmes,2/25/26,, FA Contract ,"$5,000,000",1,2026,2026,  ,  ," $ 5,000,000 ",  ,  ,  ,  
Nick Pivetta,Colin Wilson & Greg Holmes,2/25/26,, FA Contract ,"$5,000,000",2,2026,2027,  ,  ," $ 5,000,000 "," $ 5,000,000 ",  ,  ,  
Taj Bradley,Colin Wilson & Greg Holmes,2/25/26,, FA Contract ,"$5,000,000",2,2026,2027,  ,  ," $ 5,000,000 "," $ 5,000,000 ",  ,  ,  
Chase Meidroth,Colin Wilson & Greg Holmes,2/25/26,, FA Contract ,"$3,000,000",2,2026,2027,  ,  ," $ 3,000,000 "," $ 3,000,000 ",  ,  ,  
Ian Seymour,Colin Wilson & Greg Holmes,2/25/26,, FA Contract ,"$3,000,000",2,2026,2027,  ,  ," $ 3,000,000 "," $ 3,000,000 ",  ,  ,  
Troy Melton,Colin Wilson & Greg Holmes,2/25/26,, FA Contract ,"$3,000,000",2,2026,2027,  ,  ," $ 3,000,000 "," $ 3,000,000 ",  ,  ,  
Hunter Barco,Colin Wilson & Greg Holmes,2/25/26,, FA Contract ,"$2,500,000",1,2026,2026,  ,  ," $ 2,500,000 ",  ,  ,  ,  
Jhostynxon Garcia,Colin Wilson & Greg Holmes,2/25/26,, FA Contract ,"$2,500,000",1,2026,2026,  ,  ," $ 2,500,000 ",  ,  ,  ,  
Aaron Ashby,Colin Wilson & Greg Holmes,2/25/26,, FA Contract ,"$1,500,000",1,2026,2026,  ,  ," $ 1,500,000 ",  ,  ,  ,  
Ceddanne Rafaela,Colin Wilson & Greg Holmes,2/4/26,, YP Contract ,YP,YP,2024,2026," $ 500,000 "," $ 1,000,000 "," $ 1,500,000 ",  ,  ,  ,  
Luis Morales,Colin Wilson & Greg Holmes,2/25/26,, FA Contract ,"$1,500,000",1,2026,2026,  ,  ," $ 1,500,000 ",  ,  ,  ,  
Will Warren,Colin Wilson & Greg Holmes,2/25/26,, FA Contract ,"$1,500,000",1,2026,2026,  ,  ," $ 1,500,000 ",  ,  ,  ,  
Coby Mayo,Colin Wilson & Greg Holmes,1/6/26,, YP Contract ,YP,YP,2025,2027,  ," $ 500,000 "," $ 1,000,000 "," $ 1,500,000 ",  ,  ,  
Edgar Quero,Colin Wilson & Greg Holmes,2/25/26,, FA Contract ,"$1,000,000",1,2026,2026,  ,  ," $ 1,000,000 ",  ,  ,  ,  
Lars Nootbaar,Colin Wilson & Greg Holmes,2/25/26,, FA Contract ,"$1,000,000", $ 1 ,2026,2026,  ,  ," $ 1,000,000 ",  ,  ,  ,  
Orion Kerkering,Colin Wilson & Greg Holmes,2/25/26,, FA Contract ,"$500,000", $ 1 ,2026,2026,  ,  ," $ 500,000 ",  ,  ,  ,  
Tristan Casas,Colin Wilson & Greg Holmes,2/25/26,, FA Contract ,"$1,000,000", $ 1 ,2026,2026,  ,  ," $ 1,000,000 ",  ,  ,  ,  
Jordan Lawler ,Colin Wilson & Greg Holmes,1/6/26,, YP Contract ,YP, YP ,2026,2028,  ,  ," $ 500,000 "," $ 1,000,000 "," $ 1,500,000 ",  ,  
Kumar Rocker,Colin Wilson & Greg Holmes,2/25/26,, FA Contract ,"$500,000", $ 1 ,2026,2026,  ,  ," $ 500,000 ",  ,  ,  ,  
Matthew Liberatore,Colin Wilson & Greg Holmes,2/25/26,, FA Contract ,"$500,000",1,2026,2026,  ,  ," $ 500,000 ",  ,  ,  ,  
Payton Tolle,Colin Wilson & Greg Holmes,1/6/26,, YP Contract ,YP,YP,2026,2028,  ,  ," $ 500,000 "," $ 1,000,000 "," $ 1,500,000 ",  ,  
Tommy Edman,Colin Wilson & Greg Holmes,2/25/26,, FA Contract ,"$500,000", $ 1 ,2026,2026,  ,  ," $ 500,000 ",  ,  ,  ,  
Zack Gelof,Colin Wilson & Greg Holmes,2/25/26,, FA Contract ,"$500,000",1,2026,2026,  ,  ," $ 500,000 ",  ,  ,  ,  
Cedric Mullins,Colin Wilson & Greg Holmes,2/6/26,, FA Contract ,"$200,000", $ 1 ,2026,2026,  ,  ," $ 200,000 ",  ,  ,  ,  
Aidan Smith,Colin Wilson & Greg Holmes,2/23/26,, Minors ,YP,YP,,, $ -   , $ -   , $ -   , $ -   , $ -   , $ -   , $ -   
David Davalillo,Colin Wilson & Greg Holmes,2/19/26,, Minors ,YP,YP,,, $ -   , $ -   , $ -   , $ -   , $ -   , $ -   , $ -   
Eli Willits,Colin Wilson & Greg Holmes,1/27/26,, Minors ,YP,YP,,, $ -   , $ -   , $ -   , $ -   , $ -   , $ -   , $ -   
Esmerlyn Valdez,Colin Wilson & Greg Holmes,2/17/26,, Minors ,YP,YP,,, $ -   , $ -   , $ -   , $ -   , $ -   , $ -   , $ -   
Jake Bennett,Colin Wilson & Greg Holmes,2/21/26,, Minors ,YP,YP,,, $ -   , $ -   , $ -   , $ -   , $ -   , $ -   , $ -   
Juan Sanchez,Colin Wilson & Greg Holmes,2/5/26,, Minors ,YP, YP ,,, $ -   , $ -   , $ -   , $ -   , $ -   , $ -   , $ -   
Juan Valera,Colin Wilson & Greg Holmes,2/22/26,, Minors ,YP,YP,,, $ -   , $ -   , $ -   , $ -   , $ -   , $ -   , $ -   
Kaelen Culpepper,Colin Wilson & Greg Holmes,1/30/26,, Minors ,YP,YP,,, $ -   , $ -   , $ -   , $ -   , $ -   , $ -   , $ -   
Kash Mayfield,Colin Wilson & Greg Holmes,2/4/26,, Minors ,YP,YP,,, $ -   , $ -   , $ -   , $ -   , $ -   , $ -   , $ -   
Khal Stephen,Colin Wilson & Greg Holmes,2/17/26,, Minors ,YP,YP,,, $ -   , $ -   , $ -   , $ -   , $ -   , $ -   , $ -   
Kristian Campbell,Colin Wilson & Greg Holmes,1/30/26,, Minors ,YP,YP,2025,2027, $ -   , $ -   , $ -   , $ -   , $ -   , $ -   , $ -   
Noble Meyer,Colin Wilson & Greg Holmes,2/10/26,, Minors ,YP,YP,,, $ -   , $ -   , $ -   , $ -   , $ -   , $ -   , $ -   
Owen Murphy,Colin Wilson & Greg Holmes,2/10/26,, Minors ,YP,YP,,, $ -   , $ -   , $ -   , $ -   , $ -   , $ -   , $ -   
Roldy Brito,Colin Wilson & Greg Holmes,2/19/26,, Minors ,YP,YP,,, $ -   , $ -   , $ -   , $ -   , $ -   , $ -   , $ -   
Tommy White,Colin Wilson & Greg Holmes,2/24/26,, Minors ,YP,YP,,, $ -   , $ -   , $ -   , $ -   , $ -   , $ -   , $ -   
Garrett Crochet,Dustin Hart & Max Wamp,1/27/26,, FA Contract ,"$30,000,000",20,2026,2045,  ,  ," $ 30,000,000 "," $ 30,000,000 "," $ 30,000,000 "," $ 30,000,000 "," $ 30,000,000 "
Kyle Stowers,Dustin Hart & Max Wamp,1/26/26,, FA Contract ,"$25,300,000",7,2026,2032,  ,  ," $ 25,300,000 "," $ 25,300,000 "," $ 25,300,000 "," $ 25,300,000 "," $ 25,300,000 "
Gerrit Cole,Dustin Hart & Max Wamp,1/6/26,, FA Contract ,"$25,100,000",5,2024,2028," $ 25,100,000 "," $ 25,100,000 "," $ 25,100,000 "," $ 25,100,000 "," $ 25,100,000 ",  ,  
Hunter Brown,Dustin Hart & Max Wamp,1/27/26,, FA Contract ,"$22,660,000",8,2026,2033,  ,  ," $ 22,660,000 "," $ 22,660,000 "," $ 22,660,000 "," $ 22,660,000 "," $ 22,660,000 "
Eury Perez,Dustin Hart & Max Wamp,1/6/26,, FA Contract ,"$18,840,000",4,2024,2027," $ 18,840,000 "," $ 18,840,000 "," $ 18,840,000 "," $ 18,840,000 ",  ,  ,  
Elly De La Cruz,Dustin Hart & Max Wamp,1/6/26,, FA Contract ,"$15,100,000",3,2024,2026," $ 15,100,000 "," $ 15,100,000 "," $ 15,100,000 ",  ,  ,  ,  
Addison Barger,Dustin Hart & Max Wamp,2/11/26,, FA Contract ,"$14,100,000", $ 5 ,2026,2030,  ,  ," $ 14,100,000 "," $ 14,100,000 "," $ 14,100,000 "," $ 14,100,000 "," $ 14,100,000 "
Jakob Marsee,Dustin Hart & Max Wamp,1/28/26,, FA Contract ,"$10,900,000",4,2026,2029,  ,  ," $ 10,900,000 "," $ 10,900,000 "," $ 10,900,000 "," $ 10,900,000 ",  
Kyle Manzardo ,Dustin Hart & Max Wamp,2/11/26,, FA Contract ,"$10,400,000",4,2026,2029,  ,  ," $ 10,400,000 "," $ 10,400,000 "," $ 10,400,000 "," $ 10,400,000 ",  
Michael Harris II,Dustin Hart & Max Wamp,1/6/26,, FA Contract ,"$9,400,000",4,2025,2028,  ," $ 9,400,000 "," $ 9,400,000 "," $ 9,400,000 "," $ 9,400,000 ",  ,  
Brett Baty ,Dustin Hart & Max Wamp,2/11/26,, FA Contract ,"$7,300,000",3,2026,2028,  ,  ," $ 7,300,000 "," $ 7,300,000 "," $ 7,300,000 ",  ,  
Jeremy Pena ,Dustin Hart & Max Wamp,1/27/26,, FA Contract ,"$6,000,000",2,2025,2026,  ," $ 6,000,000 "," $ 6,000,000 ",  ,  ,  ,  
Carter Jensen,Dustin Hart & Max Wamp,2/25/26,, FA Contract ,"$5,000,000", $ 2 ,2026,2027,  ,  ," $ 5,000,000 "," $ 5,000,000 ",  ,  ,  
Braxton Ashcraft,Dustin Hart & Max Wamp,2/25/26,, FA Contract ,"$4,000,000",2,2026,2027,  ,  ," $ 4,000,000 "," $ 4,000,000 ",  ,  ,  
Victor Scott II,Dustin Hart & Max Wamp,2/6/26,, FA Contract ,"$3,400,000",2,2026,2027,  ,  ," $ 3,400,000 "," $ 3,400,000 ",  ,  ,  
Christian Yelich,Dustin Hart & Max Wamp,1/6/26,, FA Contract ,"$3,360,000", $ 2 ,2025,2026,  ," $ 3,360,000 "," $ 3,360,000 ",  ,  ,  ,  
Brooks Lee,Dustin Hart & Max Wamp,2/9/26,, FA Contract ,"$2,300,000",2,2026,2027,  ,  ," $ 2,300,000 "," $ 2,300,000 ",  ,  ,  
Austin Wells ,Dustin Hart & Max Wamp,2/13/26,, FA Contract ,"$2,200,000", $ 2 ,2026," $ 2,027 ",  ,  ," $ 2,200,000 "," $ 2,200,000 ",  ,  ,  
Giancarlo Stanton,Dustin Hart & Max Wamp,2/13/26,, FA Contract ,"$2,000,000", $ 1 ,2026,2026,  ,  ," $ 2,000,000 ",  ,  ,  ,  
Ivan Herrera,Dustin Hart & Max Wamp,1/6/26,, YP Contract ,YP, YP ,2024,2026," $ 500,000 "," $ 1,000,000 "," $ 1,800,000 ",  ,  ,  ,  
Jeremiah Jackson,Dustin Hart & Max Wamp,2/9/26,, FA Contract ,"$1,700,000", $ 1 ,2026,2026,  ,  ," $ 1,700,000 ",  ,  ,  ,  
Jack Perkins,Dustin Hart & Max Wamp,2/25/26,, FA Contract ,"$1,500,000",1,2026,2026,  ,  ," $ 1,500,000 ",  ,  ,  ,  
Johan Oviedo,Dustin Hart & Max Wamp,2/25/26,, FA Contract ,"$1,500,000",1,2026,2026,  ,  ," $ 1,500,000 ",  ,  ,  ,  
Kody Clemens,Dustin Hart & Max Wamp,2/25/26,, FA Contract ,"$1,500,000",1,2026,2026,  ,  ," $ 1,500,000 ",  ,  ,  ,  
AJ Blubaugh,Dustin Hart & Max Wamp,2/25/26,, FA Contract ,"$1,000,000",1,2026,2026,  ,  ," $ 1,000,000 ",  ,  ,  ,  
Caleb Durbin,Dustin Hart & Max Wamp,1/6/26,, YP Contract ,YP, YP ,2025,2027,  ," $ 500,000 "," $ 1,000,000 "," $ 1,500,000 ",  ,  ,  
Justin Sterner ,Dustin Hart & Max Wamp,2/25/26,, FA Contract ,"$1,000,000",1,2026,2026,  ,  ," $ 1,000,000 ",  ,  ,  ,  
Luke Keaschall,Dustin Hart & Max Wamp,1/6/26,, YP Contract ,YP,YP,2025,2027,  ," $ 500,000 "," $ 1,000,000 "," $ 1,500,000 ",  ,  ,  
Robert Stephenson,Dustin Hart & Max Wamp,2/25/26,, FA Contract ,"$1,000,000", $ 1 ,2026,2026,  ,  ," $ 1,000,000 ",  ,  ,  ,  
AJ Puk,Dustin Hart & Max Wamp,2/25/26,, FA Contract ,"$500,000",1,2026,2026,  ,  ," $ 500,000 ",  ,  ,  ,  
Clayton Beeter,Dustin Hart & Max Wamp,2/25/26,, FA Contract ,"$500,000",1,2026,2026,  ,  ," $ 500,000 ",  ,  ,  ,  
Didier Fuentes,Dustin Hart & Max Wamp,2/25/26,, FA Contract ,"$500,000",1,2026,2026,  ,  ," $ 500,000 ",  ,  ,  ,  
Matt Svanson,Dustin Hart & Max Wamp,2/25/26,, FA Contract ,"$500,000",1,2026,2026,  ,  ," $ 500,000 ",  ,  ,  ,  
Mike Yastrzemski,Dustin Hart & Max Wamp,2/25/26,, FA Contract ,"$500,000",1,2026,2026,  ,  ," $ 500,000 ",  ,  ,  ,  
Bo Davidson,Dustin Hart & Max Wamp,2/5/26,, Minors ,YP,YP,,, $ -   , $ -   , $ -   , $ -   , $ -   , $ -   , $ -   
Chase Harlan,Dustin Hart & Max Wamp,2/23/26,, Minors ,YP,YP,,, $ -   , $ -   , $ -   , $ -   , $ -   , $ -   , $ -   
Deniel Ortiz,Dustin Hart & Max Wamp,2/17/26,, Minors ,YP,YP,,, $ -   , $ -   , $ -   , $ -   , $ -   , $ -   , $ -   
Eduardo Quintero,Dustin Hart & Max Wamp,1/6/26,, Minors ,YP,YP,,, $ -   , $ -   , $ -   , $ -   , $ -   , $ -   , $ -   
Gavin Fien,Dustin Hart & Max Wamp,2/17/26,, Minors ,YP,YP,,, $ -   , $ -   , $ -   , $ -   , $ -   , $ -   , $ -   
George Klassen,Dustin Hart & Max Wamp,2/21/26,, Minors ,YP, YP ,,, $ -   , $ -   , $ -   , $ -   , $ -   , $ -   , $ -   
Ike Irish,Dustin Hart & Max Wamp,2/5/26,, Minors ,YP,YP,,, $ -   , $ -   , $ -   , $ -   , $ -   , $ -   , $ -   
Jeremy Rodriguez,Dustin Hart & Max Wamp,1/6/26,, Minors ,YP, YP ,,, $ -   , $ -   , $ -   , $ -   , $ -   , $ -   , $ -   
JoJo Parker,Dustin Hart & Max Wamp,1/29/26,, Minors ,YP,YP,,, $ -   , $ -   , $ -   , $ -   , $ -   , $ -   , $ -   
Josh Adamczewski,Dustin Hart & Max Wamp,2/23/26,, Minors ,YP,YP,,, $ -   , $ -   , $ -   , $ -   , $ -   , $ -   , $ -   
Kade Anderson,Dustin Hart & Max Wamp,1/26/26,, Minors ,YP,YP,,, $ -   , $ -   , $ -   , $ -   , $ -   , $ -   , $ -   
Kala'i Rosario,Dustin Hart & Max Wamp,2/19/26,, Minors ,YP, YP ,,  , $ -   , $ -   , $ -   , $ -   , $ -   , $ -   , $ -   
Roc Riggio,Dustin Hart & Max Wamp,2/21/26,, Minors ,YP,YP,,, $ -   , $ -   , $ -   , $ -   , $ -   , $ -   , $ -   
Shane Drohan,Dustin Hart & Max Wamp,2/19/26,, Minors ,YP,YP,,, $ -   , $ -   , $ -   , $ -   , $ -   , $ -   , $ -   
Wandy Asigen,Dustin Hart & Max Wamp,2/10/26,, Minors ,YP,YP,,, $ -   , $ -   , $ -   , $ -   , $ -   , $ -   , $ -   
Pete Alonso,Ethan Gobetz,1/26/26,, FA Contract ,"$22,300,000",5,2026,2030,  ,  ," $ 22,300,000 "," $ 22,300,000 "," $ 22,300,000 "," $ 22,300,000 "," $ 22,300,000 "
Jacob DeGrom,Ethan Gobetz,2/3/26,, FA Contract ,"$21,000,000",6,2026,2031,  ,  ," $ 21,000,000 "," $ 21,000,000 "," $ 21,000,000 "," $ 21,000,000 "," $ 21,000,000 "
Ketel Marte,Ethan Gobetz,1/26/26,, FA Contract ,"$20,900,000",4,2026,2029,  ,  ," $ 20,900,000 "," $ 20,900,000 "," $ 20,900,000 "," $ 20,900,000 ",  
Kevin Gausman,Ethan Gobetz,1/27/24,, FA Contract ,"$12,800,000",4,2024,2027," $ 12,800,000 "," $ 12,800,000 "," $ 12,800,000 "," $ 12,800,000 ",  ,  ,  
Raisel Iglesias,Ethan Gobetz,1/29/26,, FA Contract ,"$10,000,000",1,2026,2026,  ,  ," $ 10,000,000 ",  ,  ,  ,  
Francisco Alvarez,Ethan Gobetz,2/12/25,, FA Contract ,"$8,500,000", $ 3 ,2025,2027,  ," $ 8,500,000 "," $ 8,500,000 "," $ 8,500,000 ",  ,  ,  
Brady Singer,Ethan Gobetz,2/25/26,, FA Contract ,"$5,000,000", $ 2 ,2026,2027,  ,  ," $ 5,000,000 "," $ 5,000,000 ",  ,  ,  
Carlos Correa,Ethan Gobetz,1/29/25,, FA Contract ,"$5,000,000",3,2025,2027,  ," $ 5,000,000 "," $ 5,000,000 "," $ 5,000,000 ",  ,  ,  
Carlos Rodon,Ethan Gobetz,2/15/26,, FA Contract ,"$5,000,000",2,2025,2026,  ," $ 5,000,000 "," $ 5,000,000 ",  ,  ,  ,  
Joe Musgrove,Ethan Gobetz,2/14/26,, FA Contract ,"$5,000,000",2,2026,2027,  ,  ," $ 5,000,000 "," $ 5,000,000 ",  ,  ,  
Mitch Keller,Ethan Gobetz,2/25/26,, FA Contract ,"$5,000,000", $ 2 ,2026,2027,  ,  ," $ 5,000,000 "," $ 5,000,000 ",  ,  ,  
Shane Baz,Ethan Gobetz,3/5/25,, FA Contract ,"$5,000,000",2,2025,2026,  ," $ 5,000,000 "," $ 5,000,000 ",  ,  ,  ,  
Xander Bogaerts,Ethan Gobetz,2/25/26,, FA Contract ,"$5,000,000",1,2026,2026,  ,  ," $ 5,000,000 ",  ,  ,  ,  
Brandon Pfaadt ,Ethan Gobetz,2/25/26,, FA Contract ,"$4,000,000", $ 2 ,2026,2027,  ,  ," $ 4,000,000 "," $ 4,000,000 ",  ,  ,  
Gavin Lux,Ethan Gobetz,2/25/26,, FA Contract ,"$4,000,000",1,2026,2026,  ,  ," $ 4,000,000 ",  ,  ,  ,  
Jake Irvin,Ethan Gobetz,3/5/25,, FA Contract ,"$4,000,000",2,2025,2026,  ," $ 4,000,000 "," $ 4,000,000 ",  ,  ,  ,  
Jake Magnum,Ethan Gobetz,2/25/26,, FA Contract ,"$4,000,000",1,2026,2026,  ,  ," $ 4,000,000 ",  ,  ,  ,  
Josh Lowe ,Ethan Gobetz,2/25/26,, FA Contract ,"$4,000,000", $ 2 ,2026,2027,  ,  ," $ 4,000,000 "," $ 4,000,000 ",  ,  ,  
Andrew Benintendi,Ethan Gobetz,2/25/26,, FA Contract ,"$3,000,000",1,2026,2026,  ,  ," $ 3,000,000 ",  ,  ,  ,  
Anthony Santander,Ethan Gobetz,2/25/26,, FA Contract ,"$3,000,000",2,2026,2027,  ,  ," $ 3,000,000 "," $ 3,000,000 ",  ,  ,  
Jake McCarthy ,Ethan Gobetz,3/5/25,, FA Contract ,"$3,000,000",2,2025,2026,  ," $ 3,000,000 "," $ 3,000,000 ",  ,  ,  ,  
JT Realmuto,Ethan Gobetz,2/25/26,, FA Contract ,"$3,000,000",1,2026,2026,  ,  ," $ 3,000,000 ",  ,  ,  ,  
TJ Friedl,Ethan Gobetz,2/25/26,, FA Contract ,"$3,000,000",1,2026,2026,  ,  ," $ 3,000,000 ",  ,  ,  ,  
Nolan Arenado,Ethan Gobetz,2/25/26,, FA Contract ,"$2,500,000",1,2026,2026,  ,  ," $ 2,500,000 ",  ,  ,  ,  
Phil Maton,Ethan Gobetz,2/25/26,, FA Contract ,"$2,000,000",1,2026,2026,  ,  ," $ 2,000,000 ",  ,  ,  ,  
Ryan McMahon,Ethan Gobetz,2/25/26,, FA Contract ,"$2,000,000",1,2026,2026,  ,  ," $ 2,000,000 ",  ,  ,  ,  
Brayan Rocchio,Ethan Gobetz,2/21/24,, YP Contract ,YP,YP,2024,2026," $ 500,000 "," $ 1,000,000 "," $ 1,500,000 ",  ,  ,  ,  
Brooks Raley,Ethan Gobetz,2/25/26,, FA Contract ,"$1,500,000",1,2026,2026,  ,  ," $ 1,500,000 ",  ,  ,  ,  
Jackson Merrill,Ethan Gobetz,2/21/24,, YP Contract ,YP,YP,2024,2026," $ 500,000 "," $ 1,000,000 "," $ 1,500,000 ",  ,  ,  ,  
Parker Meadows,Ethan Gobetz,3/26/24,, YP Contract ,YP, YP ,2024,2026," $ 500,000 "," $ 1,000,000 "," $ 1,500,000 ",  ,  ,  ,  
Paul Skenes,Ethan Gobetz,2/21/24,, YP Contract ,YP,YP,2024,2026," $ 500,000 "," $ 1,000,000 "," $ 1,500,000 ",  ,  ,  ,  
Chase Dollander,Ethan Gobetz,1/28/26,, YP Contract ,YP, YP ,2025,2027,  ," $ 500,000 "," $ 1,000,000 "," $ 1,500,000 ",  ,  ,  
Mason Montgomery,Ethan Gobetz,3/4/24,, YP Contract ,YP, YP ,2025,2027,  ," $ 500,000 "," $ 1,000,000 "," $ 1,500,000 ",  ,  ,  
Max Muncy (A's),Ethan Gobetz,2/25/24,, YP Contract ,YP, YP ,2025,2027,  ," $ 500,000 "," $ 1,000,000 "," $ 1,500,000 ",  ,  ,  
River Ryan,Ethan Gobetz,2/21/24,, YP Contract ,YP, YP ,2025,2027,  ," $ 500,000 "," $ 1,000,000 "," $ 1,500,000 ",  ,  ,  
Boston Bateman,Ethan Gobetz,1/28/26,, Minors ,YP, YP ,,, $ -   , $ -   , $ -   , $ -   , $ -   , $ -   , $ -   
Brock Wilken,Ethan Gobetz,1/30/26,, Minors ,YP, YP ,,, $ -   , $ -   , $ -   , $ -   , $ -   , $ -   , $ -   
Carson Benge,Ethan Gobetz,2/1/25,, Minors ,YP,YP,,, $ -   , $ -   , $ -   , $ -   , $ -   , $ -   , $ -   
Cole Wilcox,Ethan Gobetz,3/5/24,, Minors ,YP, YP ,,, $ -   , $ -   , $ -   , $ -   , $ -   , $ -   , $ -   
Ernesto Martinez Jr,Ethan Gobetz,2/3/26,, Minors ,YP,YP,,, $ -   , $ -   , $ -   , $ -   , $ -   , $ -   , $ -   
Gabriel Gonzalez,Ethan Gobetz,3/8/24,, Minors ,YP,YP,,, $ -   , $ -   , $ -   , $ -   , $ -   , $ -   , $ -   
Jaison Chourio,Ethan Gobetz,2/4/26,, Minors ,YP,YP,,, $ -   , $ -   , $ -   , $ -   , $ -   , $ -   , $ -   
Jhancarlos Lara,Ethan Gobetz,3/8/24,, Minors ,YP, YP ,,, $ -   , $ -   , $ -   , $ -   , $ -   , $ -   , $ -   
Joel Hurtado,Ethan Gobetz,2/16/26,, Minors ,YP,YP,,, $ -   , $ -   , $ -   , $ -   , $ -   , $ -   , $ -   
Josh Kasevich,Ethan Gobetz,2/16/26,, Minors ,YP,YP,,, $ -   , $ -   , $ -   , $ -   , $ -   , $ -   , $ -   
Mitch Voit,Ethan Gobetz,2/9/26,, Minors ,YP,YP,,, $ -   , $ -   , $ -   , $ -   , $ -   , $ -   , $ -   
Nelson Rada,Ethan Gobetz,2/27/24,, Minors ,YP, YP ,,, $ -   , $ -   , $ -   , $ -   , $ -   , $ -   , $ -   
Will Watson,Ethan Gobetz,2/9/26,, Minors ,YP,YP,,, $ -   , $ -   , $ -   , $ -   , $ -   , $ -   , $ -   
Gunnar Henderson,Jake Zuckman & Andrew Meyers,1/27/24,, FA Contract ,"$23,000,000", $ 3 ,2024,2026," $ 23,000,000 "," $ 23,000,000 "," $ 23,000,000 ",  ,  ,  ,  
Vladimir Guerrero Jr,Jake Zuckman & Andrew Meyers,1/27/25,, FA Contract ,"$20,100,000", $ 11 ,2025,2035,  ," $ 20,100,000 "," $ 20,100,000 "," $ 20,100,000 "," $ 20,100,000 "," $ 20,100,000 "," $ 20,100,000 "
Gavin Williams ,Jake Zuckman & Andrew Meyers,2/12/26,, FA Contract ,"$16,500,000",5,2026,2030,  ,  ," $ 16,500,000 "," $ 16,500,000 "," $ 16,500,000 "," $ 16,500,000 "," $ 16,500,000 "
Owen Caissie,Jake Zuckman & Andrew Meyers,2/4/26,, FA Contract ,"$14,000,000",5,2026,2030,  ,  ," $ 14,000,000 "," $ 14,000,000 "," $ 14,000,000 "," $ 14,000,000 "," $ 14,000,000 "
Matt McLain,Jake Zuckman & Andrew Meyers,1/27/24,, FA Contract ,"$11,500,000",5,2024,2028," $ 11,500,000 "," $ 11,500,000 "," $ 11,500,000 "," $ 11,500,000 "," $ 11,500,000 ",  ,  
Jordan Beck,Jake Zuckman & Andrew Meyers,2/13/26,, FA Contract ,"$9,500,000",4,2026,2029,  ,  ," $ 9,500,000 "," $ 9,500,000 "," $ 9,500,000 "," $ 9,500,000 ",  
Heliot Ramos,Jake Zuckman & Andrew Meyers,2/9/26,, FA Contract ,"$9,000,000",4,2026,2029,  ,  ," $ 9,000,000 "," $ 9,000,000 "," $ 9,000,000 "," $ 9,000,000 ",  
Max Fried,Jake Zuckman & Andrew Meyers,1/27/24,, FA Contract ,"$7,400,000",4,2024,2027," $ 7,400,000 "," $ 7,400,000 "," $ 7,400,000 "," $ 7,400,000 ",  ,  ,  
Brandon Nimmo,Jake Zuckman & Andrew Meyers,2/5/25,, FA Contract ,"$6,000,000",3,2025,2027,  ," $ 6,000,000 "," $ 6,000,000 "," $ 6,000,000 ",  ,  ,  
Cal Raleigh,Jake Zuckman & Andrew Meyers,1/29/25,, FA Contract ,"$6,000,000",3,2025,2027,  ," $ 6,000,000 "," $ 6,000,000 "," $ 6,000,000 ",  ,  ,  
Kerry Carpenter ,Jake Zuckman & Andrew Meyers,2/5/25,, FA Contract ,"$6,000,000",3,2025,2027,  ," $ 6,000,000 "," $ 6,000,000 "," $ 6,000,000 ",  ,  ,  
Alec Bohm,Jake Zuckman & Andrew Meyers,2/23/26,, FA Contract ,"$5,000,000",2,2026,2027,  ,  ," $ 5,000,000 "," $ 5,000,000 ",  ,  ,  
Andrew Abbott,Jake Zuckman & Andrew Meyers,2/19/26,, FA Contract ,"$5,000,000",2,2026,2027,  ,  ," $ 5,000,000 "," $ 5,000,000 ",  ,  ,  
Byron Buxton,Jake Zuckman & Andrew Meyers,2/5/25,, FA Contract ,"$5,000,000",3,2025,2027,  ," $ 5,000,000 "," $ 5,000,000 "," $ 5,000,000 ",  ,  ,  
Logan Henderson,Jake Zuckman & Andrew Meyers,2/25/26,, FA Contract ,"$5,000,000",1,2026,2026,  ,  ," $ 5,000,000 ",  ,  ,  ,  
Luis Garcia Jr. ,Jake Zuckman & Andrew Meyers,2/25/26,, FA Contract ,"$5,000,000",1,2026,2026,  ,  ," $ 5,000,000 ",  ,  ,  ,  
Mickey Moniak,Jake Zuckman & Andrew Meyers,2/25,, FA Contract ,"$5,000,000",1,2026,2026,  ,  ," $ 5,000,000 ",  ,  ,  ,  
Shane Smith,Jake Zuckman & Andrew Meyers,2/25/26,, FA Contract ,"$5,000,000",2,2026,2027,  ,  ," $ 5,000,000 "," $ 5,000,000 ",  ,  ,  
Spencer Arrighetti,Jake Zuckman & Andrew Meyers,3/5/25,, FA Contract ,"$5,000,000",2,2025,2026,  ," $ 5,000,000 "," $ 5,000,000 ",  ,  ,  ,  
Spencer Steer,Jake Zuckman & Andrew Meyers,2/25/26,, FA Contract ,"$5,000,000",2,2026,2027,  ,  ," $ 5,000,000 "," $ 5,000,000 ",  ,  ,  
Bryan King,Jake Zuckman & Andrew Meyers,2/25/26,, FA Contract ,"$4,000,000",1,2026,2026,  ,  ," $ 4,000,000 ",  ,  ,  ,  
Chad Patrick,Jake Zuckman & Andrew Meyers,2/25/26,, FA Contract ,"$4,000,000", $ 2 ,2026,2027,  ,  ," $ 4,000,000 "," $ 4,000,000 ",  ,  ,  
Dennis Santana,Jake Zuckman & Andrew Meyers,2/25/26,, FA Contract ,"$4,000,000",1,2026,2026,  ,  ," $ 4,000,000 ",  ,  ,  ,  
Jack Dreyer,Jake Zuckman & Andrew Meyers,2/25/26,, FA Contract ,"$4,000,000",2,2026,2027,  ,  ," $ 4,000,000 "," $ 4,000,000 ",  ,  ,  
JoJo Romero,Jake Zuckman & Andrew Meyers,2/25/26,, FA Contract ,"$4,000,000",1,2026,2026,  ,  ," $ 4,000,000 ",  ,  ,  ,  
Otto Lopez,Jake Zuckman & Andrew Meyers,2/25/26,, FA Contract ,"$4,000,000",2,2026,2027,  ,  ," $ 4,000,000 "," $ 4,000,000 ",  ,  ,  
Tanner Bibee,Jake Zuckman & Andrew Meyers,1/27/24,, FA Contract ,"$3,900,000",4,2024,2027," $ 3,900,000 "," $ 3,900,000 "," $ 3,900,000 "," $ 3,900,000 ",  ,  ,  
Ben Joyce,Jake Zuckman & Andrew Meyers,3/5/25,, FA Contract ,"$3,000,000",2,2025,2026,  ," $ 3,000,000 "," $ 3,000,000 ",  ,  ,  ,  
Victor Vodnik,Jake Zuckman & Andrew Meyers,2/25/26,, FA Contract ,"$3,000,000",2,2026,2027,  ,  ," $ 3,000,000 "," $ 3,000,000 ",  ,  ,  
Porter Hodge,Jake Zuckman & Andrew Meyers,3/5/25,1/26/26, Dropped ,"$3,000,000",2,2025,2026,  ," $ 1,200,000 "," $ 2,400,000 ",  ,  ,  ,  
Christian Moore,Jake Zuckman & Andrew Meyers,1/29/25,, YP Contract ,YP,YP,2025,2027,  ," $ 500,000 "," $ 1,000,000 "," $ 1,500,000 ",  ,  ,  
Marcelo Mayer,Jake Zuckman & Andrew Meyers,2/21/24,, YP Contract ,YP,YP,2025,2027,  ," $ 500,000 "," $ 1,000,000 "," $ 1,500,000 ",  ,  ,  
Andrew Painter,Jake Zuckman & Andrew Meyers,2/21/24,, YP Contract ,YP, YP ,2026,2028,  ,  ," $ 500,000 "," $ 1,000,000 "," $ 1,500,000 ",  ,  
Bryce Eldridge,Jake Zuckman & Andrew Meyers,2/21/24,, YP Contract ,YP,YP,2026,2028,  ,  ," $ 500,000 "," $ 1,000,000 "," $ 1,500,000 ",  ,  
Carlos Narvaez,Jake Zuckman & Andrew Meyers,2/25/26,, FA Contract ,"$500,000", $ 1 ,2026,2026,  ,  ," $ 500,000 ",  ,  ,  ,  
Simeon Woods-Richarson,Jake Zuckman & Andrew Meyers,2/25/26,, FA Contract ,"$500,000",1,2026,2026,  ,  ," $ 500,000 ",  ,  ,  ,  
Aidan Miller,Jake Zuckman & Andrew Meyers,2/21/24,, Minors ,YP,YP,,, $ -   , $ -   , $ -   , $ -   , $ -   , $ -   , $ -   
Andrew Fischer,Jake Zuckman & Andrew Meyers,1/28/26,, Minors ,YP,YP,,, $ -   , $ -   , $ -   , $ -   , $ -   , $ -   , $ -   
Braden Montgomery,Jake Zuckman & Andrew Meyers,2/10/25,, Minors ,YP,YP,,, $ -   , $ -   , $ -   , $ -   , $ -   , $ -   , $ -   
Caleb Bonemer,Jake Zuckman & Andrew Meyers,1/28/26,, Minors ,YP,YP,,, $ -   , $ -   , $ -   , $ -   , $ -   , $ -   , $ -   
Dorian Soto,Jake Zuckman & Andrew Meyers,9/21/25,, Minors ,YP,YP,,, $ -   , $ -   , $ -   , $ -   , $ -   , $ -   , $ -   
Ethan Salas,Jake Zuckman & Andrew Meyers,2/21/24,, Minors ,YP,YP,,, $ -   , $ -   , $ -   , $ -   , $ -   , $ -   , $ -   
Gage Jump,Jake Zuckman & Andrew Meyers,6/8/25,, Minors ,YP, YP ,,, $ -   , $ -   , $ -   , $ -   , $ -   , $ -   , $ -   
Henry LaLane,Jake Zuckman & Andrew Meyers,2/21/24,, Minors ,YP,YP,,, $ -   , $ -   , $ -   , $ -   , $ -   , $ -   , $ -   
Jonathon Long,Jake Zuckman & Andrew Meyers,6/8/25,, Minors ,YP, YP ,,, $ -   , $ -   , $ -   , $ -   , $ -   , $ -   , $ -   
Justin Martinez,Jake Zuckman & Andrew Meyers,3/5/25,, Injured ,"$4,000,000",2,2025,2026, FALSE , FALSE , $ -   ,  ,  ,  ,  
Konnor Griffin,Jake Zuckman & Andrew Meyers,1/30/25,, Minors ,YP,YP,,, $ -   , $ -   , $ -   , $ -   , $ -   , $ -   , $ -   
Kruz Schoolcraft,Jake Zuckman & Andrew Meyers,2/3/26,, Minors ,YP,YP,,, $ -   , $ -   , $ -   , $ -   , $ -   , $ -   , $ -   
Luis Hernandez,Jake Zuckman & Andrew Meyers,2/2/26,, Minors ,YP,YP,,, $ -   , $ -   , $ -   , $ -   , $ -   , $ -   , $ -   
Seong-Jun Kim,Jake Zuckman & Andrew Meyers,6/1/25,, Minors ,YP,YP,,, $ -   , $ -   , $ -   , $ -   , $ -   , $ -   , $ -   
Shotaro Morii,Jake Zuckman & Andrew Meyers,2/7/25,, Minors ,YP,YP,,, $ -   , $ -   , $ -   , $ -   , $ -   , $ -   , $ -   
Travis Sykora,Jake Zuckman & Andrew Meyers,6/1/25,, Minors ,YP,YP,,, $ -   , $ -   , $ -   , $ -   , $ -   , $ -   , $ -   
Bryce Harper,JD Barnett,1/26/26,, FA Contract ,"$28,800,000",3,2026,2028,  ,  ," $ 28,800,000 "," $ 28,800,000 "," $ 28,800,000 ",  ,  
Aaron Judge,JD Barnett,1/27/24,, FA Contract ,"$26,800,000", $ 5 ,2024,2028," $ 26,800,000 "," $ 26,800,000 "," $ 26,800,000 "," $ 26,800,000 "," $ 26,800,000 ",  ,  
Corey Seager,JD Barnett,1/26/26,, FA Contract ,"$26,200,000",3,2026,2028,  ,  ," $ 26,200,000 "," $ 26,200,000 "," $ 26,200,000 ",  ,  
Shea Langeliers,JD Barnett,2/9/26,, FA Contract ,"$22,000,000",7,2026,2032,  ,  ," $ 22,000,000 "," $ 22,000,000 "," $ 22,000,000 "," $ 22,000,000 "," $ 22,000,000 "
Tyler Soderstrom,JD Barnett,2/6/26,, FA Contract ,"$20,000,000",7,2026,2032,  ,  ," $ 20,000,000 "," $ 20,000,000 "," $ 20,000,000 "," $ 20,000,000 "," $ 20,000,000 "
George Kirby,JD Barnett,1/27/26,, FA Contract ,"$19,700,000",5,2026,2030,  ,  ," $ 19,700,000 "," $ 19,700,000 "," $ 19,700,000 "," $ 19,700,000 "," $ 19,700,000 "
Sandy Alcantara,JD Barnett,2/5/26,, FA Contract ,"$16,000,000",5,2026,2030,  ,  ," $ 16,000,000 "," $ 16,000,000 "," $ 16,000,000 "," $ 16,000,000 "," $ 16,000,000 "
Ryan Helsley,JD Barnett,2/10/26,, FA Contract ,"$13,600,000", $ 2 ,2026,2027,  ,  ," $ 13,600,000 "," $ 13,600,000 ",  ,  ,  
Andres Munoz (SEA),JD Barnett,1/29/26,, FA Contract ,"$12,000,000",4,2026,2029,  ,  ," $ 12,000,000 "," $ 12,000,000 "," $ 12,000,000 "," $ 12,000,000 ",  
Matthew Boyd,JD Barnett,2/18/26,, FA Contract ,"$12,000,000",3,2026,2028,  ,  ," $ 12,000,000 "," $ 12,000,000 "," $ 12,000,000 ",  ,  
Aaron Nola,JD Barnett,1/27/24,, FA Contract ,"$11,100,000",5,2024,2028," $ 11,100,000 "," $ 11,100,000 "," $ 11,100,000 "," $ 11,100,000 "," $ 11,100,000 ",  ,  
Brendan Donovan,JD Barnett,2/12/26,, FA Contract ,"$11,100,000",4,2026,2029,  ,  ," $ 11,100,000 "," $ 11,100,000 "," $ 11,100,000 "," $ 11,100,000 ",  
Cole Ragans,JD Barnett,1/29/25,, FA Contract ,"$11,000,000", $ 4 ,2025,2028,  ," $ 11,000,000 "," $ 11,000,000 "," $ 11,000,000 "," $ 11,000,000 ",  ,  
Oneil Cruz,JD Barnett,1/27/24,, FA Contract ,"$10,100,000",5,2024,2028," $ 10,100,000 "," $ 10,100,000 "," $ 10,100,000 "," $ 10,100,000 "," $ 10,100,000 ",  ,  
Xavier Edwards,JD Barnett,2/12/25,, FA Contract ,"$9,300,000",4,2025,2028,  ," $ 9,300,000 "," $ 9,300,000 "," $ 9,300,000 "," $ 9,300,000 ",  ,  
Bryan Reynolds,JD Barnett,1/27/24,, FA Contract ,"$6,600,000",3,2024,2026," $ 6,600,000 "," $ 6,600,000 "," $ 6,600,000 ",  ,  ,  ,  
Shane McClanahan,JD Barnett,2/15/25,, FA Contract ,"$5,500,000",3,2025,2027,  ," $ 5,500,000 "," $ 5,500,000 "," $ 5,500,000 ",  ,  ,  
Kyle Schwarber,JD Barnett,1/29/25,, FA Contract ,"$5,200,000", $ 2 ,2025,2026,  ," $ 5,200,000 "," $ 5,200,000 ",  ,  ,  ,  
Louie Varland,JD Barnett,2/10/26,, FA Contract ,"$5,100,000", $ 2 ,2026," $ 2,027 ",  ,  ," $ 5,100,000 "," $ 5,100,000 ",  ,  ,  
Bryson Stott,JD Barnett,2/25/26,, FA Contract ,"$5,000,000", $ 2 ,2026,2027,  ,  ," $ 5,000,000 "," $ 5,000,000 ",  ,  ,  
Ezequiel Tovar,JD Barnett,2/19/26,, FA Contract ,"$5,000,000",2,2026,2027,  ,  ," $ 5,000,000 "," $ 5,000,000 ",  ,  ,  
Jose Soriano,JD Barnett,2/25/26,, FA Contract ,"$5,000,000", $ 1 ,2026,2026,  ,  ," $ 5,000,000 ",  ,  ,  ,  
Nico Hoerner,JD Barnett,2/18/26,, FA Contract ,"$5,000,000",3,2024,2026," $ 5,000,000 "," $ 5,000,000 "," $ 5,000,000 ",  ,  ,  ,  
Ranger Suarez,JD Barnett,8/11/25,, FA Contract ,"$5,000,000",3,2025,2027,  ," $ 5,000,000 "," $ 5,000,000 "," $ 5,000,000 ",  ,  ,  
Yainer Diaz,JD Barnett,2/22/26,, FA Contract ,"$5,000,000",2,2026,2027,  ,  ," $ 5,000,000 "," $ 5,000,000 ",  ,  ,  
Jack Flaherty,JD Barnett,1/31/25,, FA Contract ,"$4,700,000",2,2025,2026,  ," $ 4,700,000 "," $ 4,700,000 ",  ,  ,  ,  
Garrett Cleavinger,JD Barnett,2/25/26,, FA Contract ,"$4,000,000",2,2026,2027,  ,  ," $ 4,000,000 "," $ 4,000,000 ",  ,  ,  
Reid Detmers,JD Barnett,2/25/26,, FA Contract ,"$4,000,000",1,2026,2026,  ,  ," $ 4,000,000 ",  ,  ,  ,  
Andrew Vaughn,JD Barnett,2/4/26,, FA Contract ,"$3,600,000",2,2026,2027,  ,  ," $ 3,600,000 "," $ 3,600,000 ",  ,  ,  
Jeff Hoffman,JD Barnett,3/5/25,, FA Contract ,"$3,000,000",2,2025,2026,  ," $ 3,000,000 "," $ 3,000,000 ",  ,  ,  ,  
Miguel Vargas,JD Barnett,2/25/26,, FA Contract ,"$3,000,000",2,2026,2027,  ,  ," $ 3,000,000 "," $ 3,000,000 ",  ,  ,  
Victor Robles,JD Barnett,2/25/26,, FA Contract ,"$2,000,000",1,2026,2026,  ,  ," $ 2,000,000 ",  ,  ,  ,  
Pete Crow-Armstrong,JD Barnett,2/21/24,, YP Contract ,YP,YP,2024,2026," $ 500,000 "," $ 1,000,000 "," $ 1,500,000 ",  ,  ,  ,  
Hyeseong Kim,JD Barnett,1/30/25,, YP Contract ,YP,YP,2025,2027,  ," $ 500,000 "," $ 1,000,000 "," $ 1,500,000 ",  ,  ,  
Zebby Matthews,JD Barnett,4/13/25,, YP Contract ,YP,YP,2025,2027,  ," $ 500,000 "," $ 1,000,000 "," $ 1,500,000 ",  ,  ,  
Abimelec Ortiz,JD Barnett,8/4/24,, Minors ,YP,YP,,, $ -   , $ -   , $ -   , $ -   , $ -   , $ -   , $ -   
Alex Freeland,JD Barnett,2/10/25,, Minors ,YP,YP,,, $ -   , $ -   , $ -   , $ -   , $ -   , $ -   , $ -   
Chase Davis,JD Barnett,3/5/24,, Minors ,YP, YP ,,, $ -   , $ -   , $ -   , $ -   , $ -   , $ -   , $ -   
Esteury Ruiz,JD Barnett,2/10/25,, Minors ,"$2,100,000",5,2024,2028, $ -   , $ -   , $ -   , $ -   , $ -   , $ -   , $ -   
Jarlin Susana,JD Barnett,2/16/25,, Minors ,YP,YP,,, $ -   , $ -   , $ -   , $ -   , $ -   , $ -   , $ -   
Jefferson Quero,JD Barnett,2/8/26,, Minors ,YP, YP ,,, $ -   , $ -   , $ -   , $ -   , $ -   , $ -   , $ -   
Jesus Baez,JD Barnett,2/12/26,, Minors ,YP,YP,,, $ -   , $ -   , $ -   , $ -   , $ -   , $ -   , $ -   
Robert Calaz,JD Barnett,2/7/25,, Minors ,YP,YP,,, $ -   , $ -   , $ -   , $ -   , $ -   , $ -   , $ -   
Sebastian Walcott,JD Barnett,2/26/24,, Minors ,YP, YP ,,, $ -   , $ -   , $ -   , $ -   , $ -   , $ -   , $ -   
Seth Hernandez,JD Barnett,1/27/26,, Minors ,YP,YP,,, $ -   , $ -   , $ -   , $ -   , $ -   , $ -   , $ -   
Xavier Isaac,JD Barnett,2/8/26,, Minors ,YP,YP,,, $ -   , $ -   , $ -   , $ -   , $ -   , $ -   , $ -   
Jazz Chisholm,Kai Nelson,1/30/26,, FA Contract ,"$31,500,000",10,2026,2035,  ,  ," $ 31,500,000 "," $ 31,500,000 "," $ 31,500,000 "," $ 31,500,000 "," $ 31,500,000 "
Luis Robert Jr.,Kai Nelson,1/30/26,, FA Contract ,"$26,500,000",8,2026,2033,  ,  ," $ 26,500,000 "," $ 26,500,000 "," $ 26,500,000 "," $ 26,500,000 "," $ 26,500,000 "
Jarren Duran,Kai Nelson,1/30/26,, FA Contract ,"$25,000,000",8,2026,2033,  ,  ," $ 25,000,000 "," $ 25,000,000 "," $ 25,000,000 "," $ 25,000,000 "," $ 25,000,000 "
Josh Naylor,Kai Nelson,,, FA Contract ,"$24,000,000",6,2026,2031,  ,  ," $ 24,000,000 "," $ 24,000,000 "," $ 24,000,000 "," $ 24,000,000 "," $ 24,000,000 "
William Contreras,Kai Nelson,1/30/26,, FA Contract ,"$23,000,000",8,2026,2033,  ,  ," $ 23,000,000 "," $ 23,000,000 "," $ 23,000,000 "," $ 23,000,000 "," $ 23,000,000 "
Austin Riley,Kai Nelson,1/27/26,, FA Contract ,"$21,700,000",3,2024,2026," $ 21,700,000 "," $ 21,700,000 "," $ 21,700,000 ",  ,  ,  ,  
Jo Adell,Kai Nelson,2/6/26,, FA Contract ,"$11,000,000", $ 4 ,2026,2029,  ,  ," $ 11,000,000 "," $ 11,000,000 "," $ 11,000,000 "," $ 11,000,000 ",  
Blake Snell,Kai Nelson,1/6/26,, FA Contract ,"$10,500,000",5,2024,2028," $ 10,500,000 "," $ 10,500,000 "," $ 10,500,000 "," $ 10,500,000 "," $ 10,500,000 ",  ,  
Camilo Doval,Kai Nelson,2/10/26,, FA Contract ,"$7,000,000",3,2026,2028,  ,  ," $ 7,000,000 "," $ 7,000,000 "," $ 7,000,000 ",  ,  
Matt Wallner ,Kai Nelson,2/13/26,, FA Contract ,"$7,000,000",3,2026,2028,  ,  ," $ 7,000,000 "," $ 7,000,000 "," $ 7,000,000 ",  ,  
Ryan Pepiot,Kai Nelson,1/6/26,, FA Contract ,"$6,600,000",5,2024,2028," $ 6,600,000 "," $ 6,600,000 "," $ 6,600,000 "," $ 6,600,000 "," $ 6,600,000 ",  ,  
Steven Kwan,Kai Nelson,1/6/26,, FA Contract ,"$6,360,000",3,2025,2027,  ," $ 6,360,000 "," $ 6,360,000 "," $ 6,360,000 ",  ,  ,  
Alec Burleson,Kai Nelson,1/6/26,, FA Contract ,"$5,000,000",2,2025,2026,  ," $ 5,000,000 "," $ 5,000,000 ",  ,  ,  ,  
Clay Holmes,Kai Nelson,2/25/26,, FA Contract ,"$5,000,000",1,2026,2026,  ,  ," $ 5,000,000 ",  ,  ,  ,  
Cody Ponce,Kai Nelson,2/25/26,, FA Contract ,"$5,000,000", $ 2 ,2026,2027,  ,  ," $ 5,000,000 "," $ 5,000,000 ",  ,,
Garrett Whitlock,Kai Nelson,2/25/26,, FA Contract ,"$5,000,000",2,2026,2027,  ,  ," $ 5,000,000 "," $ 5,000,000 ",  ,  ,  
Mike Burrows,Kai Nelson,2/25/26,, FA Contract ,"$5,000,000", $ 2 ,2026,2027,,," $ 5,000,000 "," $ 5,000,000 ",,,
Robbie Ray,Kai Nelson,2/25/26,, FA Contract ,"$5,000,000",1,2026,2026,  ,  ," $ 5,000,000 ",  ,  ,  ,  
Robert Garcia,Kai Nelson,2/25/26,, FA Contract ,"$5,000,000",2,2026,2028,,," $ 5,000,000 "," $ 5,000,000 "," $ 5,000,000 ",  ,  
Trevor Rogers,Kai Nelson,2/25/26,, FA Contract ,"$5,000,000",2,2026,2028,,," $ 5,000,000 "," $ 5,000,000 ",,,
Nolan Gorman,Kai Nelson,2/6/26,, FA Contract ,"$4,500,000",2,2026,2027,  ,  ," $ 4,500,000 "," $ 4,500,000 ",  ,  ,  
Jordan Walker ,Kai Nelson,2/25/26,, FA Contract ,"$4,000,000", $ 2 ,2026,2027,  ,  ," $ 4,000,000 "," $ 4,000,000 ",  ,  ,  
Landen Roupp,Kai Nelson,2/25/26,, FA Contract ,"$4,000,000",2,2026,2027,  ,  ," $ 4,000,000 "," $ 4,000,000 ",  ,  ,  
Slade Cecconi,Kai Nelson,2/25/26,, FA Contract ,"$4,000,000",2,2026,2027,  ,  ," $ 4,000,000 "," $ 4,000,000 ",  ,  ,  
Josh Smith,Kai Nelson,2/25/26,, FA Contract ,"$3,000,000",1,2026,2026,  ,  ," $ 3,000,000 ",  ,  ,  ,  
Mark Vientos,Kai Nelson,2/25/26,, FA Contract ,"$3,000,000",2,2026,2027,  ,  ," $ 3,000,000 "," $ 3,000,000 ",  ,  ,  
Ryan O'Hearn,Kai Nelson,2/25/26,, FA Contract ,"$3,000,000",2,2026,2027,  ,  ," $ 3,000,000 "," $ 3,000,000 ",  ,  ,  
Seranthony Dominguez,Kai Nelson,2/25/26,, FA Contract ,"$3,000,000",2,2026,2027,  ,  ," $ 3,000,000 "," $ 3,000,000 ",  ,  ,  
Logan O'Hoppe,Kai Nelson,2/25/26,, FA Contract ,"$2,500,000",1,2026,2026,  ,  ," $ 2,500,000 ",  ,  ,  ,  
Cole Young,Kai Nelson,1/27/26,, YP Contract ,YP,YP,2025,2027,  ," $ 500,000 "," $ 1,000,000 "," $ 1,500,000 ",  ,  ,  
Jacob Wilson,Kai Nelson,1/6/26,, YP Contract ,YP,YP,2025,2027,  ," $ 500,000 "," $ 1,000,000 "," $ 1,500,000 ",  ,  ,  
AJ Smith-Shawver,Kai Nelson,1/6/26,, YP Contract ,YP,YP,2026,2028,  ,  ," $ 500,000 "," $ 1,000,000 "," $ 1,500,000 ",  ,  
Chase DeLauter,Kai Nelson,1/6/26,, YP Contract ,YP,YP,2026,2028,  ,  ," $ 500,000 "," $ 1,000,000 "," $ 1,500,000 ",  ,  
A.J. Russell,Kai Nelson,2/1/26,, Minors ,YP,YP,,, $ -   , $ -   , $ -   , $ -   , $ -   , $ -   , $ -   
Alfredo Duno,Kai Nelson,1/30/26,, Minors ,YP,YP,,, $ -   , $ -   , $ -   , $ -   , $ -   , $ -   , $ -   
Cam Caminiti,Kai Nelson,1/27/26,, Minors ,YP,YP,,, $ -   , $ -   , $ -   , $ -   , $ -   , $ -   , $ -   
Cam Leiter,Kai Nelson,2/4/26,, Minors ,YP,YP,,, $ -   , $ -   , $ -   , $ -   , $ -   , $ -   , $ -   
Charles Davalan,Kai Nelson,2/2/26,, Minors ,YP,YP,,, $ -   , $ -   , $ -   , $ -   , $ -   , $ -   , $ -   
Daniel Espino,Kai Nelson,1/6/26,, Minors ,YP,YP,,, $ -   , $ -   , $ -   , $ -   , $ -   , $ -   , $ -   
Dasan Hill,Kai Nelson,2/16/26,, Minors ,YP,YP,,, $ -   , $ -   , $ -   , $ -   , $ -   , $ -   , $ -   
David Hagaman,Kai Nelson,2/17/26,, Minors ,YP,YP,,, $ -   , $ -   , $ -   , $ -   , $ -   , $ -   , $ -   
Devin Taylor,Kai Nelson,1/30/26,, Minors ,YP,YP,,, $ -   , $ -   , $ -   , $ -   , $ -   , $ -   , $ -   
Ethan Conrad,Kai Nelson,1/27/26,, Minors ,YP,YP,,, $ -   , $ -   , $ -   , $ -   , $ -   , $ -   , $ -   
Gavin Kilen,Kai Nelson,2/11/26,, Minors ,YP,YP,,, $ -   , $ -   , $ -   , $ -   , $ -   , $ -   , $ -   
J.D. Thompson,Kai Nelson,2/5/26,, Minors ,YP,YP,,, $ -   , $ -   , $ -   , $ -   , $ -   , $ -   , $ -   
Jacob Melton,Kai Nelson,1/6/26,, Minors ,YP, YP ,2025,2027, $ -   , $ -   , $ -   , $ -   , $ -   , $ -   , $ -   
Josue De Paula,Kai Nelson,1/6/26,, Minors ,YP, YP ,,, $ -   , $ -   , $ -   , $ -   , $ -   , $ -   , $ -   
Randy Rodriguez,Kai Nelson,2/10/26,, Injured ,"$9,000,000",4,2026,2029, FALSE , FALSE , $ -   ," $ 9,000,000 "," $ 9,000,000 "," $ 9,000,000 ",  
Robby Snelling,Kai Nelson,1/6/26,, Minors ,YP,YP,,, $ -   , $ -   , $ -   , $ -   , $ -   , $ -   , $ -   
Slade Caldwell,Kai Nelson,2/19/26,, Minors ,YP,YP,,, $ -   , $ -   , $ -   , $ -   , $ -   , $ -   , $ -   
Slater de Brun,Kai Nelson,2/9/26,, Minors ,YP,YP,,, $ -   , $ -   , $ -   , $ -   , $ -   , $ -   , $ -   
Chris Sale,"Max, Jake & Sam",2/3/26,, FA Contract ,"$25,700,000",3,2026,2028,  ,  ," $ 25,700,000 "," $ 25,700,000 "," $ 25,700,000 ",  ,  
Eugenio Suarez,"Max, Jake & Sam",1/30/26,, FA Contract ,"$25,100,000",1,2026,2026,  ,  ," $ 25,100,000 ",  ,  ,  ,  
Rafael Devers,"Max, Jake & Sam",1/6/26,, FA Contract ,"$22,080,000", $ 4 ,2025,2028,  ," $ 22,080,000 "," $ 22,080,000 "," $ 22,080,000 "," $ 22,080,000 ",  ,  
Jordan Westburg,"Max, Jake & Sam",2/2/26,, FA Contract ,"$21,200,000",6,2026,2031,  ,  ," $ 21,200,000 "," $ 21,200,000 "," $ 21,200,000 "," $ 21,200,000 "," $ 21,200,000 "
Brent Rooker,"Max, Jake & Sam",1/26/26,, FA Contract ,"$20,600,000", $ 4 ,2026,2029,  ,  ," $ 20,600,000 "," $ 20,600,000 "," $ 20,600,000 "," $ 20,600,000 ",  
Francisco Lindor,"Max, Jake & Sam",1/6/26,, FA Contract ,"$19,920,000",3,2024,2026," $ 19,920,000 "," $ 19,920,000 "," $ 19,920,000 ",  ,  ,  ,  
Logan Gilbert,"Max, Jake & Sam",1/6/26,, FA Contract ,"$16,560,000", $ 5 ,2024,2028," $ 16,560,000 "," $ 16,560,000 "," $ 16,560,000 "," $ 16,560,000 "," $ 16,560,000 ",  ,  
Brayan Bello,"Max, Jake & Sam",2/13/26,, FA Contract ,"$15,000,000",4,2026,2029,  ,  ," $ 15,000,000 "," $ 15,000,000 "," $ 15,000,000 "," $ 15,000,000 ",  
Will Smith (C),"Max, Jake & Sam",1/28/26,, FA Contract ,"$12,100,000",4,2026,2029,  ,  ," $ 12,100,000 "," $ 12,100,000 "," $ 12,100,000 "," $ 12,100,000 ",  
Isaac Paredes,"Max, Jake & Sam",2/9/26,, FA Contract ,"$10,100,000",4,2026,2029,  ,  ," $ 10,100,000 "," $ 10,100,000 "," $ 10,100,000 "," $ 10,100,000 ",  
Trent Grisham,"Max, Jake & Sam",2/2/26,, FA Contract ,"$8,300,000",1,2026,2026,  ,  ," $ 8,300,000 ",  ,  ,  ,  
Jorge Polanco,"Max, Jake & Sam",2/13/26,, FA Contract ,"$8,200,000",3,2026,2028,  ,  ," $ 8,200,000 "," $ 8,200,000 "," $ 8,200,000 ",  ,  
Willson Contreras,"Max, Jake & Sam",2/9/26,, FA Contract ,"$8,000,000",3,2026,2028,  ,  ," $ 8,000,000 "," $ 8,000,000 "," $ 8,000,000 ",  ,  
Jeff McNeil,"Max, Jake & Sam",2/11/26,, FA Contract ,"$7,500,000",1,2026,2026,  ,  ," $ 7,500,000 ",  ,  ,  ,  
Alejandro Kirk,"Max, Jake & Sam",2/2/26,, FA Contract ,"$7,000,000",3,2026,2028,  ,  ," $ 7,000,000 "," $ 7,000,000 "," $ 7,000,000 ",  ,  
Bryce Miller,"Max, Jake & Sam",2/25/26,, FA Contract ,"$5,000,000", $ 2 ,2026,2027,  ,  ," $ 5,000,000 "," $ 5,000,000 ",  ,  ,  
Daniel Palencia,"Max, Jake & Sam",2/25/26,, FA Contract ,"$5,000,000",1,2026,2026,  ,  ," $ 5,000,000 ",  ,  ,  ,  
Drew Rasmussen,"Max, Jake & Sam",2/25/26,, FA Contract ,"$5,000,000",2,2026,2027,,," $ 5,000,000 "," $ 5,000,000 ",,,
Shane Bieber,"Max, Jake & Sam",2/25/26,, FA Contract ,"$5,000,000",2,2026,2027,  ,  ," $ 5,000,000 "," $ 5,000,000 ",  ,  ,  
Will Vest,"Max, Jake & Sam",2/25/26,, FA Contract ,"$5,000,000",1,2026,2026,  ,  ," $ 5,000,000 ",  ,  ,  ,  
Edwin Uceta,"Max, Jake & Sam",2/25/26,, FA Contract ,"$4,000,000",1,2026,2026,  ,  ," $ 4,000,000 ",  ,  ,  ,  
Kenley Jansen,"Max, Jake & Sam",2/25/26,, FA Contract ,"$4,000,000",1,2026,2026,  ,  ," $ 4,000,000 ",  ,  ,  ,  
Parker Messick,"Max, Jake & Sam",2/25/26,, FA Contract ,"$4,000,000",2,2026,2027,  ,  ," $ 4,000,000 "," $ 4,000,000 ",  ,  ,  
Brandon Marsh,"Max, Jake & Sam",2/9/26,, FA Contract ,"$3,600,000",2,2026,2027,  ,  ," $ 3,600,000 "," $ 3,600,000 ",  ,  ,  
Braxton Garrett,"Max, Jake & Sam",2/25/26,, FA Contract ,"$3,000,000",2,2026,2027,  ,  ," $ 3,000,000 "," $ 3,000,000 ",  ,  ,  
Dillon Dingler,"Max, Jake & Sam",2/25/26,, FA Contract ,"$3,000,000",1,2026,2026,  ,  ," $ 3,000,000 ",  ,  ,  ,  
Ronny Henriquez,"Max, Jake & Sam",2/25/26,, FA Contract ,"$3,000,000",2,2026,2027,  ,  ," $ 3,000,000 "," $ 3,000,000 ",  ,  ,  
Clarke Schmidt,"Max, Jake & Sam",2/13/26,, FA Contract ,"$2,600,000",2,2026,2027,  ,  ," $ 2,600,000 "," $ 2,600,000 ",  ,  ,  
Drew Thorpe,"Max, Jake & Sam",2/12/26,, FA Contract ,"$2,600,000",2,2026,2027,  ,  ," $ 2,600,000 "," $ 2,600,000 ",  ,  ,  
Cristopher Sanchez,"Max, Jake & Sam",1/6/26,, FA Contract ,"$2,400,000",2,2025,2026,  ," $ 2,400,000 "," $ 2,400,000 ",  ,  ,  ,  
MacKenzie Gore,"Max, Jake & Sam",1/6/26,, FA Contract ,"$2,400,000",4,2024,2027," $ 2,400,000 "," $ 2,400,000 "," $ 2,400,000 "," $ 2,400,000 ",  ,  ,  
Jac Caglianone,"Max, Jake & Sam",1/6/26,, YP Contract ,YP,YP,2025,2027,  ," $ 500,000 "," $ 1,000,000 "," $ 1,500,000 ",  ,  ,  
Brandon Sproat,"Max, Jake & Sam",1/29/26,, YP Contract ,YP,YP,2026,2028,  ,  ," $ 500,000 "," $ 1,000,000 "," $ 1,500,000 ",  ,  
Colt Emerson,"Max, Jake & Sam",1/30/26,, YP Contract ,YP,YP,2026,2028,  ,  ," $ 500,000 "," $ 1,000,000 "," $ 1,500,000 ",  ,  
Dylan Beavers,"Max, Jake & Sam",1/6/26,, YP Contract ,YP, YP ,2026,2028,  ,  ," $ 500,000 "," $ 1,000,000 "," $ 1,500,000 ",  ,  
George Lombard Jr,"Max, Jake & Sam",1/28/26,, YP Contract ,YP,YP,2026,2028,  ,  ," $ 500,000 "," $ 1,000,000 "," $ 1,500,000 ",  ,  
JJ Wetherholt,"Max, Jake & Sam",1/6/26,, YP Contract ,YP,YP,2026,2028,  ,  ," $ 500,000 "," $ 1,000,000 "," $ 1,500,000 ",  ,  
Luis De Leon,"Max, Jake & Sam",2/16/26,, YP Contract ,YP,YP,2026,2028,  ,  ," $ 500,000 "," $ 1,000,000 "," $ 1,500,000 ",  ,  
Spencer Jones,"Max, Jake & Sam",1/6/26,, YP Contract ,YP,YP,2026,2028,  ,  ," $ 500,000 "," $ 1,000,000 "," $ 1,500,000 ",  ,  
Brody Hopkins,"Max, Jake & Sam",1/30/26,, Minors ,YP,YP,,, $ -   , $ -   , $ -   , $ -   , $ -   , $ -   , $ -   
Bryce Rainer,"Max, Jake & Sam",1/6/26,, Minors ,YP,YP,,, $ -   , $ -   , $ -   , $ -   , $ -   , $ -   , $ -   
Connor Prielipp,"Max, Jake & Sam",2/18/26,, Minors ,YP,YP,,, $ -   , $ -   , $ -   , $ -   , $ -   , $ -   , $ -   
Cris Rodriguez,"Max, Jake & Sam",2/17/26,, Minors ,YP, YP ,,, $ -   , $ -   , $ -   , $ -   , $ -   , $ -   , $ -   
Elmer Rodriguez-Cruz,"Max, Jake & Sam",2/4/26,, Minors ,YP,YP,,, $ -   , $ -   , $ -   , $ -   , $ -   , $ -   , $ -   
Jack Wenninger,"Max, Jake & Sam",2/5/26,, Minors ,YP, YP ,,, $ -   , $ -   , $ -   , $ -   , $ -   , $ -   , $ -   
Jesus Made,"Max, Jake & Sam",1/30/26,, Minors ,YP,YP,,, $ -   , $ -   , $ -   , $ -   , $ -   , $ -   , $ -   
Johenssy Colome,"Max, Jake & Sam",2/11/26,, Minors ,YP,YP,,, $ -   , $ -   , $ -   , $ -   , $ -   , $ -   , $ -   
Kemp Alderman,"Max, Jake & Sam",2/21/26,, Minors ,YP,YP,,, $ -   , $ -   , $ -   , $ -   , $ -   , $ -   , $ -   
Kevin Alvarez,"Max, Jake & Sam",2/22/26,, Minors ,YP,YP,,, $ -   , $ -   , $ -   , $ -   , $ -   , $ -   , $ -   
Leodalis De Vries,"Max, Jake & Sam",1/6/26,, Minors ,YP, YP ,,, $ -   , $ -   , $ -   , $ -   , $ -   , $ -   , $ -   
Liam Doyle,"Max, Jake & Sam",1/27/26,, Minors ,YP,YP,,, $ -   , $ -   , $ -   , $ -   , $ -   , $ -   , $ -   
Luis Perales,"Max, Jake & Sam",2/21/26,, Minors ,YP,YP,,, $ -   , $ -   , $ -   , $ -   , $ -   , $ -   , $ -   
Steele Hall,"Max, Jake & Sam",2/9/26,, Minors ,YP,YP,,, $ -   , $ -   , $ -   , $ -   , $ -   , $ -   , $ -   
Zyhir Hope,"Max, Jake & Sam",1/6/26,, Minors ,YP,YP,,, $ -   , $ -   , $ -   , $ -   , $ -   , $ -   , $ -   
Juan Soto,Ross & Jack Kantor,1/27/24,, FA Contract ,"$36,000,000",5,2024,2028," $ 36,000,000 "," $ 36,000,000 "," $ 36,000,000 "," $ 36,000,000 "," $ 36,000,000 ",  ,  
Kyle Tucker,Ross & Jack Kantor,1/27/24,, FA Contract ,"$26,100,000",4,2024,2027," $ 26,100,000 "," $ 26,100,000 "," $ 26,100,000 "," $ 26,100,000 ",  ,  ,  
Brice Turang,Ross & Jack Kantor,2/4/26,, FA Contract ,"$20,000,000",6,2026,2031,  ,  ," $ 20,000,000 "," $ 20,000,000 "," $ 20,000,000 "," $ 20,000,000 "," $ 20,000,000 "
Trea Turner,Ross & Jack Kantor,1/27/24,, FA Contract ,"$17,800,000",3,2024,2026," $ 17,800,000 "," $ 17,800,000 "," $ 17,800,000 ",  ,  ,  ,  
Jesus Luzardo,Ross & Jack Kantor,2/4/26,, FA Contract ,"$11,800,000",4,2026,2029,  ,  ," $ 11,800,000 "," $ 11,800,000 "," $ 11,800,000 "," $ 11,800,000 ",  
Tarik Skubal,Ross & Jack Kantor,1/27/24,, FA Contract ,"$9,200,000", $ 4 ,2024,2027," $ 9,200,000 "," $ 9,200,000 "," $ 9,200,000 "," $ 9,200,000 ",  ,  ,  
Jurickson Profar,Ross & Jack Kantor,2/6/25,, FA Contract ,"$6,300,000",3,2025,2027,  ," $ 6,300,000 "," $ 6,300,000 "," $ 6,300,000 ",  ,  ,  
Ramon Laureano,Ross & Jack Kantor,2/2/26,, FA Contract ,"$6,100,000",3,2026,2028,  ,  ," $ 6,100,000 "," $ 6,100,000 "," $ 6,100,000 ",  ,  
Trevor Story,Ross & Jack Kantor,2/4/26,, FA Contract ,"$6,100,000",2,2026,2027,  ,  ," $ 6,100,000 "," $ 6,100,000 ",  ,  ,  
Wilyer Abreu,Ross & Jack Kantor,2/4/26,, FA Contract ,"$6,000,000",3,2026,2028,  ,  ," $ 6,000,000 "," $ 6,000,000 "," $ 6,000,000 ",  ,  
Edwin Diaz,Ross & Jack Kantor,1/27/24,, FA Contract ,"$5,300,000",4,2024,2027," $ 5,300,000 "," $ 5,300,000 "," $ 5,300,000 "," $ 5,300,000 ",  ,  ,  
Brandon Woodruff,Ross & Jack Kantor,2/21/26,, FA Contract ,"$5,000,000",2,2026,2027,  ,  ," $ 5,000,000 "," $ 5,000,000 ",  ,  ,  
Christian Walker,Ross & Jack Kantor,2/25/26,, FA Contract ,"$5,000,000",2,2026,2027,  ,  ," $ 5,000,000 "," $ 5,000,000 ",  ,  ,  
Peter Fairbanks,Ross & Jack Kantor,2/21/26,, FA Contract ,"$5,000,000",2,2026,2027,  ,  ," $ 5,000,000 "," $ 5,000,000 ",  ,  ,  
Griffin Jax,Ross & Jack Kantor,2/13/25,, FA Contract ,"$4,400,000",2,2025,2026,  ," $ 4,400,000 "," $ 4,400,000 ",  ,  ,  ,  
David Peterson,Ross & Jack Kantor,2/25/26,, FA Contract ,"$4,000,000",1,2026,2026,  ,  ," $ 4,000,000 ",  ,  ,  ,  
Tyler Rogers,Ross & Jack Kantor,2/25/26,, FA Contract ,"$4,000,000",2,2026,2027,  ,  ," $ 4,000,000 "," $ 4,000,000 ",  ,  ,  
Joc Pederson,Ross & Jack Kantor,3/5/25,7/30/25, Dropped ,"$5,000,000",2,2025,2026,  ," $ 4,000,000 "," $ 3,000,000 ",  ,  ,  ,  
Tobias Myers,Ross & Jack Kantor,3/5/25,, FA Contract ,"$3,000,000",2,2025,2026,  ," $ 3,000,000 "," $ 3,000,000 ",  ,  ,  ,  
Gabe Speier,Ross & Jack Kantor,2/25/26,, FA Contract ,"$2,500,000", $ 1 ,2026,2026,  ,  ," $ 2,500,000 ",  ,  ,  ,  
Reynaldo Lopez,Ross & Jack Kantor,2/15/25,, FA Contract ,"$2,200,000",2,2025,2026,  ," $ 2,200,000 "," $ 2,200,000 ",  ,  ,  ,  
Seth Lugo,Ross & Jack Kantor,1/30/25,, FA Contract ,"$2,200,000",2,2025,2026,  ," $ 2,200,000 "," $ 2,200,000 ",  ,  ,  ,  
Hunter Goodman,Ross & Jack Kantor,1/29/26,, YP Contract ,YP, YP ,2024,2026," $ 500,000 "," $ 1,000,000 "," $ 1,800,000 ",  ,  ,  ,  
Christian Scott,Ross & Jack Kantor,2/21/24,, YP Contract ,YP,YP,2024,2026," $ 500,000 "," $ 1,000,000 "," $ 1,500,000 ",  ,  ,  ,  
Noelvi Marte,Ross & Jack Kantor,2/21/24,, YP Contract ,YP,YP,2024,2026," $ 500,000 "," $ 1,000,000 "," $ 1,500,000 ",  ,  ,  ,  
Nolan Schanuel,Ross & Jack Kantor,2/21/24,, YP Contract ,YP,YP,2024,2026," $ 500,000 "," $ 1,000,000 "," $ 1,500,000 ",  ,  ,  ,  
Chandler Simpson,Ross & Jack Kantor,4/13/25,, YP Contract ,YP,YP,2025,2027,  ," $ 500,000 "," $ 1,000,000 "," $ 1,500,000 ",  ,  ,  
Hurston Waldrep,Ross & Jack Kantor,2/21/24,, YP Contract ,YP,YP,2025,2027,  ," $ 500,000 "," $ 1,000,000 "," $ 1,500,000 ",  ,  ,  
Kyle Teel ,Ross & Jack Kantor,2/26/24,, YP Contract ,YP, YP ,2025,2027,  ," $ 500,000 "," $ 1,000,000 "," $ 1,500,000 ",  ,  ,  
Luisangel Acuna ,Ross & Jack Kantor,2/21/24,, YP Contract ,YP,YP,2025,2027,  ," $ 500,000 "," $ 1,000,000 "," $ 1,500,000 ",  ,  ,  
Michael Wacha,Ross & Jack Kantor,2/25/26,, FA Contract ,"$1,000,000",1,2026,2026,  ,  ," $ 1,000,000 ",  ,  ,  ,  
Noah Cameron,Ross & Jack Kantor,5/4/25,, YP Contract ,YP,YP,2025,2027,  ," $ 500,000 "," $ 1,000,000 "," $ 1,500,000 ",  ,  ,  
CJ Kayfus,Ross & Jack Kantor,6/29/25,, YP Contract ,YP,YP,2026,2028,  ,  ," $ 500,000 "," $ 1,000,000 "," $ 1,500,000 ",  ,  
Harry Ford,Ross & Jack Kantor,2/21/24,, YP Contract ,YP,YP,2026,2028,  ,  ," $ 500,000 "," $ 1,000,000 "," $ 1,500,000 ",  ,  
Justin Crawford ,Ross & Jack Kantor,2/26/24,, YP Contract ,YP, YP ,2026,2028,  ,  ," $ 500,000 "," $ 1,000,000 "," $ 1,500,000 ",  ,  
Nolan McLean,Ross & Jack Kantor,5/18/25,, YP Contract ,YP,YP,2026,2028,  ,  ," $ 500,000 "," $ 1,000,000 "," $ 1,500,000 ",  ,  
Riley O'Brien,Ross & Jack Kantor,2/25/26,, FA Contract ,"$500,000",1,2026,2026,  ,  ," $ 500,000 ",  ,  ,  ,  
Angel Genao,Ross & Jack Kantor,2/7/26,, Minors ,YP,YP,,, $ -   , $ -   , $ -   , $ -   , $ -   , $ -   , $ -   
Cam Collier,Ross & Jack Kantor,6/16/24,, Minors ,YP,YP,,, $ -   , $ -   , $ -   , $ -   , $ -   , $ -   , $ -   
Carlos LaGrange,Ross & Jack Kantor,2/2/26,, Minors ,YP,YP,,, $ -   , $ -   , $ -   , $ -   , $ -   , $ -   , $ -   
Cooper Pratt,Ross & Jack Kantor,8/17/25,, Minors ,YP, YP ,,, $ -   , $ -   , $ -   , $ -   , $ -   , $ -   , $ -   
Jackson Ferris,Ross & Jack Kantor,9/15/24,, Minors ,YP,YP,,, $ -   , $ -   , $ -   , $ -   , $ -   , $ -   , $ -   
Jacob Reimer,Ross & Jack Kantor,2/2/26,, Minors ,YP,YP,,, $ -   , $ -   , $ -   , $ -   , $ -   , $ -   , $ -   
Jaxon Wiggins,Ross & Jack Kantor,9/7/25,, Minors ,YP,YP,,, $ -   , $ -   , $ -   , $ -   , $ -   , $ -   , $ -   
Jonny Farmelo,Ross & Jack Kantor,9/7/25,, Minors ,YP,YP,,, $ -   , $ -   , $ -   , $ -   , $ -   , $ -   , $ -   
Josuar Gonzalez,Ross & Jack Kantor,1/28/26,, Minors ,YP,YP,,, $ -   , $ -   , $ -   , $ -   , $ -   , $ -   , $ -   
JR Ritchie,Ross & Jack Kantor,9/7/25,, Minors ,YP,YP,,, $ -   , $ -   , $ -   , $ -   , $ -   , $ -   , $ -   
Kendry Chourio,Ross & Jack Kantor,2/8/26,, Minors ,YP, YP ,,, $ -   , $ -   , $ -   , $ -   , $ -   , $ -   , $ -   
Michael Arroyo,Ross & Jack Kantor,7/27/25,, Minors ,YP,YP,,, $ -   , $ -   , $ -   , $ -   , $ -   , $ -   , $ -   
Mike Sirota,Ross & Jack Kantor,1/28/26,, Minors ,YP,YP,,, $ -   , $ -   , $ -   , $ -   , $ -   , $ -   , $ -   
Noah Schultz,Ross & Jack Kantor,9/7/25,, Minors ,YP,YP,,, $ -   , $ -   , $ -   , $ -   , $ -   , $ -   , $ -   
Termarr Johnson,Ross & Jack Kantor,2/21/24,, Minors ,YP,YP,,, $ -   , $ -   , $ -   , $ -   , $ -   , $ -   , $ -   
Ronald Acuna Jr,Steve Cornish,1/27/24,, FA Contract ,"$44,000,000",5,2024,2028," $ 44,000,000 "," $ 44,000,000 "," $ 44,000,000 "," $ 44,000,000 "," $ 44,000,000 ",  ,  
Colson Montgomery,Steve Cornish,1/28/26,, FA Contract ,"$23,000,000",8,2026,2033,  ,  ," $ 23,000,000 "," $ 23,000,000 "," $ 23,000,000 "," $ 23,000,000 "," $ 23,000,000 "
Adley Rutschman,Steve Cornish,1/28/26,, FA Contract ,"$22,500,000",6,2026,2031,  ,  ," $ 22,500,000 "," $ 22,500,000 "," $ 22,500,000 "," $ 22,500,000 "," $ 22,500,000 "
Zack Wheeler,Steve Cornish,2/6/26,, FA Contract ,"$21,200,000",3,2026,2028,  ,  ," $ 21,200,000 "," $ 21,200,000 "," $ 21,200,000 ",  ,  
Geraldo Perdomo,Steve Cornish,1/28/26,, FA Contract ,"$19,500,000",5,2026,2030,  ,  ," $ 19,500,000 "," $ 19,500,000 "," $ 19,500,000 "," $ 19,500,000 "," $ 19,500,000 "
Ian Happ,Steve Cornish,1/28/26,, FA Contract ,"$12,000,000", $ 3 ,2026,2028,  ,  ," $ 12,000,000 "," $ 12,000,000 "," $ 12,000,000 ",  ,  
Jared Jones,Steve Cornish,2/3/26,, FA Contract ,"$11,100,000",4,2026,2029,  ,  ," $ 11,100,000 "," $ 11,100,000 "," $ 11,100,000 "," $ 11,100,000 ",  
Kodai Senga,Steve Cornish,2/3/26,, FA Contract ,"$8,200,000",2,2026,2027,  ,  ," $ 8,200,000 "," $ 8,200,000 ",  ,  ,  
Teoscar Hernandez,Steve Cornish,1/26/26,, FA Contract ,"$8,000,000",2,2026,2027,  ,  ," $ 8,000,000 "," $ 8,000,000 ",  ,  ,  
Gabriel Moreno,Steve Cornish,2/9/26,, FA Contract ,"$7,500,000", $ 3 ,2026,2028,  ,  ," $ 7,500,000 "," $ 7,500,000 "," $ 7,500,000 ",  ,  
Sean Manaea,Steve Cornish,2/5/25,, FA Contract ,"$7,000,000",2,2025,2026,  ," $ 7,000,000 "," $ 7,000,000 ",  ,  ,  ,  
Brenton Doyle,Steve Cornish,2/10/25,, FA Contract ,"$6,500,000",3,2025,2027,  ," $ 6,500,000 "," $ 6,500,000 "," $ 6,500,000 ",  ,  ,  
Tanner Houck,Steve Cornish,2/5/25,, FA Contract ,"$6,100,000",3,2025,2027,  ," $ 6,100,000 "," $ 6,100,000 "," $ 6,100,000 ",  ,  ,  
Casey Mize,Steve Cornish,2/12/26,, FA Contract ,"$5,900,000",3,2026,2028,  ,  ," $ 5,900,000 "," $ 5,900,000 "," $ 5,900,000 ",  ,  
Nick Martinez,Steve Cornish,2/13/26,, FA Contract ,"$5,500,000",2,2026,2027,  ,  ," $ 5,500,000 "," $ 5,500,000 ",  ,  ,  
Hunter Gaddis,Steve Cornish,2/25/26,, FA Contract ,"$5,000,000",2,2026,2027,  ,  ," $ 5,000,000 "," $ 5,000,000 ",  ,  ,  
Kyle Finnegan,Steve Cornish,2/19/26,, FA Contract ,"$5,000,000",2,2026,2027,  ,  ," $ 5,000,000 "," $ 5,000,000 ",  ,  ,  
Trevor Megill,Steve Cornish,2/18/26,, FA Contract ,"$5,000,000",2,2026,2027,  ,  ," $ 5,000,000 "," $ 5,000,000 ",  ,  ,  
David Festa,Steve Cornish,2/5/26,, FA Contract ,"$4,400,000",2,2026,2027,  ,  ," $ 4,400,000 "," $ 4,400,000 ",  ,  ,  
Sonny Gray,Steve Cornish,2/7/25,, FA Contract ,"$4,200,000",2,2025,2026,  ," $ 4,200,000 "," $ 4,200,000 ",  ,  ,  ,  
CJ Abrams,Steve Cornish,1/27/24,, FA Contract ,"$4,100,000",4,2024,2027," $ 4,100,000 "," $ 4,100,000 "," $ 4,100,000 "," $ 4,100,000 ",  ,  ,  
Andrew Kitteredge,Steve Cornish,2/25/26,, FA Contract ,"$4,000,000",2,2026,2027,  ,  ," $ 4,000,000 "," $ 4,000,000 ",  ,  ,  
Josh Bell,Steve Cornish,2/25/26,, FA Contract ,"$4,000,000",2,2026,2027,  ,  ," $ 4,000,000 "," $ 4,000,000 ",  ,  ,  
Matt Brash,Steve Cornish,2/25/26,, FA Contract ,"$4,000,000",2,2026,2027,  ,  ," $ 4,000,000 "," $ 4,000,000 ",  ,  ,  
Gleyber Torres,Steve Cornish,2/10/25,, FA Contract ,"$3,700,000",2,2025,2026,  ," $ 3,700,000 "," $ 3,700,000 ",  ,  ,  ,  
Jhoan Duran,Steve Cornish,2/3/25,, FA Contract ,"$2,400,000",2,2025,2026,  ," $ 2,400,000 "," $ 2,400,000 ",  ,  ,  ,  
Wyatt Langford,Steve Cornish,2/21/24,, YP Contract ,YP,YP,2024,2026," $ 500,000 "," $ 1,000,000 "," $ 1,500,000 ",  ,  ,  ,  
Brady House ,Steve Cornish,2/21/24,, YP Contract ,YP,YP,2025,2027,  ," $ 500,000 "," $ 1,000,000 "," $ 1,500,000 ",  ,  ,  
Cade Horton,Steve Cornish,2/21/24,, YP Contract ,YP,YP,2025,2027,  ," $ 500,000 "," $ 1,000,000 "," $ 1,500,000 ",  ,  ,  
Jackson Jobe,Steve Cornish,2/21/24,, YP Contract ,YP,YP,2025,2027,  ," $ 500,000 "," $ 1,000,000 "," $ 1,500,000 ",  ,  ,  
Jasson Dominguez,Steve Cornish,2/21/24,, YP Contract ,YP,YP,2025,2027,  ," $ 500,000 "," $ 1,000,000 "," $ 1,500,000 ",  ,  ,  
Matt Shaw ,Steve Cornish,2/21/24,, YP Contract ,YP,YP,2025,2027,  ," $ 500,000 "," $ 1,000,000 "," $ 1,500,000 ",  ,  ,  
Rhett Lowder,Steve Cornish,2/21/24,, YP Contract ,YP,YP,2025,2027,  ," $ 500,000 "," $ 1,000,000 "," $ 1,500,000 ",  ,  ,  
Tyler Locklear,Steve Cornish,2/21/24,, YP Contract ,YP,YP,2025,2027,  ," $ 500,000 "," $ 1,000,000 "," $ 1,500,000 ",  ,  ,  
Zach Dezenzo,Steve Cornish,3/3/24,, YP Contract ,YP, YP ,2025,2027,  ," $ 500,000 "," $ 1,000,000 "," $ 1,500,000 ",  ,  ,  
Bubba Chandler,Steve Cornish,2/21/24,, YP Contract ,YP,YP,2026,2028,  ,  ," $ 500,000 "," $ 1,000,000 "," $ 1,500,000 ",  ,  
Aiva Arquette,Steve Cornish,1/27/26,, Minors ,YP,YP,,, $ -   , $ -   , $ -   , $ -   , $ -   , $ -   , $ -   
Blaze Jordan,Steve Cornish,7/29/24,, Minors ,YP,YP,,, $ -   , $ -   , $ -   , $ -   , $ -   , $ -   , $ -   
Charlie Condon,Steve Cornish,1/28/25,, Minors ,YP,YP,,, $ -   , $ -   , $ -   , $ -   , $ -   , $ -   , $ -   
Christian Oppor,Steve Cornish,2/3/26,, Minors ,YP,YP,,, $ -   , $ -   , $ -   , $ -   , $ -   , $ -   , $ -   
Dylan Lesko,Steve Cornish,2/21/24,, Minors ,YP,YP,,, $ -   , $ -   , $ -   , $ -   , $ -   , $ -   , $ -   
Gabriel Rincones Jr.,Steve Cornish,2/17/26,, Minors ,YP,YP,,, $ -   , $ -   , $ -   , $ -   , $ -   , $ -   , $ -   
Gage Wood,Steve Cornish,1/29/26,, Minors ,YP,YP,,, $ -   , $ -   , $ -   , $ -   , $ -   , $ -   , $ -   
Hagen Smith,Steve Cornish,2/18/26,, Minors ,YP,YP,,, $ -   , $ -   , $ -   , $ -   , $ -   , $ -   , $ -   
Henry Baez,Steve Cornish,2/16/26,, Minors ,YP,YP,,, $ -   , $ -   , $ -   , $ -   , $ -   , $ -   , $ -   
Pablo Lopez,Steve Cornish,1/27/24,, Injured ,"$12,600,000",5,2024,2028, FALSE , FALSE , $ -   ," $ 12,600,000 "," $ 12,600,000 ",  ,  
Patrick Forbes,Steve Cornish,1/29/26,, Minors ,YP,YP,,, $ -   , $ -   , $ -   , $ -   , $ -   , $ -   , $ -   
Riley Quick,Steve Cornish,2/2/26,, Minors ,YP,YP,,, $ -   , $ -   , $ -   , $ -   , $ -   , $ -   , $ -   
Tanner McDougal,Steve Cornish,2/9/26,, Minors ,YP,YP,,, $ -   , $ -   , $ -   , $ -   , $ -   , $ -   , $ -   
Tekoah Roby,Steve Cornish,2/21/24,, Minors ,YP,YP,,, $ -   , $ -   , $ -   , $ -   , $ -   , $ -   , $ -   
TJ Rumfield,Steve Cornish,2/17/26,, Minors ,YP,YP,,, $ -   , $ -   , $ -   , $ -   , $ -   , $ -   , $ -   
Ty Johnson,Steve Cornish,2/10/26,, Minors ,YP,YP,,, $ -   , $ -   , $ -   , $ -   , $ -   , $ -   , $ -   
Tyson Neighbors,Steve Cornish,2/13/26,, Minors ,YP,YP,,, $ -   , $ -   , $ -   , $ -   , $ -   , $ -   , $ -   
Walker Jenkins ,Steve Cornish,2/21/24,, Minors ,YP, YP ,,, $ -   , $ -   , $ -   , $ -   , $ -   , $ -   , $ -   
Shohei Ohtani,Tyler Hart,1/27/24,, FA Contract ,"$34,500,000",5,2024,2028," $ 34,500,000 "," $ 34,500,000 "," $ 34,500,000 "," $ 34,500,000 "," $ 34,500,000 ",  ,  
Fernando Tatis Jr,Tyler Hart,1/27/24,, FA Contract ,"$25,700,000",4,2024,2027," $ 25,700,000 "," $ 25,700,000 "," $ 25,700,000 "," $ 25,700,000 ",  ,  ,  
Matt Olson,Tyler Hart,1/27/24,, FA Contract ,"$24,000,000",4,2024,2027," $ 24,000,000 "," $ 24,000,000 "," $ 24,000,000 "," $ 24,000,000 ",  ,  ,  
Roki Sasaki,Tyler Hart,1/28/25,, FA Contract ,"$23,000,000",12,2025,2036,  ," $ 23,000,000 "," $ 23,000,000 "," $ 23,000,000 "," $ 23,000,000 "," $ 23,000,000 "," $ 23,000,000 "
Tatsuya Imai,Tyler Hart,1/27/26,, FA Contract ,"$19,600,000",5,2026,2030,  ,  ," $ 19,600,000 "," $ 19,600,000 "," $ 19,600,000 "," $ 19,600,000 "," $ 19,600,000 "
Framber Valdez,Tyler Hart,2/3/26,, FA Contract ,"$18,200,000",5,2026,2030,  ,  ," $ 18,200,000 "," $ 18,200,000 "," $ 18,200,000 "," $ 18,200,000 "," $ 18,200,000 "
Moises Ballesteros,Tyler Hart,2/2/26,, FA Contract ,"$16,100,000",5,2026,2030,  ,  ," $ 16,100,000 "," $ 16,100,000 "," $ 16,100,000 "," $ 16,100,000 "," $ 16,100,000 "
Emmet Sheehan,Tyler Hart,2/5/26,, FA Contract ,"$14,300,000",5,2026,2030,  ,  ," $ 14,300,000 "," $ 14,300,000 "," $ 14,300,000 "," $ 14,300,000 "," $ 14,300,000 "
Willy Adames,Tyler Hart,2/3/26,, FA Contract ,"$14,200,000",5,2026,2030,  ,  ," $ 14,200,000 "," $ 14,200,000 "," $ 14,200,000 "," $ 14,200,000 "," $ 14,200,000 "
Paul Goldschmidt,Tyler Hart,1/27/24,, FA Contract ,"$11,500,000",3,2024,2026," $ 11,500,000 "," $ 11,500,000 "," $ 11,500,000 ",  ,  ,  ,  
Devin Williams,Tyler Hart,1/29/26,, FA Contract ,"$9,800,000",3,2026,2028,  ,  ," $ 9,800,000 "," $ 9,800,000 "," $ 9,800,000 ",  ,  
Grayson Rodriguez,Tyler Hart,1/27/24,, FA Contract ,"$9,100,000",3,2024,2026," $ 9,100,000 "," $ 9,100,000 "," $ 9,100,000 ",  ,  ,  ,  
Manny Machado,Tyler Hart,1/27/24,, FA Contract ,"$8,500,000",4,2024,2027," $ 8,500,000 "," $ 8,500,000 "," $ 8,500,000 "," $ 8,500,000 ",  ,  ,  
Brandon Lowe,Tyler Hart,2/13/26,, FA Contract ,"$8,200,000",3,2026,2028,  ,  ," $ 8,200,000 "," $ 8,200,000 "," $ 8,200,000 ",  ,  
Aroldis Chapman,Tyler Hart,2/10/26,, FA Contract ,"$8,100,000",2,2026,2027,  ,  ," $ 8,100,000 "," $ 8,100,000 ",  ,  ,  
Freddy Peralta,Tyler Hart,1/27/24,, FA Contract ,"$7,500,000",4,2024,2027," $ 7,500,000 "," $ 7,500,000 "," $ 7,500,000 "," $ 7,500,000 ",  ,  ,  
Spencer Schwellenbach,Tyler Hart,2/7/25,, FA Contract ,"$7,300,000",3,2025,2027,  ," $ 7,300,000 "," $ 7,300,000 "," $ 7,300,000 ",  ,  ,  
Randy Arozarena,Tyler Hart,1/27/24,, FA Contract ,"$7,000,000",4,2024,2027," $ 7,000,000 "," $ 7,000,000 "," $ 7,000,000 "," $ 7,000,000 ",  ,  ,  
Tanner Scott,Tyler Hart,2/13/25,, FA Contract ,"$6,700,000",3,2025,2027,  ," $ 6,700,000 "," $ 6,700,000 "," $ 6,700,000 ",  ,  ,  
Jackson Chourio,Tyler Hart,1/27/24,, FA Contract ,"$6,500,000",3,2024,2026," $ 6,500,000 "," $ 6,500,000 "," $ 6,500,000 ",  ,  ,  ,  
Ha-Seong Kim,Tyler Hart,1/27/24,, FA Contract ,"$5,100,000",3,2024,2026," $ 5,100,000 "," $ 5,100,000 "," $ 5,100,000 ",  ,  ,  ,  
Jonathan India,Tyler Hart,2/13/25,, FA Contract ,"$5,100,000",3,2025,2027,  ," $ 5,100,000 "," $ 5,100,000 "," $ 5,100,000 ",  ,  ,  
Daylen Lile,Tyler Hart,2/25/2026,, FA Contract ,"$5,000,000",1,2026,2026,  ,  ," $ 5,000,000 ",,,,
Lucas Erceg,Tyler Hart,2/4/25,, FA Contract ,"$4,400,000",2,2025,2026,  ," $ 4,400,000 "," $ 4,400,000 ",  ,  ,  ,  
Anthony Volpe,Tyler Hart,2/25/26,, FA Contract ,"$4,000,000",1,2026,2026,  ,  ," $ 4,000,000 ",  ,  ,  ,  
Bryan Abreu,Tyler Hart,9/2/24,, FA Contract ,"$4,000,000",2,2025,2026,  ," $ 4,000,000 "," $ 4,000,000 ",  ,  ,  ,  
Grant Taylor,Tyler Hart,2/25/26,, FA Contract ,"$4,000,000",2,2026,2027,  ,  ," $ 4,000,000 "," $ 4,000,000 ",  ,  ,  
Andy Pages,Tyler Hart,5/12/24,, YP Contract ,YP,YP,2024,2026," $ 500,000 "," $ 1,000,000 "," $ 1,500,000 ",  ,  ,  ,  
Junior Caminero ,Tyler Hart,2/21/24,, YP Contract ,YP, YP ,2024,2026," $ 500,000 "," $ 1,000,000 "," $ 1,500,000 ",  ,  ,  ,  
Shota Imanaga ,Tyler Hart,2/21/24,, YP Contract ,YP,YP,2024,2026," $ 500,000 "," $ 1,000,000 "," $ 1,500,000 ",  ,  ,  ,  
Agustin Ramirez,Tyler Hart,7/28/24,, YP Contract ,YP, YP ,2025,2027,  ," $ 500,000 "," $ 1,000,000 "," $ 1,500,000 ",  ,  ,  
Nick Kurtz,Tyler Hart,1/29/25,, YP Contract ,YP,YP,2025,2027,  ," $ 500,000 "," $ 1,000,000 "," $ 1,500,000 ",  ,  ,  
Thomas Saggese,Tyler Hart,2/24/24,, YP Contract ,YP, YP ,2025,2027,  ," $ 500,000 "," $ 1,000,000 "," $ 1,500,000 ",  ,  ,  
Sal Stewart,Tyler Hart,4/27/25,, YP Contract ,YP,YP,2026,2028,  ,  ," $ 500,000 "," $ 1,000,000 "," $ 1,500,000 ",  ,  
Samuel Basallo,Tyler Hart,2/21/24,, YP Contract ,YP,YP,2026,2028,  ,  ," $ 500,000 "," $ 1,000,000 "," $ 1,500,000 ",  ,  
Aron Estrada,Tyler Hart,8/24/25,, Minors ,YP,YP,,, $ -   , $ -   , $ -   , $ -   , $ -   , $ -   , $ -   
Dauri Fernandez,Tyler Hart,2/9/26,, Minors ,YP,YP,,, $ -   , $ -   , $ -   , $ -   , $ -   , $ -   , $ -   
Edward Florentino,Tyler Hart,8/24/25,, Minors ,YP,YP,,, $ -   , $ -   , $ -   , $ -   , $ -   , $ -   , $ -   
Emmanuel Rodriguez,Tyler Hart,1/30/26,, Minors ,YP,YP,,, $ -   , $ -   , $ -   , $ -   , $ -   , $ -   , $ -   
Franklin Arias,Tyler Hart,2/7/25,, Minors ,YP,YP,,, $ -   , $ -   , $ -   , $ -   , $ -   , $ -   , $ -   
Hau Yu Lee,Tyler Hart,2/16/26,, Minors ,YP,YP,,, $ -   , $ -   , $ -   , $ -   , $ -   , $ -   , $ -   
Jeral Perez,Tyler Hart,5/12/24,, Minors ,YP,YP,,, $ -   , $ -   , $ -   , $ -   , $ -   , $ -   , $ -   
Jett Williams,Tyler Hart,1/30/26,, Minors ,YP,YP,,, $ -   , $ -   , $ -   , $ -   , $ -   , $ -   , $ -   
Lazaro Montes,Tyler Hart,2/21/24,, Minors ,YP,YP,,, $ -   , $ -   , $ -   , $ -   , $ -   , $ -   , $ -   
Luis Pena,Tyler Hart,4/13/25,, Minors ,YP,YP,,, $ -   , $ -   , $ -   , $ -   , $ -   , $ -   , $ -   
Luke Adams,Tyler Hart,8/24/25,, Minors ,YP,YP,,, $ -   , $ -   , $ -   , $ -   , $ -   , $ -   , $ -   
Nate George,Tyler Hart,1/31/26,, Minors ,YP, YP ,,, $ -   , $ -   , $ -   , $ -   , $ -   , $ -   , $ -   
Rainiel Rodriguez,Tyler Hart,8/17/25,, Minors ,YP,YP,,, $ -   , $ -   , $ -   , $ -   , $ -   , $ -   , $ -   
Sam Antonacci,Tyler Hart,2/8/26,, Minors ,YP,YP,,, $ -   , $ -   , $ -   , $ -   , $ -   , $ -   , $ -   
Trey Gibson,Tyler Hart,8/24/25,, Minors ,YP,YP,,, $ -   , $ -   , $ -   , $ -   , $ -   , $ -   , $ -   
Bryan Woo,Zack Semler,1/27/26,, FA Contract ,"$36,500,000",15,2026,2040,  ,  ," $ 36,500,000 "," $ 36,500,000 "," $ 36,500,000 "," $ 36,500,000 "," $ 36,500,000 "
Hunter Greene,Zack Semler,1/27/26,, FA Contract ,"$36,500,000",15,2026,2040,  ,  ," $ 36,500,000 "," $ 36,500,000 "," $ 36,500,000 "," $ 36,500,000 "," $ 36,500,000 "
Munetaka Murakami,Zack Semler,2/6/26,, FA Contract ,"$21,100,000",8,2026,2033,  ,  ," $ 21,100,000 "," $ 21,100,000 "," $ 21,100,000 "," $ 21,100,000 "," $ 21,100,000 "
Sal Frelick,Zack Semler,1/28/26,, FA Contract ,"$20,100,000",6,2026,2031,  ,  ," $ 20,100,000 "," $ 20,100,000 "," $ 20,100,000 "," $ 20,100,000 "," $ 20,100,000 "
Mason Miller ,Zack Semler,1/29/26,, FA Contract ,"$18,400,000",7,2026,2032,  ,  ," $ 18,400,000 "," $ 18,400,000 "," $ 18,400,000 "," $ 18,400,000 "," $ 18,400,000 "
Zac Gallen,Zack Semler,1/27/24,, FA Contract ,"$17,600,000",3,2024,2026," $ 17,600,000 "," $ 17,600,000 "," $ 17,600,000 ",  ,  ,  ,  
Jack Leiter,Zack Semler,2/12/26,, FA Contract ,"$16,400,000",5,2026,2030,  ,  ," $ 16,400,000 "," $ 16,400,000 "," $ 16,400,000 "," $ 16,400,000 "," $ 16,400,000 "
Abner Uribe,Zack Semler,2/10/26,, FA Contract ,"$14,300,000",5,2026,2030,  ,  ," $ 14,300,000 "," $ 14,300,000 "," $ 14,300,000 "," $ 14,300,000 "," $ 14,300,000 "
Jose Altuve,Zack Semler,1/27/24,, FA Contract ,"$11,000,000",4,2024,2027," $ 11,000,000 "," $ 11,000,000 "," $ 11,000,000 "," $ 11,000,000 ",  ,  ,  
Bo Bichette,Zack Semler,1/27/24,, FA Contract ,"$10,600,000",5,2024,2028," $ 10,600,000 "," $ 10,600,000 "," $ 10,600,000 "," $ 10,600,000 "," $ 10,600,000 ",  ,  
Luis Arraez,Zack Semler,1/27/24,, FA Contract ,"$10,300,000",5,2024,2028," $ 10,300,000 "," $ 10,300,000 "," $ 10,300,000 "," $ 10,300,000 "," $ 10,300,000 ",  ,  
Lawrence Butler,Zack Semler,2/4/26,, FA Contract ,"$7,200,000",3,2025,2027,  ," $ 7,200,000 "," $ 7,200,000 "," $ 7,200,000 ",  ,  ,  
Jung Hoo Lee,Zack Semler,2/19/26,, FA Contract ,"$7,100,000",3,2025,2027,  ," $ 7,100,000 "," $ 7,100,000 "," $ 7,100,000 ",  ,  ,  
Royce Lewis,Zack Semler,1/27/24,, FA Contract ,"$5,500,000",4,2024,2027," $ 5,500,000 "," $ 5,500,000 "," $ 5,500,000 "," $ 5,500,000 ",  ,  ,  
Carlos Estevez,Zack Semler,2/25/26,, FA Contract ,"$5,000,000",1,2026,2026,  ,  ," $ 5,000,000 ",  ,  ,  ,  
Jose Caballero,Zack Semler,2/25/26,, FA Contract ,"$5,000,000",1,2026,2026,  ,  ," $ 5,000,000 ",  ,  ,  ,  
Josh Jung ,Zack Semler,2/25/26,, FA Contract ,"$5,000,000",2,2026,2027,  ,  ," $ 5,000,000 "," $ 5,000,000 ",  ,  ,  
Quinn Priester ,Zack Semler,2/25/26,, FA Contract ,"$5,000,000",2,2026,2027,  ,  ," $ 5,000,000 "," $ 5,000,000 ",  ,  ,  
Willi Castro,Zack Semler,2/25/26,, FA Contract ,"$5,000,000",1,2026,2026,  ,  ," $ 5,000,000 ",  ,  ,  ,  
Jacob Lopez,Zack Semler,2/25/26,, FA Contract ,"$4,000,000",2,2026,2027,  ,  ," $ 4,000,000 "," $ 4,000,000 ",  ,  ,  
Jeremiah Estrada,Zack Semler,2/25/26,, FA Contract ,"$4,000,000",2,2026,2027,  ,  ," $ 4,000,000 "," $ 4,000,000 ",  ,  ,  
Joey Cantillo,Zack Semler,2/25/26,, FA Contract ,"$4,000,000",1,2026,2026,  ,  ," $ 4,000,000 ",  ,  ,  ,  
Mick Abel,Zack Semler,2/25/26,, FA Contract ,"$4,000,000",2,2026,2027,  ,  ," $ 4,000,000 "," $ 4,000,000 ",  ,  ,  
Brice Matthews,Zack Semler,2/25/26,, FA Contract ,"$3,000,000",2,2026,2027,  ,  ," $ 3,000,000 "," $ 3,000,000 ",  ,  ,  
Jose Alvarado,Zack Semler,2/25/26,, FA Contract ,"$2,500,000",1,2026,2026,  ,  ," $ 2,500,000 ",  ,  ,  ,  
Ben Rice,Zack Semler,2/21/24,, YP Contract ,YP,YP,2024,2026," $ 500,000 "," $ 1,000,000 "," $ 1,500,000 ",  ,  ,  ,  
Michael Busch,Zack Semler,2/21/24,, YP Contract ,YP,YP,2024,2026," $ 500,000 "," $ 1,000,000 "," $ 1,500,000 ",  ,  ,  ,  
Cam Schlittler,Zack Semler,6/29/25,, YP Contract ,YP,YP,2025,2027,  ," $ 500,000 "," $ 1,000,000 "," $ 1,500,000 ",  ,  ,  
Edgardo Henriquez,Zack Semler,4/27/25,, YP Contract ,YP,YP,2025,2027,  ," $ 500,000 "," $ 1,000,000 "," $ 1,500,000 ",  ,  ,  
Elvis Alvarado,Zack Semler,2/25/26,, FA Contract ,"$1,000,000",1,2026,2026,  ,  ," $ 1,000,000 ",  ,  ,  ,  
Robert Gasser,Zack Semler,2/21/24,, YP Contract ,YP,YP,2025,2027,  ," $ 500,000 "," $ 1,000,000 "," $ 1,500,000 ",  ,  ,  
Alex Clemmey,Zack Semler,3/1/24,, YP Contract ,YP, YP ,2026,2028,  ,  ," $ 500,000 "," $ 1,000,000 "," $ 1,500,000 ",  ,  
Deyvison De Los Santos,Zack Semler,6/8/25,, YP Contract ,YP,YP,2026,2028,  ,  ," $ 500,000 "," $ 1,000,000 "," $ 1,500,000 ",  ,  
Jurrangelo Cijntje,Zack Semler,6/22/25,, YP Contract ,YP,YP,2026,2028,  ,  ," $ 500,000 "," $ 1,000,000 "," $ 1,500,000 ",  ,  
Kevin McGonigle,Zack Semler,4/12/25,, YP Contract ,YP, YP ,2026,2028,  ,  ," $ 500,000 "," $ 1,000,000 "," $ 1,500,000 ",  ,  
Adonys Guzman,Zack Semler,2/18/26,, Minors ,YP,YP,,, $ -   , $ -   , $ -   , $ -   , $ -   , $ -   , $ -   
Anthony Eyanson,Zack Semler,2/6/26,, Minors ,YP,YP,,, $ -   , $ -   , $ -   , $ -   , $ -   , $ -   , $ -   
Ching-Hsien Ko,Zack Semler,8/3/25,, Minors ,YP,YP,,, $ -   , $ -   , $ -   , $ -   , $ -   , $ -   , $ -   
Dax Kilby,Zack Semler,1/27/26,, Minors ,YP,YP,,, $ -   , $ -   , $ -   , $ -   , $ -   , $ -   , $ -   
Eduardo Tait,Zack Semler,8/3/25,, Minors ,YP,YP,,, $ -   , $ -   , $ -   , $ -   , $ -   , $ -   , $ -   
Elian Pena,Zack Semler,8/24/25,, Minors ,YP,YP,,, $ -   , $ -   , $ -   , $ -   , $ -   , $ -   , $ -   
Ethan Frey,Zack Semler,2/16/26,, Minors ,YP,YP,,, $ -   , $ -   , $ -   , $ -   , $ -   , $ -   , $ -   
Felnin Celesten,Zack Semler,4/27/25,, Minors ,YP,YP,,, $ -   , $ -   , $ -   , $ -   , $ -   , $ -   , $ -   
Francisco Renteria,Zack Semler,2/9/26,, Minors ,YP,YP,,, $ -   , $ -   , $ -   , $ -   , $ -   , $ -   , $ -   
Jace LaViolette,Zack Semler,1/29/26,, Minors ,YP,YP,,, $ -   , $ -   , $ -   , $ -   , $ -   , $ -   , $ -   
Josh Hammond,Zack Semler,1/30/26,, Minors ,YP,YP,,, $ -   , $ -   , $ -   , $ -   , $ -   , $ -   , $ -   
Kyson Witherspoon,Zack Semler,1/29/26,, Minors ,YP,YP,,, $ -   , $ -   , $ -   , $ -   , $ -   , $ -   , $ -   
Quinn Mathews,Zack Semler,2/12/26,, Minors ,YP,YP,,, $ -   , $ -   , $ -   , $ -   , $ -   , $ -   , $ -   
Sammy Stafura,Zack Semler,4/13/25,, Minors ,YP,YP,,, $ -   , $ -   , $ -   , $ -   , $ -   , $ -   , $ -   
Wei-en Lin,Zack Semler,2/3/26,, Minors ,YP,YP,,, $ -   , $ -   , $ -   , $ -   , $ -   , $ -   , $ -   
JP Sears,,5/11/25,11/16/25,,,,,,  ,  ,  ,  ,  ,  ,  
JT Realmuto,,3/5/24,11/16/25,,,,,,  ,  ,  ,  ,  ,  ,  
Juan Morillo,,6/22/25,6/29/25,,,,,,  ,  ,  ,  ,  ,  ,  
Julian Merryweather,,11/12/24,,,,,,,  ,  ,  ,  ,  ,  ,  
Juse Butto,,5/13/24,,,,,,,  ,  ,  ,  ,  ,  ,  
Justin Slaten,,11/12/24,,,,,,,  ,  ,  ,  ,  ,  ,  
Justin Steele,,1/27/24,11/16/25,,,,,,  ,  ,  ,  ,  ,  ,  
Justin Turner,,3/5/24,11/16/25,,,,,,  ,  ,  ,  ,  ,  ,  
Justin Verlander,,3/16/25,11/16/25,,,,,,  ,  ,  ,  ,  ,  ,  
Justyn-Henry Malloy,,4/13/25,5/3/25,,,,,,  ,  ,  ,  ,  ,  ,  
Kameron Misner,,4/27/25,11/16/25,,,,,,  ,  ,  ,  ,  ,  ,  
Ke'Bryan Hayes,,3/5/25,4/23/25,,,,,,  ,  ,  ,  ,  ,  ,  
Keaton Winn,,2/21/24,2/12/25,,,,,,  ,  ,  ,  ,  ,  ,  
Keegan Akin,,9/21/25,11/16/25,,,,,,  ,  ,  ,  ,  ,  ,  
Keibert Ruiz,,3/5/24,11/16/25,,,,,,  ,  ,  ,  ,  ,  ,  
Keider Montero,,6/15/25,6/22/25,,,,,,  ,  ,  ,  ,  ,  ,  
Kenley Jansen,,3/5/24,11/16/25,,,,,,  ,  ,  ,  ,  ,  ,  
Kenta Maeda,,3/5/24,11/16/25,,,,,,  ,  ,  ,  ,  ,  ,  
Kevin Ginkel,,6/7/24,,,,,,,  ,  ,  ,  ,  ,  ,  
Kevin Newman,,11/18/24,,,,,,,  ,  ,  ,  ,  ,  ,  
Kevin Pillar,,8/9/24,,,,,,,  ,  ,  ,  ,  ,  ,  
Kike Hernandez,,11/18/24,,,,,,,  ,  ,  ,  ,  ,  ,  
Kirby Yates,,3/16/25,9/5/25,,,,,,  ,  ,  ,  ,  ,  ,  
Kody Clemens,,5/31/24,,,,,,,  ,  ,  ,  ,  ,  ,  
Kris Bryant,,9/1/24,,,,,,,  ,  ,  ,  ,  ,  ,  
Kris Bubic,,4/6/25,11/16/25,,,,,,  ,  ,  ,  ,  ,  ,  
Kumar Rocker,,2/15/25,11/16/25,,,,,,  ,  ,  ,  ,  ,  ,  
Kutter Crawford,,11/12/24,,,,,,,  ,  ,  ,  ,  ,  ,  
Kyle Bradish,,1/27/24,11/16/25,,,,,,  ,  ,  ,  ,  ,  ,  
Kyle Finnegan,,3/16/25,11/16/25,,,,,,  ,  ,  ,  ,  ,  ,  
Kyle Freeland,,8/16/24,,,,,,,  ,  ,  ,  ,  ,  ,  
Kyle Gibson,,3/5/24,11/16/25,,,,,,  ,  ,  ,  ,  ,  ,  
Kyle Harrison,,2/21/24,3/24/25,,,,,,  ,  ,  ,  ,  ,  ,  
Kyle Hendricks,,5/20/24,,,,,,,  ,  ,  ,  ,  ,  ,  
Kyle Hurt,,7/19/24,,,,,,,  ,  ,  ,  ,  ,  ,  
Kyle Manzardo ,,2/21/24,1/6/26,,,,,,  ,  ,  ,  ,  ,  ,  
Kyren Paris,,4/13/25,4/25/25,,,,,,  ,  ,  ,  ,  ,  ,  
LaMonte Wade Jr,,11/12/24,,,,,,,  ,  ,  ,  ,  ,  ,  
Lance Lynn,,3/5/24,11/16/25,,,,,,  ,  ,  ,  ,  ,  ,  
Lance McCullers Jr,,6/8/25,6/15/25,,,,,,  ,  ,  ,  ,  ,  ,  
Landen Roupp,,4/20/25,7/11/25,,,,,,  ,  ,  ,  ,  ,  ,  
Landon Knack,,7/28/24,6/6/25,,,,,,  ,  ,  ,  ,  ,  ,  
Lane Thomas,,3/5/24,6/23/25,,,,,,  ,  ,  ,  ,  ,  ,  
Lars Nootbaar,,3/5/24,11/16/25,,,,,,  ,  ,  ,  ,  ,  ,  
Lenyn Sosa,,8/24/25,9/4/25,,,,,,  ,  ,  ,  ,  ,  ,  
Leody Taveras,,3/5/24,11/16/25,,,,,,  ,  ,  ,  ,  ,  ,  
Logan Allen,,2/21/24,11/16/25,,,,,,  ,  ,  ,  ,  ,  ,  
Logan Henderson,,8/11/25,1/6/26,,,,,,  ,  ,  ,  ,  ,  ,  
Logan O'Hoppe,,2/21/24,9/5/25,,,,,,  ,  ,  ,  ,  ,  ,  
Louie Varland,,2/27/24,11/16/25,,,,,,  ,  ,  ,  ,  ,  ,  
Lourdes Gurriel Jr.,,3/5/24,11/16/25,,,,,,  ,  ,  ,  ,  ,  ,  
Lucas Giolito,,7/6/25,11/16/25,,,,,,  ,  ,  ,  ,  ,  ,  
Luis Campusano,,11/18/24,,,,,,,  ,  ,  ,  ,  ,  ,  
Luis Garcia,,7/20/25,7/21/25,,,,,,  ,  ,  ,  ,  ,  ,  
Luis Gil,,9/14/25,11/16/25,,,,,,  ,  ,  ,  ,  ,  ,  
Luis Medina,,4/30/24,,,,,,,  ,  ,  ,  ,  ,  ,  
Luis Morales,,9/21/25,11/16/25,,,,,,  ,  ,  ,  ,  ,  ,  
Luis Ortiz,,3/5/25,8/1/25,,,,,,  ,  ,  ,  ,  ,  ,  
Luis Rengifo,,3/5/25,5/16/25,,,,,,  ,  ,  ,  ,  ,  ,  
Luis Severino,,3/5/25,11/16/25,,,,,,  ,  ,  ,  ,  ,  ,  
Luke Jackson,,3/30/25,5/4/25,,,,,,  ,  ,  ,  ,  ,  ,  
Luke Little,,2/27/24,3/10/25,,,,,,  ,  ,  ,  ,  ,  ,  
Luke Raley,,7/26/24,,,,,,,  ,  ,  ,  ,  ,  ,  
Luke Weaver,,3/5/25,11/16/25,,,,,,  ,  ,  ,  ,  ,  ,  
Marcell Ozuna,,1/27/24,11/16/25,,,,,,  ,  ,  ,  ,  ,  ,  
Marco Luciano,,2/21/24,2/4/25,,,,2024,,  ,  ,  ,  ,  ,  ,  
Marcus Semien,,1/27/24,11/16/25,,,,,,  ,  ,  ,  ,  ,  ,  
Marcus Stroman,,3/5/24,11/16/25,,,,,,  ,  ,  ,  ,  ,  ,  
Mark Canha,,11/11/24,,,,,,,  ,  ,  ,  ,  ,  ,  
Mark Vientos,,2/21/24,11/16/25,,,,,,  ,  ,  ,  ,  ,  ,  
Martin Perez,,4/13/25,8/16/25,,,,,,  ,  ,  ,  ,  ,  ,  
Masataka Yoshida,,1/27/24,9/7/25,,,,,,  ,  ,  ,  ,  ,  ,  
Matt Brash,,9/14/25,11/16/25,,,,,,  ,  ,  ,  ,  ,  ,  
Matt Vierling,,11/11/24,,,,,,,  ,  ,  ,  ,  ,  ,  
Matt Waldron,,11/11/24,,,,,,,  ,  ,  ,  ,  ,  ,  
Matt Wallner ,,4/13/25,7/7/25,,,,,,  ,  ,  ,  ,  ,  ,  
Matthew Boyd,,5/18/25,11/16/25,,,,,,  ,  ,  ,  ,  ,  ,  
Matthew Liberatore,,6/15/25,7/26/25,,,,,,  ,  ,  ,  ,  ,  ,  
Max Kepler,,7/2/24,,,,,,,  ,  ,  ,  ,  ,  ,  
Max Muncy,,3/5/24,11/16/25,,,,,,  ,  ,  ,  ,  ,  ,  
Max Scherzer,,9/14/25,9/21/25,,,,,,  ,  ,  ,  ,  ,  ,  
Merril Kelly,,3/5/24,11/16/25,,,,,,  ,  ,  ,  ,  ,  ,  
Michael Conforto,,3/16/25,5/4/25,,,,,,  ,  ,  ,  ,  ,  ,  
Michael King,,3/5/24,11/16/25,,,,,,  ,  ,  ,  ,  ,  ,  
Michael Kopech,,6/3/24,,,,,,,  ,  ,  ,  ,  ,  ,  
Michael Lorenzen,,5/18/25,6/15/25,,,,,,  ,  ,  ,  ,  ,  ,  
Michael McGreevy,,8/10/25,11/16/25,,,,,,  ,  ,  ,  ,  ,  ,  
Michael Toglia,,3/16/25,11/16/25,,,,,,  ,  ,  ,  ,  ,  ,  
Michael Wacha,,3/5/25,11/16/25,,,,,,  ,  ,  ,  ,  ,  ,  
Mick Abel,,2/21/24,1/6/26,,,,,,  ,  ,  ,  ,  ,  ,  
Miguel Amaya,,3/30/25,4/13/25,,,,,,  ,  ,  ,  ,  ,  ,  
Miguel Andujar,,8/11/25,11/16/25,,,,,,  ,  ,  ,  ,  ,  ,  
Miguel Vargas,,8/19/24,,,,,,,  ,  ,  ,  ,  ,  ,  
Mike Soroka,,8/3/25,8/5/25,,,,,,  ,  ,  ,  ,  ,  ,  
Mike Tauchman,,6/3/24,,,,,,,  ,  ,  ,  ,  ,  ,  
Mike Yastrzemski,,4/20/25,11/16/25,,,,,,  ,  ,  ,  ,  ,  ,  
Miles Mikolas,,3/5/24,11/16/25,,,,,,  ,  ,  ,  ,  ,  ,  
Mitch Garver,,8/4/24,,,,,,,  ,  ,  ,  ,  ,  ,  
Mitch Haniger,,5/6/24,,,,,,,  ,  ,  ,  ,  ,  ,  
Mitch Keller,,3/5/24,11/16/25,,,,,,  ,  ,  ,  ,  ,  ,  
Mitchell Parker,,3/23/25,5/18/25,,,,,,  ,  ,  ,  ,  ,  ,  
MJ Melendez,,3/5/25,4/20/25,,,,,,  ,  ,  ,  ,  ,  ,  
Nacho Alvarez,,11/12/24,,,,,,,  ,  ,  ,  ,  ,  ,  
Nathan Eovaldi,,3/5/25,11/16/25,,,,,,  ,  ,  ,  ,  ,  ,  
Nathaniel Lowe,,3/5/24,11/16/25,,,,,,  ,  ,  ,  ,  ,  ,  
Nazier Mule,,4/13/25,8/3/25,,,,,,  ,  ,  ,  ,  ,  ,  
Nelson Velazquez,,8/19/24,,,,,,,  ,  ,  ,  ,  ,  ,  
Nestor Cortes,,3/5/25,11/16/25,,,,,,  ,  ,  ,  ,  ,  ,  
Nick Castellanos,,3/5/25,11/16/25,,,,,,  ,  ,  ,  ,  ,  ,  
Nick Frasso,,2/21/24,1/6/26,,,,,,  ,  ,  ,  ,  ,  ,  
Nick Gonzales,,3/16/25,6/6/25,,,,,,  ,  ,  ,  ,  ,  ,  
Nick Lodolo,,2/7/25,11/16/25,,,,,,  ,  ,  ,  ,  ,  ,  
Nick Loftin,,4/7/24,,,,,,,  ,  ,  ,  ,  ,  ,  
Nick Martinez,,3/5/25,11/16/25,,,,,,  ,  ,  ,  ,  ,  ,  
Nick Nastrini,,3/5/24,1/30/25,,,,,,  ,  ,  ,  ,  ,  ,  
Nick Pivetta,,3/5/24,11/16/25,,,,,,  ,  ,  ,  ,  ,  ,  
Nolan Arenado,,3/5/25,1/6/26,,,,,,  ,  ,  ,  ,  ,  ,  
Nolan Gorman,,3/5/25,11/16/25,,,,,,  ,  ,  ,  ,  ,  ,  
Nolan Jones,,1/27/24,1/24/26,,,,,,  ,  ,  ,  ,  ,  ,  
Orion Kerkering,,5/11/25,8/23/25,,,,,,  ,  ,  ,  ,  ,  ,  
Orlando Arcia,,3/5/24,3/16/25,,,,,,  ,  ,  ,  ,  ,  ,  
Oscar Colas,,4/30/24,,,,,,,  ,  ,  ,  ,  ,  ,  
Oswaldo Cabrera,,6/3/24,,,,,,,  ,  ,  ,  ,  ,  ,  
Oswaldo Cabrera,,4/28/24,,,,,,,  ,  ,  ,  ,  ,  ,  
Owen Caissie,,2/21/24,1/6/26,,,,,,  ,  ,  ,  ,  ,  ,  
Ozzie Albies,,1/27/24,11/16/25,,,,,,  ,  ,  ,  ,  ,  ,  
Parker Messick,,9/7/25,11/16/25,,,,,,  ,  ,  ,  ,  ,  ,  
Patrick Bailey,,8/18/24,,,,,,,  ,  ,  ,  ,  ,  ,  
Patrick Corbin,,6/22/25,6/29/25,,,,,,  ,  ,  ,  ,  ,  ,  
Patrick Sandoval,,7/19/24,,,,,,,  ,  ,  ,  ,  ,  ,  
Paul Blackburn,,11/11/24,,,,,,,  ,  ,  ,  ,  ,  ,  
Paul DeJong,,9/16/24,,,,,,,  ,  ,  ,  ,  ,  ,  
Paul Sewald,,3/5/24,7/11/25,,,,,,  ,  ,  ,  ,  ,  ,  
Pavin Smith,,4/27/25,11/16/25,,,,,,  ,  ,  ,  ,  ,  ,  
Payton Eeles,,4/27/25,8/24/25,,,,,,  ,  ,  ,  ,  ,  ,  
Peter Fairbanks,,3/5/24,11/16/25,,,,,,  ,  ,  ,  ,  ,  ,  
Phil Maton,,7/6/25,7/18/25,,,,,,  ,  ,  ,  ,  ,  ,  
Prelander Berroa,,3/27/24,,,,,,,  ,  ,  ,  ,  ,  ,  
Quinn Priester ,,6/22/25,11/16/25,,,,,,  ,  ,  ,  ,  ,  ,  
Randy Rodriguez,,6/1/25,8/31/25,,,,,,  ,  ,  ,  ,  ,  ,  
Randy Vazquez,,5/11/25,5/18/25,,,,,,  ,  ,  ,  ,  ,  ,  
Reed Garrett,,4/13/25,7/7/25,,,,,,  ,  ,  ,  ,  ,  ,  
Reese Olson,,2/21/24,11/16/25,,,,,,  ,  ,  ,  ,  ,  ,  
Reid Detmers,,11/11/24,,,,,,,  ,  ,  ,  ,  ,  ,  
Rhys Hoskins,,3/5/24,6/22/25,,,,,,  ,  ,  ,  ,  ,  ,  
Richard Fitts,,4/6/25,6/2/25,,,,,,  ,  ,  ,  ,  ,  ,  
Richie Palacios,,5/29/24,,,,,,,  ,  ,  ,  ,  ,  ,  
Robbie Ray,,3/5/25,11/16/25,,,,,,  ,  ,  ,  ,  ,  ,  
Robert Garcia,,8/3/25,11/16/25,,,,,,  ,  ,  ,  ,  ,  ,  
Robert Stephenson,,3/5/24,11/16/25,,,,,,  ,  ,  ,  ,  ,  ,  
Roderick Arias,,8/18/24,,,,,,,  ,  ,  ,  ,  ,  ,  
Romy Gonzalez,,7/13/25,11/16/25,,,,,,  ,  ,  ,  ,  ,  ,  
Ronny Henriquez,,9/7/25,9/21/25,,,,,,  ,  ,  ,  ,  ,  ,  
Royber Salinas,,4/15/24,,,,,,,  ,  ,  ,  ,  ,  ,  
Ryan Feltner,,11/12/24,,,,,,,  ,  ,  ,  ,  ,  ,  
Ryan Helsley,,3/5/24,11/16/25,,,,,,  ,  ,  ,  ,  ,  ,  
Ryan Jeffers,,9/22/24,,,,,,,  ,  ,  ,  ,  ,  ,  
Ryan McMahon,,3/5/25,11/16/25,,,,,,  ,  ,  ,  ,  ,  ,  
Ryan Mountcastle,,5/8/25,11/16/25,,,,,,  ,  ,  ,  ,  ,  ,  
Ryan Noda,,2/21/24,8/4/25,,,,,,  ,  ,  ,  ,  ,  ,  
Ryan O'Hearn,,3/30/25,11/16/25,,,,,,  ,  ,  ,  ,  ,  ,  
Ryan Pressley,,3/5/25,11/16/25,,,,,,  ,  ,  ,  ,  ,  ,  
Ryan Thompson,,9/16/24,,,,,,,  ,  ,  ,  ,  ,  ,  
Ryan Walker,,2/21/24,11/16/25,,,,,,  ,  ,  ,  ,  ,  ,  
Ryan Yarbough,,6/8/25,9/5/25,,,,,,  ,  ,  ,  ,  ,  ,  
Ryne Nelson,,9/7/25,9/14/25,,,,,,  ,  ,  ,  ,  ,  ,  
Ryne Stanek,,11/12/24,,,,,,,  ,  ,  ,  ,  ,  ,  
Salvador Perez,,2/1/25,1/6/26,,,,,,  ,  ,  ,  ,  ,  ,  
Sandy Alcantara,,6/1/25,11/16/25,,,,,,  ,  ,  ,  ,  ,  ,  
Sandy Alcantra - Dropped,,3/5/24,5/25/25,,,,,,  ,  ,  ,  ,  ,  ,  
Santiago Espinal,,9/27/24,,,,,,,  ,  ,  ,  ,  ,  ,  
Sawyer Gipson-Long,,2/21/24,1/6/26,,,,,,  ,  ,  ,  ,  ,  ,  
Scott Barlow,,11/12/24,,,,,,,  ,  ,  ,  ,  ,  ,  
Scott Effross,,7/19/24,,,,,,,  ,  ,  ,  ,  ,  ,  
Sean Burke,,3/23/25,4/18/25,,,,,,  ,  ,  ,  ,  ,  ,  
Sean Murphy,,11/12/24,,,,,,,  ,  ,  ,  ,  ,  ,  
Seth Brown,,3/5/24,11/16/25,,,,,,  ,  ,  ,  ,  ,  ,  
Seth Halverson,,3/5/25,5/11/25,,,,,,  ,  ,  ,  ,  ,  ,  
Shane Bieber,,6/8/25,11/16/25,,,,,,  ,  ,  ,  ,  ,  ,  
Shane Smith,,8/31/25,9/4/25,,,,,,  ,  ,  ,  ,  ,  ,  
Shea Langliers,,3/5/24,11/16/25,,,,,,  ,  ,  ,  ,  ,  ,  
Shelby Miller,,7/6/25,11/16/25,,,,,,  ,  ,  ,  ,  ,  ,  
Shinnosuke Ogasawara,,1/31/25,7/20/25,,,,,,  ,  ,  ,  ,  ,  ,  
Simeon Woods-Richarson,,8/5/24,,,,,,,  ,  ,  ,  ,  ,  ,  
Slade Cecconi,,7/27/25,8/3/25,,,,,,  ,  ,  ,  ,  ,  ,  
Spencer Horwitz,,3/5/25,6/19/25,,,,,,  ,  ,  ,  ,  ,  ,  
Spencer Steer,,1/27/24,1/6/26,,,,,,  ,  ,  ,  ,  ,  ,  
Spencer Torkelson,,7/6/25,11/16/25,,,,,,  ,  ,  ,  ,  ,  ,  
Spencer Turnbull,,11/18/24,,,,,,,  ,  ,  ,  ,  ,  ,  
Starling Marte,,3/5/24,11/16/25,,,,,,  ,  ,  ,  ,  ,  ,  
Sterlin Thompson,,8/2/24,,,,,,,  ,  ,  ,  ,  ,  ,  
Taijuan Walker,,7/27/25,8/3/25,,,,,,  ,  ,  ,  ,  ,  ,  
Taj Bradley ,,2/21/24,11/16/25,,,,,,  ,  ,  ,  ,  ,  ,  
Taylor Ward,,3/5/25,11/16/25,,,,,,  ,  ,  ,  ,  ,  ,  
Thairo Estrada,,11/12/24,,,,,,,  ,  ,  ,  ,  ,  ,  
Thayron Liranzo,,2/16/25,6/8/25,,,,,,  ,  ,  ,  ,  ,  ,  
Tim Anderson,,11/12/24,,,,,,,  ,  ,  ,  ,  ,  ,  
TJ Friedl,,4/13/25,9/21/25,,,,,,  ,  ,  ,  ,  ,  ,  
Tom Cosgrove ,,5/28/24,,,,,,,  ,  ,  ,  ,  ,  ,  
Tommy Edman,,3/5/24,11/16/25,,,,,,  ,  ,  ,  ,  ,  ,  
Tommy Kahnle,,4/13/25,11/16/25,,,,,,  ,  ,  ,  ,  ,  ,  
Tommy Pham,,11/12/24,,,,,,,  ,  ,  ,  ,  ,  ,  
Tomoyuki Sugano,,8/24/25,8/31/25,,,,,,  ,  ,  ,  ,  ,  ,  
Tony Gonsolin,,5/4/25,6/19/25,,,,,,  ,  ,  ,  ,  ,  ,  
Tony Santillan,,5/4/25,11/16/25,,,,,,  ,  ,  ,  ,  ,  ,  
Travis D'Arnaud,,3/5/25,11/16/25,,,,,,  ,  ,  ,  ,  ,  ,  
Tre' Morgan,,8/18/24,8/24/25,,,,,,  ,  ,  ,  ,  ,  ,  
Trevor Larnach,,5/25/25,11/16/25,,,,,,  ,  ,  ,  ,  ,  ,  
Trevor Megill,,3/5/25,11/16/25,,,,,,  ,  ,  ,  ,  ,  ,  
Trevor Rodgers,,11/18/24,,,,,,,  ,  ,  ,  ,  ,  ,  
Trevor Rogers,,7/27/25,11/16/25,,,,,,  ,  ,  ,  ,  ,  ,  
Trevor Story,,7/25/25,11/16/25,,,,,,  ,  ,  ,  ,  ,  ,  
Trevor Williams,,11/11/24,,,,,,,  ,  ,  ,  ,  ,  ,  
Trey Lipscomb,,11/18/24,,,,,,,  ,  ,  ,  ,  ,  ,  
Tristan Beck,,3/5/24,,,,,,,  ,  ,  ,  ,  ,  ,  
Triston Casas ,,2/21/24,11/16/25,,,,,,  ,  ,  ,  ,  ,  ,  
Triston McKenzie,,1/27/24,11/16/25,,,,,,  ,  ,  ,  ,  ,  ,  
Ty France,,8/14/24,11/16/25,,,,,,  ,  ,  ,  ,  ,  ,  
Tyler Anderson,,3/16/25,11/16/25,,,,,,  ,  ,  ,  ,  ,  ,  
Tyler Black,,2/21/24,3/24/25,,,,,,  ,  ,  ,  ,  ,  ,  
Tyler Fitzgerald,,3/5/25,11/16/25,,,,,,  ,  ,  ,  ,  ,  ,  
Tyler Holton,,2/21/24,11/16/25,,,,,,  ,  ,  ,  ,  ,  ,  
Tyler Mahle,,4/20/25,11/16/25,,,,,,  ,  ,  ,  ,  ,  ,  
Tyler Nevin,,11/18/24,,,,,,,  ,  ,  ,  ,  ,  ,  
Tyler O'Neil,,3/5/24,11/16/25,,,,,,  ,  ,  ,  ,  ,  ,  
Tyler Rogers,,8/11/25,11/16/25,,,,,,  ,  ,  ,  ,  ,  ,  
Tyler Soderstrom,,3/30/25,11/16/25,,,,,,  ,  ,  ,  ,  ,  ,  
Tyler Stephenson,,3/5/25,7/7/25,,,,,,  ,  ,  ,  ,  ,  ,  
Tyler Wells,,9/21/25,11/16/25,,,,,,  ,  ,  ,  ,  ,  ,  
Tylor Megill,,4/27/25,6/22/25,,,,,,  ,  ,  ,  ,  ,  ,  
Vaughn Grissom,,5/30/24,,,,,,,  ,  ,  ,  ,  ,  ,  
Victor Figueroa,,6/1/25,1/26/26,,,,,,  ,  ,  ,  ,  ,  ,  
Victor Robles,,3/5/25,9/4/25,,,,,,  ,  ,  ,  ,  ,  ,  
Victor Scott II,,2/28/24,1/6/26,,,,,,  ,  ,  ,  ,  ,  ,  
Walker Buehler,,1/27/24,11/16/25,,,,,,  ,  ,  ,  ,  ,  ,  
Wandy Peralta,,5/12/24,,,,,,,  ,  ,  ,  ,  ,  ,  
Wenceel Perez,,11/18/24,,,,,,,  ,  ,  ,  ,  ,  ,  
Whitt Merrifield,,3/5/24,4/14/25,,,,,,  ,  ,  ,  ,  ,  ,  
Wikelman Gonzalez,,7/28/24,,,,,,,  ,  ,  ,  ,  ,  ,  
Will Benson,,5/18/25,6/29/25,,,,,,  ,  ,  ,  ,  ,  ,  
Will Smith (RP),,4/19/24,,,,,,,  ,  ,  ,  ,  ,  ,  
Will Vest,,5/25/25,11/16/25,,,,,,  ,  ,  ,  ,  ,  ,  
Will Warren,,3/16/25,11/16/25,,,,,,  ,  ,  ,  ,  ,  ,  
Willi Castro,,3/5/25,1/6/26,,,,,,  ,  ,  ,  ,  ,  ,  
Willson Contreras,,3/5/24,11/16/25,,,,,,  ,  ,  ,  ,  ,  ,  
Wilmer Flores,,4/13/25,11/16/25,,,,,,  ,  ,  ,  ,  ,  ,  
Wilyer Abreu,,3/5/25,11/16/25,,,,,,  ,  ,  ,  ,  ,  ,  
Xander Bogaerts,,3/5/24,11/16/25,,,,,,  ,  ,  ,  ,  ,  ,  
Xavier Isaac,,2/21/24,1/26/26,,,,,,  ,  ,  ,  ,  ,  ,  
Xzavion Curry,,2/29/24,11/16/25,,,,,,  ,  ,  ,  ,  ,  ,  
Yainer Diaz,,2/21/24,11/16/25,,,,,,  ,  ,  ,  ,  ,  ,  
Yandy Diaz,,3/5/24,11/16/25,,,,,,  ,  ,  ,  ,  ,  ,  
Yanquiel Fernandez,,2/29/24,2/16/25,,,,,,  ,  ,  ,  ,  ,  ,  
Yariel Rodriguez,,2/21/24,4/21/25,,,,,,  ,  ,  ,  ,  ,  ,  
Yennier Cano ,,2/21/24,11/16/25,,,,,,  ,  ,  ,  ,  ,  ,  
Yimi Garcia,,8/11/24,,,,,,,  ,  ,  ,  ,  ,  ,  
Yoendrys Gomez,,8/17/25,11/16/25,,,,,,  ,  ,  ,  ,  ,  ,  
Yu Darvish,,3/5/25,11/16/25,,,,,,  ,  ,  ,  ,  ,  ,  
Yuki Matsui,,2/21/24,1/6/26,,,,,,  ,  ,  ,  ,  ,  ,  
Yusei Kikuchi,,2/15/25,11/16/25,,,,,,  ,  ,  ,  ,  ,  ,  
Zach Eflin,,2/13/25,11/16/25,,,,,,  ,  ,  ,  ,  ,  ,  
Zach Maxwell,,8/24/25,8/24/25,,,,,,  ,  ,  ,  ,  ,  ,  
Zach McKinstry,,7/6/25,11/16/25,,,,,,  ,  ,  ,  ,  ,  ,  
Zach Neto,,8/11/25,11/16/25,,,,,,  ,  ,  ,  ,  ,  ,  
Zack Gelof,,2/21/24,11/16/25,,,,,,  ,  ,  ,  ,  ,  ,  
Zack Littell,,3/5/25,11/16/25,,,,,,  ,  ,  ,  ,  ,  ,  
Zack Wheeler,,1/27/24,11/16/25,,,,,,  ,  ,  ,  ,  ,  ,  
Emmanuel Clase,,1/27/24,8/1/25, FA Contract ,"$6,100,000",4,2024,2027," $ 6,100,000 "," $ 6,100,000 "," $ 6,100,000 "," $ 6,100,000 ",  ,  ,  