Name,Team,G,PA,AB,H,1B,2B,3B,HR,R,RBI,BB,IBB,SO,HBP,SF,SH,GDP,SB,CS,AVG,BB%,K%,BB/K,OBP,SLG,wOBA,OPS,ISO,Spd,BABIP,UBR,wSB,wRC,wRAA,wRC+,BsR,Fld,Off,Def,WAR,ADP,InterSD,InterSK,IntraSD,Vol,Skew,Dim,FPTS,FPTS/G,SPTS,SPTS/G,P10,P20,P30,P40,P50,P60,P70,P80,P90,TT10,TT20,TT30,TT40,TT50,TT60,TT70,TT80,TT90,NameASCII,PlayerId,MLBAMID
"Aaron Judge","NYY",109,472,382,109,55,19,1,34,83,87,84,16,121,5,2,0,,7,3,0.286005,0.177492,0.256416,0.692202,0.418381,0.607216,0.424147,1.0256,0.32121,3.85862,0.328735,0,-0.46835,98.3569,42.5785,177.851,-0.46835,3.25504,42.846782356500626,-2.3707313537597656,5.80448,1.850000023841858,,,,,,,880.7,8.079816513,880.7,8.079816513,,,,,,,,,,,,,,,,,,,"Aaron Judge","15640",592450
"Bobby Witt Jr.","KCR",112,482,436,127,75,27,5,19,69,66,39,4,83,4,3,0,,25,7,0.291989,0.0815791,0.171847,0.474721,0.353058,0.510856,0.366752,0.863914,0.218867,6.76458,0.32061,0,1.46443,77.9667,21.014,134.169,1.46443,7.95686,20.875835418701172,13.121208667755127,5.17662,3.0999999046325684,,,,,,,717.5,6.40625,717.5,6.40625,,,,,,,,,,,,,,,,,,,"Bobby Witt Jr.","25764",677951
"Juan Soto","NYM",111,481,388,105,61,17,2,25,76,71,88,7,83,2,3,1,,16,3,0.270843,0.183782,0.173525,1.05911,0.40638,0.520806,0.395294,0.927185,0.249963,5.22931,0.282599,0,0.97184,88.9846,32.1288,159.675,0.97184,-3.89046,35.00492125749588,-9.905274868011475,4.20706,4.650000095367432,,,,,,,787.7,7.096396396,787.7,7.096396396,,,,,,,,,,,,,,,,,,,"Juan Soto","20123",665742
"Shohei Ohtani","LAD",110,477,403,113,59,21,3,30,89,84,66,12,115,5,3,0,,19,3,0.280216,0.139011,0.242023,0.574373,0.385263,0.572748,0.398485,0.958012,0.292533,6.71814,0.317633,0,1.85685,89.4535,33.0878,159.07,1.85685,0,35.25402867794037,-11.925926208496094,4.01168,1.2699999809265137,,,,,,,830.5,7.55,830.5,7.55,,,,,,,,,,,,,,,,,,,"Shohei Ohtani","19755",660271
"Elly De La Cruz","CIN",110,477,428,116,69,24,4,19,75,67,44,3,128,2,3,1,,28,7,0.272303,0.0920506,0.268923,0.342293,0.341181,0.481225,0.351416,0.822405,0.208921,7.30333,0.34432,0,1.88517,71.223,14.8574,121.436,1.88517,2.17046,14.004921078681946,7.104105710983276,3.78464,8.449999809265137,,,,,,,664.2,6.038181818,664.2,6.038181818,,,,,,,,,,,,,,,,,,,"Elly De La Cruz","26668",682829
"José Ramírez","CLE",111,478,419,110,65,24,2,19,67,63,53,13,59,3,3,0,,26,4,0.263716,0.11169,0.122595,0.911049,0.348846,0.469425,0.344441,0.818271,0.205709,5.91643,0.265099,0,2.57901,68.6335,12.176,123.001,2.57901,3.18725,15.532312154769897,3.767804205417633,3.65817,6.28000020980835,,,,,,,662.8,5.971171171,662.8,5.971171171,,,,,,,,,,,,,,,,,,,"Jose Ramirez","13510",608070
"Yordan Alvarez","HOU",100,433,370,109,61,22,1,25,61,67,55,10,75,6,2,0,,2,1,0.295922,0.127163,0.172035,0.739167,0.393912,0.563057,0.401268,0.956969,0.267135,2.65493,0.30965,0,-0.65063,82.2652,31.046,161.537,-0.65063,-0.0858005,30.789357364177704,-10.008022613823414,3.65351,33.38999938964844,,,,,,,728.9,7.289,728.9,7.289,,,,,,,,,,,,,,,,,,,"Yordan Alvarez","19556",670541
"Corbin Carroll","ARI",108,465,402,104,56,21,9,19,79,64,52,2,103,7,3,1,,23,4,0.259638,0.112029,0.221875,0.50492,0.351799,0.498139,0.362616,0.849938,0.2385,8.31716,0.302109,0,2.26766,73.6718,18.7154,133.004,2.26766,4.56946,20.461387157440186,-0.26943159103393555,3.65019,14.100000381469727,,,,,,,680.7,6.302777777,680.7,6.302777777,,,,,,,,,,,,,,,,,,,"Corbin Carroll","25878",682998
"Julio Rodríguez","SEA",112,483,438,117,75,21,1,20,67,67,36,3,109,7,2,0,,18,5,0.268104,0.073817,0.225787,0.326933,0.331065,0.459257,0.33926,0.790322,0.191153,5.27813,0.312628,0,0.819653,67.3102,10.2707,124.779,0.819653,2.11933,14.917854130268097,3.702666759490967,3.60599,9.489999771118164,,,,,,,621,5.544642857,621,5.544642857,,,,,,,,,,,,,,,,,,,"Julio Rodriguez","23697",677594
"Pete Crow-Armstrong","CHC",106,457,417,105,64,19,5,17,66,65,26,1,112,8,2,4,,24,6,0.251829,0.0572608,0.245421,0.233317,0.306525,0.445657,0.323193,0.752181,0.193827,7.82789,0.302299,0,1.66643,57.7797,3.76271,108.775,1.66643,11.6023,6.420800685882568,13.234982371330261,3.56825,32.939998626708984,,,,,,,545.2,5.143396226,545.2,5.143396226,,,,,,,,,,,,,,,,,,,"Pete Crow-Armstrong","27769",691718
"Gunnar Henderson","BAL",110,477,426,111,65,22,4,20,68,62,45,2,108,4,3,0,,15,3,0.261069,0.0938605,0.227104,0.413293,0.335151,0.472137,0.346377,0.807289,0.211069,6.43567,0.30417,0,0.951985,69.2714,12.9058,124.594,0.951985,-1.71151,14.779895007610321,3.399598479270935,3.54078,12.510000228881836,,,,,,,637.3,5.793636363,637.3,5.793636363,,,,,,,,,,,,,,,,,,,"Gunnar Henderson","26289",683002
"Fernando Tatis Jr.","SDP",113,486,423,112,73,20,2,17,70,60,54,3,100,4,4,0,,20,6,0.264308,0.111427,0.205782,0.54148,0.350407,0.442236,0.343269,0.792643,0.177928,5.48582,0.305099,0,0.667364,69.3748,11.9268,124.474,0.667364,7.17709,14.770426988601685,2.6122798919677734,3.43459,14.010000228881836,,,,,,,628.6,5.562831858,628.6,5.562831858,,,,,,,,,,,,,,,,,,,"Fernando Tatis Jr.","19709",665487
"Geraldo Perdomo","ARI",111,480,403,105,71,20,4,10,66,50,62,1,63,5,3,8,,17,5,0.260219,0.12932,0.132208,0.978158,0.362941,0.401557,0.338228,0.764498,0.141339,6.12663,0.286064,0,0.604375,66.5644,9.81591,116.298,0.604375,1.93795,9.881633877754211,7.083783149719238,3.37174,76.7699966430664,,,,,,,579.1,5.217117117,579.1,5.217117117,,,,,,,,,,,,,,,,,,,"Geraldo Perdomo","22799",672695
"William Contreras","MIL",110,438,384,105,71,21,1,12,58,57,50,3,78,2,3,0,,3,1,0.272968,0.113467,0.178853,0.634416,0.357357,0.426621,0.341477,0.783978,0.153652,3.21361,0.312477,0,-0.578811,61.9095,10.1153,120.263,-0.578811,1.38122,9.948291778564453,7.445111155509949,3.2727,56.560001373291016,,,,,,,542.3,4.93,542.3,4.93,,,,,,,,,,,,,,,,,,,"William Contreras","20503",661388
"Kyle Tucker","LAD",107,462,395,104,61,22,1,20,70,69,61,3,70,2,3,1,,14,2,0.264312,0.132957,0.151933,0.875103,0.364314,0.481531,0.363542,0.845844,0.217219,5.41055,0.273289,0,1.24871,73.5472,18.943,135.132,1.24871,0.608963,20.491372108459473,-4.342425882816315,3.22638,13.130000114440918,,,,,,,654.9,6.120560747,654.9,6.120560747,,,,,,,,,,,,,,,,,,,"Kyle Tucker","18345",663656
"Cody Bellinger","NYY",101,437,390,105,66,21,3,16,62,67,42,2,62,2,3,0,,9,3,0.270096,0.0949381,0.14253,0.666094,0.341214,0.459122,0.344404,0.800336,0.189026,5.37332,0.284273,0,0.0530528,62.7984,11.1299,122.919,0.0530528,7.76196,11.865351565182209,4.177083969116211,3.18206,80.98999786376953,,,,,,,567.1,5.614851485,567.1,5.614851485,,,,,,,,,,,,,,,,,,,"Cody Bellinger","15998",641355
"Mookie Betts","LAD",104,447,391,104,66,20,1,16,67,62,51,2,54,3,2,0,,6,1,0.266635,0.113611,0.120039,0.946449,0.353828,0.452175,0.349281,0.806004,0.185541,4.60457,0.271619,0,-0.104165,65.9963,13.1536,125.363,-0.104165,-2.03917,13.339427426457405,2.7524936199188232,3.16977,60.58000183105469,,,,,,,576.1,5.539423076,576.1,5.539423076,,,,,,,,,,,,,,,,,,,"Mookie Betts","13611",605141
"Kevin McGonigle","DET",108,467,408,106,63,26,4,12,66,58,54,0,61,3,2,1,,10,3,0.259245,0.114643,0.130284,0.879949,0.347894,0.433282,0.341208,0.781176,0.174037,5.68801,0.27737,0,-0.123727,65.8682,10.6769,119.339,-0.123727,0.112307,10.522827923297882,4.371565833687782,3.16965,999,,,,,,,578.2,5.353703703,578.2,5.353703703,,,,,,,,,,,,,,,,,,,"Kevin McGonigle","33572",805808
"Shea Langeliers","ATH",99,394,358,98,54,20,1,23,56,67,31,1,87,3,2,0,,2,1,0.273796,0.0787257,0.220699,0.356711,0.334384,0.526586,0.365604,0.860971,0.252791,3.32081,0.299703,0,-0.34742,63.4054,16.8209,133.575,-0.34742,-3.41254,15.254313439130783,1.8325183391571045,3.13732,54.04999923706055,,,,,,,573.7,5.794949494,573.7,5.794949494,,,,,,,,,,,,,,,,,,,"Shea Langeliers","25816",669127
"Nico Hoerner","CHC",109,472,429,118,86,22,2,8,59,51,32,1,42,8,4,0,,19,4,0.27526,0.0677348,0.0893547,0.758044,0.334074,0.391492,0.318351,0.725565,0.116232,5.96242,0.288404,0,1.41612,57.8083,2.02983,105.458,1.41612,8.46445,4.469954490661621,10.221395254135132,3.1111,101.93000030517578,,,,,,,527.1,4.835779816,527.1,4.835779816,,,,,,,,,,,,,,,,,,,"Nico Hoerner","21479",663538
"Drake Baldwin","ATL",105,427,379,104,65,18,1,20,56,65,42,1,84,5,2,0,,0,0,0.274036,0.0977371,0.196324,0.497836,0.35157,0.484722,0.359833,0.836293,0.210686,2.54457,0.303225,0,-0.629061,66.7467,16.2358,131.612,-0.629061,-0.296055,15.387336432933807,0.7510134875774384,3.1073,78.62999725341797,,,,,,,590.3,5.621904761,590.3,5.621904761,,,,,,,,,,,,,,,,,,,"Drake Baldwin","31539",686948
"Byron Buxton","MIN",92,398,357,90,45,18,3,24,66,57,31,2,110,7,2,0,,11,0,0.251418,0.0782615,0.277364,0.282162,0.321442,0.521688,0.356166,0.84313,0.27027,7.31993,0.291505,0,1.68714,60.8856,13.9142,129.135,1.68714,1.40416,15.337944865226746,1.120205044746399,3.08453,73.4800033569336,,,,,,,576.8,6.269565217,576.8,6.269565217,,,,,,,,,,,,,,,,,,,"Byron Buxton","14161",621439
"Matt Chapman","SFG",108,467,409,99,57,24,2,16,61,53,50,1,115,6,2,0,,5,2,0.242616,0.106592,0.24647,0.432476,0.331532,0.429325,0.331252,0.760857,0.186709,4.29625,0.296881,0,-0.542617,62.0922,6.90088,114.897,-0.542617,4.25938,7.704262137413025,5.927587866783142,2.98578,163.6199951171875,,,,,,,548.7,5.080555555,548.7,5.080555555,,,,,,,,,,,,,,,,,,,"Matt Chapman","16505",656305
"Ronald Acuña Jr.","ATL",91,393,327,92,57,16,2,17,70,47,58,2,82,5,3,0,,18,5,0.280693,0.147153,0.207853,0.707965,0.393775,0.494821,0.383307,0.888596,0.214128,6.14045,0.324254,0,0.922568,68.775,22.3908,147.692,0.922568,-2.36208,23.111904621124268,-7.136000156402588,2.97171,5.260000228881836,,,,,,,615,6.758241758,615,6.758241758,,,,,,,,,,,,,,,,,,,"Ronald Acuna Jr.","18401",660670
"Vladimir Guerrero Jr.","TOR",113,486,424,123,81,24,0,19,67,69,55,7,63,5,3,0,,4,1,0.291042,0.112613,0.130131,0.865385,0.375832,0.481288,0.367244,0.85712,0.190246,3.01773,0.303105,0,-0.503621,78.8388,21.3908,138.128,-0.503621,-0.370662,21.345318734645844,-9.160167753696442,2.95976,18.049999237060547,,,,,,,697.8,6.175221238,697.8,6.175221238,,,,,,,,,,,,,,,,,,,"Vladimir Guerrero Jr.","19611",665489
"Brice Turang","MIL",110,474,418,112,77,21,2,12,67,57,50,1,97,1,3,3,,22,5,0.267366,0.104871,0.205478,0.510373,0.344071,0.411407,0.330601,0.755478,0.144041,6.11291,0.321104,0,1.61459,62.7836,6.75493,112.812,1.61459,2.37765,8.814955353736877,4.180427551269531,2.9448,48.18000030517578,,,,,,,575.1,5.228181818,575.1,5.228181818,,,,,,,,,,,,,,,,,,,"Brice Turang","22186",668930
"Cal Raleigh","SEA",88,352,306,67,34,12,0,21,44,56,41,4,100,2,2,0,,3,1,0.218485,0.117108,0.283767,0.412692,0.31374,0.463377,0.330576,0.777117,0.244892,2.89685,0.244191,0,-0.309849,46.5793,5.00533,118.797,-0.309849,4.79015,7.485241770744324,9.029966831207275,2.92942,18.729999542236328,,,,,,,433.3,4.923863636,433.3,4.923863636,,,,,,,,,,,,,,,,,,,"Cal Raleigh","21534",663728
"Adley Rutschman","BAL",100,404,358,92,56,21,1,14,47,51,41,1,65,2,3,0,,1,0,0.25692,0.102424,0.160469,0.638279,0.335732,0.436526,0.334995,0.772257,0.179605,2.12129,0.276849,0,-0.526979,54.9598,7.20005,116.754,-0.526979,3.83165,7.454422771930695,7.0793328285217285,2.91115,148.92999267578125,,,,,,,486.3,4.863,486.3,4.863,,,,,,,,,,,,,,,,,,,"Adley Rutschman","26288",668939
"Wyatt Langford","TEX",82,356,313,83,49,17,2,15,50,49,38,2,80,3,2,0,,12,3,0.264113,0.106532,0.223581,0.476481,0.34664,0.474411,0.352932,0.821051,0.210298,6.06365,0.30761,0,0.697039,53.5715,11.5219,129.071,0.697039,5.40819,12.89056932926178,3.0273303985595703,2.88249,37.75,,,,,,,490.9,5.986585365,490.9,5.986585365,,,,,,,,,,,,,,,,,,,"Wyatt Langford","33333",694671
"Jackson Merrill","SDP",108,466,427,112,69,23,3,16,60,62,31,2,96,3,2,3,,8,2,0.262099,0.0674082,0.206496,0.326438,0.314941,0.446939,0.326528,0.76188,0.18484,5.50378,0.301769,0,0.111864,60.178,5.09899,113.006,0.111864,3.63781,7.297358267009258,5.1594144105911255,2.86231,70.79000091552734,,,,,,,546,5.055555555,546,5.055555555,,,,,,,,,,,,,,,,,,,"Jackson Merrill","29490",701538
"Zach Neto","LAA",109,472,416,103,59,24,1,19,67,61,40,3,123,13,3,1,,18,7,0.246782,0.0840786,0.261042,0.322089,0.329105,0.446042,0.334568,0.775148,0.19926,5.68388,0.303057,0,-0.122828,64.0239,8.24542,113.837,-0.122828,-1.13754,7.575993068516254,3.92033314704895,2.8395,32.29999923706055,,,,,,,588.3,5.397247706,588.3,5.397247706,,,,,,,,,,,,,,,,,,,"Zach Neto","31347",687263
"Ben Rice","NYY",98,419,364,94,49,20,1,24,64,66,46,1,93,6,3,0,,4,1,0.259105,0.110304,0.222057,0.496736,0.35019,0.51871,0.370566,0.8689,0.259606,4.02031,0.281462,0,-0.483088,69.0674,19.563,140.941,-0.483088,0.233873,19.733686089515686,-6.527701362967491,2.82733,53.189998626708984,,,,,,,612.5,6.25,612.5,6.25,,,,,,,,,,,,,,,,,,,"Ben Rice","29576",700250
"Matt Olson","ATL",113,487,424,108,57,27,1,24,67,71,57,3,119,3,3,0,,1,0,0.254211,0.116342,0.243404,0.477979,0.343948,0.487173,0.355205,0.831121,0.232962,2.45899,0.295115,0,-0.53959,74.2049,16.665,128.441,-0.53959,4.15314,15.875558257102966,-4.542847633361816,2.81825,48.0099983215332,,,,,,,672.3,5.949557522,672.3,5.949557522,,,,,,,,,,,,,,,,,,,"Matt Olson","14344",621566
"Riley Greene","DET",109,472,421,116,71,24,2,19,63,70,46,1,129,2,2,0,,2,2,0.275844,0.0971817,0.273854,0.354867,0.348683,0.478977,0.356149,0.82766,0.203133,3.41262,0.35262,0,-1.00948,72.2954,16.5169,129.631,-1.00948,1.07451,15.476832509040833,-4.196323275566101,2.81741,78.4800033569336,,,,,,,630.4,5.783486238,630.4,5.783486238,,,,,,,,,,,,,,,,,,,"Riley Greene","25976",682985
"Francisco Lindor","NYM",81,351,311,80,50,15,2,13,52,44,32,1,65,6,2,0,,11,2,0.256963,0.0909906,0.184414,0.493404,0.335862,0.440664,0.337043,0.776526,0.183701,6.00544,0.284878,0,0.811983,48.2906,6.83333,119.771,0.811983,3.34247,9.033823370933533,6.743702173233032,2.80938,25.350000381469727,,,,,,,443.4,5.474074074,443.4,5.474074074,,,,,,,,,,,,,,,,,,,"Francisco Lindor","12916",596019
"Junior Caminero","TBR",112,485,442,118,71,19,1,27,64,82,38,1,89,3,3,0,,4,2,0.267011,0.0773263,0.1829,0.42278,0.3259,0.500065,0.352308,0.825965,0.233054,3.00564,0.275499,0,-0.600863,72.8131,15.4672,126.353,-0.600863,-5.25855,14.473689258098602,-4.102996587753296,2.77107,16.479999542236328,,,,,,,658.4,5.878571428,658.4,5.878571428,,,,,,,,,,,,,,,,,,,"Junior Caminero","28163",691406
"Ketel Marte","ARI",103,445,392,102,61,20,3,18,62,57,46,3,75,4,2,0,,3,1,0.258698,0.103083,0.168133,0.613105,0.34138,0.460155,0.344717,0.801535,0.201457,4.46305,0.277438,0,-0.333613,64.0034,11.4364,120.743,-0.333613,0.89574,10.603804498910904,1.3290730118751526,2.7363,32.63999938964844,,,,,,,576.4,5.596116504,576.4,5.596116504,,,,,,,,,,,,,,,,,,,"Ketel Marte","13613",606466
"Michael Harris II","ATL",99,427,403,113,74,20,3,15,51,57,18,1,82,3,3,1,,13,3,0.279548,0.0419275,0.19203,0.218338,0.313112,0.458653,0.330579,0.771765,0.179104,5.71342,0.315655,0,0.831278,56.5743,6.08011,111.571,0.831278,4.65386,6.692087113857269,5.754167318344116,2.72907,99.06999969482422,,,,,,,525.2,5.305050505,525.2,5.305050505,,,,,,,,,,,,,,,,,,,"Michael Harris II","25931",671739
"Dansby Swanson","CHC",112,482,430,100,65,18,2,15,65,60,45,1,119,2,4,0,,11,2,0.233435,0.0931926,0.247276,0.376877,0.306986,0.391184,0.305172,0.698169,0.157749,5.54881,0.284091,0,0.579895,53.8679,-3.08485,96.4303,0.579895,6.85057,-1.4593982696533203,12.014917373657227,2.72181,152.30999755859375,,,,,,,490.9,4.383035714,490.9,4.383035714,,,,,,,,,,,,,,,,,,,"Dansby Swanson","18314",621020
"Andy Pages","LAD",101,437,399,106,66,21,1,18,56,67,27,0,96,7,3,1,,8,3,0.265659,0.0627171,0.220262,0.284738,0.321555,0.461538,0.337244,0.783094,0.195879,4.58863,0.305167,0,-0.215186,60.2564,8.58797,117.118,-0.215186,1.90492,8.656333819031715,3.3246700763702393,2.71532,133.4199981689453,,,,,,,539.2,5.338613861,539.2,5.338613861,,,,,,,,,,,,,,,,,,,"Andy Pages","24816",681624
"Mike Trout","LAA",100,432,357,84,48,15,1,20,61,54,68,6,128,6,2,0,,4,0,0.234257,0.156605,0.296718,0.527792,0.363431,0.452141,0.352345,0.815572,0.217884,3.8662,0.300583,0,0.0391448,64.8719,13.7906,126.083,0.0391448,-1.03512,13.329153381288052,-1.8337323069572449,2.69934,178.44000244140625,,,,,,,580.2,5.802,580.2,5.802,,,,,,,,,,,,,,,,,,,"Mike Trout","10155",545361
"JJ Wetherholt","STL",103,446,386,96,70,14,1,10,59,53,46,2,74,11,3,0,,11,1,0.249263,0.102539,0.166693,0.615137,0.343721,0.373972,0.319142,0.717694,0.124709,5.38064,0.282042,0,0.821877,54.9146,2.20463,106.356,0.821877,5.25449,4.182253658771515,6.919299960136414,2.65537,999,,,,,,,481,4.669902912,481,4.669902912,,,,,,,,,,,,,,,,,,,"JJ Wetherholt","34985",802139
"Nick Kurtz","ATH",106,456,389,101,56,22,1,23,70,76,62,4,128,3,2,0,,4,1,0.260668,0.136199,0.279704,0.486941,0.364643,0.498113,0.369289,0.862756,0.237446,3.82719,0.326265,0,-0.512018,74.7195,20.825,136.114,-0.512018,-0.726236,18.902489006519318,-8.871297121047974,2.63342,19.8700008392334,,,,,,,662.1,6.246226415,662.1,6.246226415,,,,,,,,,,,,,,,,,,,"Nick Kurtz","35110",701762
"Bo Bichette","NYM",115,496,458,126,89,24,1,12,57,62,33,1,82,2,3,0,,4,3,0.27473,0.0658742,0.16572,0.397502,0.323526,0.411105,0.319385,0.734631,0.136376,3.09466,0.309484,0,-1.00382,61.1826,2.55013,107.675,-1.00382,3.8986,3.5100637674331665,5.706629037857056,2.63325,92.86000061035156,,,,,,,539.9,4.694782608,539.9,4.694782608,,,,,,,,,,,,,,,,,,,"Bo Bichette","19612",666182
"Xander Bogaerts","SDP",102,441,398,105,76,18,1,11,50,47,38,1,80,3,2,0,,13,1,0.264443,0.0858713,0.181314,0.473605,0.331862,0.393632,0.318233,0.725494,0.129189,4.63948,0.305621,0,1.22608,53.9721,1.85438,107.324,1.22608,1.26269,5.054793357849121,5.9886168241500854,2.63234,237.1999969482422,,,,,,,496.2,4.864705882,496.2,4.864705882,,,,,,,,,,,,,,,,,,,"Xander Bogaerts","12161",593428
"Trea Turner","PHI",107,462,424,116,80,21,2,12,66,50,32,1,88,3,3,0,,18,3,0.272369,0.0691597,0.189527,0.364908,0.325918,0.420362,0.32409,0.74628,0.147993,6.27637,0.31589,0,1.65844,58.7447,4.14053,105.987,1.65844,0.438298,4.937665939331055,5.3896872997283936,2.63076,26.780000686645508,,,,,,,541.5,5.060747663,541.5,5.060747663,,,,,,,,,,,,,,,,,,,"Trea Turner","16252",607208
"Maikel Garcia","KCR",109,472,425,114,78,25,3,8,62,50,41,0,70,1,3,2,,17,6,0.267049,0.0875938,0.149003,0.587865,0.330639,0.395358,0.318188,0.725997,0.128309,5.90199,0.301462,0,0.319236,57.7459,1.96749,100.715,0.319236,6.61255,0.7171709835529327,8.36949610710144,2.59296,63.150001525878906,,,,,,,519.7,4.767889908,519.7,4.767889908,,,,,,,,,,,,,,,,,,,"Maikel Garcia","22715",672580
"James Wood","WSN",108,467,400,103,56,25,2,21,67,66,62,5,139,3,2,0,,11,4,0.258149,0.132304,0.298439,0.443318,0.360502,0.482655,0.36077,0.843157,0.224506,4.93063,0.341521,0,-0.154544,73.2867,18.0954,132.744,-0.154544,-0.924282,17.973004177212715,-8.20051622390747,2.59092,37.790000915527344,,,,,,,662.8,6.137037037,662.8,6.137037037,,,,,,,,,,,,,,,,,,,"James Wood","29518",695578
"Bryce Harper","PHI",110,477,413,113,65,26,1,22,64,68,58,6,99,3,3,0,,7,3,0.273347,0.122622,0.207565,0.590765,0.365109,0.497119,0.367578,0.862228,0.223772,3.53119,0.308777,0,-0.404094,77.4826,21.117,135.777,-0.404094,-1.86198,19.823826283216476,-10.451485872268677,2.58383,47.900001525878906,,,,,,,695.6,6.323636363,695.6,6.323636363,,,,,,,,,,,,,,,,,,,"Bryce Harper","11579",547180
"Jackson Chourio","MIL",107,464,430,119,71,29,3,16,65,67,28,1,97,2,3,1,,16,5,0.276267,0.060179,0.209537,0.287199,0.3216,0.466716,0.337233,0.788316,0.190448,6.13946,0.322214,0,0.608348,63.9319,9.10822,117.355,0.608348,4.49021,10.152418911457062,-0.4082498550415039,2.57742,19.3799991607666,,,,,,,594.4,5.555140186,594.4,5.555140186,,,,,,,,,,,,,,,,,,,"Jackson Chourio","28806",694192
"Corey Seager","TEX",89,386,336,82,49,16,0,17,51,51,44,6,80,3,3,0,,2,0,0.244949,0.113557,0.206903,0.54884,0.335582,0.448155,0.335127,0.783737,0.203206,2.68853,0.269014,0,-0.257896,52.5193,6.91629,116.806,-0.257896,1.3636,7.386735200881958,4.24569845199585,2.55,95.08999633789062,,,,,,,474.2,5.328089887,474.2,5.328089887,,,,,,,,,,,,,,,,,,,"Corey Seager","13624",608369
"Xavier Edwards","MIA",99,427,380,110,86,16,4,4,55,36,40,1,56,1,2,3,,18,4,0.28964,0.0946089,0.130967,0.722385,0.358023,0.38446,0.328302,0.742483,0.0948201,6.25382,0.328968,0,0.978067,55.7842,5.28999,109.141,0.978067,3.462,5.608061969280243,4.988234043121338,2.53979,182.42999267578125,,,,,,,488.8,4.937373737,488.8,4.937373737,,,,,,,,,,,,,,,,,,,"Xavier Edwards","22266",669364
"Otto Lopez","MIA",100,432,398,113,82,20,4,8,53,48,26,1,66,4,3,1,,12,5,0.283994,0.0611419,0.152178,0.401778,0.332446,0.413363,0.324335,0.745809,0.129369,5.62678,0.320307,0,-0.30027,55.0404,3.95907,106.424,-0.30027,2.67535,2.9911223649978638,7.307291507720947,2.52624,229.16000366210938,,,,,,,489.6,4.896,489.6,4.896,,,,,,,,,,,,,,,,,,,"Otto Lopez","19608",672640
"Pete Alonso","BAL",110,477,423,111,60,26,1,24,60,74,43,4,106,8,3,0,,2,1,0.262299,0.089391,0.222793,0.401228,0.339435,0.498908,0.357118,0.838343,0.236609,2.45717,0.293237,0,-0.628916,73.4316,17.066,131.993,-0.628916,-0.339099,17.359195232391357,-9.141567766666412,2.52155,24.440000534057617,,,,,,,659.3,5.993636363,659.3,5.993636363,,,,,,,,,,,,,,,,,,,"Pete Alonso","19251",624413
"Gabriel Moreno","ARI",78,311,278,76,53,15,1,7,37,38,28,1,57,3,3,0,,3,1,0.274349,0.090681,0.182619,0.49656,0.344085,0.409294,0.328716,0.753379,0.134945,3.49918,0.319689,0,-0.494986,40.7001,3.95435,109.782,-0.494986,5.73124,3.11058309674263,11.129851818084717,2.51629,181.22000122070312,,,,,,,358.5,4.596153846,358.5,4.596153846,,,,,,,,,,,,,,,,,,,"Gabriel Moreno","22664",672515
"Dillon Dingler","DET",85,336,306,75,46,16,1,12,37,49,23,1,81,6,2,0,,1,1,0.244351,0.0670012,0.241801,0.277092,0.307476,0.418732,0.315052,0.726207,0.17438,2.68887,0.294412,0,-0.615111,40.2693,0.544983,101.32,-0.615111,6.51315,-0.09193277359008789,13.07951307296753,2.51335,254.6199951171875,,,,,,,365,4.294117647,365,4.294117647,,,,,,,,,,,,,,,,,,,"Dillon Dingler","27464",693307
"Colson Montgomery","CHW",103,446,399,88,49,15,2,22,54,70,37,2,135,9,2,0,,2,1,0.221422,0.0818869,0.303173,0.270099,0.299476,0.43411,0.316004,0.733586,0.212688,3.73927,0.272698,0,-0.718128,53.7781,1.06812,101.97,-0.718128,4.111,0.3176804184913635,8.711618423461914,2.49559,254.75,,,,,,,494.5,4.800970873,494.5,4.800970873,,,,,,,,,,,,,,,,,,,"Colson Montgomery","29712",695657
"Alex Bregman","CHC",110,477,415,102,67,19,1,14,58,55,54,2,71,6,3,0,,2,1,0.246456,0.112701,0.148675,0.758037,0.33911,0.40324,0.325737,0.74235,0.156783,3.10028,0.264307,0,-0.636221,61.2774,4.91175,110.518,-0.636221,1.49305,5.310312509536743,3.1967560052871704,2.4953,119.16999816894531,,,,,,,529.6,4.814545454,529.6,4.814545454,,,,,,,,,,,,,,,,,,,"Alex Bregman","17678",608324
"Freddie Freeman","LAD",107,462,406,115,71,28,2,15,59,59,48,5,81,5,2,0,,5,1,0.282685,0.104316,0.175054,0.59591,0.364675,0.469878,0.358207,0.834553,0.187193,4.05376,0.319439,0,-0.202385,71.5454,16.9413,131.478,-0.202385,-0.192014,17.038541853427887,-8.479822814464569,2.44981,67.87999725341797,,,,,,,637.3,5.956074766,637.3,5.956074766,,,,,,,,,,,,,,,,,,,"Freddie Freeman","5361",518692
"Alejandro Kirk","TOR",67,267,237,63,45,10,0,8,24,34,27,1,33,2,2,0,,1,0,0.265203,0.0997472,0.12445,0.801504,0.343033,0.40435,0.327719,0.747383,0.139147,1.50711,0.279711,0,-0.369819,34.7381,3.17981,110.901,-0.369819,6.97798,3.0616450905799866,11.524892330169678,2.43343,160.25,,,,,,,308.9,4.610447761,308.9,4.610447761,,,,,,,,,,,,,,,,,,,"Alejandro Kirk","22581",672386
"Masyn Winn","STL",107,461,417,105,74,20,3,8,60,46,34,0,87,6,4,1,,9,3,0.252744,0.0734664,0.189255,0.388188,0.314703,0.37335,0.302697,0.688053,0.120606,5.51604,0.299083,0,-0.21046,50.6088,-3.87799,95.0904,-0.21046,6.35303,-2.8937421292066574,11.29377555847168,2.43019,364.7799987792969,,,,,,,450,4.205607476,450,4.205607476,,,,,,,,,,,,,,,,,,,"Masyn Winn","27479",691026
"Ian Happ","CHC",109,472,404,98,57,22,1,18,63,57,62,3,118,4,2,0,,6,2,0.241855,0.130509,0.250365,0.521277,0.345901,0.433149,0.339316,0.77905,0.191294,3.88795,0.29616,0,-0.391693,65.8437,10.0652,119.82,-0.391693,2.4234,10.697523951530457,-2.705458402633667,2.42568,184.86000061035156,,,,,,,587.3,5.388073394,587.3,5.388073394,,,,,,,,,,,,,,,,,,,"Ian Happ","17919",664023
"Iván Herrera","STL",103,434,370,101,68,20,1,13,54,53,49,3,82,11,3,0,,6,1,0.271532,0.113894,0.189675,0.600467,0.371077,0.430301,0.35089,0.801378,0.158769,3.97904,0.315888,0,-0.174382,64.5584,13.3205,128.104,-0.174382,-0.160043,14.269610315561295,-5.08288212120533,2.41701,178.42999267578125,,,,,,,570.1,5.534951456,570.1,5.534951456,,,,,,,,,,,,,,,,,,,"Ivan Herrera","20599",671056
"Austin Riley","ATL",106,457,413,105,62,21,1,20,60,62,36,1,118,6,3,0,,3,1,0.254746,0.0777423,0.258477,0.300771,0.321202,0.458867,0.335964,0.780069,0.204121,3.77483,0.306825,0,-0.397773,62.5202,8.50313,115.26,-0.397773,-1.04167,7.870765447616577,0.449068546295166,2.40844,59.36000061035156,,,,,,,558.5,5.268867924,558.5,5.268867924,,,,,,,,,,,,,,,,,,,"Austin Riley","18360",663586
"Isaac Paredes","HOU",107,463,398,96,60,18,1,17,50,61,51,0,80,12,2,0,,0,1,0.240394,0.10949,0.172836,0.633491,0.342258,0.419975,0.335669,0.762233,0.179581,1.75634,0.258771,0,-1.09228,63.213,8.50159,116.349,-1.09228,-0.811382,7.83012330532074,-0.2836044430732727,2.40356,243.60000610351562,,,,,,,543.5,5.079439252,543.5,5.079439252,,,,,,,,,,,,,,,,,,,"Isaac Paredes","20036",670623
"Kazuma Okamoto","TOR",100,431,378,94,55,20,0,19,50,68,45,4,91,5,2,0,,1,1,0.247285,0.1037,0.210577,0.492455,0.333486,0.452616,0.337755,0.786102,0.205331,1.61388,0.274097,0,-0.80808,59.5779,8.64463,117.815,-0.80808,-0.521009,8.24269813299179,0.33825069665908813,2.39674,999,,,,,,,534.1,5.341,534.1,5.341,,,,,,,,,,,,,,,,,,,"Kazuma Okamoto","37123",672960
"Kyle Schwarber","PHI",113,487,406,91,41,15,1,33,71,78,72,3,144,6,2,0,,4,1,0.222944,0.147935,0.295648,0.500374,0.347209,0.508753,0.365196,0.855963,0.285809,3.68727,0.248966,0,-0.45953,78.1553,20.6154,134.146,-0.45953,-0.0091307,19.248231917619705,-12.041538462974131,2.39611,24.690000534057617,,,,,,,701.8,6.210619469,701.8,6.210619469,,,,,,,,,,,,,,,,,,,"Kyle Schwarber","16478",656941
"Daulton Varsho","TOR",100,431,391,92,50,19,3,20,59,61,33,2,100,4,2,1,,7,2,0.234899,0.0771082,0.232729,0.331321,0.300051,0.448632,0.320601,0.748683,0.213733,5.29449,0.264197,0,-0.117371,53.5744,2.64109,105.998,-0.117371,4.04086,2.929864950478077,5.580362558364868,2.3895,192.2100067138672,,,,,,,503.1,5.031,503.1,5.031,,,,,,,,,,,,,,,,,,,"Daulton Varsho","19918",662139
"Jeremy Peña","HOU",99,429,392,105,73,20,1,11,52,46,25,1,76,8,2,1,,11,3,0.268165,0.0576994,0.177592,0.324898,0.321853,0.410796,0.319031,0.732649,0.142631,5.1695,0.306307,0,0.47985,52.7165,2.07931,104.888,0.47985,1.0554,2.9486338198184967,5.647071599960327,2.38942,122.9800033569336,,,,,,,474.6,4.793939393,474.6,4.793939393,,,,,,,,,,,,,,,,,,,"Jeremy Pena","21636",665161
"Ceddanne Rafaela","BOS",95,411,380,101,65,21,3,12,56,53,20,0,90,7,2,1,,14,6,0.265195,0.0487595,0.217931,0.223739,0.312718,0.428112,0.320699,0.74083,0.162917,6.32141,0.317222,0,-0.273453,51.1152,2.55088,101.265,-0.273453,7.22244,0.33955538272857666,8.690338611602783,2.37203,125.02999877929688,,,,,,,467.2,4.917894736,467.2,4.917894736,,,,,,,,,,,,,,,,,,,"Ceddanne Rafaela","24262",678882
"CJ Abrams","WSN",105,452,407,107,66,22,3,15,64,59,31,2,86,11,3,1,,21,5,0.262325,0.0680319,0.189854,0.358339,0.328343,0.444096,0.333107,0.772439,0.181771,6.97418,0.29685,0,1.56757,60.7915,7.36163,113.794,1.56757,-5.29846,8.960309505462646,-0.9859609603881836,2.35617,65,,,,,,,566,5.39047619,566,5.39047619,,,,,,,,,,,,,,,,,,,"CJ Abrams","25768",682928
"Oneil Cruz","PIT",97,417,369,90,52,17,2,19,60,57,43,3,130,3,2,0,,25,4,0.245307,0.103971,0.312546,0.332658,0.328376,0.457086,0.337046,0.785461,0.211778,7.06476,0.323677,0,2.73317,57.4504,8.13047,114.589,2.73317,-2.24368,9.950616121292114,-0.8949102163314819,2.34832,92.93000030517578,,,,,,,548.6,5.655670103,548.6,5.655670103,,,,,,,,,,,,,,,,,,,"Oneil Cruz","21711",665833
"Andrés Giménez","TOR",101,436,395,99,69,18,2,10,47,54,23,1,75,13,3,3,,16,3,0.249961,0.0517051,0.171112,0.30217,0.309041,0.380772,0.301847,0.689813,0.130812,5.84045,0.282949,0,1.30063,47.5574,-3.96813,93.0788,1.30063,5.5078,-2.2566323280334473,10.180024147033691,2.34712,412.2200012207031,,,,,,,447,4.425742574,447,4.425742574,,,,,,,,,,,,,,,,,,,"Andres Gimenez","19950",665926
"Konnor Griffin","PIT",101,437,393,101,70,18,3,11,67,59,26,1,113,14,3,1,,23,6,0.256672,0.0603238,0.257747,0.234043,0.323314,0.396508,0.315599,0.719822,0.139835,7.31689,0.331151,0,1.4081,52.5716,0.903136,99.897,1.4081,2.00058,1.3547385036945343,6.685761451721191,2.31216,999,,,,,,,492.2,4.873267326,492.2,4.873267326,,,,,,,,,,,,,,,,,,,"Konnor Griffin","35376",804606
"Willy Adames","SFG",109,472,424,100,60,23,1,16,57,56,43,1,120,3,2,0,,7,3,0.235887,0.0907553,0.253697,0.357731,0.308707,0.408862,0.31213,0.717569,0.172975,3.81401,0.288245,0,-0.37596,55.4238,-0.35464,101.797,-0.37596,1.10515,0.6297147572040558,6.163024425506592,2.30298,133.92999267578125,,,,,,,501.7,4.602752293,501.7,4.602752293,,,,,,,,,,,,,,,,,,,"Willy Adames","15986",642715
"Seiya Suzuki","CHC",101,437,383,100,59,19,2,20,56,63,49,3,111,3,3,0,,4,2,0.260461,0.111529,0.252772,0.441221,0.346034,0.477169,0.353098,0.823204,0.216708,4.02955,0.31301,0,-0.859559,65.8849,14.2165,129.261,-0.859559,-0.20423,14.305455803871155,-6.664106458425522,2.27132,113.43000030517578,,,,,,,589.5,5.836633663,589.5,5.836633663,,,,,,,,,,,,,,,,,,,"Seiya Suzuki","30116",673548
"Wilyer Abreu","BOS",87,376,332,86,53,17,1,15,48,50,41,2,88,1,2,0,,6,2,0.257926,0.108007,0.23503,0.459547,0.339082,0.448656,0.339794,0.787738,0.190731,4.10419,0.306959,0,-0.414338,52.5796,8.16107,114.419,-0.414338,7.28048,5.97428423166275,3.1810951232910156,2.26124,199.89999389648438,,,,,,,477.4,5.487356321,477.4,5.487356321,,,,,,,,,,,,,,,,,,,"Wilyer Abreu","23772",677800
"Manny Machado","SDP",104,451,405,100,64,19,0,18,58,61,41,3,91,1,4,0,,6,2,0.248055,0.0913554,0.202691,0.450713,0.316859,0.424738,0.319826,0.741598,0.176684,3.51833,0.27684,0,-0.188677,55.7822,2.47999,108.415,-0.188677,1.94017,4.310512498021126,2.5488144755363464,2.23841,37.52000045776367,,,,,,,511.1,4.914423076,511.1,4.914423076,,,,,,,,,,,,,,,,,,,"Manny Machado","11493",592518
"Max Muncy","LAD",74,318,265,61,34,10,1,16,48,41,48,2,80,4,1,0,,1,0,0.229735,0.150053,0.252879,0.593377,0.352859,0.456661,0.351533,0.80952,0.226926,3.25945,0.262974,0,-0.316619,47.5124,9.93532,126.906,-0.316619,0.366383,9.824921071529388,1.3957043588161469,2.23129,234.3699951171875,,,,,,,419.6,5.67027027,419.6,5.67027027,,,,,,,,,,,,,,,,,,,"Max Muncy","13301",571970
"Taylor Ward","BAL",108,467,400,100,60,23,1,16,60,57,61,0,108,4,3,0,,4,2,0.249537,0.130169,0.232278,0.560399,0.351589,0.433414,0.343864,0.785003,0.183877,3.42985,0.301021,0,-0.988479,66.8753,11.684,122.863,-0.988479,-0.933898,11.59846419095993,-5.938527166843414,2.22485,148.42999267578125,,,,,,,579.8,5.368518518,579.8,5.368518518,,,,,,,,,,,,,,,,,,,"Taylor Ward","17548",621493
"Matt McLain","CIN",97,417,366,89,56,18,2,14,54,52,43,0,109,5,2,2,,13,3,0.243041,0.103507,0.262118,0.394889,0.329465,0.413529,0.325784,0.742995,0.170489,5.52198,0.307346,0,0.613881,53.6335,4.3136,103.877,0.613881,3.1543,2.5320034623146057,4.787015318870544,2.17063,144.3000030517578,,,,,,,487.9,5.029896907,487.9,5.029896907,,,,,,,,,,,,,,,,,,,"Matt McLain","29695",680574
"Will Smith","LAD",76,301,259,67,44,11,1,11,39,39,34,2,58,5,3,0,,1,1,0.256557,0.113188,0.194389,0.582278,0.350792,0.431044,0.340611,0.781835,0.174487,3.10039,0.290006,0,-0.539715,42.2579,6.72748,119.424,-0.539715,-0.726132,6.382756233215332,4.704423785209656,2.15864,95.69000244140625,,,,,,,373.3,4.911842105,373.3,4.911842105,,,,,,,,,,,,,,,,,,,"Will Smith","19197",669257
"Randy Arozarena","SEA",111,478,412,103,65,22,1,14,64,53,47,1,123,15,4,0,,21,5,0.249802,0.0984704,0.257231,0.382809,0.345672,0.4129,0.333964,0.758572,0.163098,5.57672,0.31832,0,1.24778,64.569,8.11153,121.131,1.24778,-3.2768,13.147798418998718,-8.536981344223022,2.15527,89.37999725341797,,,,,,,577.8,5.205405405,577.8,5.205405405,,,,,,,,,,,,,,,,,,,"Randy Arozarena","19290",668227
"Willson Contreras","BOS",103,446,382,97,57,22,1,17,52,62,43,1,114,17,4,1,,3,1,0.254477,0.0964582,0.254473,0.379051,0.353271,0.449552,0.350009,0.802823,0.195076,3.41934,0.31454,0,-0.384685,66.0943,13.3843,121.456,-0.384685,2.85741,10.896308183670044,-5.395061731338501,2.13462,168.1999969482422,,,,,,,573.4,5.566990291,573.4,5.566990291,,,,,,,,,,,,,,,,,,,"Willson Contreras","11609",575929
"Yandy Díaz","TBR",109,470,416,122,87,20,1,14,56,60,45,2,66,7,3,0,,2,1,0.293951,0.0959274,0.14051,0.682709,0.370059,0.450772,0.356902,0.820831,0.156821,2.68201,0.319152,0,-0.811808,72.2915,16.7377,129.518,-0.811808,0,15.545508980751038,-10.92361068725586,2.12946,138.63999938964844,,,,,,,619.5,5.683486238,619.5,5.683486238,,,,,,,,,,,,,,,,,,,"Yandy Diaz","16578",650490
"Jazz Chisholm Jr.","NYY",100,432,382,91,56,15,1,18,55,62,44,1,116,4,2,1,,23,6,0.238922,0.101734,0.268379,0.379069,0.321535,0.430333,0.326227,0.751869,0.191412,5.7572,0.29127,0,1.61324,55.7046,4.62325,110.397,1.61324,-2.44838,6.911100387573242,-1.0463718175888062,2.12325,19.520000457763672,,,,,,,516.9,5.169,516.9,5.169,,,,,,,,,,,,,,,,,,,"Jazz Chisholm Jr.","20454",665862
"Brent Rooker","ATH",104,451,400,106,60,21,1,24,57,79,44,2,117,4,3,0,,5,1,0.265117,0.0976378,0.258892,0.377137,0.3411,0.504421,0.360089,0.845521,0.239304,3.97125,0.312407,0,0.109647,70.5287,17.2264,129.776,0.109647,0.00214051,15.941101431846619,-10.774403102695942,2.11806,42.11000061035156,,,,,,,636.5,6.120192307,636.5,6.120192307,,,,,,,,,,,,,,,,,,,"Brent Rooker","19627",667670
"Miguel Vargas","CHW",104,451,389,93,54,22,2,16,67,53,54,0,81,6,3,0,,7,1,0.240224,0.118955,0.179934,0.661103,0.338715,0.42619,0.334411,0.764905,0.185965,5.26749,0.263812,0,0.196459,61.1241,7.82183,114.65,0.196459,-4.11153,7.985614836215973,-2.8584444522857666,2.11401,303.0899963378906,,,,,,,547.9,5.26826923,547.9,5.26826923,,,,,,,,,,,,,,,,,,,"Miguel Vargas","20178",678246
"Roman Anthony","BOS",92,396,337,87,56,18,2,11,56,45,54,1,98,3,2,0,,5,2,0.258367,0.136784,0.248577,0.550267,0.364757,0.420551,0.345542,0.785308,0.162183,4.61008,0.332046,0,-0.713381,57.232,10.4444,118.379,-0.713381,4.04543,7.8640705943107605,-0.9132089614868164,2.10633,50.75,,,,,,,492.1,5.348913043,492.1,5.348913043,,,,,,,,,,,,,,,,,,,"Roman Anthony","31812",701350
"Michael Busch","CHC",98,422,367,92,53,19,2,17,56,60,47,2,102,6,3,0,,3,0,0.250107,0.111087,0.24075,0.46142,0.342425,0.455272,0.344891,0.797697,0.205165,4.347,0.2973,0,-0.145257,60.8246,10.9176,123.639,-0.145257,2.28611,11.68852436542511,-5.291820526123047,2.0932,106.45999908447266,,,,,,,539.2,5.502040816,539.2,5.502040816,,,,,,,,,,,,,,,,,,,"Michael Busch","26319",683737
"Bryson Stott","PHI",100,432,388,99,69,17,3,10,51,50,37,1,72,2,3,2,,19,3,0.254129,0.0850133,0.167086,0.5088,0.320428,0.391162,0.311562,0.71159,0.137033,6.24078,0.287015,0,2.00838,50.5572,-0.524132,97.4045,2.00838,3.76381,0.6785086393356323,5.378775238990784,2.09232,181.44000244140625,,,,,,,471.5,4.715,471.5,4.715,,,,,,,,,,,,,,,,,,,"Bryson Stott","26294",681082
"Jonathan Aranda","TBR",102,440,380,103,70,17,0,16,57,63,48,3,109,8,5,0,,1,1,0.269884,0.108094,0.247073,0.4375,0.358565,0.438606,0.346477,0.797171,0.168722,1.93269,0.334044,0,-0.962723,63.9046,11.9349,122.336,-0.962723,3.10626,10.616341769695282,-5.397907495498657,2.08361,195.60000610351562,,,,,,,563.6,5.525490196,563.6,5.525490196,,,,,,,,,,,,,,,,,,,"Jonathan Aranda","21837",666018
"Munetaka Murakami","CHW",103,446,372,88,52,12,0,24,62,63,68,5,152,3,2,0,,6,4,0.237323,0.152332,0.341335,0.446281,0.35812,0.467039,0.354932,0.825159,0.229716,2.80649,0.322652,0,-1.21581,67.8773,15.1672,128.786,-1.21581,-1.03436,13.919118404388428,-9.072018146514893,2.0677,999,,,,,,,594.4,5.770873786,594.4,5.770873786,,,,,,,,,,,,,,,,,,,"Munetaka Murakami","37120",808959
"Josh Naylor","SEA",103,443,400,108,73,20,0,15,48,64,37,4,65,4,3,0,,15,2,0.270342,0.0832542,0.145946,0.570447,0.335274,0.433074,0.331223,0.768348,0.162733,4.26017,0.288291,0,1.50267,58.9228,6.53951,119.243,1.50267,0.875147,11.55727481842041,-7.147075831890106,2.01325,67.45999908447266,,,,,,,549.7,5.336893203,549.7,5.336893203,,,,,,,,,,,,,,,,,,,"Josh Naylor","18839",647304
"Luis Arraez","SFG",102,442,409,129,100,21,2,5,50,43,23,2,17,2,3,5,,6,2,0.314087,0.0524965,0.0393724,1.33333,0.35178,0.412394,0.332127,0.764174,0.0983076,4.40951,0.317309,0,-0.283221,59.1036,6.84797,115.496,-0.283221,-3.84448,7.8391517996788025,-3.045865535736084,1.99685,280.04998779296875,,,,,,,513.5,5.034313725,513.5,5.034313725,,,,,,,,,,,,,,,,,,,"Luis Arraez","18568",650333
"Luke Keaschall","MIN",94,407,355,91,62,20,2,7,53,47,40,1,66,10,3,0,,20,4,0.25752,0.0982323,0.161868,0.606866,0.34686,0.385455,0.324593,0.732316,0.127936,6.2438,0.296307,0,1.6082,51.9627,3.81713,107.386,1.6082,-1.09585,5.1553356647491455,0.2884119749069214,1.99263,114.8499984741211,,,,,,,466.6,4.963829787,466.6,4.963829787,,,,,,,,,,,,,,,,,,,"Luke Keaschall","33321",807712
"Brandon Nimmo","TEX",104,451,397,101,65,19,3,14,54,48,43,1,97,8,3,1,,5,1,0.253261,0.0948917,0.21575,0.439823,0.335734,0.416848,0.328999,0.752582,0.163587,4.67121,0.301146,0,-0.143351,59.1418,5.83953,112.584,-0.143351,2.79894,6.547493368387222,-2.7504422664642334,1.97792,145.4600067138672,,,,,,,532.1,5.116346153,532.1,5.116346153,,,,,,,,,,,,,,,,,,,"Brandon Nimmo","12927",607043
"Gleyber Torres","DET",94,407,352,91,66,15,1,10,51,43,50,1,71,3,3,1,,3,2,0.259057,0.12177,0.174773,0.696733,0.352385,0.391604,0.329606,0.743989,0.132547,3.08529,0.296046,0,-0.790205,53.6211,5.47549,111.346,-0.790205,-0.865606,4.658863067626953,0.5896406173706055,1.97266,261.510009765625,,,,,,,459.9,4.892553191,459.9,4.892553191,,,,,,,,,,,,,,,,,,,"Gleyber Torres","16997",650402
"Nolan Arenado","ARI",102,440,398,103,69,20,1,13,49,59,34,2,67,5,3,0,,2,1,0.258373,0.0766383,0.151633,0.505419,0.321194,0.407524,0.316412,0.728717,0.14915,2.69047,0.280396,0,-0.774242,53.1684,1.19871,101.353,-0.774242,2.75629,-0.0688180923461914,4.182678580284119,1.91909,638.0599975585938,,,,,,,482.7,4.732352941,482.7,4.732352941,,,,,,,,,,,,,,,,,,,"Nolan Arenado","9777",571448
"Ryan Jeffers","MIN",89,359,311,78,49,17,1,12,43,45,39,1,72,7,2,1,,2,1,0.252335,0.107397,0.200165,0.536543,0.345047,0.425194,0.337122,0.770241,0.172859,3.30359,0.291079,0,-0.525247,49.402,7.01038,116.017,-0.525247,-2.20577,6.2474000453948975,0.1545708179473877,1.91909,298.05999755859375,,,,,,,432.6,4.860674157,432.6,4.860674157,,,,,,,,,,,,,,,,,,,"Ryan Jeffers","24618",680777
"Ernie Clement","TOR",103,446,419,116,81,25,2,7,52,45,18,1,43,3,3,3,,5,2,0.275731,0.0397575,0.0954751,0.416418,0.307646,0.39715,0.305299,0.704797,0.121419,4.17339,0.291056,0,-0.586777,49.9007,-2.80934,95.4562,-0.586777,4.32446,-2.9758021235466003,6.204092502593994,1.90207,337.67999267578125,,,,,,,447.2,4.341747572,447.2,4.341747572,,,,,,,,,,,,,,,,,,,"Ernie Clement","20352",676391
"J.P. Crawford","SEA",100,433,370,88,62,16,1,10,50,41,54,1,79,4,2,2,,3,1,0.237454,0.125338,0.182126,0.688194,0.34009,0.362842,0.314717,0.702932,0.125389,3.06334,0.275296,0,-0.706961,51.8039,0.584754,107.872,-0.706961,-4.32414,3.3147758841514587,0.3203010559082031,1.89924,748.5399780273438,,,,,,,445.8,4.458,445.8,4.458,,,,,,,,,,,,,,,,,,,"J.P. Crawford","15491",641487
"Marcus Semien","NYM",107,461,414,99,68,18,1,12,60,52,41,1,79,3,3,0,,8,2,0.238596,0.0890186,0.171405,0.519345,0.310096,0.377149,0.30215,0.687245,0.138553,4.84377,0.265554,0,0.0504077,50.4039,-4.08283,95.8687,0.0504077,3.88787,-2.2075183242559433,5.39156973361969,1.89653,266.25,,,,,,,452.7,4.230841121,452.7,4.230841121,,,,,,,,,,,,,,,,,,,"Marcus Semien","12533",543760
"Trent Grisham","NYY",89,383,324,68,37,12,1,17,52,51,52,0,91,3,3,1,,4,2,0.209321,0.136576,0.236878,0.576566,0.322216,0.41101,0.322179,0.733226,0.201689,4.1445,0.232212,0,-0.394876,48.0442,2.83426,107.609,-0.394876,0.467932,3.036454677581787,1.8344447910785675,1.84648,253.82000732421875,,,,,,,424.1,4.765168539,424.1,4.765168539,,,,,,,,,,,,,,,,,,,"Trent Grisham","18564",663757
"Nick Gonzales","PIT",91,393,359,98,68,21,3,6,45,43,26,0,79,6,2,0,,3,3,0.273307,0.0653731,0.201804,0.323944,0.330456,0.397612,0.31909,0.728068,0.124305,4.30766,0.33456,0,-1.16878,48.3078,1.92361,102.289,-1.16878,3.16257,-0.10384631156921387,4.671055912971497,1.80446,999,,,,,,,417.5,4.587912087,417.5,4.587912087,,,,,,,,,,,,,,,,,,,"Nick Gonzales","27490",693304
"Steven Kwan","CLE",103,443,390,105,80,17,2,6,56,39,44,1,42,4,3,2,,10,3,0.269126,0.098612,0.0937099,1.05231,0.346909,0.369579,0.318179,0.716488,0.100453,5.08169,0.286874,0,-0.0897808,54.2274,1.84418,104.91,-0.0897808,-0.383024,2.47563386708498,-0.20709791779518127,1.79413,169.60000610351562,,,,,,,469.7,4.560194174,469.7,4.560194174,,,,,,,,,,,,,,,,,,,"Steven Kwan","24610",680757
"Christian Walker","HOU",107,463,413,97,55,20,1,22,56,65,40,2,114,7,3,0,,2,1,0.235473,0.0869353,0.24567,0.35387,0.311648,0.444718,0.32582,0.756366,0.209245,2.97455,0.269434,0,-0.535687,59.5101,4.79872,109.564,-0.535687,5.07939,4.6838458776474,-3.2243118286132812,1.78079,212.94000244140625,,,,,,,542.7,5.071962616,542.7,5.071962616,,,,,,,,,,,,,,,,,,,"Christian Walker","13419",572233
"Sal Stewart","CIN",97,417,372,96,59,20,0,17,57,62,39,1,80,4,3,0,,12,2,0.259095,0.0927118,0.192018,0.48283,0.33247,0.447205,0.337357,0.779675,0.18811,4.62977,0.28709,0,0.991609,57.5555,8.23565,111.805,0.991609,2.62832,6.831776678562164,-3.3346478939056396,1.77961,161.8699951171875,,,,,,,529.6,5.459793814,529.6,5.459793814,,,,,,,,,,,,,,,,,,,"Sal Stewart","31505",701398
"Brandon Marsh","PHI",85,368,330,90,61,17,2,10,47,45,32,1,97,2,3,1,,8,2,0.27451,0.0873893,0.263412,0.331759,0.339211,0.432414,0.33427,0.771625,0.157904,5.52205,0.356384,0,0.142123,49.7822,6.33374,112.96,0.142123,2.13976,5.790522709488869,-1.0191912651062012,1.74071,609.72998046875,,,,,,,440.3,5.18,440.3,5.18,,,,,,,,,,,,,,,,,,,"Brandon Marsh","20202",669016
"Jeff McNeil","ATH",86,371,329,91,62,21,2,7,39,39,30,1,44,7,3,2,,3,2,0.277204,0.0805144,0.11987,0.671679,0.348262,0.416314,0.333995,0.764576,0.13911,3.62818,0.299988,0,-0.682128,50.1324,6.3061,111.801,-0.682128,-1.50067,4.4769821763038635,-0.534000813961029,1.71029,440.5199890136719,,,,,,,429.8,4.997674418,429.8,4.997674418,,,,,,,,,,,,,,,,,,,"Jeff McNeil","15362",643446
"Brandon Lowe","PIT",91,393,351,85,49,18,1,17,50,52,36,1,100,3,2,0,,2,1,0.242627,0.0925051,0.255664,0.361823,0.316994,0.448591,0.330267,0.765584,0.205964,3.38611,0.287554,0,-0.457799,51.87,5.48585,109.945,-0.457799,-1.2417,4.169369548559189,-0.6915477514266968,1.693,187.57000732421875,,,,,,,460.7,5.062637362,460.7,5.062637362,,,,,,,,,,,,,,,,,,,"Brandon Lowe","18882",664040
"Jarren Duran","BOS",101,436,394,97,54,26,5,12,57,52,34,1,106,5,2,1,,17,3,0.247156,0.0771584,0.241997,0.318841,0.313245,0.43136,0.321753,0.744605,0.184204,7.28942,0.305606,0,1.66475,54.6051,3.07961,101.992,1.66475,4.42165,2.6883256435394287,-1.1814384460449219,1.69063,64.04000091552734,,,,,,,506.8,5.017821782,506.8,5.017821782,,,,,,,,,,,,,,,,,,,"Jarren Duran","24617",680776
"Rafael Devers","SFG",109,472,412,105,61,24,1,20,60,62,53,7,119,4,3,0,,1,1,0.253496,0.112519,0.252405,0.445789,0.341402,0.457406,0.340857,0.798808,0.20391,2.32302,0.306567,0,-0.730871,66.4342,10.6558,121.477,-0.730871,-0.955914,11.285232961177826,-10.486006021499634,1.68977,61.619998931884766,,,,,,,609.4,5.590825688,609.4,5.590825688,,,,,,,,,,,,,,,,,,,"Rafael Devers","17350",646240
"Carson Kelly","CHC",69,274,243,60,42,11,1,8,30,34,27,0,53,3,1,0,,1,0,0.248744,0.0976286,0.194651,0.501558,0.330482,0.391275,0.318752,0.721757,0.142531,3.07783,0.288369,0,-0.23041,33.6789,1.2687,105.733,-0.23041,1.18788,1.6332927346229553,5.695597410202026,1.68417,591.9099731445312,,,,,,,297.7,4.314492753,297.7,4.314492753,,,,,,,,,,,,,,,,,,,"Carson Kelly","13620",608348
"Ha-Seong Kim","ATL",93,402,352,84,61,14,1,8,46,38,42,1,72,4,2,2,,15,4,0.238991,0.105439,0.178745,0.589888,0.324984,0.352523,0.302007,0.677507,0.113532,5.0575,0.277421,0,0.865492,43.9481,-3.61038,91.9988,0.865492,1.64184,-2.9514312744140625,5.954341411590576,1.67826,748.3800048828125,,,,,,,395.2,4.249462365,395.2,4.249462365,,,,,,,,,,,,,,,,,,,"Ha-Seong Kim","27506",673490
"Josh Jung","TEX",100,431,401,104,68,21,1,14,47,51,24,0,101,3,3,0,,3,1,0.259028,0.0560167,0.234252,0.23913,0.304236,0.419572,0.31318,0.723808,0.160544,3.38657,0.312381,0,-0.602234,50.9769,0.0436648,101.687,-0.602234,-0.348838,0.2549055218696594,1.1906677782535553,1.6667,610.5,,,,,,,463.5,4.635,463.5,4.635,,,,,,,,,,,,,,,,,,,"Josh Jung","26299",673962
"J.T. Realmuto","PHI",86,341,309,77,51,15,2,9,38,37,23,1,78,7,2,0,,5,1,0.250833,0.0687544,0.22897,0.300277,0.315349,0.39765,0.311459,0.712999,0.146816,4.89101,0.306445,0,-0.0692803,39.8695,-0.441975,97.3344,-0.0692803,-0.376465,-1.147116370499134,6.065664917230606,1.66534,212.27000427246094,,,,,,,358.4,4.16744186,358.4,4.16744186,,,,,,,,,,,,,,,,,,,"J.T. Realmuto","11739",592663
"Kyle Stowers","MIA",98,422,372,91,52,19,2,17,51,56,41,2,117,7,2,0,,3,1,0.243681,0.097317,0.276299,0.352217,0.328019,0.445495,0.333949,0.773514,0.201814,3.95052,0.305699,0,-0.616488,57.0721,7.16503,113.01,-0.616488,1.24705,5.896216869354248,-3.7043371200561523,1.66299,164.42999267578125,,,,,,,510.8,5.212244897,510.8,5.212244897,,,,,,,,,,,,,,,,,,,"Kyle Stowers","26151",669065
"Ozzie Albies","ATL",106,457,415,106,71,20,1,14,59,55,34,1,67,5,4,0,,6,3,0.255216,0.0741889,0.146789,0.505412,0.315944,0.411092,0.316142,0.727036,0.155876,4.03777,0.272314,0,-0.790619,55.1628,1.14573,101.682,-0.790619,-0.729494,0.12051904201507568,0.9032220244407654,1.66196,150.5,,,,,,,493.9,4.659433962,493.9,4.659433962,,,,,,,,,,,,,,,,,,,"Ozzie Albies","16556",645277
"Austin Wells","NYY",82,323,287,64,37,13,1,13,34,43,31,1,80,3,2,0,,3,1,0.221614,0.0972307,0.247177,0.393365,0.303072,0.402678,0.307476,0.70575,0.181064,3.43215,0.259541,0,-0.117084,36.701,-1.46319,97.4804,-0.117084,0.0944956,-1.0762563943862915,6.181686706840992,1.66038,246.13999938964844,,,,,,,341.9,4.169512195,341.9,4.169512195,,,,,,,,,,,,,,,,,,,"Austin Wells","27562",669224
"Chase DeLauter","CLE",87,374,332,87,53,22,1,11,43,51,40,0,53,0,3,0,,1,1,0.263289,0.106028,0.140452,0.754902,0.339289,0.437675,0.337575,0.776963,0.174386,2.41522,0.280367,0,-0.850866,51.6877,7.45298,118.271,-0.850866,-0.183073,7.211156845092773,-4.1941844671964645,1.62773,999,,,,,,,447.2,5.140229885,447.2,5.140229885,,,,,,,,,,,,,,,,,,,"Chase DeLauter","32127",800050
"Ramón Laureano","SDP",90,391,349,84,50,17,2,15,51,51,32,1,112,7,3,0,,7,2,0.240243,0.0814802,0.286938,0.283964,0.314737,0.430183,0.322682,0.74492,0.189939,5.52655,0.306906,0,-0.0646881,49.251,3.05573,110.371,-0.0646881,2.19497,4.74101796746254,-1.8507072925567627,1.62744,224.47999572753906,,,,,,,447.8,4.975555555,447.8,4.975555555,,,,,,,,,,,,,,,,,,,"Ramon Laureano","17128",657656
"Teoscar Hernández","LAD",97,417,382,102,64,19,1,18,52,65,28,1,113,5,3,0,,4,1,0.265841,0.0676323,0.269606,0.250856,0.321814,0.460686,0.336292,0.782499,0.194844,3.69551,0.329066,0,-0.310559,57.1948,7.87493,116.465,-0.310559,-1.38016,7.835037529468536,-5.852384805679321,1.62466,125.41999816894531,,,,,,,523,5.391752577,523,5.391752577,,,,,,,,,,,,,,,,,,,"Teoscar Hernandez","13066",606192
"Brayan Rocchio","CLE",95,409,364,90,62,19,2,8,46,45,33,0,69,7,2,3,,11,5,0.248062,0.0811169,0.169656,0.478125,0.320121,0.373286,0.306487,0.693407,0.125224,5.03317,0.285518,0,-0.543073,46.1289,-2.18011,96.8561,-0.543073,-0.0607956,-2.0580477118492126,3.6864265501499176,1.60715,999,,,,,,,408.6,4.301052631,408.6,4.301052631,,,,,,,,,,,,,,,,,,,"Brayan Rocchio","23690",677587
"Alec Burleson","STL",104,451,410,114,77,21,1,15,49,62,35,1,66,3,3,1,,4,1,0.27713,0.0768848,0.146524,0.524725,0.335138,0.442935,0.336505,0.778073,0.165805,3.702,0.297264,0,-0.159993,61.8911,8.58889,118.25,-0.159993,-0.64444,9.597631141543388,-8.950612485408783,1.60281,175.19000244140625,,,,,,,554.8,5.334615384,554.8,5.334615384,,,,,,,,,,,,,,,,,,,"Alec Burleson","27615",676475
"Spencer Horwitz","PIT",83,358,311,84,55,20,1,8,42,40,41,1,62,4,3,0,,2,1,0.271353,0.113848,0.173009,0.658048,0.360158,0.421402,0.342898,0.78156,0.15005,3.12163,0.313435,0,-0.574779,50.943,8.66881,118.598,-0.574779,2.66186,7.31143844127655,-3.798020601272583,1.57816,738.1500244140625,,,,,,,434.3,5.23253012,434.3,5.23253012,,,,,,,,,,,,,,,,,,,"Spencer Horwitz","26477",687462
"Travis Bazzana","CLE",88,379,325,74,48,15,2,8,54,43,45,1,106,7,2,1,,9,2,0.226995,0.118638,0.278939,0.425318,0.331185,0.363498,0.310288,0.694683,0.136502,6.11931,0.307418,0,0.201661,43.9647,-0.852061,99.4743,0.201661,2.30333,-0.03334546089172363,2.391288161277771,1.57765,999,,,,,,,387,4.397727272,387,4.397727272,,,,,,,,,,,,,,,,,,,"Travis Bazzana","34967",683953
"Cole Young","SEA",91,394,348,83,57,17,2,8,44,49,36,1,73,6,2,2,,5,3,0.239279,0.0925631,0.185394,0.499279,0.319764,0.365661,0.3036,0.685426,0.126383,4.43842,0.280572,0,-0.964091,43.5376,-3.02525,100.214,-0.964091,0.971571,-0.8648091107606888,2.3789783120155334,1.54339,704.2899780273438,,,,,,,379.8,4.173626373,379.8,4.173626373,,,,,,,,,,,,,,,,,,,"Cole Young","31680",702284
"Joey Ortiz","MIL",94,408,366,90,61,18,3,7,52,45,31,0,73,3,3,4,,10,4,0.245453,0.0769546,0.178317,0.431561,0.308677,0.372423,0.299275,0.6811,0.12697,5.67376,0.285033,0,-0.251498,43.633,-4.56366,91.3527,-0.251498,1.62127,-4.431997686624527,5.9187973737716675,1.54154,743.4400024414062,,,,,,,382.9,4.073404255,382.9,4.073404255,,,,,,,,,,,,,,,,,,,"Joey Ortiz","25493",687401
"Chase Meidroth","CHW",96,416,358,90,69,15,1,6,53,32,47,0,70,6,3,3,,8,2,0.25246,0.111837,0.168881,0.662226,0.345823,0.343942,0.311177,0.689766,0.0914822,4.29042,0.297627,0,-0.134431,48.5221,-0.634385,98.6448,-0.134431,-0.167246,-0.7989509254693985,1.4975687116384506,1.53729,646.8699951171875,,,,,,,420.2,4.377083333,420.2,4.377083333,,,,,,,,,,,,,,,,,,,"Chase Meidroth","31580",805367
"Jacob Wilson","ATH",73,316,294,85,61,17,1,6,37,42,15,1,27,3,2,1,,3,1,0.288927,0.0489961,0.0840348,0.583045,0.328996,0.413244,0.322578,0.74224,0.124317,3.58266,0.299315,0,-0.28452,39.753,2.4414,103.936,-0.28452,-0.458957,1.180392473936081,2.924376040697098,1.53258,196.44000244140625,,,,,,,350.3,4.798630136,350.3,4.798630136,,,,,,,,,,,,,,,,,,,"Jacob Wilson","33266",805779
"Justin Crawford","PHI",92,398,360,102,76,17,3,5,57,39,29,0,80,2,2,4,,21,6,0.282173,0.0730613,0.200311,0.36474,0.337712,0.392231,0.320554,0.729944,0.110058,6.8808,0.347549,0,1.04389,49.3915,2.42019,103.564,1.04389,-2.6746,2.7231613397598267,-1.2548434734344482,1.50433,999,,,,,,,440.7,4.790217391,440.7,4.790217391,,,,,,,,,,,,,,,,,,,"Justin Crawford","31791",702222
"Ryan Waldschmidt","ARI",75,324,281,66,46,13,2,5,42,37,34,1,72,7,2,0,,8,4,0.233973,0.104726,0.222505,0.470668,0.329331,0.348885,0.303986,0.678216,0.114913,5.29712,0.294018,0,-0.578035,35.8483,-2.38232,92.8414,-0.578035,6.65745,-3.323228895664215,7.235223233699799,1.50237,999,,,,,,,311.7,4.156,311.7,4.156,,,,,,,,,,,,,,,,,,,"Ryan Waldschmidt","35061",814439
"Caleb Durbin","BOS",90,391,345,84,55,21,1,6,49,43,28,0,43,13,2,3,,15,5,0.242551,0.0714664,0.109562,0.652291,0.321855,0.365919,0.305919,0.687774,0.123368,5.91833,0.260208,0,0.464578,43.93,-2.26526,91.0837,0.464578,3.25302,-3.6440228521823883,4.649319887161255,1.48037,219.8300018310547,,,,,,,385.9,4.287777777,385.9,4.287777777,,,,,,,,,,,,,,,,,,,"Caleb Durbin","29646",702332
"Hunter Goodman","COL",102,413,380,96,52,21,2,21,53,60,26,0,114,5,2,0,,1,1,0.251732,0.0626261,0.275112,0.227638,0.3061,0.48013,0.335769,0.78623,0.228398,3.13012,0.302505,0,-0.934369,56.4551,7.62173,101.945,-0.934369,-2.76525,0.01828765869140625,0.6599025726318359,1.47717,67.36000061035156,,,,,,,519.4,5.092156862,519.4,5.092156862,,,,,,,,,,,,,,,,,,,"Hunter Goodman","29715",696100
"Evan Carter","TEX",84,361,310,69,44,13,3,9,45,38,42,1,83,5,2,1,,15,3,0.222895,0.115467,0.229589,0.502928,0.322827,0.374487,0.308946,0.697315,0.151592,6.77261,0.27242,0,1.29829,41.4379,-1.20392,98.7707,1.29829,-0.0291828,0.7754178047180176,1.1881011445075274,1.47244,280.4800109863281,,,,,,,376.9,4.486904761,376.9,4.486904761,,,,,,,,,,,,,,,,,,,"Evan Carter","27790",694497
"Ezequiel Tovar","COL",106,457,425,109,68,26,3,12,52,50,24,0,115,3,3,3,,6,3,0.255424,0.0515063,0.252556,0.20394,0.297349,0.414087,0.307271,0.711436,0.158664,4.79768,0.321466,0,-0.488905,51.8703,-2.14675,82.423,-0.488905,4.15787,-10.01264688372612,9.056020736694336,1.45934,209.22999572753906,,,,,,,474.7,4.478301886,474.7,4.478301886,,,,,,,,,,,,,,,,,,,"Ezequiel Tovar","24064",678662
"Jakob Marsee","MIA",89,383,326,75,48,15,4,8,47,41,45,0,81,5,2,4,,22,8,0.231849,0.118636,0.210512,0.563557,0.333398,0.378138,0.316207,0.711536,0.146289,7.06989,0.281256,0,0.543639,46.1891,0.979146,100.856,0.543639,-0.424137,0.931855708360672,0.5874369442462921,1.45877,137.0800018310547,,,,,,,404.9,4.549438202,404.9,4.549438202,,,,,,,,,,,,,,,,,,,"Jakob Marsee","31370",805300
"Sal Frelick","MIL",92,398,358,95,72,14,3,6,50,41,32,1,52,4,3,1,,11,4,0.265267,0.0808045,0.131505,0.614458,0.330118,0.374633,0.310239,0.704751,0.109366,5.59915,0.293031,0,-0.014552,46.0823,-0.909421,98.8632,-0.014552,5.47055,-0.5503879254683852,1.5007987022399902,1.45193,216.39999389648438,,,,,,,405.8,4.410869565,405.8,4.410869565,,,,,,,,,,,,,,,,,,,"Sal Frelick","29622",686217
"Patrick Bailey","CLE",59,234,212,45,31,8,1,5,23,25,19,0,64,1,1,1,,2,0,0.212145,0.082211,0.272086,0.302151,0.279213,0.326728,0.269249,0.605941,0.114584,4.1502,0.27785,0,-0.0182101,19.3422,-8.32942,71.2038,-0.0182101,9.27936,-7.9666406363248825,13.853435039520264,1.42744,747.8900146484375,,,,,,,179.7,3.045762711,179.7,3.045762711,,,,,,,,,,,,,,,,,,,"Patrick Bailey","27478",672275
"Colt Emerson","SEA",90,389,345,80,54,15,3,7,45,44,33,1,86,8,3,0,,6,3,0.231068,0.0843374,0.22031,0.382812,0.309811,0.353398,0.293148,0.663209,0.12233,5.41653,0.28534,0,-0.784874,39.6912,-6.28962,93.0141,-0.784874,2.66086,-3.9890220761299133,4.2969748973846436,1.40263,999,,,,,,,355.4,3.948888888,355.4,3.948888888,,,,,,,,,,,,,,,,,,,"Colt Emerson","33575",806068
"Kyle Isbel","KCR",82,353,317,79,54,15,4,7,43,33,22,0,70,4,2,8,,8,3,0.25,0.0613291,0.197328,0.310798,0.30547,0.384584,0.301683,0.690054,0.134584,6.48048,0.29956,0,-0.0326334,38.4294,-3.25765,89.3449,-0.0326334,4.44952,-4.463312767446041,5.709555745124817,1.37059,999,,,,,,,342.3,4.174390243,342.3,4.174390243,,,,,,,,,,,,,,,,,,,"Kyle Isbel","21614",664728
"Sam Antonacci","CHW",87,376,314,79,57,14,5,3,52,44,33,1,61,22,2,5,,16,5,0.253246,0.0873794,0.163017,0.536015,0.362126,0.357287,0.324938,0.719412,0.104041,7.46448,0.30381,0,0.584427,48.0455,3.62692,108.124,0.584427,-1.13771,4.184114634990692,-3.9482009410858154,1.34867,999,,,,,,,407.1,4.679310344,407.1,4.679310344,,,,,,,,,,,,,,,,,,,"Sam Antonacci","35101",803011
"Alec Bohm","PHI",92,398,364,98,68,19,1,10,43,51,26,1,61,4,3,0,,2,1,0.267981,0.0657934,0.152322,0.431937,0.320859,0.408208,0.316512,0.729067,0.140226,3.16271,0.295062,0,-0.525885,48.087,1.11564,100.795,-0.525885,-0.864102,-0.15116071701049805,0.023243963718414307,1.34101,239.8699951171875,,,,,,,430.6,4.680434782,430.6,4.680434782,,,,,,,,,,,,,,,,,,,"Alec Bohm","21618",664761
"Zack Gelof","ATH",73,316,283,66,40,14,1,11,42,42,28,0,98,2,2,2,,9,2,0.23364,0.0874745,0.308931,0.283152,0.304156,0.410651,0.311207,0.714806,0.177011,5.59942,0.311365,0,0.713495,36.8378,-0.47374,96.1034,0.713495,1.88803,-0.7367323637008667,2.8726001977920532,1.33113,999,,,,,,,337.8,4.62739726,337.8,4.62739726,,,,,,,,,,,,,,,,,,,"Zack Gelof","29766",680869
"Adolis García","PHI",102,442,402,97,59,19,1,18,54,60,32,1,116,6,3,0,,8,3,0.241395,0.0718625,0.262338,0.273931,0.304147,0.429979,0.317102,0.734126,0.188585,4.52221,0.291297,0,-0.170938,53.7086,1.45303,101.2,-0.170938,2.40521,0.4578271508216858,-2.1912426948547363,1.32909,213.99000549316406,,,,,,,492,4.823529411,492,4.823529411,,,,,,,,,,,,,,,,,,,"Adolis Garcia","19287",666969
"Luis Robert Jr.","NYM",66,286,258,61,39,12,0,10,35,40,23,2,75,3,1,1,,13,4,0.237421,0.082154,0.261246,0.314469,0.305997,0.404584,0.30815,0.710581,0.167164,4.86595,0.292153,0,0.553518,32.6203,-1.13781,99.9788,0.553518,2.0153,0.5463552000001073,2.8924648761749268,1.32502,105.63999938964844,,,,,,,303.9,4.604545454,303.9,4.604545454,,,,,,,,,,,,,,,,,,,"Luis Robert Jr.","20043",673357
"Connor Norby","MIA",81,348,315,80,51,17,1,10,45,41,26,0,95,5,2,0,,7,2,0.252808,0.0739803,0.271978,0.272008,0.31671,0.413384,0.318203,0.730094,0.160576,4.96305,0.32638,0,-0.0419054,42.5538,1.45389,102.224,-0.0419054,1.77256,0.8747709840536118,0.4947810173034668,1.32496,728.1400146484375,,,,,,,382.7,4.724691358,382.7,4.724691358,,,,,,,,,,,,,,,,,,,"Connor Norby","29592",681393
"Anthony Volpe","NYY",69,298,269,62,36,15,2,9,35,36,24,0,73,2,2,1,,10,3,0.229714,0.0816997,0.244954,0.333531,0.297659,0.396032,0.302388,0.69369,0.166317,5.89855,0.281396,0,0.316174,32.6463,-2.5822,93.9757,0.316174,1.25986,-1.8007766902446747,4.454308390617371,1.32198,641.989990234375,,,,,,,306.3,4.439130434,306.3,4.439130434,,,,,,,,,,,,,,,,,,,"Anthony Volpe","27647",683011
"Brenton Doyle","COL",87,378,348,84,55,15,2,11,49,40,24,0,105,2,2,1,,15,3,0.242189,0.0644832,0.278084,0.231884,0.293676,0.395499,0.299517,0.689176,0.153311,6.80916,0.31316,0,1.28382,40.4716,-4.15119,77.1107,1.28382,7.61562,-8.961401462554932,8.964380741119385,1.2867,166.25,,,,,,,378.8,4.354022988,378.8,4.354022988,,,,,,,,,,,,,,,,,,,"Brenton Doyle","25479",686668
"Mike Yastrzemski","ATL",72,313,273,64,36,15,1,11,43,35,35,1,76,3,1,1,,3,1,0.233157,0.110743,0.241533,0.458498,0.324613,0.416286,0.322983,0.740899,0.183129,4.55047,0.281601,0,-0.412807,39.5133,2.52339,106.368,-0.412807,3.64931,1.9499396085739136,0.1531689167022705,1.28153,656.0999755859375,,,,,,,354.9,4.929166666,354.9,4.929166666,,,,,,,,,,,,,,,,,,,"Mike Yastrzemski","14854",573262
"Jung Hoo Lee","SFG",92,398,363,98,67,19,5,7,44,39,28,1,40,4,3,1,,4,2,0.268899,0.0693967,0.101292,0.685112,0.324773,0.401228,0.31628,0.726001,0.132329,4.61101,0.285564,0,-0.901832,48.0121,1.04077,104.64,-0.901832,2.12123,1.2844678163528442,-1.99605393409729,1.2813,339.44000244140625,,,,,,,433.2,4.708695652,433.2,4.708695652,,,,,,,,,,,,,,,,,,,"Jung Hoo Lee","33824",808982
"Jake Meyers","HOU",66,286,256,63,44,11,1,6,33,26,23,0,61,4,2,1,,7,3,0.244419,0.0799385,0.212545,0.376102,0.313278,0.366279,0.300253,0.679557,0.12186,5.08647,0.296796,0,-0.256289,30.7884,-2.96972,91.9519,-0.256289,4.47806,-2.9663650393486023,5.498428702354431,1.26571,738.1500244140625,,,,,,,276.7,4.192424242,276.7,4.192424242,,,,,,,,,,,,,,,,,,,"Jake Meyers","20308",676694
"Ben Williamson","TBR",66,283,256,68,50,13,2,3,35,30,21,0,55,3,1,1,,7,2,0.267072,0.0751769,0.195112,0.385301,0.329135,0.367024,0.307345,0.696159,0.099952,5.89993,0.328977,0,0.165443,32.1392,-1.3126,95.3798,0.165443,2.31378,-1.3762198239564896,3.974895715713501,1.26339,999,,,,,,,281.8,4.269696969,281.8,4.269696969,,,,,,,,,,,,,,,,,,,"Ben Williamson","33197",810938
"Brendan Donovan","SEA",63,271,237,63,44,12,1,6,31,28,26,1,40,6,2,0,,2,2,0.265882,0.0955869,0.148015,0.645793,0.351625,0.397081,0.33038,0.748706,0.131199,3.36074,0.297204,0,-0.748086,35.8228,3.8108,118.661,-0.748086,-0.617039,5.210830807685852,-2.323520839214325,1.24998,268.5799865722656,,,,,,,306.9,4.871428571,306.9,4.871428571,,,,,,,,,,,,,,,,,,,"Brendan Donovan","24679",680977
"Dylan Crews","WSN",69,298,268,64,44,10,3,8,39,33,22,0,68,6,2,0,,13,4,0.240099,0.0734967,0.227171,0.323529,0.309577,0.386139,0.305399,0.695715,0.14604,7.00519,0.290102,0,0.551086,33.3751,-1.8534,94.8131,0.551086,5.48304,-1.2818012237548828,3.566368818283081,1.24932,282.2200012207031,,,,,,,309.2,4.48115942,309.2,4.48115942,,,,,,,,,,,,,,,,,,,"Dylan Crews","33541",686611
"Spencer Torkelson","DET",107,462,404,93,50,22,1,21,57,63,51,2,125,5,3,0,,1,0,0.230291,0.109416,0.271176,0.403486,0.32163,0.440974,0.329801,0.762604,0.210683,2.6562,0.277711,0,-0.622831,60.8872,6.28298,111.48,-0.622831,-0.921772,5.630174219608307,-9.351555466651917,1.24752,188.35000610351562,,,,,,,553.6,5.173831775,553.6,5.173831775,,,,,,,,,,,,,,,,,,,"Spencer Torkelson","27465",679529
"Jac Caglianone","KCR",85,368,330,85,52,16,1,16,48,46,31,1,82,5,2,0,,2,1,0.257188,0.0837104,0.223228,0.375,0.329034,0.456082,0.338697,0.785116,0.198894,3.59093,0.295203,0,-0.520789,51.1039,7.65542,114.843,-0.520789,-1.82339,5.912028014659882,-6.402092099189758,1.24547,164.58999633789062,,,,,,,457.5,5.382352941,457.5,5.382352941,,,,,,,,,,,,,,,,,,,"Jac Caglianone","35041",695506
"Carter Jensen","KCR",80,330,293,72,47,13,2,11,39,41,33,1,90,1,2,0,,4,0,0.245926,0.100427,0.271062,0.370495,0.322976,0.410219,0.319461,0.733195,0.164293,4.69723,0.314882,0,0.0311464,40.7549,1.71832,101.592,0.0311464,-0.0778375,0.6510206405073404,-0.04234369099140167,1.22632,999,,,,,,,372.3,4.65375,372.3,4.65375,,,,,,,,,,,,,,,,,,,"Carter Jensen","29478",695600
"Tommy Edman","LAD",60,258,237,59,39,11,1,7,34,30,17,0,46,2,2,1,,6,1,0.248021,0.0652174,0.178744,0.364865,0.302663,0.401055,0.306103,0.703719,0.153034,5.90855,0.277027,0,0.609492,29.073,-1.4584,95.785,0.609492,3.07543,-0.6813559532165527,3.9982680082321167,1.21953,730.1199951171875,,,,,,,262.4,4.373333333,262.4,4.373333333,,,,,,,,,,,,,,,,,,,"Tommy Edman","19470",669242
"Harrison Bader","SFG",86,373,342,81,54,14,1,12,45,43,23,0,92,5,3,0,,10,5,0.237586,0.0614794,0.247954,0.247946,0.293694,0.388979,0.297886,0.682672,0.151393,4.80571,0.288164,0,-0.436879,39.4456,-4.58998,92.0399,-0.436879,2.10138,-3.9529251754283905,3.4323962926864624,1.21621,554.3099975585938,,,,,,,359.7,4.182558139,359.7,4.182558139,,,,,,,,,,,,,,,,,,,"Harrison Bader","18030",664056
"Francisco Alvarez","NYM",53,213,188,44,26,8,0,9,25,29,20,0,56,3,1,0,,0,0,0.233679,0.0952826,0.264108,0.360772,0.31591,0.430876,0.324114,0.746786,0.197197,2.45846,0.278398,0,-0.24443,27.0195,1.9082,110.915,-0.24443,-1.00705,2.504815027117729,2.2509771585464478,1.21049,165.25,,,,,,,235.2,4.437735849,235.2,4.437735849,,,,,,,,,,,,,,,,,,,"Francisco Alvarez","26121",682626
"Mickey Moniak","COL",87,378,351,95,53,18,4,19,50,57,21,1,94,4,2,0,,6,3,0.269629,0.0543724,0.249003,0.218361,0.314805,0.512384,0.350574,0.827188,0.242754,5.56788,0.313333,0,-0.431129,56.1267,11.5039,112.087,-0.431129,0.202054,4.978771090507507,-5.831897005438805,1.19911,245.8300018310547,,,,,,,512.6,5.891954022,512.6,5.891954022,,,,,,,,,,,,,,,,,,,"Mickey Moniak","19956",666160
"Luke Raley","SEA",71,305,267,64,37,12,1,13,38,43,22,0,95,13,1,2,,5,2,0.23894,0.072759,0.311997,0.233204,0.325656,0.439631,0.333749,0.765287,0.200691,4.9569,0.316992,0,-0.188498,41.2174,5.13118,120.982,-0.188498,-2.29369,7.364194363355637,-6.304796457290649,1.18446,748.25,,,,,,,363,5.112676056,363,5.112676056,,,,,,,,,,,,,,,,,,,"Luke Raley","19354",670042
"Kyle Teel","CHW",65,262,230,57,41,10,1,6,34,28,28,0,68,2,1,1,,4,1,0.248879,0.108268,0.259843,0.416667,0.335306,0.376682,0.316471,0.711987,0.127803,4.18775,0.325658,0,-0.170372,31.7103,0.727305,102.292,-0.170372,-0.321806,0.5379389971494675,1.8979465663433075,1.17311,266.8800048828125,,,,,,,275.1,4.232307692,275.1,4.232307692,,,,,,,,,,,,,,,,,,,"Kyle Teel","33549",691019
"Luis Torrens","NYM",56,220,201,48,32,11,1,5,20,25,14,0,49,2,1,1,,1,1,0.240867,0.0658502,0.224399,0.293451,0.298068,0.375851,0.295327,0.673919,0.134985,2.65396,0.294868,0,-0.462578,22.825,-3.16621,91.1945,-0.462578,2.59789,-2.7582770586013794,6.894190311431885,1.17244,999,,,,,,,199.5,3.5625,199.5,3.5625,,,,,,,,,,,,,,,,,,,"Luis Torrens","15905",620443
"Joe Mack","MIA",69,273,248,56,36,12,1,8,32,35,20,1,77,3,2,0,,2,1,0.225604,0.0719104,0.282443,0.254601,0.288854,0.370363,0.288542,0.659218,0.144759,3.82151,0.292125,0,-0.18253,26.7837,-5.42522,81.9047,-0.18253,3.0287,-6.028742730617523,8.35277271270752,1.1663,999,,,,,,,251.3,3.642028985,251.3,3.642028985,,,,,,,,,,,,,,,,,,,"Joe Mack","29780",691788
"Nolan Gorman","STL",93,401,355,81,49,14,1,17,46,54,41,2,124,1,3,0,,2,1,0.227083,0.103363,0.309624,0.333832,0.30638,0.412687,0.311444,0.719067,0.185605,2.9675,0.293402,0,-0.460782,46.8554,-0.524403,101.083,-0.460782,0.873719,0.053689658641815186,-2.0262808799743652,1.16406,653.1400146484375,,,,,,,431.7,4.641935483,431.7,4.641935483,,,,,,,,,,,,,,,,,,,"Nolan Gorman","22263",669357
"Danny Jansen","TEX",61,243,209,43,23,10,0,9,25,27,27,0,59,5,1,0,,0,0,0.206345,0.111869,0.243493,0.459434,0.310219,0.387363,0.308509,0.697583,0.181018,1.82661,0.240958,0,-0.54927,27.8021,-0.896534,98.4693,-0.54927,-0.787834,-0.9874477088451385,3.9559935927391052,1.15949,999,,,,,,,241.4,3.957377049,241.4,3.957377049,,,,,,,,,,,,,,,,,,,"Danny Jansen","16535",643376
"Royce Lewis","MIN",83,358,325,76,47,15,0,13,39,49,28,1,83,3,2,0,,9,1,0.23419,0.0769925,0.232462,0.331205,0.297024,0.404121,0.304306,0.701145,0.169931,4.18526,0.272091,0,0.673885,39.7329,-2.54131,93.4112,0.673885,0.0244214,-2.1044960618019104,1.0182485841214657,1.14945,193.64999389648438,,,,,,,373.6,4.501204819,373.6,4.501204819,,,,,,,,,,,,,,,,,,,"Royce Lewis","20437",668904
"Garrett Mitchell","MIL",80,347,299,68,42,16,3,7,44,45,41,1,118,3,2,2,,14,4,0.227273,0.117117,0.339863,0.3446,0.323373,0.368831,0.306645,0.692204,0.141558,6.85992,0.345969,0,0.464266,39.1627,-1.80446,96.4014,0.464266,-0.536467,-1.0145013332366943,0.7018046975135803,1.14902,691.1699829101562,,,,,,,358.5,4.48125,358.5,4.48125,,,,,,,,,,,,,,,,,,,"Garrett Mitchell","27555",669003
"Jared Triolo","PIT",70,303,268,66,46,13,2,4,34,27,30,1,68,2,2,1,,9,2,0.245073,0.0983802,0.224625,0.437975,0.324173,0.356898,0.302282,0.681071,0.111825,5.57998,0.310675,0,0.443625,33.1644,-2.65129,90.7745,0.443625,4.11783,-2.8706943690776825,3.9581118524074554,1.14376,735.5399780273438,,,,,,,295.8,4.225714285,295.8,4.225714285,,,,,,,,,,,,,,,,,,,"Jared Triolo","25807",669707
"George Springer","TOR",102,441,388,96,62,17,1,15,60,54,46,1,85,5,2,0,,9,2,0.246439,0.104577,0.193741,0.539777,0.332024,0.413951,0.326642,0.745975,0.167513,4.94277,0.278212,0,0.258118,56.9837,4.86589,110.159,0.258118,0,5.539602845907211,-9.595061302185059,1.13919,94.37999725341797,,,,,,,510.1,5.000980392,510.1,5.000980392,,,,,,,,,,,,,,,,,,,"George Springer","12856",543807
"Carlos Narváez","BOS",65,257,228,52,32,13,0,7,26,26,24,1,69,3,1,1,,1,1,0.226683,0.0944771,0.268241,0.35221,0.307484,0.369302,0.298668,0.676786,0.142618,2.56403,0.293722,0,-0.317046,27.3711,-3.0027,86.089,-0.317046,1.97338,-4.531755447387695,6.770910024642944,1.13482,443.010009765625,,,,,,,246.8,3.796923076,246.8,3.796923076,,,,,,,,,,,,,,,,,,,"Carlos Narvaez","19722",665966
"Ryan O'Hearn","PIT",71,308,273,74,51,13,1,10,38,37,30,2,59,3,2,0,,2,1,0.272239,0.0977096,0.192301,0.508108,0.349111,0.430346,0.338644,0.779457,0.158107,3.22486,0.313761,0,-0.374279,42.8035,6.40067,115.683,-0.374279,-0.351384,5.352490097284317,-4.575149834156036,1.12896,285.44000244140625,,,,,,,378.8,5.335211267,378.8,5.335211267,,,,,,,,,,,,,,,,,,,"Ryan O'Hearn","16442",656811
"Samuel Basallo","BAL",83,345,312,76,44,16,0,16,42,49,28,2,86,3,2,0,,1,1,0.244083,0.0799114,0.24978,0.319927,0.309599,0.450227,0.326078,0.759826,0.206144,2.13412,0.284847,0,-0.600775,44.3574,3.64333,110.611,-0.600775,-2.27222,3.708640456199646,-4.543821096420288,1.12862,160.94000244140625,,,,,,,402.5,4.84939759,402.5,4.84939759,,,,,,,,,,,,,,,,,,,"Samuel Basallo","28824",694212
"Jake Cronenworth","SDP",81,351,300,68,45,14,2,8,42,34,40,1,70,8,2,1,,3,1,0.226099,0.113017,0.199244,0.56723,0.330454,0.360869,0.309278,0.691323,0.13477,4.04957,0.268037,0,-0.534194,40.3814,-1.07591,101.189,-0.534194,-1.74507,-0.039618730545043945,-0.6351956129074097,1.1261,738.2999877929688,,,,,,,354.9,4.381481481,354.9,4.381481481,,,,,,,,,,,,,,,,,,,"Jake Cronenworth","18036",630105
"Kyle Manzardo","CLE",83,360,318,76,44,16,2,15,40,47,35,1,91,4,2,0,,1,0,0.239779,0.0969628,0.252341,0.384254,0.321282,0.437165,0.328116,0.758447,0.197386,3.24717,0.286894,0,-0.309197,46.8858,4.39718,111.755,-0.309197,1.20894,4.672985941171646,-6.09198796749115,1.1218,253.4600067138672,,,,,,,425.3,5.124096385,425.3,5.124096385,,,,,,,,,,,,,,,,,,,"Kyle Manzardo","29794",700932
"Jackson Holliday","BAL",71,308,274,67,45,12,1,9,41,32,31,0,68,2,1,0,,8,4,0.246503,0.100932,0.22205,0.454545,0.32764,0.396853,0.318491,0.724493,0.15035,5.00751,0.297821,0,-0.747124,37.7624,1.35962,105.384,-0.747124,-2.0304,1.2080492973327637,-0.8591011762619019,1.12121,203.14999389648438,,,,,,,329.3,4.638028169,329.3,4.638028169,,,,,,,,,,,,,,,,,,,"Jackson Holliday","31781",702616
"Tyler O'Neill","BAL",82,353,308,72,44,11,1,16,47,45,39,2,95,5,2,0,,4,1,0.233241,0.110098,0.27032,0.407287,0.326573,0.426814,0.327629,0.753387,0.193573,4.34095,0.282748,0,-0.0673513,45.8617,4.17466,111.68,-0.0673513,-1.37244,4.78931337594986,-6.0043803453445435,1.11876,477.6400146484375,,,,,,,420,5.121951219,420,5.121951219,,,,,,,,,,,,,,,,,,,"Tyler O'Neill","15711",641933
"Trevor Story","BOS",81,351,327,81,52,18,1,11,42,46,18,1,101,3,3,1,,12,1,0.248766,0.051784,0.287719,0.179981,0.292345,0.406332,0.301111,0.698677,0.157566,5.94993,0.3249,0,1.70183,38.0548,-3.40253,87.7717,1.70183,-1.55335,-3.354981780052185,2.205907464027405,1.11867,111.33000183105469,,,,,,,370.9,4.579012345,370.9,4.579012345,,,,,,,,,,,,,,,,,,,"Trevor Story","12564",596115
"Heliot Ramos","SFG",83,358,324,84,55,17,1,12,43,45,26,1,85,6,2,0,,3,1,0.260057,0.0719847,0.238568,0.301737,0.323339,0.426594,0.324924,0.749933,0.166536,3.68735,0.316951,0,-0.573709,45.722,3.44775,110.562,-0.573709,-1.07471,3.9050206542015076,-5.050022006034851,1.10154,218.8000030517578,,,,,,,413.1,4.977108433,413.1,4.977108433,,,,,,,,,,,,,,,,,,,"Heliot Ramos","22515",671218
"Brett Baty","NYM",66,286,256,64,42,11,1,10,35,36,25,0,71,2,2,0,,3,1,0.249392,0.0876914,0.248122,0.353421,0.319458,0.417332,0.321027,0.736791,0.16794,4.13734,0.303719,0,-0.17058,35.6073,1.84923,108.8,-0.17058,0.364032,2.809296503663063,-1.5872030556201935,1.09822,292.9200134277344,,,,,,,317.9,4.816666666,317.9,4.816666666,,,,,,,,,,,,,,,,,,,"Brett Baty","26123",683146
"Dalton Rushing","LAD",45,179,155,36,21,7,0,8,23,26,18,0,50,5,1,0,,0,0,0.231436,0.102745,0.280268,0.366594,0.33012,0.434294,0.333385,0.764414,0.202858,3.14184,0.285176,0,-0.208632,24.0898,2.95266,114.473,-0.208632,-0.909968,2.8600306063890457,1.8053101301193237,1.08667,745.8300170898438,,,,,,,211.1,4.691111111,211.1,4.691111111,,,,,,,,,,,,,,,,,,,"Dalton Rushing","31382",687221
"Lars Nootbaar","STL",60,261,225,55,35,11,1,8,33,27,32,1,54,1,2,0,,2,1,0.243011,0.122449,0.205937,0.594595,0.33829,0.404301,0.325591,0.742591,0.16129,3.92152,0.283626,0,-0.554255,33.4497,2.65288,110.774,-0.554255,1.65321,2.7738980054855347,-0.9961680173873901,1.0697,745.989990234375,,,,,,,295.8,4.93,295.8,4.93,,,,,,,,,,,,,,,,,,,"Lars Nootbaar","21454",663457
"Casey Schmitt","SFG",79,343,314,82,53,16,1,12,39,44,21,1,76,5,2,1,,4,1,0.261353,0.06124,0.220264,0.27803,0.316793,0.431333,0.32367,0.748126,0.16998,4.05726,0.307051,0,-0.190186,43.4677,2.95487,109.703,-0.190186,-0.505274,3.752704843878746,-4.746785938739777,1.06621,999,,,,,,,392.9,4.973417721,392.9,4.973417721,,,,,,,,,,,,,,,,,,,"Casey Schmitt","27577",669477
"Lawrence Butler","ATH",78,336,302,71,44,15,1,11,44,43,31,0,89,0,2,0,,10,3,0.234518,0.0933253,0.263553,0.354105,0.305962,0.4,0.307983,0.705962,0.165482,5.28506,0.292457,0,0.241764,38.2975,-1.38309,93.882,0.241764,2.84313,-2.1798113882541656,1.0351063013076782,1.06613,157.22000122070312,,,,,,,351.8,4.51025641,351.8,4.51025641,,,,,,,,,,,,,,,,,,,"Lawrence Butler","22542",671732
"Christian Yelich","MIL",94,408,357,91,62,14,2,13,57,55,46,4,103,3,2,0,,12,3,0.255972,0.112048,0.25363,0.441779,0.342824,0.414874,0.329003,0.757698,0.158902,5.51295,0.322946,0,0.627692,53.4781,5.28147,111.717,0.627692,0.00239818,6.292327582836151,-9.46673710597679,1.06464,127.22000122070312,,,,,,,488.2,5.193617021,488.2,5.193617021,,,,,,,,,,,,,,,,,,,"Christian Yelich","11477",592885
"Oswald Peraza","LAA",80,348,316,72,49,12,1,10,38,34,24,0,89,6,2,1,,14,3,0.226597,0.0679472,0.255715,0.265714,0.290844,0.3636,0.288427,0.654444,0.137003,5.38954,0.280791,0,1.01224,34.1447,-6.95524,82.0523,1.01224,3.6362,-6.345757842063904,4.488056063652039,1.03551,999,,,,,,,329.9,4.12375,329.9,4.12375,,,,,,,,,,,,,,,,,,,"Oswald Peraza","22823",672724
"Colt Keith","DET",80,348,315,83,56,18,1,8,46,40,29,1,79,2,2,0,,2,1,0.264928,0.0835089,0.228083,0.366134,0.329372,0.409786,0.322614,0.739158,0.144858,3.58627,0.327833,0,-0.493463,43.7996,2.69969,106.53,-0.493463,-0.255512,2.1836678981781006,-4.124339163303375,1.02702,502.489990234375,,,,,,,376.9,4.71125,376.9,4.71125,,,,,,,,,,,,,,,,,,,"Colt Keith","27899",690993
"Luis Campusano","SDP",44,175,156,39,25,8,0,6,22,22,17,0,36,1,1,0,,0,0,0.252796,0.094524,0.206936,0.456779,0.327821,0.421397,0.327062,0.749218,0.168601,2.78521,0.292195,0,-0.212264,22.6681,1.99016,113.372,-0.212264,-1.3512,2.561220735311508,1.6204090118408203,1.02394,999,,,,,,,196,4.454545454,196,4.454545454,,,,,,,,,,,,,,,,,,,"Luis Campusano","22217",669134
"Tyler Stephenson","CIN",78,312,274,62,38,14,1,10,33,39,33,1,89,3,2,0,,0,1,0.225978,0.105521,0.284321,0.371134,0.313287,0.391236,0.309082,0.704523,0.165258,1.90284,0.291672,0,-0.723987,35.8985,-1.00755,92.4362,-0.723987,-1.28034,-3.5240729451179504,3.0499099493026733,1.01542,294.75,,,,,,,318.7,4.085897435,318.7,4.085897435,,,,,,,,,,,,,,,,,,,"Tyler Stephenson","17988",663886
"Pedro Pagés","STL",63,247,227,50,34,9,1,6,22,26,14,1,65,2,2,2,,1,0,0.222054,0.0585134,0.262322,0.22306,0.274106,0.352395,0.273774,0.626501,0.130341,3.19404,0.27978,0,-0.0691195,21.3478,-7.89234,75.2771,-0.0691195,3.83089,-7.320320658385754,8.664225339889526,0.980439,748.2899780273438,,,,,,,191.1,3.033333333,191.1,3.033333333,,,,,,,,,,,,,,,,,,,"Pedro Pages","25782",686780
"Davis Schneider","TOR",52,226,190,40,23,9,1,8,28,27,31,0,65,3,1,0,,3,1,0.211646,0.138926,0.289097,0.480552,0.329542,0.387409,0.318573,0.71695,0.175763,4.51082,0.275853,0,-0.138233,27.6615,1.01041,104.6,-0.138233,1.85735,1.0846920311450958,0.7295763492584229,0.980342,999,,,,,,,245.9,4.728846153,245.9,4.728846153,,,,,,,,,,,,,,,,,,,"Davis Schneider","23565",676914
"Carson Williams","TBR",67,288,259,55,33,9,3,10,37,37,23,0,100,3,2,1,,8,4,0.213644,0.0814762,0.346194,0.235348,0.283662,0.385687,0.292017,0.669349,0.172043,6.50873,0.300097,0,-0.430277,29.1271,-4.92205,84.8215,-0.430277,2.12473,-5.585485726594925,5.14000391960144,0.969744,724.5499877929688,,,,,,,268.2,4.002985074,268.2,4.002985074,,,,,,,,,,,,,,,,,,,"Carson Williams","30038",700246
"Jose Altuve","HOU",74,320,287,75,50,15,0,10,42,33,28,2,58,3,2,0,,5,2,0.261064,0.0880669,0.180149,0.488857,0.33176,0.415389,0.324879,0.747149,0.154325,3.94431,0.295032,0,-0.475192,40.9061,3.07373,108.916,-0.475192,-3.98606,2.889522463083267,-4.531426429748535,0.960149,116.5199966430664,,,,,,,367.4,4.964864864,367.4,4.964864864,,,,,,,,,,,,,,,,,,,"Jose Altuve","5417",514888
"Eugenio Suárez","CIN",77,333,296,70,38,12,0,19,43,54,30,0,103,5,2,0,,1,0,0.237528,0.0892596,0.309326,0.288562,0.316697,0.477468,0.340771,0.794165,0.23994,2.99015,0.29095,0,-0.387541,46.8304,7.49188,114.144,-0.387541,-0.0606685,5.193656802177429,-6.928723804652691,0.956541,97.91999816894531,,,,,,,416.3,5.406493506,416.3,5.406493506,,,,,,,,,,,,,,,,,,,"Eugenio Suarez","12552",553993
"Paul Goldschmidt","NYY",61,263,236,62,39,14,0,9,35,34,24,1,60,2,1,0,,2,0,0.264006,0.091,0.228518,0.398218,0.336121,0.445203,0.33749,0.781324,0.181198,3.58042,0.314963,0,-0.153073,36.3434,5.22492,118.157,-0.153073,0.0603788,5.482819750905037,-5.210454668849707,0.9558,748.3599853515625,,,,,,,318.2,5.216393442,318.2,5.216393442,,,,,,,,,,,,,,,,,,,"Paul Goldschmidt","9218",502671
"Tyler Soderstrom","ATH",100,431,388,95,54,22,2,17,49,63,37,2,97,4,3,0,,3,1,0.243997,0.0850941,0.225667,0.377077,0.314124,0.440978,0.325135,0.755102,0.196981,3.65336,0.281322,0,-0.535962,55.161,4.22777,105.698,-0.535962,-3.12157,2.3588215112686157,-7.919104337692261,0.94991,82.8499984741211,,,,,,,504.9,5.049,504.9,5.049,,,,,,,,,,,,,,,,,,,"Tyler Soderstrom","27467",691016
"Bryan Reynolds","PIT",105,452,397,100,66,20,3,12,51,53,46,2,109,6,3,0,,4,1,0.252015,0.102198,0.241097,0.423886,0.337158,0.40274,0.324092,0.739898,0.150725,4.27393,0.316779,0,-0.407028,57.4819,4.05202,105.715,-0.407028,-3.32099,2.6558867394924164,-8.520838499069214,0.940232,204.72000122070312,,,,,,,511.7,4.873333333,511.7,4.873333333,,,,,,,,,,,,,,,,,,,"Bryan Reynolds","19326",668804
"José Caballero","NYY",52,224,196,45,30,10,0,5,28,22,20,0,53,5,1,1,,22,6,0.227808,0.0908841,0.237442,0.382764,0.31457,0.356963,0.299597,0.671532,0.129154,6.49724,0.285715,0,1.49936,23.978,-2.44339,92.053,1.49936,0.181108,-0.5950920581817627,2.080027535557747,0.939796,200.02999877929688,,,,,,,232,4.461538461,232,4.461538461,,,,,,,,,,,,,,,,,,,"Jose Caballero","23401",676609
"Jake Bauers","MIL",65,280,244,59,31,14,1,13,38,40,33,2,78,2,1,0,,9,2,0.240089,0.11925,0.277892,0.429122,0.335055,0.460478,0.341972,0.795533,0.220389,5.17574,0.296513,0,0.542597,39.7192,6.58403,120.602,0.542597,-2.98626,7.390050888061523,-7.556941270828247,0.938155,999,,,,,,,371.4,5.713846153,371.4,5.713846153,,,,,,,,,,,,,,,,,,,"Jake Bauers","15194",641343
"Sean Murphy","ATL",44,176,154,33,19,7,0,7,19,21,17,0,49,4,1,0,,0,0,0.217236,0.095411,0.276595,0.344948,0.309363,0.40804,0.313615,0.717402,0.190804,1.20269,0.262925,0,-0.26098,20.8816,0.0799634,99.9503,-0.26098,1.90767,-0.2713580960407853,3.5758843421936035,0.937768,746.0599975585938,,,,,,,179.9,4.088636363,179.9,4.088636363,,,,,,,,,,,,,,,,,,,"Sean Murphy","19352",669221
"Vinnie Pasquantino","KCR",104,447,399,99,59,20,1,18,46,65,41,2,69,4,4,0,,2,0,0.248039,0.0909054,0.153719,0.591372,0.320942,0.442521,0.328804,0.763463,0.194482,2.84804,0.255708,0,-0.349954,58.5613,5.71856,108.028,-0.349954,-1.77697,3.8816589415073395,-10.118021368980408,0.937679,77.0999984741211,,,,,,,527.1,5.06826923,527.1,5.06826923,,,,,,,,,,,,,,,,,,,"Vinnie Pasquantino","27676",686469
"Colton Cowser","BAL",62,268,236,54,34,11,0,9,33,33,26,0,85,4,2,0,,6,2,0.228163,0.0983266,0.316002,0.311158,0.313935,0.388931,0.308928,0.702866,0.160768,4.72119,0.313203,0,0.105244,30.8065,-0.89917,98.797,0.105244,-0.219913,-0.27521706372499466,0.17051874101161957,0.93473,251.72000122070312,,,,,,,278.7,4.49516129,278.7,4.49516129,,,,,,,,,,,,,,,,,,,"Colton Cowser","29591",681297
"Austin Martin","MIN",61,263,223,59,44,11,1,2,30,21,32,0,42,6,2,1,,11,4,0.262125,0.120014,0.1578,0.760546,0.365729,0.346651,0.323071,0.71238,0.0845265,4.75008,0.31135,0,-0.211654,33.2601,2.1416,106.337,-0.211654,0.229462,1.7554374039173126,-1.704951137304306,0.933099,748.5599975585938,,,,,,,287.5,4.713114754,287.5,4.713114754,,,,,,,,,,,,,,,,,,,"Austin Martin","27462",668885
"Jesús Sánchez","TOR",70,301,272,68,43,13,1,11,36,40,23,1,69,3,3,0,,5,1,0.248446,0.075911,0.23108,0.328506,0.309577,0.423148,0.316226,0.732725,0.174702,4.69688,0.291281,0,0.222336,36.3091,0.774253,102.984,0.222336,0.834951,1.279946893453598,-2.530480742454529,0.931681,617.4299926757812,,,,,,,340.3,4.861428571,340.3,4.861428571,,,,,,,,,,,,,,,,,,,"Jesus Sanchez","19913",660821
"Josh Smith","TEX",65,281,243,60,41,12,1,6,33,26,29,1,53,6,2,1,,6,2,0.245462,0.102125,0.189996,0.53751,0.336956,0.373198,0.31532,0.710154,0.127735,4.54462,0.289688,0,-0.243214,33.6821,0.516239,103.162,-0.243214,-2.43914,0.8027297407388687,-1.3650617599487305,0.93145,428.9100036621094,,,,,,,300.7,4.626153846,300.7,4.626153846,,,,,,,,,,,,,,,,,,,"Josh Smith","26396",669701
"Jake Burger","TEX",104,451,418,100,58,19,1,22,52,71,24,1,116,6,3,0,,1,1,0.239651,0.0526465,0.257056,0.204805,0.288967,0.450436,0.316542,0.739404,0.210785,2.66641,0.275177,0,-0.622214,54.5792,1.27694,104.003,-0.622214,-0.056486,1.5060394406318665,-8.183646026998758,0.906236,236.72000122070312,,,,,,,498.7,4.795192307,498.7,4.795192307,,,,,,,,,,,,,,,,,,,"Jake Burger","22275",669394
"Jake Mangum","PIT",55,239,221,62,47,12,1,2,26,21,13,0,41,2,1,1,,10,2,0.279452,0.0535773,0.171447,0.3125,0.323488,0.370841,0.304701,0.694329,0.0913894,5.98284,0.333328,0,0.584617,26.565,-1.61781,92.4316,0.584617,4.19523,-1.5549172163009644,2.420534372329712,0.901024,672.4199829101562,,,,,,,243.9,4.434545454,243.9,4.434545454,,,,,,,,,,,,,,,,,,,"Jake Mangum","26202",663968
"Jordan Lawlar","ARI",54,233,206,49,30,12,2,6,30,27,21,1,63,4,1,1,,9,2,0.237995,0.0884093,0.270209,0.327189,0.316064,0.392364,0.310252,0.708427,0.154369,6.61067,0.312185,0,0.551182,26.949,-0.529213,97.1337,0.551182,1.80456,-0.23885029554367065,1.262897253036499,0.896922,261.6499938964844,,,,,,,257.5,4.768518518,257.5,4.768518518,,,,,,,,,,,,,,,,,,,"Jordan Lawlar","29976",691783
"Ryan McMahon","NYY",69,298,263,54,34,10,0,9,31,34,32,1,96,2,1,0,,2,1,0.206037,0.106187,0.321019,0.330782,0.294179,0.357121,0.287815,0.6513,0.151084,2.98996,0.280699,0,-0.589568,29.1188,-6.10975,83.9372,-0.589568,3.48816,-6.234069108963013,4.552978277206421,0.878495,732.8599853515625,,,,,,,256,3.710144927,256,3.710144927,,,,,,,,,,,,,,,,,,,"Ryan McMahon","15112",641857
"Cam Smith","HOU",88,379,338,79,52,16,2,9,43,41,34,0,101,5,3,0,,7,2,0.233434,0.0898836,0.265775,0.338194,0.310046,0.369813,0.300237,0.679859,0.136379,5.21927,0.30384,0,0.120166,40.8694,-3.94741,91.9411,0.120166,2.95725,-3.4825426787137985,-1.0362648963928223,0.874077,341.8699951171875,,,,,,,371.5,4.221590909,371.5,4.221590909,,,,,,,,,,,,,,,,,,,"Cam Smith","35108",701358
"Ezequiel Duran","TEX",79,341,313,80,51,20,1,8,41,36,21,0,80,3,2,1,,10,3,0.253722,0.062166,0.234406,0.265207,0.304897,0.400538,0.3068,0.705435,0.146816,5.38305,0.314162,0,0.401616,38.542,-1.73086,97.2925,0.401616,-3.25802,-0.6860267221927643,-2.541973650455475,0.870644,999,,,,,,,356.5,4.512658227,356.5,4.512658227,,,,,,,,,,,,,,,,,,,"Ezequiel Duran","23733",677649
"Liam Hicks","MIA",87,367,316,81,60,11,1,8,39,48,37,1,50,9,4,1,,2,0,0.254894,0.10043,0.135763,0.739744,0.346163,0.372149,0.320076,0.718312,0.117255,3.14635,0.276715,0,-0.316817,45.4038,2.08953,103.506,-0.316817,-1.78312,1.2065637707710266,-4.906577110290527,0.870117,748.5399780273438,,,,,,,392.2,4.508045977,392.2,4.508045977,,,,,,,,,,,,,,,,,,,"Liam Hicks","29844",689414
"Lourdes Gurriel Jr.","ARI",98,425,391,103,69,20,1,12,44,54,26,1,69,4,3,0,,6,1,0.263497,0.0616294,0.161582,0.381413,0.314717,0.416808,0.317047,0.731525,0.153311,4.01355,0.290073,0,-0.121738,51.5539,1.37623,101.788,-0.121738,-0.202881,0.7782118171453476,-6.413991719484329,0.869923,689.0700073242188,,,,,,,460.9,4.703061224,460.9,4.703061224,,,,,,,,,,,,,,,,,,,"Lourdes Gurriel Jr.","19238",666971
"Joey Loperfido","HOU",57,246,221,55,36,12,1,6,29,30,18,0,69,4,2,1,,5,2,0.249141,0.0723988,0.280846,0.257789,0.314537,0.39748,0.310747,0.712017,0.148339,5.32344,0.332206,0,-0.18734,28.6402,-0.461638,99.1808,-0.18734,2.64706,-0.4251439720392227,0.39521098136901855,0.864734,746.02001953125,,,,,,,253.8,4.452631578,253.8,4.452631578,,,,,,,,,,,,,,,,,,,"Joey Loperfido","29630",694388
"Matt Wallner","MIN",52,224,193,44,23,10,1,10,28,29,23,0,73,6,1,0,,2,1,0.228457,0.104223,0.325398,0.320294,0.33019,0.451876,0.339343,0.782066,0.223419,4.13407,0.304718,0,-0.386788,31.194,4.77266,117.547,-0.386788,-0.960074,4.237707585096359,-3.497882902622223,0.863562,340.5899963378906,,,,,,,270.1,5.194230769,270.1,5.194230769,,,,,,,,,,,,,,,,,,,"Matt Wallner","26466",670242
"Yainer Diaz","HOU",52,209,198,53,35,10,1,7,22,27,9,0,36,1,2,0,,0,1,0.266016,0.0418376,0.171828,0.243485,0.298041,0.425507,0.310837,0.723547,0.159491,2.41172,0.291926,0,-0.459248,24.3022,-0.376108,99.2432,-0.459248,-1.31035,-0.6455451846122742,1.891500473022461,0.863369,113.04000091552734,,,,,,,226.5,4.35576923,226.5,4.35576923,,,,,,,,,,,,,,,,,,,"Yainer Diaz","23003",673237
"Isaac Collins","KCR",77,333,282,66,43,14,3,6,41,33,42,1,72,5,2,1,,10,5,0.235181,0.124901,0.217474,0.574324,0.341643,0.371055,0.317557,0.712697,0.135874,5.9121,0.292423,0,-0.539743,40.5554,1.2169,100.28,-0.539743,0.944166,-0.42978641390800476,-2.622963786125183,0.860714,666.1699829101562,,,,,,,347.7,4.515584415,347.7,4.515584415,,,,,,,,,,,,,,,,,,,"Isaac Collins","25477",686555
"Josh Bell","MIN",99,427,376,93,60,18,1,14,45,53,45,1,84,4,2,0,,0,1,0.246607,0.105926,0.196622,0.53873,0.331499,0.406801,0.323854,0.7383,0.160193,1.92767,0.28159,0,-1.15252,54.2411,3.7469,106.877,-1.15252,-0.30906,2.311208724975586,-8.650108724832535,0.857155,636.3300170898438,,,,,,,478.5,4.833333333,478.5,4.833333333,,,,,,,,,,,,,,,,,,,"Josh Bell","13145",605137
"Spencer Steer","CIN",80,348,309,75,46,16,1,12,42,43,32,0,74,5,2,0,,6,1,0.243657,0.0929268,0.212889,0.436503,0.323169,0.419986,0.324482,0.743155,0.176329,4.55107,0.28115,0,0.159538,44.3271,3.22716,102.986,0.159538,-0.000837211,1.3904651552438736,-4.615034464746714,0.854925,335.70001220703125,,,,,,,395.5,4.94375,395.5,4.94375,,,,,,,,,,,,,,,,,,,"Spencer Steer","26323",668715
"Brady House","WSN",92,398,372,92,61,17,1,12,46,53,20,1,110,3,2,0,,3,2,0.246178,0.0500966,0.276814,0.180976,0.288022,0.394289,0.295329,0.682311,0.148111,3.92005,0.315587,0,-0.601532,41.2502,-5.72113,87.9153,-0.601532,-0.00599213,-6.295314073562622,1.4137609424069524,0.854657,710.1199951171875,,,,,,,380.1,4.131521739,380.1,4.131521739,,,,,,,,,,,,,,,,,,,"Brady House","29993",691781
"Max Muncy","ATH",48,206,185,46,29,11,1,6,25,28,14,0,61,5,2,1,,2,2,0.250616,0.0676551,0.297904,0.227104,0.316146,0.410714,0.316115,0.72686,0.160099,4.56169,0.340465,0,-0.491598,24.7927,0.51058,99.4843,-0.491598,1.07173,-0.6165095865726471,1.8772867321968079,0.853071,672.719970703125,,,,,,,221.8,4.620833333,221.8,4.620833333,,,,,,,,,,,,,,,,,,,"Max Muncy","29779",691777
"Kyle Karros","COL",67,288,256,65,45,14,1,4,36,29,28,1,67,3,2,0,,4,0,0.254082,0.0961964,0.2325,0.413748,0.33141,0.364966,0.307944,0.696376,0.110884,4.85661,0.327578,0,0.0214766,32.8583,-1.19592,82.884,0.0214766,3.62463,-5.825155885890126,4.547464668750763,0.851,999,,,,,,,292.5,4.365671641,292.5,4.365671641,,,,,,,,,,,,,,,,,,,"Kyle Karros","33252",691720
"Coby Mayo","BAL",51,219,196,44,25,10,1,8,25,29,18,0,61,3,1,0,,2,1,0.225817,0.0842633,0.280043,0.300894,0.299341,0.413368,0.309252,0.712709,0.187551,3.71576,0.280839,0,-0.257361,25.1591,-0.67514,99.0202,-0.257361,0.59452,-0.5098490118980408,1.2689030170440674,0.848021,459.1600036621094,,,,,,,224.3,4.398039215,224.3,4.398039215,,,,,,,,,,,,,,,,,,,"Coby Mayo","28312",691723
"Victor Scott II","STL",88,381,333,73,55,11,2,5,44,31,30,0,84,7,2,9,,26,6,0.21867,0.0785418,0.221291,0.354926,0.294303,0.31048,0.272277,0.604784,0.0918105,6.85695,0.27485,0,2.03447,32.3988,-12.612,74.2519,2.03447,3.82221,-9.590565919876099,5.182708144187927,0.846603,391.1300048828125,,,,,,,309.7,3.519318181,309.7,3.519318181,,,,,,,,,,,,,,,,,,,"Victor Scott II","31349",687363
"Edmundo Sosa","PHI",61,263,246,62,41,13,2,7,31,34,9,0,59,5,1,2,,4,1,0.251658,0.0339322,0.223252,0.15199,0.291497,0.398674,0.299402,0.690171,0.147016,5.58407,0.303126,0,0.16639,28.1992,-2.91929,89.075,0.16639,2.89525,-3.2437572926282883,2.7355285733938217,0.845094,999,,,,,,,262.9,4.309836065,262.9,4.309836065,,,,,,,,,,,,,,,,,,,"Edmundo Sosa","17022",624641
"Blaze Alexander","BAL",53,229,202,48,34,8,1,5,24,24,18,0,69,5,1,2,,5,2,0.239223,0.07987,0.303198,0.263426,0.317692,0.362913,0.302545,0.680605,0.123689,4.89271,0.337743,0,-0.451476,25.0581,-1.95044,94.4004,-0.451476,1.91835,-1.9600560069084167,2.344273269176483,0.844687,745.9099731445312,,,,,,,215.6,4.067924528,215.6,4.067924528,,,,,,,,,,,,,,,,,,,"Blaze Alexander","23789",677942
"Jacob Young","WSN",72,313,281,68,53,10,2,3,39,29,21,0,54,5,1,5,,13,5,0.242389,0.0665696,0.172991,0.384815,0.304425,0.325736,0.281595,0.630161,0.0833472,6.12787,0.287689,0,0.0494285,28.9936,-7.9963,78.5067,0.0494285,4.58352,-7.925340183079243,5.701575040817261,0.838836,746.0700073242188,,,,,,,257.1,3.570833333,257.1,3.570833333,,,,,,,,,,,,,,,,,,,"Jacob Young","29931",696285
"Carlos Cortes","ATH",65,281,254,64,40,15,1,8,31,35,24,0,55,2,2,0,,1,1,0.254051,0.083763,0.195697,0.428023,0.319088,0.416286,0.320074,0.735374,0.162235,2.93569,0.292866,0,-0.469734,34.7654,1.59959,102.211,-0.469734,1.60912,0.2618640959262848,-1.7563157081604004,0.836083,999,,,,,,,305.9,4.706153846,305.9,4.706153846,,,,,,,,,,,,,,,,,,,"Carlos Cortes","21842",666126
"Chandler Simpson","TBR",90,389,360,104,91,9,4,0,51,29,21,0,39,0,3,6,,35,8,0.288263,0.0526805,0.101036,0.521401,0.324249,0.335835,0.292051,0.660084,0.0475718,7.51612,0.320836,0,2.8817,39.3576,-6.63857,84.8444,2.8817,2.81338,-4.071838855743408,-1.2130091190338135,0.83087,180.19000244140625,,,,,,,378.4,4.204444444,378.4,4.204444444,,,,,,,,,,,,,,,,,,,"Chandler Simpson","31912",802415
"Brooks Lee","MIN",98,422,390,96,66,17,1,11,43,50,27,1,73,2,2,0,,4,2,0.245584,0.0640081,0.171871,0.37242,0.297102,0.381201,0.295832,0.678303,0.135617,3.69691,0.274846,0,-0.548454,44.0006,-5.90644,87.5732,-0.548454,-4.23012,-6.734765827655792,0.25984621047973633,0.82573,542.5700073242188,,,,,,,395,4.030612244,395,4.030612244,,,,,,,,,,,,,,,,,,,"Brooks Lee","31595",686797
"Ildemaro Vargas","ARI",61,263,246,67,48,12,2,5,29,35,13,0,28,2,1,2,,2,1,0.273198,0.0480058,0.107912,0.44486,0.311908,0.401381,0.310136,0.713289,0.128183,4.34299,0.289925,0,-0.217474,30.4392,-0.623133,97.0538,-0.217474,3.35352,-1.1354460269212723,0.4285244941711426,0.823146,999,,,,,,,268.4,4.4,268.4,4.4,,,,,,,,,,,,,,,,,,,"Ildemaro Vargas","13324",545121
"Jo Adell","LAA",98,422,386,92,55,16,1,21,47,68,25,1,114,8,3,0,,5,3,0.238197,0.0598705,0.269139,0.222452,0.296568,0.44502,0.318773,0.741587,0.206823,3.61855,0.279166,0,-0.541963,51.8679,1.96083,102.956,-0.541963,-3.05675,0.9298005700111389,-7.440238952636719,0.822096,120.33000183105469,,,,,,,478.8,4.885714285,478.8,4.885714285,,,,,,,,,,,,,,,,,,,"Jo Adell","20220",666176
"Jordan Walker","STL",97,421,381,94,60,18,1,15,48,51,33,1,114,4,2,0,,8,4,0.246485,0.0786799,0.270843,0.2905,0.311876,0.416991,0.316575,0.728867,0.170506,4.30645,0.310868,0,-0.581807,50.9521,1.20334,104.597,-0.581807,-3.09072,1.7123551964759827,-7.7450385093688965,0.816951,511.7200012207031,,,,,,,459.3,4.735051546,459.3,4.735051546,,,,,,,,,,,,,,,,,,,"Jordan Walker","27475",691023
"TJ Friedl","CIN",81,348,301,70,50,11,2,7,38,33,35,0,63,8,2,3,,8,1,0.233512,0.0998684,0.17984,0.555318,0.326977,0.355615,0.305743,0.682592,0.122103,5.4482,0.271248,0,0.422103,39.0348,-2.06512,90.1486,0.422103,-0.635991,-3.6392456591129303,0.03839224576950073,0.816426,265.1499938964844,,,,,,,341.5,4.216049382,341.5,4.216049382,,,,,,,,,,,,,,,,,,,"TJ Friedl","19522",670770
"David Hamilton","MIL",58,250,221,49,35,7,1,5,33,25,23,0,62,1,1,3,,21,5,0.22065,0.0909142,0.248251,0.366219,0.295931,0.33606,0.281719,0.631991,0.11541,7.30763,0.280063,0,1.87182,23.164,-6.35649,79.326,1.87182,2.47239,-4.2499754428863525,3.874548554420471,0.812612,743.3300170898438,,,,,,,224.3,3.867241379,224.3,3.867241379,,,,,,,,,,,,,,,,,,,"David Hamilton","27531",666152
"Miguel Amaya","CHC",47,188,166,39,27,7,1,5,20,24,15,0,40,5,1,2,,0,0,0.238156,0.0783031,0.211813,0.369681,0.319006,0.383483,0.310694,0.702489,0.145326,2.1001,0.280994,0,-0.308987,21.8999,-0.361111,100.213,-0.308987,-0.872048,-0.2614208981394768,1.7722415328025818,0.796323,745.969970703125,,,,,,,185.4,3.944680851,185.4,3.944680851,,,,,,,,,,,,,,,,,,,"Miguel Amaya","21693",665804
"Kyle Higashioka","TEX",55,216,199,45,29,8,1,7,21,27,14,0,56,1,1,1,,1,1,0.225461,0.0646026,0.259235,0.249205,0.276841,0.38608,0.287951,0.662921,0.160619,3.19174,0.273401,0,-0.290957,21.1017,-4.39876,84.3081,-0.290957,0.616247,-4.282441407442093,4.608222126960754,0.793739,999,,,,,,,191.8,3.487272727,191.8,3.487272727,,,,,,,,,,,,,,,,,,,"Kyle Higashioka","5517",543309
"Trevor Larnach","MIN",69,298,262,65,42,13,1,9,36,35,33,1,69,2,1,0,,2,1,0.248246,0.109508,0.232434,0.471135,0.334076,0.406842,0.323959,0.740918,0.158596,3.43666,0.303206,0,-0.61065,37.868,2.63946,106.949,-0.61065,0.48328,1.8312533497810364,-4.343879997730255,0.793418,748.52001953125,,,,,,,336,4.869565217,336,4.869565217,,,,,,,,,,,,,,,,,,,"Trevor Larnach","21501",663616
"Freddy Fermin","SDP",66,261,237,54,39,11,0,5,27,25,18,1,53,2,2,2,,1,1,0.22695,0.0677849,0.202895,0.334088,0.284557,0.329787,0.271138,0.614344,0.102837,2.13956,0.270654,0,-0.717743,21.9748,-8.88975,75.0624,-0.717743,2.36269,-8.438278615474701,7.464537858963013,0.790145,735.3099975585938,,,,,,,203.4,3.081818181,203.4,3.081818181,,,,,,,,,,,,,,,,,,,"Freddy Fermin","21840",666023
"Daylen Lile","WSN",93,403,367,96,62,19,6,9,52,48,27,0,75,4,3,1,,9,5,0.262171,0.0683022,0.185246,0.368711,0.318851,0.417599,0.319075,0.73645,0.155428,6.39533,0.305828,0,-0.684691,49.5258,1.96736,104.182,-0.684691,-0.789094,1.3103601336479187,-7.0182607769966125,0.787038,206.50999450683594,,,,,,,440.6,4.737634408,440.6,4.737634408,,,,,,,,,,,,,,,,,,,"Daylen Lile","29995",695734
"Logan O'Hoppe","LAA",72,288,258,59,40,7,1,11,29,34,23,0,78,5,2,1,,2,1,0.228787,0.0784106,0.272438,0.287811,0.29996,0.392677,0.303406,0.692637,0.16389,2.75921,0.279901,0,-0.564433,31.7649,-2.25576,92.3704,-0.564433,-3.82186,-3.153571665287018,0.9165639877319336,0.7856,246.50999450683594,,,,,,,286.8,3.983333333,286.8,3.983333333,,,,,,,,,,,,,,,,,,,"Logan O'Hoppe","24729",681351
"JJ Bleday","CIN",71,308,271,65,35,15,1,15,41,46,35,1,68,1,2,0,,2,1,0.239263,0.113141,0.220782,0.512456,0.326695,0.462062,0.339451,0.788757,0.222799,3.39855,0.264574,0,-0.656746,43.0053,6.60256,113.24,-0.656746,-3.53564,4.17772513628006,-6.765575170516968,0.784659,748.5800170898438,,,,,,,392.2,5.523943661,392.2,5.523943661,,,,,,,,,,,,,,,,,,,"JJ Bleday","26368",668709
"Victor Caratini","MIN",72,295,257,60,46,8,0,6,24,32,23,0,53,10,4,0,,1,0,0.234605,0.0796831,0.178307,0.446886,0.318297,0.338569,0.294769,0.656866,0.103964,1.7632,0.267643,0,-0.38285,30.45,-4.37588,86.8412,-0.38285,0.701309,-4.954033046960831,2.3872652649879456,0.775873,681.02001953125,,,,,,,259.5,3.604166666,259.5,3.604166666,,,,,,,,,,,,,,,,,,,"Victor Caratini","14968",605170
"Nolan Schanuel","LAA",97,417,364,94,68,17,1,8,47,43,42,1,61,6,3,2,,4,1,0.258904,0.101686,0.145763,0.697613,0.344156,0.378898,0.320407,0.723053,0.119994,3.23177,0.288495,0,-0.471314,51.8114,2.49147,104.082,-0.471314,-0.982226,1.5368497967720032,-8.435929596424103,0.764825,594.6599731445312,,,,,,,441.4,4.550515463,441.4,4.550515463,,,,,,,,,,,,,,,,,,,"Nolan Schanuel","33189",694384
"Nathan Lukes","TOR",39,170,153,41,29,8,1,3,20,21,13,0,27,2,1,1,,2,1,0.267957,0.0775208,0.156504,0.495327,0.332435,0.390858,0.317213,0.723293,0.122901,3.78773,0.304464,0,-0.576027,20.7117,0.575324,103.664,-0.576027,3.02333,0.1598663330078125,1.4122236967086792,0.761299,999,,,,,,,179.7,4.607692307,179.7,4.607692307,,,,,,,,,,,,,,,,,,,"Nathan Lukes","18123",664770
"Leody Taveras","BAL",43,184,166,42,29,7,1,4,23,20,15,0,38,1,1,1,,8,2,0.252585,0.0797679,0.205323,0.388499,0.313363,0.384126,0.305766,0.697489,0.131541,6.47309,0.303212,0,0.547893,20.6362,-1.08808,96.6189,0.547893,0.634668,-0.1847773790359497,1.2913036346435547,0.761014,999,,,,,,,190.4,4.427906976,190.4,4.427906976,,,,,,,,,,,,,,,,,,,"Leody Taveras","18900",665750
"Jesus Rodriguez","SFG",47,189,172,47,36,7,1,2,20,19,14,0,30,2,1,0,,5,2,0.272895,0.0751474,0.158514,0.474074,0.333634,0.366691,0.309516,0.700326,0.0937961,4.77591,0.316815,0,-0.24476,21.7688,-0.542549,100.007,-0.24476,-1.1889,-0.24318238184787333,1.3844003677368164,0.759959,999,,,,,,,187.9,3.99787234,187.9,3.99787234,,,,,,,,,,,,,,,,,,,"Jesus Rodriguez","26991",683679
"Nick Fortes","TBR",60,236,215,51,38,8,0,5,23,23,13,0,38,5,1,2,,1,1,0.236364,0.0540549,0.160243,0.337331,0.293503,0.340184,0.281309,0.633687,0.103821,2.6128,0.265149,0,-0.375319,21.7777,-6.07604,77.4446,-0.375319,1.31297,-6.642090946435928,5.917137145996094,0.756408,999,,,,,,,193.9,3.231666666,193.9,3.231666666,,,,,,,,,,,,,,,,,,,"Nick Fortes","21538",663743
"Esteury Ruiz","MIA",30,129,113,28,18,6,1,3,19,16,11,0,28,4,1,1,,13,2,0.248243,0.0830881,0.219929,0.377796,0.331755,0.400281,0.322437,0.732036,0.152039,8.11253,0.303444,0,1.31358,16.2498,0.984074,105.123,1.31358,0.999096,2.098123550415039,0.9636024311184883,0.753336,748.530029296875,,,,,,,159.2,5.306666666,159.2,5.306666666,,,,,,,,,,,,,,,,,,,"Esteury Ruiz","21780",665923
"Angel Martínez","CLE",80,345,314,76,47,18,2,9,41,40,20,0,75,5,2,4,,7,3,0.241643,0.0569634,0.216176,0.263505,0.294539,0.398782,0.301299,0.693321,0.157138,5.22004,0.286013,0,-0.186415,37.4513,-3.29118,93.282,-0.186415,1.13614,-2.916639283299446,-1.6786761283874512,0.744757,748.5800170898438,,,,,,,339.7,4.24625,339.7,4.24625,,,,,,,,,,,,,,,,,,,"Angel Martinez","26540",682657
"Daniel Susac","SFG",51,200,186,46,32,8,1,5,17,25,10,0,54,2,1,0,,2,1,0.245257,0.051914,0.271971,0.190881,0.291727,0.37421,0.290846,0.665937,0.128952,3.65417,0.319804,0,-0.442396,20.0154,-3.60449,87.2176,-0.442396,0.130213,-3.4708493649959564,4.034533739089966,0.738592,999,,,,,,,184.5,3.617647058,184.5,3.617647058,,,,,,,,,,,,,,,,,,,"Daniel Susac","31441",691740
"Daniel Schneemann","CLE",57,246,220,51,31,12,1,6,29,26,24,0,68,1,1,0,,5,2,0.230591,0.0965681,0.276599,0.349127,0.306841,0.38258,0.303009,0.689421,0.151989,4.8972,0.301825,0,-0.176716,27.0928,-2.00899,94.4596,-0.176716,0.936277,-1.785019889473915,0.5140549540519714,0.737761,999,,,,,,,241.4,4.235087719,241.4,4.235087719,,,,,,,,,,,,,,,,,,,"Daniel Schneemann","25180",682177
"Dylan Beavers","BAL",49,214,186,46,30,9,1,6,28,24,24,0,50,1,1,1,,6,2,0.247195,0.112502,0.234486,0.479779,0.334446,0.405941,0.324595,0.740386,0.158746,5.48494,0.305218,0,0.00988707,27.2491,2.00203,109.59,0.00988707,-0.923882,2.424964281730354,-2.5743448138237,0.737568,505.0400085449219,,,,,,,240.6,4.910204081,240.6,4.910204081,,,,,,,,,,,,,,,,,,,"Dylan Beavers","31695",687637
"Sung-Mun Song","SDP",48,206,186,45,32,8,1,5,23,21,18,1,38,0,1,0,,4,0,0.242327,0.086345,0.185419,0.465674,0.307711,0.368662,0.295188,0.676373,0.126335,5.2721,0.280581,0,0.402636,21.301,-2.98111,91.5372,0.402636,1.23657,-1.658615529537201,1.934719204902649,0.72826,999,,,,,,,203.5,4.239583333,203.5,4.239583333,,,,,,,,,,,,,,,,,,,"Sung-Mun Song","37122",823550
"Michael Massey","KCR",83,358,334,81,53,18,1,10,36,41,17,0,69,4,3,1,,3,1,0.243083,0.0469956,0.192221,0.244487,0.284393,0.387945,0.291521,0.672338,0.144862,3.60633,0.276995,0,-0.390614,36.0188,-6.2554,82.3447,-0.390614,1.43029,-7.835572957992554,2.5660955905914307,0.721456,999,,,,,,,337.4,4.06506024,337.4,4.06506024,,,,,,,,,,,,,,,,,,,"Michael Massey","27684",686681
"Owen Caissie","MIA",71,308,272,67,41,16,1,9,36,40,30,1,101,3,3,0,,4,2,0.246399,0.0984933,0.329198,0.299191,0.32491,0.41206,0.321174,0.73697,0.165662,4.20037,0.352089,0,-0.382822,38.4336,2.03086,104.259,-0.382822,-0.864905,1.17221999168396,-4.378793478012085,0.721356,528.5,,,,,,,340.9,4.80140845,340.9,4.80140845,,,,,,,,,,,,,,,,,,,"Owen Caissie","27496",683357
"Jorge Polanco","NYM",66,286,253,62,38,12,0,12,32,38,28,1,57,2,2,1,,2,1,0.245892,0.0985069,0.198401,0.496503,0.323463,0.438185,0.330193,0.761647,0.192293,2.49071,0.268598,0,-0.456547,37.7334,3.97527,115.079,-0.456547,-1.61733,4.64936763048172,-7.113005995750427,0.721126,209.42999267578125,,,,,,,332.8,5.042424242,332.8,5.042424242,,,,,,,,,,,,,,,,,,,"Jorge Polanco","13152",593871
"Gavin Sheets","SDP",82,356,321,79,45,18,1,14,35,48,30,1,72,3,2,0,,2,1,0.245417,0.0844412,0.201504,0.419055,0.31404,0.441197,0.326165,0.755237,0.19578,2.69359,0.272056,0,-0.374041,45.8375,3.78795,112.757,-0.374041,-3.14608,5.0068322122097015,-9.823238134384155,0.719436,684.8099975585938,,,,,,,410.9,5.010975609,410.9,5.010975609,,,,,,,,,,,,,,,,,,,"Gavin Sheets","19901",657757
"Jake McCarthy","COL",47,204,183,51,36,9,3,3,26,22,14,0,34,4,1,2,,11,2,0.278924,0.0669711,0.166187,0.402985,0.338831,0.413412,0.328449,0.752243,0.134488,7.53716,0.325217,0,0.806081,26.6192,2.54642,96.9306,0.806081,1.13074,0.06493228673934937,0.08367252349853516,0.709181,506.760009765625,,,,,,,243.3,5.176595744,243.3,5.176595744,,,,,,,,,,,,,,,,,,,"Jake McCarthy","21622",664983
"Addison Barger","TOR",53,231,207,49,28,13,0,8,27,32,21,1,55,2,2,0,,2,1,0.239015,0.0889639,0.23735,0.374821,0.310695,0.423864,0.31739,0.734558,0.184848,3.36339,0.283443,0,-0.334071,28.0548,0.811411,103.785,-0.334071,0.618201,0.6945814192295074,-1.70895916223526,0.708596,193.08999633789062,,,,,,,250.3,4.722641509,250.3,4.722641509,,,,,,,,,,,,,,,,,,,"Addison Barger","24598",680718
"Christian Vázquez","HOU",52,207,189,42,30,7,0,4,17,20,14,0,40,1,1,2,,1,1,0.22354,0.0685539,0.194866,0.351801,0.280875,0.332642,0.271743,0.613516,0.109102,1.77868,0.260606,0,-0.431553,17.53,-6.94876,72.3129,-0.431553,2.91687,-7.192035645246506,6.963162183761597,0.706525,999,,,,,,,148.2,2.85,148.2,2.85,,,,,,,,,,,,,,,,,,,"Christian Vazquez","9774",543877
"Romy Gonzalez","BOS",41,175,163,43,27,9,2,5,22,25,9,1,44,2,2,0,,4,2,0.265574,0.0516717,0.25228,0.204819,0.306991,0.436066,0.317653,0.743056,0.170492,6.23754,0.331797,0,-0.266713,21.3836,0.654955,99.1673,-0.266713,1.39314,-0.4388987869024277,1.2678285539150238,0.702925,999,,,,,,,197.3,4.812195121,197.3,4.812195121,,,,,,,,,,,,,,,,,,,"Romy Gonzalez","21562",663853
"Will Benson","CIN",57,248,215,49,28,9,2,9,35,30,29,1,74,2,1,0,,6,2,0.225684,0.116289,0.297934,0.390319,0.322131,0.418526,0.322487,0.740657,0.192842,6.24618,0.295305,0,-0.180136,31.2598,1.90273,101.619,-0.180136,0.73004,0.2967117428779602,-1.7190340757369995,0.700792,999,,,,,,,280.3,4.917543859,280.3,4.917543859,,,,,,,,,,,,,,,,,,,"Will Benson","21853",666181
"Andrew Vaughn","MIL",81,352,318,80,50,17,1,13,34,51,27,0,67,5,2,0,,0,0,0.251776,0.0765941,0.190365,0.402353,0.318022,0.427391,0.324021,0.745414,0.175615,1.46738,0.280712,0,-0.53958,44.702,3.13241,108.305,-0.53958,-1.523,2.9233078360557556,-7.914668440818787,0.687701,272.2699890136719,,,,,,,403.2,4.977777777,403.2,4.977777777,,,,,,,,,,,,,,,,,,,"Andrew Vaughn","26197",683734
"Henry Bolte","ATH",39,170,152,37,25,7,2,3,20,23,14,0,61,3,1,0,,9,2,0.245393,0.0806673,0.356379,0.226353,0.319818,0.38191,0.309152,0.701729,0.136517,7.24915,0.380126,0,0.727182,19.5963,-0.540105,94.6873,0.727182,0.83689,-0.3399161696434021,1.1591124832630157,0.684269,999,,,,,,,177.6,4.553846153,177.6,4.553846153,,,,,,,,,,,,,,,,,,,"Henry Bolte","31448",703607
"Kerry Carpenter","DET",62,268,244,61,36,10,2,13,32,43,19,1,68,4,2,0,,1,1,0.248419,0.0704034,0.254699,0.276418,0.309512,0.463957,0.330474,0.773469,0.215538,3.87702,0.290071,0,-0.580907,35.5006,3.79492,111.944,-0.580907,-0.643556,3.1966129541397095,-5.790160536766052,0.68009,236.22000122070312,,,,,,,328.3,5.29516129,328.3,5.29516129,,,,,,,,,,,,,,,,,,,"Kerry Carpenter","25961",681481
"Mark Vientos","NYM",81,351,321,80,49,15,1,15,39,51,24,0,89,3,2,0,,1,0,0.248847,0.0690074,0.254774,0.270857,0.30602,0.442042,0.322595,0.748062,0.193194,2.59877,0.297076,0,-0.38974,44.1749,2.71759,109.874,-0.38974,-1.59541,3.716363847255707,-8.755901575088501,0.679534,652.5700073242188,,,,,,,400.1,4.939506172,400.1,4.939506172,,,,,,,,,,,,,,,,,,,"Mark Vientos","22184",668901
"Rhys Hoskins","CLE",65,281,238,53,30,12,1,11,33,33,37,1,76,3,3,0,,1,1,0.22454,0.132746,0.272077,0.487898,0.333944,0.413701,0.327815,0.747646,0.189162,2.66987,0.278833,0,-0.467658,36.5409,3.36482,111.548,-0.467658,-0.872631,3.3539392948150635,-6.555038332939148,0.661776,737.989990234375,,,,,,,321.8,4.95076923,321.8,4.95076923,,,,,,,,,,,,,,,,,,,"Rhys Hoskins","16472",656555
"Dominic Canzone","SEA",65,281,255,64,40,13,1,11,35,38,21,1,63,2,2,0,,3,1,0.249764,0.075444,0.223417,0.337682,0.309663,0.42771,0.317794,0.737373,0.177945,3.55696,0.288838,0,-0.500452,34.2565,1.0804,109.992,-0.500452,-0.256382,2.8061784505844116,-6.079530209302902,0.654384,477.1600036621094,,,,,,,322.1,4.955384615,322.1,4.955384615,,,,,,,,,,,,,,,,,,,"Dominic Canzone","26438",686527
"Marcell Ozuna","PIT",85,368,319,76,48,14,0,14,39,41,45,1,89,2,2,0,,0,0,0.238994,0.122282,0.241907,0.505495,0.335878,0.414174,0.328906,0.750052,0.17518,1.00636,0.286576,0,-0.622731,48.1808,4.73235,109.013,-0.622731,0,3.305291712284088,-9.192901611328125,0.650168,377.510009765625,,,,,,,419.8,4.938823529,419.8,4.938823529,,,,,,,,,,,,,,,,,,,"Marcell Ozuna","10324",542303
"Kody Clemens","MIN",44,189,170,40,21,9,2,7,23,24,14,0,46,3,1,1,,3,1,0.232577,0.0741548,0.245123,0.302521,0.300761,0.436239,0.317457,0.737,0.203661,5.83555,0.274412,0,0.0315565,22.9862,0.674826,102.47,0.0315565,2.16177,0.581262331455946,-0.7842216491699219,0.644546,700.7000122070312,,,,,,,211.2,4.8,211.2,4.8,,,,,,,,,,,,,,,,,,,"Kody Clemens","20572",665019
"Josh Lowe","LAA",72,313,285,69,44,14,2,10,36,36,23,1,88,2,2,1,,12,2,0.242446,0.0745524,0.280186,0.266082,0.301277,0.403597,0.305022,0.704875,0.161151,6.11488,0.313792,0,1.19884,34.9481,-2.04186,93.4837,1.19884,0.156573,-1.205495834350586,-3.3395689874887466,0.637999,297.0899963378906,,,,,,,339.6,4.716666666,339.6,4.716666666,,,,,,,,,,,,,,,,,,,"Josh Lowe","19953",666139
"Joc Pederson","TEX",70,301,255,57,35,9,1,12,36,34,37,1,72,6,3,0,,1,1,0.225345,0.122867,0.240682,0.510495,0.333438,0.410672,0.32593,0.74411,0.185326,3.07348,0.261439,0,-0.512296,38.6786,3.14374,110.47,-0.512296,-0.00884241,3.1989877223968506,-7.348348555155098,0.635094,999,,,,,,,336.9,4.812857142,336.9,4.812857142,,,,,,,,,,,,,,,,,,,"Joc Pederson","11899",592626
"Parker Meadows","DET",36,154,137,32,21,6,2,4,19,17,14,0,38,1,1,1,,5,1,0.233559,0.0908681,0.246998,0.367891,0.307773,0.385213,0.303036,0.692986,0.151654,6.9453,0.29474,0,0.311448,16.9483,-1.25304,93.0434,0.311448,1.2551,-0.9515861868858337,1.8052526712417603,0.630095,745.6900024414062,,,,,,,160.3,4.452777777,160.3,4.452777777,,,,,,,,,,,,,,,,,,,"Parker Meadows","23800",678009
"Willi Castro","COL",90,388,345,87,58,17,3,9,53,39,31,1,93,9,2,1,,11,4,0.253319,0.0791062,0.241049,0.328175,0.328487,0.398847,0.319002,0.727334,0.145528,6.38105,0.320344,0,-0.250025,47.6683,1.87129,90.4586,-0.250025,-3.04722,-4.633140057325363,-2.1243773698806763,0.62887,256.3399963378906,,,,,,,422.9,4.698888888,422.9,4.698888888,,,,,,,,,,,,,,,,,,,"Willi Castro","17338",650489
"Cedric Mullins","TBR",71,308,275,59,37,11,1,9,36,35,26,0,67,3,2,2,,14,4,0.214915,0.085508,0.217154,0.393768,0.289484,0.363887,0.287895,0.653372,0.148973,6.13507,0.249568,0,0.771446,30.1389,-6.29966,81.9816,0.771446,0.201423,-5.777734279632568,1.3028123080730438,0.628733,321.5,,,,,,,280,3.943661971,280,3.943661971,,,,,,,,,,,,,,,,,,,"Cedric Mullins","17929",656775
"Matt Shaw","CHC",44,189,168,41,26,8,1,6,23,23,16,0,36,2,1,1,,7,2,0.245172,0.0862574,0.191234,0.451057,0.318531,0.407557,0.317328,0.726088,0.162385,5.97188,0.278719,0,0.286909,22.9665,0.655086,104.757,0.286909,0.386842,1.3515958189964294,-1.4943308234214783,0.628595,336.67999267578125,,,,,,,208.6,4.74090909,208.6,4.74090909,,,,,,,,,,,,,,,,,,,"Matt Shaw","33322",807713
"Austin Hedges","CLE",34,135,118,24,18,4,0,3,13,10,13,0,35,1,1,3,,2,1,0.206836,0.0926712,0.255513,0.362687,0.287086,0.308501,0.268218,0.595587,0.101665,3.0099,0.265794,0,-0.298917,11.0459,-4.91855,70.4934,-0.298917,3.84509,-4.997664988040924,6.483976125717163,0.628117,999,,,,,,,99.2,2.917647058,99.2,2.917647058,,,,,,,,,,,,,,,,,,,"Austin Hedges","12976",595978
"Yoán Moncada","LAA",66,283,249,56,35,10,2,9,30,32,30,1,85,4,1,0,,1,0,0.227064,0.104384,0.301672,0.346018,0.316554,0.396756,0.312846,0.71331,0.169693,3.55088,0.303362,0,-0.312355,33.4189,-0.0481527,98.8734,-0.312355,-2.43744,-0.6884660422801971,-2.9875903725624084,0.62186,746.1500244140625,,,,,,,293.5,4.446969696,293.5,4.446969696,,,,,,,,,,,,,,,,,,,"Yoan Moncada","17232",660162
"Lane Thomas","KCR",70,303,267,62,39,12,3,9,36,36,30,0,77,4,2,0,,10,4,0.233863,0.0993523,0.253735,0.391558,0.317499,0.396258,0.313078,0.713757,0.162395,6.00936,0.292718,0,-0.160758,35.8212,0.00553717,97.1945,-0.160758,-1.53137,-1.1630387902259827,-3.2173314094543457,0.619833,726.6699829101562,,,,,,,326.5,4.664285714,326.5,4.664285714,,,,,,,,,,,,,,,,,,,"Lane Thomas","16939",657041
"Gavin Lux","TBR",48,207,184,47,32,10,1,3,24,19,22,0,46,0,1,0,,1,0,0.252983,0.105932,0.222458,0.47619,0.332627,0.369928,0.311763,0.702556,0.116945,4.09894,0.320388,0,-0.278739,24.2741,-0.217403,98.4236,-0.278739,-1.19925,-0.6638509631156921,-0.42286109924316406,0.619135,745.989990234375,,,,,,,210,4.375,210,4.375,,,,,,,,,,,,,,,,,,,"Gavin Lux","19955",666158
"Miguel Rojas","LAD",37,159,145,37,27,7,0,3,16,15,10,0,21,1,1,1,,2,1,0.253053,0.0624269,0.130076,0.479927,0.303615,0.356976,0.289745,0.660591,0.103923,3.48022,0.275657,0,-0.0463766,15.7792,-3.00935,84.5792,-0.0463766,2.99149,-2.952620357275009,3.7013707160949707,0.618247,999,,,,,,,144.7,3.91081081,144.7,3.91081081,,,,,,,,,,,,,,,,,,,"Miguel Rojas","7802",500743
"Jonny DeLuca","TBR",74,319,291,70,45,16,2,7,37,38,21,1,64,4,2,1,,11,3,0.239749,0.0646065,0.200655,0.321978,0.297156,0.384708,0.296888,0.681864,0.144959,6.34964,0.282168,0,0.676176,33.4526,-4.18063,88.1767,0.676176,-0.0795099,-3.762156069278717,-1.2531209662556648,0.609073,999,,,,,,,312.1,4.217567567,312.1,4.217567567,,,,,,,,,,,,,,,,,,,"Jonny DeLuca","26365",676356
"Zach McKinstry","DET",68,293,262,61,41,12,3,6,32,26,26,1,62,3,2,1,,9,3,0.233512,0.0879346,0.209908,0.418919,0.307307,0.367201,0.296205,0.674508,0.13369,6.40659,0.283032,0,0.30385,30.6305,-4.01085,88.3377,0.30385,-0.0167114,-3.726015120744705,-0.42489047534763813,0.608293,510.30999755859375,,,,,,,283.6,4.170588235,283.6,4.170588235,,,,,,,,,,,,,,,,,,,"Zach McKinstry","19392",656716
"Salvador Perez","KCR",105,430,399,97,61,18,1,18,39,58,20,3,91,8,3,0,,0,0,0.2427,0.0464759,0.211823,0.219409,0.289964,0.422865,0.304472,0.712829,0.180165,1.1106,0.269835,0,-0.562775,47.8635,-2.99976,91.2665,-0.562775,-4.06985,-4.993772923946381,-3.9101309776306152,0.605728,91.13999938964844,,,,,,,455.3,4.336190476,455.3,4.336190476,,,,,,,,,,,,,,,,,,,"Salvador Perez","7304",521692
"Vaughn Grissom","LAA",58,248,222,56,39,11,0,5,30,26,20,0,44,4,2,0,,4,1,0.250662,0.0817575,0.177029,0.461832,0.322469,0.376938,0.308878,0.699407,0.126276,4.49584,0.288257,0,0.0361651,28.5144,-0.842708,96.1398,0.0361651,-0.993753,-1.0942259058356285,-1.5616539120674133,0.603679,999,,,,,,,247.3,4.263793103,247.3,4.263793103,,,,,,,,,,,,,,,,,,,"Vaughn Grissom","26031",687093
"Gabriel Arias","CLE",41,177,163,38,24,8,1,5,18,20,11,0,55,2,1,0,,3,2,0.232961,0.0606708,0.31072,0.195259,0.288073,0.393332,0.295519,0.681405,0.160371,4.31399,0.314267,0,-0.32874,18.4285,-2.52483,89.3002,-0.32874,0.713782,-2.5650778114795685,2.3323007822036743,0.600998,748.3800048828125,,,,,,,164.8,4.019512195,164.8,4.019512195,,,,,,,,,,,,,,,,,,,"Gabriel Arias","22563",672356
"Luis García Jr.","WSN",72,313,294,79,53,15,2,9,39,42,16,0,49,0,2,0,,7,3,0.268657,0.0515214,0.157512,0.327094,0.305759,0.421343,0.31331,0.727102,0.152687,5.06604,0.295026,0,-0.195282,37.0548,0.0648377,100.233,-0.195282,-1.20506,-0.10890881717205048,-4.45274031162262,0.599641,261.8500061035156,,,,,,,340.8,4.733333333,340.8,4.733333333,,,,,,,,,,,,,,,,,,,"Luis Garcia Jr.","20391",671277
"Denzel Clarke","ATH",44,190,169,37,24,8,2,4,24,22,15,0,65,4,1,1,,7,1,0.220978,0.0783793,0.341664,0.229404,0.296276,0.351424,0.287031,0.6477,0.130445,7.23397,0.332311,0,0.470423,18.4809,-4.02445,79.4492,0.470423,2.71602,-4.143023580312729,3.3962660431861877,0.594694,728.3300170898438,,,,,,,177.9,4.043181818,177.9,4.043181818,,,,,,,,,,,,,,,,,,,"Denzel Clarke","29858",672016
"Alan Roden","MIN",37,159,139,36,25,7,1,3,20,18,14,0,25,4,1,0,,3,1,0.260417,0.0890411,0.157534,0.565217,0.344749,0.385417,0.323156,0.730165,0.125,5.11877,0.296774,0,-0.00407898,20.0925,1.30399,106.396,-0.00407898,0.954911,1.194550758227706,-0.8907683491706848,0.591343,999,,,,,,,173.7,4.694594594,173.7,4.694594594,,,,,,,,,,,,,,,,,,,"Alan Roden","31564",702176
"Zach Cole","HOU",57,246,219,47,26,9,2,9,28,34,22,1,100,4,1,0,,8,3,0.214215,0.0876811,0.404573,0.216725,0.295281,0.405335,0.303796,0.700617,0.191121,6.74419,0.337962,0,0.117825,27.2502,-1.85157,94.3927,0.117825,0.522175,-1.5099101290106773,-1.272269606590271,0.583145,743.5999755859375,,,,,,,251.1,4.405263157,251.1,4.405263157,,,,,,,,,,,,,,,,,,,"Zach Cole","31583",805904
"Ke'Bryan Hayes","CIN",76,328,301,69,51,11,1,6,33,30,23,1,63,2,2,0,,6,2,0.228273,0.0699168,0.193183,0.36192,0.286203,0.33074,0.272837,0.616943,0.102466,4.89376,0.269553,0,0.114531,28.0422,-10.7091,67.607,0.114531,6.05867,-12.476763494312763,7.229970097541809,0.580321,999,,,,,,,260.2,3.42368421,260.2,3.42368421,,,,,,,,,,,,,,,,,,,"Ke'Bryan Hayes","18577",663647
"Marcelo Mayer","BOS",77,331,301,70,46,16,1,8,39,35,25,1,76,3,2,0,,3,1,0.233319,0.0753584,0.230073,0.327541,0.295437,0.370281,0.291207,0.665718,0.136962,4.37819,0.285391,0,-0.425736,33.22,-5.86827,80.9491,-0.425736,0.707692,-7.853757798671722,1.9607785940170288,0.562663,589.5399780273438,,,,,,,305.2,3.963636363,305.2,3.963636363,,,,,,,,,,,,,,,,,,,"Marcelo Mayer","29668",691785
"Darell Hernaiz","ATH",39,170,153,40,29,8,1,2,19,18,13,0,25,1,1,2,,3,1,0.261173,0.0780373,0.145964,0.534634,0.322754,0.362124,0.303018,0.684877,0.100951,4.73664,0.29838,0,-0.115066,18.7476,-1.38877,90.4622,-0.115066,0.216843,-2.030833452939987,1.613139495253563,0.557719,999,,,,,,,163.6,4.194871794,163.6,4.194871794,,,,,,,,,,,,,,,,,,,"Darell Hernaiz","26224",687231
"Endy Rodríguez","PIT",31,124,112,27,16,7,1,3,17,14,11,0,26,1,1,0,,1,1,0.241619,0.0871222,0.209987,0.414894,0.311853,0.393842,0.308722,0.705694,0.152222,4.47907,0.289935,0,-0.314046,14.2578,-0.437513,95.1863,-0.314046,0.688204,-1.0236034989356995,2.3031734824180603,0.554556,999,,,,,,,128.5,4.14516129,128.5,4.14516129,,,,,,,,,,,,,,,,,,,"Endy Rodriguez","25332",682848
"Ramón Urías","STL",42,180,162,38,25,8,0,5,19,19,14,0,39,3,1,0,,1,0,0.235209,0.0772978,0.216694,0.356713,0.305283,0.380101,0.301305,0.685384,0.144893,3.44743,0.278072,0,-0.14627,19.5995,-1.72139,94.1369,-0.14627,0.377995,-1.4001703709363937,0.7002172768115997,0.54303,999,,,,,,,173.9,4.14047619,173.9,4.14047619,,,,,,,,,,,,,,,,,,,"Ramon Urias","18795",602104
"Brice Matthews","HOU",34,148,131,29,18,5,1,5,18,19,14,0,49,2,1,0,,7,2,0.222261,0.0939055,0.333716,0.281393,0.304625,0.393803,0.306095,0.698428,0.171542,6.85434,0.311724,0,0.456263,16.626,-0.835048,95.9767,0.456263,0.202677,-0.24448442459106445,0.37860310077667236,0.5344,740.969970703125,,,,,,,154.3,4.538235294,154.3,4.538235294,,,,,,,,,,,,,,,,,,,"Brice Matthews","33280",694728
"Joey Bart","PIT",38,150,132,31,23,5,0,4,16,15,14,0,43,3,1,0,,0,0,0.237548,0.0913855,0.289829,0.315308,0.321175,0.361248,0.304116,0.682423,0.1237,1.96835,0.321377,0,-0.342971,16.6268,-1.08815,92.0307,-0.342971,-0.998651,-1.7590619325637817,1.9295897483825684,0.528137,999,,,,,,,144.7,3.807894736,144.7,3.807894736,,,,,,,,,,,,,,,,,,,"Joey Bart","21524",663698
"Nasim Nuñez","WSN",63,273,236,51,42,6,1,1,34,22,30,0,63,2,2,4,,24,4,0.216644,0.110911,0.230873,0.480399,0.308851,0.269517,0.267181,0.578368,0.0528727,6.92151,0.287058,0,2.62508,22.1135,-10.1793,68.6327,2.62508,2.08598,-7.535417318344116,3.558974266052246,0.524105,583.0999755859375,,,,,,,212.5,3.373015873,212.5,3.373015873,,,,,,,,,,,,,,,,,,,"Nasim Nunez","25979",683083
"Jasson Domínguez","NYY",37,159,143,36,24,6,1,5,23,21,14,0,39,1,1,0,,7,1,0.252606,0.0903412,0.248255,0.363905,0.322805,0.418148,0.322348,0.740953,0.165543,6.3433,0.310506,0,0.695518,19.9883,1.19976,107.726,0.695518,-0.469037,2.1434102654457092,-2.5276787877082825,0.520946,421.5400085449219,,,,,,,184.2,4.978378378,184.2,4.978378378,,,,,,,,,,,,,,,,,,,"Jasson Dominguez","28080",691176
"Victor Robles","SEA",33,143,127,32,22,6,1,3,17,14,9,0,32,4,1,2,,8,2,0.250298,0.0622775,0.222571,0.279809,0.317031,0.371667,0.304523,0.688699,0.121369,6.41607,0.311101,0,0.610517,15.8895,-0.989581,100.85,0.610517,0.715074,0.7535785883665085,-0.6747404932975769,0.511388,727.5399780273438,,,,,,,152.1,4.609090909,152.1,4.609090909,,,,,,,,,,,,,,,,,,,"Victor Robles","18363",645302
"Hunter Feduccia","TBR",54,213,185,42,28,9,1,4,24,19,24,0,57,1,1,1,,0,0,0.2242,0.113323,0.269666,0.420233,0.313951,0.349771,0.295902,0.663722,0.125571,3.82925,0.299593,0,-0.248837,22.1619,-2.96109,87.4975,-0.248837,-3.12173,-3.3819564282894135,1.031050443649292,0.508623,999,,,,,,,194.6,3.603703703,194.6,3.603703703,,,,,,,,,,,,,,,,,,,"Hunter Feduccia","23372",676439
"Carson Benge","NYM",77,331,295,72,48,13,3,8,44,38,30,1,70,5,2,0,,9,2,0.245637,0.0909745,0.21061,0.431957,0.323402,0.391673,0.313437,0.715075,0.146037,6.43009,0.294933,0,0.413344,39.1908,0.102514,103.6,0.413344,-4.63348,1.8250291049480438,-7.891509056091309,0.506171,999,,,,,,,354.7,4.606493506,354.7,4.606493506,,,,,,,,,,,,,,,,,,,"Carson Benge","35177",701807
"TJ Rumfield","COL",75,323,289,77,52,16,1,8,37,36,28,0,59,5,2,0,,2,1,0.266667,0.0852891,0.182821,0.466516,0.338955,0.414627,0.329772,0.753582,0.14796,3.10706,0.307132,0,-0.564569,42.548,4.38375,97.8364,-0.564569,1.46285,-1.3928293585777283,-4.4468735456466675,0.502733,999,,,,,,,369.5,4.926666666,369.5,4.926666666,,,,,,,,,,,,,,,,,,,"TJ Rumfield","29805",681198
"Ty France","SDP",50,216,195,49,33,9,1,6,23,25,12,0,40,8,1,0,,1,0,0.250755,0.0572619,0.183815,0.311518,0.318389,0.391683,0.3119,0.710072,0.140928,2.81443,0.286633,0,-0.329931,25.2646,-0.20207,102.986,-0.329931,0.898104,0.4327266812324524,-2.735846221446991,0.49852,999,,,,,,,229.5,4.59,229.5,4.59,,,,,,,,,,,,,,,,,,,"Ty France","17982",664034
"Alex Call","LAD",21,89,75,18,12,4,0,2,12,11,12,0,16,2,1,1,,1,1,0.247386,0.131683,0.173379,0.759509,0.359483,0.390207,0.334356,0.74969,0.142821,4.02628,0.284045,0,-0.195407,12.1154,1.5469,115.139,-0.195407,0.921283,1.409491389989853,0.4598636031150818,0.495931,999,,,,,,,97.3,4.633333333,97.3,4.633333333,,,,,,,,,,,,,,,,,,,"Alex Call","19296",669743
"J.C. Escarra","NYY",25,100,90,21,13,5,1,2,11,12,9,0,18,1,1,0,,1,0,0.232462,0.0873044,0.179048,0.487603,0.306552,0.376616,0.300585,0.683168,0.144154,4.29661,0.266289,0,-0.153108,10.7979,-1.01199,92.7335,-0.153108,0.388254,-1.0091243237257004,2.3404144644737244,0.488372,999,,,,,,,98.5,3.94,98.5,3.94,,,,,,,,,,,,,,,,,,,"J.C. Escarra","20084",641555
"Dane Myers","CIN",40,174,156,39,28,5,0,5,23,22,14,0,43,3,1,0,,6,2,0.252709,0.0825669,0.24708,0.334171,0.324059,0.392898,0.315637,0.716958,0.140189,5.20821,0.314542,0,0.276034,20.9145,0.364529,96.9263,0.276034,-0.940699,-0.35755330324172974,-0.6744957566261292,0.486828,999,,,,,,,180.7,4.5175,180.7,4.5175,,,,,,,,,,,,,,,,,,,"Dane Myers","22054",667472
"Masataka Yoshida","BOS",49,211,188,52,37,11,0,5,22,25,17,1,26,4,1,0,,2,0,0.278423,0.0812558,0.122373,0.664,0.348323,0.413143,0.332804,0.761467,0.134721,3.75642,0.30044,0,0.0550644,28.25,3.37557,109.604,0.0550644,-0.0281683,2.438066441565752,-4.933106482028961,0.486464,748.3300170898438,,,,,,,248.9,5.079591836,248.9,5.079591836,,,,,,,,,,,,,,,,,,,"Masataka Yoshida","31837",807799
"Jose Trevino","CIN",38,150,139,32,23,6,1,3,15,15,8,0,22,1,1,1,,0,0,0.229216,0.0538729,0.146049,0.36887,0.275103,0.335577,0.268618,0.61068,0.106361,2.37205,0.253929,0,-0.209895,12.3058,-5.4091,64.7172,-0.209895,3.27665,-6.4794140458106995,6.204891920089722,0.482603,999,,,,,,,118.5,3.118421052,118.5,3.118421052,,,,,,,,,,,,,,,,,,,"Jose Trevino","16725",624431
"Luis Rengifo","MIL",72,311,285,68,49,12,2,6,32,34,21,0,55,3,2,1,,7,3,0.238596,0.0666409,0.176622,0.377309,0.29415,0.352043,0.284195,0.646194,0.113448,4.79862,0.274816,0,-0.238362,29.462,-7.28792,81.0222,-0.238362,0.477433,-7.234117850661278,1.5882358253002167,0.481793,644.9299926757812,,,,,,,275.3,3.823611111,275.3,3.823611111,,,,,,,,,,,,,,,,,,,"Luis Rengifo","19858",650859
"Jorge Soler","LAA",94,407,355,78,43,18,0,17,49,54,43,1,121,6,3,0,,0,0,0.220304,0.105819,0.296686,0.35667,0.31206,0.418465,0.318021,0.730525,0.198161,1.39005,0.276012,0,-0.600539,49.7885,1.64286,102.438,-0.600539,-1.20729,0.5705174207687378,-9.903274059295654,0.480813,634.8099975585938,,,,,,,440.8,4.689361702,440.8,4.689361702,,,,,,,,,,,,,,,,,,,"Jorge Soler","14221",624585
"A.J. Ewing","NYM",55,236,211,53,38,10,4,2,32,24,21,1,52,2,1,0,,16,3,0.249626,0.0887102,0.219166,0.404762,0.319738,0.356751,0.298186,0.676489,0.107125,8.39315,0.319728,0,1.35421,24.9916,-2.84403,93.1531,1.35421,-2.73936,-0.5575305223464966,-2.6856592297554016,0.470633,999,,,,,,,247.4,4.498181818,247.4,4.498181818,,,,,,,,,,,,,,,,,,,"A.J. Ewing","33656",805999
"Drew Millas","WSN",45,177,161,37,26,7,1,3,18,18,14,0,35,0,1,1,,3,1,0.231868,0.0779506,0.197875,0.393939,0.292956,0.34478,0.280529,0.637736,0.112912,5.38754,0.278378,0,0.0187124,16.2567,-4.67913,77.7766,0.0187124,-0.150741,-4.648230694234371,3.3099069595336914,0.466615,999,,,,,,,145.3,3.228888888,145.3,3.228888888,,,,,,,,,,,,,,,,,,,"Drew Millas","25643",686452
"Austin Hays","CHW",48,206,189,48,29,11,1,7,27,26,13,1,52,2,1,0,,3,1,0.25447,0.064729,0.253745,0.255094,0.307558,0.43264,0.318276,0.740199,0.178171,5.13002,0.314504,0,-0.0748578,25.1533,0.871127,103.535,-0.0748578,-0.24684,0.7813835516571999,-3.307951435446739,0.465578,572.469970703125,,,,,,,231.1,4.814583333,231.1,4.814583333,,,,,,,,,,,,,,,,,,,"Austin Hays","19363",669720
"Mauricio Dubón","ATL",90,388,361,91,64,20,2,6,44,41,21,0,53,3,2,1,,3,2,0.253454,0.0541792,0.13682,0.39599,0.297737,0.368392,0.291525,0.666129,0.114938,4.10756,0.281493,0,-0.726007,39.0217,-6.77532,84.8181,-0.726007,1.25742,-7.700223445892334,-0.7302314043045044,0.457708,743.3800048828125,,,,,,,346.5,3.85,346.5,3.85,,,,,,,,,,,,,,,,,,,"Mauricio Dubon","16530",643289
"Moisés Ballesteros","CHC",59,250,227,60,42,10,1,7,26,33,20,1,44,1,2,0,,1,1,0.263624,0.0783951,0.17506,0.447819,0.323806,0.405194,0.316791,0.729,0.14157,2.58639,0.297152,0,-0.567808,30.2999,0.758287,104.389,-0.567808,-0.00881577,0.7328155040740967,-4.605266571044922,0.455433,594.3599853515625,,,,,,,271.6,4.60338983,271.6,4.60338983,,,,,,,,,,,,,,,,,,,"Moises Ballesteros","28820",694208
"James Outman","MIN",38,164,144,31,17,7,1,6,24,18,17,0,57,3,1,0,,6,1,0.218305,0.101609,0.345602,0.294006,0.309266,0.407352,0.312812,0.716618,0.189047,7.30538,0.310205,0,0.427903,19.3433,-0.0323503,99.2704,0.427903,-0.447551,0.2868959456682205,-1.494619369506836,0.454205,999,,,,,,,180.6,4.752631578,180.6,4.752631578,,,,,,,,,,,,,,,,,,,"James Outman","24770",681546
"Ryan Vilade","TBR",30,131,118,29,20,6,1,3,15,16,11,0,30,2,1,0,,2,1,0.248451,0.0850749,0.232007,0.366692,0.319867,0.392332,0.312671,0.712199,0.143881,5.09062,0.308115,0,-0.185849,15.4902,-0.0409839,99.049,-0.185849,1.60331,-0.3331845551729202,0.23109102249145508,0.452684,999,,,,,,,135.7,4.523333333,135.7,4.523333333,,,,,,,,,,,,,,,,,,,"Ryan Vilade","22165",668723
"Javier Sanoja","MIA",46,199,184,48,33,10,2,2,20,22,12,0,19,1,1,1,,4,3,0.260375,0.0608922,0.0979362,0.621753,0.306926,0.37472,0.298092,0.681646,0.114345,4.948,0.27876,0,-0.68149,21.071,-2.41467,88.447,-0.68149,1.21972,-3.4031333923339844,1.1842215284705162,0.450028,999,,,,,,,182.2,3.960869565,182.2,3.960869565,,,,,,,,,,,,,,,,,,,"Javier Sanoja","28253",691594
"CJ Kayfus","CLE",30,128,113,28,16,7,2,4,16,16,12,0,36,2,1,0,,1,0,0.250885,0.094351,0.280104,0.336842,0.332771,0.434671,0.333706,0.767442,0.183786,5.73632,0.333462,0,-0.158444,17.2803,2.14738,115.606,-0.158444,-0.0929138,2.197292238473892,-2.3095805421471596,0.439766,999,,,,,,,157,5.233333333,157,5.233333333,,,,,,,,,,,,,,,,,,,"CJ Kayfus","33704",692216
"Jake Rogers","DET",28,109,98,20,12,4,1,3,13,13,9,0,32,1,1,0,,0,0,0.201456,0.0820749,0.297188,0.276171,0.272298,0.346676,0.272357,0.618973,0.14522,4.05346,0.26501,0,-0.0916348,9.28061,-3.60295,71.9092,-0.0916348,2.08558,-3.7016595229506493,4.215205430984497,0.436722,999,,,,,,,89.5,3.196428571,89.5,3.196428571,,,,,,,,,,,,,,,,,,,"Jake Rogers","19452",668670
"Nathaniel Lowe","CIN",44,189,168,43,29,7,1,7,21,26,19,1,45,1,1,0,,0,0,0.259548,0.101402,0.238458,0.425242,0.337691,0.431714,0.334634,0.769405,0.172166,2.27026,0.313983,0,-0.380079,25.6196,3.30821,109.94,-0.380079,-0.0313556,1.84445920586586,-3.9711703807115555,0.425609,999,,,,,,,224.6,5.104545454,224.6,5.104545454,,,,,,,,,,,,,,,,,,,"Nathaniel Lowe","19566",663993
"Luisangel Acuña","CHW",66,286,263,64,51,10,1,3,37,21,17,0,54,2,2,2,,17,4,0.245429,0.0610718,0.190001,0.321429,0.295197,0.31839,0.272903,0.613586,0.0729606,6.56778,0.298103,0,1.15273,24.4441,-9.31395,72.279,1.15273,1.19535,-8.18191647529602,2.502144694328308,0.425533,395.510009765625,,,,,,,236.4,3.581818181,236.4,3.581818181,,,,,,,,,,,,,,,,,,,"Luisangel Acuna","26548",682668
"Henry Davis","PIT",46,182,160,34,21,7,0,5,20,19,15,0,43,5,1,1,,2,1,0.210658,0.0834582,0.236798,0.352445,0.295873,0.354195,0.288286,0.650068,0.143537,4.07783,0.25454,0,-0.13656,17.818,-3.65458,81.1868,-0.13656,-1.25521,-4.18864668905735,2.294175863265991,0.42519,999,,,,,,,158.7,3.45,158.7,3.45,,,,,,,,,,,,,,,,,,,"Henry Davis","29617",680779
"Giancarlo Stanton","NYY",48,209,188,43,23,8,0,12,21,35,19,1,66,1,1,0,,0,0,0.227957,0.0907117,0.314697,0.288251,0.300509,0.45902,0.324826,0.75953,0.231063,1.36848,0.277632,0,-0.206913,26.6545,1.99456,109.433,-0.206913,0,2.113316461443901,-5.217592716217041,0.417737,251.4600067138672,,,,,,,248.8,5.183333333,248.8,5.183333333,,,,,,,,,,,,,,,,,,,"Giancarlo Stanton","4949",519317
"Travis d'Arnaud","LAA",32,128,116,25,14,6,0,4,13,13,8,0,36,3,1,0,,0,0,0.212905,0.0627657,0.279935,0.224215,0.27868,0.371981,0.285089,0.65066,0.159075,2.26162,0.270305,0,-0.166594,12.1831,-2.89808,79.7527,-0.166594,0.60943,-3.2124655842781067,2.8810343146324158,0.415801,999,,,,,,,112,3.5,112,3.5,,,,,,,,,,,,,,,,,,,"Travis d'Arnaud","7739",518595
"Jeremiah Jackson","BAL",55,239,225,54,35,11,0,8,24,32,10,0,54,2,2,0,,3,2,0.241577,0.042152,0.226274,0.186287,0.277501,0.401646,0.292899,0.679146,0.160068,3.58958,0.280383,0,-0.540594,24.2794,-3.90337,87.7551,-0.540594,-0.922403,-3.9828891158103943,-0.2125268578529358,0.411149,999,,,,,,,220.6,4.01090909,220.6,4.01090909,,,,,,,,,,,,,,,,,,,"Jeremiah Jackson","22239",669236
"Troy Johnston","COL",45,194,175,48,31,11,2,4,22,25,14,0,39,4,1,0,,5,2,0.274405,0.070679,0.200157,0.353118,0.338162,0.42774,0.333279,0.765902,0.153334,5.50432,0.328897,0,-0.0278675,26.0807,3.18218,100.239,-0.0278675,0.410875,0.02711191587150097,-2.5883531272411346,0.398077,748.4099731445312,,,,,,,232.6,5.168888888,232.6,5.168888888,,,,,,,,,,,,,,,,,,,"Troy Johnston","26143",687859
"Gary Sánchez","MIL",32,130,113,24,13,4,0,6,15,19,14,0,35,3,1,0,,0,0,0.209282,0.106007,0.268226,0.395215,0.308781,0.412652,0.316221,0.721432,0.20337,1.79691,0.241605,0,-0.196189,15.7233,0.334785,102.961,-0.196189,-1.05027,0.2609342634677887,-0.7407028079032898,0.394537,999,,,,,,,140.4,4.3875,140.4,4.3875,,,,,,,,,,,,,,,,,,,"Gary Sanchez","11442",596142
"Sam Haggerty","TEX",36,155,138,34,24,6,2,2,19,15,13,0,35,2,1,1,,8,1,0.244038,0.0868401,0.222047,0.391089,0.319613,0.356457,0.299054,0.67607,0.112419,7.48138,0.310404,0,0.736674,16.5933,-1.76636,91.9561,0.736674,0.723647,-0.7364549040794373,-0.8695633411407471,0.383158,999,,,,,,,157.4,4.372222222,157.4,4.372222222,,,,,,,,,,,,,,,,,,,"Sam Haggerty","18054",664059
"Taylor Walls","TBR",48,207,181,38,26,8,2,3,26,20,22,0,49,1,1,3,,9,3,0.212663,0.106967,0.234779,0.455605,0.300183,0.32117,0.279294,0.621352,0.108507,6.64431,0.273233,0,0.365847,18.8098,-5.68168,76.0566,0.365847,0.368247,-5.4835439920425415,2.0474132001399994,0.37876,999,,,,,,,172.3,3.589583333,172.3,3.589583333,,,,,,,,,,,,,,,,,,,"Taylor Walls","22458",670764
"Connor Wong","BOS",45,179,161,39,26,9,0,4,20,18,13,0,44,3,1,1,,3,1,0.244851,0.0711938,0.246743,0.288534,0.310139,0.376931,0.302433,0.68707,0.13208,4.27108,0.313229,0,-0.312325,19.5765,-1.54134,88.6826,-0.312325,-3.26471,-2.6963332891464233,0.22603297233581543,0.376978,999,,,,,,,172,3.822222222,172,3.822222222,,,,,,,,,,,,,,,,,,,"Connor Wong","19896",657136
"Nick Loftin","KCR",26,114,99,24,16,6,0,2,14,14,12,0,17,2,1,0,,2,1,0.243886,0.105803,0.147893,0.715405,0.333564,0.371943,0.313641,0.705507,0.128057,4.22719,0.271459,0,-0.107518,13.5586,0.0543319,97.5824,-0.107518,0.0637201,-0.4331832453608513,0.08146698027849197,0.366703,999,,,,,,,114.6,4.407692307,114.6,4.407692307,,,,,,,,,,,,,,,,,,,"Nick Loftin","27630",679845
"Matt Vierling","DET",53,229,206,50,32,11,2,6,26,26,19,0,49,2,2,0,,3,1,0.242245,0.0825735,0.213043,0.387591,0.308664,0.393149,0.305845,0.701813,0.150904,4.87859,0.288188,0,-0.268897,25.6704,-1.33814,94.978,-0.268897,-2.21487,-1.6218611299991608,-2.6762939989566803,0.365621,999,,,,,,,239.6,4.520754716,239.6,4.520754716,,,,,,,,,,,,,,,,,,,"Matt Vierling","21558",663837
"Everson Pereira","CHW",52,226,203,48,30,8,1,9,31,26,18,0,73,4,2,0,,5,1,0.234832,0.0794435,0.323299,0.245728,0.305962,0.410904,0.312359,0.716866,0.176071,5.4383,0.317909,0,-0.000983069,26.5236,-0.127519,99.4589,-0.000983069,-1.87119,-0.14483989274594933,-4.0730379819869995,0.363178,999,,,,,,,252,4.846153846,252,4.846153846,,,,,,,,,,,,,,,,,,,"Everson Pereira","23695",677592
"Edouard Julien","COL",71,308,264,65,45,11,2,7,34,30,40,0,88,2,1,0,,4,2,0.24623,0.130469,0.284832,0.458055,0.34931,0.37817,0.324033,0.72748,0.13194,4.24593,0.341226,0,-0.769615,39.1488,2.74601,93.9053,-0.769615,-2.76499,-2.995057761669159,-3.723319113254547,0.362055,746.0499877929688,,,,,,,337.1,4.747887323,337.1,4.747887323,,,,,,,,,,,,,,,,,,,"Edouard Julien","27534",666397
"Nathan Church","STL",57,246,223,56,41,9,1,4,30,26,15,0,36,4,2,2,,6,2,0.25116,0.0603423,0.145727,0.414079,0.306613,0.361074,0.293611,0.667687,0.109914,5.54853,0.27972,0,-0.00788959,25.1428,-3.87736,88.8659,-0.00788959,-0.0517005,-3.2489376859739423,-1.3942930661141872,0.361539,999,,,,,,,222.8,3.908771929,222.8,3.908771929,,,,,,,,,,,,,,,,,,,"Nathan Church","31357",701675
"Miguel Andujar","SDP",68,296,278,75,49,17,1,7,31,35,15,1,46,2,1,0,,2,1,0.269403,0.050589,0.155602,0.325117,0.309013,0.418012,0.313893,0.727025,0.148609,3.58707,0.299103,0,-0.586444,35.1438,0.20122,104.351,-0.586444,-0.620819,0.9384719133377075,-7.262176513671875,0.36034,722.9099731445312,,,,,,,314.8,4.629411764,314.8,4.629411764,,,,,,,,,,,,,,,,,,,"Miguel Andujar","15878",609280
"Spencer Jones","NYY",31,134,121,29,16,6,1,6,19,21,11,0,52,1,1,0,,4,1,0.236579,0.0831374,0.385577,0.215618,0.30428,0.450389,0.324096,0.754668,0.21381,6.42668,0.351061,0,0.200123,17.0556,1.20274,108.93,0.200123,-1.02659,1.612227886915207,-2.7480357885360718,0.356514,999,,,,,,,161.7,5.216129032,161.7,5.216129032,,,,,,,,,,,,,,,,,,,"Spencer Jones","31532",682987
"Max Clark","DET",20,84,74,17,13,2,1,2,11,9,10,0,17,0,0,0,,2,0,0.236735,0.116071,0.207143,0.560345,0.328571,0.365306,0.309301,0.693878,0.128571,5.8426,0.283747,0,0.0895484,9.7239,-0.257506,97.3586,0.0895484,0.445041,-0.1734359860420227,0.7467381656169891,0.356295,999,,,,,,,85.3,4.265,85.3,4.265,,,,,,,,,,,,,,,,,,,"Max Clark","sa3022683",703601
"Jonah Heim","ATH",29,115,105,24,16,4,0,3,11,13,8,0,21,0,1,0,,0,0,0.226198,0.0727188,0.187251,0.38835,0.284157,0.355661,0.281085,0.639818,0.129462,3.02358,0.256082,0,-0.0674646,10.5633,-2.97376,75.3536,-0.0674646,0.61259,-3.3955104425549507,2.850244104862213,0.347879,999,,,,,,,93.2,3.213793103,93.2,3.213793103,,,,,,,,,,,,,,,,,,,"Jonah Heim","16930",641680
"José Tena","WSN",36,154,140,36,24,7,1,3,18,17,11,0,40,1,1,1,,4,2,0.254225,0.0742054,0.257235,0.288473,0.312095,0.382394,0.304338,0.69449,0.128169,5.2888,0.332796,0,-0.148098,17.1111,-1.09028,94.0863,-0.148098,0.140394,-1.2277763485908508,-0.5162419229745865,0.346279,999,,,,,,,153.8,4.272222222,153.8,4.272222222,,,,,,,,,,,,,,,,,,,"Jose Tena","23691",677588
"Keibert Ruiz","WSN",52,204,191,46,31,10,0,5,19,26,9,0,24,2,2,0,,1,0,0.242436,0.0445173,0.118084,0.376997,0.283138,0.382211,0.288988,0.665348,0.139774,2.48428,0.250336,0,-0.220349,20.1618,-3.99487,83.5714,-0.220349,-3.24266,-4.201151862740517,0.7503952980041504,0.343339,720.3499755859375,,,,,,,177.5,3.413461538,177.5,3.413461538,,,,,,,,,,,,,,,,,,,"Keibert Ruiz","19610",660688
"José Fermín","STL",36,155,134,31,21,8,0,2,18,16,17,0,19,3,1,1,,4,2,0.233279,0.108156,0.12007,0.900778,0.329107,0.342034,0.301168,0.671141,0.108755,4.06785,0.253924,0,-0.122192,16.8601,-1.49958,94.0431,-0.122192,0.0444864,-1.2192124873399734,-0.653661772608757,0.337659,999,,,,,,,143.6,3.988888888,143.6,3.988888888,,,,,,,,,,,,,,,,,,,"Jose Fermin","21746",665877
"Jake Fraley","TBR",48,207,184,44,30,10,1,4,22,19,19,1,44,3,1,0,,7,2,0.23973,0.0935926,0.213992,0.437365,0.31937,0.369735,0.304527,0.689105,0.130005,4.89976,0.291054,0,0.404056,23.0563,-1.43514,93.439,0.404056,-0.205773,-1.1987918019294739,-2.643272966146469,0.337228,999,,,,,,,208.4,4.341666666,208.4,4.341666666,,,,,,,,,,,,,,,,,,,"Jake Fraley","19260",641584
"Andrew Benintendi","CHW",81,351,317,80,53,15,2,10,39,43,29,1,70,1,3,0,,2,1,0.25223,0.0835913,0.198187,0.421779,0.315142,0.406865,0.313098,0.722008,0.154636,4.04464,0.290683,0,-0.315202,41.4697,0.0123639,99.9684,-0.315202,-1.01021,-0.3282531909644604,-8.49293076992035,0.333713,735.8099975585938,,,,,,,370.9,4.579012345,370.9,4.579012345,,,,,,,,,,,,,,,,,,,"Andrew Benintendi","17901",643217
"Derek Hill","CHW",28,120,109,26,18,4,1,3,15,12,8,0,35,1,1,1,,4,2,0.238774,0.0706443,0.288424,0.244932,0.297977,0.382361,0.297545,0.680338,0.143587,6.49326,0.317373,0,-0.0816004,12.6991,-1.51481,89.2545,-0.0816004,0.765874,-1.605126030743122,0.6942687258124352,0.330658,999,,,,,,,111.1,3.967857142,111.1,3.967857142,,,,,,,,,,,,,,,,,,,"Derek Hill","16947",656537
"Agustín Ramírez","MIA",37,153,138,34,20,8,0,5,20,19,12,1,31,2,1,0,,4,1,0.242587,0.0774767,0.204983,0.377967,0.308534,0.416218,0.313701,0.724753,0.173631,5.04111,0.276473,0,0.18171,18.1643,0.0803105,99.1397,0.18171,-0.93063,0.025648266077041626,-1.924456775188446,0.327057,86.8499984741211,,,,,,,169.4,4.578378378,169.4,4.578378378,,,,,,,,,,,,,,,,,,,"Agustin Ramirez","26546",682663
"Brandon Lockridge","MIL",20,87,77,20,15,4,1,1,10,9,7,0,23,1,0,1,,5,1,0.254524,0.0845614,0.261526,0.323339,0.324014,0.348571,0.299533,0.672585,0.0940476,7.07496,0.347992,0,0.59727,9.29014,-0.95165,91.5292,0.59727,0.903646,-0.2729572653770447,0.5576586723327637,0.324382,999,,,,,,,92.4,4.62,92.4,4.62,,,,,,,,,,,,,,,,,,,"Brandon Lockridge","21496",663604
"Harry Ford","WSN",23,93,80,19,13,3,0,2,11,10,10,0,21,2,0,0,,2,1,0.232877,0.110672,0.22332,0.495575,0.332016,0.349315,0.306768,0.681331,0.116438,4.24844,0.290221,0,-0.176177,10.5132,-0.474694,95.7511,-0.176177,0,-0.6444735825061798,0.7098765969276428,0.323455,725.52001953125,,,,,,,90.9,3.952173913,90.9,3.952173913,,,,,,,,,,,,,,,,,,,"Harry Ford","29958",695670
"Mitch Garver","SEA",32,126,108,21,14,3,0,4,13,13,16,0,38,1,1,0,,1,0,0.193605,0.124221,0.299679,0.414512,0.301679,0.334012,0.285487,0.63569,0.140407,3.49765,0.255723,0,-0.0610704,12.0776,-2.82253,87.7366,-0.0610704,-1.78156,-1.8837464787065983,0.6814019680023193,0.321297,999,,,,,,,108.8,3.4,108.8,3.4,,,,,,,,,,,,,,,,,,,"Mitch Garver","15161",641598
"Brandon Valenzuela","TOR",24,96,87,18,12,3,0,3,9,11,8,0,26,0,1,0,,0,0,0.209392,0.0847128,0.274027,0.30914,0.278447,0.346818,0.275274,0.625266,0.137426,2.75124,0.265186,0,-0.13547,8.41908,-2.95207,74.7732,-0.13547,0.931416,-2.9968628585338593,2.811045825481415,0.320069,999,,,,,,,74.7,3.1125,74.7,3.1125,,,,,,,,,,,,,,,,,,,"Brandon Valenzuela","23813",678218
"Emmanuel Rodriguez","MIN",17,75,62,14,8,3,1,2,11,8,11,0,27,1,0,0,,2,0,0.221014,0.151515,0.357576,0.423729,0.345455,0.387681,0.326888,0.733136,0.166667,6.47454,0.346667,0,-0.0014872,9.64425,0.837127,108.967,-0.0014872,0.196519,0.7862499345792457,-0.2471538633108139,0.317779,999,,,,,,,89.4,5.258823529,89.4,5.258823529,,,,,,,,,,,,,,,,,,,"Emmanuel Rodriguez","sa3014693",691181
"Amed Rosario","NYY",48,209,196,51,36,8,2,5,23,27,9,0,37,1,2,0,,4,1,0.258558,0.042597,0.176788,0.24095,0.292379,0.38805,0.294521,0.68043,0.129492,5.42192,0.294309,0,0.0521538,21.5194,-3.14059,88.5564,0.0521538,-1.81597,-2.7627633064985275,-1.319053828716278,0.317723,999,,,,,,,206,4.291666666,206,4.291666666,,,,,,,,,,,,,,,,,,,"Amed Rosario","15518",642708
"Andruw Monasterio","BOS",28,120,107,27,18,7,0,2,15,13,11,0,26,1,1,0,,3,2,0.253779,0.091675,0.214794,0.426804,0.32817,0.384634,0.314504,0.712804,0.130855,4.59308,0.312692,0,-0.286856,14.3554,0.141514,96.9978,-0.286856,-1.18493,-0.7125236690044403,-0.32566922903060913,0.31763,999,,,,,,,119.4,4.264285714,119.4,4.264285714,,,,,,,,,,,,,,,,,,,"Andruw Monasterio","19455",655316
"Leo Jiménez","MIA",29,124,107,25,17,5,0,2,15,13,11,0,26,6,1,0,,1,1,0.229479,0.0854759,0.212821,0.401633,0.328918,0.332197,0.299848,0.661115,0.102717,4.25904,0.286526,0,-0.245343,13.3465,-1.33207,89.6497,-0.245343,-0.0442003,-1.7692770510911942,0.7189169824123383,0.315692,999,,,,,,,116.4,4.013793103,116.4,4.013793103,,,,,,,,,,,,,,,,,,,"Leo Jimenez","23782",677870
"Jahmai Jones","DET",24,104,90,22,13,5,1,3,15,14,11,0,25,3,1,1,,2,1,0.245965,0.102604,0.240367,0.426863,0.34087,0.431463,0.336821,0.772333,0.185498,5.81664,0.304561,0,-0.277835,14.3435,2.01351,116.316,-0.277835,0.132011,1.728904277086258,-2.263822481036186,0.312943,999,,,,,,,124.6,5.191666666,124.6,5.191666666,,,,,,,,,,,,,,,,,,,"Jahmai Jones","18872",663330
"Jose Siri","LAA",31,134,123,25,14,5,0,5,18,16,9,0,49,1,1,0,,4,1,0.202093,0.0638236,0.365535,0.174603,0.260811,0.377753,0.277484,0.638564,0.175661,6.17989,0.282506,0,0.124581,11.9781,-3.87477,74.5141,0.124581,2.6776,-3.905538186430931,2.304919481277466,0.308958,999,,,,,,,113.3,3.654838709,113.3,3.654838709,,,,,,,,,,,,,,,,,,,"Jose Siri","17452",642350
"Pavin Smith","ARI",34,147,128,31,19,6,1,5,17,18,18,0,38,0,1,0,,1,0,0.240825,0.121662,0.257542,0.472398,0.333755,0.408786,0.325169,0.742542,0.167961,4.03943,0.304297,0,-0.172032,18.7652,1.44199,107.352,-0.172032,0,1.1055321246385574,-3.015277862548828,0.304008,999,,,,,,,171.6,5.047058823,171.6,5.047058823,,,,,,,,,,,,,,,,,,,"Pavin Smith","19892",656976
"Eric Haase","SFG",29,116,107,24,16,5,0,4,12,14,7,0,36,0,1,0,,0,0,0.228775,0.0637876,0.315125,0.20242,0.279791,0.376784,0.286219,0.656575,0.148009,2.59535,0.307771,0,-0.0695805,11.1509,-2.52109,84.048,-0.0695805,-0.138277,-2.2572421580553055,1.3702111691236496,0.303386,999,,,,,,,100.5,3.465517241,100.5,3.465517241,,,,,,,,,,,,,,,,,,,"Eric Haase","14111",606992
"Starling Marte","KCR",41,179,162,44,32,8,1,3,19,17,12,0,38,4,1,1,,5,1,0.271368,0.0649625,0.214249,0.30321,0.332623,0.389845,0.317818,0.722468,0.118477,5.42225,0.335915,0,0.131029,21.8288,0.691717,100.46,0.131029,0.124364,0.22796747088432312,-3.425019010901451,0.303196,999,,,,,,,196.2,4.785365853,196.2,4.785365853,,,,,,,,,,,,,,,,,,,"Starling Marte","9241",516782
"Tyler Heineman","TOR",27,105,91,19,15,2,0,1,11,9,8,0,20,3,0,3,,1,0,0.207068,0.0721706,0.190625,0.378601,0.28785,0.286815,0.26195,0.574664,0.0797462,4.85866,0.249483,0,-0.08068,8.08071,-4.3734,65.5951,-0.08068,1.57119,-4.354769319295883,3.629829525947571,0.297203,999,,,,,,,65.5,2.425925925,65.5,2.425925925,,,,,,,,,,,,,,,,,,,"Tyler Heineman","13897",623168
"Tristan Gray","MIN",33,144,131,29,18,7,1,5,16,18,10,0,44,2,1,1,,0,0,0.224081,0.0660818,0.30424,0.217203,0.283226,0.388269,0.291337,0.671495,0.164188,3.18096,0.29655,0,-0.250408,14.4861,-2.54097,84.4772,-0.250408,0.252412,-2.886865794658661,0.8025662302970886,0.294487,999,,,,,,,140.4,4.254545454,140.4,4.254545454,,,,,,,,,,,,,,,,,,,"Tristan Gray","19877",656484
"Jon Berti",,20,84,76,19,14,3,0,1,10,7,7,0,19,1,1,0,,5,1,0.244275,0.0821918,0.226027,0.363636,0.312715,0.332061,0.288262,0.644776,0.0877863,6.20857,0.309278,0,0.420526,8.28096,-1.70045,82.7294,0.420526,0.882903,-1.303815871477127,1.2910822331905365,0.29139,999,,,,,,,79.2,3.96,79.2,3.96,,,,,,,,,,,,,,,,,,,"Jon Berti","12037",542932
"Kaelen Culpepper","MIN",16,70,63,16,11,2,0,2,9,8,5,0,15,1,0,0,,2,0,0.247312,0.0684932,0.21135,0.324074,0.315068,0.382796,0.308107,0.697864,0.135484,5.66795,0.294461,0,0.0435423,7.94051,-0.279472,96.0294,0.0435423,0.322,-0.2820268012583256,0.7124321162700653,0.28915,999,,,,,,,73,4.5625,73,4.5625,,,,,,,,,,,,,,,,,,,"Kaelen Culpepper","sa3025360",701785
"Shay Whitcomb","HOU",18,79,72,16,10,3,0,3,10,11,5,0,24,1,0,0,,2,0,0.228986,0.0695297,0.309614,0.224569,0.289994,0.409725,0.302891,0.699719,0.180739,4.87962,0.295537,0,0.0669738,8.66219,-0.650385,93.7696,0.0669738,0.485781,-0.5117847621440887,0.5913368165493011,0.285834,999,,,,,,,76.3,4.238888888,76.3,4.238888888,,,,,,,,,,,,,,,,,,,"Shay Whitcomb","27789",694376
"Curtis Mead","WSN",41,179,159,39,26,8,0,4,21,20,14,0,35,4,1,0,,3,1,0.247307,0.079285,0.196815,0.402839,0.32434,0.383398,0.312912,0.707738,0.13609,4.14436,0.291561,0,-0.183804,21.1163,-0.0207762,99.9601,-0.183804,-0.604395,-0.1922741699963808,-2.982481598854065,0.284528,999,,,,,,,177.1,4.319512195,177.1,4.319512195,,,,,,,,,,,,,,,,,,,"Curtis Mead","23986",678554
"Alika Williams","ATH",21,90,82,20,15,3,0,2,10,8,6,0,18,1,1,1,,1,0,0.240622,0.064115,0.204058,0.3142,0.298039,0.344467,0.284361,0.642507,0.103845,4.08466,0.291,0,-0.192368,8.55856,-2.10189,77.61,-0.192368,1.39543,-2.5732577741146088,2.0756755471229553,0.266979,999,,,,,,,80.4,3.828571428,80.4,3.828571428,,,,,,,,,,,,,,,,,,,"Alika Williams","27604",675961
"Drew Gilbert","SFG",53,229,205,47,31,9,2,6,24,25,18,0,44,4,1,0,,2,1,0.228806,0.079736,0.193785,0.411467,0.302674,0.371741,0.296726,0.674415,0.142935,4.399,0.26463,0,-0.440564,23.978,-3.03053,91.245,-0.440564,-1.14114,-2.812410682439804,-2.241453170776367,0.261535,999,,,,,,,219.1,4.133962264,219.1,4.133962264,,,,,,,,,,,,,,,,,,,"Drew Gilbert","31545",687551
"Jesse Winker",,28,119,100,23,16,4,0,3,13,13,17,0,26,2,1,0,,1,0,0.232787,0.14011,0.217033,0.64557,0.349862,0.370492,0.322479,0.720354,0.137705,3.73399,0.283105,0,-0.094847,15.0039,0.912534,106.235,-0.094847,0,0.7839535474777222,-2.2716050148010254,0.261008,999,,,,,,,127.5,4.553571428,127.5,4.553571428,,,,,,,,,,,,,,,,,,,"Jesse Winker","13590",608385
"Leo Rivas","SEA",17,74,61,13,10,2,0,1,9,6,10,0,19,1,0,1,,3,1,0.208016,0.140202,0.256728,0.546109,0.329609,0.293999,0.288642,0.623608,0.085983,6.30598,0.283463,0,0.230432,7.26599,-1.46455,89.91,0.230432,0.218857,-0.6482688635587692,0.6234866082668304,0.257804,999,,,,,,,62.9,3.7,62.9,3.7,,,,,,,,,,,,,,,,,,,"Leo Rivas","21009",660844
"Tyler Freeman","COL",54,234,203,53,40,9,1,3,27,23,17,0,28,10,1,2,,8,3,0.262624,0.0710886,0.120134,0.591743,0.347501,0.362138,0.318461,0.709639,0.0995141,5.26871,0.290465,0,-0.147687,28.6208,1.02511,90.0884,-0.147687,-0.0530419,-2.8912562429904938,-2.377887684851885,0.256435,745.8599853515625,,,,,,,241.6,4.474074074,241.6,4.474074074,,,,,,,,,,,,,,,,,,,"Tyler Freeman","22532",671289
"Richie Palacios","TBR",47,202,176,40,29,7,1,3,24,19,22,0,41,3,1,0,,8,3,0.22952,0.108759,0.202583,0.536864,0.323029,0.327193,0.292855,0.650222,0.0976733,5.60868,0.282283,0,0.043547,20.5775,-3.31658,85.3983,0.043547,0.417958,-3.4366497360169888,-1.0264866352081299,0.255872,999,,,,,,,184,3.914893617,184,3.914893617,,,,,,,,,,,,,,,,,,,"Richie Palacios","24589",680700
"Colby Thomas","ATH",17,75,69,17,10,4,0,3,9,12,4,0,22,2,0,0,,1,1,0.248051,0.0576916,0.297023,0.194233,0.306204,0.434975,0.32035,0.74118,0.186924,4.94534,0.326338,0,-0.109442,9.32903,0.445321,102.402,-0.109442,0.458077,0.10338205099105835,-0.204269140958786,0.254584,748.5900268554688,,,,,,,83.1,4.888235294,83.1,4.888235294,,,,,,,,,,,,,,,,,,,"Colby Thomas","31855",687515
"Drew Romo","CHW",38,151,138,30,21,6,0,4,15,16,9,0,37,2,1,1,,1,1,0.218703,0.0627659,0.243477,0.25779,0.276141,0.346405,0.274154,0.622547,0.127702,3.50669,0.268478,0,-0.294029,13.0925,-4.77649,73.1407,-0.294029,-0.62469,-5.081469893455505,2.3290136456489563,0.25123,999,,,,,,,117.1,3.081578947,117.1,3.081578947,,,,,,,,,,,,,,,,,,,"Drew Romo","27763",691011
"Graham Pauley","MIA",30,129,116,25,15,6,1,3,15,15,11,0,27,1,1,0,,2,1,0.218595,0.0833378,0.208789,0.399149,0.290442,0.363403,0.2872,0.653844,0.144807,4.80044,0.255989,0,-0.0718179,12.5536,-2.71209,80.9854,-0.0718179,0.905536,-2.9834442660212517,1.11849907040596,0.249276,999,,,,,,,112.3,3.743333333,112.3,3.743333333,,,,,,,,,,,,,,,,,,,"Graham Pauley","31363",688363
"Ryan Ritter","COL",15,65,57,15,9,3,1,2,9,8,5,0,17,1,0,1,,1,0,0.258127,0.0767809,0.270148,0.284218,0.331436,0.420445,0.328451,0.751881,0.162318,5.86176,0.339741,0,-0.0552767,8.44031,0.807464,96.9314,-0.0552767,0.336951,-0.2902139388024807,0.567661315202713,0.248428,999,,,,,,,80.1,5.34,80.1,5.34,,,,,,,,,,,,,,,,,,,"Ryan Ritter","31500",690022
"Jimmy Crooks","STL",14,55,51,12,8,2,0,1,6,6,4,0,15,1,0,0,,0,0,0.240964,0.0681319,0.276923,0.246032,0.299559,0.368675,0.293531,0.668234,0.127711,3.44568,0.319149,0,-0.0600723,5.67001,-0.87855,88.8111,-0.0600723,0.436829,-0.7950346767902374,1.296088069677353,0.240048,999,,,,,,,46.4,3.314285714,46.4,3.314285714,,,,,,,,,,,,,,,,,,,"Jimmy Crooks","31354",699625
"Eli White","ATL",18,80,73,18,13,2,1,2,11,10,5,0,21,1,1,0,,3,0,0.244457,0.0579508,0.26271,0.220588,0.297293,0.381981,0.295566,0.679274,0.137525,7.19256,0.310827,0,0.313886,8.26531,-1.12896,87.5863,0.313886,1.16726,-0.8558731079101562,0.5283672213554382,0.237312,999,,,,,,,81.8,4.544444444,81.8,4.544444444,,,,,,,,,,,,,,,,,,,"Eli White","19346",642201
"Rafael Marchán","PHI",26,104,94,19,14,4,0,2,9,10,7,0,17,2,1,0,,0,0,0.206807,0.0710825,0.160322,0.443374,0.280888,0.302456,0.263066,0.583344,0.0956484,1.33367,0.233817,0,-0.155633,8.10571,-4.24104,64.1832,-0.155633,1.3392,-4.591429620981216,3.380090832710266,0.232,999,,,,,,,69.8,2.684615384,69.8,2.684615384,,,,,,,,,,,,,,,,,,,"Rafael Marchan","21646",665561
"Joey Wiemer","WSN",37,159,142,31,19,7,1,4,19,17,14,0,49,2,1,0,,4,1,0.21632,0.0891402,0.305952,0.291353,0.2933,0.357464,0.286989,0.650764,0.141144,5.33865,0.295298,0,0.0766274,15.4234,-3.36515,82.2022,0.0766274,1.30269,-3.277584448456764,0.23787999153137207,0.230641,999,,,,,,,148,4,148,4,,,,,,,,,,,,,,,,,,,"Joey Wiemer","27690",686894
"Weston Wilson","BAL",16,70,62,14,9,2,0,2,9,8,7,0,20,0,0,0,,2,1,0.223615,0.100883,0.286021,0.352713,0.306058,0.38556,0.303298,0.691618,0.161945,5.17943,0.287142,0,-0.0455653,7.6689,-0.551088,94.919,-0.0455653,0.0519034,-0.4621730037033558,0.3003602437674999,0.228559,999,,,,,,,63,3.9375,63,3.9375,,,,,,,,,,,,,,,,,,,"Weston Wilson","19358",642215
"César Salazar","HOU",14,54,46,10,7,2,0,1,5,6,5,0,10,2,0,0,,0,0,0.213471,0.0915231,0.182417,0.501724,0.317654,0.326831,0.293026,0.644485,0.11336,2.82084,0.246107,0,-0.0945795,5.50691,-0.878855,86.9738,-0.0945795,0.235396,-0.9243185147643089,1.2909515500068665,0.227931,999,,,,,,,46.2,3.3,46.2,3.3,,,,,,,,,,,,,,,,,,,"Cesar Salazar","21587",663967
"Bo Naylor","CLE",14,54,48,10,6,2,0,2,6,6,6,0,13,0,0,0,,0,0,0.207955,0.102936,0.237025,0.434281,0.291941,0.38211,0.295109,0.674051,0.174155,3.16665,0.241226,0,-0.0974998,5.5983,-0.787464,89.0178,-0.0974998,0.100312,-0.7970419973134995,1.1558678522706032,0.227132,574.2899780273438,,,,,,,50.6,3.614285714,50.6,3.614285714,,,,,,,,,,,,,,,,,,,"Bo Naylor","21865",666310
"Christian Moore","LAA",25,109,98,22,15,3,1,3,12,12,10,0,35,1,1,0,,2,1,0.224057,0.0926316,0.317895,0.291391,0.299578,0.358491,0.28989,0.658069,0.134434,5.89753,0.316981,0,-0.0831616,10.861,-2.0561,83.06,-0.0831616,0.32384,-2.26584080606699,0.7142720818519592,0.226435,748.3499755859375,,,,,,,101.8,4.072,101.8,4.072,,,,,,,,,,,,,,,,,,,"Christian Moore","34979",695681
"Jorge Mateo","ATL",15,65,60,14,9,3,1,1,10,6,4,0,18,0,0,0,,5,1,0.233167,0.0596311,0.274194,0.217478,0.280229,0.377242,0.285647,0.657471,0.144075,8.57157,0.304943,0,0.494016,6.19536,-1.43748,80.7919,0.494016,0.441424,-0.9766111671924591,1.027071624994278,0.225204,999,,,,,,,60.9,4.06,60.9,4.06,,,,,,,,,,,,,,,,,,,"Jorge Mateo","17273",622761
"Griffin Conine","MIA",44,189,167,38,24,7,1,6,22,23,18,0,63,2,1,0,,1,0,0.229081,0.0974052,0.33451,0.291188,0.31144,0.388474,0.30791,0.699914,0.159392,3.98397,0.326086,0,-0.260788,21.5227,-0.788732,95.1726,-0.260788,0.756564,-1.3411481082439423,-2.757324755191803,0.223873,999,,,,,,,190.1,4.320454545,190.1,4.320454545,,,,,,,,,,,,,,,,,,,"Griffin Conine","21626",665052
"Michael Conforto","CHC",33,144,125,28,17,7,0,5,17,15,16,0,38,2,1,0,,0,0,0.225758,0.112843,0.261675,0.431232,0.322782,0.39329,0.315183,0.716072,0.167532,2.73185,0.283232,0,-0.169185,17.276,0.248928,103.288,-0.169185,-0.669339,0.3923335373401642,-3.065172553062439,0.217397,999,,,,,,,153.1,4.639393939,153.1,4.639393939,,,,,,,,,,,,,,,,,,,"Michael Conforto","16376",624424
"Alejandro Osuna","TEX",23,100,87,22,15,4,1,2,12,11,9,0,21,3,1,1,,3,2,0.250277,0.0925562,0.21334,0.433843,0.339101,0.371429,0.315993,0.71053,0.121152,5.53272,0.311636,0,-0.200892,12.0841,0.239118,103.625,-0.200892,-0.484808,0.2274063527584076,-1.5588817596435547,0.216982,999,,,,,,,108.4,4.713043478,108.4,4.713043478,,,,,,,,,,,,,,,,,,,"Alejandro Osuna","27915",696030
"Hyeseong Kim","LAD",23,99,92,22,16,3,1,2,12,12,5,0,29,1,1,0,,7,1,0.240415,0.053339,0.28753,0.185507,0.288226,0.351601,0.280899,0.639828,0.111186,7.89482,0.326837,0,0.900454,9.1482,-2.59464,78.5193,0.900454,0.0100657,-1.6297370791435242,0.4359916169196367,0.21639,740.77001953125,,,,,,,92.9,4.039130434,92.9,4.039130434,,,,,,,,,,,,,,,,,,,"Hyeseong Kim","35322",808975
"Max Kepler",,17,75,66,15,9,3,0,3,10,9,7,0,15,1,1,0,,1,0,0.231959,0.0940367,0.201835,0.465909,0.309633,0.407217,0.31218,0.71685,0.175258,3.88306,0.25784,0,-0.00915747,8.75419,-0.0529361,99.1598,-0.00915747,0.423684,-0.08317703753709793,-0.374926894903183,0.211389,999,,,,,,,80.8,4.752941176,80.8,4.752941176,,,,,,,,,,,,,,,,,,,"Max Kepler","12144",596146
"Braden Shewmake","HOU",33,143,132,30,20,6,1,3,16,15,8,0,29,1,1,1,,4,1,0.223394,0.0551527,0.204615,0.269544,0.271014,0.349823,0.271716,0.620836,0.126428,5.98253,0.262027,0,0.36399,12.0845,-4.79457,72.2943,0.36399,0.796636,-4.300753444433212,1.412377119064331,0.207805,999,,,,,,,119.1,3.609090909,119.1,3.609090909,,,,,,,,,,,,,,,,,,,"Braden Shewmake","25817",669699
"Thomas Saggese","STL",30,130,120,29,21,5,0,2,15,13,8,0,35,2,1,0,,1,1,0.240119,0.0601516,0.268017,0.224432,0.293483,0.35191,0.284423,0.645393,0.111791,4.13445,0.316698,0,-0.269344,12.369,-3.02948,82.5723,-0.269344,0.540784,-2.9611846804618835,0.6123889461159706,0.203599,999,,,,,,,104.8,3.493333333,104.8,3.493333333,,,,,,,,,,,,,,,,,,,"Thomas Saggese","27883",695336
"Myles Straw","TOR",26,110,99,24,18,4,1,1,15,9,9,0,20,0,1,2,,3,1,0.241984,0.080039,0.17907,0.44697,0.303646,0.329073,0.281533,0.632719,0.0870884,6.47757,0.290376,0,0.250684,10.2073,-2.82213,79.0853,0.250684,1.08816,-2.4675529301166534,0.6227299571037292,0.199781,999,,,,,,,92,3.538461538,92,3.538461538,,,,,,,,,,,,,,,,,,,"Myles Straw","17620",664702
"Blake Perkins","MIL",19,82,72,15,11,3,0,1,10,8,8,0,22,1,0,0,,3,1,0.214971,0.104002,0.265861,0.391189,0.301401,0.323921,0.280973,0.625323,0.10895,6.15254,0.287751,0,0.0918759,7.51436,-2.12498,78.8152,0.0918759,0.958147,-1.9564704298973083,1.1766652762889862,0.198101,999,,,,,,,60,3.157894736,60,3.157894736,,,,,,,,,,,,,,,,,,,"Blake Perkins","19921",663368
"Tyler Tolbert","KCR",20,84,75,17,12,3,1,1,11,8,5,0,22,1,0,2,,7,1,0.230681,0.0582616,0.266048,0.218989,0.287879,0.333791,0.275059,0.621669,0.103109,8.93764,0.31362,0,0.862766,7.3754,-2.60601,71.0049,0.862766,0.917663,-2.02410626411438,1.0418916195631027,0.197146,999,,,,,,,72.5,3.625,72.5,3.625,,,,,,,,,,,,,,,,,,,"Tyler Tolbert","25779",686475
"Taylor Trammell","HOU",16,69,60,14,8,3,0,2,9,9,8,0,20,1,0,0,,2,1,0.227767,0.117081,0.284096,0.412116,0.323123,0.412322,0.322228,0.735445,0.184555,5.46743,0.293763,0,0.0241172,8.66212,0.513611,107.09,0.0241172,-0.528777,0.600401533767581,-1.056555151939392,0.196313,999,,,,,,,73.9,4.61875,73.9,4.61875,,,,,,,,,,,,,,,,,,,"Taylor Trammell","19960",666211
"Dominic Smith","ATL",54,234,211,54,38,9,0,7,26,29,17,0,45,3,2,0,,1,0,0.256509,0.0721299,0.193746,0.37229,0.318202,0.398385,0.312794,0.716587,0.141877,3.49768,0.295358,0,-0.096642,27.5461,-0.0495992,99.3878,-0.096642,0.0372059,-0.2660891190171242,-5.695047192275524,0.185636,999,,,,,,,245.2,4.54074074,245.2,4.54074074,,,,,,,,,,,,,,,,,,,"Dominic Smith","15653",642086
"James McCann","ARI",36,144,134,31,21,7,0,3,14,16,7,0,39,2,1,1,,0,0,0.230895,0.0459213,0.272183,0.168715,0.275663,0.350607,0.274542,0.626269,0.119711,2.64945,0.303054,0,-0.0963036,12.5255,-4.50757,72.6712,-0.0963036,-0.594719,-4.765545018017292,1.7705589532852173,0.18461,999,,,,,,,115.1,3.197222222,115.1,3.197222222,,,,,,,,,,,,,,,,,,,"James McCann","12859",543510
"Tristan Peters","CHW",42,180,162,38,26,7,1,3,21,17,15,0,36,1,1,1,,3,2,0.233611,0.0846462,0.201837,0.419379,0.303596,0.348087,0.288344,0.651682,0.114476,5.23098,0.28285,0,-0.364334,17.7006,-3.62028,82.9159,-0.364334,-0.726498,-3.9976812601089478,-0.44007813930511475,0.181737,999,,,,,,,153.1,3.645238095,153.1,3.645238095,,,,,,,,,,,,,,,,,,,"Tristan Peters","30063",671976
"Andrés Chaparro","WSN",15,65,58,14,9,3,0,2,7,8,5,0,15,1,0,0,,0,0,0.24254,0.0818632,0.237711,0.344382,0.311119,0.420077,0.317161,0.731196,0.177536,3.0131,0.288287,0,-0.0404433,7.84821,0.215368,102.871,-0.0404433,0.664531,0.1793682798743248,-0.5954998731613159,0.177466,999,,,,,,,65.9,4.393333333,65.9,4.393333333,,,,,,,,,,,,,,,,,,,"Andres Chaparro","21797",665953
"Ryan Mountcastle","BAL",21,89,83,22,14,5,0,3,10,11,5,0,22,1,1,0,,1,0,0.26075,0.0578885,0.245731,0.235577,0.30677,0.432535,0.319139,0.739305,0.171786,3.39783,0.317033,0,-0.0128187,11.0103,0.441785,105.831,-0.0128187,0.00134735,0.6018689963966608,-1.9508131250040606,0.177133,748.0900268554688,,,,,,,102.8,4.895238095,102.8,4.895238095,,,,,,,,,,,,,,,,,,,"Ryan Mountcastle","18373",663624
"Alex Freeland","LAD",11,50,43,10,6,2,0,1,6,5,5,0,14,1,0,0,,1,0,0.224686,0.109648,0.273042,0.401579,0.317842,0.370135,0.305055,0.687976,0.145449,4.55737,0.292161,0,0.00517272,5.54864,-0.32278,95.0665,0.00517272,0.125073,-0.2853852929547429,0.30254174768924713,0.171018,999,,,,,,,48.1,4.372727272,48.1,4.372727272,,,,,,,,,,,,,,,,,,,"Alex Freeland","31665",690976
"Mickey Gasper","BOS",19,78,68,17,11,4,0,2,9,10,8,0,13,2,0,0,,1,0,0.247593,0.098322,0.173247,0.567527,0.337029,0.378159,0.31804,0.715188,0.130566,4.03705,0.285952,0,-0.0686373,9.48555,0.314176,99.4339,-0.0686373,-0.455697,-0.12042902410030365,-0.9927339553833008,0.159594,999,,,,,,,89.5,4.710526315,89.5,4.710526315,,,,,,,,,,,,,,,,,,,"Mickey Gasper","24759",681508
"Jorge Barrosa","ARI",29,126,113,25,16,7,1,2,14,12,11,0,30,1,1,1,,2,1,0.223677,0.0837752,0.235014,0.356469,0.293228,0.340825,0.280326,0.634053,0.117147,4.82621,0.286477,0,-0.279837,11.5753,-3.35857,76.6329,-0.279837,1.74373,-3.780154675245285,1.1117843985557556,0.157508,999,,,,,,,108.8,3.751724137,108.8,3.751724137,,,,,,,,,,,,,,,,,,,"Jorge Barrosa","23968",678489
"Bryce Eldridge","SFG",60,258,233,53,30,12,0,10,24,34,22,2,80,2,1,0,,0,0,0.228221,0.0853541,0.310155,0.275198,0.298739,0.417268,0.307306,0.716007,0.189047,1.94692,0.297483,0,-0.447918,29.3252,-1.20619,98.4928,-0.447918,-0.349023,-0.9095157086849213,-6.170010954141617,0.155842,999,,,,,,,264.6,4.41,264.6,4.41,,,,,,,,,,,,,,,,,,,"Bryce Eldridge","33390",805811
"Hao-Yu  Lee","DET",9,40,36,8,6,2,0,1,5,5,3,0,9,1,0,0,,1,0,0.234408,0.0803768,0.217734,0.369152,0.306705,0.374911,0.299386,0.681617,0.140503,6.11852,0.283631,0,0.0202968,4.25597,-0.441168,90.5291,0.0202968,0.257386,-0.42344922944903374,0.3993612229824066,0.137601,999,,,,,,,37.9,4.211111111,37.9,4.211111111,,,,,,,,,,,,,,,,,,,"Hao-Yu  Lee","30080",701678
"Nick Allen","HOU",27,118,106,24,19,4,0,1,12,9,9,0,23,1,1,2,,2,1,0.227628,0.0755979,0.195073,0.387537,0.290495,0.299133,0.26506,0.589627,0.0715041,4.16471,0.280001,0,-0.249131,9.36202,-4.60685,67.7088,-0.249131,1.27474,-4.748538598418236,2.0136314630508423,0.136727,999,,,,,,,80.4,2.977777777,80.4,2.977777777,,,,,,,,,,,,,,,,,,,"Nick Allen","22277",669397
"Justin Foscue","TEX",21,90,81,18,11,4,0,3,10,11,7,0,16,1,1,0,,1,0,0.224327,0.0828546,0.172112,0.4814,0.298707,0.37984,0.298178,0.678547,0.155513,3.89409,0.246133,0,-0.0959478,9.57064,-1.08981,91.3525,-0.0959478,-0.437095,-1.0154968351125717,-0.7593168914318085,0.136302,999,,,,,,,85.5,4.071428571,85.5,4.071428571,,,,,,,,,,,,,,,,,,,"Justin Foscue","27501",679822
"Jett Williams","MIL",11,46,40,9,5,2,1,1,6,6,5,0,12,0,0,0,,1,1,0.228745,0.101604,0.270945,0.375,0.314286,0.396761,0.311497,0.711047,0.168016,7.30401,0.301205,0,-0.00859164,5.36407,-0.0580565,99.7251,-0.00859164,-0.453985,-0.023542209528386593,-0.2172563374042511,0.131674,999,,,,,,,45.4,4.127272727,45.4,4.127272727,,,,,,,,,,,,,,,,,,,"Jett Williams","sa3020134",702518
"Thairo Estrada",,14,60,56,13,9,2,0,1,7,7,2,0,12,1,0,0,,1,1,0.241935,0.0401003,0.200501,0.2,0.285714,0.370968,0.286774,0.656682,0.129032,4.61129,0.280702,0,-0.0915239,5.77333,-1.27237,81.707,-0.0915239,0.432121,-1.3807617351412773,0.6450841575860977,0.131338,999,,,,,,,40.1,2.864285714,40.1,2.864285714,,,,,,,,,,,,,,,,,,,"Thairo Estrada","16426",642731
"George Valera","CLE",35,153,137,32,21,7,0,5,17,18,14,0,43,1,1,0,,0,0,0.234456,0.0912362,0.283545,0.321769,0.307154,0.388661,0.305192,0.695814,0.154204,2.78206,0.306331,0,-0.319337,17.0682,-0.974875,95.9637,-0.319337,-0.183427,-1.0457867085933685,-2.945464074611664,0.129679,748.3099975585938,,,,,,,154.5,4.414285714,154.5,4.414285714,,,,,,,,,,,,,,,,,,,"George Valera","22541",671655
"Jace Jung","DET",11,50,43,10,6,2,0,2,6,6,6,0,12,0,0,0,,0,0,0.22729,0.122205,0.251327,0.486239,0.324618,0.392436,0.315745,0.717054,0.165146,3.45842,0.281548,0,-0.100058,5.97993,0.108515,101.798,-0.100058,0.141869,0.005233794450759888,-0.46152588725090027,0.128397,999,,,,,,,55.6,5.054545454,55.6,5.054545454,,,,,,,,,,,,,,,,,,,"Jace Jung","31437",690291
"Andrew McCutchen","TEX",37,160,139,31,21,6,0,4,17,17,19,1,40,1,1,0,,1,1,0.224597,0.120341,0.25083,0.479769,0.3226,0.359732,0.303331,0.682332,0.135135,2.2983,0.281249,0,-0.341586,17.6856,-1.26632,94.9026,-0.341586,0.0370593,-1.3052180707454681,-2.9703481197357178,0.12769,999,,,,,,,148.7,4.018918918,148.7,4.018918918,,,,,,,,,,,,,,,,,,,"Andrew McCutchen","9847",457705
"Jorbit Vivas","WSN",33,144,126,29,22,5,1,1,17,12,13,0,19,4,1,1,,2,1,0.232815,0.0907016,0.134774,0.672991,0.322752,0.320035,0.29071,0.642787,0.0872194,4.71807,0.263235,0,-0.337931,14.4127,-2.6144,84.7507,-0.337931,0.268489,-2.9424148201942444,-0.6366040706634521,0.124683,999,,,,,,,118,3.575757575,118,3.575757575,,,,,,,,,,,,,,,,,,,"Jorbit Vivas","23917",678391
"Ronny Mauricio","NYM",10,45,42,10,7,2,0,1,5,5,3,0,12,0,0,0,,1,0,0.241206,0.0575974,0.25657,0.22449,0.288174,0.394171,0.293861,0.682345,0.152965,4.88987,0.296696,0,0.0463388,4.62721,-0.703019,90.1901,0.0463388,0.355915,-0.47815681621432304,0.19480359554290771,0.12467,999,,,,,,,40.1,4.01,40.1,4.01,,,,,,,,,,,,,,,,,,,"Ronny Mauricio","23698",677595
"Bryce Johnson","SDP",16,70,61,14,10,3,0,1,8,7,6,0,19,1,0,1,,3,1,0.230127,0.0862523,0.275856,0.312671,0.309529,0.326613,0.285677,0.636142,0.0964862,6.63891,0.320907,0,0.20497,6.73161,-1.55985,85.0215,0.20497,0.243996,-1.0407844930887222,-0.07822589576244354,0.12454,999,,,,,,,59.4,3.7125,59.4,3.7125,,,,,,,,,,,,,,,,,,,"Bryce Johnson","20002",669369
"Jose Iglesias",,17,75,69,17,13,3,0,1,7,7,4,0,13,1,0,0,,1,0,0.253205,0.0501475,0.171091,0.293103,0.302671,0.339744,0.284753,0.642414,0.0865385,3.17802,0.297619,0,-0.078595,7.09436,-1.71277,80.3187,-0.078595,-0.071134,-1.8124439045786858,0.4790203124284744,0.121832,999,,,,,,,61.2,3.6,61.2,3.6,,,,,,,,,,,,,,,,,,,"Jose Iglesias","10231",578428
"Blaine Crim","COL",17,75,67,18,11,4,0,2,9,9,6,0,15,1,1,0,,0,0,0.264228,0.0852995,0.201452,0.423423,0.333938,0.441057,0.334715,0.774995,0.176829,3.97861,0.304348,0,-0.0939005,10.1179,1.3108,101.223,-0.0939005,0.128372,0.014132894575595856,-1.3091278970241547,0.1214,999,,,,,,,85.2,5.011764705,85.2,5.011764705,,,,,,,,,,,,,,,,,,,"Blaine Crim","25714",688760
"Edgar Quero","CHW",44,181,160,38,30,6,0,3,14,20,16,0,36,3,2,0,,0,0,0.237643,0.0863084,0.199083,0.433531,0.313038,0.327376,0.287503,0.640414,0.0897339,1.31345,0.285841,0,-0.404345,17.5913,-3.7465,82.3364,-0.404345,-1.05711,-4.1639304459095,-0.8780965805053711,0.120418,475.1000061035156,,,,,,,155.4,3.531818181,155.4,3.531818181,,,,,,,,,,,,,,,,,,,"Edgar Quero","28022",700337
"Cody Freeman","TEX",19,80,74,18,12,4,0,2,9,9,4,0,13,0,1,0,,1,0,0.242171,0.0541586,0.156673,0.345679,0.285437,0.382046,0.28904,0.667483,0.139875,4.03092,0.262211,0,-0.115027,7.9123,-1.56366,85.0583,-0.115027,-0.382984,-1.527343712747097,-0.096564382314682,0.116421,999,,,,,,,71.1,3.742105263,71.1,3.742105263,,,,,,,,,,,,,,,,,,,"Cody Freeman","25629",683227
"Rodolfo Durán","SDP",8,32,29,7,4,1,0,1,4,4,2,0,8,0,0,0,,0,0,0.225442,0.0555945,0.24552,0.226436,0.274535,0.382208,0.285261,0.656744,0.156766,4.0738,0.271341,0,-0.00335193,3.06648,-0.723902,84.7367,-0.00335193,0.0210121,-0.583666087128222,0.6475553587079048,0.115807,999,,,,,,,28.5,3.5625,28.5,3.5625,,,,,,,,,,,,,,,,,,,"Rodolfo Duran","20958",660710
"Triston Casas","BOS",13,55,48,11,7,2,0,2,6,7,7,0,14,0,0,0,,0,0,0.23871,0.128134,0.253482,0.505495,0.339833,0.425806,0.33303,0.765639,0.187097,0.932952,0.291262,0,-0.0902367,7.40892,0.894197,109.76,-0.0902367,-0.0857391,0.5440013334155083,-1.3209242820739746,0.114776,746.0599975585938,,,,,,,59.2,4.553846153,59.2,4.553846153,,,,,,,,,,,,,,,,,,,"Triston Casas","22514",671213
"Braxton Fulford","COL",7,27,24,6,4,1,0,1,3,4,2,0,7,1,0,0,,0,0,0.238471,0.0715116,0.269523,0.265327,0.312168,0.395934,0.310692,0.708103,0.157464,4.92189,0.306449,0,-0.0437603,3.16858,-0.0523069,84.766,-0.0437603,0.21492,-0.5359375886619091,0.7473270446062088,0.11448,999,,,,,,,30.9,4.414285714,30.9,4.414285714,,,,,,,,,,,,,,,,,,,"Braxton Fulford","29704",690924
"Blake Dunn","CIN",10,45,39,9,7,1,0,1,6,5,4,0,12,1,0,1,,2,0,0.244055,0.0913021,0.27804,0.328378,0.335216,0.363162,0.312577,0.698378,0.119107,6.35038,0.332917,0,0.171893,5.26691,-0.0173681,94.8302,0.171893,-0.0743231,-0.1021338701248169,-0.26953911781311035,0.11431,999,,,,,,,42.5,4.25,42.5,4.25,,,,,,,,,,,,,,,,,,,"Blake Dunn","29487",694362
"Ryan Kreidler","MIN",17,75,64,13,8,3,0,2,8,7,8,0,22,1,0,1,,2,1,0.202813,0.112827,0.300212,0.375824,0.303958,0.332481,0.286457,0.636438,0.129668,5.44867,0.282624,0,-0.0684995,7.19747,-1.60966,81.1151,-0.0684995,0.187946,-1.7275479659438133,0.24118679761886597,0.110549,999,,,,,,,64.3,3.782352941,64.3,3.782352941,,,,,,,,,,,,,,,,,,,"Ryan Kreidler","25867",668952
"Heriberto Hernández","MIA",33,144,126,28,17,5,1,5,16,19,15,0,41,2,1,0,,2,1,0.222483,0.107253,0.287205,0.373437,0.313282,0.389443,0.309642,0.702725,0.16696,4.70014,0.288292,0,-0.0859862,16.6278,-0.399296,96.359,-0.0859862,-0.495883,-0.7078405395150185,-3.033691644668579,0.108056,999,,,,,,,150,4.545454545,150,4.545454545,,,,,,,,,,,,,,,,,,,"Heriberto Hernandez","24878",681715
"Nate Eaton","BOS",10,45,41,10,7,2,0,1,6,5,3,0,11,1,0,0,,2,0,0.245192,0.0655022,0.244541,0.267857,0.303297,0.387019,0.301623,0.690316,0.141827,6.41146,0.309764,0,0.0865821,4.91153,-0.418699,88.1247,0.0865821,0.303097,-0.544810526072979,0.03457823395729065,0.106741,999,,,,,,,46,4.6,46,4.6,,,,,,,,,,,,,,,,,,,"Nate Eaton","25055",681987
"Brett Harris","ATH",8,35,31,7,5,1,0,1,4,4,3,0,7,1,0,0,,0,0,0.233206,0.0927605,0.200273,0.46317,0.319864,0.356833,0.302115,0.676697,0.123627,4.0167,0.276317,0,-0.0438764,3.83408,-0.31165,89.8401,-0.0438764,0.387553,-0.4640248604118824,0.2980467453598976,0.106641,999,,,,,,,32.5,4.0625,32.5,4.0625,,,,,,,,,,,,,,,,,,,"Brett Harris","29788",695391
"Gabriel Gonzalez","MIN",8,35,32,9,6,2,0,1,4,4,2,0,6,1,0,0,,0,0,0.272541,0.0598131,0.175701,0.340426,0.327103,0.420082,0.324702,0.747185,0.147541,3.86636,0.314433,0,-0.0697998,4.4389,0.328911,107.461,-0.0697998,-0.0314453,0.23606252670288086,-0.404130507260561,0.105362,999,,,,,,,42.6,5.325,42.6,5.325,,,,,,,,,,,,,,,,,,,"Gabriel Gonzalez","sa3015723",694224
"Reese McGuire",,14,55,50,11,8,2,0,1,4,6,3,0,12,1,0,1,,0,0,0.218714,0.0559905,0.222906,0.251185,0.272265,0.328841,0.265982,0.601106,0.110127,2.25663,0.26231,0,-0.0352023,4.35814,-2.08364,67.4241,-0.0352023,0.224204,-2.1342678740620613,1.289018601179123,0.102418,999,,,,,,,38.8,2.771428571,38.8,2.771428571,,,,,,,,,,,,,,,,,,,"Reese McGuire","15674",624512
"Mike Tauchman","NYM",12,50,43,10,7,2,0,1,6,5,6,0,12,1,0,0,,0,0,0.236527,0.121134,0.244845,0.494737,0.337629,0.371257,0.315606,0.708886,0.134731,3.92625,0.301724,0,-0.0640872,6.02626,0.10379,105.086,-0.0640872,0.0595963,0.23806237429380417,-0.9070703685283661,0.102287,999,,,,,,,49.2,4.1,49.2,4.1,,,,,,,,,,,,,,,,,,,"Mike Tauchman","15274",643565
"Tyler Austin","CHC",20,84,75,18,12,4,0,2,10,9,8,0,19,1,1,0,,2,0,0.24038,0.0942898,0.220783,0.427069,0.319106,0.389003,0.310421,0.708109,0.148623,4.5427,0.287519,0,-0.0198237,9.80073,-0.180676,100.026,-0.0198237,0,-0.017257465980947018,-1.8279321193695068,0.0989606,999,,,,,,,87,4.35,87,4.35,,,,,,,,,,,,,,,,,,,"Tyler Austin","11850",592122
"Jared Oliva","SFG",6,25,23,5,4,1,0,0,4,3,1,0,6,0,0,0,,2,0,0.237065,0.0600648,0.223133,0.269188,0.296548,0.366548,0.291255,0.663096,0.129483,8.96008,0.292116,0,0.255141,2.49595,-0.439757,87.4976,0.255141,0.364788,-0.1130203902721405,0.2405594438314438,0.0976802,999,,,,,,,14.7,2.45,14.7,2.45,,,,,,,,,,,,,,,,,,,"Jared Oliva","19968",666931
"Bryce Teodosio","LAA",16,70,64,14,10,2,1,1,7,6,4,0,23,1,0,1,,4,1,0.219612,0.0533999,0.330029,0.161804,0.273836,0.315752,0.2616,0.589588,0.09614,7.74797,0.326966,0,0.343621,5.31368,-2.90631,63.5722,0.343621,1.22059,-2.6432382464408875,1.185100570321083,0.0959288,999,,,,,,,55.1,3.44375,55.1,3.44375,,,,,,,,,,,,,,,,,,,"Bryce Teodosio","29524",669326
"Zach Dezenzo","HOU",19,84,76,19,12,4,0,3,11,10,6,0,25,1,0,0,,1,0,0.243366,0.0728783,0.30361,0.240039,0.304495,0.402265,0.308214,0.706761,0.1589,3.95226,0.326878,0,-0.0170227,9.56548,-0.329136,97.4363,-0.0170227,-0.781351,-0.27005466260015965,-1.678573489189148,0.0956819,999,,,,,,,93.1,4.9,93.1,4.9,,,,,,,,,,,,,,,,,,,"Zach Dezenzo","31562",701305
"Brett Sullivan","COL",30,118,108,25,16,6,1,2,13,12,8,0,20,1,1,0,,1,1,0.233899,0.0700589,0.170925,0.40988,0.291265,0.361208,0.285929,0.652473,0.127309,5.01215,0.270327,0,-0.172924,11.3557,-2.60154,67.8027,-0.172924,-0.663505,-4.680573225021362,1.6435943245887756,0.0916406,999,,,,,,,100,3.333333333,100,3.333333333,,,,,,,,,,,,,,,,,,,"Brett Sullivan","18217",664954
"Christian Koss","SFG",6,25,23,6,4,1,0,0,3,3,1,0,6,0,0,0,,0,0,0.248926,0.0494108,0.223752,0.220828,0.298467,0.366176,0.29183,0.664643,0.11725,4.99795,0.308364,0,-0.039536,2.50755,-0.428162,87.8914,-0.039536,0.26291,-0.39610202983021736,0.42263244092464447,0.0873457,999,,,,,,,16.5,2.75,16.5,2.75,,,,,,,,,,,,,,,,,,,"Christian Koss","27653",683766
"Jhonny Pereda","SEA",8,32,28,7,5,1,0,0,3,3,3,0,8,0,0,0,,0,0,0.23314,0.099171,0.250181,0.396396,0.310849,0.312908,0.281489,0.623757,0.0797679,2.22999,0.310315,0,-0.0318143,2.91707,-0.807965,84.9826,-0.0318143,-0.261555,-0.5898169279098511,0.35418614745140076,0.08697,999,,,,,,,23.1,2.8875,23.1,2.8875,,,,,,,,,,,,,,,,,,,"Jhonny Pereda","19802",640902
"Leo De Vries","ATH",12,50,45,10,6,3,0,1,6,6,4,0,13,1,0,0,,1,0,0.225532,0.082218,0.254302,0.323308,0.298851,0.382979,0.297581,0.681829,0.157447,4.99003,0.285276,0,-0.13166,5.29274,-0.629734,86.7166,-0.13166,-0.251333,-0.9163919240236282,0.03508642315864563,0.0864357,999,,,,,,,46,3.833333333,46,3.833333333,,,,,,,,,,,,,,,,,,,"Leo De Vries","sa3023363",815888
"Max Schuemann","NYY",8,35,30,7,5,1,0,1,4,4,4,0,8,1,0,0,,1,0,0.224244,0.112922,0.224708,0.502528,0.329105,0.331549,0.299513,0.660654,0.107305,5.75003,0.285263,0,-0.0118748,3.72756,-0.382434,91.9956,-0.0118748,-0.287013,-0.3400302520021796,-0.020809143781661987,0.0856389,999,,,,,,,38.4,4.8,38.4,4.8,,,,,,,,,,,,,,,,,,,"Max Schuemann","24488",680474
"Wenceel Pérez","DET",72,313,284,65,43,12,3,7,39,36,24,0,64,2,2,1,,8,3,0.226755,0.076564,0.205723,0.372171,0.290771,0.366224,0.288386,0.656995,0.139469,6.29066,0.266494,0,-0.0391511,30.7199,-6.27007,82.9517,-0.0391511,-0.765506,-6.329521540552378,-3.6227592825889587,0.0847728,748.5399780273438,,,,,,,282.5,3.923611111,282.5,3.923611111,,,,,,,,,,,,,,,,,,,"Wenceel Perez","22857",672761
"Vidal Bruján","NYM",8,35,31,7,5,1,0,0,4,3,3,0,7,0,0,0,,1,1,0.228309,0.0827897,0.207583,0.398827,0.301426,0.329364,0.280481,0.63079,0.101055,5.92972,0.280859,0,-0.110441,3.21779,-0.927942,81.0245,-0.110441,0.280242,-0.899531751871109,0.5487601459026337,0.0836258,999,,,,,,,19.2,2.4,19.2,2.4,,,,,,,,,,,,,,,,,,,"Vidal Brujan","20536",660644
"David Fry","CLE",24,102,90,20,12,4,0,3,11,13,9,0,28,2,1,0,,1,0,0.217539,0.0929286,0.271522,0.342251,0.302081,0.382461,0.299722,0.684542,0.164922,3.66491,0.271679,0,-0.0364293,10.9217,-1.10152,92.1957,-0.0364293,-0.0828605,-0.9724045768380165,-1.718971624970436,0.0831626,999,,,,,,,96.7,4.029166666,96.7,4.029166666,,,,,,,,,,,,,,,,,,,"David Fry","24934",681807
"Nick Yorke","PIT",15,65,59,15,11,3,0,1,7,6,5,0,14,1,0,0,,1,1,0.247416,0.0705262,0.221784,0.317995,0.305715,0.350784,0.289616,0.656499,0.103368,4.63638,0.309136,0,-0.0651418,6.40351,-1.22933,82.098,-0.0651418,0.100846,-1.435773216187954,0.08309954404830933,0.081646,999,,,,,,,60.2,4.013333333,60.2,4.013333333,,,,,,,,,,,,,,,,,,,"Nick Yorke","27504",694377
"Johan Rojas","PHI",7,30,27,7,5,1,0,0,4,3,2,0,6,0,0,1,,2,0,0.242347,0.053613,0.216783,0.247312,0.289786,0.331633,0.274567,0.621419,0.0892857,7.77596,0.306397,0,0.188227,2.59118,-0.931667,72.0621,0.188227,0.488049,-0.7990081310272217,0.5945302471518517,0.080637,999,,,,,,,24.9,3.557142857,24.9,3.557142857,,,,,,,,,,,,,,,,,,,"Johan Rojas","24336",679032
"Yohandy Morales","WSN",17,75,68,17,11,3,0,1,9,8,6,0,22,1,0,0,,1,0,0.24359,0.0740741,0.296296,0.25,0.304094,0.371795,0.29608,0.675888,0.128205,4.46834,0.33657,0,-0.115951,7.77984,-1.02729,88.4295,-0.115951,0.506371,-1.1381140127778053,-0.5761907696723938,0.0784992,999,,,,,,,68.2,4.011764705,68.2,4.011764705,,,,,,,,,,,,,,,,,,,"Yohandy Morales","sa3022672",691002
"Santiago Espinal","LAD",16,70,64,15,12,3,0,1,7,7,4,0,9,0,0,1,,1,0,0.242223,0.0640917,0.132553,0.483516,0.294096,0.328902,0.276453,0.622998,0.0866791,3.32159,0.269609,0,-0.0750892,6.15261,-2.06737,75.4736,-0.0750892,0.260728,-2.0973488986492157,0.5446790158748627,0.0781102,999,,,,,,,52,3.25,52,3.25,,,,,,,,,,,,,,,,,,,"Santiago Espinal","19997",669289
"Tanner Murray","CHW",9,40,37,9,6,2,0,1,4,4,2,0,9,0,0,0,,0,0,0.236818,0.0499954,0.230735,0.216679,0.281649,0.357262,0.278983,0.638911,0.120444,3.29307,0.291481,0,-0.0721754,3.62873,-1.10925,76.4678,-0.0721754,0.469785,-1.1843322664499283,0.5413903594017029,0.0755024,999,,,,,,,34.6,3.844444444,34.6,3.844444444,,,,,,,,,,,,,,,,,,,"Tanner Murray","28848",695020
"Nick Sogard","BOS",15,65,57,14,10,3,0,1,8,6,7,0,13,1,0,0,,1,1,0.243662,0.105097,0.203579,0.516245,0.328192,0.337524,0.299089,0.665716,0.0938613,4.6734,0.304261,0,-0.0407584,6.96033,-0.738885,86.3787,-0.0407584,-0.419798,-1.0868672467768192,-0.43769873678684235,0.0736034,999,,,,,,,62.6,4.173333333,62.6,4.173333333,,,,,,,,,,,,,,,,,,,"Nick Sogard","25483",686765
"Jacob Melton","TBR",14,61,56,12,8,2,0,2,8,7,4,0,17,0,0,0,,3,1,0.218935,0.0733696,0.277174,0.264706,0.279891,0.366864,0.283594,0.646755,0.147929,6.34176,0.278761,0,0.206182,5.7171,-1.45114,79.0186,0.206182,0.271742,-1.2940427660942078,-0.08936917781829834,0.0722118,727.5700073242188,,,,,,,50.7,3.621428571,50.7,3.621428571,,,,,,,,,,,,,,,,,,,"Jacob Melton","31661",689200
"Kameron Misner","KCR",5,20,17,4,2,1,0,0,2,2,2,0,6,0,0,0,,1,0,0.217722,0.110865,0.310421,0.357143,0.308889,0.374684,0.302003,0.683572,0.156962,6.89386,0.304878,0,0.0569182,2.17021,-0.178362,89.5655,0.0569182,0.198276,-0.18752990290522575,0.1982758641242981,0.0711322,999,,,,,,,16.2,3.24,16.2,3.24,,,,,,,,,,,,,,,,,,,"Kameron Misner","26374",670224
"Josh Rojas","KCR",7,30,26,6,4,1,0,0,3,3,3,0,6,0,0,0,,1,0,0.238095,0.103352,0.212291,0.486842,0.317416,0.35873,0.298816,0.676146,0.120635,4.91133,0.292373,0,0.0172077,3.17816,-0.344687,87.3701,0.0172077,-0.0265385,-0.4266085624694824,0.07994301617145538,0.0695809,999,,,,,,,21.4,3.057142857,21.4,3.057142857,,,,,,,,,,,,,,,,,,,"Josh Rojas","19734",668942
"César Prieto","STL",12,50,46,12,8,3,0,1,6,5,2,0,8,1,0,0,,1,1,0.257009,0.0457512,0.150078,0.30485,0.299668,0.370093,0.293085,0.669761,0.113084,3.90165,0.290431,0,-0.23431,5.10978,-0.812698,88.5057,-0.23431,-0.324247,-0.9171489030122757,-0.07362964749336243,0.0693655,999,,,,,,,47.4,3.95,47.4,3.95,,,,,,,,,,,,,,,,,,,"Cesar Prieto","30163",693409
"Will Brennan","SFG",9,40,37,10,7,2,0,1,4,4,2,0,5,0,0,0,,1,0,0.272566,0.0494922,0.128822,0.384191,0.312582,0.386599,0.304112,0.699182,0.114033,4.10213,0.300218,0,-0.108255,4.40849,-0.288642,96.3051,-0.108255,0.0533416,-0.28234365582466125,-0.37258434668183327,0.0684028,999,,,,,,,42.1,4.677777777,42.1,4.677777777,,,,,,,,,,,,,,,,,,,"Will Brennan","25660",686823
"Gio Urshela",,6,25,23,6,4,1,0,0,2,3,2,0,5,0,0,0,,0,0,0.262626,0.0674847,0.187117,0.360656,0.311728,0.377104,0.300992,0.688833,0.114478,2.54547,0.310638,0,-0.0552129,2.69237,-0.243342,91.474,-0.0552129,0.04375,-0.3055826462805271,0.1324845664203167,0.068376,999,,,,,,,19.5,3.25,19.5,3.25,,,,,,,,,,,,,,,,,,,"Gio Urshela","10681",570482
"Tyrone Taylor","NYM",28,120,111,25,15,6,1,3,13,14,5,0,27,2,1,1,,3,1,0.223684,0.0438698,0.220948,0.198552,0.272711,0.371152,0.279362,0.643863,0.147468,6.18613,0.268224,0,0.0593849,10.9232,-3.29075,80.2583,0.0593849,0.273767,-2.755304779857397,-0.5854921042919159,0.0679575,999,,,,,,,104.2,3.721428571,104.2,3.721428571,,,,,,,,,,,,,,,,,,,"Tyrone Taylor","13675",621438
"Will Wagner","SDP",3,15,13,3,2,1,0,0,2,1,1,0,3,0,0,0,,0,0,0.250737,0.0966057,0.174935,0.552239,0.329843,0.362832,0.308278,0.692675,0.112094,3.27488,0.294776,0,-0.0347777,1.71842,-0.0583266,100.504,-0.0347777,0.0994286,-0.025797653011977673,0.15313227474689484,0.0642483,999,,,,,,,9.7,3.233333333,9.7,3.233333333,,,,,,,,,,,,,,,,,,,"Will Wagner","29634",695238
"Tyler Locklear","ARI",7,30,27,7,4,1,0,1,4,4,2,0,8,1,0,0,,1,0,0.251073,0.08,0.257143,0.311111,0.329524,0.407725,0.322936,0.737249,0.156652,5.40068,0.321875,0,0.00654214,3.82746,0.243344,105.822,0.00654214,0.00760976,0.21586595894768834,-0.60627910355106,0.0633797,999,,,,,,,35.4,5.057142857,35.4,5.057142857,,,,,,,,,,,,,,,,,,,"Tyler Locklear","31396",682988
"Carlos Santana","ARI",29,126,111,24,17,5,0,3,12,14,14,0,24,1,1,0,,1,0,0.219545,0.110772,0.189056,0.585921,0.309809,0.344043,0.291788,0.653852,0.124498,3.07631,0.252074,0,0.012573,12.7515,-2.18235,84.485,0.012573,0.977719,-2.3115222165361047,-1.2792254090309143,0.0631375,999,,,,,,,113,3.896551724,113,3.896551724,,,,,,,,,,,,,,,,,,,"Carlos Santana","2396",467793
"Michael Helman","TEX",5,20,18,4,2,1,0,1,3,2,1,0,5,0,0,0,,1,0,0.220963,0.0592784,0.234536,0.252747,0.277202,0.376771,0.284523,0.653973,0.155807,6.59172,0.262745,0,0.0454335,1.90454,-0.464453,81.9464,0.0454335,0.19952,-0.38118361681699753,0.3069274127483368,0.0630444,999,,,,,,,21.6,4.32,21.6,4.32,,,,,,,,,,,,,,,,,,,"Michael Helman","24605",680737
"Justyn-Henry Malloy","TBR",6,25,21,5,3,1,0,1,3,3,3,0,7,0,0,0,,0,0,0.245902,0.129225,0.262425,0.492424,0.351889,0.395785,0.331918,0.747673,0.149883,2.75844,0.319298,0,-0.0477348,3.37389,0.387128,112.308,-0.0477348,-0.0306,0.3189409524202347,-0.5903222449123859,0.0612977,999,,,,,,,28.3,4.716666666,28.3,4.716666666,,,,,,,,,,,,,,,,,,,"Justyn-Henry Malloy","29606",669234
"Otto Kemp","PHI",10,45,39,9,6,2,0,1,6,6,3,0,13,2,0,0,,1,0,0.233044,0.0707839,0.284299,0.248977,0.317863,0.394687,0.313463,0.71255,0.161643,5.51635,0.307063,0,-0.0903407,5.29909,0.0148171,98.707,-0.0903407,-0.430452,-0.15887613594532013,-0.767643541097641,0.0575419,999,,,,,,,43.5,4.35,43.5,4.35,,,,,,,,,,,,,,,,,,,"Otto Kemp","31792",805249
"Dom Keegan","TBR",4,14,12,3,2,1,0,0,1,2,1,0,4,0,0,0,,0,0,0.228571,0.0745501,0.282776,0.263636,0.293059,0.374286,0.291755,0.667345,0.145714,2.78806,0.297872,0,-0.020003,1.39865,-0.239801,84.6409,-0.020003,0.0821489,-0.2710238955914974,0.3529822826385498,0.057243,999,,,,,,,10.7,2.675,10.7,2.675,,,,,,,,,,,,,,,,,,,"Dom Keegan","sa3020194",681371
"Aidan Miller","PHI",5,20,18,4,3,1,0,0,2,2,2,0,5,0,0,0,,1,0,0.228814,0.100746,0.272388,0.369863,0.31903,0.358051,0.302459,0.677081,0.129237,6.12844,0.306962,0,0.022999,2.17758,-0.170991,91.1691,0.022999,-0.0268333,-0.1850375011563301,0.07964815199375153,0.0569224,999,,,,,,,15.2,3.04,15.2,3.04,,,,,,,,,,,,,,,,,,,"Aidan Miller","sa3022609",805795
"Michael Stefanic","ATH",2,10,9,2,2,0,0,0,1,1,1,0,1,0,0,0,,0,0,0.283094,0.0970239,0.10769,0.900952,0.367387,0.363273,0.328239,0.73066,0.0801787,2.91805,0.312493,0,-0.0399302,1.30808,0.123587,107.836,-0.0399302,0.1222,0.05265725031495094,0.15800286829471588,0.056874,999,,,,,,,5.2,2.6,5.2,2.6,,,,,,,,,,,,,,,,,,,"Michael Stefanic","25353",683021
"Heston Kjerstad","BAL",10,45,40,10,6,2,0,1,5,6,3,0,12,1,0,0,,0,0,0.242424,0.0648379,0.261845,0.247619,0.306733,0.402204,0.308294,0.708937,0.15978,4.30659,0.305221,0,-0.0680615,5.11142,-0.17286,98.3607,-0.0680615,0,-0.15446990728378296,-0.8341049551963806,0.0564301,999,,,,,,,43.2,4.32,43.2,4.32,,,,,,,,,,,,,,,,,,,"Heston Kjerstad","31166",677008
"Jhostynxon Garcia","PIT",26,114,104,25,16,4,1,3,15,12,7,0,32,1,1,0,,1,0,0.235426,0.0655738,0.282787,0.231884,0.293635,0.390135,0.297973,0.683769,0.154709,5.70678,0.306397,0,-0.0746661,12.1047,-1.39951,87.8227,-0.0746661,-0.234752,-1.724175103008747,-1.5302767753601074,0.056333,999,,,,,,,107.4,4.13076923,107.4,4.13076923,,,,,,,,,,,,,,,,,,,"Jhostynxon Garcia","28142",691373
"John Rave","KCR",15,65,57,13,8,3,1,1,8,7,6,0,17,0,0,1,,2,1,0.235431,0.0924025,0.262834,0.351562,0.310417,0.384615,0.304962,0.695032,0.149184,6.66659,0.307167,0,0.0825781,7.20839,-0.424454,91.6042,0.0825781,-0.147857,-0.5566570609807968,-1.1239373683929443,0.0556606,999,,,,,,,58.6,3.906666666,58.6,3.906666666,,,,,,,,,,,,,,,,,,,"John Rave","26284",670231
"Alek Thomas","LAD",7,30,28,7,4,1,0,1,4,3,2,0,7,0,0,0,,1,0,0.237505,0.0522278,0.227444,0.22963,0.284183,0.381795,0.289556,0.665978,0.14429,5.94803,0.289331,0,0.00186116,2.95401,-0.568839,84.4494,0.00186116,0.132143,-0.5476449062116444,0.09664928168058395,0.0554151,746.030029296875,,,,,,,31.4,4.485714285,31.4,4.485714285,,,,,,,,,,,,,,,,,,,"Alek Thomas","23792",677950
"Ryan Ward","LAD",5,20,18,4,2,1,0,1,3,3,2,0,5,0,0,0,,0,0,0.229467,0.0773174,0.256706,0.30119,0.291545,0.430439,0.309889,0.721984,0.200972,5.11089,0.268106,0,-0.0203977,2.29747,-0.0510985,98.3781,-0.0203977,0.18465,-0.058607300743460655,-0.0638069212436676,0.0551806,999,,,,,,,22.7,4.54,22.7,4.54,,,,,,,,,,,,,,,,,,,"Ryan Ward","27449",669899
"Isiah Kiner-Falefa","BOS",27,115,106,27,21,4,0,1,12,11,6,0,18,1,1,1,,4,1,0.25498,0.0513261,0.152435,0.336709,0.301722,0.325854,0.278767,0.627576,0.0708744,5.36844,0.297569,0,0.200474,10.4123,-3.20938,72.3796,0.200474,-0.365414,-3.5524588376283646,0.11791956424713135,0.0547935,746.1500244140625,,,,,,,92,3.407407407,92,3.407407407,,,,,,,,,,,,,,,,,,,"Isiah Kiner-Falefa","16512",643396
"Kristian Campbell","BOS",6,25,22,5,4,1,0,0,3,3,2,0,6,1,0,0,,0,0,0.244399,0.0982143,0.258929,0.37931,0.335714,0.370672,0.315394,0.706386,0.126273,4.60803,0.324405,0,-0.0369394,3.00882,0.0475811,97.6105,-0.0369394,-0.168116,-0.10752127319574356,-0.22181964665651321,0.0546065,746.1400146484375,,,,,,,17.9,2.983333333,17.9,2.983333333,,,,,,,,,,,,,,,,,,,"Kristian Campbell","33644",692225
"Ben Malgeri","DET",6,25,22,5,3,1,0,1,3,3,2,0,7,0,0,0,,0,0,0.240437,0.0691358,0.283951,0.243478,0.306173,0.385246,0.301868,0.691419,0.144809,6.07027,0.322449,0,-0.0641339,2.71003,-0.225675,92.2384,-0.0641339,0.224524,-0.2914205640554428,-0.041679903864860535,0.0534606,999,,,,,,,24.3,4.05,24.3,4.05,,,,,,,,,,,,,,,,,,,"Ben Malgeri","sa3016975",701162
"MJ Melendez","NYM",31,135,123,27,15,6,1,5,16,17,11,0,41,1,1,0,,2,2,0.222493,0.0811893,0.304263,0.266839,0.289494,0.412082,0.303375,0.701576,0.189589,4.64096,0.286214,0,-0.401297,14.927,-1.06365,96.7077,-0.401297,-0.542563,-0.9293741881847382,-3.0666369795799255,0.0521413,999,,,,,,,132.5,4.274193548,132.5,4.274193548,,,,,,,,,,,,,,,,,,,"MJ Melendez","22197",669004
"Gabriel Rincones Jr.","PHI",7,30,26,6,3,1,0,1,4,4,3,0,8,0,0,0,,1,0,0.218605,0.102041,0.267347,0.381679,0.308163,0.376744,0.301189,0.684907,0.15814,5.13016,0.275261,0,0.000792612,3.23562,-0.28723,90.2991,0.000792612,0.1725,-0.34200618736213073,-0.14694444835186005,0.0515318,999,,,,,,,30.8,4.4,30.8,4.4,,,,,,,,,,,,,,,,,,,"Gabriel Rincones Jr.","sa3020758",687282
"Tyler Callihan","PIT",7,30,27,6,4,1,0,1,3,3,2,0,8,0,0,0,,1,0,0.231672,0.0738786,0.274406,0.269231,0.294906,0.357771,0.28778,0.652677,0.1261,6.04724,0.311688,0,0.0327969,2.91102,-0.611829,80.8402,0.0327969,0.113814,-0.6442478187382221,0.14930826425552368,0.0509191,999,,,,,,,26.8,3.828571428,26.8,3.828571428,,,,,,,,,,,,,,,,,,,"Tyler Callihan","27497",682997
"Walker Jenkins","MIN",5,20,18,4,3,1,0,0,2,2,2,0,4,0,0,0,,0,0,0.24269,0.0953608,0.213918,0.445783,0.324742,0.383041,0.312257,0.707783,0.140351,5.70441,0.295276,0,0.0174485,2.33569,-0.0128722,98.8883,0.0174485,-0.253258,-0.008594295009970665,-0.18227078020572662,0.0505049,999,,,,,,,13.3,2.66,13.3,2.66,,,,,,,,,,,,,,,,,,,"Walker Jenkins","sa3022894",805805
"Brock Wilken","MIL",5,20,18,3,2,1,0,1,2,2,3,0,7,0,0,0,,0,0,0.192192,0.126615,0.356589,0.355072,0.302326,0.357357,0.294926,0.659683,0.165165,2.9233,0.278689,0,-0.020424,2.10964,-0.300195,88.3736,-0.020424,0.0355269,-0.301460936665535,0.10836638882756233,0.0497153,999,,,,,,,20.1,4.02,20.1,4.02,,,,,,,,,,,,,,,,,,,"Brock Wilken","sa3022499",694385
"Abimelec Ortiz","WSN",26,114,103,23,15,4,1,4,14,14,9,0,31,1,1,0,,1,1,0.227368,0.0779468,0.269962,0.288732,0.294677,0.395789,0.300151,0.690466,0.168421,3.93316,0.282132,0,-0.298662,12.3069,-1.19738,91.2185,-0.298662,0.308955,-1.4881813824176788,-1.8384213149547577,0.0489511,999,,,,,,,109.8,4.223076923,109.8,4.223076923,,,,,,,,,,,,,,,,,,,"Abimelec Ortiz","sa3016926",694673
"Javier Báez","DET",40,174,165,39,26,8,1,4,19,20,6,0,41,2,1,0,,3,1,0.235341,0.0344038,0.235505,0.146086,0.269148,0.365663,0.275553,0.634811,0.130321,5.19187,0.286415,0,0.0775815,15.2544,-5.29553,74.1112,0.0775815,-1.47713,-5.22923219949007,-0.2880833148956299,0.0482961,740.6500244140625,,,,,,,146.8,3.67,146.8,3.67,,,,,,,,,,,,,,,,,,,"Javier Baez","12979",595879
"Rafael Flores Jr.","PIT",6,23,21,5,4,1,0,1,2,2,2,0,7,0,0,0,,0,0,0.251894,0.0777202,0.290155,0.267857,0.314335,0.395833,0.311069,0.710168,0.143939,3.12003,0.340058,0,-0.0121677,2.69709,-0.0373177,96.7939,-0.0121677,-0.471181,-0.10010547935962677,-0.2049768567085266,0.0476143,999,,,,,,,25.3,4.216666666,25.3,4.216666666,,,,,,,,,,,,,,,,,,,"Rafael Flores Jr.","31991",804668
"Tim Tawa","ARI",20,86,77,17,11,3,0,2,9,9,7,0,22,1,1,0,,1,1,0.214432,0.085078,0.25064,0.339443,0.286369,0.348913,0.280918,0.635283,0.134481,3.97312,0.265528,0,-0.18221,7.91248,-2.24252,77.0385,-0.18221,0.429235,-2.521117463707924,0.1222909688949585,0.0473209,748.489990234375,,,,,,,68.8,3.44,68.8,3.44,,,,,,,,,,,,,,,,,,,"Tim Tawa","29571",694374
"Juan Brito","CLE",6,25,22,5,3,1,0,1,3,3,2,0,5,0,0,0,,0,0,0.222388,0.0988046,0.214786,0.460015,0.307891,0.359471,0.295659,0.667362,0.137083,3.89644,0.26838,0,-0.0750943,2.56231,-0.34787,89.3967,-0.0750943,-0.0952953,-0.38289589434862137,-0.007332302629947662,0.0468545,999,,,,,,,24.3,4.05,24.3,4.05,,,,,,,,,,,,,,,,,,,"Juan Brito","26693",682877
"Elias Díaz","KCR",9,36,33,8,5,2,0,1,3,4,2,0,8,0,0,0,,0,0,0.232552,0.0655773,0.23057,0.284414,0.286258,0.360412,0.283586,0.646669,0.12786,1.86551,0.28501,0,-0.0515471,3.4249,-0.869624,76.8786,-0.0515471,-0.486569,-1.0420148633420467,0.22330787777900696,0.0442959,999,,,,,,,33,3.666666666,33,3.666666666,,,,,,,,,,,,,,,,,,,"Elias Diaz","11680",553869
"Bryan Torres","STL",5,20,17,5,4,1,0,0,2,2,2,0,3,0,0,0,,1,0,0.278061,0.117137,0.164859,0.710526,0.365044,0.357143,0.324273,0.722187,0.0790817,4.53817,0.332278,0,-0.0174461,2.55159,0.182599,109.87,-0.0174461,-0.329162,0.2170968297868967,-0.47237226366996765,0.0421759,999,,,,,,,21.8,4.36,21.8,4.36,,,,,,,,,,,,,,,,,,,"Bryan Torres","sa885119",663494
"Mason McCoy","SDP",3,15,13,3,2,1,0,0,2,1,1,0,5,0,0,0,,0,0,0.206806,0.0796253,0.316159,0.251852,0.274882,0.319372,0.263269,0.594253,0.112565,6.01401,0.296296,0,0.0134165,1.16892,-0.607817,69.6717,0.0134165,0.26177,-0.5270939413458109,0.42288103699684143,0.0405581,999,,,,,,,9.7,3.233333333,9.7,3.233333333,,,,,,,,,,,,,,,,,,,"Mason McCoy","22232",669200
"Adael Amador","COL",9,40,35,9,6,1,0,1,4,4,4,0,7,0,0,0,,1,1,0.246014,0.0985916,0.167002,0.590361,0.327935,0.369021,0.310091,0.696956,0.123007,4.51156,0.280347,0,-0.0590331,4.60148,-0.0956569,84.3548,-0.0590331,-0.278319,-0.7961677089333534,-0.13634401559829712,0.0400025,999,,,,,,,38.8,4.311111111,38.8,4.311111111,,,,,,,,,,,,,,,,,,,"Adael Amador","27962",691182
"Rob Refsnyder","SEA",31,133,116,25,16,5,0,4,15,15,13,0,39,2,2,0,,1,0,0.215112,0.101464,0.29057,0.349189,0.305648,0.359725,0.293982,0.665373,0.144613,3.21405,0.280855,0,-0.118768,13.6554,-2.05959,93.5884,-0.118768,-0.168902,-1.1238318607211113,-3.07168011367321,0.039357,999,,,,,,,123,3.967741935,123,3.967741935,,,,,,,,,,,,,,,,,,,"Rob Refsnyder","13770",608701
"Jordan Beck","COL",60,258,236,57,36,13,2,7,28,28,20,0,72,1,2,0,,7,3,0.243474,0.0787337,0.279173,0.282025,0.303831,0.40579,0.308262,0.709622,0.162316,5.51393,0.317298,0,-0.0729802,29.5257,-1.00565,83.1013,-0.0729802,-0.207219,-5.248239293694496,-2.97573721408844,0.0387502,232.9199981689453,,,,,,,266,4.433333333,266,4.433333333,,,,,,,,,,,,,,,,,,,"Jordan Beck","31431",687597
"Cooper Ingle","CLE",2,9,8,2,1,1,0,0,1,1,1,0,2,0,0,0,,0,0,0.226829,0.124211,0.195789,0.634409,0.327004,0.356098,0.305874,0.683102,0.129268,1.99177,0.273312,0,-0.0265109,1.01178,-0.0525149,96.4337,-0.0265109,-0.0452069,-0.06437208503484726,0.13071902841329575,0.0385247,999,,,,,,,9.1,4.55,9.1,4.55,,,,,,,,,,,,,,,,,,,"Cooper Ingle","sa3023069",694876
"Justin Turner",,20,84,74,18,12,4,0,2,9,9,8,0,16,1,1,0,,0,0,0.245232,0.0930788,0.188544,0.493671,0.324582,0.370572,0.306614,0.695155,0.125341,2.40904,0.284211,0,-0.144333,9.53967,-0.441737,95.3363,-0.144333,-0.014,-0.6099641621112823,-1.8774259705096483,0.0382017,999,,,,,,,84.2,4.21,84.2,4.21,,,,,,,,,,,,,,,,,,,"Justin Turner","5235",457759
"Miles Mastrobuoni","SEA",2,10,9,2,2,0,0,0,1,1,1,0,2,0,0,0,,0,0,0.240385,0.0994318,0.190341,0.522388,0.315186,0.333333,0.290107,0.64852,0.0929487,5.42443,0.292181,0,0.0161575,0.980516,-0.183556,90.9191,0.0161575,0.0881887,-0.0892854742705822,0.1233738623559475,0.0381995,999,,,,,,,5.2,2.6,5.2,2.6,,,,,,,,,,,,,,,,,,,"Miles Mastrobuoni","20017",670156
"Zack Short","DET",6,25,21,4,2,1,0,1,3,3,3,0,7,0,0,0,,0,0,0.189119,0.127338,0.287774,0.442494,0.301978,0.315686,0.281065,0.617664,0.126567,3.07255,0.252187,0,-0.0626614,2.29039,-0.645317,77.9081,-0.0626614,0.0245019,-0.7095894664525986,0.2197179514914751,0.0374209,999,,,,,,,22.7,3.783333333,22.7,3.783333333,,,,,,,,,,,,,,,,,,,"Zack Short","19562",670097
"Hayden Senger","NYM",12,46,41,8,6,1,0,1,4,4,3,0,14,1,0,1,,0,0,0.197871,0.0547465,0.30293,0.180723,0.259007,0.286711,0.245028,0.545718,0.08884,3.65423,0.277328,0,-0.0979821,2.88374,-2.53109,56.7385,-0.0979821,0.390672,-2.4477182775735855,1.2857332825660706,0.0372145,999,,,,,,,28.1,2.341666666,28.1,2.341666666,,,,,,,,,,,,,,,,,,,"Hayden Senger","21489",663584
"Nelson Velázquez","STL",10,45,41,9,5,2,0,2,5,6,4,0,12,0,0,0,,1,0,0.218837,0.0895522,0.261194,0.342857,0.293532,0.387812,0.297454,0.681344,0.168975,4.21262,0.263374,0,-0.0676553,4.75884,-0.571389,91.499,-0.0676553,0,-0.5221712291240692,-0.6265432238578796,0.0361332,748.5599975585938,,,,,,,47.9,4.79,47.9,4.79,,,,,,,,,,,,,,,,,,,"Nelson Velazquez","23359",676369
"Gage Workman","DET",7,30,27,6,3,1,0,1,4,4,2,0,11,0,0,0,,1,0,0.217664,0.0837449,0.366213,0.228678,0.286958,0.397754,0.297497,0.684712,0.180091,7.07766,0.320496,0,-0.0170517,3.14623,-0.376615,89.2275,-0.0170517,-0.420691,-0.39560072869062424,-0.2787158489227295,0.0360581,999,,,,,,,26.8,3.828571428,26.8,3.828571428,,,,,,,,,,,,,,,,,,,"Gage Workman","27573",669398
"Anthony Santander","TOR",3,15,13,3,2,1,0,1,2,2,1,0,3,0,0,0,,0,0,0.228381,0.0944882,0.228346,0.413793,0.309055,0.443459,0.324178,0.752514,0.215078,1.86785,0.249201,0,-0.0151845,1.91254,0.135797,108.462,-0.0151845,0,0.13478078786283731,-0.3043209910392761,0.0356352,748.4199829101562,,,,,,,19.1,6.366666666,19.1,6.366666666,,,,,,,,,,,,,,,,,,,"Anthony Santander","14551",623993
"Austin Slater","NYM",6,25,22,5,4,1,0,0,3,2,3,0,8,0,0,0,,0,0,0.225624,0.105157,0.309084,0.340223,0.314251,0.336633,0.292004,0.650883,0.111009,4.93506,0.322758,0,-0.01127,2.5329,-0.428336,88.9185,-0.01127,0.120832,-0.3404267244040966,-0.14768655598163605,0.0354272,999,,,,,,,17.9,2.983333333,17.9,2.983333333,,,,,,,,,,,,,,,,,,,"Austin Slater","16153",596103
"Nelson Rada","LAA",7,30,26,6,5,1,0,0,3,3,3,0,7,1,0,1,,2,1,0.244701,0.0916667,0.238333,0.384615,0.329372,0.300578,0.287855,0.62995,0.0558767,5.69297,0.329787,0,0.017079,2.91283,-0.610021,81.658,0.017079,0.118966,-0.6274638511240482,-0.05850362032651901,0.034866,999,,,,,,,23.5,3.357142857,23.5,3.357142857,,,,,,,,,,,,,,,,,,,"Nelson Rada","sa3018421",703185
"Cooper Pratt","MIL",4,15,13,3,2,1,0,0,2,1,1,0,3,0,0,0,,0,0,0.217672,0.0891841,0.220114,0.405172,0.295802,0.3125,0.272462,0.608302,0.0948276,5.98119,0.270893,0,0.0388833,1.30324,-0.504136,72.9847,0.0388833,0.118,-0.45088446885347366,0.2818888947367668,0.0348131,999,,,,,,,9.7,2.425,9.7,2.425,,,,,,,,,,,,,,,,,,,"Cooper Pratt","sa3022867",806198
"Maverick Handley","BAL",3,14,12,2,2,0,0,0,1,1,1,0,4,0,0,0,,0,0,0.205255,0.0944376,0.260529,0.362484,0.297451,0.289033,0.268231,0.586484,0.0837776,4.05049,0.2778,0,-0.0330673,1.11442,-0.496021,70.7625,-0.0330673,0.0899289,-0.5027410611510277,0.3561326190829277,0.0330226,999,,,,,,,2.2,0.733333333,2.2,0.733333333,,,,,,,,,,,,,,,,,,,"Maverick Handley","26106",668974
"Yohel Pozo","STL",17,73,70,18,13,4,0,2,7,10,2,0,8,0,0,0,,0,0,0.261891,0.0279877,0.110255,0.253846,0.28327,0.396653,0.293221,0.679923,0.134762,2.02271,0.27261,0,-0.144738,7.4099,-1.16922,88.599,-0.144738,-0.488262,-1.1258483231067657,-0.9715954661369324,0.0327264,999,,,,,,,67.2,3.952941176,67.2,3.952941176,,,,,,,,,,,,,,,,,,,"Yohel Pozo","18848",650968
"Chas McCormick","CHC",3,15,13,3,2,0,0,0,2,2,1,0,4,0,0,0,,0,0,0.225694,0.0823171,0.277439,0.296703,0.301538,0.361111,0.291546,0.66265,0.135417,5.06325,0.291667,0,-0.0157436,1.50109,-0.26033,87.096,-0.0157436,0.0839189,-0.2437368594110012,0.06617200747132301,0.0326117,999,,,,,,,6.8,2.266666666,6.8,2.266666666,,,,,,,,,,,,,,,,,,,"Chas McCormick","19599",676801
"Rhylan Thomas","HOU",3,15,13,4,3,1,0,0,2,1,1,0,1,0,0,0,,0,0,0.270217,0.0609319,0.0770609,0.790698,0.317518,0.341223,0.291274,0.658741,0.0710059,4.83807,0.286638,0,-0.000554801,1.48478,-0.261333,85.7669,-0.000554801,0.21375,-0.24845738825388253,0.05541667342185974,0.0323173,999,,,,,,,15.3,5.1,15.3,5.1,,,,,,,,,,,,,,,,,,,"Rhylan Thomas","31793",689041
"George Lombard Jr.","NYY",5,20,17,4,2,1,0,0,2,2,2,0,6,0,0,0,,1,0,0.20428,0.0989761,0.293515,0.337209,0.296928,0.328794,0.281006,0.625722,0.124514,6.46931,0.283582,0,0.00843752,1.83137,-0.517198,79.2468,0.00843752,0,-0.4777437439188361,0.10648148506879807,0.032048,999,,,,,,,16.2,3.24,16.2,3.24,,,,,,,,,,,,,,,,,,,"George Lombard Jr.","sa3023233",806146
"Esmerlyn Valdez","PIT",5,20,18,4,3,1,0,1,2,3,2,0,6,0,0,0,,0,0,0.239583,0.0783582,0.298507,0.2625,0.313433,0.410417,0.316281,0.72385,0.170833,3.17265,0.318033,0,-0.0458956,2.40063,0.0520606,100.364,-0.0458956,-0.101832,-0.0373124061152339,-0.31479503214359283,0.0316801,999,,,,,,,22.7,4.54,22.7,4.54,,,,,,,,,,,,,,,,,,,"Esmerlyn Valdez","sa3015768",699013
"Garrett Stubbs","PHI",3,14,12,3,2,0,0,0,2,1,1,0,3,0,0,0,,0,0,0.226937,0.0779222,0.239961,0.324728,0.301237,0.336531,0.282871,0.637768,0.109594,5.22924,0.288042,0,-0.0323566,1.27643,-0.334018,77.7503,-0.0323566,-0.0218448,-0.39177727326750755,0.24435891024768353,0.0313436,999,,,,,,,7.8,2.6,7.8,2.6,,,,,,,,,,,,,,,,,,,"Garrett Stubbs","18067",596117
"P.J. Higgins","CIN",8,32,29,7,5,1,0,0,3,3,2,0,8,0,0,0,,0,0,0.233665,0.067764,0.249061,0.272078,0.289538,0.335196,0.276337,0.624733,0.10153,1.85391,0.302201,0,-0.0796413,2.80963,-0.94808,70.0048,-0.0796413,-0.16412,-1.2102340012788773,0.4570217877626419,0.0312651,999,,,,,,,19.1,2.3875,19.1,2.3875,,,,,,,,,,,,,,,,,,,"P.J. Higgins","18433",664731
"Robert Hassell III","WSN",30,129,119,29,22,5,0,2,14,12,9,0,32,1,0,0,,3,1,0.243187,0.0711538,0.244231,0.291339,0.301158,0.337526,0.283138,0.638685,0.0943396,4.68565,0.314869,0,0.0306888,12.1275,-3.13819,79.5638,0.0306888,-0.226515,-3.0986153930425644,-0.9008978307247162,0.0308827,999,,,,,,,109.6,3.653333333,109.6,3.653333333,,,,,,,,,,,,,,,,,,,"Robert Hassell III","27482",690987
"Cole Carrigg","COL",5,20,18,4,3,1,0,0,3,2,1,0,5,0,0,0,,1,0,0.242038,0.0617761,0.266409,0.231884,0.298246,0.390658,0.299246,0.688904,0.14862,8.19703,0.314815,0,0.0529832,2.12572,-0.222848,76.9254,0.0529832,0.022623,-0.4906034506857395,0.12910443730652332,0.0307192,999,,,,,,,12.2,2.44,12.2,2.44,,,,,,,,,,,,,,,,,,,"Cole Carrigg","sa3022596",694249
"Cameron Cauley","TEX",7,30,28,6,4,1,0,1,4,3,2,0,10,0,0,0,,1,0,0.219239,0.0659794,0.317526,0.207792,0.272727,0.373602,0.28082,0.646329,0.154362,7.4066,0.302817,0,0.0461999,2.76639,-0.787092,79.3957,0.0461999,-0.31261,-0.6841377951204777,-0.061992913484573364,0.0296241,999,,,,,,,25.8,3.685714285,25.8,3.685714285,,,,,,,,,,,,,,,,,,,"Cameron Cauley","sa3017167",695508
"Oswaldo Cabrera","NYY",3,15,13,3,2,1,0,0,2,2,1,0,3,0,0,0,,0,0,0.233577,0.0819672,0.209836,0.390625,0.30033,0.357664,0.290619,0.657994,0.124088,4.70717,0.278049,0,-0.0143871,1.48987,-0.271557,85.8684,-0.0143871,0.05625,-0.262681694701314,0.03850308805704117,0.0295883,999,,,,,,,9.7,3.233333333,9.7,3.233333333,,,,,,,,,,,,,,,,,,,"Oswaldo Cabrera","21707",665828
"Oliver Dunn","CHW",2,10,9,2,1,0,0,0,1,1,1,0,3,0,0,0,,0,0,0.215159,0.0911063,0.334056,0.272727,0.296943,0.342298,0.285043,0.639242,0.127139,5.95644,0.319838,0,0.0147494,0.956505,-0.22799,80.6423,0.0147494,0.118829,-0.2139663975685835,0.15463174134492874,0.0292502,999,,,,,,,5.2,2.6,5.2,2.6,,,,,,,,,,,,,,,,,,,"Oliver Dunn","26295",686554
"Kevin Alcántara","CHC",6,25,23,5,4,1,0,1,3,3,2,0,8,0,0,0,,0,0,0.236111,0.0761099,0.325581,0.233766,0.298097,0.37037,0.293907,0.668468,0.134259,4.0779,0.335821,0,-0.0284455,2.54945,-0.386258,88.7133,-0.0284455,-0.0638889,-0.3608088959008455,-0.18811728805303574,0.0284693,999,,,,,,,23.3,3.883333333,23.3,3.883333333,,,,,,,,,,,,,,,,,,,"Kevin Alcantara","25971",682634
"Tre' Morgan","TBR",4,15,13,3,2,0,0,0,2,1,2,0,3,0,0,0,,0,0,0.248571,0.118227,0.20197,0.585366,0.344828,0.351429,0.311039,0.696256,0.102857,4.47038,0.30566,0,-0.0373917,1.76723,-0.0248273,97.9246,-0.0373917,0.0886364,-0.07449041306972504,-0.1821969822049141,0.0271757,999,,,,,,,9.8,2.45,9.8,2.45,,,,,,,,,,,,,,,,,,,"Tre' Morgan","sa3022919",691003
"Denzer Guzman","LAA",7,30,27,6,4,1,0,1,3,3,2,0,9,0,0,0,,0,0,0.219844,0.0788091,0.309983,0.254237,0.290493,0.357977,0.286438,0.64847,0.138132,4.45284,0.304615,0,-0.0233485,2.87853,-0.644317,80.682,-0.0233485,-0.20125,-0.7021877821534872,-0.05927467346191406,0.027142,999,,,,,,,24.9,3.557142857,24.9,3.557142857,,,,,,,,,,,,,,,,,,,"Denzer Guzman","28816",694203
"Junior Perez","CHW",5,20,18,4,2,1,0,1,2,2,2,0,7,0,0,0,,1,0,0.208768,0.0942699,0.354898,0.265625,0.287313,0.367432,0.287198,0.654746,0.158664,6.0809,0.309091,0,0.023208,1.94808,-0.42091,82.1264,0.023208,-0.0279098,-0.39915462397038937,-0.0279097743332386,0.0269477,999,,,,,,,24.6,4.92,24.6,4.92,,,,,,,,,,,,,,,,,,,"Junior Perez","sa3005744",678577
"Paul DeJong","DET",2,10,9,2,1,0,0,0,1,1,1,0,3,0,0,0,,0,0,0.205357,0.0650406,0.325203,0.2,0.265583,0.377976,0.279734,0.643559,0.172619,2.89205,0.263415,0,-0.0183454,0.905415,-0.268868,76.9911,-0.0183454,0.168077,-0.2878583576530218,0.20357074588537216,0.0263927,999,,,,,,,5.2,2.6,5.2,2.6,,,,,,,,,,,,,,,,,,,"Paul DeJong","18015",657557
"Tommy Troy","ARI",4,15,14,3,2,1,0,0,1,2,1,0,3,0,0,0,,0,0,0.235043,0.0767754,0.224568,0.34188,0.302505,0.344017,0.286942,0.646522,0.108974,4.89586,0.293948,0,-0.00164988,1.47051,-0.321549,81.1656,-0.00164988,0.0351,-0.340209303307347,0.08926666900515556,0.0259873,999,,,,,,,8.7,2.175,8.7,2.175,,,,,,,,,,,,,,,,,,,"Tommy Troy","sa3022561",694371
"Jared Young","NYM",2,10,9,2,1,0,0,0,1,1,1,0,2,0,0,0,,0,0,0.242476,0.0977454,0.238576,0.409703,0.327448,0.421336,0.327096,0.748784,0.17886,4.32237,0.29052,0,-0.0119653,1.29878,0.114284,112.958,-0.0119653,-0.0523802,0.14199014659971,-0.23139257729053497,0.0249999,999,,,,,,,5.2,2.6,5.2,2.6,,,,,,,,,,,,,,,,,,,"Jared Young","20404",676724
"Ryan Bliss","SEA",2,10,9,2,1,0,0,0,1,1,1,0,3,0,0,0,,1,0,0.213745,0.0807415,0.271402,0.297498,0.285768,0.330742,0.274379,0.61651,0.116997,6.28208,0.282938,0,-0.0167703,0.85471,-0.309362,80.0846,-0.0167703,0.109461,-0.24801927991211414,0.14464613422751427,0.0241355,999,,,,,,,7.1,3.55,7.1,3.55,,,,,,,,,,,,,,,,,,,"Ryan Bliss","29547",669208
"Christian Cairo","PHI",3,15,13,3,2,0,0,0,2,1,1,0,4,0,0,0,,1,0,0.214085,0.0960591,0.26601,0.361111,0.30198,0.298592,0.272683,0.600572,0.084507,6.9404,0.295547,0,0.0249329,1.27279,-0.48864,70.7713,0.0249329,0.138616,-0.49149084091186523,0.2273506373167038,0.023754,999,,,,,,,8.7,2.9,8.7,2.9,,,,,,,,,,,,,,,,,,,"Christian Cairo","sa3010028",686551
"Alex Jackson","MIN",1,5,4,1,0,0,0,0,1,1,0,0,1,0,0,0,,0,0,0.208661,0.0714286,0.317857,0.224719,0.278571,0.405512,0.296994,0.684083,0.19685,4.13343,0.270968,0,-0.00221782,0.477572,-0.0592435,88.374,-0.00221782,0.0448781,-0.0644717738032341,0.13361261785030365,0.0230815,999,,,,,,,1.6,1.6,1.6,1.6,,,,,,,,,,,,,,,,,,,"Alex Jackson","17276",656577
"Luis Lara","MIL",4,15,14,3,2,1,0,0,2,1,1,0,3,0,0,0,,1,0,0.218045,0.0898503,0.216306,0.415385,0.301165,0.287594,0.268384,0.588759,0.0695489,5.72199,0.282178,0,-0.00209995,1.2526,-0.554777,70.1914,-0.00209995,0.20193,-0.5425083797890693,0.25655921548604965,0.0228473,999,,,,,,,10.6,2.65,10.6,2.65,,,,,,,,,,,,,,,,,,,"Luis Lara","sa3018514",800325
"Willie MacIver","TOR",1,5,4,1,1,0,0,0,0,1,0,0,1,0,0,0,,0,0,0.232787,0.0843023,0.264535,0.318681,0.309038,0.370492,0.299869,0.67953,0.137705,5.03866,0.301435,0,0.000527928,0.49242,-0.0490627,91.7159,0.000527928,0.0197727,-0.044216962123755366,0.10927889868617058,0.0228033,999,,,,,,,1.6,1.6,1.6,1.6,,,,,,,,,,,,,,,,,,,"Willie MacIver","24641",680862
"Jonatan Clase","TOR",2,10,9,2,1,0,0,0,1,1,1,0,3,0,0,0,,1,0,0.225108,0.0834951,0.287379,0.290541,0.294922,0.37013,0.29211,0.665052,0.145022,7.35256,0.301639,0,0.042707,1.01402,-0.170474,86.3711,0.042707,0.0310551,-0.11832175776362419,-0.004747349768877029,0.0227294,999,,,,,,,7.1,3.55,7.1,3.55,,,,,,,,,,,,,,,,,,,"Jonatan Clase","26599",682729
"José Azocar","ATL",5,20,18,5,3,1,0,0,2,2,1,0,4,0,0,0,,1,0,0.254752,0.0511971,0.225793,0.226744,0.300253,0.359149,0.28938,0.659402,0.104397,6.79176,0.323019,0,0.0323607,1.9665,-0.382068,83.3487,0.0323607,0.0509498,-0.3599071577191353,-0.09102549403905869,0.021569,999,,,,,,,17.8,3.56,17.8,3.56,,,,,,,,,,,,,,,,,,,"Jose Azocar","18821",640492
"Eduardo Valencia","DET",1,5,4,1,1,0,0,0,1,1,0,0,1,0,0,0,,0,0,0.241758,0.0675,0.22,0.306818,0.298246,0.417582,0.30873,0.715828,0.175824,2.03806,0.272727,0,-0.00652343,0.520863,-0.0159525,96.9658,-0.00652343,-0.0167476,-0.022770623210817575,0.07198699377477169,0.0210429,999,,,,,,,1.6,1.6,1.6,1.6,,,,,,,,,,,,,,,,,,,"Eduardo Valencia","sa3006622",680664
"Maximo Acosta","MIA",3,15,14,3,2,0,0,0,2,1,1,0,4,0,0,0,,1,0,0.22833,0.075,0.242308,0.309524,0.290944,0.342495,0.280439,0.633439,0.114165,5.53543,0.286136,0,-0.0138885,1.36666,-0.394765,76.3539,-0.0138885,0.0504231,-0.43167654518038034,0.13915764540433884,0.0208505,999,,,,,,,7.7,2.566666666,7.7,2.566666666,,,,,,,,,,,,,,,,,,,"Maximo Acosta","27963",691185
"Mark Canha",,13,55,47,11,8,2,0,1,6,5,5,0,11,2,1,0,,1,0,0.233553,0.0909091,0.207386,0.438356,0.326705,0.358553,0.305321,0.685257,0.125,3.53345,0.277533,0,-0.00261985,6.11532,-0.34324,94.4477,-0.00261985,-0.41745,-0.36132123228162527,-1.287048727273941,0.0207406,999,,,,,,,52.7,4.053846153,52.7,4.053846153,,,,,,,,,,,,,,,,,,,"Mark Canha","11445",592192
"Manuel Margot",,3,15,14,3,2,1,0,0,2,1,1,0,3,0,0,0,,0,0,0.247273,0.0635452,0.177258,0.358491,0.301003,0.345455,0.285734,0.646458,0.0981818,4.10695,0.290909,0,-0.0246473,1.43075,-0.33068,80.9926,-0.0246473,0,-0.35954354517161846,0.05324074253439903,0.0203131,999,,,,,,,8.7,2.9,8.7,2.9,,,,,,,,,,,,,,,,,,,"Manuel Margot","14712",622534
"Jeferson Quero","MIL",1,5,4,1,1,0,0,0,1,1,0,0,1,0,0,0,,0,0,0.230008,0.0755873,0.197967,0.381818,0.293351,0.372987,0.292581,0.666338,0.142978,2.97773,0.259401,0,-0.00166556,0.473328,-0.0774912,86.7673,-0.00166556,0.0213272,-0.0747777265496552,0.11237659864127636,0.019726,999,,,,,,,1.6,1.6,1.6,1.6,,,,,,,,,,,,,,,,,,,"Jeferson Quero","28272",691620
"Grant McCray","SFG",3,15,13,3,2,1,0,0,2,2,1,0,4,0,0,0,,1,0,0.228457,0.0794224,0.299639,0.26506,0.29529,0.366733,0.290694,0.662023,0.138277,7.40235,0.313846,0,0.035891,1.49078,-0.270641,87.1135,0.035891,-0.0281111,-0.19179291278123856,-0.11684567853808403,0.0192012,999,,,,,,,11.6,3.866666666,11.6,3.866666666,,,,,,,,,,,,,,,,,,,"Grant McCray","25690",687529
"Josh Kasevich","TOR",3,15,14,3,3,1,0,0,2,1,1,0,2,0,0,0,,0,0,0.247978,0.0689655,0.135468,0.509091,0.305419,0.315364,0.277856,0.620783,0.0673855,3.34002,0.281646,0,-0.0189708,1.347,-0.429738,76.5518,-0.0189708,-0.0275644,-0.4345405511558056,0.09774427488446236,0.0185228,999,,,,,,,8.7,2.9,8.7,2.9,,,,,,,,,,,,,,,,,,,"Josh Kasevich","sa3020203",688460
"RJ Schreck","TOR",1,5,4,1,1,0,0,0,1,1,1,0,1,0,0,0,,0,0,0.216066,0.113744,0.241706,0.470588,0.324582,0.398892,0.319636,0.723474,0.182826,4.79706,0.255144,0,-0.00592701,0.619029,0.0267813,105.333,-0.00592701,0.0316364,0.02557688020169735,-0.022067338228225708,0.0180195,999,,,,,,,4.6,4.6,4.6,4.6,,,,,,,,,,,,,,,,,,,"RJ Schreck","sa3022602",702302
"Max Anderson","DET",1,5,5,1,1,0,0,0,1,1,0,0,1,0,0,0,,0,0,0.252016,0.047081,0.177024,0.265957,0.293785,0.403226,0.29959,0.697011,0.15121,3.59851,0.28133,0,-0.010717,0.532816,-0.0543257,90.6692,-0.010717,0.0474603,-0.06536497455090284,0.06520722806453705,0.017492,999,,,,,,,0.6,0.6,0.6,0.6,,,,,,,,,,,,,,,,,,,"Max Anderson","sa3022567",801194
"Kyren Paris","LAA",2,10,9,2,1,0,0,0,1,1,1,0,3,0,0,0,,0,0,0.20339,0.0945274,0.350746,0.269504,0.29,0.344633,0.282432,0.634633,0.141243,7.50631,0.302439,0,0.0438664,0.92719,-0.247094,77.9227,0.0438664,0.00663462,-0.2147347256541252,0.04212844418361783,0.0173566,999,,,,,,,5.2,2.6,5.2,2.6,,,,,,,,,,,,,,,,,,,"Kyren Paris","26420",677347
"Kahlil Watson","CLE",2,10,9,2,1,0,0,0,1,1,1,0,3,0,0,0,,0,0,0.218182,0.0835267,0.331787,0.251748,0.293023,0.392208,0.299091,0.685231,0.174026,6.15556,0.30303,0,-0.0150373,1.05238,-0.111693,91.7612,-0.0150373,-0.0958878,-0.11070247087627651,-0.06070266291499138,0.017175,999,,,,,,,5.2,2.6,5.2,2.6,,,,,,,,,,,,,,,,,,,"Kahlil Watson","sa3017513",696135
"Petey Halpin","CLE",10,44,40,9,6,2,0,1,6,4,3,0,13,0,0,0,,1,0,0.218418,0.0747995,0.300534,0.248889,0.280011,0.339253,0.273269,0.619264,0.120835,6.26059,0.301894,0,0.0240491,3.80623,-1.43209,73.9729,0.0240491,0.168201,-1.3359190672636032,-0.025317668914794922,0.0169319,999,,,,,,,36.5,3.65,36.5,3.65,,,,,,,,,,,,,,,,,,,"Petey Halpin","27931",690984
"Joshua Báez","STL",1,5,4,1,1,0,0,0,1,1,0,0,1,0,0,0,,0,0,0.23445,0.0767591,0.298507,0.257143,0.307692,0.38756,0.305066,0.695252,0.15311,6.41178,0.315985,0,0.021796,0.559736,-0.0325108,96.7134,0.021796,0.0442373,0.002271195873618126,-0.009466413408517838,0.0163373,999,,,,,,,1.6,1.6,1.6,1.6,,,,,,,,,,,,,,,,,,,"Joshua Baez","sa3017022",695491
"Tyler Fitzgerald","LAD",1,5,5,1,1,0,0,0,1,1,0,0,1,0,0,0,,0,0,0.23516,0.060166,0.296681,0.202797,0.292887,0.381279,0.294766,0.674166,0.146119,5.74883,0.315789,0,0.00499876,0.513354,-0.0737879,88.0183,0.00499876,0.03312,-0.06556690158322453,0.05086691305041313,0.0154223,999,,,,,,,0.6,0.6,0.6,0.6,,,,,,,,,,,,,,,,,,,"Tyler Fitzgerald","26208",666149
"Tomás Nido","DET",1,5,4,1,1,0,0,0,0,0,0,0,1,0,0,0,,0,0,0.236364,0.0462185,0.252101,0.183333,0.277778,0.354545,0.277017,0.632323,0.118182,1.71084,0.296774,0,-0.00642703,0.403885,-0.13293,75.12,-0.00642703,0.0388514,-0.13965202122926712,0.12758591771125793,0.014773,999,,,,,,,1.6,1.6,1.6,1.6,,,,,,,,,,,,,,,,,,,"Tomas Nido","13755",621512
"Trey Sweeney","DET",1,5,4,1,1,0,0,0,1,1,0,0,1,0,0,0,,0,0,0.223005,0.0864979,0.270042,0.320313,0.295359,0.356808,0.287364,0.652166,0.133803,5.28804,0.287197,0,0.000612947,0.483491,-0.103651,82.2472,0.000612947,0.02208,-0.10335996461799368,0.07532074302434921,0.0146394,999,,,,,,,1.6,1.6,1.6,1.6,,,,,,,,,,,,,,,,,,,"Trey Sweeney","29575",700242
"Jonah Bride","TEX",1,5,4,1,1,0,0,0,1,1,1,0,1,0,0,0,,0,0,0.216901,0.120482,0.216867,0.555556,0.320482,0.335211,0.294725,0.655693,0.11831,2.27321,0.264368,0,-0.0160083,0.517654,-0.0745936,88.9745,-0.0160083,0.0321071,-0.08114285208284855,0.050008375197649,0.014475,999,,,,,,,4.6,4.6,4.6,4.6,,,,,,,,,,,,,,,,,,,"Jonah Bride","24703",681146
"Dominic Fletcher","PIT",1,5,5,1,1,0,0,0,1,1,0,0,1,0,0,0,,0,0,0.243373,0.0596027,0.209713,0.284211,0.297118,0.368675,0.291801,0.665792,0.125301,4.5311,0.295238,0,-0.00982113,0.501393,-0.0857491,83.5947,-0.00982113,0.0626339,-0.10643961559981108,0.08038083836436272,0.0142601,999,,,,,,,0.6,0.6,0.6,0.6,,,,,,,,,,,,,,,,,,,"Dominic Fletcher","26149",666150
"LaMonte Wade Jr.","CHW",2,10,8,2,1,0,0,0,1,1,1,0,2,0,0,0,,0,0,0.222973,0.142857,0.226891,0.62963,0.343662,0.358108,0.31415,0.70177,0.135135,4.06309,0.272727,0,-0.00150415,1.19341,0.00891356,100.693,-0.00150415,-0.0379231,0.0066832759184762836,-0.2169354222714901,0.0138094,999,,,,,,,6.2,3.1,6.2,3.1,,,,,,,,,,,,,,,,,,,"LaMonte Wade Jr.","18126",664774
"Nick Madrigal","LAA",1,5,5,1,1,0,0,0,0,0,0,0,0,0,0,0,,0,0,0.254545,0.0458333,0.1,0.458333,0.310924,0.313636,0.280856,0.624561,0.0590909,4.68068,0.285714,0,-0.00038969,0.457236,-0.129905,76.837,-0.00038969,0.0810897,-0.13604866949026473,0.09883665665984154,0.0137009,999,,,,,,,0.6,0.6,0.6,0.6,,,,,,,,,,,,,,,,,,,"Nick Madrigal","20521",663611
"Connor Joe","SEA",5,20,17,4,2,1,0,0,2,2,2,0,5,0,0,0,,0,0,0.208698,0.113613,0.246871,0.460211,0.309831,0.327954,0.287839,0.637785,0.119256,4.49468,0.272069,0,-0.0459582,1.92474,-0.403402,89.3565,-0.0459582,-0.00750723,-0.29313383251428604,-0.2538035209290683,0.0134652,999,,,,,,,14.3,2.86,14.3,2.86,,,,,,,,,,,,,,,,,,,"Connor Joe","16572",656582
"Will Wilson","SEA",2,10,9,2,1,0,0,0,1,1,1,0,3,0,0,0,,0,0,0.198963,0.0737998,0.283146,0.260642,0.265279,0.308345,0.255922,0.573624,0.109382,4.06017,0.263844,0,-0.0138593,0.707079,-0.456993,67.3705,-0.0138593,0.114358,-0.3927390659227967,0.18472836911678314,0.0134298,999,,,,,,,5.2,2.6,5.2,2.6,,,,,,,,,,,,,,,,,,,"Will Wilson","25434",669717
"Trei Cruz","DET",2,10,9,2,1,0,0,0,1,1,1,0,3,0,0,0,,0,0,0.222467,0.115385,0.251923,0.458015,0.314066,0.348018,0.294945,0.662083,0.125551,4.82386,0.287975,0,-0.0247042,1.02815,-0.14613,87.4695,-0.0247042,-0.11123,-0.1714786645025015,-0.04024185240268707,0.0133547,999,,,,,,,5.2,2.6,5.2,2.6,,,,,,,,,,,,,,,,,,,"Trei Cruz","sa3014420",669360
"Tim Elko","CHW",9,40,37,9,6,1,0,1,4,5,2,0,14,0,0,0,,0,0,0.233684,0.0568627,0.34902,0.162921,0.282353,0.389474,0.292221,0.671827,0.155789,3.12979,0.330961,0,-0.0240891,4.05968,-0.678297,85.5864,-0.0240891,0.164645,-0.7052905187010765,-0.55140420794487,0.0127078,999,,,,,,,31.7,3.522222222,31.7,3.522222222,,,,,,,,,,,,,,,,,,,"Tim Elko","31522",671284
"Vimael Machín","COL",1,5,5,1,1,0,0,0,1,1,0,0,1,0,0,0,,0,0,0.262136,0.0772627,0.187638,0.411765,0.320088,0.407767,0.315236,0.727855,0.145631,4.16675,0.303125,0,-0.00356959,0.595939,0.00879772,87.8788,-0.00356959,0.0127778,-0.07495657913386822,0.030524691566824913,0.0123803,999,,,,,,,0.6,0.6,0.6,0.6,,,,,,,,,,,,,,,,,,,"Vimael Machin","17684",605353
"Steward Berroa","PHI",1,5,4,1,1,0,0,0,1,0,0,0,2,0,0,0,,0,0,0.21148,0.0976253,0.316623,0.308333,0.294118,0.314199,0.273276,0.608317,0.102719,7.81435,0.311005,0,0.0202676,0.426655,-0.160487,71.1776,0.0202676,0.08625,-0.14948061853647232,0.10399691388010979,0.0122727,999,,,,,,,1.6,1.6,1.6,1.6,,,,,,,,,,,,,,,,,,,"Steward Berroa","22766",672642
"Austin Wynns","LAA",3,14,12,3,2,1,0,0,1,1,1,0,4,0,0,0,,0,0,0.206916,0.0691549,0.257008,0.269076,0.265808,0.306689,0.254993,0.572497,0.0997732,1.31507,0.267165,0,-0.0185745,0.967934,-0.642512,59.0208,-0.0185745,0.0607251,-0.6768681798130274,0.3269288092851639,0.0122193,999,,,,,,,10.7,3.566666666,10.7,3.566666666,,,,,,,,,,,,,,,,,,,"Austin Wynns","15271",642851
"Ronny Simon","PIT",2,10,9,2,2,0,0,0,1,1,1,0,2,0,0,0,,0,0,0.253554,0.0806794,0.18896,0.426966,0.316916,0.372038,0.303206,0.688954,0.118483,6.00717,0.300912,0,-0.000823293,1.09481,-0.0794706,91.4076,-0.000823293,-0.004,-0.10203253891086206,-0.11048148525878787,0.0121097,999,,,,,,,5.2,2.6,5.2,2.6,,,,,,,,,,,,,,,,,,,"Ronny Simon","25346",682927
"Logan Porter","SFG",1,5,4,1,1,0,0,0,0,0,0,0,1,0,0,0,,0,0,0.214047,0.10756,0.267447,0.402174,0.307024,0.314381,0.281621,0.621405,0.100334,2.50132,0.285724,0,-0.00494408,0.420865,-0.11595,80.8978,-0.00494408,-0.0139429,-0.10780239338055253,0.07479168102145195,0.012098,999,,,,,,,1.6,1.6,1.6,1.6,,,,,,,,,,,,,,,,,,,"Logan Porter","20626",682515
"Stuart Fairchild","CLE",1,5,4,1,1,0,0,0,1,1,0,0,1,0,0,0,,0,0,0.224066,0.0836364,0.287273,0.291139,0.308824,0.377593,0.302,0.686417,0.153527,7.00252,0.301282,0,0.0174048,0.537821,-0.0442148,93.7646,0.0174048,0.016625,-0.018796272575855255,-0.03615277819335461,0.011734,999,,,,,,,1.6,1.6,1.6,1.6,,,,,,,,,,,,,,,,,,,"Stuart Fairchild","20321",656413
"Justin Dean","CHC",2,10,9,2,1,0,0,0,1,1,1,0,3,0,0,0,,1,0,0.20977,0.0920716,0.327366,0.28125,0.29156,0.304598,0.269051,0.596158,0.0948276,7.67201,0.313364,0,0.0283593,0.819221,-0.355062,71.6863,0.0283593,0.0435135,-0.305145051330328,0.079007338732481,0.0107158,999,,,,,,,7.1,3.55,7.1,3.55,,,,,,,,,,,,,,,,,,,"Justin Dean","25005",681909
"Luis Vázquez","BAL",1,5,4,1,1,0,0,0,1,1,0,0,1,0,0,0,,0,0,0.235821,0.0592992,0.247978,0.23913,0.29235,0.358209,0.286178,0.650559,0.122388,3.93372,0.298319,0,-0.0158853,0.478708,-0.108434,83.1256,-0.0158853,0.0298558,-0.11471362970769405,0.047602683305740356,0.0106419,999,,,,,,,1.6,1.6,1.6,1.6,,,,,,,,,,,,,,,,,,,"Luis Vazquez","23442",676679
"Victor Mesa Jr.","TBR",1,5,5,1,1,0,0,0,1,1,0,0,1,0,0,0,,0,0,0.233062,0.0671642,0.208955,0.321429,0.289277,0.363144,0.286504,0.65242,0.130081,3.95532,0.274368,0,-0.00511319,0.488371,-0.108982,81.0235,-0.00511319,0.0289485,-0.11818563938140869,0.047004010528326035,0.0105299,999,,,,,,,0.6,0.6,0.6,0.6,,,,,,,,,,,,,,,,,,,"Victor Mesa Jr.","25999",683748
"Johnathan Rodríguez","BAL",1,5,4,1,1,0,0,0,1,1,0,0,1,0,0,0,,0,0,0.256767,0.0862957,0.27666,0.31192,0.323387,0.429466,0.326232,0.752853,0.172699,2.9015,0.327618,0,-0.0120377,0.640302,0.0531601,110.717,-0.0120377,0,0.050728064961731434,-0.12422839552164078,0.00998818,999,,,,,,,1.6,1.6,1.6,1.6,,,,,,,,,,,,,,,,,,,"Johnathan Rodriguez","22530",671286
"Orlando Arcia","MIN",8,35,32,7,5,1,0,1,3,3,2,0,7,0,0,0,,0,0,0.221354,0.0714286,0.202381,0.352941,0.278571,0.346354,0.27475,0.624926,0.125,1.71049,0.255973,0,-0.0660122,3.0282,-1.08179,73.0507,-0.0660122,-0.126405,-1.1708524450659752,0.06881110370159149,0.00980467,999,,,,,,,25.5,3.1875,25.5,3.1875,,,,,,,,,,,,,,,,,,,"Orlando Arcia","13185",606115
"Braden Montgomery","CHW",19,80,73,17,10,4,1,2,8,9,6,0,25,1,0,0,,1,1,0.235656,0.0707635,0.307263,0.230303,0.298507,0.383197,0.297287,0.681704,0.147541,5.30023,0.330159,0,-0.147949,8.44928,-1.02668,89.0768,-0.147949,-0.62797,-1.1804367005825043,-1.4872291684150696,0.00963129,999,,,,,,,78.4,4.126315789,78.4,4.126315789,,,,,,,,,,,,,,,,,,,"Braden Montgomery","sa3038253",695731
"Korey Lee","CHW",1,5,4,1,1,0,0,0,1,1,0,0,1,0,0,0,,0,0,0.228228,0.0616246,0.27451,0.22449,0.280112,0.369369,0.284355,0.649481,0.141141,4.85898,0.293333,0,-0.0013807,0.434699,-0.106785,80.1683,-0.0013807,-0.0464,-0.10849719122052193,0.04310617223381996,0.00945636,999,,,,,,,1.6,1.6,1.6,1.6,,,,,,,,,,,,,,,,,,,"Korey Lee","25543",686676
"Chris Taylor","LAA",1,5,4,1,1,0,0,0,1,0,0,0,2,0,0,0,,0,0,0.21673,0.0966667,0.336667,0.287129,0.304348,0.34981,0.28996,0.654158,0.13308,5.49818,0.322785,0,-0.00123484,0.493965,-0.0931768,83.1082,-0.00123484,-0.00118557,-0.10016532556619495,0.01656134717632085,0.00895445,999,,,,,,,1.6,1.6,1.6,1.6,,,,,,,,,,,,,,,,,,,"Chris Taylor","13757",621035
"A.J. Vukovich","ARI",2,10,9,2,1,0,0,0,1,1,1,0,3,0,0,0,,0,0,0.231915,0.0631164,0.315582,0.2,0.284024,0.374468,0.286723,0.658492,0.142553,4.38525,0.318792,0,-0.0186454,0.978542,-0.216164,81.0156,-0.0186454,0.101656,-0.2461492232978344,-0.006677590310573578,0.00857393,999,,,,,,,5.2,2.6,5.2,2.6,,,,,,,,,,,,,,,,,,,"A.J. Vukovich","sa3014525",691021
"Randal Grichuk","CHW",15,65,60,14,8,3,0,2,8,8,4,0,15,1,0,0,,0,0,0.231404,0.055208,0.222985,0.247587,0.27954,0.401858,0.293501,0.681398,0.170454,3.23379,0.265598,0,-0.117496,6.66472,-1.03449,86.4685,-0.117496,-0.0305232,-1.15670657902956,-1.0150910802185535,0.00738351,999,,,,,,,60.9,4.06,60.9,4.06,,,,,,,,,,,,,,,,,,,"Randal Grichuk","10243",545341
"José Barrero","BAL",2,10,9,2,1,0,0,0,1,1,1,0,3,0,0,0,,0,0,0.201166,0.0586667,0.349333,0.167939,0.261333,0.355685,0.269927,0.617018,0.154519,5.78796,0.280788,0,0.00802295,0.826282,-0.348002,71.9305,0.00802295,-0.0265385,-0.32076720613986254,0.04444919340312481,0.00674558,999,,,,,,,5.2,2.6,5.2,2.6,,,,,,,,,,,,,,,,,,,"Jose Barrero","23378",676480
"Matt Koperniak","STL",1,5,5,1,1,0,0,0,1,1,0,0,1,0,0,0,,0,0,0.240938,0.0721248,0.214425,0.336364,0.300195,0.353945,0.288117,0.65414,0.113006,3.9353,0.290598,0,-0.00827729,0.490761,-0.101487,85.1025,-0.00827729,0.0462114,-0.09677809849381447,-0.007492318749427795,0.00640528,999,,,,,,,0.6,0.6,0.6,0.6,,,,,,,,,,,,,,,,,,,"Matt Koperniak","sa3014834",689288
"Tyler Black","MIL",1,5,4,1,1,0,0,0,1,1,1,0,1,0,0,0,,0,0,0.235686,0.111483,0.24334,0.458136,0.332526,0.377053,0.314291,0.709579,0.141367,7.03187,0.303824,0,0.0101833,0.607575,0.00511665,101.639,0.0101833,0,0.02008951175957918,-0.12746913731098175,0.00638154,999,,,,,,,4.6,4.6,4.6,4.6,,,,,,,,,,,,,,,,,,,"Tyler Black","29949",672012
"Brian Serven","ATH",1,5,4,1,1,0,0,0,0,0,0,0,1,0,0,0,,0,0,0.20354,0.0866142,0.30315,0.285714,0.283465,0.283186,0.257808,0.56665,0.079646,2.63908,0.290541,0,-0.00353808,0.335924,-0.20556,59.3186,-0.00353808,0.0376216,-0.22326887398958206,0.12712779641151428,0.00631024,999,,,,,,,1.6,1.6,1.6,1.6,,,,,,,,,,,,,,,,,,,"Brian Serven","19422",661531
"Yohendrick Piñango","TOR",22,95,87,20,14,4,0,2,9,11,8,0,21,1,1,0,,1,0,0.232385,0.0800099,0.223402,0.358143,0.296662,0.359174,0.288337,0.655836,0.126789,3.72423,0.283591,0,-0.0762014,9.34145,-1.91125,83.772,-0.0762014,-0.162489,-1.897717833518982,-1.3260693699121475,0.00571441,999,,,,,,,84.3,3.831818181,84.3,3.831818181,,,,,,,,,,,,,,,,,,,"Yohendrick Pinango","26664",682818
"Dairon Blanco","TEX",1,5,4,1,1,0,0,0,1,1,0,0,1,0,0,0,,0,0,0.231317,0.0662461,0.264984,0.25,0.296774,0.345196,0.284766,0.64197,0.113879,7.63038,0.305699,0,0.0419243,0.477124,-0.115123,82.114,0.0419243,0,-0.06373945623636246,-0.05370370298624039,0.00564453,999,,,,,,,1.6,1.6,1.6,1.6,,,,,,,,,,,,,,,,,,,"Dairon Blanco","19779",680118
"Christian Encarnacion-Strand","BAL",1,5,5,1,1,0,0,0,1,1,0,0,1,0,0,0,,0,0,0.243961,0.0493274,0.266816,0.184874,0.29148,0.439613,0.314091,0.731093,0.195652,3.20946,0.296429,0,-0.0132961,0.591319,0.00417733,102.353,-0.0132961,-0.0295413,0.0004869382828474045,-0.11827585101127625,0.0054569,999,,,,,,,0.6,0.6,0.6,0.6,,,,,,,,,,,,,,,,,,,"Christian Encarnacion-Strand","30011",687952
"Akil Baddoo","MIL",1,5,5,1,1,0,0,0,1,1,1,0,1,0,0,0,,0,0,0.221687,0.104478,0.283582,0.368421,0.304904,0.383133,0.301447,0.688037,0.161446,6.57603,0.287823,0,0.00919772,0.554406,-0.0480529,92.8409,0.00919772,-0.0360826,-0.03406566381454468,-0.0907122753560543,0.00460148,999,,,,,,,3.6,3.6,3.6,3.6,,,,,,,,,,,,,,,,,,,"Akil Baddoo","22168",668731
"Rece Hinds","CIN",1,5,5,1,1,0,0,0,1,1,0,0,2,0,0,0,,0,0,0.237599,0.0582703,0.353007,0.165068,0.288857,0.448176,0.314779,0.737033,0.210577,6.40075,0.329801,0,0.00120832,0.594097,0.00695534,96.3388,0.00120832,-0.0482208,-0.020353929954580963,-0.10146158188581467,0.00446302,999,,,,,,,0.6,0.6,0.6,0.6,,,,,,,,,,,,,,,,,,,"Rece Hinds","27493",677956
"Seby Zavala","LAD",1,5,4,1,0,0,0,0,0,1,0,0,2,0,0,0,,0,0,0.174107,0.0905512,0.385827,0.234694,0.257937,0.3125,0.25502,0.570437,0.138393,2.70297,0.264463,0,-0.0020906,0.322744,-0.214071,60.7913,-0.0020906,0.0131013,-0.2132157615851611,0.10183583293110132,0.00407989,999,,,,,,,1.6,1.6,1.6,1.6,,,,,,,,,,,,,,,,,,,"Seby Zavala","18887",664874
"Christian Franklin","WSN",3,15,13,3,2,0,0,0,2,1,2,0,4,0,0,0,,0,0,0.237089,0.104294,0.239264,0.435897,0.327161,0.34507,0.301859,0.672231,0.107981,5.35683,0.306931,0,-0.0222094,1.62591,-0.135512,92.3883,-0.0222094,-0.14911,-0.15669559687376022,-0.30883239209651947,0.00314946,999,,,,,,,9.8,3.266666666,9.8,3.266666666,,,,,,,,,,,,,,,,,,,"Christian Franklin","sa3017510",681047
"James Triantos","CHC",1,5,5,1,1,0,0,0,1,0,0,0,1,0,0,0,,0,0,0.240088,0.055102,0.159184,0.346154,0.287755,0.332599,0.273778,0.620354,0.092511,6.4863,0.275401,0,0.0100428,0.428679,-0.158462,74.9241,0.0100428,-0.0165678,-0.13764044549316168,0.0011791177093982697,0.00296457,999,,,,,,,0.6,0.6,0.6,0.6,,,,,,,,,,,,,,,,,,,"James Triantos","sa3017295",701649
"Brandon Drury","KCR",6,25,22,5,3,1,0,1,3,3,2,0,6,0,0,0,,0,0,0.221212,0.0788044,0.23913,0.329545,0.293478,0.360606,0.288309,0.654084,0.139394,3.46318,0.274262,0,-0.0498028,2.43653,-0.499181,80.1325,-0.0498028,0,-0.6315920352935791,-0.19521604478359222,0.00294811,999,,,,,,,24.3,4.05,24.3,4.05,,,,,,,,,,,,,,,,,,,"Brandon Drury","11615",592273
"Jacob Gonzalez","CHW",5,20,18,4,3,1,0,0,2,2,1,0,3,0,0,0,,0,0,0.217842,0.0622641,0.173585,0.358696,0.274621,0.315353,0.26164,0.589974,0.0975104,4.36793,0.251928,0,0.00107342,1.53205,-0.83694,64.5208,0.00107342,0.0210909,-0.8373187136603519,0.16430078446865082,0.00178357,999,,,,,,,10.3,2.06,10.3,2.06,,,,,,,,,,,,,,,,,,,"Jacob Gonzalez","sa3022498",694378
"Anthony Seigler","BOS",1,5,4,1,1,0,0,0,1,0,1,0,1,0,0,0,,0,0,0.222222,0.128205,0.210256,0.609756,0.326478,0.339339,0.299885,0.665817,0.117117,5.81688,0.274194,0,0.0089718,0.538651,-0.053596,86.9273,0.0089718,-0.106057,-0.06825676281005144,-0.08815591037273407,0.00165746,999,,,,,,,4.6,4.6,4.6,4.6,,,,,,,,,,,,,,,,,,,"Anthony Seigler","23802",678011
"Tommy Pham","BAL",1,5,4,1,1,0,0,0,1,0,0,0,1,0,0,0,,0,0,0.227077,0.0965757,0.246731,0.391421,0.304071,0.352947,0.290757,0.657018,0.125871,4.17364,0.284086,0,-0.00103792,0.497183,-0.0899591,86.2801,-0.00103792,-0.0220078,-0.08139129658229649,-0.07524858973920345,0.00148196,999,,,,,,,1.6,1.6,1.6,1.6,,,,,,,,,,,,,,,,,,,"Tommy Pham","2967",502054
"Jared Serna","MIA",2,10,9,2,1,0,0,0,1,1,1,0,2,0,0,0,,0,0,0.225,0.0681818,0.191288,0.356436,0.288425,0.327083,0.273164,0.615508,0.102083,4.80892,0.26738,0,-0.0274587,0.852402,-0.321881,71.37,-0.0274587,0.00754098,-0.3646887391805649,0.04303481196984649,0.000943312,999,,,,,,,5.2,2.6,5.2,2.6,,,,,,,,,,,,,,,,,,,"Jared Serna","sa3015579",691858
"Riley Adams","WSN",1,5,4,1,1,0,0,0,0,1,0,0,1,0,0,0,,0,0,0.210317,0.0714286,0.328571,0.217391,0.282143,0.357143,0.28192,0.639286,0.146825,3.40884,0.292208,0,-0.00307476,0.421969,-0.114846,78.7296,-0.00307476,-0.115,-0.1176081532612443,-0.02626543492078781,0.000755377,999,,,,,,,1.6,1.6,1.6,1.6,,,,,,,,,,,,,,,,,,,"Riley Adams","19864",656180
"Austin Barnes",,9,36,32,7,5,1,0,0,3,2,3,0,8,1,0,0,,0,0,0.204918,0.0869565,0.224638,0.387097,0.284672,0.262295,0.251355,0.546967,0.0573771,3.32723,0.263736,0,-0.00644131,2.47381,-1.82071,57.3765,-0.00644131,-0.104545,-1.837434961926192,0.6053310856223106,-0.000127926,999,,,,,,,22.1,2.455555555,22.1,2.455555555,,,,,,,,,,,,,,,,,,,"Austin Barnes","12158",605131
"Jose Herrera","TEX",1,5,4,1,1,0,0,0,0,0,0,0,1,0,0,0,,0,0,0.191781,0.101167,0.225681,0.448276,0.278226,0.251142,0.244592,0.529367,0.0593607,1.50649,0.248447,0,-0.0070631,0.286749,-0.254734,54.4393,-0.0070631,0.00435,-0.2531487261876464,0.09385617170482874,-0.000150944,999,,,,,,,1.6,1.6,1.6,1.6,,,,,,,,,,,,,,,,,,,"Jose Herrera","17040",645444
"Héctor Rodríguez","CIN",1,5,5,1,1,0,0,0,1,1,0,0,1,0,0,0,,0,0,0.249545,0.0430293,0.170396,0.252525,0.284483,0.3898,0.291364,0.674282,0.140255,5.27308,0.276888,0,-0.00906241,0.499631,-0.0875106,80.299,-0.00906241,0.0112587,-0.12509056087583303,-0.04198200162500143,-0.000167346,999,,,,,,,0.6,0.6,0.6,0.6,,,,,,,,,,,,,,,,,,,"Hector Rodriguez","sa3015828",699302
"Nick Morabito","NYM",1,5,5,1,1,0,0,0,1,0,0,0,1,0,0,0,,0,0,0.240618,0.0741483,0.252505,0.293651,0.306613,0.328918,0.284019,0.635532,0.0883002,6.61509,0.320988,0,0.0108738,0.474082,-0.118166,83.448,0.0108738,-0.0292437,-0.08745584823191166,-0.08294740132987499,-0.000360932,999,,,,,,,0.6,0.6,0.6,0.6,,,,,,,,,,,,,,,,,,,"Nick Morabito","sa3020418",703492
"Trey Mancini","LAA",1,5,4,1,1,0,0,0,1,1,0,0,1,0,0,0,,0,0,0.232026,0.0680473,0.272189,0.25,0.295858,0.375817,0.292348,0.671675,0.143791,2.25065,0.294686,0,-0.0102623,0.503599,-0.0835425,84.7532,-0.0102623,0.00528736,-0.09955848939716816,-0.08344721095636487,-0.00121559,999,,,,,,,1.6,1.6,1.6,1.6,,,,,,,,,,,,,,,,,,,"Trey Mancini","15149",641820
"Garrett Hampson","CIN",1,5,4,1,1,0,0,0,1,0,0,0,1,0,0,0,,0,0,0.219731,0.0876494,0.270916,0.323529,0.290323,0.304933,0.267323,0.595255,0.0852018,6.18203,0.298701,0,0.0076193,0.402638,-0.184504,63.83,0.0076193,0.00844037,-0.20540238032117486,0.026187281124293804,-0.00140968,999,,,,,,,1.6,1.6,1.6,1.6,,,,,,,,,,,,,,,,,,,"Garrett Hampson","19262",641658
"Billy Cook","PIT",9,40,36,8,6,2,0,1,4,4,3,0,11,1,0,0,,1,0,0.229494,0.0706659,0.286557,0.246603,0.292916,0.364478,0.288209,0.657394,0.134984,6.22877,0.306634,0,0.0707071,3.89521,-0.80192,81.1342,0.0707071,-0.249485,-0.8181672617793083,-0.5334351509809494,-0.0028757,999,,,,,,,37.9,4.211111111,37.9,4.211111111,,,,,,,,,,,,,,,,,,,"Billy Cook","29573",695257
"Jim Jarvis","ATL",5,20,18,4,3,1,0,0,3,2,1,0,3,0,0,0,,0,0,0.230268,0.0537736,0.169764,0.316754,0.285311,0.301955,0.261835,0.587266,0.0716872,5.12606,0.275385,0,-0.0319108,1.52199,-0.826581,64.4797,-0.0319108,0.035445,-0.868691623210907,0.17742031067609787,-0.00302063,999,,,,,,,10.3,2.06,10.3,2.06,,,,,,,,,,,,,,,,,,,"Jim Jarvis","33492",805347
"Ethan Murray","MIL",1,5,5,1,1,0,0,0,1,0,0,0,2,0,0,0,,0,0,0.197101,0.0876289,0.309278,0.283333,0.277202,0.286957,0.255896,0.564159,0.0898551,4.86793,0.283784,0,0.000086991,0.365837,-0.236621,61.6369,0.000086991,0.00347059,-0.23174473839753773,0.02168046496808529,-0.00412438,999,,,,,,,0.6,0.6,0.6,0.6,,,,,,,,,,,,,,,,,,,"Ethan Murray","sa3017051",696140
"Kemp Alderman","MIA",6,25,23,6,4,1,0,1,3,3,1,0,7,0,0,0,,1,0,0.25,0.0533333,0.262857,0.202899,0.295238,0.397541,0.300534,0.692779,0.147541,5.04817,0.315634,0,-0.0874821,2.68313,-0.252576,90.1197,-0.0874821,-0.226515,-0.3784302622079849,-0.4927188456058502,-0.00449812,999,,,,,,,27.8,4.633333333,27.8,4.633333333,,,,,,,,,,,,,,,,,,,"Kemp Alderman","sa3022562",694580
"Patrick Wisdom","SEA",1,5,4,1,0,0,0,0,1,1,0,0,2,0,0,0,,0,0,0.178103,0.0883659,0.400745,0.220504,0.258175,0.378823,0.276659,0.636998,0.20072,3.93766,0.250901,0,-0.00313192,0.436475,-0.145562,81.6554,-0.00313192,-0.0216207,-0.10963680897839367,-0.1095836516469717,-0.00507306,999,,,,,,,1.6,1.6,1.6,1.6,,,,,,,,,,,,,,,,,,,"Patrick Wisdom","13602",621550
"Bryan De La Cruz","PHI",3,15,14,3,2,1,0,0,1,2,1,0,4,0,0,0,,0,0,0.238298,0.0591716,0.282051,0.20979,0.285996,0.382979,0.291146,0.668975,0.144681,3.02358,0.304762,0,-0.00379597,1.49625,-0.265173,83.4191,-0.00379597,-0.0985714,-0.29675342864356935,-0.25829365104436874,-0.00600946,999,,,,,,,8.7,2.9,8.7,2.9,,,,,,,,,,,,,,,,,,,"Bryan De La Cruz","19600",650559
"Kristian Robinson","ARI",1,5,4,1,1,0,0,0,1,0,1,0,2,0,0,0,,0,0,0.210526,0.101695,0.358051,0.284024,0.29661,0.325359,0.278312,0.621969,0.114833,5.87976,0.326446,0,0.00217978,0.454744,-0.142609,75.2534,0.00217978,-0.0594915,-0.1460990570485592,-0.11365819349884987,-0.00935578,999,,,,,,,4.6,4.6,4.6,4.6,,,,,,,,,,,,,,,,,,,"Kristian Robinson","sa3006884",677565
"Victor Bericoto","SFG",1,5,5,1,1,0,0,0,1,1,0,0,1,0,0,0,,0,0,0.240175,0.0588235,0.255578,0.230159,0.286004,0.362445,0.283351,0.648449,0.122271,2.87731,0.304615,0,-0.0134924,0.467302,-0.119839,82.0832,-0.0134924,-0.0498333,-0.11901270598173141,-0.13856789842247963,-0.00942745,999,,,,,,,0.6,0.6,0.6,0.6,,,,,,,,,,,,,,,,,,,"Victor Bericoto","sa3008767",682674
"Kyle Farmer","ATL",7,30,27,6,4,1,0,1,3,3,2,0,7,1,0,0,,0,0,0.229074,0.0540742,0.231044,0.234043,0.285119,0.346142,0.278425,0.631261,0.117069,2.76875,0.280886,0,-0.0993086,2.68456,-0.838288,75.8442,-0.0993086,-0.136378,-0.9528963342308998,-0.13637761399149895,-0.00988875,999,,,,,,,27.9,3.985714285,27.9,3.985714285,,,,,,,,,,,,,,,,,,,"Kyle Farmer","14813",571657
"Jase Bowen","SDP",9,40,37,8,5,2,0,1,5,5,2,0,13,1,0,0,,1,0,0.220049,0.0602679,0.323661,0.186207,0.276405,0.356968,0.277558,0.633373,0.136919,6.37281,0.308594,0,0.030885,3.58232,-1.15566,79.4598,0.030885,-0.0656991,-0.9452932849526405,-0.49532873928546906,-0.010806,999,,,,,,,33.9,3.766666666,33.9,3.766666666,,,,,,,,,,,,,,,,,,,"Jase Bowen","sa3011267",687749
"Nicky Lopez","CHC",6,25,22,5,4,1,0,0,2,1,2,0,4,0,0,0,,0,0,0.22263,0.0821616,0.15343,0.5355,0.294332,0.283321,0.262094,0.577654,0.0606908,4.62998,0.264104,0,-0.0849705,1.9077,-1.02801,66.92,-0.0849705,-0.0155259,-1.0590859726071358,0.10870247520506382,-0.0126048,999,,,,,,,14.9,2.483333333,14.9,2.483333333,,,,,,,,,,,,,,,,,,,"Nicky Lopez","19339",670032
"Lenyn Sosa","TOR",34,145,137,34,22,7,0,5,15,19,6,0,33,1,1,1,,0,0,0.244214,0.0382025,0.223801,0.170699,0.275362,0.398633,0.29045,0.673995,0.154419,2.6619,0.286146,0,-0.286518,14.5074,-2.66778,85.2276,-0.286518,-0.973958,-2.8173460364341736,-2.316551089286804,-0.0131095,487.05999755859375,,,,,,,141.7,4.167647058,141.7,4.167647058,,,,,,,,,,,,,,,,,,,"Lenyn Sosa","22896",672820
"Christopher Morel","MIA",45,194,173,38,23,8,1,7,22,23,17,0,59,2,1,0,,4,2,0.222626,0.0898655,0.304824,0.294811,0.300205,0.399476,0.304926,0.699681,0.17685,5.11194,0.292648,0,-0.316904,21.6194,-1.27911,93.128,-0.316904,-1.26078,-1.8953175842761993,-4.685938715934753,-0.0132205,999,,,,,,,193.5,4.3,193.5,4.3,,,,,,,,,,,,,,,,,,,"Christopher Morel","21897",666624
"Andrew Pintar","MIA",2,10,9,2,1,0,0,0,1,1,1,0,3,0,0,0,,0,0,0.222874,0.072,0.290667,0.247706,0.286096,0.325513,0.271961,0.611609,0.102639,5.79294,0.310044,0,0.0163493,0.842699,-0.331584,70.5463,0.0163493,-0.140968,-0.33058363012969494,-0.1764615699648857,-0.0180245,999,,,,,,,5.2,2.6,5.2,2.6,,,,,,,,,,,,,,,,,,,"Andrew Pintar","sa3020715",801464
"Adrian Del Castillo","ARI",29,123,112,25,15,6,1,4,12,16,10,0,37,1,1,0,,0,0,0.221327,0.0791841,0.30135,0.262765,0.286339,0.376937,0.289144,0.663276,0.155611,3.05243,0.29399,0,-0.116552,12.1807,-2.39475,82.674,-0.116552,0.00473682,-2.649653248488903,-1.6383188576437533,-0.0185296,999,,,,,,,121.7,4.196551724,121.7,4.196551724,,,,,,,,,,,,,,,,,,,"Adrian Del Castillo","29554",680728
"Kyler Fedko","MIN",2,10,9,2,1,0,0,0,1,1,1,0,2,0,0,0,,0,0,0.215278,0.0983607,0.25,0.393443,0.297131,0.349537,0.287083,0.646668,0.134259,4.83724,0.268212,0,0.00860522,0.964719,-0.209564,81.5469,0.00860522,-0.220726,-0.2075440175831318,-0.3272072896361351,-0.0196954,999,,,,,,,5.2,2.6,5.2,2.6,,,,,,,,,,,,,,,,,,,"Kyler Fedko","sa3017561",693459
"Edwin Arroyo","CIN",23,99,92,23,18,4,1,1,10,9,5,0,20,1,1,1,,1,1,0.256461,0.0512821,0.203297,0.252252,0.300184,0.335984,0.280628,0.636168,0.0795229,4.20019,0.317259,0,-0.278893,9.12633,-2.6165,72.9444,-0.278893,-0.442308,-3.46574404835701,-0.051875561475753784,-0.0213712,999,,,,,,,80.6,3.504347826,80.6,3.504347826,,,,,,,,,,,,,,,,,,,"Edwin Arroyo","sa3017626",695490
"Sterlin Thompson","COL",20,84,76,19,12,4,1,2,10,10,6,0,21,2,1,0,,1,1,0.246717,0.0718722,0.243022,0.295743,0.317436,0.386745,0.30975,0.70418,0.140028,5.11203,0.312342,0,-0.142252,9.75474,-0.226666,84.1211,-0.142252,-0.444513,-1.7320587486028671,-1.3496060371398926,-0.0275463,999,,,,,,,89.6,4.48,89.6,4.48,,,,,,,,,,,,,,,,,,,"Sterlin Thompson","31443",694514
"Deyvison De Los Santos","MIA",21,89,83,20,14,3,0,3,10,11,5,0,23,1,1,0,,1,1,0.239082,0.0535062,0.258324,0.207128,0.285598,0.376073,0.287964,0.661671,0.136991,3.97734,0.296219,0,-0.100151,8.7464,-1.82215,81.5085,-0.100151,0.539311,-2.0604391619563103,-1.1998867392539978,-0.0288993,999,,,,,,,83,3.952380952,83,3.952380952,,,,,,,,,,,,,,,,,,,"Deyvison De Los Santos","27969",691277
"Matthew Lugo","LAA",5,20,19,4,3,1,0,0,2,2,1,0,6,0,0,0,,0,0,0.224944,0.0498961,0.318087,0.156863,0.272917,0.378619,0.283169,0.651536,0.153675,5.89,0.312281,0,-0.0433209,1.86628,-0.482292,78.4304,-0.0433209,-0.286557,-0.548627071082592,-0.49952034652233124,-0.0372059,999,,,,,,,9.3,1.86,9.3,1.86,,,,,,,,,,,,,,,,,,,"Matthew Lugo","25980",683090
"Zac Veen","COL",16,70,63,15,10,3,0,2,8,8,5,0,17,1,0,0,,2,1,0.239796,0.0781609,0.250575,0.311927,0.30485,0.377551,0.298523,0.682401,0.137755,5.93414,0.304348,0,0.0467379,7.39915,-0.82083,76.4298,0.0467379,-0.0759434,-1.8966784439980984,-0.8213137835264206,-0.0411169,743.6599731445312,,,,,,,67.5,4.21875,67.5,4.21875,,,,,,,,,,,,,,,,,,,"Zac Veen","27770",691728
"Sandy León","ATL",14,55,48,8,5,1,0,1,3,5,5,0,19,1,0,1,,0,0,0.16021,0.0920284,0.357656,0.25731,0.245891,0.265423,0.233308,0.511314,0.105213,1.98751,0.234395,0,-0.020137,2.91187,-3.52992,44.9376,-0.020137,0.216332,-3.5780317168682814,1.2811466455459595,-0.0492948,999,,,,,,,27.1,1.935714285,27.1,1.935714285,,,,,,,,,,,,,,,,,,,"Sandy Leon","5273",506702
"Noelvi Marte","CIN",44,189,174,43,29,8,1,5,23,23,11,0,44,2,1,0,,5,2,0.24919,0.0605564,0.23288,0.260032,0.300913,0.396154,0.302846,0.697067,0.146964,5.30636,0.301564,0,-0.124984,20.7462,-1.56522,88.164,-0.124984,-2.0788,-2.7738684341311455,-4.101943731307983,-0.0602834,147.7100067138672,,,,,,,185.6,4.218181818,185.6,4.218181818,,,,,,,,,,,,,,,,,,,"Noelvi Marte","26517",682622
"Charlie Condon","COL",24,104,93,22,15,4,1,3,10,13,8,0,31,3,0,0,,0,0,0.239474,0.0774648,0.293427,0.264,0.316901,0.381579,0.308491,0.69848,0.142105,3.62456,0.325203,0,-0.274061,11.9433,-0.386708,83.2583,-0.274061,0.397571,-2.344648092985153,-1.7498051226139069,-0.0634622,999,,,,,,,108.7,4.529166666,108.7,4.529166666,,,,,,,,,,,,,,,,,,,"Charlie Condon","sa3025257",809707
"Jarred Kelenic","CHW",19,80,73,17,11,3,0,2,8,8,7,0,24,0,0,0,,1,1,0.228394,0.0853012,0.295553,0.288615,0.294462,0.36936,0.290708,0.663822,0.140967,4.36363,0.307085,0,-0.155951,8.0209,-1.45506,84.5447,-0.155951,-0.950011,-1.6168155372142792,-1.880875587463379,-0.0752907,999,,,,,,,69.8,3.67368421,69.8,3.67368421,,,,,,,,,,,,,,,,,,,"Jarred Kelenic","22558",672284
"Adam Frazier","LAA",44,189,170,40,28,8,1,3,21,17,13,0,37,3,1,2,,2,2,0.233209,0.0681003,0.195418,0.348485,0.29599,0.337344,0.280395,0.633334,0.104135,4.2537,0.280697,0,-0.466274,17.3043,-5.0071,76.5193,-0.466274,-1.33841,-5.692015707492828,-1.6933461725711823,-0.0903039,999,,,,,,,157.3,3.575,157.3,3.575,,,,,,,,,,,,,,,,,,,"Adam Frazier","15223",624428
"Wilmer Flores",,23,99,89,20,14,4,0,3,9,12,8,0,18,1,1,0,,0,0,0.224658,0.0786241,0.179361,0.438356,0.29484,0.356164,0.287632,0.651005,0.131507,1.15621,0.249123,0,-0.15153,9.69148,-2.05136,82.2966,-0.15153,0,-2.2309962660074234,-2.129629611968994,-0.101802,999,,,,,,,89.8,3.904347826,89.8,3.904347826,,,,,,,,,,,,,,,,,,,"Wilmer Flores","5827",527038
"Sebastián Rivero","LAA",13,50,46,9,6,2,0,1,4,4,2,0,12,1,0,1,,0,0,0.195469,0.0449912,0.231511,0.194337,0.241812,0.288026,0.234999,0.529838,0.0925566,2.93641,0.244732,0,-0.0944782,2.73782,-3.16715,45.2475,-0.0944782,-0.426535,-3.3194948211312294,0.5495452582836151,-0.107318,999,,,,,,,28.6,2.2,28.6,2.2,,,,,,,,,,,,,,,,,,,"Sebastian Rivero","21735",665861
"Felix Reyes","PHI",20,84,81,20,13,4,0,2,9,10,3,0,16,0,1,0,,1,0,0.242565,0.0326963,0.195116,0.167573,0.269426,0.37905,0.279992,0.648476,0.136485,4.63849,0.278809,0,-0.072281,7.71375,-2.26766,75.7782,-0.072281,-0.413234,-2.4973880276083946,-1.4248075485229492,-0.113543,999,,,,,,,72.3,3.615,72.3,3.615,,,,,,,,,,,,,,,,,,,"Felix Reyes","28763",694025
"Nick Castellanos","SDP",46,200,186,45,29,9,1,6,21,25,11,1,49,2,1,0,,2,0,0.239882,0.0570798,0.243059,0.234839,0.287711,0.390878,0.293635,0.678589,0.150996,4.04036,0.292276,0,-0.0378229,20.5287,-3.16119,90.4734,-0.0378229,-1.74816,-2.3015877828001976,-5.543225526809692,-0.119684,631.0399780273438,,,,,,,197,4.282608695,197,4.282608695,,,,,,,,,,,,,,,,,,,"Nick Castellanos","11737",592206
"Enrique Hernández","LAD",33,144,131,28,18,6,0,4,16,16,10,0,35,0,2,0,,0,0,0.214953,0.0710227,0.241477,0.294118,0.270655,0.345794,0.27018,0.61645,0.130841,2.51792,0.25974,0,-0.277662,12.0107,-5.01638,71.1762,-0.277662,-0.809466,-5.200598448514938,-0.8627067506313324,-0.12949,999,,,,,,,110.8,3.357575757,110.8,3.357575757,,,,,,,,,,,,,,,,,,,"Enrique Hernandez","10472",571771
"Jacob Berry","MIA",14,60,54,12,8,3,0,1,6,6,4,0,13,1,0,0,,1,0,0.22449,0.0718686,0.211499,0.339806,0.290123,0.335601,0.276794,0.625724,0.111111,5.26034,0.275449,0,-0.0184949,5.29018,-1.75552,73.8571,-0.0184949,-0.968226,-1.8661065809428692,-1.5361270904541016,-0.144976,999,,,,,,,48.2,3.442857142,48.2,3.442857142,,,,,,,,,,,,,,,,,,,"Jacob Berry","sa3019825",694351
"Jose Fernandez","ARI",71,308,290,69,50,11,2,6,33,32,13,0,77,2,2,2,,5,2,0.238401,0.0408864,0.248185,0.164742,0.273261,0.350458,0.272103,0.623719,0.112057,5.24227,0.302927,0,-0.119107,26.1849,-10.2536,71.0005,-0.119107,-1.71964,-10.7185780107975,-6.6126909255981445,-0.722747,999,,,,,,,245,3.450704225,245,3.450704225,,,,,,,,,,,,,,,,,,,"Jose Fernandez","28020",699912