Name,Team,G,PA,AB,H,1B,2B,3B,HR,R,RBI,BB,IBB,SO,HBP,SF,SH,GDP,SB,CS,AVG,BB%,K%,BB/K,OBP,SLG,wOBA,OPS,ISO,Spd,BABIP,UBR,wSB,wRC,wRAA,wRC+,BsR,Fld,Off,Def,WAR,ADP,InterSD,InterSK,IntraSD,Vol,Skew,Dim,FPTS,FPTS/G,SPTS,SPTS/G,P10,P20,P30,P40,P50,P60,P70,P80,P90,TT10,TT20,TT30,TT40,TT50,TT60,TT70,TT80,TT90,NameASCII,PlayerId,MLBAMID
"Aaron Judge","NYY",103,453,366,105,53,19,1,33,80,83,80,15,116,4,2,0,,7,2,0.286005,0.177492,0.256416,0.692202,0.418381,0.607216,0.424147,1.0256,0.32121,3.85862,0.328735,0,-0.449494,94.3971,40.8643,177.851,-0.449494,3.43906,41.12176471948624,-2.0242109298706055,5.59648,1.850000023841858,,,,,,,852.7,8.278640776,852.7,8.278640776,,,,,,,,,,,,,,,,,,,"Aaron Judge","15640",592450
"Bobby Witt Jr.","KCR",109,472,427,125,74,27,5,19,67,65,39,4,81,4,3,0,,24,7,0.291989,0.0815791,0.171847,0.474721,0.353058,0.510856,0.366752,0.863914,0.218867,6.76458,0.32061,0,1.4349,76.3945,20.5902,134.169,1.4349,7.78482,20.454871654510498,12.706110000610352,5.05683,3.0999999046325684,,,,,,,713.4,6.544954128,713.4,6.544954128,,,,,,,,,,,,,,,,,,,"Bobby Witt Jr.","25764",677951
"Shohei Ohtani","LAD",109,491,415,116,60,21,3,31,91,87,68,13,119,5,3,0,,20,3,0.280216,0.139011,0.242023,0.574373,0.385263,0.572748,0.398485,0.958012,0.292533,6.71814,0.317633,0,1.91297,92.1572,34.0879,159.07,1.91297,0,36.3195698261261,-10.722375869750977,4.29295,1.2699999809265137,,,,,,,852.6,7.822018348,852.6,7.822018348,,,,,,,,,,,,,,,,,,,"Shohei Ohtani","19755",660271
"Elly De La Cruz","CIN",109,472,423,115,68,24,4,19,74,67,43,3,127,2,3,1,,27,7,0.272303,0.0920506,0.268923,0.342293,0.341181,0.481225,0.351416,0.822405,0.208921,7.30333,0.34432,0,1.86455,70.4443,14.695,121.436,1.86455,2.16824,13.851792812347412,6.759059906005859,3.7159,8.449999809265137,,,,,,,658.7,6.043119266,658.7,6.043119266,,,,,,,,,,,,,,,,,,,"Elly De La Cruz","26668",682829
"Juan Soto","NYM",104,452,364,99,57,16,2,24,71,67,83,7,79,2,3,1,,15,3,0.270843,0.183782,0.173525,1.05911,0.40638,0.520806,0.395294,0.927185,0.249963,5.22931,0.282599,0,0.913697,83.6608,30.2066,159.675,0.913697,-4.13604,32.91064119338989,-11.899953365325928,3.69065,4.650000095367432,,,,,,,748.9,7.200961538,748.9,7.200961538,,,,,,,,,,,,,,,,,,,"Juan Soto","20123",665742
"Corbin Carroll","ARI",110,475,411,107,57,21,10,19,81,66,53,2,105,7,3,1,,24,4,0.259638,0.112029,0.221875,0.50492,0.351799,0.498139,0.362616,0.849938,0.2385,8.31716,0.30211,0,2.31773,75.2982,19.1285,133.004,2.31773,4.67464,20.913105964660645,-0.6736931800842285,3.69002,14.100000381469727,,,,,,,699.1,6.355454545,699.1,6.355454545,,,,,,,,,,,,,,,,,,,"Corbin Carroll","25878",682998
"Francisco Lindor","NYM",100,444,393,101,63,19,2,16,65,56,40,1,82,8,2,0,,15,3,0.256963,0.0909906,0.184414,0.493404,0.335862,0.440664,0.337043,0.776526,0.183701,6.00544,0.284878,0,1.02644,61.0448,8.63809,119.771,1.02644,4.23638,11.419764995574951,8.743465423583984,3.57374,25.350000381469727,,,,,,,553.6,5.536,553.6,5.536,,,,,,,,,,,,,,,,,,,"Francisco Lindor","12916",596019
"Pete Crow-Armstrong","CHC",109,439,401,101,61,19,4,17,63,62,25,1,108,7,2,4,,23,6,0.251829,0.0572608,0.245421,0.233317,0.306525,0.445657,0.323193,0.752181,0.193827,7.82789,0.302299,0,1.60121,55.5186,3.61546,108.775,1.60121,11.9683,6.169533729553223,13.602124691009521,3.51916,32.939998626708984,,,,,,,525.2,4.818348623,525.2,4.818348623,,,,,,,,,,,,,,,,,,,"Pete Crow-Armstrong","27769",691718
"Julio Rodríguez","SEA",108,473,430,115,74,21,1,20,66,66,35,3,107,7,2,0,,18,5,0.268104,0.073817,0.225787,0.326933,0.331065,0.459257,0.33926,0.790322,0.191153,5.27813,0.312628,0,0.803849,66.0123,10.0726,124.779,0.803849,2.07392,14.630213260650635,3.4474774599075317,3.51766,9.489999771118164,,,,,,,614.8,5.692592592,614.8,5.692592592,,,,,,,,,,,,,,,,,,,"Julio Rodriguez","23697",677594
"Cal Raleigh","SEA",105,435,379,83,42,14,0,26,55,70,51,5,124,3,3,0,,4,2,0.218485,0.117108,0.283767,0.412692,0.31374,0.463377,0.330576,0.777117,0.244892,2.89685,0.244191,0,-0.383506,57.6521,6.19519,118.797,-0.383506,6.80468,9.264622658491135,9.594238042831421,3.46391,18.729999542236328,,,,,,,534.8,5.093333333,534.8,5.093333333,,,,,,,,,,,,,,,,,,,"Cal Raleigh","21534",663728
"Fernando Tatis Jr.","SDP",108,468,407,108,70,19,2,17,67,58,52,3,96,4,4,0,,19,6,0.264308,0.111427,0.205782,0.54148,0.350407,0.442236,0.343269,0.792643,0.177928,5.48582,0.305099,0,0.642032,66.7414,11.4741,124.474,0.642032,6.95107,14.209764301776886,3.9099490642547607,3.44713,14.010000228881836,,,,,,,611.4,5.661111111,611.4,5.661111111,,,,,,,,,,,,,,,,,,,"Fernando Tatis Jr.","19709",665487
"William Contreras","MIL",111,476,417,114,77,22,1,13,63,62,54,3,85,2,3,0,,4,1,0.272968,0.113467,0.178853,0.634416,0.357357,0.426621,0.341477,0.783978,0.153652,3.21361,0.312477,0,-0.628681,67.2436,10.9869,120.263,-0.628681,1.58496,10.805427253246307,6.566715359687805,3.39917,56.560001373291016,,,,,,,585.9,5.278378378,585.9,5.278378378,,,,,,,,,,,,,,,,,,,"William Contreras","20503",661388
"Gunnar Henderson","BAL",109,470,419,109,64,22,4,20,67,61,44,2,107,4,3,0,,15,3,0.261069,0.0938605,0.227104,0.413293,0.335151,0.472137,0.346377,0.807289,0.211069,6.43567,0.30417,0,0.937016,68.1821,12.7028,124.594,0.937016,-1.68534,14.54749584197998,2.1359747648239136,3.36128,12.510000228881836,,,,,,,630.1,5.780733944,630.1,5.780733944,,,,,,,,,,,,,,,,,,,"Gunnar Henderson","26289",683002
"José Ramírez","CLE",107,459,402,106,62,23,2,19,64,61,51,13,56,3,3,0,,25,4,0.263716,0.11169,0.122595,0.911049,0.348846,0.469425,0.344441,0.818271,0.205709,5.91643,0.265099,0,2.47478,65.8597,11.6839,123.001,2.47478,3.36293,14.904590845108032,1.6930415630340576,3.31363,6.28000020980835,,,,,,,646.6,6.042990654,646.6,6.042990654,,,,,,,,,,,,,,,,,,,"Jose Ramirez","13510",608070
"Cody Bellinger","NYY",103,436,388,105,66,21,3,16,62,67,41,2,62,2,3,0,,9,3,0.270096,0.0949381,0.142529,0.666094,0.341214,0.459122,0.344404,0.800336,0.189026,5.37332,0.284273,0,0.0528461,62.5537,11.0866,122.919,0.0528461,7.93346,11.819109071046114,4.068826913833618,3.16025,80.98999786376953,,,,,,,566.1,5.496116504,566.1,5.496116504,,,,,,,,,,,,,,,,,,,"Cody Bellinger","15998",641355
"Wyatt Langford","TEX",95,395,348,92,54,19,3,16,56,54,42,2,88,3,2,0,,13,3,0.264113,0.106532,0.223581,0.476481,0.34664,0.474411,0.352932,0.821051,0.210298,6.06365,0.30761,0,0.773732,59.4658,12.7897,129.071,0.773732,6.30657,14.308870077133179,2.4099252223968506,3.10239,37.75,,,,,,,541.1,5.695789473,541.1,5.695789473,,,,,,,,,,,,,,,,,,,"Wyatt Langford","33333",694671
"Geraldo Perdomo","ARI",110,435,365,95,64,18,4,9,60,46,56,1,58,4,3,7,,16,4,0.260219,0.12932,0.132208,0.978158,0.362941,0.401557,0.338228,0.764498,0.141339,6.12663,0.286064,0,0.54746,60.2959,8.89151,116.298,0.54746,1.91233,8.951051771640778,6.802072167396545,3.09364,76.7699966430664,,,,,,,525.8,4.78,525.8,4.78,,,,,,,,,,,,,,,,,,,"Geraldo Perdomo","22799",672695
"Nico Hoerner","CHC",109,463,421,116,84,22,2,8,57,50,31,1,41,8,4,0,,19,4,0.27526,0.0677348,0.0893547,0.758044,0.334074,0.391492,0.318351,0.725565,0.116232,5.96242,0.288404,0,1.3901,56.7461,1.99254,105.458,1.3901,8.42275,4.387819886207581,10.300313830375671,3.08123,101.93000030517578,,,,,,,520.9,4.778899082,520.9,4.778899082,,,,,,,,,,,,,,,,,,,"Nico Hoerner","21479",663538
"Adley Rutschman","BAL",91,378,335,86,53,20,1,13,44,48,39,1,61,2,2,0,,1,0,0.25692,0.102424,0.160469,0.638279,0.335732,0.436526,0.334995,0.772257,0.179605,2.12129,0.276849,0,-0.493141,51.4308,6.73772,116.754,-0.493141,4.61106,6.975759327411652,9.384409427642822,3.00657,148.92999267578125,,,,,,,457.4,5.026373626,457.4,5.026373626,,,,,,,,,,,,,,,,,,,"Adley Rutschman","26288",668939
"Yordan Alvarez","HOU",86,360,307,91,51,19,1,21,50,55,46,8,62,5,2,0,,2,1,0.295922,0.127163,0.172035,0.739167,0.393912,0.563057,0.401268,0.956969,0.267135,2.65493,0.30965,0,-0.540467,68.3363,25.7894,161.537,-0.540467,-0.495765,25.576186418533325,-8.672389775514603,2.99819,33.38999938964844,,,,,,,614.8,7.148837209,614.8,7.148837209,,,,,,,,,,,,,,,,,,,"Yordan Alvarez","19556",670541
"Shea Langeliers","ATH",100,404,367,101,55,21,1,24,57,69,32,1,89,3,2,0,,2,1,0.273796,0.0787257,0.220699,0.356711,0.334384,0.526586,0.365604,0.860971,0.252791,3.32081,0.299703,0,-0.356312,65.0282,17.2514,133.575,-0.356312,-3.95949,15.64474105834961,-0.3856375217437744,2.98587,54.04999923706055,,,,,,,596.8,5.968,596.8,5.968,,,,,,,,,,,,,,,,,,,"Shea Langeliers","25816",669127
"Kyle Tucker","LAD",100,424,362,96,56,20,1,19,65,64,56,3,64,2,3,1,,13,2,0.264312,0.132957,0.151933,0.875103,0.364314,0.481531,0.363542,0.845844,0.217219,5.41055,0.273289,0,1.14582,67.4874,17.3822,135.132,1.14582,0.569839,18.80301785469055,-3.846073269844055,2.97473,13.130000114440918,,,,,,,611,6.11,611,6.11,,,,,,,,,,,,,,,,,,,"Kyle Tucker","18345",663656
"Ronald Acuña Jr.","ATL",84,377,314,88,55,16,2,16,67,45,55,2,78,5,3,0,,18,5,0.280693,0.147153,0.207853,0.707965,0.393775,0.494821,0.383307,0.888596,0.214128,6.14045,0.324254,0,0.885119,65.9833,21.4819,147.692,0.885119,-2.43734,22.173754334449768,-6.274147272109985,2.90963,5.260000228881836,,,,,,,587.2,6.99047619,587.2,6.99047619,,,,,,,,,,,,,,,,,,,"Ronald Acuna Jr.","18401",660670
"Vladimir Guerrero Jr.","TOR",110,474,414,120,79,23,0,19,66,67,53,7,62,4,3,0,,4,1,0.291042,0.112613,0.130131,0.865385,0.375832,0.481288,0.367244,0.85712,0.190246,3.01773,0.303105,0,-0.491312,76.9119,20.868,138.128,-0.491312,-0.374146,20.823619931936264,-9.05008128285408,2.87577,18.049999237060547,,,,,,,679.1,6.173636363,679.1,6.173636363,,,,,,,,,,,,,,,,,,,"Vladimir Guerrero Jr.","19611",665489
"Brice Turang","MIL",111,454,400,107,74,20,2,11,65,55,48,1,93,1,3,3,,21,5,0.267366,0.104871,0.205478,0.510373,0.344071,0.411407,0.330601,0.755478,0.144041,6.11291,0.321104,0,1.5458,60.1083,6.4671,112.812,1.5458,2.39608,8.439340233802795,4.076509118080139,2.82691,48.18000030517578,,,,,,,544.9,4.909009009,544.9,4.909009009,,,,,,,,,,,,,,,,,,,"Brice Turang","22186",668930
"Byron Buxton","MIN",86,355,319,80,40,16,3,22,59,51,28,2,99,6,2,0,,10,0,0.251418,0.0782615,0.277364,0.282162,0.321442,0.521688,0.356166,0.84313,0.27027,7.31993,0.291505,0,1.50851,54.4393,12.441,129.135,1.50851,1.54822,13.714033961296082,1.4927804358303547,2.80821,73.4800033569336,,,,,,,520.3,6.05,520.3,6.05,,,,,,,,,,,,,,,,,,,"Byron Buxton","14161",621439
"James Wood","WSN",109,476,407,105,57,25,2,21,68,67,63,5,142,3,2,0,,11,4,0.258149,0.132304,0.298439,0.443318,0.360502,0.482655,0.36077,0.843157,0.224506,4.93063,0.341521,0,-0.157387,74.6347,18.4283,132.744,-0.157387,-1.41479,18.303592786192894,-6.957216143608093,2.78121,37.790000915527344,,,,,,,670,6.14678899,670,6.14678899,,,,,,,,,,,,,,,,,,,"James Wood","29518",695578
"Alejandro Kirk","TOR",77,288,256,68,49,11,0,8,26,36,29,1,36,2,2,0,,1,0,0.265203,0.0997472,0.12445,0.801504,0.343033,0.40435,0.327719,0.747383,0.139147,1.50711,0.279711,0,-0.399193,37.4973,3.43238,110.901,-0.399193,8.41488,3.30482280254364,13.711413383483887,2.75677,160.25,,,,,,,326.8,4.244155844,326.8,4.244155844,,,,,,,,,,,,,,,,,,,"Alejandro Kirk","22581",672386
"Matt Olson","ATL",109,472,411,105,55,26,1,23,65,69,55,3,115,3,3,0,,1,0,0.254211,0.116342,0.243404,0.477979,0.343948,0.487173,0.355205,0.831121,0.232962,2.45899,0.295115,0,-0.523269,71.9605,16.161,128.441,-0.523269,4.02188,15.395377933979034,-4.319637298583984,2.74179,48.0099983215332,,,,,,,650.2,5.965137614,650.2,5.965137614,,,,,,,,,,,,,,,,,,,"Matt Olson","14344",621566
"Andy Pages","LAD",107,425,388,103,64,20,1,18,54,65,27,0,94,7,3,1,,8,3,0.265659,0.0627171,0.220262,0.284738,0.321555,0.461538,0.337244,0.783094,0.195879,4.58863,0.305167,0,-0.209065,58.5424,8.34367,117.117,-0.209065,2.02124,8.410089910030365,3.599976897239685,2.67592,133.4199981689453,,,,,,,530.5,4.957943925,530.5,4.957943925,,,,,,,,,,,,,,,,,,,"Andy Pages","24816",681624
"Michael Harris II","ATL",108,421,396,111,73,20,3,15,50,57,18,1,81,3,3,1,,13,3,0.279548,0.0419275,0.19203,0.218338,0.313112,0.458653,0.330579,0.771765,0.179104,5.71342,0.315655,0,0.818356,55.6949,5.98559,111.571,0.818356,5.25889,6.588054120540619,5.506883308291435,2.6705,99.06999969482422,,,,,,,521,4.824074074,521,4.824074074,,,,,,,,,,,,,,,,,,,"Michael Harris II","25931",671739
"Mookie Betts","LAD",87,381,333,89,56,17,1,14,57,52,43,2,46,3,2,0,,5,1,0.266635,0.113611,0.120039,0.946449,0.353828,0.452175,0.349281,0.806004,0.185541,4.60457,0.271619,0,-0.0888208,56.2748,11.216,125.363,-0.0888208,-1.71453,11.374472312629223,1.9699491262435913,2.66427,60.58000183105469,,,,,,,496.7,5.709195402,496.7,5.709195402,,,,,,,,,,,,,,,,,,,"Mookie Betts","13611",605141
"Junior Caminero","TBR",111,464,423,113,68,19,1,26,61,78,36,1,85,2,3,0,,4,1,0.267011,0.0773263,0.1829,0.42278,0.3259,0.500065,0.352308,0.825965,0.233054,3.00564,0.275499,0,-0.574566,69.6264,14.7903,126.353,-0.574566,-5.42229,13.84024316072464,-3.7968595027923584,2.66274,16.479999542236328,,,,,,,633.8,5.709909909,633.8,5.709909909,,,,,,,,,,,,,,,,,,,"Junior Caminero","28163",691406
"Drake Baldwin","ATL",92,376,333,91,57,16,1,17,49,57,37,1,74,4,2,0,,0,0,0.274036,0.0977371,0.196324,0.497835,0.35157,0.484722,0.359833,0.836293,0.210686,2.54457,0.303225,0,-0.553612,58.7411,14.2885,131.612,-0.553612,-0.408966,13.541783571243286,-0.06273731589317322,2.66057,78.62999725341797,,,,,,,511.5,5.559782608,511.5,5.559782608,,,,,,,,,,,,,,,,,,,"Drake Baldwin","31539",686948
"Zach Neto","LAA",106,442,389,96,55,23,1,18,63,57,37,3,115,12,2,1,,17,7,0.246782,0.0840786,0.261042,0.322089,0.329105,0.446042,0.334568,0.775148,0.19926,5.68388,0.303057,0,-0.114944,59.9144,7.71618,113.837,-0.114944,-1.09975,7.089726239442825,3.666800856590271,2.65705,32.29999923706055,,,,,,,549.9,5.187735849,549.9,5.187735849,,,,,,,,,,,,,,,,,,,"Zach Neto","31347",687263
"Riley Greene","DET",107,446,398,110,67,23,2,18,60,66,43,1,122,2,2,0,,2,2,0.275844,0.0971817,0.273854,0.354867,0.348683,0.478977,0.356149,0.82766,0.203133,3.41262,0.35262,0,-0.953339,68.2745,15.5983,129.631,-0.953339,1.1087,14.616049945354462,-4.283485054969788,2.62792,78.4800033569336,,,,,,,598.5,5.593457943,598.5,5.593457943,,,,,,,,,,,,,,,,,,,"Riley Greene","25976",682985
"Corey Seager","TEX",86,371,323,79,47,16,0,17,49,49,42,6,77,3,3,0,,2,0,0.244949,0.113557,0.206903,0.54884,0.335582,0.448155,0.335127,0.783737,0.203206,2.68853,0.269014,0,-0.247953,50.4945,6.64964,116.806,-0.247953,1.45058,7.101945921778679,5.340310215950012,2.58042,95.08999633789062,,,,,,,464.4,5.4,464.4,5.4,,,,,,,,,,,,,,,,,,,"Corey Seager","13624",608369
"Matt Chapman","SFG",99,403,354,86,49,21,2,14,52,46,43,1,99,5,2,0,,4,2,0.242616,0.106592,0.24647,0.432476,0.331532,0.429325,0.331252,0.760857,0.186709,4.29625,0.296881,0,-0.468683,53.6318,5.9606,114.897,-0.468683,3.89083,6.654515385627747,5.106732606887817,2.5776,163.6199951171875,,,,,,,477.5,4.823232323,477.5,4.823232323,,,,,,,,,,,,,,,,,,,"Matt Chapman","16505",656305
"Jackson Merrill","SDP",101,404,370,97,60,20,3,14,52,54,27,2,83,2,2,3,,7,2,0.262099,0.0674082,0.206496,0.326438,0.314941,0.446939,0.326528,0.76188,0.18484,5.50378,0.301769,0,0.0969986,52.1809,4.42138,113.006,0.0969986,3.43918,6.327607527375221,4.952923536300659,2.53096,70.79000091552734,,,,,,,474.6,4.6990099,474.6,4.6990099,,,,,,,,,,,,,,,,,,,"Jackson Merrill","29490",701538
"Nick Kurtz","ATH",102,436,372,97,53,21,1,22,67,72,59,4,122,3,2,0,,3,1,0.260668,0.136199,0.279704,0.486941,0.364643,0.498113,0.369289,0.862756,0.237446,3.82719,0.326265,0,-0.489148,71.382,19.8948,136.114,-0.489148,-0.70118,18.058177411556244,-8.519926309585571,2.5112,19.8700008392334,,,,,,,633.5,6.210784313,633.5,6.210784313,,,,,,,,,,,,,,,,,,,"Nick Kurtz","35110",701762
"Maikel Garcia","KCR",108,454,409,109,75,24,3,8,59,48,40,0,68,1,3,2,,16,5,0.267049,0.0875938,0.149003,0.587864,0.330639,0.395358,0.318188,0.725997,0.128309,5.90199,0.301462,0,0.306915,55.5173,1.89155,100.715,0.306915,6.55417,0.6894902884960175,8.130340814590454,2.50147,63.150001525878906,,,,,,,502.7,4.654629629,502.7,4.654629629,,,,,,,,,,,,,,,,,,,"Maikel Garcia","22715",672580
"Ceddanne Rafaela","BOS",107,417,386,102,66,21,3,12,56,54,20,0,91,7,2,1,,14,6,0.265195,0.0487595,0.217931,0.223739,0.312718,0.428112,0.320699,0.74083,0.162917,6.32141,0.317222,0,-0.277543,51.8795,2.58903,101.265,-0.277543,8.15648,0.34463703632354736,9.673280358314514,2.49477,125.02999877929688,,,,,,,466.8,4.362616822,466.8,4.362616822,,,,,,,,,,,,,,,,,,,"Ceddanne Rafaela","24262",678882
"Trea Turner","PHI",100,442,406,111,76,20,2,12,63,48,31,1,84,3,3,0,,17,3,0.272369,0.0691597,0.189527,0.364908,0.325918,0.420362,0.324091,0.74628,0.147993,6.27637,0.31589,0,1.58724,56.2225,3.96276,105.987,1.58724,0.409484,4.725672245025635,4.826784610748291,2.48389,26.780000686645508,,,,,,,523.7,5.237,523.7,5.237,,,,,,,,,,,,,,,,,,,"Trea Turner","16252",607208
"Pete Alonso","BAL",109,467,415,109,59,25,1,24,59,72,42,4,104,8,3,0,,2,1,0.262299,0.089391,0.222793,0.401228,0.339435,0.498908,0.357118,0.838343,0.236609,2.45717,0.293237,0,-0.616183,71.9448,16.7204,131.993,-0.616183,-0.365697,17.007724404335022,-8.9461110830307,2.47156,24.440000534057617,,,,,,,650.2,5.965137614,650.2,5.965137614,,,,,,,,,,,,,,,,,,,"Pete Alonso","19251",624413
"Ketel Marte","ARI",98,416,367,95,57,19,3,17,58,53,43,3,70,4,2,0,,3,1,0.258698,0.103083,0.168133,0.613105,0.34138,0.460155,0.344717,0.801535,0.201457,4.46305,0.277438,0,-0.312316,59.9176,10.7063,120.743,-0.312316,0.93463,9.926872968673706,0.3206025958061218,2.46712,32.63999938964844,,,,,,,540.9,5.519387755,540.9,5.519387755,,,,,,,,,,,,,,,,,,,"Ketel Marte","13613",606466
"Dansby Swanson","CHC",106,431,384,90,58,16,2,14,58,53,40,1,106,2,3,0,,9,2,0.233435,0.0931926,0.247276,0.376877,0.306986,0.391184,0.305172,0.698169,0.157749,5.54881,0.284091,0,0.518033,48.1213,-2.75577,96.4303,0.518033,6.50608,-1.3037142753601074,10.90614938735962,2.44915,152.30999755859375,,,,,,,446.9,4.216037735,446.9,4.216037735,,,,,,,,,,,,,,,,,,,"Dansby Swanson","18314",621020
"Bo Bichette","NYM",102,443,409,112,79,22,1,11,51,55,29,1,73,2,3,0,,4,2,0.27473,0.0658742,0.16572,0.397502,0.323526,0.411105,0.319385,0.734631,0.136376,3.09466,0.309484,0,-0.896359,54.6328,2.27713,107.675,-0.896359,3.69875,3.13429594039917,5.962405443191528,2.44003,92.86000061035156,,,,,,,486.1,4.765686274,486.1,4.765686274,,,,,,,,,,,,,,,,,,,"Bo Bichette","19612",666182
"Xavier Edwards","MIA",97,416,370,107,84,16,4,4,54,36,39,1,55,1,2,3,,18,4,0.28964,0.0946089,0.130967,0.722385,0.358023,0.38446,0.328302,0.742483,0.0948201,6.25382,0.328968,0,0.952682,54.3364,5.1527,109.141,0.952682,3.40999,5.462507843971252,4.318608999252319,2.41861,182.42999267578125,,,,,,,479,4.938144329,479,4.938144329,,,,,,,,,,,,,,,,,,,"Xavier Edwards","22266",669364
"Ben Rice","NYY",93,368,319,83,43,17,1,21,57,58,41,1,82,6,3,0,,3,1,0.259105,0.110304,0.222057,0.496736,0.35019,0.51871,0.370566,0.8689,0.259606,4.02031,0.281462,0,-0.42392,60.6082,17.167,140.941,-0.42392,0.282098,17.316747039556503,-6.582966536283493,2.39359,53.189998626708984,,,,,,,542.1,5.829032258,542.1,5.829032258,,,,,,,,,,,,,,,,,,,"Ben Rice","29576",700250
"Kyle Schwarber","PHI",108,482,402,90,41,15,1,33,70,77,71,3,142,6,2,0,,4,1,0.222944,0.147935,0.295648,0.500374,0.347209,0.508753,0.365196,0.855963,0.285809,3.68727,0.248966,0,-0.45448,77.2964,20.3888,134.146,-0.45448,-0.42861,19.03670248389244,-11.815851241350174,2.37933,24.690000534057617,,,,,,,697.2,6.455555555,697.2,6.455555555,,,,,,,,,,,,,,,,,,,"Kyle Schwarber","16478",656941
"Xander Bogaerts","SDP",97,395,356,94,68,16,1,10,45,42,34,1,72,3,2,0,,11,1,0.264443,0.0858713,0.181314,0.473605,0.331862,0.393632,0.318233,0.725494,0.129189,4.63948,0.305621,0,1.0968,48.2811,1.65885,107.324,1.0968,1.20196,4.521799802780151,5.567287802696228,2.37628,237.1999969482422,,,,,,,445.6,4.593814432,445.6,4.593814432,,,,,,,,,,,,,,,,,,,"Xander Bogaerts","12161",593428
"Will Smith","LAD",86,347,299,77,50,13,1,12,45,44,39,2,67,6,3,0,,1,1,0.256557,0.113188,0.194389,0.582278,0.350792,0.431044,0.340611,0.781835,0.174487,3.10039,0.290006,0,-0.621939,48.6958,7.7524,119.424,-0.621939,-0.846467,7.355155944824219,4.328937530517578,2.37576,95.69000244140625,,,,,,,422.5,4.912790697,422.5,4.912790697,,,,,,,,,,,,,,,,,,,"Will Smith","19197",669257
"JJ Wetherholt","STL",91,402,348,87,63,13,1,9,53,47,41,1,67,10,3,0,,10,1,0.249263,0.102539,0.166693,0.615137,0.343721,0.373972,0.319142,0.717694,0.124709,5.38064,0.282042,0,0.740625,49.4857,1.98668,106.356,0.740625,4.6435,3.768791615962982,6.03522801399231,2.37239,999,,,,,,,436.4,4.795604395,436.4,4.795604395,,,,,,,,,,,,,,,,,,,"JJ Wetherholt","34985",802139
"Jackson Chourio","MIL",97,406,376,104,62,25,2,14,57,59,24,1,85,2,2,1,,14,4,0.276267,0.060179,0.209537,0.287199,0.3216,0.466716,0.337233,0.788316,0.190448,6.13946,0.322214,0,0.532489,55.9598,7.97246,117.355,0.532489,4.11474,8.886445701122284,0.48401379585266113,2.34211,19.3799991607666,,,,,,,515.3,5.312371134,515.3,5.312371134,,,,,,,,,,,,,,,,,,,"Jackson Chourio","28806",694192
"CJ Abrams","WSN",109,453,408,107,66,22,3,15,64,59,31,2,86,11,3,1,,21,5,0.262325,0.0680319,0.189854,0.358339,0.328343,0.444096,0.333107,0.772439,0.181771,6.97418,0.29685,0,1.56952,60.8671,7.37078,113.794,1.56952,-5.6278,8.971444606781006,-1.166219711303711,2.34078,65,,,,,,,565,5.183486238,565,5.183486238,,,,,,,,,,,,,,,,,,,"CJ Abrams","25768",682928
"Ian Happ","CHC",107,460,394,95,55,22,1,17,62,55,60,2,115,4,2,0,,6,2,0.241855,0.130509,0.250365,0.521277,0.345901,0.433149,0.339316,0.77905,0.191294,3.88795,0.29616,0,-0.381831,64.1858,9.81178,119.82,-0.381831,2.40127,10.42817160487175,-2.9290730953216553,2.33476,184.86000061035156,,,,,,,565.1,5.281308411,565.1,5.281308411,,,,,,,,,,,,,,,,,,,"Ian Happ","17919",664023
"Freddie Freeman","LAD",100,432,379,107,66,26,2,14,55,55,45,5,76,5,2,0,,5,1,0.282685,0.104316,0.175054,0.59591,0.364675,0.469878,0.358207,0.834553,0.187193,4.05376,0.319439,0,-0.189045,66.8296,15.8246,131.478,-0.189045,-0.180857,15.915456965565681,-7.501162216067314,2.33127,67.87999725341797,,,,,,,595.3,5.953,595.3,5.953,,,,,,,,,,,,,,,,,,,"Freddie Freeman","5361",518692
"Otto Lopez","MIA",98,394,363,103,74,18,3,8,48,44,24,1,60,4,3,1,,11,4,0.283994,0.0611419,0.152178,0.401778,0.332446,0.413363,0.324335,0.745809,0.129369,5.62678,0.320307,0,-0.273626,50.1565,3.60777,106.424,-0.273626,2.60914,2.7257151305675507,6.937331914901733,2.33057,229.16000366210938,,,,,,,452,4.612244897,452,4.612244897,,,,,,,,,,,,,,,,,,,"Otto Lopez","19608",672640
"Oneil Cruz","PIT",102,421,372,91,53,17,2,19,60,58,44,3,132,3,2,0,,26,4,0.245307,0.103971,0.312546,0.332658,0.328376,0.457086,0.337046,0.785461,0.211778,7.06476,0.323677,0,2.7554,57.9176,8.19659,114.589,2.7554,-2.39382,10.031543016433716,-1.405609369277954,2.31591,92.93000030517578,,,,,,,556.1,5.451960784,556.1,5.451960784,,,,,,,,,,,,,,,,,,,"Oneil Cruz","21711",665833
"Mike Trout","LAA",85,359,296,69,39,12,1,17,50,45,56,5,106,5,2,0,,3,0,0.234257,0.156605,0.296718,0.527792,0.363431,0.452141,0.352345,0.815572,0.217884,3.8662,0.300583,0,0.0324755,53.8193,11.441,126.083,0.0324755,-1.07351,11.058177955448627,-0.9630336612462997,2.29655,178.44000244140625,,,,,,,479.4,5.64,479.4,5.64,,,,,,,,,,,,,,,,,,,"Mike Trout","10155",545361
"Masyn Winn","STL",101,430,388,98,69,19,3,8,56,43,32,0,81,5,3,1,,8,3,0.252744,0.0734664,0.189255,0.388188,0.314703,0.37335,0.302697,0.688053,0.120606,5.51604,0.299083,0,-0.196077,47.1502,-3.61297,95.0904,-0.196077,5.99973,-2.6959826201200485,10.594054222106934,2.27148,364.7799987792969,,,,,,,426,4.217821782,426,4.217821782,,,,,,,,,,,,,,,,,,,"Masyn Winn","27479",691026
"Manny Machado","SDP",106,448,402,100,64,19,0,17,57,61,41,3,91,1,4,0,,6,2,0.248055,0.0913554,0.202691,0.450713,0.316859,0.424738,0.319826,0.741598,0.176684,3.51833,0.27684,0,-0.187484,55.4293,2.4643,108.415,-0.187484,2.14077,4.283235684037209,2.8486984968185425,2.25658,37.52000045776367,,,,,,,504.7,4.761320754,504.7,4.761320754,,,,,,,,,,,,,,,,,,,"Manny Machado","11493",592518
"Max Muncy","LAD",80,318,266,61,34,10,1,16,48,42,48,2,80,4,1,0,,1,0,0.229735,0.150053,0.252879,0.593377,0.352859,0.456661,0.351533,0.80952,0.226926,3.25945,0.262974,0,-0.3168,47.5396,9.94101,126.906,-0.3168,0.399777,9.830553978681564,1.5483413338661194,2.24811,234.3699951171875,,,,,,,418.6,5.2325,418.6,5.2325,,,,,,,,,,,,,,,,,,,"Max Muncy","13301",571970
"Willy Adames","SFG",109,459,413,97,58,22,1,16,55,54,42,1,116,3,2,0,,7,3,0.235887,0.0907553,0.253697,0.357731,0.308707,0.408862,0.31213,0.717569,0.172975,3.81401,0.288245,0,-0.365695,53.9105,-0.344954,101.797,-0.365695,1.09971,0.61252361536026,6.063772082328796,2.24716,133.92999267578125,,,,,,,490,4.495412844,490,4.495412844,,,,,,,,,,,,,,,,,,,"Willy Adames","15986",642715
"Seiya Suzuki","CHC",98,414,363,95,56,18,2,19,53,59,46,2,105,3,2,0,,4,2,0.260461,0.111529,0.252772,0.441221,0.346034,0.477169,0.353098,0.823204,0.216708,4.02955,0.31301,0,-0.814314,62.4169,13.4681,129.261,-0.814314,-0.275954,13.552433133125305,-5.667705655097961,2.21781,113.43000030517578,,,,,,,560.2,5.71632653,560.2,5.71632653,,,,,,,,,,,,,,,,,,,"Seiya Suzuki","30116",673548
"Bryce Harper","PHI",95,406,352,96,55,22,0,19,55,58,50,5,84,2,2,0,,6,2,0.273347,0.122622,0.207565,0.590765,0.365109,0.497119,0.367578,0.862228,0.223772,3.53119,0.308777,0,-0.343839,65.9291,17.9682,135.777,-0.343839,-1.63753,16.867868691682816,-8.774291634559631,2.2107,47.900001525878906,,,,,,,589.8,6.208421052,589.8,6.208421052,,,,,,,,,,,,,,,,,,,"Bryce Harper","11579",547180
"Matt McLain","CIN",103,422,369,90,56,18,2,14,54,52,44,0,111,5,2,2,,13,3,0.243041,0.103507,0.262118,0.394889,0.329465,0.41353,0.325784,0.742995,0.170489,5.52198,0.307346,0,0.62013,54.1795,4.35751,103.877,0.62013,3.35316,2.5577812790870667,4.935380935668945,2.20292,144.3000030517578,,,,,,,493.5,4.791262135,493.5,4.791262135,,,,,,,,,,,,,,,,,,,"Matt McLain","29695",680574
"Wilyer Abreu","BOS",92,355,313,81,50,16,1,14,45,47,38,2,83,1,2,0,,5,2,0.257926,0.108007,0.23503,0.459547,0.339082,0.448656,0.339794,0.787738,0.190731,4.10419,0.306959,0,-0.39091,49.6066,7.69962,114.419,-0.39091,7.78842,5.636485308408737,3.6175618171691895,2.19644,199.89999389648438,,,,,,,445.2,4.839130434,445.2,4.839130434,,,,,,,,,,,,,,,,,,,"Wilyer Abreu","23772",677800
"Konnor Griffin","PIT",95,418,375,96,67,17,3,10,64,56,25,1,108,13,3,1,,22,6,0.256672,0.0603238,0.257747,0.234043,0.323314,0.396508,0.315599,0.719822,0.139835,7.31689,0.331151,0,1.34552,50.235,0.863002,99.897,1.34552,1.88676,1.29453269764781,6.169683218002319,2.18699,999,,,,,,,462,4.863157894,462,4.863157894,,,,,,,,,,,,,,,,,,,"Konnor Griffin","35376",804606
"Dillon Dingler","DET",83,321,292,71,44,16,1,11,35,47,22,1,78,6,2,0,,1,1,0.244351,0.0670012,0.241801,0.277092,0.307476,0.418732,0.315052,0.726207,0.17438,2.68887,0.294412,0,-0.587902,38.488,0.520883,101.32,-0.587902,6.31771,-0.08785861730575562,10.024226427078247,2.14877,254.6199951171875,,,,,,,344.2,4.146987951,344.2,4.146987951,,,,,,,,,,,,,,,,,,,"Dillon Dingler","27464",693307
"Michael Busch","CHC",106,430,374,93,54,20,2,18,57,61,48,2,104,6,3,0,,3,0,0.250107,0.111087,0.24075,0.46142,0.342425,0.455272,0.344891,0.797697,0.205165,4.347,0.297301,0,-0.147983,61.9664,11.1225,123.639,-0.147983,2.50338,11.90793426334858,-5.310414791107178,2.14075,106.45999908447266,,,,,,,553.1,5.217924528,553.1,5.217924528,,,,,,,,,,,,,,,,,,,"Michael Busch","26319",683737
"Jarren Duran","BOS",108,462,417,103,58,27,5,13,60,55,36,1,112,6,2,1,,18,3,0.247156,0.0771585,0.241997,0.318841,0.313245,0.43136,0.321753,0.744605,0.184204,7.28942,0.305606,0,1.76185,57.7901,3.25924,101.992,1.76185,7.09166,2.8451277017593384,2.132066249847412,2.1353,64.04000091552734,,,,,,,540.6,5.005555555,540.6,5.005555555,,,,,,,,,,,,,,,,,,,"Jarren Duran","24617",680776
"Kevin McGonigle","DET",76,320,280,72,43,18,3,8,45,40,37,0,42,2,1,1,,7,2,0.259245,0.114643,0.130284,0.879949,0.347894,0.433282,0.341208,0.781176,0.174037,5.68801,0.27737,0,-0.0848348,45.1632,7.3207,119.339,-0.0848348,0.0790042,7.2150896191596985,2.62214195728302,2.13491,999,,,,,,,392.4,5.163157894,392.4,5.163157894,,,,,,,,,,,,,,,,,,,"Kevin McGonigle","33572",805808
"Alex Bregman","CHC",97,424,368,91,60,17,1,13,52,48,48,2,63,5,2,0,,2,1,0.246456,0.112701,0.148675,0.758037,0.33911,0.40324,0.325737,0.74235,0.156783,3.10028,0.264307,0,-0.565044,54.4219,4.36225,110.518,-0.565044,1.31167,4.716220736503601,1.985314965248108,2.12878,119.16999816894531,,,,,,,478.8,4.936082474,478.8,4.936082474,,,,,,,,,,,,,,,,,,,"Alex Bregman","17678",608324
"Colson Montgomery","CHW",94,394,352,78,43,14,2,19,48,62,32,2,119,8,2,0,,2,1,0.221422,0.0818869,0.303173,0.270099,0.299476,0.43411,0.316004,0.733586,0.212688,3.73927,0.272698,0,-0.634275,47.4986,0.943402,101.97,-0.634275,3.75114,0.2805866599082947,6.955365180969238,2.12858,254.75,,,,,,,436.4,4.642553191,436.4,4.642553191,,,,,,,,,,,,,,,,,,,"Colson Montgomery","29712",695657
"Austin Riley","ATL",94,401,362,92,55,19,1,18,53,54,31,1,104,5,2,0,,2,1,0.254746,0.0777423,0.258477,0.300771,0.321202,0.458867,0.335964,0.780069,0.204121,3.77483,0.306825,0,-0.348908,54.8399,7.45857,115.26,-0.348908,-0.93464,6.903881072998047,0.4698569178581238,2.12035,59.36000061035156,,,,,,,492.2,5.236170212,492.2,5.236170212,,,,,,,,,,,,,,,,,,,"Austin Riley","18360",663586
"Andrés Giménez","TOR",99,378,342,86,60,15,2,9,41,46,20,1,65,11,3,2,,13,2,0.249961,0.0517051,0.171112,0.30217,0.309041,0.380772,0.301847,0.689813,0.130812,5.84045,0.282949,0,1.12665,41.1958,-3.43733,93.0788,1.12665,5.3856,-1.9547699689865112,9.651167392730713,2.11837,412.2200012207031,,,,,,,391.2,3.951515151,391.2,3.951515151,,,,,,,,,,,,,,,,,,,"Andres Gimenez","19950",665926
"Luis Arraez","SFG",108,463,428,135,105,22,3,5,52,46,24,2,18,2,3,5,,6,2,0.314087,0.0524965,0.0393724,1.33333,0.35178,0.412394,0.332127,0.764174,0.0983076,4.40951,0.317309,0,-0.296439,61.862,7.16758,115.496,-0.296439,-4.24207,8.20501446723938,-2.920839786529541,2.11738,280.04998779296875,,,,,,,539.7,4.997222222,539.7,4.997222222,,,,,,,,,,,,,,,,,,,"Luis Arraez","18568",650333
"Kazuma Okamoto","TOR",89,374,328,81,47,17,0,17,43,59,39,4,79,5,2,0,,1,1,0.247285,0.1037,0.210577,0.492455,0.333486,0.452616,0.337755,0.786102,0.205331,1.61388,0.274097,0,-0.700295,51.6311,7.49157,117.815,-0.700295,-0.487614,7.1432517766952515,0.40629035234451294,2.08862,999,,,,,,,465.8,5.233707865,465.8,5.233707865,,,,,,,,,,,,,,,,,,,"Kazuma Okamoto","37123",672960
"Randy Arozarena","SEA",108,462,398,99,63,21,1,14,62,51,45,1,119,15,3,0,,20,5,0.249802,0.0984704,0.257231,0.382809,0.345672,0.4129,0.333964,0.758572,0.163098,5.57672,0.31832,0,1.20596,62.405,7.83966,121.131,1.20596,-3.27409,12.70713758468628,-8.229717254638672,2.0852,89.37999725341797,,,,,,,558.6,5.172222222,558.6,5.172222222,,,,,,,,,,,,,,,,,,,"Randy Arozarena","19290",668227
"Gabriel Moreno","ARI",71,261,233,64,45,13,1,6,31,32,24,1,48,2,2,0,,3,1,0.274349,0.090681,0.182619,0.49656,0.344085,0.409294,0.328716,0.753379,0.134945,3.49918,0.319689,0,-0.415132,34.1341,3.31642,109.782,-0.415132,5.43491,2.6087677776813507,9.082737445831299,2.08461,181.22000122070312,,,,,,,306.1,4.311267605,306.1,4.311267605,,,,,,,,,,,,,,,,,,,"Gabriel Moreno","22664",672515
"Roman Anthony","BOS",94,406,345,89,58,18,2,11,57,46,56,1,101,3,2,0,,5,2,0.258367,0.136784,0.248577,0.550267,0.364757,0.420551,0.345542,0.785308,0.162183,4.61008,0.332046,0,-0.731229,58.6638,10.7057,118.379,-0.731229,4.73399,8.060815811157227,-1.7918171882629395,2.07148,50.75,,,,,,,501.3,5.332978723,501.3,5.332978723,,,,,,,,,,,,,,,,,,,"Roman Anthony","31812",701350
"Iván Herrera","STL",89,365,312,85,57,16,1,11,46,45,42,2,69,9,2,0,,5,1,0.271532,0.113894,0.189675,0.600467,0.371077,0.430301,0.35089,0.801378,0.158769,3.97904,0.315888,0,-0.146875,54.3749,11.2193,128.104,-0.146875,-0.42199,12.018716052174568,-3.982905238866806,2.06626,178.42999267578125,,,,,,,479.2,5.384269662,479.2,5.384269662,,,,,,,,,,,,,,,,,,,"Ivan Herrera","20599",671056
"Brandon Nimmo","TEX",104,451,397,101,65,19,3,14,54,48,43,1,97,8,3,1,,5,1,0.253261,0.0948917,0.21575,0.439823,0.335734,0.416848,0.328999,0.752582,0.163587,4.67121,0.301146,0,-0.143279,59.112,5.83659,112.584,-0.143279,3.13254,6.5441906452178955,-1.9469969272613525,2.05899,145.4600067138672,,,,,,,532.1,5.116346153,532.1,5.116346153,,,,,,,,,,,,,,,,,,,"Brandon Nimmo","12927",607043
"Jeremy Peña","HOU",86,363,332,89,61,17,1,9,44,39,21,1,64,6,2,1,,10,2,0.268165,0.0576994,0.177592,0.324898,0.321853,0.410796,0.319031,0.732649,0.142631,5.1695,0.306307,0,0.406497,44.6578,1.76145,104.888,0.406497,0.919633,2.497882664203644,4.921431601047516,2.03823,122.9800033569336,,,,,,,400.4,4.655813953,400.4,4.655813953,,,,,,,,,,,,,,,,,,,"Jeremy Pena","21636",665161
"Brent Rooker","ATH",103,427,378,100,56,20,1,23,54,75,42,2,110,4,3,0,,5,1,0.265117,0.0976378,0.258892,0.377137,0.3411,0.504421,0.360089,0.845521,0.239304,3.97125,0.312407,0,0.103689,66.6962,16.2904,129.776,0.103689,0.0271938,15.074863240122795,-10.072914365679026,2.01483,42.11000061035156,,,,,,,606.6,5.889320388,606.6,5.889320388,,,,,,,,,,,,,,,,,,,"Brent Rooker","19627",667670
"Brendan Donovan","SEA",90,363,317,84,59,17,1,8,42,37,35,1,54,8,2,1,,3,2,0.265882,0.0955869,0.148015,0.645793,0.351625,0.397081,0.33038,0.748706,0.131199,3.36074,0.297204,0,-1.00344,48.0508,5.11161,118.661,-1.00344,-1.22354,6.989537477493286,-0.034876227378845215,1.99197,268.5799865722656,,,,,,,412.7,4.585555555,412.7,4.585555555,,,,,,,,,,,,,,,,,,,"Brendan Donovan","24679",680977
"Bryson Stott","PHI",104,399,358,91,63,16,3,9,47,46,34,1,67,2,2,2,,17,2,0.254129,0.0850133,0.167086,0.5088,0.320428,0.391162,0.311562,0.71159,0.137033,6.24078,0.287015,0,1.85209,46.6229,-0.483352,97.4045,1.85209,3.92126,0.6257016658782959,5.372894763946533,1.97172,181.44000244140625,,,,,,,434.4,4.176923076,434.4,4.176923076,,,,,,,,,,,,,,,,,,,"Bryson Stott","26294",681082
"Taylor Ward","BAL",103,437,374,93,56,21,1,15,56,53,57,0,101,3,2,0,,3,2,0.249537,0.130169,0.232278,0.560399,0.351589,0.433414,0.343864,0.785003,0.183877,3.42985,0.301021,0,-0.924407,62.5406,10.9267,122.863,-0.924407,-0.893605,10.846666872501373,-6.704054832458496,1.96293,148.42999267578125,,,,,,,534.5,5.189320388,534.5,5.189320388,,,,,,,,,,,,,,,,,,,"Taylor Ward","17548",621493
"Isaac Paredes","HOU",96,386,331,80,50,15,1,14,42,50,42,0,67,10,2,0,,0,1,0.240394,0.10949,0.172836,0.633491,0.342258,0.419975,0.335669,0.762233,0.179581,1.75634,0.258771,0,-0.909417,52.6305,7.07833,116.349,-0.909417,-0.793192,6.519274950027466,-0.7997140497900546,1.94352,243.60000610351562,,,,,,,451,4.697916666,451,4.697916666,,,,,,,,,,,,,,,,,,,"Isaac Paredes","20036",670623
"Daulton Varsho","TOR",91,346,314,74,40,15,2,16,47,49,27,1,80,3,2,1,,5,2,0.234899,0.0771082,0.232729,0.331321,0.300051,0.448632,0.320601,0.748683,0.213733,5.29449,0.264197,0,-0.094117,42.9599,2.11783,105.998,-0.094117,3.70212,2.349387541413307,4.736207723617554,1.94283,192.2100067138672,,,,,,,399.6,4.391208791,399.6,4.391208791,,,,,,,,,,,,,,,,,,,"Daulton Varsho","19918",662139
"Jazz Chisholm Jr.","NYY",99,397,350,84,52,14,1,17,51,57,40,1,106,3,2,1,,22,5,0.238922,0.101734,0.268379,0.379069,0.321535,0.430334,0.326227,0.751869,0.191412,5.7572,0.29127,0,1.47971,51.0937,4.24057,110.397,1.47971,-2.44458,6.339044570922852,-1.2654846906661987,1.91622,19.520000457763672,,,,,,,483.3,4.881818181,483.3,4.881818181,,,,,,,,,,,,,,,,,,,"Jazz Chisholm Jr.","20454",665862
"Patrick Bailey","CLE",84,292,264,56,39,10,1,6,29,31,24,0,80,1,2,1,,2,0,0.212145,0.082211,0.272086,0.302151,0.279213,0.326728,0.269249,0.605941,0.114584,4.1502,0.27785,0,-0.0227212,24.1338,-10.3928,71.2038,-0.0227212,13.2066,-9.940190248191357,18.57488203048706,1.913,747.8900146484375,,,,,,,219.5,2.613095238,219.5,2.613095238,,,,,,,,,,,,,,,,,,,"Patrick Bailey","27478",672275
"Josh Naylor","SEA",102,420,379,102,69,19,0,14,45,61,35,4,61,3,2,0,,15,2,0.270342,0.0832542,0.145946,0.570447,0.335274,0.433074,0.331223,0.768348,0.162733,4.26017,0.288291,0,1.42279,55.7906,6.19189,119.243,1.42279,0.902816,10.942922949790955,-6.920445382595062,1.89055,67.45999908447266,,,,,,,515.8,5.056862745,515.8,5.056862745,,,,,,,,,,,,,,,,,,,"Josh Naylor","18839",647304
"Trent Grisham","NYY",105,388,328,69,38,13,1,17,52,52,53,0,92,3,3,1,,4,2,0.209321,0.136576,0.236878,0.576566,0.322216,0.41101,0.322179,0.733226,0.201689,4.1445,0.232212,0,-0.400265,48.6998,2.87294,107.609,-0.400265,0.555889,3.0778879821300507,1.957061529159546,1.88167,253.82000732421875,,,,,,,431.6,4.11047619,431.6,4.11047619,,,,,,,,,,,,,,,,,,,"Trent Grisham","18564",663757
"Yandy Díaz","TBR",102,436,386,113,80,19,1,13,52,56,42,2,61,6,3,0,,2,1,0.293951,0.0959274,0.14051,0.682709,0.370059,0.450772,0.356902,0.820831,0.156821,2.68201,0.319152,0,-0.753102,67.0638,15.5274,129.518,-0.753102,0,14.421344637870789,-11.051651954650879,1.88155,138.63999938964844,,,,,,,574.8,5.635294117,574.8,5.635294117,,,,,,,,,,,,,,,,,,,"Yandy Diaz","16578",650490
"Gleyber Torres","DET",101,429,371,96,69,16,1,11,54,45,52,1,75,3,3,1,,4,2,0.259057,0.12177,0.174773,0.696733,0.352385,0.391604,0.329606,0.743989,0.132547,3.08529,0.296046,0,-0.83257,56.4959,5.76905,111.346,-0.83257,-0.926967,4.908632934093475,-1.7945522665977478,1.83125,261.510009765625,,,,,,,489.1,4.842574257,489.1,4.842574257,,,,,,,,,,,,,,,,,,,"Gleyber Torres","16997",650402
"Sal Stewart","CIN",100,404,360,93,58,20,0,16,56,60,37,1,78,4,3,0,,11,2,0.259095,0.0927118,0.192018,0.48283,0.33247,0.447205,0.337357,0.779675,0.18811,4.62977,0.28709,0,0.959947,55.7178,7.97268,111.805,0.959947,3.32374,6.6136391162872314,-2.2346415519714355,1.82443,161.8699951171875,,,,,,,507.5,5.075,507.5,5.075,,,,,,,,,,,,,,,,,,,"Sal Stewart","31505",701398
"Willson Contreras","BOS",89,366,313,80,47,18,1,14,43,51,35,1,93,14,3,1,,3,1,0.254477,0.0964582,0.254473,0.379051,0.353271,0.449552,0.350009,0.802823,0.195076,3.41934,0.31454,0,-0.315934,54.2819,10.9922,121.456,-0.315934,2.70728,8.948910981416702,-3.7963759899139404,1.81804,168.1999969482422,,,,,,,474.4,5.330337078,474.4,5.330337078,,,,,,,,,,,,,,,,,,,"Willson Contreras","11609",575929
"Jacob Wilson","ATH",91,371,345,100,72,20,1,7,44,49,18,1,31,4,2,2,,4,1,0.288927,0.0489961,0.0840348,0.583045,0.328996,0.413244,0.322578,0.74224,0.124317,3.58266,0.299315,0,-0.334364,46.7171,2.8691,103.936,-0.334364,-0.571621,1.3871784210205078,3.510186731815338,1.80858,196.44000244140625,,,,,,,415.3,4.563736263,415.3,4.563736263,,,,,,,,,,,,,,,,,,,"Jacob Wilson","33266",805779
"Jonathan Aranda","TBR",88,354,306,82,56,14,0,13,46,51,38,2,87,6,4,0,,1,1,0.269884,0.108094,0.247073,0.4375,0.358565,0.438606,0.346477,0.797171,0.168722,1.93269,0.334044,0,-0.774237,51.3932,9.59827,122.336,-0.774237,3.39213,8.537836253643036,-3.256906747817993,1.7866,195.60000610351562,,,,,,,447.1,5.080681818,447.1,5.080681818,,,,,,,,,,,,,,,,,,,"Jonathan Aranda","21837",666018
"Munetaka Murakami","CHW",91,383,319,76,44,10,0,21,53,54,58,5,131,3,2,0,,5,3,0.237323,0.152332,0.341335,0.446281,0.35812,0.467039,0.354932,0.825159,0.229716,2.80649,0.322652,0,-1.04253,58.2032,13.0056,128.786,-1.04253,-0.933444,11.935320973396301,-7.675554156303406,1.78359,999,,,,,,,517.1,5.682417582,517.1,5.682417582,,,,,,,,,,,,,,,,,,,"Munetaka Murakami","37120",808959
"Steven Kwan","CLE",107,462,407,109,83,18,2,6,58,41,46,1,43,4,3,3,,11,3,0.269126,0.098612,0.0937099,1.05231,0.346909,0.369579,0.318179,0.716488,0.100453,5.08169,0.286874,0,-0.0934944,56.4705,1.92046,104.91,-0.0934944,-0.397681,2.578033432364464,-1.0868013203144073,1.77922,169.60000610351562,,,,,,,485.9,4.541121495,485.9,4.541121495,,,,,,,,,,,,,,,,,,,"Steven Kwan","24610",680757
"Miguel Vargas","CHW",101,413,356,86,49,20,2,14,61,48,49,0,74,5,3,0,,7,1,0.240224,0.118955,0.179934,0.661103,0.338715,0.42619,0.334411,0.764905,0.185965,5.26749,0.263812,0,0.179946,55.9865,7.1644,114.65,0.179946,-4.01162,7.314416617155075,-4.1779415011405945,1.77674,303.0899963378906,,,,,,,499.1,4.941584158,499.1,4.941584158,,,,,,,,,,,,,,,,,,,"Miguel Vargas","20178",678246
"J.P. Crawford","SEA",100,416,356,84,59,15,1,9,48,39,52,1,76,4,2,2,,3,1,0.237454,0.125338,0.182126,0.688194,0.34009,0.362842,0.314717,0.702933,0.125389,3.06334,0.275296,0,-0.678675,49.7313,0.561366,107.872,-0.678675,-4.29447,3.1821603178977966,-0.18586397171020508,1.77277,748.5399780273438,,,,,,,419.1,4.191,419.1,4.191,,,,,,,,,,,,,,,,,,,"J.P. Crawford","15491",641487
"Jakob Marsee","MIA",106,464,395,92,59,18,5,10,58,50,55,0,98,6,3,5,,27,10,0.231849,0.118636,0.210512,0.563557,0.333398,0.378138,0.316207,0.711536,0.146289,7.06989,0.281256,0,0.659281,56.0143,1.18743,100.856,0.659281,-0.509477,1.1300753355026245,0.7460720539093018,1.77252,137.0800018310547,,,,,,,501.2,4.728301886,501.2,4.728301886,,,,,,,,,,,,,,,,,,,"Jakob Marsee","31370",805300
"Ryan Jeffers","MIN",82,310,268,68,42,14,1,10,37,39,33,1,62,6,2,1,,2,1,0.252335,0.107397,0.200165,0.536543,0.345047,0.425194,0.337122,0.770241,0.172859,3.30359,0.291079,0,-0.453298,42.6348,6.05008,116.017,-0.453298,-2.81452,5.391621649265289,1.189405918121338,1.76425,298.05999755859375,,,,,,,371.1,4.525609756,371.1,4.525609756,,,,,,,,,,,,,,,,,,,"Ryan Jeffers","24618",680777
"Marcus Semien","NYM",99,423,380,91,62,16,1,11,55,48,38,1,73,3,2,0,,7,2,0.238596,0.0890186,0.171405,0.519345,0.310096,0.377149,0.30215,0.687245,0.138553,4.84377,0.265554,0,0.0462447,46.2413,-3.74564,95.8687,0.0462447,3.63848,-2.025201041251421,5.159314036369324,1.76169,266.25,,,,,,,415.8,4.2,415.8,4.2,,,,,,,,,,,,,,,,,,,"Marcus Semien","12533",543760
"Spencer Horwitz","PIT",93,369,321,87,57,21,1,8,43,42,42,1,64,4,3,0,,2,1,0.271353,0.113848,0.173009,0.658048,0.360158,0.421402,0.342898,0.78156,0.15005,3.12163,0.313436,0,-0.593315,52.5859,8.94838,118.598,-0.593315,3.07313,7.547236084938049,-2.8901636600494385,1.73447,738.1500244140625,,,,,,,447,4.806451612,447,4.806451612,,,,,,,,,,,,,,,,,,,"Spencer Horwitz","26477",687462
"Ernie Clement","TOR",106,379,356,98,69,21,2,6,44,38,15,1,36,2,2,3,,4,2,0.275731,0.0397575,0.0954751,0.416418,0.307646,0.39715,0.305299,0.704797,0.121419,4.17339,0.291056,0,-0.49802,42.3526,-2.38439,95.4562,-0.49802,4.44311,-2.5256703794002533,6.412806391716003,1.73173,337.67999267578125,,,,,,,374.5,3.533018867,374.5,3.533018867,,,,,,,,,,,,,,,,,,,"Ernie Clement","20352",676391
"Esteury Ruiz","MIA",82,303,265,66,42,14,2,7,44,37,25,0,67,9,2,2,,30,6,0.248243,0.0830881,0.219929,0.377796,0.331755,0.400281,0.322437,0.732036,0.152039,8.11253,0.303444,0,3.08441,38.1559,2.31069,105.123,3.08441,2.72976,4.926581382751465,1.7739327549934387,1.7189,748.530029296875,,,,,,,364.6,4.446341463,364.6,4.446341463,,,,,,,,,,,,,,,,,,,"Esteury Ruiz","21780",665923
"Carlos Correa","HOU",88,370,331,86,58,17,1,11,43,41,35,2,75,2,2,0,,0,0,0.260137,0.0940735,0.203375,0.462561,0.331606,0.409445,0.322971,0.741051,0.149308,2.37485,0.30531,0,-0.531483,46.6733,2.97716,107.602,-0.531483,-1.8624,2.7817644476890564,1.1277830600738525,1.70298,281.2300109863281,,,,,,,420,4.772727272,420,4.772727272,,,,,,,,,,,,,,,,,,,"Carlos Correa","14162",621043
"Francisco Alvarez","NYM",87,318,281,66,39,12,1,14,37,43,30,1,84,4,2,0,,1,0,0.233679,0.0952826,0.264108,0.360772,0.31591,0.430876,0.324114,0.746786,0.197197,2.45846,0.278398,0,-0.365356,40.3867,2.85223,110.915,-0.365356,-1.78993,3.7440066039562225,2.10139262676239,1.68011,165.25,,,,,,,364.6,4.190804597,364.6,4.190804597,,,,,,,,,,,,,,,,,,,"Francisco Alvarez","26121",682626
"Luis Campusano","SDP",75,287,256,65,41,13,1,10,36,36,27,0,59,2,2,0,,1,0,0.252796,0.094524,0.206936,0.456779,0.327821,0.421397,0.327062,0.749218,0.168601,2.78521,0.292195,0,-0.347546,37.1151,3.25856,113.372,-0.347546,-2.44053,4.193569391965866,2.6250083446502686,1.67365,999,,,,,,,334.3,4.457333333,334.3,4.457333333,,,,,,,,,,,,,,,,,,,"Luis Campusano","22217",669134
"Rafael Devers","SFG",109,471,412,104,60,24,1,20,60,62,53,7,119,4,3,0,,1,1,0.253496,0.112519,0.252405,0.445789,0.341402,0.457405,0.340857,0.798808,0.20391,2.32302,0.306567,0,-0.729591,66.3179,10.6371,121.477,-0.729591,-1.41748,11.26546597480774,-10.676099419593811,1.66548,61.619998931884766,,,,,,,603.8,5.539449541,603.8,5.539449541,,,,,,,,,,,,,,,,,,,"Rafael Devers","17350",646240
"Austin Wells","NYY",85,318,283,63,37,13,1,12,33,42,31,1,79,3,2,0,,3,1,0.221614,0.0972307,0.247177,0.393365,0.303072,0.402678,0.307476,0.70575,0.181064,3.43215,0.259541,0,-0.115431,36.1829,-1.44253,97.4804,-0.115431,0.0999004,-1.0610627457499504,6.274747960269451,1.65539,246.13999938964844,,,,,,,330.9,3.892941176,330.9,3.892941176,,,,,,,,,,,,,,,,,,,"Austin Wells","27562",669224
"Nick Gonzales","PIT",86,356,326,89,62,19,3,5,41,39,23,0,72,5,2,0,,3,3,0.273307,0.0653731,0.201804,0.323944,0.330456,0.397612,0.31909,0.728068,0.124305,4.30766,0.33456,0,-1.0606,43.8367,1.74557,102.289,-1.0606,3.01079,-0.09423673152923584,4.3890540599823,1.65283,999,,,,,,,372.9,4.336046511,372.9,4.336046511,,,,,,,,,,,,,,,,,,,"Nick Gonzales","27490",693304
"Jeff McNeil","ATH",96,359,319,88,60,20,2,7,38,38,29,1,43,7,3,2,,3,1,0.277204,0.0805144,0.11987,0.671679,0.348262,0.416314,0.333995,0.764576,0.13911,3.62818,0.299988,0,-0.660547,48.5463,6.10659,111.801,-0.660547,-1.6962,4.3353431224823,-0.5842694044113159,1.64931,440.5199890136719,,,,,,,419.9,4.373958333,419.9,4.373958333,,,,,,,,,,,,,,,,,,,"Jeff McNeil","15362",643446
"Anthony Volpe","NYY",91,367,330,76,44,19,2,11,43,44,30,0,90,3,2,1,,13,4,0.229714,0.0816997,0.244954,0.333531,0.297659,0.396032,0.302388,0.69369,0.166317,5.89855,0.281396,0,0.388737,40.1388,-3.17482,93.9757,0.388737,1.65802,-2.214057117700577,5.698745012283325,1.64811,641.989990234375,,,,,,,378,4.153846153,378,4.153846153,,,,,,,,,,,,,,,,,,,"Anthony Volpe","27647",683011
"Ben Williamson","TBR",99,377,342,91,67,18,3,4,47,40,28,1,74,4,2,1,,9,2,0.267072,0.0751769,0.195112,0.385301,0.329135,0.367024,0.307345,0.696159,0.099952,5.89993,0.328978,0,0.220364,42.8082,-1.74832,95.3798,0.220364,3.4875,-1.8330679386854172,4.849414944648743,1.63726,999,,,,,,,382,3.858585858,382,3.858585858,,,,,,,,,,,,,,,,,,,"Ben Williamson","33197",810938
"Brandon Marsh","PHI",98,343,307,84,57,16,2,9,44,42,30,1,90,2,3,1,,7,2,0.27451,0.0873893,0.263412,0.331759,0.339211,0.432414,0.33427,0.771625,0.157904,5.52205,0.356384,0,0.132457,46.3966,5.90299,112.96,0.132457,2.46547,5.396717071533203,-0.8932318687438965,1.62812,609.72998046875,,,,,,,409.5,4.178571428,409.5,4.178571428,,,,,,,,,,,,,,,,,,,"Brandon Marsh","20202",669016
"J.T. Realmuto","PHI",84,336,304,76,51,15,2,9,38,36,23,1,77,7,2,0,,5,1,0.250833,0.0687544,0.22897,0.300277,0.315349,0.39765,0.311459,0.712999,0.146816,4.89101,0.306445,0,-0.0681518,39.22,-0.434775,97.3344,-0.0681518,-0.373655,-1.1284302175045013,5.844041079282761,1.62565,212.27000427246094,,,,,,,357.8,4.259523809,357.8,4.259523809,,,,,,,,,,,,,,,,,,,"J.T. Realmuto","11739",592663
"Brandon Lowe","PIT",90,366,327,79,46,17,1,16,46,48,34,1,94,3,2,0,,2,1,0.242627,0.0925051,0.255664,0.361823,0.316994,0.448591,0.330267,0.765584,0.205964,3.38611,0.287554,0,-0.426601,48.3352,5.11199,109.945,-0.426601,-1.33365,3.8852323293685913,-0.23380863666534424,1.61963,187.57000732421875,,,,,,,432.8,4.808888888,432.8,4.808888888,,,,,,,,,,,,,,,,,,,"Brandon Lowe","18882",664040
"Brayan Rocchio","CLE",106,397,353,88,60,18,2,7,45,44,32,0,67,6,2,3,,10,5,0.248062,0.0811169,0.169656,0.478125,0.320121,0.373286,0.306487,0.693407,0.125224,5.03317,0.285518,0,-0.527447,44.8016,-2.11739,96.8561,-0.527447,-0.0678708,-1.9988334774971008,4.090108171105385,1.61306,999,,,,,,,388.2,3.66226415,388.2,3.66226415,,,,,,,,,,,,,,,,,,,"Brayan Rocchio","23690",677587
"Carson Kelly","CHC",74,264,233,58,40,10,1,7,29,33,26,0,51,3,1,0,,1,0,0.248744,0.0976286,0.194651,0.501558,0.330482,0.391275,0.318752,0.721756,0.142531,3.07783,0.288369,0,-0.221461,32.3709,1.21943,105.733,-0.221461,1.33847,1.5698571056127548,5.3450987339019775,1.60553,591.9099731445312,,,,,,,281.2,3.8,281.2,3.8,,,,,,,,,,,,,,,,,,,"Carson Kelly","13620",608348
"Christian Walker","HOU",99,407,363,86,48,18,1,19,49,57,35,2,100,6,2,0,,2,1,0.235473,0.0869353,0.24567,0.35387,0.311648,0.444718,0.32582,0.756366,0.209245,2.97455,0.269434,0,-0.470668,52.2871,4.21628,109.564,-0.470668,4.74054,4.115345895290375,-2.433602809906006,1.6055,212.94000244140625,,,,,,,479.1,4.839393939,479.1,4.839393939,,,,,,,,,,,,,,,,,,,"Christian Walker","13419",572233
"Ozzie Albies","ATL",103,436,396,101,67,19,1,13,56,52,32,1,64,4,3,0,,6,3,0.255216,0.0741889,0.146789,0.505412,0.315944,0.411092,0.316142,0.727036,0.155876,4.03777,0.272314,0,-0.75404,52.6106,1.09272,101.682,-0.75404,-0.70805,0.11494183540344238,0.8579390645027161,1.58471,150.5,,,,,,,463.6,4.500970873,463.6,4.500970873,,,,,,,,,,,,,,,,,,,"Ozzie Albies","16556",645277
"Nolan Arenado","ARI",91,366,331,86,58,17,1,10,41,49,28,2,55,4,3,0,,2,1,0.258373,0.0766383,0.151633,0.505419,0.321194,0.407524,0.316412,0.728717,0.14915,2.69047,0.280396,0,-0.643616,44.1981,0.996475,101.353,-0.643616,2.48978,-0.057204604148864746,3.301636576652527,1.57737,638.0599975585938,,,,,,,396.6,4.358241758,396.6,4.358241758,,,,,,,,,,,,,,,,,,,"Nolan Arenado","9777",571448
"Cole Young","SEA",100,393,347,83,57,17,2,8,44,49,36,1,73,6,2,2,,5,3,0.239279,0.0925631,0.185394,0.499279,0.319764,0.365661,0.3036,0.685426,0.126383,4.43842,0.280572,0,-0.962619,43.4712,-3.02064,100.214,-0.962619,1.06644,-0.8634934648871422,2.594586133956909,1.56347,704.2899780273438,,,,,,,380.8,3.808,380.8,3.808,,,,,,,,,,,,,,,,,,,"Cole Young","31680",702284
"Teoscar Hernández","LAD",99,404,370,98,62,19,1,17,51,63,27,1,109,4,2,0,,4,1,0.265841,0.0676323,0.269606,0.250856,0.321814,0.460686,0.336292,0.782499,0.194844,3.69552,0.329066,0,-0.300742,55.3868,7.62599,116.465,-0.300742,-1.41159,7.587360441684723,-5.900951981544495,1.5494,125.41999816894531,,,,,,,497.2,5.022222222,497.2,5.022222222,,,,,,,,,,,,,,,,,,,"Teoscar Hernandez","13066",606192
"Sal Frelick","MIL",103,419,377,100,75,15,3,7,53,43,34,1,55,4,3,1,,12,4,0.265267,0.0808045,0.131505,0.614458,0.330118,0.374633,0.310239,0.704751,0.109366,5.59915,0.293031,0,-0.0153238,48.5265,-0.957657,98.8632,-0.0153238,6.11958,-0.5795815382152796,1.6936988830566406,1.54053,216.39999389648438,,,,,,,435,4.22330097,435,4.22330097,,,,,,,,,,,,,,,,,,,"Sal Frelick","29622",686217
"Leody Taveras","BAL",100,370,335,85,59,15,3,8,46,41,30,0,76,1,2,3,,15,3,0.252585,0.0797679,0.205323,0.388499,0.313363,0.384126,0.305766,0.697489,0.131541,6.47309,0.303212,0,1.10291,41.5408,-2.19032,96.6189,1.10291,1.49832,-0.37196099758148193,2.6539636850357056,1.53751,999,,,,,,,389.9,3.899,389.9,3.899,,,,,,,,,,,,,,,,,,,"Leody Taveras","18900",665750
"Michael Stefanic","ATH",69,263,229,65,52,10,1,2,28,28,26,0,28,6,2,1,,2,2,0.283094,0.0970239,0.10769,0.900952,0.367387,0.363273,0.328239,0.73066,0.0801787,2.91805,0.312493,0,-1.04769,34.3215,3.24268,107.836,-1.04769,3.60917,1.3816202878952026,4.575620412826538,1.53625,999,,,,,,,282.7,4.097101449,282.7,4.097101449,,,,,,,,,,,,,,,,,,,"Michael Stefanic","25353",683021
"Luis Robert Jr.","NYM",80,321,290,69,43,14,0,12,39,44,26,2,84,3,2,1,,15,4,0.237421,0.082154,0.261246,0.314469,0.305997,0.404584,0.30815,0.710581,0.167164,4.86595,0.292153,0,0.62218,36.6667,-1.27895,99.9789,0.62218,2.47561,0.6141296550631523,3.669041156768799,1.53213,105.63999938964844,,,,,,,354.1,4.42625,354.1,4.42625,,,,,,,,,,,,,,,,,,,"Luis Robert Jr.","20043",673357
"Mike Yastrzemski","ATL",95,335,292,68,39,16,2,11,46,37,37,1,81,3,2,1,,3,1,0.233157,0.110743,0.241533,0.458498,0.324613,0.416286,0.322983,0.740899,0.183129,4.55047,0.281601,0,-0.441638,42.273,2.69964,106.368,-0.441638,4.91794,2.0861321091651917,1.6684045791625977,1.52497,656.0999755859375,,,,,,,372.9,3.925263157,372.9,3.925263157,,,,,,,,,,,,,,,,,,,"Mike Yastrzemski","14854",573262
"Chase Meidroth","CHW",96,408,351,89,68,15,1,5,52,32,46,0,69,6,3,2,,8,2,0.25246,0.111837,0.168881,0.662226,0.345823,0.343942,0.311177,0.689766,0.0914822,4.29042,0.297627,0,-0.131726,47.5456,-0.621612,98.6448,-0.131726,-0.165981,-0.7828663140535355,1.28872150182724,1.48807,646.8699951171875,,,,,,,409.2,4.2625,409.2,4.2625,,,,,,,,,,,,,,,,,,,"Chase Meidroth","31580",805367
"Sean Murphy","ATL",58,221,194,42,24,9,0,9,24,27,21,1,61,5,1,0,,0,0,0.217236,0.095411,0.276595,0.344948,0.309363,0.40804,0.313615,0.717402,0.190804,1.20269,0.262925,0,-0.327881,26.2344,0.100462,99.9503,-0.327881,3.20598,-0.3409189358353615,7.269372224807739,1.46226,746.0599975585938,,,,,,,229.9,3.963793103,229.9,3.963793103,,,,,,,,,,,,,,,,,,,"Sean Murphy","19352",669221
"Luke Keaschall","MIN",71,297,259,67,45,15,2,5,39,35,29,0,48,7,2,0,,14,3,0.25752,0.0982323,0.161868,0.606866,0.34686,0.385455,0.324593,0.732316,0.127936,6.2438,0.296307,0,1.17333,37.9114,2.78493,107.386,1.17333,-0.829212,3.761267900466919,0.22573024034500122,1.45537,114.8499984741211,,,,,,,344.3,4.849295774,344.3,4.849295774,,,,,,,,,,,,,,,,,,,"Luke Keaschall","33321",807712
"Yainer Diaz","HOU",95,376,356,95,64,17,1,12,39,49,16,1,65,2,3,0,,1,1,0.266016,0.0418376,0.171828,0.243485,0.298041,0.425507,0.310837,0.723548,0.159491,2.41172,0.291926,0,-0.827074,43.7666,-0.677341,99.2432,-0.827074,-2.59702,-1.1625781655311584,2.238499879837036,1.43537,113.04000091552734,,,,,,,396.9,4.177894736,396.9,4.177894736,,,,,,,,,,,,,,,,,,,"Yainer Diaz","23003",673237
"Josh Jung","TEX",92,371,345,89,58,18,1,12,41,44,21,0,87,3,2,0,,2,1,0.259028,0.0560167,0.234252,0.23913,0.304236,0.419572,0.31318,0.723808,0.160544,3.38657,0.312381,0,-0.518071,43.8528,0.0375617,101.687,-0.518071,-0.322237,0.21928095817565918,1.0227012634277344,1.43361,610.5,,,,,,,397.1,4.316304347,397.1,4.316304347,,,,,,,,,,,,,,,,,,,"Josh Jung","26299",673962
"Jace Jung","DET",80,324,280,64,39,14,1,10,38,39,40,1,81,2,2,0,,2,1,0.22729,0.122205,0.251327,0.486239,0.324618,0.392436,0.315745,0.717054,0.165146,3.45842,0.281548,0,-0.651528,38.9383,0.706602,101.798,-0.651528,1.64133,0.034088075160980225,2.8302109241485596,1.4331,999,,,,,,,345.7,4.32125,345.7,4.32125,,,,,,,,,,,,,,,,,,,"Jace Jung","31437",690291
"Jesus Rodriguez","SFG",76,318,289,79,61,12,2,4,34,32,24,1,50,3,2,0,,8,4,0.272895,0.0751474,0.158514,0.474074,0.333635,0.366691,0.309516,0.700326,0.0937962,4.77591,0.316815,0,-0.411799,36.6253,-0.912811,100.007,-0.411799,-2.07033,-0.409138259710744,3.7662181854248047,1.42563,999,,,,,,,322.2,4.239473684,322.2,4.239473684,,,,,,,,,,,,,,,,,,,"Jesus Rodriguez","26991",683679
"Caleb Durbin","BOS",93,365,322,78,51,20,1,6,46,40,26,0,40,12,2,3,,14,4,0.242551,0.0714664,0.109562,0.652291,0.321855,0.365919,0.305919,0.687774,0.123368,5.91833,0.260208,0,0.434196,41.0572,-2.11712,91.0837,0.434196,3.35583,-3.405716687440872,4.711891174316406,1.42107,219.8300018310547,,,,,,,364.3,3.917204301,364.3,3.917204301,,,,,,,,,,,,,,,,,,,"Caleb Durbin","29646",702332
"Heliot Ramos","SFG",108,450,408,106,69,21,2,15,54,56,32,2,107,7,3,0,,4,2,0.260057,0.0719847,0.238568,0.301737,0.323339,0.426594,0.324924,0.749933,0.166536,3.68735,0.316951,0,-0.721752,57.5203,4.33742,110.562,-0.721752,-1.43997,4.912686347961426,-6.160236120223999,1.40553,218.8000030517578,,,,,,,517.9,4.79537037,517.9,4.79537037,,,,,,,,,,,,,,,,,,,"Heliot Ramos","22515",671218
"Paul Goldschmidt","NYY",87,340,304,80,50,18,0,12,46,45,31,2,78,3,2,0,,3,1,0.264006,0.091,0.228518,0.398218,0.336121,0.445203,0.33749,0.781324,0.181198,3.58042,0.314963,0,-0.197753,46.9516,6.75001,118.157,-0.197753,0.123108,7.083179861307144,-5.0699339136481285,1.40477,748.3599853515625,,,,,,,413.9,4.757471264,413.9,4.757471264,,,,,,,,,,,,,,,,,,,"Paul Goldschmidt","9218",502671
"Alec Bohm","PHI",97,401,367,98,68,19,1,10,43,51,26,1,61,4,3,0,,2,1,0.267981,0.0657934,0.152322,0.431937,0.320859,0.408208,0.316512,0.729067,0.140226,3.16271,0.295062,0,-0.530383,48.4982,1.12517,100.795,-0.530383,-0.915455,-0.15245577692985535,0.5316691398620605,1.40448,239.8699951171875,,,,,,,427.6,4.408247422,427.6,4.408247422,,,,,,,,,,,,,,,,,,,"Alec Bohm","21618",664761
"Ramón Laureano","SDP",90,338,301,72,43,15,2,13,44,44,28,1,97,6,2,0,,6,2,0.240243,0.0814802,0.286938,0.283964,0.314737,0.430183,0.322682,0.74492,0.189939,5.52655,0.306906,0,-0.0558761,42.5419,2.63948,110.371,-0.0558761,2.19235,4.095186401158571,-1.667205810546875,1.39873,224.47999572753906,,,,,,,387.1,4.301111111,387.1,4.301111111,,,,,,,,,,,,,,,,,,,"Ramon Laureano","17128",657656
"Lawrence Butler","ATH",106,414,372,87,54,18,1,14,54,53,39,0,109,1,2,1,,12,4,0.234518,0.0933253,0.263553,0.354105,0.305962,0.4,0.307983,0.705962,0.165482,5.28506,0.292458,0,0.297995,47.2049,-1.70477,93.882,0.297995,3.87045,-2.6868028938770294,2.0886170864105225,1.39725,157.22000122070312,,,,,,,436.3,4.116037735,436.3,4.116037735,,,,,,,,,,,,,,,,,,,"Lawrence Butler","22542",671732
"Justin Crawford","PHI",89,373,337,95,71,16,3,5,53,37,27,0,75,2,2,4,,20,6,0.282173,0.0730613,0.200311,0.364739,0.337712,0.392231,0.320554,0.729944,0.110058,6.8808,0.347549,0,0.978728,46.3086,2.26912,103.564,0.978728,-2.59961,2.553184151649475,-1.324316382408142,1.39531,999,,,,,,,413.7,4.648314606,413.7,4.648314606,,,,,,,,,,,,,,,,,,,"Justin Crawford","31791",702222
"Alex Call","LAD",76,250,209,52,34,11,1,6,33,31,33,0,43,5,2,2,,4,2,0.247386,0.131683,0.173379,0.759509,0.359483,0.390207,0.334356,0.74969,0.142821,4.02628,0.284045,0,-0.54726,33.9308,4.33228,115.139,-0.54726,3.37263,3.9474509358406067,1.3122227191925049,1.3914,999,,,,,,,292.2,3.844736842,292.2,3.844736842,,,,,,,,,,,,,,,,,,,"Alex Call","19296",669743
"Alec Burleson","STL",103,402,365,101,68,18,1,13,44,55,31,1,59,2,3,1,,4,1,0.27713,0.0768847,0.146524,0.524725,0.335138,0.442935,0.336505,0.778073,0.165805,3.702,0.297264,0,-0.142611,55.1669,7.65575,118.25,-0.142611,-0.690123,8.554892167448997,-8.416589975357056,1.38381,175.19000244140625,,,,,,,484.5,4.703883495,484.5,4.703883495,,,,,,,,,,,,,,,,,,,"Alec Burleson","27615",676475
"Carter Jensen","KCR",100,409,363,89,58,16,2,13,49,51,41,1,111,2,3,1,,5,1,0.245926,0.100427,0.271062,0.370495,0.322976,0.410219,0.319461,0.733195,0.164293,4.69723,0.314882,0,0.0385699,50.4684,2.12787,101.592,0.0385699,-0.165743,0.8061854913830757,-1.3748037219047546,1.38331,999,,,,,,,451.1,4.511,451.1,4.511,,,,,,,,,,,,,,,,,,,"Carter Jensen","29478",695600
"José Caballero","NYY",90,289,253,58,38,12,1,6,36,29,26,0,69,6,1,2,,28,8,0.227808,0.0908841,0.237442,0.382764,0.31457,0.356963,0.299597,0.671532,0.129154,6.49724,0.285715,0,1.93829,30.9974,-3.15867,92.053,1.93829,0.313502,-0.7692958116531372,4.2134911715984344,1.3709,200.02999877929688,,,,,,,295.5,3.283333333,295.5,3.283333333,,,,,,,,,,,,,,,,,,,"Jose Caballero","23401",676609
"Matt Wallner","MIN",90,356,307,70,36,16,2,16,44,46,37,1,116,10,2,0,,3,2,0.228457,0.104223,0.325398,0.320294,0.33019,0.451876,0.339343,0.782066,0.223419,4.13407,0.304718,0,-0.61556,49.6443,7.59553,117.547,-0.61556,-1.74956,6.744168519973755,-5.621538758277893,1.36873,340.5899963378906,,,,,,,434.3,4.825555555,434.3,4.825555555,,,,,,,,,,,,,,,,,,,"Matt Wallner","26466",670242
"Joey Ortiz","MIL",99,356,319,78,53,16,2,7,46,39,27,0,63,3,3,3,,8,3,0.245453,0.0769546,0.178317,0.431561,0.308677,0.372423,0.299275,0.6811,0.12697,5.67376,0.285033,0,-0.219299,38.0468,-3.97939,91.3527,-0.219299,1.7018,-3.8645837903022766,5.288186311721802,1.3572,743.4400024414062,,,,,,,338.2,3.416161616,338.2,3.416161616,,,,,,,,,,,,,,,,,,,"Joey Ortiz","25493",687401
"Alex Freeland","LAD",94,396,344,77,49,16,1,11,48,43,43,1,108,5,2,1,,8,2,0.224686,0.109648,0.273042,0.401579,0.317842,0.370135,0.305055,0.687976,0.145449,4.55737,0.292161,0,0.0411821,44.175,-2.56978,95.0665,0.0411821,1.02005,-2.2720658108592033,2.2968720197677612,1.35011,999,,,,,,,396.3,4.215957446,396.3,4.215957446,,,,,,,,,,,,,,,,,,,"Alex Freeland","31665",690976
"Davis Schneider","TOR",88,297,251,53,30,12,1,10,37,36,41,0,86,4,1,0,,4,1,0.211646,0.138926,0.289097,0.480552,0.329542,0.387409,0.318573,0.71695,0.175763,4.51082,0.275853,0,-0.182315,36.4827,1.33262,104.6,-0.182315,3.51601,1.4305992424488068,1.4698364734649658,1.3449,999,,,,,,,320.1,3.6375,320.1,3.6375,,,,,,,,,,,,,,,,,,,"Davis Schneider","23565",676914
"Jung Hoo Lee","SFG",95,399,364,98,67,20,5,7,44,39,28,1,40,4,3,1,,4,2,0.268899,0.0693967,0.101292,0.685112,0.324773,0.401228,0.31628,0.726001,0.132329,4.61101,0.285564,0,-0.90587,48.2271,1.04544,104.64,-0.90587,2.21975,1.290224015712738,-1.4393837451934814,1.3449,339.44000244140625,,,,,,,435.1,4.58,435.1,4.58,,,,,,,,,,,,,,,,,,,"Jung Hoo Lee","33824",808982
"Dalton Rushing","LAD",69,263,227,53,31,10,1,12,34,39,27,1,74,7,1,0,,1,0,0.231436,0.102745,0.280268,0.366594,0.33012,0.434294,0.333385,0.764414,0.202858,3.14184,0.285176,0,-0.306685,35.4115,4.34036,114.473,-0.306685,-1.44256,4.204192727804184,0.17770600318908691,1.34405,745.8300170898438,,,,,,,321.2,4.655072463,321.2,4.655072463,,,,,,,,,,,,,,,,,,,"Dalton Rushing","31382",687221
"Zack Gelof","ATH",81,321,288,67,41,14,1,12,43,42,28,0,99,2,2,2,,10,2,0.23364,0.0874745,0.308931,0.283152,0.304156,0.410651,0.311207,0.714806,0.177011,5.59942,0.311365,0,0.726081,37.4877,-0.482097,96.1034,0.726081,2.08248,-0.7497285008430481,2.804265797138214,1.34244,999,,,,,,,349.7,4.31728395,349.7,4.31728395,,,,,,,,,,,,,,,,,,,"Zack Gelof","29766",680869
"Brenton Doyle","COL",97,357,329,80,52,15,2,10,47,38,23,0,99,2,2,1,,14,3,0.242189,0.0644832,0.278084,0.231884,0.293676,0.395499,0.299517,0.689176,0.153311,6.80916,0.31316,0,1.21365,38.2595,-3.92429,77.1107,1.21365,8.46964,-8.471587777137756,9.548239588737488,1.32624,166.25,,,,,,,361.1,3.722680412,361.1,3.722680412,,,,,,,,,,,,,,,,,,,"Brenton Doyle","25479",686668
"Ryan Ritter","COL",72,282,249,64,41,13,2,8,39,35,22,0,76,6,2,4,,5,2,0.258127,0.0767809,0.270148,0.284218,0.331436,0.420445,0.328451,0.751881,0.162318,5.86176,0.339741,0,-0.241716,36.9081,3.53091,96.9314,-0.241716,1.62987,-1.2690643817186356,4.743625044822693,1.3177,999,,,,,,,321.6,4.466666666,321.6,4.466666666,,,,,,,,,,,,,,,,,,,"Ryan Ritter","31500",690022
"Evan Carter","TEX",84,321,276,62,39,12,3,8,40,34,37,1,74,5,2,1,,13,2,0.222895,0.115467,0.229589,0.502928,0.322827,0.374487,0.308946,0.697315,0.151592,6.77261,0.27242,0,1.15483,36.859,-1.07089,98.7707,1.15483,-0.0293336,0.6897339820861816,1.0993171483278275,1.31409,280.4800109863281,,,,,,,343.4,4.088095238,343.4,4.088095238,,,,,,,,,,,,,,,,,,,"Evan Carter","27790",694497
"Nathan Lukes","TOR",73,258,231,62,44,12,1,5,30,33,20,1,40,3,2,2,,2,2,0.267957,0.0775208,0.156504,0.495327,0.332435,0.390858,0.317213,0.723293,0.122901,3.78773,0.304464,0,-0.872767,31.3814,0.871706,103.664,-0.872767,5.62067,0.24222540855407715,3.533639430999756,1.2961,999,,,,,,,270.9,3.710958904,270.9,3.710958904,,,,,,,,,,,,,,,,,,,"Nathan Lukes","18123",664770
"Spencer Jones","NYY",75,319,288,68,38,14,2,15,45,49,26,1,123,2,2,0,,11,3,0.236579,0.0831374,0.385577,0.215618,0.30428,0.450389,0.324096,0.754668,0.21381,6.42668,0.351061,0,0.475181,40.4975,2.85585,108.93,0.475181,-3.35139,3.828143388032913,-2.1808583736419678,1.29099,999,,,,,,,382.3,5.097333333,382.3,5.097333333,,,,,,,,,,,,,,,,,,,"Spencer Jones","31532",682987
"Brett Baty","NYM",95,346,311,77,51,14,1,12,43,44,30,0,86,3,3,0,,4,1,0.249392,0.0876914,0.248122,0.353421,0.319458,0.417332,0.321027,0.736791,0.16794,4.13734,0.303719,0,-0.206816,43.1712,2.24206,108.8,-0.206816,0.644877,3.4060648679733276,-2.346738636493683,1.2883,292.9200134277344,,,,,,,383.1,4.032631578,383.1,4.032631578,,,,,,,,,,,,,,,,,,,"Brett Baty","26123",683146
"Travis Bazzana","CLE",64,282,241,55,36,11,2,6,40,32,33,0,79,5,1,1,,6,2,0.226995,0.118638,0.278939,0.425318,0.331185,0.363498,0.310288,0.694682,0.136502,6.11931,0.307418,0,0.149775,32.653,-0.632836,99.4743,0.149775,1.91568,-0.024768739938735962,2.904145359992981,1.28716,999,,,,,,,286.5,4.4765625,286.5,4.4765625,,,,,,,,,,,,,,,,,,,"Travis Bazzana","34967",683953
"Kyle Isbel","KCR",92,288,259,65,44,12,3,5,35,27,18,0,57,4,1,6,,7,2,0.25,0.0613292,0.197328,0.310798,0.30547,0.384584,0.301683,0.690054,0.134584,6.48048,0.29956,0,-0.026603,31.328,-2.65565,89.3449,-0.026603,5.02691,-3.638520745560527,6.304439306259155,1.28613,999,,,,,,,277.6,3.017391304,277.6,3.017391304,,,,,,,,,,,,,,,,,,,"Kyle Isbel","21614",664728
"Jac Caglianone","KCR",95,376,337,87,53,16,1,16,49,47,31,1,84,6,2,0,,2,1,0.257188,0.0837104,0.223228,0.375,0.329034,0.456082,0.338697,0.785116,0.198894,3.59093,0.295203,0,-0.532849,52.2873,7.83269,114.843,-0.532849,-2.28903,6.0489302277565,-6.5472571849823,1.27462,164.58999633789062,,,,,,,464.7,4.891578947,464.7,4.891578947,,,,,,,,,,,,,,,,,,,"Jac Caglianone","35041",695506
"Ezequiel Tovar","COL",98,396,368,94,59,23,2,10,45,43,20,0,100,3,2,2,,5,2,0.255424,0.0515063,0.252556,0.20394,0.297349,0.414087,0.307271,0.711436,0.158664,4.79768,0.321466,0,-0.42378,44.9609,-1.86079,82.423,-0.42378,3.86392,-8.678910285234451,7.936244249343872,1.2738,209.22999572753906,,,,,,,403.4,4.11632653,403.4,4.11632653,,,,,,,,,,,,,,,,,,,"Ezequiel Tovar","24064",678662
"Ryan O'Hearn","PIT",99,359,318,86,59,15,1,11,44,43,35,2,69,4,3,0,,2,1,0.272239,0.0977096,0.192301,0.508108,0.349111,0.430346,0.338644,0.779457,0.158107,3.22486,0.313761,0,-0.435972,49.8587,7.45569,115.684,-0.435972,-0.540533,6.234740793704987,-5.758785963058472,1.2711,285.44000244140625,,,,,,,434.2,4.385858585,434.2,4.385858585,,,,,,,,,,,,,,,,,,,"Ryan O'Hearn","16442",656811
"Kyle Manzardo","CLE",96,355,314,75,44,16,2,14,40,47,34,1,90,4,2,0,,1,0,0.239779,0.0969628,0.252341,0.384254,0.321282,0.437165,0.328116,0.758447,0.197386,3.24717,0.286894,0,-0.305241,46.286,4.34093,111.755,-0.305241,2.11746,4.613203197717667,-4.419556379318237,1.27059,253.4600067138672,,,,,,,411.3,4.284375,411.3,4.284375,,,,,,,,,,,,,,,,,,,"Kyle Manzardo","29794",700932
"Carlos Narváez","BOS",79,291,258,58,36,15,0,7,30,30,28,1,78,3,1,1,,2,1,0.226683,0.0944771,0.268241,0.35221,0.307484,0.369302,0.298668,0.676786,0.142618,2.56403,0.293722,0,-0.359209,31.0112,-3.40202,86.089,-0.359209,2.43314,-5.134427309036255,7.42383599281311,1.26041,443.010009765625,,,,,,,270.1,3.418987341,270.1,3.418987341,,,,,,,,,,,,,,,,,,,"Carlos Narvaez","19722",665966
"Hunter Goodman","COL",102,409,377,95,52,21,2,21,53,60,26,0,113,5,2,0,,1,1,0.251732,0.0626261,0.275112,0.227638,0.3061,0.48013,0.335769,0.78623,0.228398,3.13012,0.302505,0,-0.925336,55.9093,7.54805,101.945,-0.925336,-3.59733,0.0181124210357666,-1.4002735614776611,1.25276,67.36000061035156,,,,,,,516.8,5.066666666,516.8,5.066666666,,,,,,,,,,,,,,,,,,,"Hunter Goodman","29715",696100
"Joey Loperfido","HOU",82,307,276,69,45,15,2,8,37,37,22,1,86,5,2,2,,7,3,0.249141,0.0723988,0.280846,0.257789,0.314537,0.39748,0.310747,0.712017,0.148339,5.32344,0.332206,0,-0.233346,35.6735,-0.574996,99.1808,-0.233346,3.80561,-0.5295393913984299,2.2037593126296997,1.2522,746.02001953125,,,,,,,326.4,3.980487804,326.4,3.980487804,,,,,,,,,,,,,,,,,,,"Joey Loperfido","29630",694388
"Jose Altuve","HOU",95,406,364,95,64,19,1,12,54,42,36,2,73,4,2,0,,7,3,0.261064,0.0880669,0.180149,0.488857,0.33176,0.415389,0.324879,0.747149,0.154325,3.94431,0.295032,0,-0.603129,51.9193,3.90127,108.916,-0.603129,-6.24655,3.6674718856811523,-5.425766885280609,1.25197,116.5199966430664,,,,,,,466.5,4.910526315,466.5,4.910526315,,,,,,,,,,,,,,,,,,,"Jose Altuve","5417",514888
"Coby Mayo","BAL",94,362,324,73,41,17,1,14,42,49,30,1,101,5,2,0,,3,1,0.225817,0.0842633,0.280043,0.300894,0.299341,0.413368,0.309252,0.712709,0.187551,3.71576,0.280839,0,-0.425807,41.6261,-1.11703,99.0202,-0.425807,1.1095,-0.8435516655445099,0.6196978986263275,1.25167,459.1600036621094,,,,,,,379.3,4.035106382,379.3,4.035106382,,,,,,,,,,,,,,,,,,,"Coby Mayo","28312",691723
"Colby Thomas","ATH",86,334,305,76,44,18,2,12,41,51,19,0,99,7,2,1,,5,2,0.248051,0.0576916,0.297023,0.194233,0.306204,0.434975,0.32035,0.74118,0.186924,4.94534,0.326338,0,-0.485988,41.4266,1.9775,102.402,-0.485988,2.257,0.45908012986183167,0.2668105363845825,1.25062,748.5900268554688,,,,,,,378.9,4.405813953,378.9,4.405813953,,,,,,,,,,,,,,,,,,,"Colby Thomas","31855",687515
"Kyle Stowers","MIA",82,313,276,67,39,14,2,13,38,42,30,2,87,5,2,0,,2,1,0.243681,0.097317,0.276299,0.352217,0.328019,0.445495,0.333949,0.773514,0.201814,3.95052,0.305699,0,-0.457171,42.3231,5.31339,113.01,-0.457171,1.10591,4.372470885515213,-2.587337374687195,1.24957,164.42999267578125,,,,,,,379.4,4.626829268,379.4,4.626829268,,,,,,,,,,,,,,,,,,,"Kyle Stowers","26151",669065
"Spencer Torkelson","DET",109,451,394,91,49,21,1,20,55,62,49,2,122,5,3,0,,1,0,0.230291,0.109416,0.271176,0.403486,0.32163,0.440974,0.329801,0.762604,0.210683,2.6562,0.277711,0,-0.607833,59.421,6.13168,111.48,-0.607833,-0.990192,5.494595050811768,-8.817878246307373,1.24904,188.35000610351562,,,,,,,534.1,4.9,534.1,4.9,,,,,,,,,,,,,,,,,,,"Spencer Torkelson","27465",679529
"Sam Antonacci","CHW",83,354,295,75,54,13,4,3,49,42,31,1,58,21,2,5,,15,4,0.253246,0.0873794,0.163017,0.536015,0.362126,0.357287,0.324938,0.719412,0.104041,7.46448,0.30381,0,0.550038,45.2184,3.4135,108.124,0.550038,-1.08726,3.9379119277000427,-4.007328629493713,1.23949,999,,,,,,,387,4.662650602,387,4.662650602,,,,,,,,,,,,,,,,,,,"Sam Antonacci","35101",803011
"Blaze Alexander","BAL",85,311,274,66,46,11,2,6,33,32,25,0,94,7,2,3,,6,3,0.239223,0.07987,0.303198,0.263426,0.317692,0.362913,0.302545,0.680604,0.123689,4.89271,0.337743,0,-0.614107,34.0845,-2.65304,94.4004,-0.614107,3.09585,-2.666114926338196,4.066605806350708,1.23878,745.9099731445312,,,,,,,294.3,3.462352941,294.3,3.462352941,,,,,,,,,,,,,,,,,,,"Blaze Alexander","23789",677942
"Jake Mangum","PIT",79,293,272,76,58,14,2,2,32,26,16,0,50,3,2,1,,12,3,0.279452,0.0535773,0.171447,0.3125,0.323488,0.370842,0.304701,0.694329,0.0913894,5.98284,0.333328,0,0.71918,32.6795,-1.99017,92.4316,0.71918,5.99411,-1.912809133529663,4.201145052909851,1.23359,672.4199829101562,,,,,,,295.8,3.744303797,295.8,3.744303797,,,,,,,,,,,,,,,,,,,"Jake Mangum","26202",663968
"Parker Meadows","DET",74,300,267,62,40,12,4,7,36,34,27,1,74,2,2,1,,9,2,0.233559,0.0908681,0.246998,0.367891,0.307773,0.385213,0.303036,0.692986,0.151654,6.9453,0.29474,0,0.605896,32.9716,-2.4377,93.0433,0.605896,2.61534,-1.851237416267395,3.5458961725234985,1.22927,745.6900024414062,,,,,,,302.1,4.082432432,302.1,4.082432432,,,,,,,,,,,,,,,,,,,"Parker Meadows","23800",678009
"Sung-Mun Song","SDP",84,352,318,77,54,13,2,8,40,37,30,2,65,1,2,1,,7,1,0.242327,0.086345,0.185419,0.465674,0.307711,0.368662,0.295188,0.676373,0.126335,5.2721,0.280581,0,0.689253,36.4642,-5.10321,91.5372,0.689253,2.19118,-2.8393019437789917,3.1370298266410828,1.22878,999,,,,,,,341,4.059523809,341,4.059523809,,,,,,,,,,,,,,,,,,,"Sung-Mun Song","37122",823550
"Jake Meyers","HOU",73,253,226,55,39,10,1,5,29,23,20,0,54,3,2,1,,6,3,0.244419,0.0799385,0.212545,0.376102,0.313278,0.366279,0.300253,0.679557,0.12186,5.08647,0.296796,0,-0.226797,27.2454,-2.62798,91.9519,-0.226797,4.96897,-2.625006467103958,5.902006447315216,1.22608,738.1500244140625,,,,,,,235.7,3.228767123,235.7,3.228767123,,,,,,,,,,,,,,,,,,,"Jake Meyers","20308",676694
"Matt Shaw","CHC",98,356,317,78,50,15,2,11,44,44,31,0,68,5,2,1,,14,4,0.245172,0.0862574,0.191234,0.451057,0.318531,0.407557,0.317328,0.726088,0.162385,5.97188,0.278719,0,0.540694,43.2815,1.23455,104.757,0.540694,0.969056,2.5471593141555786,-2.4276890754699707,1.22436,336.67999267578125,,,,,,,401.5,4.096938775,401.5,4.096938775,,,,,,,,,,,,,,,,,,,"Matt Shaw","33322",807713
"Ryan McMahon","NYY",104,390,344,71,44,14,1,12,40,44,41,1,125,2,2,0,,3,2,0.206037,0.106187,0.321019,0.330782,0.294179,0.357121,0.287815,0.6513,0.151084,2.98996,0.280699,0,-0.772067,38.1323,-8.00099,83.9372,-0.772067,5.27481,-8.163796246051788,6.634276032447815,1.21918,732.8599853515625,,,,,,,341.8,3.286538461,341.8,3.286538461,,,,,,,,,,,,,,,,,,,"Ryan McMahon","15112",641857
"Adolis García","PHI",98,399,362,87,53,17,1,16,48,54,29,1,105,5,3,0,,7,2,0.241395,0.0718625,0.262338,0.273931,0.304147,0.429979,0.317102,0.734126,0.188585,4.52221,0.291297,0,-0.154204,48.4507,1.31078,101.2,-0.154204,2.30675,0.41300447285175323,-1.8718092441558838,1.20971,213.99000549316406,,,,,,,440.3,4.492857142,440.3,4.492857142,,,,,,,,,,,,,,,,,,,"Adolis Garcia","19287",666969
"Ryan Waldschmidt","ARI",83,364,316,74,51,15,2,6,47,42,38,1,81,8,2,0,,9,5,0.233973,0.104726,0.222505,0.470668,0.329331,0.348885,0.303986,0.678216,0.114913,5.29712,0.294018,0,-0.65039,40.3355,-2.68053,92.8413,-0.65039,7.40105,-3.739220976829529,3.3880791664123535,1.20415,999,,,,,,,350.8,4.226506024,350.8,4.226506024,,,,,,,,,,,,,,,,,,,"Ryan Waldschmidt","35061",814439
"Jordan Lawlar","ARI",64,263,233,55,34,13,2,6,34,30,23,1,71,4,2,1,,10,2,0.237995,0.0884093,0.270209,0.327189,0.316064,0.392364,0.310252,0.708427,0.154369,6.61067,0.312185,0,0.623802,30.4996,-0.598942,97.1337,0.623802,2.29229,-0.27032339572906494,3.2593544721603394,1.20233,261.6499938964844,,,,,,,274.9,4.2953125,274.9,4.2953125,,,,,,,,,,,,,,,,,,,"Jordan Lawlar","29976",691783
"Carson Williams","TBR",86,345,310,66,40,11,3,12,44,44,28,0,119,3,2,2,,10,5,0.213644,0.0814762,0.346194,0.235348,0.283662,0.385687,0.292017,0.669349,0.172043,6.50873,0.300097,0,-0.514521,34.8299,-5.88574,84.8215,-0.514521,2.73913,-6.679070293903351,6.537492513656616,1.19963,724.5499877929688,,,,,,,319.4,3.713953488,319.4,3.713953488,,,,,,,,,,,,,,,,,,,"Carson Williams","30038",700246
"Brice Matthews","HOU",86,344,304,68,41,12,3,12,42,44,32,0,115,5,2,1,,17,4,0.222261,0.0939055,0.333716,0.281393,0.304625,0.393803,0.306095,0.698428,0.171542,6.85434,0.311724,0,1.0625,38.7171,-1.94458,95.9767,1.0625,0.512463,-0.5693342685699463,0.4326230138540268,1.19852,740.969970703125,,,,,,,373.6,4.344186046,373.6,4.344186046,,,,,,,,,,,,,,,,,,,"Brice Matthews","33280",694728
"Trevor Story","BOS",97,399,372,92,59,20,1,12,47,53,21,1,115,3,3,1,,14,1,0.248766,0.051784,0.287719,0.179981,0.292345,0.406332,0.301111,0.698677,0.157566,5.94993,0.3249,0,1.93553,43.2806,-3.86977,87.7717,1.93553,-1.85989,-3.815698742866516,1.7792226076126099,1.19764,111.33000183105469,,,,,,,415.5,4.283505154,415.5,4.283505154,,,,,,,,,,,,,,,,,,,"Trevor Story","12564",596115
"Jake Cronenworth","SDP",94,369,315,71,47,15,2,8,44,36,42,1,73,8,2,1,,3,1,0.226099,0.113017,0.199244,0.56723,0.330454,0.360869,0.309278,0.691323,0.13477,4.04957,0.268037,0,-0.561115,42.4164,-1.13013,101.189,-0.561115,-2.01872,-0.04161417484283447,-0.5590683221817017,1.19391,738.2999877929688,,,,,,,365.6,3.889361702,365.6,3.889361702,,,,,,,,,,,,,,,,,,,"Jake Cronenworth","18036",630105
"Ryan Vilade","TBR",84,315,282,70,47,13,2,7,37,39,27,0,73,4,2,1,,5,2,0.248451,0.0850749,0.232007,0.366692,0.319867,0.392332,0.312671,0.712199,0.143881,5.09062,0.308115,0,-0.445721,37.1502,-0.0982947,99.049,-0.445721,4.43925,-0.7990809082984924,1.597029685974121,1.19237,999,,,,,,,321.8,3.83095238,321.8,3.83095238,,,,,,,,,,,,,,,,,,,"Ryan Vilade","22165",668723
"Trevor Larnach","MIN",92,346,304,75,49,15,1,10,41,40,38,2,80,2,2,0,,3,2,0.248246,0.109508,0.232434,0.471135,0.334076,0.406842,0.323959,0.740918,0.158596,3.43666,0.303206,0,-0.707653,43.8834,3.05875,106.949,-0.707653,1.04166,2.1221519112586975,-2.3955243825912476,1.18939,748.52001953125,,,,,,,379.3,4.122826086,379.3,4.122826086,,,,,,,,,,,,,,,,,,,"Trevor Larnach","21501",663616
"Joe Mack","MIA",75,308,280,63,41,13,1,9,36,39,22,1,87,4,2,0,,2,1,0.225604,0.0719104,0.282443,0.254601,0.288854,0.370363,0.288542,0.659218,0.144759,3.82151,0.292125,0,-0.205932,30.2176,-6.12077,81.9047,-0.205932,3.3122,-6.8016714453697205,8.164229154586792,1.18698,999,,,,,,,279.8,3.730666666,279.8,3.730666666,,,,,,,,,,,,,,,,,,,"Joe Mack","29780",691788
"Mickey Moniak","COL",91,326,303,82,46,16,4,17,43,49,18,1,81,3,2,0,,5,2,0.269629,0.0543724,0.249003,0.218361,0.314805,0.512384,0.350574,0.827188,0.242754,5.56788,0.313333,0,-0.372585,48.5051,9.94178,112.087,-0.372585,0.355586,4.30268856883049,-3.6445223093032837,1.17905,245.8300018310547,,,,,,,452.1,4.968131868,452.1,4.968131868,,,,,,,,,,,,,,,,,,,"Mickey Moniak","19956",666160
"Bo Naylor","CLE",83,289,255,53,29,13,1,10,33,34,30,1,68,1,1,1,,2,1,0.207955,0.102936,0.237025,0.434281,0.291941,0.38211,0.295109,0.674051,0.174155,3.16665,0.241226,0,-0.521173,29.925,-4.20929,89.0178,-0.521173,0.60862,-4.260487914085388,5.767655909061432,1.17207,574.2899780273438,,,,,,,273.2,3.291566265,273.2,3.291566265,,,,,,,,,,,,,,,,,,,"Bo Naylor","21865",666310
"Ronny Mauricio","NYM",74,289,268,65,43,12,1,9,33,33,17,2,74,2,2,0,,8,2,0.241206,0.0575974,0.25657,0.22449,0.288174,0.394171,0.293861,0.682345,0.152965,4.88987,0.296696,0,0.296366,29.5939,-4.49625,90.1901,0.296366,3.77159,-3.058112233877182,4.831682562828064,1.16422,999,,,,,,,287.7,3.887837837,287.7,3.887837837,,,,,,,,,,,,,,,,,,,"Ronny Mauricio","23698",677595
"Jared Triolo","PIT",76,281,249,61,43,12,2,4,31,25,28,1,63,2,2,1,,8,2,0.245073,0.0983802,0.224625,0.437975,0.324173,0.356898,0.302282,0.681071,0.111825,5.57998,0.310675,0,0.411445,30.7586,-2.45896,90.7745,0.411445,4.47638,-2.6624497175216675,4.6725195944309235,1.16326,735.5399780273438,,,,,,,276,3.631578947,276,3.631578947,,,,,,,,,,,,,,,,,,,"Jared Triolo","25807",669707
"Jake McCarthy","COL",90,322,289,81,57,14,5,5,41,35,22,0,54,6,2,4,,17,4,0.278924,0.0669711,0.166187,0.402985,0.338831,0.413412,0.328449,0.752243,0.134488,7.53716,0.325217,0,1.27505,42.1061,4.02792,96.9307,1.27505,2.15341,0.10271131992340088,0.5068182945251465,1.16009,506.760009765625,,,,,,,385.8,4.286666666,385.8,4.286666666,,,,,,,,,,,,,,,,,,,"Jake McCarthy","21622",664983
"Max Muncy","ATH",75,293,263,66,41,15,1,8,36,39,20,1,87,6,2,1,,3,2,0.250616,0.0676551,0.297904,0.227104,0.316146,0.410714,0.316115,0.72686,0.160099,4.56169,0.340465,0,-0.700116,35.3089,0.727153,99.4843,-0.700116,1.69726,-0.8780082166194916,2.107886105775833,1.15704,672.719970703125,,,,,,,309.1,4.121333333,309.1,4.121333333,,,,,,,,,,,,,,,,,,,"Max Muncy","29779",691777
"Pedro Pagés","STL",76,273,250,56,38,10,1,7,24,29,16,1,72,3,2,2,,1,0,0.222054,0.0585134,0.262322,0.22306,0.274106,0.352395,0.273774,0.626501,0.130341,3.19404,0.27978,0,-0.0762324,23.5446,-8.70451,75.2771,-0.0762324,4.6756,-8.073633626103401,10.276087760925293,1.15502,748.2899780273438,,,,,,,223,2.934210526,223,2.934210526,,,,,,,,,,,,,,,,,,,"Pedro Pages","25782",686780
"Eugenio Suárez","CIN",97,398,354,84,46,15,1,23,51,65,35,1,123,6,2,0,,2,1,0.237528,0.0892596,0.309326,0.288562,0.316697,0.477468,0.340771,0.794165,0.23994,2.99015,0.29095,0,-0.462836,55.929,8.94747,114.144,-0.462836,-0.467192,6.202728629112244,-8.157440602779388,1.15441,97.91999816894531,,,,,,,505.8,5.214432989,505.8,5.214432989,,,,,,,,,,,,,,,,,,,"Eugenio Suarez","12552",553993
"Hao-Yu  Lee","DET",79,335,301,71,47,13,3,7,41,39,27,1,73,5,2,0,,7,2,0.234408,0.0803768,0.217734,0.369152,0.306705,0.374911,0.299386,0.681617,0.140503,6.11852,0.283631,0,0.170948,35.8455,-3.71569,90.5291,0.170948,2.22291,-3.566458135843277,3.0766794681549072,1.12958,999,,,,,,,320.9,4.062025316,320.9,4.062025316,,,,,,,,,,,,,,,,,,,"Hao-Yu  Lee","30080",701678
"Nolan Gorman","STL",93,349,310,70,43,12,1,15,40,47,36,1,108,1,3,0,,2,1,0.227083,0.103363,0.309624,0.333832,0.30638,0.412687,0.311444,0.719067,0.185605,2.9675,0.293402,0,-0.40128,40.8047,-0.456686,101.083,-0.40128,1.21003,0.046755075454711914,-0.6369999647140503,1.12911,653.1400146484375,,,,,,,375.5,4.037634408,375.5,4.037634408,,,,,,,,,,,,,,,,,,,"Nolan Gorman","22263",669357
"Ha-Seong Kim","ATL",67,265,232,56,40,9,1,5,30,25,28,1,47,2,2,1,,10,2,0.238991,0.105439,0.178745,0.589888,0.324984,0.352523,0.302007,0.677507,0.113532,5.0575,0.277421,0,0.570558,28.9719,-2.38007,91.9988,0.570558,1.18443,-1.9456709027290344,4.1092529296875,1.12518,748.3800048828125,,,,,,,263.8,3.937313432,263.8,3.937313432,,,,,,,,,,,,,,,,,,,"Ha-Seong Kim","27506",673490
"Danny Jansen","TEX",68,235,202,42,23,10,0,9,24,26,26,0,57,5,1,0,,0,0,0.206345,0.111869,0.243493,0.459434,0.310219,0.387363,0.308509,0.697583,0.181018,1.82661,0.240958,0,-0.531162,26.8855,-0.866979,98.4693,-0.531162,-0.875294,-0.9548953473567963,3.8432114124298096,1.12307,999,,,,,,,239.8,3.526470588,239.8,3.526470588,,,,,,,,,,,,,,,,,,,"Danny Jansen","16535",643376
"Daniel Schneemann","CLE",86,305,273,63,39,15,1,8,36,32,29,0,84,1,1,1,,6,3,0.230591,0.0965681,0.276599,0.349127,0.306841,0.38258,0.303009,0.689421,0.151989,4.8972,0.301825,0,-0.218987,33.5735,-2.48954,94.4597,-0.218987,1.42041,-2.2119966447353363,2.657297134399414,1.12094,999,,,,,,,297.2,3.455813953,297.2,3.455813953,,,,,,,,,,,,,,,,,,,"Daniel Schneemann","25180",682177
"Tyler Stephenson","CIN",84,309,271,61,37,13,1,10,33,39,33,1,88,3,2,0,,0,1,0.225978,0.105521,0.28432,0.371134,0.313287,0.391236,0.309082,0.704523,0.165258,1.90284,0.291672,0,-0.716398,35.5222,-0.996989,92.4362,-0.716398,-1.56235,-3.487130045890808,4.14291512966156,1.11988,294.75,,,,,,,313.2,3.728571428,313.2,3.728571428,,,,,,,,,,,,,,,,,,,"Tyler Stephenson","17988",663886
"Darell Hernaiz","ATH",98,379,340,89,65,17,2,5,42,39,30,0,55,2,2,4,,7,2,0.261173,0.0780373,0.145964,0.534634,0.322754,0.362124,0.303018,0.684877,0.100951,4.73664,0.29838,0,-0.255814,41.6797,-3.08752,90.4622,-0.255814,0.536917,-4.514940023422241,2.292422115802765,1.10754,999,,,,,,,369.8,3.773469387,369.8,3.773469387,,,,,,,,,,,,,,,,,,,"Darell Hernaiz","26224",687231
"Kyle Karros","COL",90,353,313,80,56,18,2,5,44,35,34,1,82,4,3,0,,4,1,0.254082,0.0961964,0.2325,0.413748,0.33141,0.364966,0.307944,0.696376,0.110884,4.85661,0.327578,0,0.0263369,40.2944,-1.46656,82.884,0.0263369,4.90566,-7.143431922420859,6.166254043579102,1.10392,999,,,,,,,364.4,4.048888888,364.4,4.048888888,,,,,,,,,,,,,,,,,,,"Kyle Karros","33252",691720
"Miguel Rojas","LAD",73,225,205,52,38,9,0,4,22,21,14,1,29,2,2,2,,4,1,0.253053,0.0624269,0.130076,0.479927,0.303615,0.356976,0.289745,0.660591,0.103923,3.48022,0.275657,0,-0.0654784,22.2784,-4.24886,84.5792,-0.0654784,5.91316,-4.168758437037468,7.457194685935974,1.10118,999,,,,,,,202.7,2.776712328,202.7,2.776712328,,,,,,,,,,,,,,,,,,,"Miguel Rojas","7802",500743
"Dylan Beavers","BAL",90,371,323,80,51,16,2,10,48,42,42,1,87,2,2,2,,10,3,0.247195,0.112502,0.234486,0.479779,0.334446,0.405941,0.324595,0.740386,0.158746,5.48494,0.305218,0,0.017162,47.2991,3.47514,109.59,0.017162,-1.81309,4.209263464435935,-6.264464259147644,1.09653,505.0400085449219,,,,,,,419.4,4.66,419.4,4.66,,,,,,,,,,,,,,,,,,,"Dylan Beavers","31695",687637
"Kody Clemens","MIN",82,285,256,60,32,14,2,11,35,37,21,1,70,4,1,1,,5,1,0.232578,0.0741548,0.245123,0.302521,0.300761,0.436239,0.317457,0.737,0.203661,5.83555,0.274412,0,0.0475584,34.6422,1.01702,102.47,0.0475584,5.12226,0.876010600477457,-0.08404684066772461,1.08371,700.7000122070312,,,,,,,317.1,3.86707317,317.1,3.86707317,,,,,,,,,,,,,,,,,,,"Kody Clemens","20572",665019
"Josh Smith","TEX",100,367,318,78,54,15,1,8,43,33,37,1,70,8,2,2,,7,3,0.245462,0.102125,0.189996,0.53751,0.336956,0.373198,0.31532,0.710154,0.127735,4.54461,0.289688,0,-0.31815,44.0598,0.675299,103.162,-0.31815,-3.75595,1.0500600636005402,-3.143641948699951,1.0795,428.9100036621094,,,,,,,383.1,3.831,383.1,3.831,,,,,,,,,,,,,,,,,,,"Josh Smith","26396",669701
"Colt Keith","DET",95,366,331,88,59,19,1,9,48,42,31,1,83,2,2,0,,2,1,0.264928,0.0835089,0.228083,0.366134,0.329372,0.409786,0.322614,0.739158,0.144858,3.58627,0.327833,0,-0.518733,46.0425,2.83794,106.53,-0.518733,-0.529258,2.2954928278923035,-4.3427324295043945,1.07888,502.489990234375,,,,,,,407.2,4.286315789,407.2,4.286315789,,,,,,,,,,,,,,,,,,,"Colt Keith","27899",690993
"Spencer Steer","CIN",104,424,376,92,56,20,1,15,51,53,39,0,90,6,2,0,,7,1,0.243657,0.0929268,0.212889,0.436503,0.323169,0.419986,0.324482,0.743155,0.176329,4.55107,0.28115,0,0.194372,54.0058,3.9318,102.986,0.194372,-0.00114917,1.6940700262784958,-5.341785428114235,1.07034,335.70001220703125,,,,,,,489.4,4.70576923,489.4,4.70576923,,,,,,,,,,,,,,,,,,,"Spencer Steer","26323",668715
"Jesús Sánchez","TOR",101,355,321,80,51,15,1,13,43,47,27,1,82,3,3,0,,6,1,0.248446,0.075911,0.23108,0.328506,0.309577,0.423148,0.316226,0.732725,0.174702,4.69688,0.291281,0,0.262201,42.8192,0.91307,102.984,0.262201,1.25008,1.5094340443611145,-3.32511568069458,1.06385,617.4299926757812,,,,,,,397,3.930693069,397,3.930693069,,,,,,,,,,,,,,,,,,,"Jesus Sanchez","19913",660821
"Samuel Basallo","BAL",88,350,317,77,45,16,0,16,42,49,28,2,87,3,2,0,,1,1,0.244083,0.0799114,0.24978,0.319927,0.309599,0.450227,0.326078,0.759826,0.206144,2.13412,0.284847,0,-0.610417,45.0693,3.7018,110.611,-0.610417,-5.29654,3.7681581377983093,-5.50288413465023,1.05607,160.94000244140625,,,,,,,403.1,4.580681818,403.1,4.580681818,,,,,,,,,,,,,,,,,,,"Samuel Basallo","28824",694212
"Jacob Young","WSN",97,357,320,78,60,12,2,4,45,34,24,0,62,6,2,6,,15,6,0.242389,0.0665696,0.172991,0.384815,0.304425,0.325736,0.281595,0.630161,0.0833472,6.12787,0.287689,0,0.0563718,33.0664,-9.11954,78.5067,0.0563718,6.10893,-9.038611333817244,7.459263205528259,1.05456,746.0700073242188,,,,,,,302.3,3.116494845,302.3,3.116494845,,,,,,,,,,,,,,,,,,,"Jacob Young","29931",696285
"Luis Torrens","NYM",63,191,174,42,27,10,1,4,17,22,13,0,43,2,1,1,,1,1,0.240867,0.0658502,0.224399,0.293451,0.298068,0.375851,0.295327,0.673919,0.134985,2.65396,0.294868,0,-0.401457,19.8091,-2.74785,91.1945,-0.401457,2.92767,-2.3938200771808624,6.2271668910980225,1.04248,999,,,,,,,177.6,2.819047619,177.6,2.819047619,,,,,,,,,,,,,,,,,,,"Luis Torrens","15905",620443
"David Hamilton","MIL",82,282,250,55,40,8,1,6,38,29,26,0,70,2,1,3,,24,6,0.22065,0.0909142,0.248251,0.366219,0.295931,0.33606,0.281719,0.631991,0.11541,7.30763,0.280063,0,2.11435,26.1653,-7.18009,79.326,2.11435,3.50881,-4.8006367683410645,5.586401462554932,1.04168,743.3300170898438,,,,,,,256.1,3.123170731,256.1,3.123170731,,,,,,,,,,,,,,,,,,,"David Hamilton","27531",666152
"Christian Yelich","MIL",87,373,326,84,57,13,2,12,52,50,42,4,94,2,2,0,,11,2,0.255972,0.112048,0.25363,0.441779,0.342824,0.414874,0.329003,0.757698,0.158902,5.51295,0.322946,0,0.57335,48.8483,4.82424,111.717,0.57335,0.0177222,5.747577488422394,-8.030016781762242,1.03562,127.22000122070312,,,,,,,453.6,5.213793103,453.6,5.213793103,,,,,,,,,,,,,,,,,,,"Christian Yelich","11477",592885
"Ryan Ward","LAD",81,349,318,73,42,13,2,15,46,48,27,1,90,2,2,0,,4,2,0.229467,0.0773174,0.256706,0.30119,0.291545,0.430439,0.309889,0.721984,0.200972,5.11089,0.268106,0,-0.357899,40.3114,-0.896585,98.378,-0.357899,3.23437,-1.0283350050449371,-0.6099276542663574,1.02034,999,,,,,,,369.9,4.566666666,369.9,4.566666666,,,,,,,,,,,,,,,,,,,"Ryan Ward","27449",669899
"Harrison Bader","SFG",86,288,264,63,42,11,1,9,35,33,18,0,71,4,2,0,,8,4,0.237586,0.0614794,0.247954,0.247946,0.293694,0.388979,0.297886,0.682672,0.151393,4.80571,0.288164,0,-0.337345,30.4588,-3.54425,92.0399,-0.337345,2.10722,-3.0523329079151154,3.3381277322769165,1.00949,554.3099975585938,,,,,,,281,3.26744186,281,3.26744186,,,,,,,,,,,,,,,,,,,"Harrison Bader","18030",664056
"Leo Rivas","SEA",81,285,235,49,37,7,2,3,36,24,40,0,73,4,2,4,,12,2,0.208016,0.140202,0.256728,0.546109,0.329609,0.293999,0.288642,0.623608,0.085983,6.30598,0.283463,0,0.887414,27.9819,-5.64011,89.91,0.887414,1.04208,-2.496537446975708,2.536160469055176,1.00664,999,,,,,,,248.5,3.067901234,248.5,3.067901234,,,,,,,,,,,,,,,,,,,"Leo Rivas","21009",660844
"J.C. Escarra","NYY",61,216,194,45,28,11,2,5,25,25,19,0,39,2,1,0,,1,1,0.232462,0.0873044,0.179048,0.487603,0.306552,0.376616,0.300585,0.683168,0.144154,4.29661,0.266289,0,-0.330997,23.3437,-2.18778,92.7335,-0.330997,0.941276,-2.181590437889099,4.578508615493774,1.00657,999,,,,,,,210.4,3.449180327,210.4,3.449180327,,,,,,,,,,,,,,,,,,,"J.C. Escarra","20084",641555
"Gabriel Arias","CLE",79,272,249,58,36,13,1,8,28,30,16,1,84,3,2,1,,4,2,0.232961,0.0606707,0.31072,0.195259,0.288073,0.393332,0.295519,0.681405,0.160371,4.31399,0.314267,0,-0.503354,28.217,-3.86592,89.3002,-0.503354,1.37217,-3.9275458455085754,4.365176439285278,1.00147,748.3800048828125,,,,,,,253.4,3.207594936,253.4,3.207594936,,,,,,,,,,,,,,,,,,,"Gabriel Arias","22563",672356
"CJ Kayfus","CLE",78,303,267,67,39,15,4,9,38,38,29,0,85,5,2,1,,3,1,0.250885,0.094351,0.280104,0.336842,0.332771,0.434671,0.333706,0.767442,0.183786,5.73632,0.333462,0,-0.375416,40.9439,5.08799,115.606,-0.375416,-0.336625,5.206255227327347,-5.911622166633606,0.997033,999,,,,,,,364,4.666666666,364,4.666666666,,,,,,,,,,,,,,,,,,,"CJ Kayfus","33704",692216
"Blake Dunn","CIN",78,297,255,62,46,9,1,6,40,33,27,0,82,9,2,4,,12,2,0.244055,0.0913021,0.27804,0.328378,0.335216,0.363162,0.312577,0.698378,0.119107,6.35038,0.332917,0,1.13963,34.919,-0.115151,94.8302,1.13963,-0.562149,-0.6771378517150879,0.5272954106330872,0.994642,999,,,,,,,305.6,3.917948717,305.6,3.917948717,,,,,,,,,,,,,,,,,,,"Blake Dunn","29487",694362
"Jasson Domínguez","NYY",75,290,261,66,43,11,1,10,41,37,26,1,72,2,2,0,,13,2,0.252606,0.0903412,0.248255,0.363905,0.322805,0.418148,0.322348,0.740953,0.165543,6.3433,0.310506,0,1.26941,36.4813,2.18973,107.726,1.26941,-1.13826,3.9120129346847534,-4.337320923805237,0.979039,421.5400085449219,,,,,,,343.3,4.577333333,343.3,4.577333333,,,,,,,,,,,,,,,,,,,"Jasson Dominguez","28080",691176
"Oswald Peraza","LAA",84,292,265,60,41,10,0,9,32,28,20,0,75,5,1,0,,12,3,0.226597,0.0679472,0.255715,0.265714,0.290844,0.3636,0.288427,0.654444,0.137003,5.38954,0.280791,0,0.84903,28.6393,-5.8338,82.0523,0.84903,3.79363,-5.322587430477142,4.742516338825226,0.968616,999,,,,,,,274,3.261904761,274,3.261904761,,,,,,,,,,,,,,,,,,,"Oswald Peraza","22823",672724
"Addison Barger","TOR",83,318,285,68,39,18,1,11,38,45,28,1,75,2,2,0,,2,1,0.239015,0.0889639,0.23735,0.374821,0.310695,0.423864,0.31739,0.734558,0.184848,3.36339,0.283443,0,-0.460444,38.6674,1.11835,103.785,-0.460444,0.987844,0.9573288261890411,-2.5151039361953735,0.960308,193.08999633789062,,,,,,,348.1,4.193975903,348.1,4.193975903,,,,,,,,,,,,,,,,,,,"Addison Barger","24598",680718
"Royce Lewis","MIN",75,287,261,61,38,12,0,11,32,39,22,1,67,2,2,0,,7,1,0.23419,0.0769925,0.232462,0.331205,0.297024,0.404121,0.304306,0.701145,0.169931,4.18526,0.272091,0,0.541027,31.8994,-2.04028,93.4112,0.541027,0.0226819,-1.6895849704742432,1.1392581965774298,0.955755,193.64999389648438,,,,,,,301.3,4.017333333,301.3,4.017333333,,,,,,,,,,,,,,,,,,,"Royce Lewis","20437",668904
"Luke Raley","SEA",78,261,228,55,32,10,1,11,33,37,19,0,81,11,1,2,,4,2,0.23894,0.072759,0.311997,0.233204,0.325656,0.439631,0.333749,0.765287,0.200691,4.9569,0.316992,0,-0.161173,35.2426,4.38737,120.982,-0.161173,-2.81945,6.296692907810211,-5.955914735794067,0.954949,748.25,,,,,,,310.1,3.975641025,310.1,3.975641025,,,,,,,,,,,,,,,,,,,"Luke Raley","19354",670042
"Vinnie Pasquantino","KCR",105,442,394,98,58,20,1,18,46,64,40,2,68,4,4,0,,2,0,0.248039,0.0909054,0.153719,0.591372,0.320942,0.442521,0.328804,0.763463,0.194482,2.84804,0.255708,0,-0.345872,57.8782,5.65185,108.028,-0.345872,-2.03491,3.836374908685684,-9.75598430633545,0.951707,77.0999984741211,,,,,,,523.5,4.985714285,523.5,4.985714285,,,,,,,,,,,,,,,,,,,"Vinnie Pasquantino","27676",686469
"Jahmai Jones","DET",81,241,208,51,30,12,2,7,34,31,25,1,58,6,1,1,,4,3,0.245965,0.102604,0.240367,0.426863,0.34087,0.431463,0.336821,0.772333,0.185498,5.81664,0.304561,0,-0.641635,33.1249,4.65001,116.316,-0.641635,3.09127,3.992743968963623,-3.003830671310425,0.950282,999,,,,,,,281.8,3.479012345,281.8,3.479012345,,,,,,,,,,,,,,,,,,,"Jahmai Jones","18872",663330
"Jonathan India","KCR",86,353,302,73,47,16,1,8,44,34,39,0,67,10,2,1,,2,2,0.240466,0.110923,0.188343,0.588942,0.344358,0.380473,0.323483,0.724832,0.140007,3.60229,0.282116,0,-0.885515,44.7123,2.98951,104.362,-0.885515,-4.89364,0.929957389831543,-3.8132359981536865,0.94915,607.719970703125,,,,,,,379.3,4.410465116,379.3,4.410465116,,,,,,,,,,,,,,,,,,,"Jonathan India","21523",663697
"Colton Cowser","BAL",87,322,283,65,40,13,1,10,40,40,32,1,102,5,2,0,,8,2,0.228163,0.0983266,0.316002,0.311158,0.313935,0.388931,0.308928,0.702866,0.160768,4.72119,0.313203,0,0.126265,36.9598,-1.07878,98.797,0.126265,-0.307039,-0.33019453287124634,-1.537900149822235,0.943156,251.72000122070312,,,,,,,339,3.896551724,339,3.896551724,,,,,,,,,,,,,,,,,,,"Colton Cowser","29591",681297
"Austin Martin","MIN",74,272,231,60,46,12,1,2,31,22,33,0,43,6,2,1,,11,5,0.262125,0.120014,0.1578,0.760546,0.365729,0.346651,0.323071,0.71238,0.0845266,4.75008,0.31135,0,-0.218748,34.3749,2.21338,106.337,-0.218748,0.277665,1.8142740428447723,-1.9801701605319977,0.942063,748.5599975585938,,,,,,,288.2,3.894594594,288.2,3.894594594,,,,,,,,,,,,,,,,,,,"Austin Martin","27462",668885
"Shay Whitcomb","HOU",80,306,279,64,39,12,1,13,38,43,21,1,95,3,2,0,,7,2,0.228986,0.0695297,0.309614,0.224569,0.289994,0.409725,0.302891,0.699719,0.180739,4.87962,0.295537,0,0.259869,33.6107,-2.5236,93.7696,0.259869,2.13062,-1.985808104276657,0.6021069288253784,0.935931,999,,,,,,,321.8,4.0225,321.8,4.0225,,,,,,,,,,,,,,,,,,,"Shay Whitcomb","27789",694376
"Nick Loftin","KCR",74,276,240,58,39,14,1,5,33,33,29,0,41,4,2,1,,5,2,0.243886,0.105803,0.147893,0.715405,0.333564,0.371943,0.313641,0.705507,0.128057,4.22719,0.271459,0,-0.259658,32.7442,0.131215,97.5824,-0.259658,0.177293,-1.0461404025554657,0.631573885679245,0.930082,999,,,,,,,281,3.797297297,281,3.797297297,,,,,,,,,,,,,,,,,,,"Nick Loftin","27630",679845
"Andrés Chaparro","WSN",71,277,250,61,37,13,1,10,30,35,23,1,66,3,2,0,,1,0,0.24254,0.0818632,0.237711,0.344382,0.311119,0.420077,0.317161,0.731196,0.177536,3.0131,0.288287,0,-0.173616,33.691,0.924537,102.871,-0.173616,4.12945,0.7699973881244659,-0.965177059173584,0.924629,999,,,,,,,308.9,4.350704225,308.9,4.350704225,,,,,,,,,,,,,,,,,,,"Andres Chaparro","21797",665953
"Brett Harris","ATH",63,241,211,49,34,9,1,5,28,29,22,0,48,5,1,1,,3,1,0.233206,0.0927605,0.200273,0.46317,0.319864,0.356833,0.302115,0.676697,0.123627,4.0167,0.276318,0,-0.301854,26.3771,-2.14404,89.8401,-0.301854,2.99227,-3.192320317029953,3.879180610179901,0.920756,999,,,,,,,226.1,3.588888888,226.1,3.588888888,,,,,,,,,,,,,,,,,,,"Brett Harris","29788",695391
"Bryan Reynolds","PIT",106,452,397,100,66,20,3,12,51,53,46,2,109,6,3,0,,4,1,0.252015,0.102198,0.241097,0.423886,0.337158,0.40274,0.324092,0.739898,0.150725,4.27393,0.316779,0,-0.406467,57.4027,4.04644,105.715,-0.406467,-3.56636,2.65222704410553,-8.696466207504272,0.919766,204.72000122070312,,,,,,,511.7,4.82735849,511.7,4.82735849,,,,,,,,,,,,,,,,,,,"Bryan Reynolds","19326",668804
"Johnathan Rodríguez","BAL",77,299,269,69,45,12,1,11,32,38,26,1,83,2,2,0,,1,1,0.256767,0.0862957,0.27666,0.31192,0.323387,0.429466,0.326232,0.752853,0.172699,2.9015,0.327618,0,-0.723999,38.5104,3.19726,110.717,-0.723999,-1.12628,3.050993025302887,-4.4206463098526,0.912883,999,,,,,,,344.4,4.472727272,344.4,4.472727272,,,,,,,,,,,,,,,,,,,"Johnathan Rodriguez","22530",671286
"James Outman","MIN",96,324,284,62,35,13,3,12,47,35,33,1,112,5,2,0,,11,2,0.218305,0.101609,0.345602,0.294006,0.309266,0.407352,0.312812,0.716618,0.189047,7.30538,0.310205,0,0.845773,38.2331,-0.0639426,99.2704,0.845773,-1.12997,0.5670645833015442,-2.833922028541565,0.910065,999,,,,,,,360.1,3.751041666,360.1,3.751041666,,,,,,,,,,,,,,,,,,,"James Outman","24770",681546
"TJ Friedl","CIN",101,415,359,84,59,14,2,8,46,39,41,0,75,9,2,4,,10,2,0.233512,0.0998684,0.17984,0.555318,0.326977,0.355615,0.305743,0.682592,0.122103,5.4482,0.271248,0,0.503776,46.5877,-2.4647,90.1486,0.503776,-0.801619,-4.343408286571503,-0.584146112203598,0.909944,265.1499938964844,,,,,,,402,3.980198019,402,3.980198019,,,,,,,,,,,,,,,,,,,"TJ Friedl","19522",670770
"Brandon Lockridge","MIL",76,261,232,59,44,11,2,2,31,27,22,0,68,2,1,3,,15,2,0.254524,0.0845614,0.261526,0.323339,0.324014,0.348571,0.299533,0.672585,0.0940476,7.07496,0.347992,0,1.79782,27.9639,-2.86452,91.5292,1.79782,3.40754,-0.821617603302002,1.0219001770019531,0.909219,999,,,,,,,255.4,3.360526315,255.4,3.360526315,,,,,,,,,,,,,,,,,,,"Brandon Lockridge","21496",663604
"Nathaniel Lowe","CIN",102,393,349,91,60,15,1,14,43,54,40,1,94,2,2,0,,1,1,0.259548,0.101402,0.238458,0.425242,0.337691,0.431714,0.334634,0.769405,0.172166,2.27026,0.313983,0,-0.791244,53.3346,6.88699,109.94,-0.791244,-0.126212,3.839774787425995,-8.107291772961617,0.902382,999,,,,,,,466.5,4.573529411,466.5,4.573529411,,,,,,,,,,,,,,,,,,,"Nathaniel Lowe","19566",663993
"Connor Norby","MIA",90,372,337,85,54,18,1,11,48,43,27,0,101,5,2,0,,8,3,0.252808,0.0739803,0.271978,0.272008,0.31671,0.413384,0.318203,0.730094,0.160576,4.96305,0.32638,0,-0.0447786,45.4715,1.55357,102.224,-0.0447786,1.9819,0.9347485303878784,-4.5013110637664795,0.901174,728.1400146484375,,,,,,,403.1,4.478888888,403.1,4.478888888,,,,,,,,,,,,,,,,,,,"Connor Norby","29592",681393
"Chandler Simpson","TBR",99,417,386,111,97,10,4,0,54,31,22,0,42,0,3,6,,37,9,0.288263,0.0526805,0.101036,0.521401,0.324249,0.335835,0.292051,0.660084,0.0475718,7.51612,0.320836,0,3.08555,42.1417,-7.10817,84.8444,3.08555,3.11768,-4.35986852645874,-1.1984920501708984,0.899909,180.19000244140625,,,,,,,398.5,4.025252525,398.5,4.025252525,,,,,,,,,,,,,,,,,,,"Chandler Simpson","31912",802415
"Will Benson","CIN",92,292,253,57,33,11,3,11,41,36,34,1,87,3,1,1,,7,3,0.225684,0.116289,0.297934,0.390319,0.322131,0.418526,0.322487,0.740657,0.192842,6.24618,0.295305,0,-0.211639,36.7267,2.23548,101.619,-0.211639,1.16576,0.34860123693943024,-1.3076963424682617,0.896193,999,,,,,,,334.5,3.635869565,334.5,3.635869565,,,,,,,,,,,,,,,,,,,"Will Benson","21853",666181
"Ildemaro Vargas","ARI",73,271,253,69,50,12,2,5,30,36,13,0,29,2,1,2,,2,1,0.273198,0.0480058,0.107912,0.44486,0.311908,0.401381,0.310136,0.713289,0.128183,4.34299,0.289925,0,-0.224019,31.3553,-0.641883,97.0538,-0.224019,4.02842,-1.1696141064167023,0.8526599407196045,0.889994,999,,,,,,,272.6,3.734246575,272.6,3.734246575,,,,,,,,,,,,,,,,,,,"Ildemaro Vargas","13324",545121
"Jeferson Quero","MIL",52,215,196,45,30,8,0,7,24,26,16,0,43,2,1,0,,1,0,0.230008,0.0755873,0.197967,0.381818,0.293351,0.372987,0.292581,0.666338,0.142978,2.97773,0.259401,0,-0.076842,21.8374,-3.57513,86.7673,-0.076842,0.931442,-3.4499389827251434,4.882664680480957,0.879184,999,,,,,,,200.9,3.863461538,200.9,3.863461538,,,,,,,,,,,,,,,,,,,"Jeferson Quero","28272",691620
"Daylen Lile","WSN",101,417,381,100,65,20,6,9,54,49,29,0,77,5,3,1,,9,5,0.262171,0.0683022,0.185246,0.368711,0.318851,0.417599,0.319075,0.73645,0.155428,6.39533,0.305828,0,-0.710059,51.3608,2.04025,104.182,-0.710059,-1.2771,1.3589048981666565,-6.705615997314453,0.874789,206.50999450683594,,,,,,,460.9,4.563366336,460.9,4.563366336,,,,,,,,,,,,,,,,,,,"Daylen Lile","29995",695734
"Henry Bolte","ATH",78,322,287,70,47,14,3,7,38,43,26,0,115,7,2,0,,16,3,0.245393,0.0806673,0.356379,0.226353,0.319818,0.381911,0.309152,0.701729,0.136517,7.24915,0.380126,0,1.37275,36.9931,-1.01959,94.6873,1.37275,1.64859,-0.6416776180267334,-1.897611141204834,0.873714,999,,,,,,,349.5,4.48076923,349.5,4.48076923,,,,,,,,,,,,,,,,,,,"Henry Bolte","31448",703607
"Owen Caissie","MIA",90,360,318,78,48,18,1,11,42,46,35,1,119,3,4,0,,4,2,0.246399,0.0984933,0.329198,0.299191,0.32491,0.41206,0.321174,0.73697,0.165662,4.20037,0.352089,0,-0.447753,44.9524,2.37531,104.259,-0.447753,-1.14395,1.3710414171218872,-4.836973667144775,0.872815,528.5,,,,,,,396.1,4.401111111,396.1,4.401111111,,,,,,,,,,,,,,,,,,,"Owen Caissie","27496",683357
"Carlos Cortes","ATH",80,287,260,66,41,15,1,8,31,35,24,0,56,2,2,0,,1,1,0.254051,0.083763,0.195697,0.428023,0.319088,0.416286,0.320074,0.735374,0.162235,2.93569,0.292866,0,-0.480756,35.5812,1.63712,102.211,-0.480756,2.16603,0.2680074870586395,-1.6307854652404785,0.872762,999,,,,,,,311.1,3.88875,311.1,3.88875,,,,,,,,,,,,,,,,,,,"Carlos Cortes","21842",666126
"Brandon Valenzuela","TOR",77,293,265,56,36,11,1,8,28,33,25,1,80,1,2,0,,1,1,0.209392,0.0847128,0.274027,0.30914,0.278447,0.346818,0.275274,0.625266,0.137426,2.75124,0.265186,0,-0.41241,25.6301,-8.98695,74.7732,-0.41241,2.93556,-9.123320609331131,7.535325527191162,0.869787,999,,,,,,,238.5,3.097402597,238.5,3.097402597,,,,,,,,,,,,,,,,,,,"Brandon Valenzuela","23813",678218
"Ty France","SDP",91,336,304,76,52,15,1,9,35,39,19,1,62,12,2,0,,1,0,0.250755,0.0572619,0.183815,0.311518,0.318389,0.391683,0.3119,0.710072,0.140928,2.81443,0.286633,0,-0.514915,39.4298,-0.315364,102.986,-0.514915,1.76175,0.675348162651062,-3.3941088914871216,0.86762,999,,,,,,,350.3,3.849450549,350.3,3.849450549,,,,,,,,,,,,,,,,,,,"Ty France","17982",664034
"Austin Hedges","CLE",51,138,120,25,18,4,0,3,13,10,13,0,35,1,1,3,,2,1,0.206836,0.0926712,0.255513,0.362687,0.287086,0.308501,0.268218,0.595587,0.101665,3.0099,0.265794,0,-0.305329,11.2828,-5.02405,70.4934,-0.305329,5.72798,-5.104860335588455,8.825233936309814,0.8669,999,,,,,,,102.8,2.015686274,102.8,2.015686274,,,,,,,,,,,,,,,,,,,"Austin Hedges","12976",595978
"Mickey Gasper","BOS",58,205,179,44,30,10,1,4,25,25,20,0,36,5,1,0,,2,0,0.247593,0.098322,0.173247,0.567527,0.337029,0.378159,0.31804,0.715188,0.130566,4.03705,0.285952,0,-0.18148,25.0802,0.830694,99.4339,-0.18148,-2.05786,-0.3184187114238739,1.7125256061553955,0.865738,999,,,,,,,218.5,3.767241379,218.5,3.767241379,,,,,,,,,,,,,,,,,,,"Mickey Gasper","24759",681508
"Tyler Soderstrom","ATH",106,417,375,92,52,21,2,16,47,61,36,2,94,4,2,0,,3,1,0.243997,0.0850941,0.225667,0.377077,0.314124,0.440978,0.325135,0.755102,0.196981,3.65336,0.281322,0,-0.518729,53.3874,4.09182,105.698,-0.518729,-3.31066,2.2829716205596924,-8.217371940612793,0.8628,82.8499984741211,,,,,,,485.8,4.583018867,485.8,4.583018867,,,,,,,,,,,,,,,,,,,"Tyler Soderstrom","27467",691016
"Lourdes Gurriel Jr.","ARI",85,349,322,85,57,17,1,10,36,45,22,1,56,4,2,0,,5,1,0.263497,0.0616294,0.161582,0.381413,0.314717,0.416808,0.317047,0.731525,0.153311,4.01355,0.290073,0,-0.100104,42.3924,1.13166,101.788,-0.100104,-0.241292,0.6399135142564774,-3.8383535593748093,0.862234,689.0700073242188,,,,,,,387.7,4.56117647,387.7,4.56117647,,,,,,,,,,,,,,,,,,,"Lourdes Gurriel Jr.","19238",666971
"A.J. Ewing","NYM",83,362,325,81,58,15,6,3,49,37,32,1,79,2,2,0,,24,5,0.249626,0.0887102,0.219166,0.404762,0.319738,0.356751,0.298186,0.676489,0.107125,8.39315,0.319728,0,2.08023,38.39,-4.36876,93.1531,2.08023,-4.15581,-0.8564298152923584,-2.826153516769409,0.855886,999,,,,,,,368.1,4.434939759,368.1,4.434939759,,,,,,,,,,,,,,,,,,,"A.J. Ewing","33656",805999
"Sam Huff","BAL",54,206,188,42,26,9,1,6,20,22,16,1,71,1,1,0,,0,0,0.222915,0.0767833,0.345913,0.221973,0.285675,0.378049,0.28897,0.663724,0.155133,1.96354,0.318178,0,-0.281443,20.3248,-4.03079,85.0488,-0.281443,1.35859,-3.913769632577896,5.14546525478363,0.852285,999,,,,,,,186.4,3.451851851,186.4,3.451851851,,,,,,,,,,,,,,,,,,,"Sam Huff","22209",669087
"Victor Scott II","STL",100,361,316,69,52,10,2,5,42,29,28,0,80,6,2,9,,25,6,0.21867,0.0785418,0.221291,0.354926,0.294303,0.31048,0.272277,0.604784,0.0918106,6.85695,0.274851,0,1.92975,30.7312,-11.9628,74.2519,1.92975,4.3228,-9.09691047668457,5.373188614845276,0.849809,391.1300048828125,,,,,,,290.5,2.905,290.5,2.905,,,,,,,,,,,,,,,,,,,"Victor Scott II","31349",687363
"Javier Sanoja","MIA",96,335,309,81,56,17,3,4,33,38,20,0,33,1,2,2,,7,5,0.260375,0.0608922,0.0979362,0.621753,0.306926,0.37472,0.298092,0.681646,0.114345,4.948,0.27876,0,-1.14922,35.5327,-4.07193,88.447,-1.14922,2.54484,-5.738806366920471,2.8045991957187653,0.841526,999,,,,,,,310.9,3.238541666,310.9,3.238541666,,,,,,,,,,,,,,,,,,,"Javier Sanoja","28253",691594
"Edmundo Sosa","PHI",69,198,185,47,31,9,1,5,24,25,7,0,44,4,1,1,,3,1,0.251658,0.0339322,0.223252,0.15199,0.291497,0.398674,0.299403,0.690171,0.147016,5.58407,0.303126,0,0.125019,21.1878,-2.19344,89.075,0.125019,3.26296,-2.437227338552475,4.004206538200378,0.834361,999,,,,,,,192.9,2.795652173,192.9,2.795652173,,,,,,,,,,,,,,,,,,,"Edmundo Sosa","17022",624641
"Vaughn Grissom","LAA",76,315,282,71,49,14,1,7,38,33,26,0,56,5,3,0,,5,1,0.250662,0.0817575,0.177029,0.461832,0.322469,0.376938,0.308878,0.699407,0.126276,4.49584,0.288257,0,0.0459201,36.2057,-1.07001,96.1398,0.0459201,-1.43054,-1.3893753699958324,-1.3535384237766266,0.830904,999,,,,,,,327.4,4.307894736,327.4,4.307894736,,,,,,,,,,,,,,,,,,,"Vaughn Grissom","26031",687093
"Jonah Heim","ATH",78,279,255,58,39,11,1,7,27,32,20,0,52,1,2,0,,1,0,0.226198,0.0727188,0.187251,0.38835,0.284157,0.355661,0.281085,0.639818,0.129462,3.02358,0.256082,0,-0.164175,25.7059,-7.23668,75.3536,-0.164175,1.64345,-8.26299612224102,6.765467047691345,0.82911,999,,,,,,,238.1,3.052564102,238.1,3.052564102,,,,,,,,,,,,,,,,,,,"Jonah Heim","16930",641680
"Logan O'Hoppe","LAA",81,307,275,63,43,7,1,12,31,36,24,0,84,5,2,1,,2,1,0.228787,0.0784106,0.272438,0.287811,0.29996,0.392677,0.303406,0.692637,0.16389,2.75921,0.279901,0,-0.600869,33.8154,-2.40137,92.3704,-0.600869,-4.55963,-3.3571435809135437,0.9045901298522949,0.829035,246.50999450683594,,,,,,,304.6,3.760493827,304.6,3.760493827,,,,,,,,,,,,,,,,,,,"Logan O'Hoppe","24729",681351
"Taylor Trammell","HOU",63,217,189,43,24,10,1,8,28,28,25,0,62,2,1,0,,6,2,0.227767,0.11708,0.284096,0.412116,0.323123,0.412322,0.322228,0.735445,0.184555,5.46743,0.293763,0,0.0759313,27.272,1.61707,107.09,0.0759313,-2.07682,1.890319436788559,-1.2790337800979614,0.827556,999,,,,,,,248.5,3.944444444,248.5,3.944444444,,,,,,,,,,,,,,,,,,,"Taylor Trammell","19960",666211
"Troy Johnston","COL",91,354,320,88,58,20,3,8,40,46,25,1,71,7,2,0,,9,3,0.274405,0.070679,0.200157,0.353118,0.338162,0.42774,0.333279,0.765902,0.153334,5.50432,0.328897,0,-0.0509573,47.69,5.81881,100.239,-0.0509573,1.04902,0.049583859741687775,-3.7782288789749146,0.825587,748.4099731445312,,,,,,,427.8,4.701098901,427.8,4.701098901,,,,,,,,,,,,,,,,,,,"Troy Johnston","26143",687859
"Cam Smith","HOU",97,353,315,73,48,15,2,8,40,38,32,0,94,4,3,0,,7,2,0.233434,0.0898836,0.265775,0.338194,0.310046,0.369813,0.300237,0.679859,0.136379,5.21927,0.30384,0,0.111863,38.0455,-3.67466,91.9411,0.111863,3.26078,-3.2419123724102974,-0.8529794216156006,0.825108,341.8699951171875,,,,,,,339.6,3.501030927,339.6,3.501030927,,,,,,,,,,,,,,,,,,,"Cam Smith","35108",701358
"Agustín Ramírez","MIA",101,427,386,94,56,22,1,14,56,53,33,2,88,5,3,0,,10,2,0.242587,0.0774767,0.204983,0.377967,0.308534,0.416218,0.313701,0.724753,0.173631,5.04111,0.276473,0,0.507123,50.6936,0.22413,99.1397,0.507123,-5.84647,0.07157662510871887,-6.269786983728409,0.820793,86.8499984741211,,,,,,,468.9,4.642574257,468.9,4.642574257,,,,,,,,,,,,,,,,,,,"Agustin Ramirez","26546",682663
"George Springer","TOR",89,375,329,81,53,15,1,13,51,46,39,1,73,4,2,0,,8,2,0.246439,0.104577,0.193741,0.539777,0.332024,0.413951,0.326642,0.745975,0.167513,4.94277,0.278212,0,0.219187,48.3891,4.132,110.159,0.219187,0,4.704095467925072,-9.593396186828613,0.819483,94.37999725341797,,,,,,,434.6,4.883146067,434.6,4.883146067,,,,,,,,,,,,,,,,,,,"George Springer","12856",543807
"Eli White","ATL",71,207,190,46,33,6,2,6,29,25,12,1,54,3,2,1,,8,1,0.244457,0.0579508,0.26271,0.220588,0.297293,0.381981,0.295566,0.679274,0.137525,7.19256,0.310827,0,0.816848,21.5094,-2.93797,87.5863,0.816848,4.53339,-2.2273001074790955,3.3457547426223755,0.819206,999,,,,,,,210.2,2.96056338,210.2,2.96056338,,,,,,,,,,,,,,,,,,,"Eli White","19346",642201
"Denzel Clarke","ATH",65,249,222,49,32,10,2,5,31,29,20,0,85,5,1,2,,9,2,0.220978,0.0783793,0.341664,0.229404,0.296276,0.351424,0.287031,0.6477,0.130445,7.23397,0.332311,0,0.615447,24.1783,-5.26513,79.4492,0.615447,4.0225,-5.420252323150635,4.838309705257416,0.818445,728.3300170898438,,,,,,,226.3,3.481538461,226.3,3.481538461,,,,,,,,,,,,,,,,,,,"Denzel Clarke","29858",672016
"Isaac Collins","KCR",87,326,277,65,42,14,3,6,40,33,41,1,71,5,2,1,,10,5,0.235181,0.124901,0.217474,0.574324,0.341643,0.371055,0.317557,0.712697,0.135874,5.9121,0.292423,0,-0.529145,39.7591,1.19301,100.28,-0.529145,1.06898,-0.4213458150625229,-2.856615662574768,0.814638,666.1699829101562,,,,,,,344.1,3.955172413,344.1,3.955172413,,,,,,,,,,,,,,,,,,,"Isaac Collins","25477",686555
"Jake Rogers","DET",57,180,161,32,19,7,1,5,21,22,15,0,53,2,2,1,,0,0,0.201456,0.0820749,0.297188,0.276171,0.272298,0.346676,0.272357,0.618973,0.14522,4.05346,0.26501,0,-0.151148,15.308,-5.94293,71.9092,-0.151148,4.28052,-6.105740711092949,7.862261056900024,0.813403,999,,,,,,,142.2,2.494736842,142.2,2.494736842,,,,,,,,,,,,,,,,,,,"Jake Rogers","19452",668670
"Braxton Fulford","COL",53,197,176,42,27,8,1,6,25,26,14,0,53,5,1,1,,2,1,0.238471,0.0715116,0.269523,0.265327,0.312168,0.395934,0.310692,0.708103,0.157464,4.92189,0.306448,0,-0.31582,22.8678,-0.377505,84.766,-0.31582,1.64659,-3.8678899109363556,5.260847806930542,0.812639,999,,,,,,,202.5,3.820754716,202.5,3.820754716,,,,,,,,,,,,,,,,,,,"Braxton Fulford","29704",690924
"Liam Hicks","MIA",83,306,264,67,50,9,1,7,32,41,31,0,42,8,3,1,,2,0,0.254894,0.10043,0.135763,0.739744,0.346163,0.372149,0.320076,0.718312,0.117255,3.14635,0.276715,0,-0.264606,37.9212,1.74517,103.506,-0.264606,-2.66993,1.0077186226844788,-3.291578769683838,0.809225,748.5399780273438,,,,,,,329.6,3.971084337,329.6,3.971084337,,,,,,,,,,,,,,,,,,,"Liam Hicks","29844",689414
"Jared Young","NYM",66,252,221,53,33,10,1,9,31,35,25,0,60,4,2,1,,3,1,0.242476,0.0977454,0.238576,0.409704,0.327448,0.421336,0.327096,0.748784,0.17886,4.32237,0.29052,0,-0.300429,32.6101,2.86946,112.958,-0.300429,-1.50075,3.5651261508464813,-4.194728136062622,0.792954,999,,,,,,,285,4.318181818,285,4.318181818,,,,,,,,,,,,,,,,,,,"Jared Young","20404",676724
"Nick Fortes","TBR",77,227,207,49,37,8,0,5,22,22,12,0,36,5,1,2,,1,1,0.236364,0.0540549,0.160243,0.337331,0.293503,0.340184,0.281309,0.633687,0.103821,2.6128,0.265149,0,-0.361987,21.0041,-5.86021,77.4446,-0.361987,1.69106,-6.406154900789261,6.2914206981658936,0.789338,999,,,,,,,187.7,2.437662337,187.7,2.437662337,,,,,,,,,,,,,,,,,,,"Nick Fortes","21538",663743
"Jared Oliva","SFG",62,215,195,46,31,8,2,4,31,25,13,0,48,4,1,2,,17,2,0.237065,0.0600648,0.223133,0.269188,0.296548,0.366548,0.291255,0.663096,0.129483,8.96008,0.292116,0,2.20481,21.5688,-3.80017,87.4976,2.20481,3.9082,-0.9766662120819092,1.5415256023406982,0.789136,999,,,,,,,212.5,3.427419354,212.5,3.427419354,,,,,,,,,,,,,,,,,,,"Jared Oliva","19968",666931
"Tyler O'Neill","BAL",64,243,212,50,31,7,1,11,33,31,27,1,66,3,1,0,,3,1,0.233241,0.110098,0.27032,0.407287,0.326573,0.426814,0.327629,0.753387,0.193573,4.34095,0.282748,0,-0.0464774,31.648,2.88083,111.68,-0.0464774,-1.32239,3.3049854189157486,-4.00389039516449,0.786312,477.6400146484375,,,,,,,290.3,4.5359375,290.3,4.5359375,,,,,,,,,,,,,,,,,,,"Tyler O'Neill","15711",641933
"Angel Martínez","CLE",97,370,337,81,51,19,2,10,43,43,21,0,80,5,2,4,,8,3,0.241643,0.0569634,0.216176,0.263505,0.294539,0.398782,0.301299,0.693321,0.157138,5.22004,0.286013,0,-0.199804,40.1414,-3.52757,93.282,-0.199804,1.38477,-3.1261264830827713,-2.0151671171188354,0.776161,748.5800170898438,,,,,,,361.9,3.730927835,361.9,3.730927835,,,,,,,,,,,,,,,,,,,"Angel Martinez","26540",682657
"Masataka Yoshida","BOS",72,276,246,69,48,14,1,6,29,33,22,1,34,5,2,0,,3,0,0.278423,0.0812558,0.122373,0.664,0.348323,0.413144,0.332804,0.761467,0.134721,3.75642,0.30044,0,0.0720765,36.9778,4.41846,109.604,0.0720765,-0.351121,3.1913108229637146,-5.111461341381073,0.774442,748.3300170898438,,,,,,,329.8,4.580555555,329.8,4.580555555,,,,,,,,,,,,,,,,,,,"Masataka Yoshida","31837",807799
"Zach Cole","HOU",72,297,264,57,31,11,3,11,34,41,26,1,120,5,2,0,,10,3,0.214215,0.0876811,0.404573,0.216725,0.295282,0.405335,0.303796,0.700617,0.191121,6.74419,0.337962,0,0.142143,32.8744,-2.23371,94.3927,0.142143,0.661518,-1.821534663438797,-0.8965222239494324,0.768811,743.5999755859375,,,,,,,311.2,4.322222222,311.2,4.322222222,,,,,,,,,,,,,,,,,,,"Zach Cole","31583",805904
"Kerry Carpenter","DET",90,325,295,73,43,12,3,15,39,52,23,1,83,4,3,0,,1,1,0.248419,0.0704034,0.254699,0.276418,0.309512,0.463957,0.330474,0.773469,0.215538,3.87702,0.290071,0,-0.702979,42.9607,4.59239,111.944,-0.702979,-2.29493,3.8683465719223022,-7.5672149658203125,0.765677,236.22000122070312,,,,,,,386.8,4.297777777,386.8,4.297777777,,,,,,,,,,,,,,,,,,,"Kerry Carpenter","25961",681481
"Nolan Schanuel","LAA",100,413,361,93,67,17,1,8,47,43,42,1,60,6,3,2,,4,1,0.258904,0.101686,0.145763,0.697613,0.344156,0.378898,0.320407,0.723053,0.119994,3.23177,0.288495,0,-0.466886,51.3246,2.46807,104.082,-0.466886,-1.01489,1.5224116444587708,-8.318442583084106,0.761552,594.6599731445312,,,,,,,438.8,4.388,438.8,4.388,,,,,,,,,,,,,,,,,,,"Nolan Schanuel","33189",694384
"Alek Thomas","LAD",94,324,299,71,45,16,2,7,40,35,17,0,74,3,2,3,,6,2,0.237505,0.0522278,0.227444,0.22963,0.284183,0.381795,0.289556,0.665978,0.14429,5.94803,0.289331,0,0.0202386,32.1223,-6.18563,82.956,0.0202386,1.79924,-6.529004883021116,3.1742900609970093,0.76112,746.030029296875,,,,,,,288,3.063829787,288,3.063829787,,,,,,,,,,,,,,,,,,,"Alek Thomas","23792",677950
"Jose Siri","LAA",64,211,194,39,22,8,1,8,28,26,13,0,77,2,1,1,,7,2,0.202093,0.0638236,0.365535,0.174603,0.260811,0.377753,0.277484,0.638564,0.175661,6.17989,0.282506,0,0.196153,18.8594,-6.1008,74.5141,0.196153,5.53296,-6.149247825145721,6.309141278266907,0.760656,999,,,,,,,181.2,2.83125,181.2,2.83125,,,,,,,,,,,,,,,,,,,"Jose Siri","17452",642350
"Ramón Urías","STL",75,248,223,53,34,11,1,7,26,26,19,0,54,4,2,0,,2,0,0.235209,0.0772978,0.216694,0.356713,0.305283,0.380101,0.301305,0.685384,0.144893,3.44743,0.278072,0,-0.201426,26.9901,-2.3705,94.1369,-0.201426,0.683224,-1.9281470030546188,1.0870307385921478,0.760357,999,,,,,,,250,3.333333333,250,3.333333333,,,,,,,,,,,,,,,,,,,"Ramon Urias","18795",602104
"Weston Wilson","BAL",69,240,213,48,30,9,1,8,32,26,24,1,69,2,1,1,,7,3,0.223615,0.100883,0.286021,0.352713,0.306058,0.38556,0.303298,0.691618,0.161945,5.17943,0.287142,0,-0.157421,26.4949,-1.90392,94.919,-0.157421,0.220931,-1.596736580133438,0.6779093742370605,0.752826,999,,,,,,,245.7,3.560869565,245.7,3.560869565,,,,,,,,,,,,,,,,,,,"Weston Wilson","19358",642215
"Josh Lowe","LAA",88,325,296,72,46,14,2,10,38,37,24,1,91,2,2,1,,12,2,0.242446,0.0745524,0.280186,0.266082,0.301277,0.403597,0.305022,0.704875,0.161151,6.11488,0.313792,0,1.24548,36.3076,-2.1213,93.4837,1.24548,0.199283,-1.2524003982543945,-2.592075765132904,0.752588,297.0899963378906,,,,,,,348.4,3.959090909,348.4,3.959090909,,,,,,,,,,,,,,,,,,,"Josh Lowe","19953",666139
"Otto Kemp","PHI",81,321,283,66,41,14,2,9,44,45,23,1,91,13,2,0,,5,3,0.233044,0.0707839,0.284299,0.248977,0.317863,0.394687,0.313463,0.71255,0.161643,5.51635,0.307063,0,-0.647861,38.0014,0.106255,98.707,-0.647861,-3.37101,-1.1393527388572693,-2.1925984621047974,0.751551,999,,,,,,,332.3,4.102469135,332.3,4.102469135,,,,,,,,,,,,,,,,,,,"Otto Kemp","31792",805249
"JJ Bleday","CIN",87,339,298,71,38,16,1,16,46,50,38,1,75,1,2,0,,2,2,0.239263,0.113141,0.220782,0.512456,0.326695,0.462062,0.339451,0.788757,0.222799,3.39855,0.264574,0,-0.722908,47.3378,7.26772,113.24,-0.722908,-4.2968,4.5986024141311646,-8.597690105438232,0.745994,748.5800170898438,,,,,,,417.3,4.796551724,417.3,4.796551724,,,,,,,,,,,,,,,,,,,"JJ Bleday","26368",668709
"Tyler Tolbert","KCR",76,262,233,54,39,9,3,3,35,25,15,0,70,4,2,8,,21,3,0.230681,0.0582616,0.266048,0.218989,0.287879,0.333791,0.275059,0.621669,0.103109,8.93764,0.31362,0,2.67173,22.8395,-8.07004,71.0049,2.67173,3.572,-6.268064498901367,4.533179819583893,0.744201,999,,,,,,,229.3,3.017105263,229.3,3.017105263,,,,,,,,,,,,,,,,,,,"Tyler Tolbert","25779",686475
"Kyle Higashioka","TEX",61,196,181,41,26,8,1,7,19,25,13,0,51,1,1,1,,1,1,0.225461,0.0646026,0.259235,0.249205,0.276841,0.38608,0.287951,0.662921,0.160619,3.19174,0.273401,0,-0.264594,19.1897,-4.0002,84.3081,-0.264594,0.705974,-3.894421696662903,4.407921075820923,0.744047,999,,,,,,,184.4,3.022950819,184.4,3.022950819,,,,,,,,,,,,,,,,,,,"Kyle Higashioka","5517",543309
"Rhys Hoskins","CLE",79,304,257,58,33,13,1,12,35,36,40,1,83,3,3,0,,1,1,0.22454,0.132746,0.272077,0.487898,0.333944,0.413701,0.327815,0.747646,0.189162,2.66987,0.278833,0,-0.505847,39.5249,3.6396,111.548,-0.505847,-1.585,3.6278300285339355,-6.886916518211365,0.736631,737.989990234375,,,,,,,352.1,4.456962025,352.1,4.456962025,,,,,,,,,,,,,,,,,,,"Rhys Hoskins","16472",656555
"Andrew Vaughn","MIL",92,370,335,84,53,18,1,13,36,54,28,0,71,5,2,0,,0,0,0.251776,0.0765941,0.190365,0.402353,0.318022,0.427391,0.324021,0.745414,0.175615,1.46738,0.280712,0,-0.568004,47.0569,3.29742,108.305,-0.568004,-1.79611,3.077299416065216,-8.224364042282104,0.734899,272.2699890136719,,,,,,,414.5,4.505434782,414.5,4.505434782,,,,,,,,,,,,,,,,,,,"Andrew Vaughn","26197",683734
"Cedric Mullins","TBR",94,355,316,68,43,13,2,10,42,40,30,0,77,4,2,3,,16,5,0.214915,0.085508,0.217154,0.393768,0.289484,0.363887,0.287895,0.653372,0.148973,6.13507,0.249568,0,0.888467,34.7106,-7.25526,81.9816,0.888467,0.264686,-6.654159963130951,1.6021073460578918,0.734507,321.5,,,,,,,326.3,3.471276595,326.3,3.471276595,,,,,,,,,,,,,,,,,,,"Cedric Mullins","17929",656775
"Griffin Conine","MIA",67,249,221,51,32,9,1,8,29,31,24,0,83,3,1,0,,1,1,0.229081,0.0974052,0.33451,0.291188,0.31144,0.388474,0.30791,0.699914,0.159392,3.98397,0.326086,0,-0.34455,28.4355,-1.04206,95.1726,-0.34455,2.44241,-1.7719062268733978,0.5986435413360596,0.729746,999,,,,,,,251.7,3.756716417,251.7,3.756716417,,,,,,,,,,,,,,,,,,,"Griffin Conine","21626",665052
"Chase DeLauter","CLE",46,191,169,45,27,11,0,6,22,26,20,0,27,0,2,0,,1,1,0.263289,0.106028,0.140452,0.754902,0.339289,0.437675,0.337575,0.776963,0.174386,2.41522,0.280367,0,-0.434358,26.386,3.80466,118.271,-0.434358,-0.100855,3.6812112629413605,-3.130828246474266,0.729672,999,,,,,,,230.4,5.008695652,230.4,5.008695652,,,,,,,,,,,,,,,,,,,"Chase DeLauter","32127",800050
"Freddy Fermin","SDP",73,235,213,48,35,9,0,4,24,23,16,1,48,2,2,2,,1,1,0.22695,0.0677849,0.202895,0.334088,0.284557,0.329787,0.271138,0.614344,0.102837,2.13956,0.270654,0,-0.645178,19.7531,-7.99098,75.0624,-0.645178,2.61814,-7.585153579711914,6.835798025131226,0.723145,735.3099975585938,,,,,,,172.6,2.364383561,172.6,2.364383561,,,,,,,,,,,,,,,,,,,"Freddy Fermin","21840",666023
"Daniel Susac","SFG",65,254,236,58,41,10,2,6,21,32,13,0,69,3,1,0,,2,2,0.245257,0.051914,0.271971,0.190881,0.291727,0.37421,0.290846,0.665937,0.128952,3.65417,0.319804,0,-0.561118,25.3868,-4.57179,87.2177,-0.561118,0.168128,-4.402289032936096,3.011868193745613,0.721395,999,,,,,,,231.8,3.566153846,231.8,3.566153846,,,,,,,,,,,,,,,,,,,"Daniel Susac","31441",691740
"Ke'Bryan Hayes","CIN",94,351,322,73,54,11,2,6,35,32,25,1,68,2,2,0,,7,2,0.228273,0.0699168,0.193183,0.36192,0.286203,0.33074,0.272837,0.616943,0.102466,4.89376,0.269553,0,0.122439,29.9785,-11.4486,67.607,0.122439,7.47827,-13.338274329900742,8.682398796081543,0.717917,999,,,,,,,275.2,2.927659574,275.2,2.927659574,,,,,,,,,,,,,,,,,,,"Ke'Bryan Hayes","18577",663647
"Ryan Bliss","SEA",69,287,257,55,36,12,1,5,35,30,23,0,78,3,2,1,,15,8,0.213745,0.0807415,0.271402,0.297498,0.285768,0.330742,0.274379,0.61651,0.116997,6.28207,0.282938,0,-0.488231,24.883,-9.0064,80.0846,-0.488231,3.3,-7.220539063215256,4.35384726524353,0.717262,999,,,,,,,222.6,3.226086956,222.6,3.226086956,,,,,,,,,,,,,,,,,,,"Ryan Bliss","29547",669208
"Austin Hays","CHW",75,282,260,66,40,15,2,9,37,35,18,1,71,2,2,0,,4,1,0.25447,0.064729,0.253745,0.255094,0.307558,0.43264,0.318276,0.740199,0.17817,5.13002,0.314504,0,-0.102624,34.4832,1.19424,103.535,-0.102624,-0.551877,1.0712134838104248,-3.765201985836029,0.717025,572.469970703125,,,,,,,313.9,4.185333333,313.9,4.185333333,,,,,,,,,,,,,,,,,,,"Austin Hays","19363",669720
"Hyeseong Kim","LAD",81,256,236,57,42,8,2,5,31,32,14,0,74,3,2,1,,17,2,0.240415,0.053339,0.28753,0.185507,0.288226,0.351601,0.280899,0.639828,0.111186,7.89482,0.326837,0,2.31735,23.5433,-6.6774,78.5193,2.31735,0.0355191,-4.194193601608276,2.6557893082499504,0.713811,740.77001953125,,,,,,,242.5,2.99382716,242.5,2.99382716,,,,,,,,,,,,,,,,,,,"Hyeseong Kim","35322",808975
"Brooks Lee","MIN",95,375,347,85,59,15,1,10,39,45,24,1,65,2,2,0,,4,2,0.245584,0.0640081,0.171871,0.37242,0.297102,0.381201,0.295832,0.678303,0.135617,3.69691,0.274846,0,-0.48756,39.1153,-5.25066,87.5732,-0.48756,-4.10951,-5.987018555402756,0.02046823501586914,0.712511,542.5700073242188,,,,,,,352.2,3.707368421,352.2,3.707368421,,,,,,,,,,,,,,,,,,,"Brooks Lee","31595",686797
"Jordan Walker","STL",100,398,361,89,56,17,1,14,46,49,31,1,108,4,2,0,,8,4,0.246485,0.0786799,0.270843,0.2905,0.311876,0.416991,0.316575,0.728867,0.170506,4.30645,0.310868,0,-0.550542,48.214,1.13867,104.597,-0.550542,-3.23447,1.6203278303146362,-7.926445007324219,0.711906,511.7200012207031,,,,,,,433,4.33,433,4.33,,,,,,,,,,,,,,,,,,,"Jordan Walker","27475",691023
"Marcell Ozuna","PIT",98,401,347,83,52,16,0,15,43,44,49,1,97,3,2,0,,0,0,0.238994,0.122282,0.241907,0.505495,0.335878,0.414174,0.328906,0.750052,0.17518,1.00636,0.286576,0,-0.678981,52.533,5.15982,109.013,-0.678981,0,3.603855073451996,-9.994420051574707,0.71185,377.510009765625,,,,,,,461.2,4.706122448,461.2,4.706122448,,,,,,,,,,,,,,,,,,,"Marcell Ozuna","10324",542303
"Rodolfo Durán","SDP",52,203,186,42,26,9,1,6,23,25,11,0,50,2,1,2,,1,0,0.225442,0.0555945,0.24552,0.226436,0.274536,0.382208,0.285261,0.656744,0.156766,4.0738,0.271341,0,-0.0211938,19.3889,-4.57712,84.7367,-0.0211938,0.135008,-3.690431609749794,3.8613263219594955,0.708384,999,,,,,,,178.3,3.428846153,178.3,3.428846153,,,,,,,,,,,,,,,,,,,"Rodolfo Duran","20958",660710
"Jake Burger","TEX",94,367,340,82,47,16,1,18,42,58,19,1,94,5,2,0,,1,1,0.239651,0.0526465,0.257056,0.204805,0.288967,0.450436,0.316542,0.739404,0.210785,2.66641,0.275177,0,-0.506045,44.3891,1.03853,104.003,-0.506045,-0.0522167,1.2248510122299194,-6.9963461346924305,0.702191,236.72000122070312,,,,,,,411.6,4.378723404,411.6,4.378723404,,,,,,,,,,,,,,,,,,,"Jake Burger","22275",669394
"Mauricio Dubón","ATL",96,311,289,73,51,16,1,5,36,33,17,0,43,2,1,1,,2,1,0.253454,0.0541792,0.13682,0.39599,0.297737,0.368392,0.291525,0.666129,0.114938,4.10756,0.281493,0,-0.582192,31.2919,-5.43319,84.8181,-0.582192,1.33942,-6.174883246421814,2.6836154460906982,0.701521,743.3800048828125,,,,,,,276.9,2.884375,276.9,2.884375,,,,,,,,,,,,,,,,,,,"Mauricio Dubon","16530",643289
"César Salazar","HOU",47,167,143,31,21,6,0,3,17,19,15,0,31,7,1,1,,1,1,0.213471,0.0915231,0.182417,0.501724,0.317654,0.326831,0.293026,0.644485,0.11336,2.82084,0.246107,0,-0.292857,17.0516,-2.72129,86.9738,-0.292857,0.806027,-2.862065941095352,3.880385458469391,0.693803,999,,,,,,,141.3,3.006382978,141.3,3.006382978,,,,,,,,,,,,,,,,,,,"Cesar Salazar","21587",663967
"Dane Myers","CIN",80,258,231,58,42,8,1,8,33,33,21,0,64,4,1,0,,9,2,0.252709,0.0825669,0.24708,0.334171,0.324059,0.392898,0.315637,0.716958,0.140189,5.20821,0.314542,0,0.40872,30.9679,0.539754,96.9263,0.40872,-1.85823,-0.5294270813465118,-1.3296480774879456,0.686984,999,,,,,,,284.4,3.555,284.4,3.555,,,,,,,,,,,,,,,,,,,"Dane Myers","22054",667472
"Christian Koss","SFG",59,190,174,43,30,9,1,4,24,20,9,0,42,3,1,2,,4,2,0.248926,0.0494108,0.223752,0.220828,0.298467,0.366176,0.29183,0.664643,0.11725,4.99795,0.308364,0,-0.30205,19.1573,-3.2711,87.8914,-0.30205,2.68758,-3.0261710584163666,3.3850303292274475,0.683289,999,,,,,,,174.2,2.952542372,174.2,2.952542372,,,,,,,,,,,,,,,,,,,"Christian Koss","27653",683766
"Joey Bart","PIT",65,221,195,46,33,7,0,6,23,22,20,0,64,5,2,0,,1,1,0.237548,0.0913855,0.289829,0.315308,0.321175,0.361248,0.304116,0.682423,0.1237,1.96835,0.321377,0,-0.50558,24.5098,-1.60406,92.0307,-0.50558,-1.71644,-2.593061864376068,1.8980493545532227,0.681707,999,,,,,,,213.4,3.283076923,213.4,3.283076923,,,,,,,,,,,,,,,,,,,"Joey Bart","21524",663698
"Alika Williams","ATH",66,235,213,51,38,8,1,4,27,22,15,0,48,3,1,2,,2,1,0.240622,0.064115,0.204058,0.3142,0.298039,0.344467,0.284361,0.642507,0.103845,4.08466,0.291,0,-0.500432,22.2645,-5.46793,77.61,-0.500432,4.39181,-6.694145739078522,5.254198610782623,0.679637,999,,,,,,,194.1,2.94090909,194.1,2.94090909,,,,,,,,,,,,,,,,,,,"Alika Williams","27604",675961
"Jorge Mateo","ATL",67,196,181,42,27,9,2,4,29,20,12,0,54,1,1,1,,14,3,0.233167,0.0596311,0.274194,0.217478,0.280229,0.377242,0.285647,0.657471,0.144075,8.57157,0.304943,0,1.4967,18.7698,-4.35506,80.7919,1.4967,1.97944,-2.9587970972061157,3.0755667686462402,0.678597,999,,,,,,,186.5,2.783582089,186.5,2.783582089,,,,,,,,,,,,,,,,,,,"Jorge Mateo","17273",622761
"Carson Benge","NYM",89,378,337,83,55,15,4,9,51,44,34,1,80,5,2,0,,10,2,0.245637,0.0909745,0.21061,0.431957,0.323402,0.391673,0.313437,0.715075,0.146037,6.43009,0.294933,0,0.472767,44.825,0.11725,103.6,0.472767,-5.39757,2.0873966217041016,-8.249773502349854,0.658357,999,,,,,,,409.1,4.596629213,409.1,4.596629213,,,,,,,,,,,,,,,,,,,"Carson Benge","35177",701807
"Zach McKinstry","DET",89,301,269,63,42,12,4,6,33,27,26,1,63,3,2,1,,9,3,0.233512,0.0879346,0.209908,0.418919,0.307307,0.367201,0.296205,0.674508,0.13369,6.40659,0.283032,0,0.311526,31.4043,-4.11218,88.3377,0.311526,-0.0244592,-3.820145606994629,-0.12031568214297295,0.655921,510.30999755859375,,,,,,,293.5,3.297752808,293.5,3.297752808,,,,,,,,,,,,,,,,,,,"Zach McKinstry","19392",656716
"Nick Sogard","BOS",75,294,258,63,45,14,1,3,37,28,31,0,60,2,2,1,,7,2,0.243662,0.105097,0.203579,0.516245,0.328192,0.337524,0.299089,0.665716,0.0938613,4.6734,0.304261,0,-0.183679,31.3669,-3.3298,86.3787,-0.183679,-2.07721,-4.897994294762611,1.1596472263336182,0.652154,999,,,,,,,276,3.68,276,3.68,,,,,,,,,,,,,,,,,,,"Nick Sogard","25483",686765
"Mark Vientos","NYM",95,371,339,84,51,16,1,16,41,54,26,0,94,3,2,0,,1,0,0.248847,0.0690074,0.254774,0.270857,0.30602,0.442042,0.322595,0.748062,0.193194,2.59877,0.297076,0,-0.411659,46.6594,2.87044,109.874,-0.411659,-3.10248,3.9253844022750854,-9.889857292175293,0.652119,652.5700073242188,,,,,,,422.8,4.450526315,422.8,4.450526315,,,,,,,,,,,,,,,,,,,"Mark Vientos","22184",668901
"Miguel Amaya","CHC",58,189,166,40,27,7,1,5,20,24,15,0,40,5,1,2,,0,0,0.238156,0.0783031,0.211813,0.369681,0.319006,0.383483,0.310694,0.702489,0.145326,2.1001,0.280994,0,-0.310291,21.9923,-0.362635,100.213,-0.310291,-1.157,-0.26252497360110283,0.31002533435821533,0.649315,745.969970703125,,,,,,,191,3.293103448,191,3.293103448,,,,,,,,,,,,,,,,,,,"Miguel Amaya","21693",665804
"Taylor Walls","TBR",79,259,226,48,33,10,2,4,32,25,28,0,61,1,1,3,,11,3,0.212663,0.106967,0.234779,0.455605,0.300183,0.32117,0.279294,0.621352,0.108507,6.64431,0.273233,0,0.457855,23.5404,-7.1106,76.0566,0.457855,0.60758,-6.862630873918533,4.239863097667694,0.64565,999,,,,,,,220.3,2.788607594,220.3,2.788607594,,,,,,,,,,,,,,,,,,,"Taylor Walls","22458",670764
"Casey Schmitt","SFG",85,319,292,76,50,15,1,11,37,41,20,1,70,5,2,1,,4,1,0.261353,0.06124,0.220264,0.27803,0.316793,0.431333,0.32367,0.748127,0.16998,4.05726,0.307051,0,-0.177144,40.4868,2.75225,109.703,-0.177144,-0.850885,3.4953659772872925,-7.824161887168884,0.644932,999,,,,,,,366,4.305882352,366,4.305882352,,,,,,,,,,,,,,,,,,,"Casey Schmitt","27577",669477
"Brady House","WSN",100,395,370,91,61,17,1,12,46,52,20,1,109,3,2,0,,3,2,0.246178,0.0500966,0.276814,0.180976,0.288022,0.394289,0.295329,0.682311,0.148111,3.92005,0.315587,0,-0.597173,40.9513,-5.67967,87.9153,-0.597173,-0.00650096,-6.24969083070755,-0.5995419663377106,0.643526,710.1199951171875,,,,,,,376.5,3.765,376.5,3.765,,,,,,,,,,,,,,,,,,,"Brady House","29993",691781
"Lane Thomas","KCR",87,323,285,67,42,13,3,9,38,39,32,0,82,4,3,0,,11,4,0.233863,0.0993523,0.253735,0.391558,0.317499,0.396258,0.313078,0.713757,0.162395,6.00936,0.292718,0,-0.171533,38.2221,0.0059041,97.1945,-0.171533,-1.89273,-1.2409975975751877,-3.6204845905303955,0.642193,726.6699829101562,,,,,,,347.3,3.991954022,347.3,3.991954022,,,,,,,,,,,,,,,,,,,"Lane Thomas","16939",657041
"Justin Foscue","TEX",68,287,256,58,35,14,1,8,33,35,24,0,49,4,2,1,,3,1,0.224327,0.0828546,0.172112,0.4814,0.298707,0.37984,0.298178,0.678547,0.155513,3.89409,0.246133,0,-0.304703,30.3937,-3.46093,91.3525,-0.304703,-1.4231,-3.224928468465805,-0.3703345060348511,0.641681,999,,,,,,,277.2,4.076470588,277.2,4.076470588,,,,,,,,,,,,,,,,,,,"Justin Foscue","27501",679822
"Sam Haggerty","TEX",68,196,174,43,30,8,2,2,25,19,17,1,44,3,1,1,,10,2,0.244038,0.0868401,0.222047,0.391089,0.319613,0.356457,0.299054,0.67607,0.112419,7.48138,0.310404,0,0.930805,20.9661,-2.23184,91.9561,0.930805,1.57569,-0.9305304288864136,0.40183234214782715,0.637654,999,,,,,,,193.6,2.847058823,193.6,2.847058823,,,,,,,,,,,,,,,,,,,"Sam Haggerty","18054",664059
"Graham Pauley","MIA",81,300,269,59,36,14,1,7,34,34,25,1,63,3,2,1,,5,2,0.218595,0.0833378,0.208789,0.399149,0.290442,0.363403,0.2872,0.653844,0.144807,4.80044,0.255989,0,-0.166708,29.1401,-6.29546,80.9854,-0.166708,2.55464,-6.925341010093689,3.1506634950637817,0.635349,999,,,,,,,261.4,3.227160493,261.4,3.227160493,,,,,,,,,,,,,,,,,,,"Graham Pauley","31363",688363
"Alejandro Osuna","TEX",76,281,244,61,43,12,2,5,34,31,26,1,60,7,1,2,,9,4,0.250277,0.0925562,0.21334,0.433843,0.339101,0.371429,0.315993,0.71053,0.121152,5.53272,0.311636,0,-0.563057,33.869,0.670196,103.625,-0.563057,-1.59085,0.6373705267906189,-4.1145339012146,0.634211,999,,,,,,,295.7,3.890789473,295.7,3.890789473,,,,,,,,,,,,,,,,,,,"Alejandro Osuna","27915",696030
"Ryan Mountcastle","BAL",69,271,252,66,42,14,1,9,29,34,16,0,67,2,2,0,,2,0,0.26075,0.0578885,0.245731,0.235577,0.30677,0.432535,0.319139,0.739305,0.171786,3.39783,0.317033,0,-0.0387877,33.3157,1.33678,105.831,-0.0387877,0.0101145,1.8211695663630962,-4.962066809646785,0.632237,748.0900268554688,,,,,,,306.3,4.439130434,306.3,4.439130434,,,,,,,,,,,,,,,,,,,"Ryan Mountcastle","18373",663624
"Jeremiah Jackson","BAL",94,364,343,83,54,16,1,13,36,49,15,0,82,3,3,0,,5,3,0.241577,0.042152,0.226274,0.186287,0.277501,0.401646,0.292899,0.679146,0.160068,3.58958,0.280383,0,-0.825221,37.0627,-5.95852,87.7551,-0.825221,-1.56993,-6.079911291599274,-0.31364262104034424,0.628725,999,,,,,,,351.2,3.736170212,351.2,3.736170212,,,,,,,,,,,,,,,,,,,"Jeremiah Jackson","22239",669236
"Ryan Kreidler","MIN",67,242,208,42,26,10,1,5,27,23,27,0,73,4,1,2,,6,3,0.202813,0.112827,0.300212,0.375824,0.303958,0.332481,0.286457,0.636438,0.129668,5.44867,0.282624,0,-0.222672,23.3969,-5.23254,81.1151,-0.222672,0.726934,-5.615766018629074,3.3977742791175842,0.626783,999,,,,,,,204.9,3.058208955,204.9,3.058208955,,,,,,,,,,,,,,,,,,,"Ryan Kreidler","25867",668952
"Jose Trevino","CIN",57,171,158,36,26,7,1,3,17,17,9,0,25,1,1,1,,0,0,0.229216,0.0538729,0.146049,0.36887,0.275103,0.335577,0.268618,0.61068,0.106362,2.37205,0.253929,0,-0.239578,14.0461,-6.17405,64.7172,-0.239578,4.91861,-7.395728245377541,7.81413197517395,0.625719,999,,,,,,,127.8,2.242105263,127.8,2.242105263,,,,,,,,,,,,,,,,,,,"Jose Trevino","16725",624431
"Dustin Harris","CHW",78,316,282,70,48,13,2,7,40,34,27,1,71,4,2,2,,14,3,0.248534,0.084482,0.22311,0.378657,0.31991,0.380885,0.307216,0.700795,0.13235,6.65429,0.306453,0,0.94755,35.8963,-1.50042,96.7488,0.94755,-1.94921,-0.26523786783218384,-4.538421034812927,0.623672,999,,,,,,,336.1,4.308974358,336.1,4.308974358,,,,,,,,,,,,,,,,,,,"Dustin Harris","25705",687957
"Tristan Gray","MIN",77,283,258,58,34,13,1,9,31,36,19,1,86,3,2,1,,1,1,0.224081,0.0660818,0.30424,0.217203,0.283226,0.388269,0.291337,0.671495,0.164188,3.18096,0.29655,0,-0.491859,28.4541,-4.99106,84.4772,-0.491859,0.579988,-5.670475363731384,1.9682332277297974,0.618529,999,,,,,,,259.9,3.375324675,259.9,3.375324675,,,,,,,,,,,,,,,,,,,"Tristan Gray","19877",656484
"Nasim Nuñez","WSN",89,324,279,60,50,7,1,2,40,26,36,0,75,2,2,5,,29,5,0.216644,0.110911,0.230873,0.480399,0.308851,0.269517,0.267181,0.578368,0.0528727,6.92151,0.287058,0,3.11051,26.2026,-12.0616,68.6327,3.11051,2.93855,-8.928837060928345,4.188559055328369,0.618102,583.0999755859375,,,,,,,256.9,2.886516853,256.9,2.886516853,,,,,,,,,,,,,,,,,,,"Nasim Nunez","25979",683083
"Garrett Mitchell","MIL",55,197,170,39,24,9,2,4,25,25,23,0,67,2,1,1,,8,3,0.227273,0.117117,0.339863,0.3446,0.323373,0.368831,0.306645,0.692204,0.141558,6.85992,0.345969,0,0.264263,22.2917,-1.02711,96.4014,0.264263,-0.370431,-0.5774620771408081,0.023039937019348145,0.615515,691.1699829101562,,,,,,,205.3,3.732727272,205.3,3.732727272,,,,,,,,,,,,,,,,,,,"Garrett Mitchell","27555",669003
"Jo Adell","LAA",102,383,350,83,50,14,1,19,43,61,23,1,103,7,3,0,,5,2,0.238197,0.0598705,0.269139,0.222452,0.296568,0.44502,0.318773,0.741587,0.206823,3.61855,0.279166,0,-0.491103,47.0003,1.77682,102.956,-0.491103,-3.17457,0.8425475358963013,-8.037416458129883,0.612411,120.33000183105469,,,,,,,433.6,4.250980392,433.6,4.250980392,,,,,,,,,,,,,,,,,,,"Jo Adell","20220",666176
"Victor Caratini","MIN",72,245,214,50,38,7,0,5,20,26,20,0,44,8,3,0,,1,0,0.234605,0.0796831,0.178307,0.446886,0.318297,0.338569,0.294769,0.656866,0.103964,1.7632,0.267643,0,-0.317943,25.2876,-3.63402,86.8412,-0.317943,0.829621,-4.1141486167907715,1.6688116788864136,0.612236,681.02001953125,,,,,,,219.2,3.044444444,219.2,3.044444444,,,,,,,,,,,,,,,,,,,"Victor Caratini","14968",605170
"César Prieto","STL",76,311,289,74,52,16,1,5,36,34,14,0,47,4,2,2,,4,4,0.257009,0.0457512,0.150078,0.30485,0.299668,0.370093,0.293085,0.669761,0.113084,3.90165,0.290431,0,-1.45536,31.7382,-5.04789,88.5057,-1.45536,-2.12646,-5.696660041809082,1.3053150177001953,0.611189,999,,,,,,,274.9,3.617105263,274.9,3.617105263,,,,,,,,,,,,,,,,,,,"Cesar Prieto","30163",693409
"Jake Bauers","MIL",78,258,225,54,29,13,1,12,35,37,31,2,72,2,1,0,,8,2,0.240089,0.11925,0.277892,0.429122,0.335055,0.460478,0.341972,0.795533,0.220389,5.17574,0.296513,0,0.49973,36.5813,6.06387,120.602,0.49973,-3.96023,6.806212991476059,-9.446707487106323,0.609608,999,,,,,,,342.2,4.387179487,342.2,4.387179487,,,,,,,,,,,,,,,,,,,"Jake Bauers","15194",641343
"TJ Rumfield","COL",95,387,346,92,62,19,1,10,45,43,33,1,71,6,2,0,,2,1,0.266667,0.0852891,0.182821,0.466516,0.338955,0.414627,0.329772,0.753582,0.14796,3.10706,0.307132,0,-0.677122,51.0304,5.2577,97.8364,-0.677122,1.98583,-1.6705015301704407,-5.286386013031006,0.60777,999,,,,,,,442,4.652631578,442,4.652631578,,,,,,,,,,,,,,,,,,,"TJ Rumfield","29805",681198
"Tyler Black","MIL",68,288,249,59,38,12,4,5,35,36,32,1,70,5,2,0,,12,3,0.235686,0.111483,0.24334,0.458136,0.332526,0.377053,0.314291,0.709579,0.141367,7.03187,0.303824,0,0.574556,34.2802,0.288693,101.639,0.574556,-1.63483,1.1334806680679321,-4.805894732475281,0.604181,999,,,,,,,311.4,4.579411764,311.4,4.579411764,,,,,,,,,,,,,,,,,,,"Tyler Black","29949",672012
"Juan Brito","CLE",75,322,283,63,39,16,1,7,38,34,32,1,69,4,2,2,,3,3,0.222388,0.0988046,0.214786,0.460015,0.307891,0.359471,0.295659,0.667362,0.137083,3.89644,0.26838,0,-0.980969,33.4719,-4.54428,89.3967,-0.980969,-1.2574,-5.001828372478485,-0.1970524787902832,0.601706,999,,,,,,,293,3.906666666,293,3.906666666,,,,,,,,,,,,,,,,,,,"Juan Brito","26693",682877
"Ezequiel Duran","TEX",85,284,261,66,42,16,1,7,34,30,18,0,67,2,2,1,,8,2,0.253722,0.062166,0.234406,0.265207,0.304897,0.400538,0.3068,0.705435,0.146816,5.38305,0.314162,0,0.334407,32.0921,-1.4412,97.2925,0.334407,-3.49647,-0.5712178945541382,-3.4213465452194214,0.591452,999,,,,,,,296.1,3.483529411,296.1,3.483529411,,,,,,,,,,,,,,,,,,,"Ezequiel Duran","23733",677649
"Drew Gilbert","SFG",83,326,292,67,44,13,3,8,34,36,26,0,63,6,2,0,,3,2,0.228806,0.079736,0.193785,0.411467,0.302674,0.371741,0.296726,0.674415,0.142935,4.399,0.26463,0,-0.628611,34.2126,-4.32405,91.245,-0.628611,-1.78756,-4.012841761112213,-1.0754306316375732,0.590349,999,,,,,,,309.3,3.726506024,309.3,3.726506024,,,,,,,,,,,,,,,,,,,"Drew Gilbert","31545",687551
"Josh Bell","MIN",97,388,342,84,55,16,1,12,41,48,41,1,76,3,2,0,,0,1,0.246607,0.105926,0.196622,0.53873,0.331499,0.406801,0.323854,0.7383,0.160193,1.92767,0.28159,0,-1.04744,49.2958,3.40528,106.877,-1.04744,-0.39623,2.1004878282546997,-9.713359326124191,0.589533,636.3300170898438,,,,,,,422.5,4.355670103,422.5,4.355670103,,,,,,,,,,,,,,,,,,,"Josh Bell","13145",605137
"Richie Palacios","TBR",74,260,225,52,38,9,1,3,31,24,28,1,53,4,2,1,,10,4,0.22952,0.108759,0.202583,0.536864,0.323029,0.327193,0.292855,0.650222,0.0976733,5.60868,0.282283,0,0.0559139,26.4213,-4.25845,85.3983,0.0559139,0.662937,-4.4126210287213326,1.1980707049369812,0.585963,999,,,,,,,230,3.108108108,230,3.108108108,,,,,,,,,,,,,,,,,,,"Richie Palacios","24589",680700
"Jorbit Vivas","WSN",91,354,309,72,54,13,2,4,41,29,32,1,48,10,2,1,,6,3,0.232815,0.0907016,0.134774,0.672991,0.322752,0.320035,0.29071,0.642787,0.0872194,4.71807,0.263235,0,-0.830802,35.4336,-6.42749,84.7507,-0.830802,1.11777,-7.233924448490143,1.1394377686083317,0.58324,999,,,,,,,309.9,3.405494505,309.9,3.405494505,,,,,,,,,,,,,,,,,,,"Jorbit Vivas","23917",678391
"Christian Vázquez","HOU",58,195,178,40,29,7,0,4,16,19,13,0,38,1,1,2,,1,1,0.22354,0.0685539,0.194866,0.351801,0.280875,0.332642,0.271743,0.613516,0.109102,1.77868,0.260606,0,-0.406214,16.5007,-6.54075,72.3129,-0.406214,3.19978,-6.769744008779526,5.746783971786499,0.58242,999,,,,,,,145,2.5,145,2.5,,,,,,,,,,,,,,,,,,,"Christian Vazquez","9774",543877
"Michael Massey","KCR",80,289,270,66,43,15,1,8,29,33,14,0,56,3,2,1,,3,1,0.243083,0.0469956,0.192221,0.244487,0.284393,0.387945,0.29152,0.672338,0.144862,3.60633,0.276995,0,-0.315692,29.1102,-5.05559,82.3446,-0.315692,1.40959,-6.332672566175461,2.0290457010269165,0.578487,999,,,,,,,277.9,3.47375,277.9,3.47375,,,,,,,,,,,,,,,,,,,"Michael Massey","27684",686681
"Moisés Ballesteros","CHC",100,391,355,94,66,16,1,11,41,52,31,2,68,2,3,0,,1,1,0.263624,0.0783951,0.17506,0.447819,0.323806,0.405194,0.316791,0.729,0.14157,2.58639,0.297152,0,-0.887676,47.369,1.18546,104.389,-0.887676,-0.0855613,1.1456392407417297,-8.547524005174637,0.574086,594.3599853515625,,,,,,,425,4.25,425,4.25,,,,,,,,,,,,,,,,,,,"Moises Ballesteros","28820",694208
"Henry Davis","PIT",74,267,235,50,31,11,1,7,29,29,22,1,63,7,1,2,,3,1,0.210658,0.0834582,0.236798,0.352445,0.295873,0.354195,0.288286,0.650068,0.143537,4.07783,0.25454,0,-0.200565,26.1692,-5.36745,81.1868,-0.200565,-2.01106,-6.151834651827812,2.8455870151519775,0.570876,999,,,,,,,238.3,3.22027027,238.3,3.22027027,,,,,,,,,,,,,,,,,,,"Henry Davis","29617",680779
"Travis d'Arnaud","LAA",49,170,154,33,19,8,1,5,17,18,11,0,48,4,1,0,,0,0,0.212905,0.0627657,0.279935,0.224215,0.27868,0.371981,0.285089,0.65066,0.159075,2.26162,0.270305,0,-0.221636,16.2083,-3.8556,79.7527,-0.221636,0.968544,-4.273856729269028,3.950163722038269,0.565176,999,,,,,,,151.7,3.095918367,151.7,3.095918367,,,,,,,,,,,,,,,,,,,"Travis d'Arnaud","7739",518595
"Myles Straw","TOR",95,278,249,60,46,10,2,3,38,22,22,0,50,1,2,5,,9,2,0.241984,0.080039,0.17907,0.44697,0.303646,0.329073,0.281533,0.632719,0.0870884,6.47757,0.290376,0,0.632894,25.7701,-7.12495,79.0853,0.632894,4.03977,-6.229750633239746,2.163018822669983,0.564831,999,,,,,,,236.1,2.485263157,236.1,2.485263157,,,,,,,,,,,,,,,,,,,"Myles Straw","17620",664702
"Starling Marte","KCR",58,209,189,51,37,9,1,4,23,20,14,0,45,5,2,1,,6,2,0.271368,0.0649625,0.214249,0.30321,0.332623,0.389845,0.317818,0.722468,0.118477,5.42225,0.335915,0,0.153217,25.5253,0.808852,100.46,0.153217,0.478322,0.26657194644212723,-1.9700946509838104,0.562736,999,,,,,,,228.8,3.944827586,228.8,3.944827586,,,,,,,,,,,,,,,,,,,"Starling Marte","9241",516782
"Derek Hill","CHW",70,221,201,48,33,7,2,6,28,23,16,0,64,2,1,2,,8,4,0.238774,0.0706443,0.288424,0.244932,0.297977,0.382361,0.297545,0.680338,0.143587,6.49326,0.317373,0,-0.150238,23.3809,-2.78899,89.2545,-0.150238,1.92211,-2.9552722424268723,0.7769190073013306,0.557498,999,,,,,,,213.9,3.055714285,213.9,3.055714285,,,,,,,,,,,,,,,,,,,"Derek Hill","16947",656537
"Andy Ibáñez","NYM",74,220,200,47,32,11,1,4,22,26,15,0,42,2,2,0,,3,1,0.236873,0.0702382,0.19276,0.364382,0.296421,0.360547,0.288792,0.656969,0.123675,3.89276,0.277108,0,-0.220025,21.6396,-4.32956,86.7182,-0.220025,0.963317,-3.679808720946312,1.7708722949028015,0.553339,999,,,,,,,192.3,2.598648648,192.3,2.598648648,,,,,,,,,,,,,,,,,,,"Andy Ibanez","18819",628451
"Dylan Carlson","PHI",67,216,188,43,29,8,1,5,24,22,24,0,50,4,1,0,,2,1,0.22819,0.111104,0.23157,0.479787,0.325183,0.359477,0.305992,0.684661,0.131287,4.37176,0.284379,0,-0.382663,24.319,-1.24056,96.9915,-0.382663,1.72864,-1.1539869904518127,-0.655815839767456,0.551673,999,,,,,,,213.7,3.189552238,213.7,3.189552238,,,,,,,,,,,,,,,,,,,"Dylan Carlson","20126",666185
"Luisangel Acuña","CHW",94,334,307,75,60,11,1,3,43,24,20,0,63,2,2,2,,20,5,0.245429,0.0610718,0.190001,0.321429,0.295197,0.31839,0.272903,0.613586,0.0729606,6.56778,0.298103,0,1.34736,28.5713,-10.8865,72.279,1.34736,1.70305,-9.563353776931763,3.454514503479004,0.551596,395.510009765625,,,,,,,268.8,2.859574468,268.8,2.859574468,,,,,,,,,,,,,,,,,,,"Luisangel Acuna","26548",682668
"Willi Castro","COL",93,343,305,77,52,15,3,8,47,35,27,1,83,8,2,1,,9,4,0.253319,0.0791062,0.241049,0.328175,0.328487,0.398847,0.319002,0.727334,0.145528,6.38105,0.320344,0,-0.221188,42.1704,1.65546,90.4586,-0.221188,-3.15902,-4.098769187927246,-1.9911224842071533,0.544904,256.3399963378906,,,,,,,372.9,4.009677419,372.9,4.009677419,,,,,,,,,,,,,,,,,,,"Willi Castro","17338",650489
"Matt Vierling","DET",83,310,280,68,43,14,2,8,36,36,26,1,66,2,2,0,,4,2,0.242245,0.0825735,0.213043,0.387591,0.308664,0.393149,0.305845,0.701813,0.150904,4.87859,0.288188,0,-0.365173,34.8614,-1.81725,94.978,-0.365173,-3.47622,-2.202552169561386,-3.1690163016319275,0.544154,999,,,,,,,314,3.78313253,314,3.78313253,,,,,,,,,,,,,,,,,,,"Matt Vierling","21558",663837
"Gavin Sheets","SDP",101,346,312,77,44,18,1,14,34,46,29,1,70,3,2,0,,2,1,0.245417,0.0844412,0.201504,0.419055,0.31404,0.441197,0.326165,0.755237,0.19578,2.69359,0.272056,0,-0.363314,44.523,3.67932,112.757,-0.363314,-4.65277,4.863245457410812,-11.070140838623047,0.542408,684.8099975585938,,,,,,,405.7,4.016831683,405.7,4.016831683,,,,,,,,,,,,,,,,,,,"Gavin Sheets","19901",657757
"Victor Robles","SEA",46,149,132,33,23,6,1,3,17,15,9,0,33,4,1,2,,8,2,0.250298,0.0622775,0.222571,0.279809,0.317031,0.371667,0.304523,0.688699,0.121369,6.41607,0.311101,0,0.635682,16.5444,-1.03037,100.85,0.635682,0.984716,0.7846434712409973,-0.6548347473144531,0.53735,727.5399780273438,,,,,,,152.7,3.319565217,152.7,3.319565217,,,,,,,,,,,,,,,,,,,"Victor Robles","18363",645302
"Jorge Barrosa","ARI",87,345,309,69,44,18,2,5,39,32,29,1,81,2,2,3,,5,3,0.223677,0.0837753,0.235014,0.356469,0.293228,0.340825,0.280326,0.634053,0.117147,4.82621,0.286477,0,-0.763665,31.5884,-9.1654,76.6329,-0.763665,5.18397,-10.31589138507843,3.995517134666443,0.528208,999,,,,,,,282.1,3.242528735,282.1,3.242528735,,,,,,,,,,,,,,,,,,,"Jorge Barrosa","23968",678489
"Jerar Encarnacion","SFG",63,228,210,51,34,9,0,8,24,32,15,0,68,2,1,0,,2,1,0.243538,0.0660213,0.299779,0.220233,0.297913,0.401673,0.304503,0.699585,0.158135,2.79659,0.318784,0,-0.226424,25.4043,-1.58615,96.5726,-0.226424,0.888241,-1.1543305069208145,-1.3398709893226624,0.5229,999,,,,,,,228.9,3.633333333,228.9,3.633333333,,,,,,,,,,,,,,,,,,,"Jerar Encarnacion","21871",666464
"Luis Rengifo","MIL",95,356,326,78,56,13,2,7,36,39,24,0,63,3,2,1,,8,3,0.238596,0.0666409,0.176622,0.377309,0.29415,0.352043,0.284195,0.646194,0.113448,4.79862,0.274816,0,-0.272801,33.7188,-8.34089,81.0222,-0.272801,0.627903,-8.27932146191597,1.436657726764679,0.512417,644.9299926757812,,,,,,,313.5,3.3,313.5,3.3,,,,,,,,,,,,,,,,,,,"Luis Rengifo","19858",650859
"Edgar Quero","CHW",84,320,284,67,52,10,0,5,25,35,28,0,64,5,3,1,,0,1,0.237643,0.0863084,0.199083,0.433531,0.313038,0.327376,0.287503,0.640414,0.0897339,1.31345,0.285841,0,-0.716638,31.1779,-6.6401,82.3364,-0.716638,-3.32204,-7.3799203634262085,1.359309196472168,0.511724,475.1000061035156,,,,,,,263.4,3.135714285,263.4,3.135714285,,,,,,,,,,,,,,,,,,,"Edgar Quero","28022",700337
"Logan Porter","SFG",53,202,175,38,27,7,0,4,22,19,22,0,54,2,1,1,,1,0,0.214047,0.10756,0.267447,0.402174,0.307024,0.314381,0.281621,0.621405,0.100334,2.50132,0.285724,0,-0.219438,18.6797,-5.14633,80.8979,-0.219438,-0.64481,-4.784698903560638,3.059734523296356,0.510376,999,,,,,,,169.6,3.2,169.6,3.2,,,,,,,,,,,,,,,,,,,"Logan Porter","20626",682515
"Yoán Moncada","LAA",69,251,220,50,31,9,2,8,27,28,26,1,76,3,1,0,,1,0,0.227064,0.104384,0.301672,0.346018,0.316554,0.396756,0.312846,0.71331,0.169693,3.55088,0.303362,0,-0.27643,29.5754,-0.0426165,98.8733,-0.27643,-3.19694,-0.6092864573001862,-3.08915838599205,0.504792,746.1500244140625,,,,,,,261.6,3.791304347,261.6,3.791304347,,,,,,,,,,,,,,,,,,,"Yoan Moncada","17232",660162
"Jorge Polanco","NYM",78,311,276,68,42,13,0,13,35,42,31,1,62,2,2,1,,2,1,0.245892,0.0985069,0.198401,0.496503,0.323463,0.438185,0.330193,0.761647,0.192293,2.49071,0.268598,0,-0.497131,41.0876,4.32864,115.079,-0.497131,-2.35976,5.0626634657382965,-10.522088050842285,0.501129,209.42999267578125,,,,,,,364.7,4.675641025,364.7,4.675641025,,,,,,,,,,,,,,,,,,,"Jorge Polanco","13152",593871
"Tanner Murray","CHW",81,314,292,69,47,15,1,6,33,33,16,0,72,3,2,1,,2,1,0.236818,0.0499954,0.230735,0.216679,0.281649,0.357262,0.278983,0.638911,0.120444,3.29307,0.291481,0,-0.565251,28.4188,-8.68724,76.4678,-0.565251,4.0997,-9.275237262248993,3.3519800305366516,0.500455,999,,,,,,,258,3.185185185,258,3.185185185,,,,,,,,,,,,,,,,,,,"Tanner Murray","28848",695020
"Zack Short","DET",79,268,228,43,27,10,0,6,31,31,34,0,77,3,1,1,,2,2,0.189119,0.127338,0.287774,0.442494,0.301978,0.315686,0.281065,0.617664,0.126567,3.07255,0.252187,0,-0.675645,24.6961,-6.95811,77.9081,-0.675645,0.334942,-7.651130974292755,3.287962794303894,0.497501,999,,,,,,,207.4,2.625316455,207.4,2.625316455,,,,,,,,,,,,,,,,,,,"Zack Short","19562",670097
"Drew Millas","WSN",62,213,194,45,32,8,2,3,22,21,17,1,42,1,1,1,,4,1,0.231868,0.0779506,0.197875,0.393939,0.292956,0.34478,0.280529,0.637736,0.112912,5.38754,0.278378,0,0.022526,19.5698,-5.63274,77.7766,0.022526,-0.208482,-5.595537969842553,3.2836995124816895,0.490014,999,,,,,,,179.6,2.896774193,179.6,2.896774193,,,,,,,,,,,,,,,,,,,"Drew Millas","25643",686452
"Blake Perkins","MIL",71,236,208,45,31,9,1,4,29,24,25,0,63,2,1,1,,8,2,0.214971,0.104002,0.265861,0.391189,0.301401,0.323921,0.280973,0.625322,0.10895,6.15254,0.287751,0,0.265855,21.7438,-6.14892,78.8152,0.265855,3.58632,-5.661312758922577,2.563627004623413,0.487166,999,,,,,,,204,2.873239436,204,2.873239436,,,,,,,,,,,,,,,,,,,"Blake Perkins","19921",663368
"Dominic Smith","ATL",83,292,264,68,47,12,1,8,33,36,21,1,57,4,2,0,,2,0,0.256509,0.0721299,0.193746,0.37229,0.318201,0.398385,0.312793,0.716587,0.141877,3.49768,0.295358,0,-0.120758,34.4199,-0.0619824,99.3878,-0.120758,1.34824,-0.33249490708112717,-4.6540220975875854,0.483868,999,,,,,,,311.3,3.750602409,311.3,3.750602409,,,,,,,,,,,,,,,,,,,"Dominic Smith","15653",642086
"Eric Haase","SFG",49,154,142,32,21,6,0,5,16,19,10,0,48,1,1,1,,1,0,0.228775,0.0637876,0.315125,0.20242,0.279791,0.376784,0.286219,0.656575,0.148009,2.59535,0.307771,0,-0.0924369,14.8139,-3.34924,84.048,-0.0924369,-0.236313,-2.998719036579132,2.587745100259781,0.481563,999,,,,,,,136.5,2.785714285,136.5,2.785714285,,,,,,,,,,,,,,,,,,,"Eric Haase","14111",606992
"Dominic Canzone","SEA",88,307,279,70,44,14,1,12,38,42,23,1,69,2,2,0,,3,2,0.249764,0.075444,0.223417,0.337682,0.309663,0.42771,0.317794,0.737373,0.177945,3.55696,0.288838,0,-0.547109,37.4502,1.18113,109.992,-0.547109,-1.17044,3.0677995681762695,-8.951735734939575,0.47952,477.1600036621094,,,,,,,347.2,3.945454545,347.2,3.945454545,,,,,,,,,,,,,,,,,,,"Dominic Canzone","26438",686527
"José Fermín","STL",69,231,198,46,32,11,0,3,26,24,25,1,28,4,2,2,,6,2,0.233279,0.108156,0.12007,0.900778,0.329107,0.342034,0.301168,0.671141,0.108755,4.06785,0.253924,0,-0.18163,25.0615,-2.22904,94.0431,-0.18163,0.0857022,-1.8122883588075638,-1.2880891859531403,0.469531,999,,,,,,,212.5,3.079710144,212.5,3.079710144,,,,,,,,,,,,,,,,,,,"Jose Fermin","21746",665877
"Giancarlo Stanton","NYY",62,248,223,51,28,9,0,14,25,42,22,1,78,1,1,0,,0,0,0.227957,0.0907117,0.314697,0.288251,0.300509,0.45902,0.324826,0.75953,0.231063,1.36848,0.277632,0,-0.245783,31.6618,2.36926,109.433,-0.245783,0,2.5103276818990707,-6.4601545333862305,0.469369,251.4600067138672,,,,,,,289.3,4.666129032,289.3,4.666129032,,,,,,,,,,,,,,,,,,,"Giancarlo Stanton","4949",519317
"José Azocar","ATL",67,203,188,48,35,9,2,2,25,18,10,0,46,2,1,1,,9,3,0.254752,0.0511971,0.225793,0.226744,0.300253,0.359149,0.28938,0.659402,0.104397,6.79176,0.323019,0,0.330455,20.0811,-3.90153,83.3487,0.330455,0.747248,-3.675234705209732,1.4930287599563599,0.468111,999,,,,,,,181.8,2.713432835,181.8,2.713432835,,,,,,,,,,,,,,,,,,,"Jose Azocar","18821",640492
"Gage Workman","DET",70,273,247,54,30,11,3,9,38,36,23,0,100,2,2,0,,7,3,0.217664,0.0837449,0.366213,0.228678,0.286958,0.397754,0.297497,0.684712,0.180091,7.07766,0.320496,0,-0.156128,28.8074,-3.44835,89.2275,-0.156128,-4.29204,-3.622183635830879,-1.2828984260559082,0.459995,999,,,,,,,268.9,3.841428571,268.9,3.841428571,,,,,,,,,,,,,,,,,,,"Gage Workman","27573",669398
"Nathan Church","STL",93,358,325,82,60,13,2,6,44,38,22,1,52,6,3,2,,9,3,0.25116,0.0603423,0.145727,0.414079,0.306613,0.361074,0.293611,0.667687,0.109914,5.54853,0.27972,0,-0.0114888,36.6129,-5.64621,88.8659,-0.0114888,-0.0843599,-4.731104710139334,-2.6806096732616425,0.459944,999,,,,,,,332.4,3.574193548,332.4,3.574193548,,,,,,,,,,,,,,,,,,,"Nathan Church","31357",701675
"Marcelo Mayer","BOS",71,270,246,57,37,13,1,6,32,28,20,1,62,2,2,0,,3,1,0.233319,0.0753584,0.230073,0.327541,0.295437,0.370281,0.291207,0.665718,0.136962,4.37819,0.285391,0,-0.347364,27.1047,-4.788,80.9491,-0.347364,0.677862,-6.407987296581268,1.5918555855751038,0.458269,589.5399780273438,,,,,,,241.9,3.407042253,241.9,3.407042253,,,,,,,,,,,,,,,,,,,"Marcelo Mayer","29668",691785
"Braden Shewmake","HOU",66,236,218,49,33,9,1,5,27,25,13,0,48,2,1,2,,7,1,0.223394,0.0551527,0.204615,0.269544,0.271014,0.349823,0.271716,0.620836,0.126428,5.98253,0.262027,0,0.600963,19.952,-7.91603,72.2943,0.600963,1.59545,-7.100722134113312,3.4119290113449097,0.453596,999,,,,,,,190.7,2.889393939,190.7,2.889393939,,,,,,,,,,,,,,,,,,,"Braden Shewmake","25817",669699
"Joey Wiemer","WSN",82,278,249,54,34,12,1,7,33,30,25,1,85,3,1,0,,6,2,0.21632,0.0891402,0.305952,0.291353,0.2933,0.357464,0.286989,0.650764,0.141144,5.33865,0.295298,0,0.133961,26.9634,-5.883,82.2022,0.133961,2.91642,-5.7299195528030396,0.8976845741271973,0.452506,999,,,,,,,249.5,3.042682926,249.5,3.042682926,,,,,,,,,,,,,,,,,,,"Joey Wiemer","27690",686894
"Daniel Johnson","HOU",64,237,218,51,33,10,1,8,29,28,14,0,60,3,1,0,,6,2,0.234975,0.0602698,0.254962,0.236387,0.288519,0.394793,0.297019,0.683312,0.159818,5.35855,0.287647,0,-0.119727,24.896,-3.08295,89.7246,-0.119727,1.86233,-2.98747531324625,-0.7478272914886475,0.452146,999,,,,,,,234.3,3.6609375,234.3,3.6609375,,,,,,,,,,,,,,,,,,,"Daniel Johnson","19643",669288
"Hunter Feduccia","TBR",72,260,227,51,34,10,2,5,29,24,29,0,70,1,2,1,,1,0,0.2242,0.113323,0.269666,0.420233,0.313951,0.349771,0.295902,0.663722,0.125571,3.82925,0.299593,0,-0.304614,27.1295,-3.62481,87.4975,-0.304614,-4.15356,-4.140017539262772,-0.5108845233917236,0.441227,999,,,,,,,237.9,3.304166666,237.9,3.304166666,,,,,,,,,,,,,,,,,,,"Hunter Feduccia","23372",676439
"Nick Allen","HOU",85,277,249,57,44,10,1,2,28,20,21,0,54,2,2,4,,5,3,0.227628,0.0755979,0.195073,0.387537,0.290495,0.299133,0.26506,0.589627,0.0715041,4.16471,0.280001,0,-0.583914,21.9427,-10.7975,67.7088,-0.583914,3.97254,-11.129632651805878,5.873120307922363,0.438486,999,,,,,,,193.8,2.28,193.8,2.28,,,,,,,,,,,,,,,,,,,"Nick Allen","22277",669397
"Tyler Heineman","TOR",47,138,119,25,19,3,1,2,14,12,10,0,26,4,1,4,,2,1,0.207068,0.0721706,0.190625,0.378601,0.28785,0.286815,0.26195,0.574664,0.0797463,4.85866,0.249483,0,-0.105291,10.5457,-5.70749,65.5951,-0.105291,2.79287,-5.683175824582577,5.212624788284302,0.436517,999,,,,,,,97.2,2.068085106,97.2,2.068085106,,,,,,,,,,,,,,,,,,,"Tyler Heineman","13897",623168
"Luis García Jr.","WSN",101,380,357,96,65,18,2,11,47,51,20,1,60,1,2,0,,8,3,0.268657,0.0515214,0.157512,0.327094,0.305759,0.421343,0.31331,0.727102,0.152687,5.06604,0.295026,0,-0.236791,44.9311,0.0786161,100.233,-0.236791,-1.75621,-0.13206201791763306,-8.267313361167908,0.433658,261.8500061035156,,,,,,,417.4,4.132673267,417.4,4.132673267,,,,,,,,,,,,,,,,,,,"Luis Garcia Jr.","20391",671277
"Curtis Mead","WSN",80,295,263,65,44,14,1,7,35,34,23,0,58,7,1,0,,4,2,0.247307,0.079285,0.196815,0.402839,0.32434,0.383398,0.312912,0.707738,0.13609,4.14436,0.291561,0,-0.303473,34.8645,-0.0342975,99.9601,-0.303473,-1.31634,-0.3174520544707775,-5.277511715888977,0.433635,999,,,,,,,305.1,3.81375,305.1,3.81375,,,,,,,,,,,,,,,,,,,"Curtis Mead","23986",678554
"Connor Wong","BOS",68,233,210,51,34,12,1,5,26,24,17,0,57,4,1,1,,3,2,0.244851,0.0711938,0.246743,0.288534,0.310139,0.376931,0.302433,0.68707,0.13208,4.27108,0.313229,0,-0.406569,25.4838,-2.00644,88.6826,-0.406569,-4.9175,-3.5099565982818604,-0.38724660873413086,0.421007,999,,,,,,,226.2,3.326470588,226.2,3.326470588,,,,,,,,,,,,,,,,,,,"Connor Wong","19896",657136
"Max Schuemann","NYY",71,235,199,45,31,8,1,4,29,24,26,0,53,5,1,2,,7,3,0.224244,0.112922,0.224708,0.502528,0.329105,0.331549,0.299513,0.660654,0.107305,5.75003,0.285263,0,-0.0800703,25.1345,-2.57871,91.9956,-0.0800703,-2.54599,-2.2927862033247948,-1.6842017769813538,0.419494,999,,,,,,,217.4,3.06197183,217.4,3.06197183,,,,,,,,,,,,,,,,,,,"Max Schuemann","24488",680474
"Vidal Bruján","NYM",59,177,159,36,26,7,1,2,21,15,15,1,37,2,1,1,,7,4,0.228309,0.0827897,0.207583,0.398827,0.301426,0.329364,0.280481,0.63079,0.101055,5.92972,0.280859,0,-0.557963,16.2566,-4.68807,81.0245,-0.557963,2.03711,-4.544538736343384,2.68841552734375,0.413895,999,,,,,,,140.5,2.381355932,140.5,2.381355932,,,,,,,,,,,,,,,,,,,"Vidal Brujan","20536",660644
"Jhonny Pereda","SEA",48,163,145,34,26,6,0,2,14,14,16,0,41,1,1,1,,1,0,0.23314,0.099171,0.250181,0.396396,0.310849,0.312908,0.281489,0.623757,0.0797679,2.22999,0.310315,0,-0.164955,15.1248,-4.18926,84.9826,-0.164955,-1.57326,-3.058171331882477,1.4297590255737305,0.409327,999,,,,,,,134.5,2.802083333,134.5,2.802083333,,,,,,,,,,,,,,,,,,,"Jhonny Pereda","19802",640902
"Bryce Teodosio","LAA",77,243,222,49,36,8,2,3,26,21,13,0,80,4,1,3,,13,3,0.219612,0.0533999,0.330029,0.161804,0.273836,0.315752,0.2616,0.589588,0.09614,7.74797,0.326966,0,1.20273,18.5987,-10.1725,63.5722,1.20273,5.80966,-9.251741290092468,4.767496943473816,0.399145,999,,,,,,,182.5,2.37012987,182.5,2.37012987,,,,,,,,,,,,,,,,,,,"Bryce Teodosio","29524",669326
"Keibert Ruiz","WSN",75,283,264,64,42,14,0,8,26,36,13,0,33,3,2,0,,2,1,0.242436,0.0445173,0.118084,0.376997,0.283138,0.382211,0.288988,0.665348,0.139774,2.48428,0.250336,0,-0.304485,27.8602,-5.52022,83.5714,-0.304485,-4.70488,-5.805266588926315,0.28964757919311523,0.397981,720.3499755859375,,,,,,,259.2,3.456,259.2,3.456,,,,,,,,,,,,,,,,,,,"Keibert Ruiz","19610",660688
"Nick Yorke","PIT",85,350,320,79,57,15,1,5,39,32,25,1,78,3,2,0,,7,3,0.247416,0.0705262,0.221784,0.317995,0.305715,0.350784,0.289616,0.656499,0.103368,4.63638,0.309136,0,-0.352787,34.6793,-6.65765,82.098,-0.352787,0.575875,-7.77567720413208,0.008413970470428467,0.396985,999,,,,,,,307.5,3.617647058,307.5,3.617647058,,,,,,,,,,,,,,,,,,,"Nick Yorke","27504",694377
"Jonny DeLuca","TBR",70,248,226,54,35,12,2,6,28,29,16,1,50,3,1,1,,9,2,0.239749,0.0646065,0.200655,0.321978,0.297156,0.384708,0.296888,0.681864,0.144959,6.34964,0.282168,0,0.525905,26.0183,-3.25155,88.1767,0.525905,-0.0751228,-2.9260727167129517,-1.792117401957512,0.390077,999,,,,,,,247.5,3.535714285,247.5,3.535714285,,,,,,,,,,,,,,,,,,,"Jonny DeLuca","26365",676356
"Michael Conforto","CHC",81,284,246,56,33,13,1,9,33,30,32,1,74,4,2,0,,1,0,0.225758,0.112843,0.261675,0.431232,0.322782,0.39329,0.315183,0.716072,0.167532,2.73185,0.283232,0,-0.333774,34.0828,0.491098,103.288,-0.333774,-2.78238,0.774013340473175,-6.451855182647705,0.387476,999,,,,,,,305.5,3.771604938,305.5,3.771604938,,,,,,,,,,,,,,,,,,,"Michael Conforto","16376",624424
"Will Brennan","SFG",64,225,211,57,42,11,1,4,22,25,11,1,29,2,1,0,,4,2,0.272566,0.0494922,0.128822,0.384191,0.312582,0.386599,0.304112,0.699182,0.114033,4.10213,0.300218,0,-0.612818,24.956,-1.63397,96.3051,-0.612818,0.372625,-1.5983203053474426,-2.10795259475708,0.387344,999,,,,,,,224.4,3.50625,224.4,3.50625,,,,,,,,,,,,,,,,,,,"Will Brennan","25660",686823
"Thomas Saggese","STL",91,354,326,78,56,15,1,7,41,35,21,0,95,4,2,1,,4,2,0.240119,0.0601516,0.268017,0.224432,0.293483,0.35191,0.284423,0.645393,0.111791,4.13445,0.316698,0,-0.732254,33.627,-8.23612,82.5723,-0.732254,1.63009,-8.050458550453186,0.021367192268371582,0.385363,999,,,,,,,302.8,3.327472527,302.8,3.327472527,,,,,,,,,,,,,,,,,,,"Thomas Saggese","27883",695336
"Maverick Handley","BAL",45,161,140,29,21,5,1,2,15,13,15,0,42,4,1,2,,2,1,0.205255,0.0944376,0.260529,0.362484,0.297451,0.289033,0.268231,0.586484,0.0837776,4.05049,0.2778,0,-0.391545,13.1958,-5.87331,70.7625,-0.391545,1.17238,-5.952885687351227,4.1373021602630615,0.38287,999,,,,,,,119.4,2.653333333,119.4,2.653333333,,,,,,,,,,,,,,,,,,,"Maverick Handley","26106",668974
"George Valera","CLE",55,214,192,45,29,9,1,6,24,26,20,0,61,1,1,0,,1,1,0.234456,0.0912362,0.283545,0.321769,0.307154,0.388661,0.305192,0.695814,0.154204,2.78206,0.306331,0,-0.447561,23.9217,-1.36632,95.9637,-0.447561,-0.586583,-1.4657040238380432,-2.1661753058433533,0.382486,748.3099975585938,,,,,,,210.3,3.823636363,210.3,3.823636363,,,,,,,,,,,,,,,,,,,"George Valera","22541",671655
"Heriberto Hernández","MIA",83,312,273,61,38,11,2,10,35,42,33,0,89,3,2,1,,5,2,0.222483,0.107253,0.287205,0.373437,0.313282,0.389443,0.309642,0.702725,0.16696,4.70014,0.288292,0,-0.185889,35.9469,-0.863216,96.3591,-0.185889,-2.39899,-1.530242696404457,-5.107548713684082,0.382041,999,,,,,,,317.8,3.828915662,317.8,3.828915662,,,,,,,,,,,,,,,,,,,"Heriberto Hernandez","24878",681715
"Drew Romo","CHW",62,235,215,47,32,9,1,6,23,26,15,0,57,3,1,1,,2,1,0.218703,0.0627659,0.243477,0.25779,0.276141,0.346405,0.274154,0.622547,0.127702,3.50669,0.268478,0,-0.456258,20.3162,-7.41191,73.1407,-0.456258,-1.01165,-7.88516491651535,3.485537052154541,0.376697,999,,,,,,,191.4,3.087096774,191.4,3.087096774,,,,,,,,,,,,,,,,,,,"Drew Romo","27763",691011
"Jake Fraley","TBR",73,236,210,50,34,11,1,5,25,22,22,1,51,3,1,0,,8,2,0.23973,0.0935926,0.213992,0.437365,0.31937,0.369735,0.304527,0.689105,0.130005,4.89976,0.291054,0,0.460754,26.2916,-1.63652,93.439,0.460754,-0.337494,-1.3670088350772858,-3.18649622797966,0.366919,999,,,,,,,239.2,3.276712328,239.2,3.276712328,,,,,,,,,,,,,,,,,,,"Jake Fraley","19260",641584
"Pavin Smith","ARI",66,234,204,49,30,10,1,7,27,28,29,1,60,1,1,0,,2,1,0.240825,0.121662,0.257542,0.472398,0.333755,0.408786,0.325169,0.742542,0.167961,4.03943,0.304297,0,-0.274994,29.9963,2.30504,107.352,-0.274994,0,1.7672007381916046,-6.027743816375732,0.362384,999,,,,,,,261.9,3.968181818,261.9,3.968181818,,,,,,,,,,,,,,,,,,,"Pavin Smith","19892",656976
"Garrett Stubbs","PHI",49,163,144,33,24,5,1,3,21,15,13,1,39,3,1,2,,2,1,0.226937,0.0779222,0.239961,0.324728,0.301237,0.336531,0.282871,0.637768,0.109594,5.22924,0.288042,0,-0.388027,15.3072,-4.00561,77.7503,-0.388027,-0.307393,-4.698268562555313,2.695422053337097,0.351838,999,,,,,,,138.2,2.820408163,138.2,2.820408163,,,,,,,,,,,,,,,,,,,"Garrett Stubbs","18067",596117
"Everson Pereira","CHW",68,283,254,60,38,10,1,11,39,33,22,0,92,4,2,0,,6,2,0.234832,0.0794435,0.323299,0.245728,0.305962,0.410904,0.312359,0.716866,0.176071,5.4383,0.317909,0,-0.00123431,33.3025,-0.160112,99.4589,-0.00123431,-2.42722,-0.18186045170295984,-6.187689542770386,0.346147,999,,,,,,,303.9,4.469117647,303.9,4.469117647,,,,,,,,,,,,,,,,,,,"Everson Pereira","23695",677592
"Joc Pederson","TEX",83,267,226,51,31,8,1,11,32,30,33,1,64,5,3,0,,1,1,0.225345,0.122867,0.240682,0.510495,0.333438,0.410672,0.32593,0.74411,0.185326,3.07348,0.261439,0,-0.454796,34.3373,2.79088,110.47,-0.454796,-0.210436,2.8399283289909363,-8.653101593255997,0.345933,999,,,,,,,305,3.674698795,305,3.674698795,,,,,,,,,,,,,,,,,,,"Joc Pederson","11899",592626
"Luis Matos","MIL",78,294,271,64,41,13,1,10,35,37,17,0,42,4,2,1,,5,1,0.235655,0.0563132,0.144056,0.390911,0.286904,0.394434,0.296143,0.681337,0.158779,4.95531,0.245296,0,0.442928,30.6532,-4.03048,89.2075,0.442928,0.0580636,-3.3118183314800262,-3.177577141672373,0.335924,999,,,,,,,294.5,3.775641025,294.5,3.775641025,,,,,,,,,,,,,,,,,,,"Luis Matos","26467",682641
"José Tena","WSN",87,333,303,77,53,16,2,6,38,36,25,0,86,2,2,2,,8,4,0.254225,0.0742054,0.257235,0.288473,0.312095,0.382394,0.304338,0.69449,0.128169,5.2888,0.332796,0,-0.319667,36.9341,-2.35335,94.0863,-0.319667,0.482903,-2.650141805410385,-5.140403300523758,0.335519,999,,,,,,,327.4,3.76321839,327.4,3.76321839,,,,,,,,,,,,,,,,,,,"Jose Tena","23691",677588
"Scott Kingery","CHC",64,225,205,41,29,6,2,5,25,23,16,0,76,1,1,2,,6,1,0.20271,0.070273,0.338352,0.207692,0.262291,0.325951,0.259645,0.588242,0.123241,6.78846,0.29087,0,0.716798,16.8454,-9.76654,65.2428,0.716798,1.85387,-8.561190009117126,4.336495280265808,0.334936,999,,,,,,,160,2.5,160,2.5,,,,,,,,,,,,,,,,,,,"Scott Kingery","17975",664068
"Petey Halpin","CLE",78,315,287,63,42,13,2,6,41,31,24,0,95,2,2,1,,7,2,0.218418,0.0747995,0.300534,0.248889,0.280011,0.339253,0.273269,0.619264,0.120835,6.26059,0.301894,0,0.170999,27.0639,-10.1828,73.9729,0.170999,1.28131,-9.498952999711037,1.8904701471328735,0.33223,999,,,,,,,257,3.294871794,257,3.294871794,,,,,,,,,,,,,,,,,,,"Petey Halpin","27931",690984
"Reese McGuire",,50,153,140,31,22,5,0,4,12,16,9,0,34,2,1,2,,1,0,0.218714,0.0559905,0.222906,0.251185,0.272265,0.328841,0.265982,0.601106,0.110127,2.25663,0.26231,0,-0.0989304,12.2478,-5.85574,67.5115,-0.0989304,0.809945,-5.965766429901123,3.866568863391876,0.325063,999,,,,,,,120.6,2.412,120.6,2.412,,,,,,,,,,,,,,,,,,,"Reese McGuire","15674",624512
"Bryce Johnson","SDP",74,215,187,43,31,9,1,2,26,21,19,0,59,4,1,4,,11,3,0.230127,0.0862523,0.275856,0.312671,0.309529,0.326613,0.285677,0.636142,0.0964862,6.63891,0.320907,0,0.626705,20.5823,-4.76933,85.0215,0.626705,1.1146,-3.1822547912597656,-0.9264631271362305,0.310469,999,,,,,,,185.9,2.512162162,185.9,2.512162162,,,,,,,,,,,,,,,,,,,"Bryce Johnson","20002",669369
"Endy Rodríguez","PIT",60,239,215,52,31,13,2,5,33,27,21,0,50,2,1,0,,1,1,0.241619,0.0871222,0.209987,0.414894,0.311853,0.393842,0.308722,0.705694,0.152222,4.47907,0.289935,0,-0.602363,27.3475,-0.839182,95.1863,-0.602363,1.43764,-1.9633466005325317,-2.9449228048324585,0.310396,999,,,,,,,240.4,4.006666666,240.4,4.006666666,,,,,,,,,,,,,,,,,,,"Endy Rodriguez","25332",682848
"Amed Rosario","NYY",75,266,251,65,46,11,2,6,29,34,11,0,47,2,3,0,,5,1,0.258558,0.042597,0.176788,0.24095,0.292379,0.38805,0.294521,0.68043,0.129492,5.42192,0.294309,0,0.066589,27.4755,-4.00985,88.5564,0.066589,-2.81303,-3.5274485051631927,-2.6277215480804443,0.309123,999,,,,,,,258.4,3.445333333,258.4,3.445333333,,,,,,,,,,,,,,,,,,,"Amed Rosario","15518",642708
"Leo Jiménez","MIA",63,226,194,44,31,9,1,3,27,23,19,0,48,10,2,1,,2,1,0.229479,0.0854759,0.212821,0.401633,0.328918,0.332197,0.299848,0.661115,0.102717,4.25904,0.286526,0,-0.44539,24.2288,-2.41821,89.6497,-0.44539,-0.0972488,-3.2119006514549255,-1.2758747339248657,0.309032,999,,,,,,,200.4,3.18095238,200.4,3.18095238,,,,,,,,,,,,,,,,,,,"Leo Jimenez","23782",677870
"Rafael Marchán","PHI",40,138,124,26,18,5,0,2,12,13,10,0,22,3,1,1,,0,0,0.206807,0.0710825,0.160322,0.443373,0.280888,0.302456,0.263066,0.583344,0.0956484,1.33367,0.233817,0,-0.205453,10.7004,-5.59865,64.1832,-0.205453,2.02091,-6.0612001568078995,4.441660404205322,0.304175,999,,,,,,,93.9,2.3475,93.9,2.3475,,,,,,,,,,,,,,,,,,,"Rafael Marchan","21646",665561
"Will Wilson","SEA",67,249,223,44,31,8,1,5,25,25,18,0,70,2,1,3,,2,1,0.198963,0.0737998,0.283146,0.260642,0.265279,0.308345,0.255922,0.573624,0.109382,4.06017,0.263844,0,-0.350138,17.8635,-11.5454,67.3704,-0.350138,3.38164,-9.922093331813812,4.296157538890839,0.301351,999,,,,,,,160.3,2.392537313,160.3,2.392537313,,,,,,,,,,,,,,,,,,,"Will Wilson","25434",669717
"Tristan Peters","CHW",96,361,324,76,53,14,3,6,41,35,31,1,73,3,2,2,,6,4,0.233611,0.0846462,0.201837,0.419379,0.303596,0.348087,0.288344,0.651682,0.114476,5.23098,0.28285,0,-0.72971,35.4519,-7.25092,82.9159,-0.72971,-1.67545,-8.006812393665314,-1.702333226799965,0.280005,999,,,,,,,317.9,3.311458333,317.9,3.311458333,,,,,,,,,,,,,,,,,,,"Tristan Peters","30063",671976
"Edouard Julien","COL",96,364,311,77,54,13,2,8,40,35,47,1,104,3,2,1,,4,3,0.24623,0.130469,0.284832,0.458055,0.34931,0.37817,0.324033,0.72748,0.13194,4.24593,0.341226,0,-0.908094,46.193,3.24011,93.9053,-0.908094,-4.69103,-3.533963203430176,-5.834419012069702,0.279753,746.0499877929688,,,,,,,393.7,4.101041666,393.7,4.101041666,,,,,,,,,,,,,,,,,,,"Edouard Julien","27534",666397
"Austin Slater","NYM",64,160,140,32,22,5,1,3,20,15,17,0,49,2,1,1,,2,1,0.225624,0.105157,0.309084,0.340223,0.314251,0.336633,0.292004,0.650883,0.111009,4.93506,0.322758,0,-0.0719855,16.1785,-2.73593,88.9185,-0.0719855,1.32634,-2.1744215339422226,-0.43818366527557373,0.277967,999,,,,,,,145.6,2.275,145.6,2.275,,,,,,,,,,,,,,,,,,,"Austin Slater","16153",596103
"Rece Hinds","CIN",79,299,276,66,36,15,2,13,39,46,17,1,106,3,2,0,,8,3,0.237599,0.0582703,0.353007,0.165068,0.288857,0.448176,0.314779,0.737033,0.210577,6.40075,0.329801,0,0.0727193,35.7539,0.418585,96.3388,0.0727193,-3.31155,-1.2249398604035378,-6.053770303726196,0.273952,999,,,,,,,337.5,4.272151898,337.5,4.272151898,,,,,,,,,,,,,,,,,,,"Rece Hinds","27493",677956
"David Fry","CLE",70,210,186,40,24,8,1,7,23,26,20,1,57,3,1,0,,1,0,0.217539,0.0929286,0.271522,0.342251,0.302081,0.382461,0.299722,0.684542,0.164922,3.66491,0.271679,0,-0.0752252,22.5529,-2.27459,92.1957,-0.0752252,-0.721928,-2.0079825669527054,-2.610186994075775,0.267844,999,,,,,,,203.6,2.908571428,203.6,2.908571428,,,,,,,,,,,,,,,,,,,"David Fry","24934",681807
"Gary Sánchez","MIL",61,215,187,39,22,7,0,10,25,32,23,0,58,5,1,0,,0,0,0.209282,0.106007,0.268226,0.395215,0.308781,0.412651,0.316221,0.721432,0.20337,1.79691,0.241605,0,-0.324521,26.0083,0.553773,102.961,-0.324521,-3.03226,0.4316146969795227,-5.020724296569824,0.264286,999,,,,,,,229.7,3.76557377,229.7,3.76557377,,,,,,,,,,,,,,,,,,,"Gary Sanchez","11442",596142
"Tyler Freeman","COL",78,290,252,66,50,11,1,4,34,29,21,0,35,13,1,3,,10,4,0.262624,0.0710886,0.120134,0.591743,0.347501,0.362138,0.318461,0.709639,0.0995141,5.26871,0.290465,0,-0.183451,35.5517,1.27336,90.0884,-0.183451,-0.0969217,-3.591415196657181,-3.6619055718183517,0.246079,745.8599853515625,,,,,,,302.6,3.879487179,302.6,3.879487179,,,,,,,,,,,,,,,,,,,"Tyler Freeman","22532",671289
"Connor Joe","SEA",67,222,192,40,25,11,1,3,24,19,25,0,55,3,1,0,,3,2,0.208698,0.113613,0.246871,0.460211,0.309831,0.327954,0.287839,0.637785,0.119256,4.49468,0.272069,0,-0.518652,21.7213,-4.55251,89.3565,-0.518652,-0.110477,-3.3081011176109314,-1.982182726264,0.242205,999,,,,,,,181.9,2.714925373,181.9,2.714925373,,,,,,,,,,,,,,,,,,,"Connor Joe","16572",656582
"Santiago Espinal","LAD",75,220,200,49,37,9,0,3,21,21,14,0,29,1,1,3,,3,1,0.242223,0.0640917,0.132553,0.483516,0.294096,0.328902,0.276453,0.622998,0.0866791,3.32159,0.269609,0,-0.236928,19.4133,-6.52317,75.4736,-0.236928,1.21251,-6.6177553832530975,1.5864925682544708,0.232942,999,,,,,,,176.6,2.354666666,176.6,2.354666666,,,,,,,,,,,,,,,,,,,"Santiago Espinal","19997",669289
"James McCann","ARI",54,180,167,38,26,9,0,4,18,19,8,0,49,2,1,1,,1,0,0.230895,0.0459213,0.272183,0.168715,0.275663,0.350607,0.274542,0.626269,0.119711,2.64945,0.303054,0,-0.119989,15.6061,-5.61616,72.6712,-0.119989,-0.940168,-5.937588892877102,2.2058922052383423,0.230001,999,,,,,,,141.4,2.618518518,141.4,2.618518518,,,,,,,,,,,,,,,,,,,"James McCann","12859",543510
"Andruw Monasterio","BOS",77,244,218,55,37,14,1,5,30,26,22,0,52,2,1,0,,7,4,0.253779,0.091675,0.214794,0.426804,0.32817,0.384634,0.314504,0.712804,0.130855,4.59308,0.312692,0,-0.581005,29.0759,0.286623,96.9977,-0.581005,-3.27004,-1.443168044090271,-4.7575801610946655,0.224064,999,,,,,,,257.4,3.342857142,257.4,3.342857142,,,,,,,,,,,,,,,,,,,"Andruw Monasterio","19455",655316
"Salvador Perez","KCR",102,417,387,94,59,17,1,17,38,57,19,3,88,8,3,0,,0,0,0.2427,0.0464759,0.211823,0.219409,0.289964,0.422865,0.304472,0.712829,0.180165,1.1106,0.269835,0,-0.545648,46.4069,-2.90846,91.2665,-0.545648,-5.30004,-4.841797828674316,-7.3488929271698,0.223291,91.13999938964844,,,,,,,435.2,4.266666666,435.2,4.266666666,,,,,,,,,,,,,,,,,,,"Salvador Perez","7304",521692
"Bryce Eldridge","SFG",77,303,273,62,36,14,1,12,29,40,26,3,94,2,2,0,,1,1,0.228221,0.0853541,0.310155,0.275198,0.298739,0.417268,0.307306,0.716007,0.189047,1.94692,0.297483,0,-0.525984,34.4362,-1.41641,98.4928,-0.525984,-1.30286,-1.0680296421051025,-6.877337336540222,0.220657,999,,,,,,,316.4,4.109090909,316.4,4.109090909,,,,,,,,,,,,,,,,,,,"Bryce Eldridge","33390",805811
"Aramis Garcia","ARI",46,160,145,29,20,5,0,4,16,16,11,0,58,2,1,0,,1,0,0.197889,0.071489,0.360181,0.198481,0.266117,0.305692,0.255962,0.571809,0.107802,2.76482,0.295838,0,-0.104844,11.4662,-7.40221,59.9432,-0.104844,1.56891,-7.686151511967182,4.50263237953186,0.21823,999,,,,,,,110.4,2.4,110.4,2.4,,,,,,,,,,,,,,,,,,,"Aramis Garcia","16925",605244
"Dylan Moore","PHI",74,187,162,34,19,7,1,7,26,22,19,1,55,5,1,0,,11,3,0.210353,0.10412,0.296099,0.351638,0.311218,0.398945,0.31134,0.710163,0.188592,7.272,0.26878,0,0.715943,21.8133,-0.26007,97.2529,0.715943,-3.0344,0.107693612575531,-4.266204833984375,0.210868,999,,,,,,,204.7,2.766216216,204.7,2.766216216,,,,,,,,,,,,,,,,,,,"Dylan Moore","18042",664238
"Andrew McCutchen","TEX",78,298,258,58,39,10,0,8,31,31,36,1,75,2,2,0,,2,1,0.224597,0.120341,0.25083,0.479769,0.3226,0.359732,0.303331,0.682332,0.135135,2.2983,0.281249,0,-0.633994,32.825,-2.35032,94.9026,-0.633994,0.177171,-2.4225171208381653,-5.773560240864754,0.210343,999,,,,,,,286,3.666666666,286,3.666666666,,,,,,,,,,,,,,,,,,,"Andrew McCutchen","9847",457705
"P.J. Higgins","CIN",65,240,219,51,37,11,1,4,20,24,16,0,60,2,2,1,,0,1,0.233665,0.067764,0.249061,0.272079,0.289538,0.335196,0.276337,0.624733,0.10153,1.85391,0.302201,0,-0.600654,21.1902,-7.15042,70.0048,-0.600654,-1.33091,-9.127581179141998,3.07558012008667,0.197815,999,,,,,,,193,2.969230769,193,2.969230769,,,,,,,,,,,,,,,,,,,"P.J. Higgins","18433",664731
"Mitch Garver","SEA",60,211,181,35,23,6,1,6,22,21,26,1,63,2,1,0,,1,0,0.193605,0.124221,0.299679,0.414512,0.301679,0.334012,0.285487,0.63569,0.140407,3.49765,0.255723,0,-0.101979,20.168,-4.71324,87.7366,-0.101979,-3.35174,-3.145601838827133,-2.1787633895874023,0.197192,999,,,,,,,180.4,3.006666666,180.4,3.006666666,,,,,,,,,,,,,,,,,,,"Mitch Garver","15161",641598
"Tyrone Taylor","NYM",81,236,217,49,29,12,2,5,26,27,10,1,52,5,1,2,,5,2,0.223684,0.0438698,0.220948,0.198552,0.272711,0.371152,0.279362,0.643863,0.147468,6.18612,0.268224,0,0.116568,21.4413,-6.45949,80.2583,0.116568,0.794774,-5.408446177840233,-0.5461569428443909,0.195102,999,,,,,,,199.5,2.462962962,199.5,2.462962962,,,,,,,,,,,,,,,,,,,"Tyrone Taylor","13675",621438
"Zach Dezenzo","HOU",46,178,163,40,25,9,0,6,23,21,13,0,54,2,1,0,,2,1,0.243366,0.0728783,0.30361,0.240039,0.304495,0.402265,0.308214,0.706761,0.1589,3.95226,0.326878,0,-0.0362608,20.3758,-0.701103,97.4363,-0.0362608,-1.8737,-0.5752523876726627,-3.8399641513824463,0.176769,999,,,,,,,189.5,4.119565217,189.5,4.119565217,,,,,,,,,,,,,,,,,,,"Zach Dezenzo","31562",701305
"Elias Díaz","KCR",64,203,186,43,29,9,1,5,18,21,13,0,47,1,1,1,,0,0,0.232552,0.0655773,0.23057,0.284414,0.286258,0.360412,0.283586,0.64667,0.12786,1.86551,0.28501,0,-0.288127,19.1438,-4.86084,76.8786,-0.288127,-3.36517,-5.824432730674744,0.3671457767486572,0.157453,999,,,,,,,175.6,2.74375,175.6,2.74375,,,,,,,,,,,,,,,,,,,"Elias Diaz","11680",553869
"Carlos Santana","ARI",72,279,245,54,36,11,0,7,27,30,31,1,53,2,2,0,,2,0,0.219545,0.110772,0.189056,0.585921,0.309809,0.344043,0.291788,0.653852,0.124498,3.07631,0.252074,0,0.0277641,28.1582,-4.81912,84.485,0.0277641,2.40641,-5.104373639449477,-2.7210092544555664,0.150044,999,,,,,,,257.9,3.581944444,257.9,3.581944444,,,,,,,,,,,,,,,,,,,"Carlos Santana","2396",467793
"Jordan Beck","COL",95,370,337,82,51,18,3,10,41,40,29,0,103,1,2,0,,10,4,0.243474,0.0787337,0.279173,0.282025,0.303831,0.40579,0.308262,0.709622,0.162316,5.51393,0.317298,0,-0.104376,42.2274,-1.43828,83.1013,-0.104376,-0.328696,-7.505985975265503,-3.33768430352211,0.149362,232.9199981689453,,,,,,,383.3,4.034736842,383.3,4.034736842,,,,,,,,,,,,,,,,,,,"Jordan Beck","31431",687597
"Hayden Senger","NYM",48,163,147,29,21,5,1,2,15,15,9,0,49,4,1,2,,1,1,0.197871,0.0547465,0.30293,0.180723,0.259007,0.286711,0.245028,0.545718,0.0888399,3.65423,0.277328,0,-0.347673,10.2325,-8.98116,56.7385,-0.347673,1.60811,-8.685322403907776,4.595511198043823,0.135457,999,,,,,,,92.5,1.927083333,92.5,1.927083333,,,,,,,,,,,,,,,,,,,"Hayden Senger","21489",663584
"Wenceel Pérez","DET",81,309,281,64,42,11,3,7,39,35,24,0,64,2,2,1,,8,3,0.226755,0.076564,0.205723,0.372171,0.290771,0.366224,0.288386,0.656995,0.139469,6.29066,0.266494,0,-0.038648,30.3251,-6.1895,82.9517,-0.038648,-0.851914,-6.248187866061926,-3.2616409063339233,0.115867,748.5399780273438,,,,,,,277,3.419753086,277,3.419753086,,,,,,,,,,,,,,,,,,,"Wenceel Perez","22857",672761
"Austin Wynns","LAA",35,105,95,20,14,4,0,2,9,11,7,0,27,1,1,1,,0,0,0.206916,0.0691549,0.257008,0.269076,0.265808,0.306689,0.254993,0.572497,0.0997732,1.31507,0.267165,0,-0.142473,7.42443,-4.92832,57.3796,-0.142473,0.607783,-5.394078373908997,2.7153135538101196,0.0942798,999,,,,,,,71.4,2.04,71.4,2.04,,,,,,,,,,,,,,,,,,,"Austin Wynns","15271",642851
"Javier Báez","DET",76,280,265,62,42,12,1,7,31,33,10,0,66,3,2,0,,5,1,0.235341,0.0344038,0.235505,0.146086,0.269148,0.365663,0.275553,0.634811,0.130321,5.19187,0.286415,0,0.125063,24.5904,-8.53648,74.1112,0.125063,-2.8064,-8.429599151015282,-0.3114137649536133,0.0935061,740.6500244140625,,,,,,,234.2,3.081578947,234.2,3.081578947,,,,,,,,,,,,,,,,,,,"Javier Baez","12979",595879
"Yohendrick Piñango","TOR",83,328,298,69,47,15,1,7,30,36,26,1,73,2,2,0,,4,1,0.232385,0.0800099,0.223402,0.358143,0.296662,0.359174,0.288337,0.655836,0.126789,3.72423,0.283591,0,-0.262229,32.1464,-6.57709,83.772,-0.262229,-0.687744,-6.5305332243442535,-3.9526089429855347,0.0821515,999,,,,,,,292.2,3.520481927,292.2,3.520481927,,,,,,,,,,,,,,,,,,,"Yohendrick Pinango","26664",682818
"Tommy Pham","BAL",66,250,223,51,35,9,1,6,28,23,24,1,62,1,1,0,,4,1,0.227077,0.0965757,0.246731,0.391421,0.304071,0.352947,0.290757,0.657018,0.125871,4.17364,0.284086,0,-0.0522655,25.0362,-4.52999,88.0644,-0.0522655,-1.2669,-3.5920039042830467,-4.025129675865173,0.0730124,999,,,,,,,230.6,3.493939393,230.6,3.493939393,,,,,,,,,,,,,,,,,,,"Tommy Pham","2967",502054
"Jim Jarvis","ATL",62,240,221,51,38,11,1,1,30,22,13,1,41,5,1,0,,5,2,0.230268,0.0537736,0.169764,0.316754,0.285311,0.301955,0.261835,0.587266,0.0716872,5.12606,0.275385,0,-0.385026,18.3638,-9.97327,64.4797,-0.385026,0.48084,-10.48136192560196,3.124404728412628,0.0641996,999,,,,,,,169.5,2.733870967,169.5,2.733870967,,,,,,,,,,,,,,,,,,,"Jim Jarvis","33492",805347
"Tim Tawa","ARI",79,297,266,57,37,12,1,8,32,32,25,0,75,2,2,1,,5,3,0.214432,0.085078,0.25064,0.339443,0.286369,0.348913,0.280918,0.635283,0.134481,3.97312,0.265528,0,-0.63021,27.3669,-7.75619,77.0385,-0.63021,1.71157,-8.719781875610352,-0.8413864374160767,0.0343091,748.489990234375,,,,,,,251,3.177215189,251,3.177215189,,,,,,,,,,,,,,,,,,,"Tim Tawa","29571",694374
"Billy Cook","PIT",81,274,248,57,38,11,2,6,31,28,19,1,78,4,2,2,,9,2,0.229494,0.0706659,0.286557,0.246603,0.292916,0.364478,0.288209,0.657394,0.134984,6.22877,0.306634,0,0.486895,26.8228,-5.52209,81.1342,0.486895,-2.20235,-5.633967757225037,-3.2624963521957397,0.0222256,999,,,,,,,251.4,3.103703703,251.4,3.103703703,,,,,,,,,,,,,,,,,,,"Billy Cook","29573",695257
"Luken Baker","ARI",71,275,243,52,30,10,0,11,26,37,29,1,78,1,2,0,,0,0,0.212387,0.10715,0.282486,0.37931,0.298986,0.388288,0.301015,0.687274,0.175901,0.909991,0.261373,0,-0.39954,29.7798,-2.68598,90.8058,-0.39954,-0.497295,-3.3936834931373596,-5.545172870159149,0.0213734,999,,,,,,,270.6,3.811267605,270.6,3.811267605,,,,,,,,,,,,,,,,,,,"Luken Baker","21497",663609
"MJ Melendez","NYM",91,342,310,69,38,16,2,13,40,44,28,1,104,2,2,0,,5,4,0.222493,0.0811893,0.304263,0.266839,0.289494,0.412082,0.303375,0.701576,0.189589,4.64096,0.286214,0,-1.01482,37.7482,-2.68981,96.7077,-1.01482,-3.53717,-2.3502503633499146,-8.845752954483032,0.0202664,999,,,,,,,344.7,3.787912087,344.7,3.787912087,,,,,,,,,,,,,,,,,,,"MJ Melendez","22197",669004
"Nicky Lopez","CHC",64,213,190,42,34,6,2,1,20,13,18,0,33,2,1,2,,3,2,0.22263,0.0821616,0.15343,0.5355,0.294332,0.283321,0.262094,0.577653,0.0606908,4.62998,0.264104,0,-0.72903,16.3677,-8.82013,66.92,-0.72903,-0.173965,-9.086755573749542,2.175804853439331,0.0190439,999,,,,,,,143.5,2.2421875,143.5,2.2421875,,,,,,,,,,,,,,,,,,,"Nicky Lopez","19339",670032
"Isiah Kiner-Falefa","BOS",85,280,257,66,52,11,1,2,28,27,14,0,43,4,2,3,,10,2,0.25498,0.0513261,0.152435,0.336709,0.301722,0.325854,0.278767,0.627576,0.0708744,5.36844,0.297569,0,0.486243,25.2546,-7.78424,72.3796,0.486243,-1.17051,-8.61635798215866,-0.8441213369369507,0.0172726,746.1500244140625,,,,,,,236.4,2.78117647,236.4,2.78117647,,,,,,,,,,,,,,,,,,,"Isiah Kiner-Falefa","16512",643396
"Adrian Del Castillo","ARI",74,291,264,58,36,13,1,9,29,38,23,1,88,2,2,0,,1,0,0.221327,0.0791841,0.30135,0.262765,0.286339,0.376937,0.289144,0.663276,0.155611,3.05243,0.29399,0,-0.275045,28.7444,-5.65123,82.6739,-0.275045,0.0428696,-6.252755045890808,-3.3584365732967854,0.00821993,999,,,,,,,265.7,3.59054054,265.7,3.59054054,,,,,,,,,,,,,,,,,,,"Adrian Del Castillo","29554",680728
"Brett Sullivan","COL",62,234,213,50,32,12,2,4,25,25,16,0,40,2,2,0,,2,1,0.233899,0.0700589,0.170925,0.40988,0.291265,0.361208,0.285929,0.652473,0.127309,5.01215,0.270327,0,-0.341853,22.449,-5.143,67.8027,-0.341853,-1.38476,-9.25303590297699,1.523568034172058,0.00460828,999,,,,,,,205.8,3.319354838,205.8,3.319354838,,,,,,,,,,,,,,,,,,,"Brett Sullivan","18217",664954
"Deyvison De Los Santos","MIA",75,307,286,68,48,10,1,9,34,37,16,1,79,3,2,0,,4,2,0.239082,0.0535062,0.258324,0.207128,0.285598,0.376073,0.287964,0.661671,0.136991,3.97734,0.296219,0,-0.343475,29.9964,-6.24919,81.5085,-0.343475,2.49734,-7.066421717405319,-3.1382477283477783,0.000832127,999,,,,,,,273.1,3.641333333,273.1,3.641333333,,,,,,,,,,,,,,,,,,,"Deyvison De Los Santos","27969",691277
"Jeimer Candelario","LAA",67,264,239,48,26,14,1,8,26,29,20,0,78,5,2,0,,1,1,0.202546,0.0747548,0.294385,0.253936,0.274638,0.365788,0.280929,0.640426,0.163243,3.4316,0.263186,0,-0.57633,24.3512,-6.89828,76.8873,-0.57633,-2.295,-7.780842483043671,-1.3232478499412537,0.000378141,999,,,,,,,225.4,3.364179104,225.4,3.364179104,,,,,,,,,,,,,,,,,,,"Jeimer Candelario","13621",600869
"Luke Williams","ATL",63,176,161,33,22,7,1,3,19,17,13,0,53,1,1,0,,11,2,0.203636,0.0722892,0.302768,0.238761,0.265262,0.309091,0.255505,0.574353,0.105455,6.71792,0.282028,0,1.26848,12.5854,-8.23236,60.1432,1.26848,0.531685,-7.0542871952056885,1.1790469288825989,-0.000972108,999,,,,,,,135.3,2.147619047,135.3,2.147619047,,,,,,,,,,,,,,,,,,,"Luke Williams","19931",663897
"Andrew Benintendi","CHW",92,355,321,81,54,15,2,10,40,44,30,1,70,1,3,0,,2,1,0.25223,0.0835913,0.198187,0.421779,0.315142,0.406865,0.313098,0.722008,0.154636,4.04464,0.290683,0,-0.318913,41.9578,0.0125101,99.9684,-0.318913,-4.43764,-0.3321162508800626,-11.919280529022217,-0.00268962,735.8099975585938,,,,,,,375.5,4.081521739,375.5,4.081521739,,,,,,,,,,,,,,,,,,,"Andrew Benintendi","17901",643217
"Kyle Farmer","ATL",64,195,179,41,29,7,1,4,18,22,11,0,45,4,2,0,,1,1,0.229074,0.0540742,0.231044,0.234043,0.285119,0.346142,0.278425,0.631261,0.117069,2.76875,0.280886,0,-0.649944,17.5696,-5.48634,75.8442,-0.649944,-1.26603,-6.23641163110733,-0.5490692257881165,-0.0295765,999,,,,,,,158.3,2.4734375,158.3,2.4734375,,,,,,,,,,,,,,,,,,,"Kyle Farmer","14813",571657
"Jorge Soler","LAA",82,326,284,63,34,14,0,14,39,43,34,1,97,5,3,0,,0,0,0.220304,0.105819,0.296686,0.35667,0.31206,0.418465,0.318021,0.730525,0.198161,1.39005,0.276012,0,-0.480212,39.8126,1.31369,102.438,-0.480212,-4.0813,0.45620644092559814,-12.01172399520874,-0.0342612,634.8099975585938,,,,,,,358,4.365853658,358,4.365853658,,,,,,,,,,,,,,,,,,,"Jorge Soler","14221",624585
"Randal Grichuk","CHW",76,229,213,49,29,11,1,8,30,29,13,1,51,2,2,0,,1,1,0.231404,0.055208,0.222985,0.247587,0.27954,0.401858,0.293501,0.681398,0.170454,3.23379,0.265598,0,-0.413078,23.4311,-3.63695,86.4685,-0.413078,-0.223206,-4.066617786884308,-4.208555966615677,-0.0395029,999,,,,,,,218.3,2.872368421,218.3,2.872368421,,,,,,,,,,,,,,,,,,,"Randal Grichuk","10243",545341
"Noelvi Marte","CIN",73,285,263,66,44,12,1,8,34,35,17,1,66,3,2,0,,8,3,0.24919,0.0605564,0.23288,0.260032,0.300913,0.396154,0.302846,0.697067,0.146964,5.30636,0.301564,0,-0.188722,31.326,-2.36343,88.164,-0.188722,-3.45773,-4.18844997882843,-6.00710129737854,-0.0719252,147.7100067138672,,,,,,,289.1,3.960273972,289.1,3.960273972,,,,,,,,,,,,,,,,,,,"Noelvi Marte","26517",682622
"Rob Refsnyder","SEA",57,168,146,31,20,6,0,5,18,19,17,1,49,3,2,0,,2,1,0.215112,0.101464,0.29057,0.349189,0.305648,0.359725,0.293982,0.665373,0.144613,3.21405,0.280855,0,-0.149618,17.2024,-2.59458,93.5883,-0.149618,-1.40232,-1.4157543182373047,-5.1798248291015625,-0.0844762,999,,,,,,,153,2.684210526,153,2.684210526,,,,,,,,,,,,,,,,,,,"Rob Refsnyder","13770",608701
"Sterlin Thompson","COL",72,294,264,65,43,13,2,6,33,36,21,0,71,7,2,0,,5,2,0.246716,0.0718722,0.243022,0.295743,0.317436,0.386745,0.30975,0.70418,0.140028,5.11203,0.312342,0,-0.494437,33.9052,-0.787844,84.1211,-0.494437,-1.63212,-6.020240098237991,-4.868635296821594,-0.113928,999,,,,,,,293.4,4.075,293.4,4.075,,,,,,,,,,,,,,,,,,,"Sterlin Thompson","31443",694514
"Adam Frazier","LAA",86,270,244,57,40,12,1,4,30,25,18,1,53,4,1,3,,4,2,0.233209,0.0681003,0.195418,0.348485,0.29599,0.337344,0.280395,0.633334,0.104135,4.2537,0.280697,0,-0.666644,24.7404,-7.15878,76.5193,-0.666644,-2.62609,-8.138013899326324,-2.276910215616226,-0.114366,999,,,,,,,221.3,2.573255813,221.3,2.573255813,,,,,,,,,,,,,,,,,,,"Adam Frazier","15223",624428
"Sandy León","ATL",39,127,111,18,12,3,0,3,8,11,12,0,46,1,1,2,,1,0,0.16021,0.0920284,0.357656,0.25731,0.245891,0.265423,0.233308,0.511314,0.105213,1.98751,0.234395,0,-0.0470542,6.80416,-8.24836,44.9376,-0.0470542,0.617351,-8.360791094601154,2.957766532897949,-0.118859,999,,,,,,,67.6,1.733333333,67.6,1.733333333,,,,,,,,,,,,,,,,,,,"Sandy Leon","5273",506702
"Yohel Pozo","STL",55,191,184,48,33,11,0,5,18,25,5,0,21,1,1,0,,1,1,0.261891,0.0279877,0.110255,0.253846,0.28327,0.396653,0.293221,0.679923,0.134762,2.02271,0.27261,0,-0.380442,19.4769,-3.07329,88.599,-0.380442,-2.59397,-2.959281474351883,-4.569191813468933,-0.120176,999,,,,,,,180.8,3.287272727,180.8,3.287272727,,,,,,,,,,,,,,,,,,,"Yohel Pozo","18848",650968
"Eloy Jiménez",,62,226,207,52,37,9,0,6,19,26,16,1,46,1,2,0,,1,0,0.250455,0.0712247,0.202002,0.352594,0.305861,0.379194,0.299217,0.685055,0.128739,1.75897,0.292225,0,-0.236773,24.2174,-2.54476,91.2667,-0.236773,-1.54307,-2.5681336373090744,-6.530644774436951,-0.132887,999,,,,,,,219.6,3.541935483,219.6,3.541935483,,,,,,,,,,,,,,,,,,,"Eloy Jimenez","17484",650391
"Miguel Andujar","SDP",76,295,277,75,49,17,1,7,31,35,15,1,46,2,1,0,,2,1,0.269403,0.050589,0.155602,0.325117,0.309013,0.418012,0.313893,0.727025,0.148609,3.58707,0.299103,0,-0.585838,35.1074,0.201017,104.351,-0.585838,-5.82868,0.9375064373016357,-12.5589280128479,-0.182726,722.9099731445312,,,,,,,315.8,4.155263157,315.8,4.155263157,,,,,,,,,,,,,,,,,,,"Miguel Andujar","15878",609280
"Omar Martinez","LAA",65,255,229,45,30,7,1,7,25,24,23,1,89,2,2,0,,1,1,0.196142,0.0894957,0.348178,0.25704,0.272451,0.32396,0.264836,0.596411,0.127818,2.76683,0.281364,0,-0.481657,20.1826,-10.0005,65.8015,-0.481657,-4.54296,-10.777953118085861,0.15000438690185547,-0.187332,999,,,,,,,188.9,2.906153846,188.9,2.906153846,,,,,,,,,,,,,,,,,,,"Omar Martinez","25369",683079
"Christopher Morel","MIA",81,296,264,59,35,12,2,11,34,34,27,1,90,3,2,1,,6,3,0.222626,0.0898655,0.304824,0.294811,0.300205,0.399476,0.304926,0.699681,0.17685,5.11194,0.292648,0,-0.484848,33.0767,-1.95699,93.128,-0.484848,-2.54227,-2.8997534811496735,-8.965249300003052,-0.203979,999,,,,,,,309,3.814814814,309,3.814814814,,,,,,,,,,,,,,,,,,,"Christopher Morel","21897",666624
"Patrick Wisdom","SEA",64,229,205,36,17,9,1,10,25,30,20,1,92,2,1,1,,2,1,0.178103,0.0883659,0.400745,0.220504,0.258175,0.378823,0.276659,0.636998,0.20072,3.93766,0.250901,0,-0.145796,20.3186,-6.77612,81.6554,-0.145796,-1.21579,-5.103769034147263,-5.428565621376038,-0.269643,999,,,,,,,189.4,2.959375,189.4,2.959375,,,,,,,,,,,,,,,,,,,"Patrick Wisdom","13602",621550
"Lenyn Sosa","TOR",94,356,337,82,53,17,1,11,36,46,14,0,80,2,2,2,,1,1,0.244214,0.0382025,0.223801,0.170699,0.275362,0.398633,0.29045,0.673995,0.154419,2.6619,0.286146,0,-0.702188,35.5541,-6.53811,85.2276,-0.702188,-4.14379,-6.9046478271484375,-8.066030025482178,-0.276524,487.05999755859375,,,,,,,327.7,3.486170212,327.7,3.486170212,,,,,,,,,,,,,,,,,,,"Lenyn Sosa","22896",672820
"Jarred Kelenic","CHW",80,297,269,61,40,13,1,8,31,30,25,1,88,1,2,0,,5,3,0.228394,0.0853012,0.295553,0.288615,0.294462,0.36936,0.290708,0.663822,0.140967,4.36363,0.307085,0,-0.576853,29.6688,-5.38215,84.5447,-0.576853,-4.34796,-5.980490446090698,-7.449570417404175,-0.328867,999,,,,,,,270.3,3.37875,270.3,3.37875,,,,,,,,,,,,,,,,,,,"Jarred Kelenic","22558",672284
"Greg Jones","MIL",54,206,186,34,23,5,1,4,23,24,14,0,94,4,1,1,,14,3,0.184932,0.0680608,0.457325,0.148824,0.254173,0.296307,0.246481,0.55048,0.111376,8.0746,0.339519,0,1.31639,13.1768,-11.1101,55.1874,1.31639,0.744133,-9.600664615631104,-0.6075279116630554,-0.344275,999,,,,,,,134.4,2.488888888,134.4,2.488888888,,,,,,,,,,,,,,,,,,,"Greg Jones","25448",675659
"Felix Reyes","PHI",65,251,240,58,39,12,1,6,28,30,8,0,49,1,1,0,,3,1,0.242565,0.0326963,0.195116,0.167573,0.269426,0.37905,0.279992,0.648476,0.136485,4.63849,0.278809,0,-0.214765,22.9194,-6.73779,75.7782,-0.214765,-1.47088,-7.420356452465057,-4.512341141700745,-0.365898,999,,,,,,,211.6,3.255384615,211.6,3.255384615,,,,,,,,,,,,,,,,,,,"Felix Reyes","28763",694025
"Nick Castellanos","SDP",96,373,347,83,54,18,1,11,40,47,21,1,91,3,2,0,,3,1,0.239882,0.0570798,0.243059,0.234839,0.287711,0.390878,0.293635,0.678589,0.150996,4.04036,0.292276,0,-0.0704349,38.2291,-5.88685,90.4734,-0.0704349,-8.00451,-4.2860850021243095,-12.826395511627197,-0.479034,631.0399780273438,,,,,,,354,3.6875,354,3.6875,,,,,,,,,,,,,,,,,,,"Nick Castellanos","11737",592206
"Sebastián Rivero","LAA",55,179,165,32,22,7,1,2,13,16,8,0,41,2,1,3,,1,1,0.195469,0.0449912,0.231511,0.194337,0.241812,0.288026,0.234999,0.529838,0.0925566,2.93641,0.244732,0,-0.338121,9.79817,-11.3347,45.2475,-0.338121,-1.85614,-11.87988817691803,0.5141149759292603,-0.532693,999,,,,,,,88.1,1.601818181,88.1,1.601818181,,,,,,,,,,,,,,,,,,,"Sebastian Rivero","21735",665861
"Jose Fernandez","ARI",94,362,340,81,59,13,2,7,38,38,15,0,90,2,2,3,,6,2,0.238401,0.0408864,0.248185,0.164742,0.273261,0.350458,0.272103,0.623719,0.112057,5.24227,0.302927,0,-0.139828,30.7404,-12.0375,71.0004,-0.139828,-3.95216,-12.58333657681942,-9.663954734802246,-1.04296,999,,,,,,,285.3,3.035106382,285.3,3.035106382,,,,,,,,,,,,,,,,,,,"Jose Fernandez","28020",699912