Name,Team,G,PA,AB,H,1B,2B,3B,HR,R,RBI,BB,IBB,SO,HBP,SF,SH,GDP,SB,CS,AVG,BB%,K%,BB/K,OBP,SLG,wOBA,OPS,ISO,Spd,BABIP,UBR,wSB,wRC,wRAA,wRC+,BsR,Fld,Off,Def,WAR,ADP,InterSD,InterSK,IntraSD,Vol,Skew,Dim,FPTS,FPTS/G,SPTS,SPTS/G,P10,P20,P30,P40,P50,P60,P70,P80,P90,TT10,TT20,TT30,TT40,TT50,TT60,TT70,TT80,TT90,NameASCII,PlayerId,MLBAMID
"Aaron Judge","NYY",149,644,518,151,77,27,1,45,111,124,115,23,161,6,5,0,,8,2,0.290837,0.177885,0.25,0.711538,0.421474,0.609562,0.424978,1.03104,0.318725,3.79863,0.332248,0,-0.352259,134.614,58.5208,178.424,-0.352259,5.3962,59.173494040966034,-1.803802490234375,8.13744,1.850000023841858,,,,,,,1207.2,8.102013422,1207.2,8.102013422,,,,,,,,,,,,,,,,,,,"Aaron Judge","15640",592450
"Bobby Witt Jr.","KCR",157,679,615,178,104,38,8,28,102,97,51,5,117,6,7,0,,33,9,0.289562,0.0746951,0.172256,0.433628,0.346037,0.515152,0.364065,0.861188,0.225589,7.19368,0.314534,0,1.78454,108.35,28.1207,132.318,1.78454,7.34009,27.647674083709717,14.615092277526855,6.71506,3.0999999046325684,,,,,,,1009.3,6.42866242,1009.3,6.42866242,,,,,,,,,,,,,,,,,,,"Bobby Witt Jr.","25764",677951
"Shohei Ohtani","LAD",157,679,578,165,83,29,5,47,131,128,92,17,165,5,4,0,,28,5,0.284746,0.135642,0.242424,0.559524,0.385281,0.59661,0.407005,0.981892,0.311864,7.05028,0.31746,0,2.5964,132.022,51.7933,164.906,2.5964,0,54.82995080947876,-16.975000381469727,6.18433,1.2699999809265137,,,,,,,1230.6,7.83821656,1230.6,7.83821656,,,,,,,,,,,,,,,,,,,"Shohei Ohtani","19755",660271
"Juan Soto","NYM",159,686,547,147,83,25,2,37,111,105,131,9,121,3,4,1,,23,4,0.269303,0.190691,0.175676,1.08547,0.410526,0.525424,0.399084,0.93595,0.256121,5.06114,0.280105,0,1.47129,128.972,47.9154,162.272,1.47129,-7.05979,52.101444721221924,-14.609789371490479,6.17098,4.650000095367432,,,,,,,1142.4,7.18490566,1142.4,7.18490566,,,,,,,,,,,,,,,,,,,"Juan Soto","20123",665742
"Cal Raleigh","SEA",159,637,551,127,64,23,0,41,85,110,77,9,177,5,4,0,,6,2,0.230912,0.120773,0.276973,0.436047,0.328502,0.495345,0.348035,0.823847,0.264432,2.91451,0.255319,0,-0.510184,93.4159,18.1022,130.823,-0.510184,8.54657,22.645785450935364,15.6965651512146,6.16746,18.729999542236328,,,,,,,864.1,5.434591194,864.1,5.434591194,,,,,,,,,,,,,,,,,,,"Cal Raleigh","21534",663728
"Julio Rodríguez","SEA",159,686,624,170,108,30,2,30,99,102,50,5,154,10,2,0,,28,7,0.271973,0.0723982,0.224736,0.322148,0.334842,0.470978,0.34542,0.80582,0.199005,5.73421,0.316159,0,1.54885,99.0822,18.026,129.022,1.54885,6.92657,25.013973355293274,9.176565647125244,5.91382,9.489999771118164,,,,,,,922,5.798742138,922,5.798742138,,,,,,,,,,,,,,,,,,,"Julio Rodriguez","23697",677594
"Fernando Tatis Jr.","SDP",156,672,587,159,98,30,2,29,106,89,77,4,133,6,2,0,,25,6,0.271277,0.114551,0.198142,0.578125,0.360681,0.478723,0.361691,0.839404,0.207447,5.58544,0.304878,0,1.26974,105.938,26.536,137.094,1.26974,9.81133,30.813664436340332,2.4113287925720215,5.6868,14.010000228881836,,,,,,,954.1,6.116025641,954.1,6.116025641,,,,,,,,,,,,,,,,,,,"Fernando Tatis Jr.","19709",665487
"Gunnar Henderson","BAL",156,672,594,162,97,32,6,27,100,90,68,3,144,6,4,0,,22,4,0.272727,0.100464,0.214838,0.467626,0.35085,0.484266,0.35801,0.835116,0.211538,6.51215,0.316302,0,1.55698,103.929,24.5274,132.608,1.55698,-2.45558,27.383396983146667,4.744420766830444,5.65348,12.510000228881836,,,,,,,946.6,6.067948717,946.6,6.067948717,,,,,,,,,,,,,,,,,,,"Gunnar Henderson","26289",683002
"Ronald Acuña Jr.","ATL",151,651,544,156,96,26,2,32,125,87,98,4,136,7,1,0,,31,6,0.286682,0.150943,0.209434,0.720721,0.401887,0.519187,0.396277,0.921074,0.232506,6.37636,0.32899,0,2.32093,120.908,43.9868,156.577,2.32093,-5.09143,45.97370147705078,-12.866428852081299,5.60327,5.260000228881836,,,,,,,1074.3,7.114569536,1074.3,7.114569536,,,,,,,,,,,,,,,,,,,"Ronald Acuna Jr.","18401",660670
"Wyatt Langford","TEX",149,644,562,150,87,31,3,29,93,94,72,3,144,5,4,0,,21,5,0.267045,0.112397,0.22314,0.503704,0.353719,0.486742,0.360439,0.840461,0.219697,5.73458,0.308108,0,1.01013,100.869,24.7755,134.242,1.01013,8.74353,27.000993371009827,4.743532419204712,5.51566,37.75,,,,,,,914.5,6.137583892,914.5,6.137583892,,,,,,,,,,,,,,,,,,,"Wyatt Langford","33333",694671
"Francisco Lindor","NYM",151,651,576,150,93,30,2,25,97,87,58,2,120,12,6,0,,22,4,0.260504,0.089153,0.18425,0.483871,0.337296,0.45042,0.34044,0.787716,0.189916,5.84035,0.286031,0,1.80505,91.3952,14.4745,122.099,1.80505,5.56486,18.855860471725464,12.039860725402832,5.377,25.350000381469727,,,,,,,838,5.549668874,838,5.549668874,,,,,,,,,,,,,,,,,,,"Francisco Lindor","12916",596019
"Matt Chapman","SFG",156,672,585,145,80,34,2,28,95,81,75,1,165,9,4,0,,9,2,0.247899,0.111517,0.244973,0.455224,0.340037,0.460084,0.346126,0.800121,0.212185,4.65745,0.295031,0,-0.35683,97.4453,18.0433,125.086,-0.35683,5.76,19.62290784716606,8.160000324249268,5.13,163.6199951171875,,,,,,,863.7,5.536538461,863.7,5.536538461,,,,,,,,,,,,,,,,,,,"Matt Chapman","16505",656305
"José Ramírez","CLE",157,679,602,163,95,36,3,29,95,97,67,19,81,4,6,0,,30,6,0.271605,0.0984375,0.11875,0.828947,0.345313,0.485009,0.346866,0.830321,0.213404,5.89301,0.270213,0,2.36087,98.8687,18.6396,124.672,2.36087,3.65256,22.105109214782715,4.477559924125671,5.11079,6.28000020980835,,,,,,,958.1,6.10254777,958.1,6.10254777,,,,,,,,,,,,,,,,,,,"Jose Ramirez","13510",608070
"Kyle Tucker","LAD",151,651,557,148,85,28,2,32,97,103,87,6,93,3,2,1,,22,3,0.265594,0.134251,0.142857,0.939759,0.367241,0.498994,0.370887,0.866235,0.2334,5.35389,0.26615,0,1.98101,107.488,30.5671,140.164,1.98101,0.982565,32.97020184993744,-5.992434740066528,4.97614,13.130000114440918,,,,,,,968.6,6.414569536,968.6,6.414569536,,,,,,,,,,,,,,,,,,,"Kyle Tucker","18345",663656
"Geraldo Perdomo","ARI",159,686,574,153,105,29,5,15,100,77,85,1,90,8,8,11,,24,6,0.267465,0.123539,0.131886,0.936709,0.365025,0.411178,0.341562,0.776203,0.143713,6.04712,0.290865,0,1.16463,96.9334,15.8772,118.582,1.16463,1.56671,16.2724711894989,8.916710376739502,4.91229,76.7699966430664,,,,,,,844.2,5.309433962,844.2,5.309433962,,,,,,,,,,,,,,,,,,,"Geraldo Perdomo","22799",672695
"Pete Crow-Armstrong","CHC",149,644,588,150,88,29,6,26,95,97,34,1,157,9,6,6,,33,8,0.255814,0.0522876,0.243464,0.214765,0.30363,0.461538,0.326536,0.765169,0.205725,7.59511,0.30179,0,2.21533,83.1421,7.04857,111.065,2.21533,13.1391,10.660861492156982,15.43905234336853,4.8625,32.939998626708984,,,,,,,784,5.261744966,784,5.261744966,,,,,,,,,,,,,,,,,,,"Pete Crow-Armstrong","27769",691718
"Elly De La Cruz","CIN",156,672,604,160,95,33,7,25,104,94,63,5,181,3,1,1,,41,9,0.265411,0.0938461,0.269231,0.348571,0.337442,0.467466,0.34491,0.804908,0.202055,7.72444,0.339378,0,3.42978,96.7818,17.3798,116.979,3.42978,0.2025,16.952988147735596,7.152499809861183,4.75376,8.449999809265137,,,,,,,913.3,5.854487179,913.3,5.854487179,,,,,,,,,,,,,,,,,,,"Elly De La Cruz","26668",682829
"Corbin Carroll","ARI",147,637,554,142,77,26,13,26,108,89,67,3,140,10,5,2,,34,6,0.256098,0.104545,0.219697,0.475862,0.343465,0.489547,0.355516,0.833012,0.233449,8.49153,0.29484,0,3.39061,97.2268,21.9603,128.141,3.39061,6.98305,24.63648772239685,0.35805273056030273,4.72558,14.100000381469727,,,,,,,913.9,6.217006802,913.9,6.217006802,,,,,,,,,,,,,,,,,,,"Corbin Carroll","25878",682998
"Corey Seager","TEX",131,567,496,130,78,25,0,26,76,78,63,9,107,5,3,0,,2,0,0.262181,0.111562,0.188641,0.591398,0.348884,0.473318,0.350093,0.822202,0.211137,2.56389,0.283019,0,-0.443478,84.0459,17.0504,127.115,-0.443478,3.33579,17.67696511745453,7.660791635513306,4.58902,95.08999633789062,,,,,,,756.7,5.776335877,756.7,5.776335877,,,,,,,,,,,,,,,,,,,"Corey Seager","13624",608369
"Jackson Merrill","SDP",146,630,577,159,98,31,6,24,82,89,40,2,121,3,6,3,,7,3,0.276,0.0641026,0.192308,0.333333,0.324125,0.476,0.341035,0.800125,0.2,4.99894,0.308707,0,-0.95464,88.751,14.3116,122.944,-0.95464,5.64183,16.1769061088562,7.691826105117798,4.58657,70.79000091552734,,,,,,,797,5.458904109,797,5.458904109,,,,,,,,,,,,,,,,,,,"Jackson Merrill","29490",701538
"Mookie Betts","LAD",151,651,564,154,99,31,2,22,95,88,75,3,77,4,7,0,,10,2,0.272556,0.115635,0.118893,0.972603,0.358306,0.453007,0.350629,0.811314,0.180451,4.58411,0.278652,0,-0.114838,96.7802,19.8596,126.286,-0.114838,-4.01037,20.16687761247158,2.964625835418701,4.58262,60.58000183105469,,,,,,,856.9,5.674834437,856.9,5.674834437,,,,,,,,,,,,,,,,,,,"Mookie Betts","13611",605141
"Ketel Marte","ARI",147,637,553,149,88,30,3,27,93,88,70,6,106,8,6,0,,6,1,0.269388,0.109929,0.166667,0.659574,0.356383,0.483673,0.359126,0.840056,0.214286,4.60482,0.286472,0,-0.391862,99.0935,23.827,130.614,-0.391862,0.785455,22.72073984146118,0.8604546189308167,4.58098,32.63999938964844,,,,,,,881.9,5.999319727,881.9,5.999319727,,,,,,,,,,,,,,,,,,,"Ketel Marte","13613",606466
"Alejandro Kirk","TOR",125,495,435,117,85,19,0,14,44,63,49,2,62,4,6,0,,1,0,0.269231,0.0993657,0.124736,0.79661,0.344609,0.40625,0.328029,0.750859,0.137019,1.51329,0.282857,0,-0.688276,64.454,6.0132,111.115,-0.688276,13.2249,5.790932655334473,21.949856758117676,4.57993,160.25,,,,,,,567.8,4.5424,567.8,4.5424,,,,,,,,,,,,,,,,,,,"Alejandro Kirk","22581",672386
"William Contreras","MIL",152,610,533,144,95,29,1,19,82,78,71,4,117,3,4,0,,6,2,0.270796,0.11592,0.191654,0.604839,0.357032,0.435398,0.344522,0.792431,0.164602,3.61942,0.312941,0,-0.730046,87.6605,15.5843,122.348,-0.730046,1.27895,15.42729103565216,8.8289475440979,4.55813,56.560001373291016,,,,,,,769.6,5.063157894,769.6,5.063157894,,,,,,,,,,,,,,,,,,,"William Contreras","20503",661388
"Trea Turner","PHI",149,644,591,166,113,31,4,18,93,76,45,1,118,5,3,0,,27,4,0.281588,0.0695364,0.183775,0.378378,0.336093,0.440433,0.33628,0.776526,0.158845,6.50968,0.324009,0,2.51467,88.237,12.1434,114.337,2.51467,2.28455,13.45779037475586,9.184554815292358,4.50875,26.780000686645508,,,,,,,810.6,5.440268456,810.6,5.440268456,,,,,,,,,,,,,,,,,,,"Trea Turner","16252",607208
"Vladimir Guerrero Jr.","TOR",157,679,592,173,108,35,0,30,94,102,76,9,91,6,4,0,,5,2,0.292174,0.112291,0.133536,0.840909,0.376328,0.502609,0.374743,0.878936,0.210435,2.72418,0.300866,0,-1.0107,114.237,34.0075,143.294,-1.0107,-1.18942,33.63656306266785,-13.514420866966248,4.4498,18.049999237060547,,,,,,,1010.2,6.434394904,1010.2,6.434394904,,,,,,,,,,,,,,,,,,,"Vladimir Guerrero Jr.","19611",665489
"Zach Neto","LAA",154,665,591,150,85,36,1,28,95,93,48,4,165,20,3,2,,27,10,0.25283,0.0721477,0.248322,0.290541,0.328283,0.458491,0.338327,0.786773,0.20566,5.59927,0.302778,0,0.263681,92.2195,13.6446,116.426,0.263681,-0.737877,13.13826996088028,6.387123286724091,4.33944,32.29999923706055,,,,,,,849.6,5.516883116,849.6,5.516883116,,,,,,,,,,,,,,,,,,,"Zach Neto","31347",687263
"Junior Caminero","TBR",154,665,610,164,97,30,1,37,85,119,45,1,124,4,5,0,,6,1,0.26943,0.0681458,0.187005,0.364407,0.321712,0.502591,0.350889,0.824302,0.233161,3.6286,0.280742,0,-0.127044,99.002,20.4271,125.376,-0.127044,-2.05911,19.762024775147438,-0.28410518169403076,4.33459,16.479999542236328,,,,,,,904.5,5.873376623,904.5,5.873376623,,,,,,,,,,,,,,,,,,,"Junior Caminero","28163",691406
"Bo Bichette","NYM",152,658,609,177,121,36,1,19,79,88,43,1,109,3,3,0,,7,4,0.290614,0.0651085,0.165275,0.393939,0.338898,0.445848,0.339534,0.784747,0.155235,3.07605,0.326531,0,-1.57626,91.8938,14.1461,121.478,-1.57626,4.69917,15.17378556728363,5.299165844917297,4.33445,92.86000061035156,,,,,,,811,5.335526315,811,5.335526315,,,,,,,,,,,,,,,,,,,"Bo Bichette","19612",666182
"Nico Hoerner","CHC",154,665,609,170,126,29,4,10,86,67,41,1,62,10,4,0,,27,6,0.278351,0.0614173,0.0929134,0.661017,0.332283,0.391753,0.317277,0.724036,0.113402,6.03486,0.294004,0,1.711,80.8544,2.2795,104.722,1.711,11.0362,5.433014154434204,13.511249303817749,4.20187,101.93000030517578,,,,,,,731.4,4.749350649,731.4,4.749350649,,,,,,,,,,,,,,,,,,,"Nico Hoerner","21479",663538
"Yordan Alvarez","HOU",130,560,478,139,79,28,1,30,77,86,69,11,98,7,6,0,,2,1,0.289604,0.122622,0.175476,0.698795,0.382664,0.539604,0.387723,0.922268,0.25,2.65707,0.305648,0,-0.964812,100.117,33.9489,152.207,-0.964812,0,33.4930317401886,-11.799999237060547,4.19147,33.38999938964844,,,,,,,898.3,6.91,898.3,6.91,,,,,,,,,,,,,,,,,,,"Yordan Alvarez","19556",670541
"Willy Adames","SFG",157,679,599,142,84,30,1,26,87,88,70,2,167,4,6,0,,12,3,0.236332,0.102644,0.245723,0.417721,0.317263,0.421517,0.320297,0.73878,0.185185,4.32221,0.279487,0,-0.00591334,84.2212,3.99215,107.392,-0.00591334,4.96232,5.942845741286874,12.237316131591797,4.17135,133.92999267578125,,,,,,,769.7,4.90254777,769.7,4.90254777,,,,,,,,,,,,,,,,,,,"Willy Adames","15986",642715
"Dansby Swanson","CHC",159,686,621,150,98,28,2,22,89,83,58,1,175,3,3,0,,16,3,0.241758,0.0845771,0.25539,0.331169,0.308458,0.399267,0.308647,0.707725,0.157509,5.17118,0.300532,0,0.74381,78.6012,-2.45497,98.8108,0.74381,10.6198,-0.22309720516204834,17.969756603240967,4.15082,152.30999755859375,,,,,,,723.4,4.549685534,723.4,4.549685534,,,,,,,,,,,,,,,,,,,"Dansby Swanson","18314",621020
"Adley Rutschman","BAL",141,566,496,127,80,27,1,18,66,65,62,2,90,3,5,0,,1,0,0.255102,0.109123,0.159213,0.685393,0.338104,0.42449,0.331659,0.762594,0.169388,2.44806,0.275773,0,-0.740511,75.48,8.55544,114.456,-0.740511,5.751,8.909818768501282,11.825999736785889,4.11607,148.92999267578125,,,,,,,665.3,4.718439716,665.3,4.718439716,,,,,,,,,,,,,,,,,,,"Adley Rutschman","26288",668939
"Austin Riley","ATL",156,672,605,160,94,32,2,31,90,89,53,1,172,9,5,0,,2,1,0.263804,0.0791897,0.255985,0.309353,0.32965,0.478528,0.346522,0.808178,0.214724,3.50832,0.316109,0,-1.03303,97.6617,18.2597,122.493,-1.03303,-1.45029,16.881852746009827,0.5497140884399414,4.07093,59.36000061035156,,,,,,,873.6,5.6,873.6,5.6,,,,,,,,,,,,,,,,,,,"Austin Riley","18360",663586
"Cody Bellinger","NYY",143,616,553,150,96,28,3,23,86,94,49,3,89,4,10,0,,12,3,0.271218,0.0794702,0.14404,0.551724,0.32947,0.45941,0.336718,0.78888,0.188192,5.15874,0.280543,0,0.231927,84.6198,11.8347,117.625,0.231927,10.5674,13.027855634689331,5.517385005950928,4.06661,80.98999786376953,,,,,,,774.9,5.418881118,774.9,5.418881118,,,,,,,,,,,,,,,,,,,"Cody Bellinger","15998",641355
"Byron Buxton","MIN",130,560,500,124,63,26,5,31,90,83,45,4,159,11,5,0,,17,0,0.248815,0.0803383,0.283298,0.283582,0.321353,0.504739,0.349622,0.826092,0.255924,7.38898,0.296992,0,2.55686,82.7943,16.626,124.628,2.55686,1.96047,18.811758995056152,1.5604746341705322,4.05634,73.4800033569336,,,,,,,790,6.076923076,790,6.076923076,,,,,,,,,,,,,,,,,,,"Byron Buxton","14161",621439
"Patrick Bailey","SFG",133,525,474,108,74,21,2,11,54,56,40,0,135,2,6,2,,2,0,0.228792,0.0765661,0.257541,0.297297,0.289044,0.352185,0.281768,0.641229,0.123393,3.78768,0.291971,0,-0.284635,48.6783,-13.3309,80.9989,-0.284635,23.8234,-12.103266060352325,34.07337188720703,4.03422,747.8900146484375,,,,,,,436.3,3.280451127,436.3,3.280451127,,,,,,,,,,,,,,,,,,,"Patrick Bailey","27478",672275
"Brent Rooker","ATH",156,672,597,164,91,34,2,36,89,119,64,3,169,6,4,0,,8,1,0.27518,0.0958466,0.250799,0.382166,0.34984,0.523381,0.371196,0.873222,0.248201,3.98452,0.322493,0,0.0144221,111.124,31.7215,137.427,0.0144221,0,29.65790623240173,-15.5,3.81493,42.11000061035156,,,,,,,992.2,6.36025641,992.2,6.36025641,,,,,,,,,,,,,,,,,,,"Brent Rooker","19627",667670
"Pete Alonso","BAL",157,679,599,164,90,36,1,36,84,110,58,6,147,13,8,0,,2,1,0.272884,0.0853659,0.216463,0.394366,0.346037,0.518135,0.365298,0.864171,0.24525,2.47653,0.3,0,-1.03482,109.03,28.8009,137.629,-1.03482,-2.71776,29.07858955860138,-15.442763566970825,3.78617,24.440000534057617,,,,,,,981.9,6.254140127,981.9,6.254140127,,,,,,,,,,,,,,,,,,,"Pete Alonso","19251",624413
"Gabriel Moreno","ARI",112,443,394,110,78,19,1,11,52,54,42,2,77,4,4,0,,4,2,0.278287,0.0951087,0.173913,0.546875,0.350543,0.415902,0.334137,0.766446,0.137615,3.34385,0.319066,0,-1.0673,59.9806,7.58948,113.496,-1.0673,8.33976,6.024891138076782,16.064759731292725,3.76936,181.22000122070312,,,,,,,526.2,4.698214285,526.2,4.698214285,,,,,,,,,,,,,,,,,,,"Gabriel Moreno","22664",672515
"Freddie Freeman","LAD",151,651,568,164,100,39,2,23,89,87,68,9,120,9,5,0,,9,2,0.288719,0.105175,0.183639,0.572727,0.370618,0.48566,0.365507,0.856277,0.196941,4.24358,0.327456,0,-0.263328,104.644,27.7236,136.479,-0.263328,-1.08,27.882454425096512,-12.755000233650208,3.76371,67.87999725341797,,,,,,,933.6,6.182781456,933.6,6.182781456,,,,,,,,,,,,,,,,,,,"Freddie Freeman","5361",518692
"Will Smith","LAD",126,500,426,109,68,21,2,18,67,64,58,3,99,9,7,0,,2,1,0.255422,0.11499,0.197125,0.583333,0.351129,0.443374,0.343531,0.794503,0.187952,3.52921,0.285714,0,-0.878044,71.5077,12.3816,121.424,-0.878044,-1.46075,11.827999770641327,7.689253926277161,3.7002,95.69000244140625,,,,,,,627.9,4.983333333,627.9,4.983333333,,,,,,,,,,,,,,,,,,,"Will Smith","19197",669257
"Jeremy Peña","HOU",144,623,570,153,106,28,2,17,76,70,36,1,112,12,3,2,,17,4,0.268877,0.0573356,0.180438,0.317757,0.323181,0.414365,0.321112,0.737546,0.145488,5.15648,0.307329,0,0.635279,77.6878,4.0755,106.321,0.635279,2.74145,5.276964843273163,9.41645097732544,3.69717,122.9800033569336,,,,,,,704.3,4.890972222,704.3,4.890972222,,,,,,,,,,,,,,,,,,,"Jeremy Pena","21636",665161
"Riley Greene","DET",151,651,585,156,93,30,3,29,86,101,58,2,178,4,4,0,,3,2,0.266187,0.088853,0.273021,0.325444,0.33441,0.480216,0.34894,0.814626,0.214029,3.71491,0.330579,0,-1.23709,95.8876,18.9669,124.665,-1.23709,3.1787,17.687622785568237,-4.096297025680542,3.68301,78.4800033569336,,,,,,,851.4,5.638410596,851.4,5.638410596,,,,,,,,,,,,,,,,,,,"Riley Greene","25976",682985
"Alex Bregman","CHC",156,672,581,141,88,29,1,22,85,84,75,2,97,9,6,0,,2,1,0.242915,0.112084,0.143608,0.780488,0.336252,0.412955,0.327635,0.749208,0.17004,2.91976,0.253769,0,-1.13776,87.3567,7.95468,111.818,-1.13776,2.47418,8.27461040019989,4.874181747436523,3.63275,119.16999816894531,,,,,,,758.2,4.86025641,758.2,4.86025641,,,,,,,,,,,,,,,,,,,"Alex Bregman","17678",608324
"Matt McLain","CIN",144,623,549,136,86,26,3,21,85,81,61,0,170,8,3,2,,19,4,0.248532,0.0982759,0.272414,0.360759,0.33045,0.424658,0.329777,0.755107,0.176125,5.93733,0.318452,0,1.08626,82.0702,8.45799,106.613,1.08626,6.03306,5.96889340877533,8.458064317703247,3.59673,144.3000030517578,,,,,,,734.4,5.1,734.4,5.1,,,,,,,,,,,,,,,,,,,"Matt McLain","29695",680574
"Roman Anthony","BOS",146,630,536,141,90,29,3,19,94,79,84,1,156,5,4,0,,7,4,0.262948,0.133898,0.247458,0.541096,0.366102,0.436255,0.35127,0.802357,0.173307,4.60154,0.333333,0,-1.43143,93.9865,19.5471,122.325,-1.43143,6.52169,15.14532196521759,-1.7283086776733398,3.59123,50.75,,,,,,,802.5,5.496575342,802.5,5.496575342,,,,,,,,,,,,,,,,,,,"Roman Anthony","31812",701350
"Michael Harris II","ATL",133,574,540,149,97,29,5,19,69,75,24,1,110,5,4,2,,20,5,0.276896,0.0414594,0.192371,0.215517,0.311148,0.453263,0.3274,0.764411,0.176367,6.17048,0.314943,0,1.22567,74.5079,6.68534,109.394,1.22567,6.20503,7.616458892822266,8.25502610206604,3.57773,99.06999969482422,,,,,,,696.6,5.237593984,696.6,5.237593984,,,,,,,,,,,,,,,,,,,"Michael Harris II","25931",671739
"Drake Baldwin","ATL",139,571,510,135,82,27,2,24,65,82,54,1,111,6,1,0,,0,0,0.265589,0.0948454,0.193814,0.489362,0.342268,0.466513,0.349603,0.808781,0.200924,2.06928,0.296875,0,-0.933327,84.4707,16.9554,124.604,-0.933327,-0.0671707,15.728881478309631,0.18282926827669144,3.57299,78.62999725341797,,,,,,,741.3,5.333093525,741.3,5.333093525,,,,,,,,,,,,,,,,,,,"Drake Baldwin","31539",686948
"Maikel Garcia","KCR",154,665,597,160,112,33,4,12,86,73,57,0,100,1,7,3,,26,7,0.268078,0.085443,0.150316,0.568421,0.329094,0.395062,0.316624,0.724156,0.126984,6.07386,0.301282,0,1.12641,80.5017,1.92686,99.6375,1.12641,8.7075,0.8422456085681915,11.18250036239624,3.57203,63.150001525878906,,,,,,,734.1,4.766883116,734.1,4.766883116,,,,,,,,,,,,,,,,,,,"Maikel Garcia","22715",672580
"Masyn Winn","STL",149,644,586,148,104,28,3,13,87,65,46,0,122,5,4,2,,12,4,0.252302,0.0720268,0.18928,0.380531,0.310924,0.377532,0.302199,0.688457,0.12523,5.29866,0.296209,0,-0.419313,70.4173,-5.67623,94.7492,-0.419313,10.7522,-4.427071124315262,17.65217161178589,3.54524,364.7799987792969,,,,,,,627.9,4.214093959,627.9,4.214093959,,,,,,,,,,,,,,,,,,,"Masyn Winn","27479",691026
"Manny Machado","SDP",149,644,582,152,97,29,0,26,82,91,55,4,128,2,5,0,,9,2,0.261566,0.085209,0.199357,0.427419,0.324759,0.44484,0.330522,0.769599,0.183274,3.59713,0.291866,0,0.0245617,85.2262,9.13265,115.742,0.0245617,1.48004,12.039794703945518,1.1800408363342285,3.54471,37.52000045776367,,,,,,,780.2,5.23624161,780.2,5.23624161,,,,,,,,,,,,,,,,,,,"Manny Machado","11493",592518
"Luke Keaschall","MIN",131,567,491,131,87,29,3,12,78,73,55,0,93,17,5,0,,26,6,0.267081,0.0967742,0.163979,0.590164,0.357527,0.413043,0.339759,0.77057,0.145963,6.15096,0.304688,0,1.63905,79.2888,12.2933,117.833,1.63905,0,13.556691408157349,1.524999976158142,3.5397,114.8499984741211,,,,,,,705.2,5.383206106,705.2,5.383206106,,,,,,,,,,,,,,,,,,,"Luke Keaschall","33321",807712
"Brice Turang","MIL",151,651,584,154,109,27,3,15,85,75,59,1,133,1,4,3,,30,6,0.263254,0.0901639,0.204918,0.44,0.329489,0.396709,0.317893,0.726199,0.133455,6.04257,0.315534,0,2.24801,79.4777,2.55702,104.107,2.24801,4.65857,5.4165568351745605,7.23356556892395,3.51025,48.18000030517578,,,,,,,735,4.867549668,735,4.867549668,,,,,,,,,,,,,,,,,,,"Brice Turang","22186",668930
"Bryce Harper","PHI",154,665,576,156,91,37,0,28,88,93,80,8,144,5,5,0,,11,4,0.271008,0.12,0.216364,0.554622,0.361818,0.481092,0.360105,0.842911,0.210084,3.4238,0.313609,0,-0.410587,103.978,25.4031,130.658,-0.410587,0.235406,23.753128618001938,-11.739594131708145,3.49277,47.900001525878906,,,,,,,932.8,6.057142857,932.8,6.057142857,,,,,,,,,,,,,,,,,,,"Bryce Harper","11579",547180
"Xander Bogaerts","SDP",141,609,547,145,103,28,1,12,68,61,50,2,111,6,7,0,,16,2,0.266112,0.0820896,0.182836,0.44898,0.330224,0.390852,0.315069,0.721076,0.12474,4.75445,0.309524,0,1.21565,72.9537,0.995654,105.156,1.21565,2.25934,4.937224984169006,8.784343481063843,3.4769,237.1999969482422,,,,,,,657.5,4.663120567,657.5,4.663120567,,,,,,,,,,,,,,,,,,,"Xander Bogaerts","12161",593428
"Kevin McGonigle","DET",126,546,477,119,67,30,4,18,77,75,58,0,71,3,7,1,,9,5,0.248588,0.106173,0.130864,0.811321,0.329208,0.437853,0.331883,0.767061,0.189266,5.05342,0.255973,0,-1.16646,72.8605,8.34637,112.915,-1.16646,2.8659,7.144503831863403,7.4158971309661865,3.41241,999,,,,,,,654.5,5.194444444,654.5,5.194444444,,,,,,,,,,,,,,,,,,,"Kevin McGonigle","33572",805808
"Daulton Varsho","TOR",138,595,541,123,65,25,4,30,83,92,44,1,146,5,4,1,,9,4,0.227818,0.0740741,0.246187,0.300885,0.290393,0.453237,0.317787,0.74363,0.22542,5.55141,0.253521,0,-0.522275,72.5896,2.28578,104.059,-0.522275,8.23943,2.3241105675697327,10.364426612854004,3.39345,192.2100067138672,,,,,,,678,4.913043478,678,4.913043478,,,,,,,,,,,,,,,,,,,"Daulton Varsho","19918",662139
"Shea Langeliers","ATH",131,524,476,123,65,27,1,30,70,93,40,1,117,4,4,0,,4,1,0.258065,0.0769231,0.223443,0.344262,0.318681,0.506048,0.350534,0.82473,0.247984,3.48446,0.279539,0,-0.341052,77.83,15.939,123.194,-0.341052,-6.42365,13.978208720684052,1.0013480186462402,3.37712,54.04999923706055,,,,,,,715.6,5.462595419,715.6,5.462595419,,,,,,,,,,,,,,,,,,,"Shea Langeliers","25816",669127
"Jackson Chourio","MIL",151,651,601,165,99,39,4,23,94,97,39,2,133,3,6,2,,23,7,0.274443,0.0601266,0.204114,0.294574,0.319048,0.466552,0.335199,0.7856,0.19211,6.19532,0.315068,0,0.661458,88.6246,11.7039,115.962,0.661458,5.27566,12.976915299892426,-1.6993422508239746,3.36982,19.3799991607666,,,,,,,825.2,5.464900662,825.2,5.464900662,,,,,,,,,,,,,,,,,,,"Jackson Chourio","28806",694192
"Steven Kwan","CLE",154,665,593,168,127,26,4,10,86,64,60,1,59,6,3,3,,17,5,0.283019,0.0902141,0.088685,1.01724,0.353303,0.392796,0.329235,0.746099,0.109777,5.22088,0.299228,0,0.106458,87.3106,8.73572,112.526,0.106458,-1.215,9.924025811254978,-0.039999961853027344,3.35301,169.60000610351562,,,,,,,756.3,4.911038961,756.3,4.911038961,,,,,,,,,,,,,,,,,,,"Steven Kwan","24610",680757
"Ceddanne Rafaela","BOS",141,609,566,148,94,32,4,18,86,80,28,0,132,8,4,2,,22,7,0.26151,0.0462329,0.217466,0.212598,0.304124,0.427256,0.315546,0.73138,0.165746,6.4803,0.310174,0,0.529923,73.1898,1.23174,97.7157,0.529923,10.4996,-1.109692394733429,12.67455768585205,3.32778,125.02999877929688,,,,,,,677.8,4.807092198,677.8,4.807092198,,,,,,,,,,,,,,,,,,,"Ceddanne Rafaela","24262",678882
"Andrés Giménez","TOR",138,595,533,135,96,24,2,13,69,69,34,2,103,19,5,3,,22,5,0.252677,0.0575816,0.172745,0.333333,0.318533,0.376874,0.305491,0.695406,0.124197,5.67955,0.289189,0,1.49642,66.6496,-3.65422,95.5886,1.49642,7.242,-1.59718918800354,13.617000102996826,3.32503,412.2200012207031,,,,,,,613,4.442028985,613,4.442028985,,,,,,,,,,,,,,,,,,,"Andres Gimenez","19950",665926
"James Wood","WSN",149,644,560,147,83,34,3,27,87,92,78,5,190,3,3,0,,14,6,0.261947,0.121538,0.295385,0.411458,0.353846,0.476106,0.35626,0.829952,0.214159,4.90916,0.346705,0,-0.713327,98.6839,22.5903,129.655,-0.713327,0,21.92130273580551,-11.09999942779541,3.29931,37.790000915527344,,,,,,,885.5,5.94295302,885.5,5.94295302,,,,,,,,,,,,,,,,,,,"James Wood","29518",695578
"Marcus Semien","NYM",149,644,574,138,93,24,2,19,89,77,60,1,106,4,6,0,,9,2,0.240848,0.0927835,0.164948,0.5625,0.314433,0.38921,0.308102,0.703643,0.148362,4.76591,0.262774,0,-0.165836,73.5037,-2.5899,99.9459,-0.165836,8.75653,-0.20716151595115662,10.856526136398315,3.28171,266.25,,,,,,,661.9,4.442281879,661.9,4.442281879,,,,,,,,,,,,,,,,,,,"Marcus Semien","12533",543760
"Matt Olson","ATL",159,686,596,148,83,35,1,30,88,94,81,4,166,5,4,0,,1,0,0.249123,0.117378,0.242378,0.484277,0.341463,0.463158,0.346292,0.804621,0.214035,2.44319,0.292746,0,-0.874716,99.5682,18.5121,122.336,-0.874716,4.07345,17.285310745239258,-8.176552295684814,3.26706,48.0099983215332,,,,,,,881.9,5.54654088,881.9,5.54654088,,,,,,,,,,,,,,,,,,,"Matt Olson","14344",621566
"Trent Grisham","NYY",126,546,464,102,58,18,1,26,73,71,72,0,136,5,2,2,,6,2,0.22,0.132325,0.249527,0.530303,0.330171,0.428889,0.33251,0.75906,0.208889,3.82154,0.250847,0,-0.499403,73.1384,8.6243,114.726,-0.499403,2.07715,8.97690761089325,4.027150869369507,3.25318,253.82000732421875,,,,,,,646.3,5.129365079,646.3,5.129365079,,,,,,,,,,,,,,,,,,,"Trent Grisham","18564",663757
"Ernie Clement","TOR",149,644,601,165,116,33,4,11,80,71,27,1,64,5,5,6,,8,4,0.273885,0.0415842,0.0990099,0.42,0.308,0.399151,0.305927,0.707151,0.125265,4.64336,0.288462,0,-1.00457,72.3665,-3.72708,95.8891,-1.00457,11.0249,-4.124873518943787,13.424876689910889,3.21931,337.67999267578125,,,,,,,644.9,4.328187919,644.9,4.328187919,,,,,,,,,,,,,,,,,,,"Ernie Clement","20352",676391
"JJ Wetherholt","STL",136,588,515,131,97,20,2,11,74,72,58,1,96,11,3,0,,15,2,0.253796,0.0988593,0.163498,0.604651,0.340304,0.366594,0.314925,0.706899,0.112798,5.19685,0.290761,0,0.898676,70.3695,0.892779,103.467,0.898676,5.84807,3.31483918428421,8.148066282272339,3.17433,999,,,,,,,621.3,4.568382352,621.3,4.568382352,,,,,,,,,,,,,,,,,,,"JJ Wetherholt","34985",802139
"Oneil Cruz","PIT",130,560,489,118,67,23,4,25,76,74,62,4,169,4,5,0,,31,5,0.241449,0.110721,0.302285,0.366279,0.328647,0.454728,0.335854,0.783375,0.21328,7.07249,0.311475,0,3.43243,76.5343,10.366,113.773,3.43243,-1.99685,12.573508024215698,-0.19685101509094238,3.17251,92.93000030517578,,,,,,,739.2,5.686153846,739.2,5.686153846,,,,,,,,,,,,,,,,,,,"Oneil Cruz","21711",665833
"Josh Naylor","SEA",144,623,560,154,101,31,0,22,72,96,51,6,89,5,6,0,,19,2,0.275665,0.0820513,0.14359,0.571429,0.338462,0.45057,0.337778,0.789032,0.174905,4.31877,0.290398,0,1.96328,86.1175,12.5053,123.758,1.96328,1.0395,19.408174872398376,-10.335500001907349,3.1221,67.45999908447266,,,,,,,797.6,5.538888888,797.6,5.538888888,,,,,,,,,,,,,,,,,,,"Josh Naylor","18839",647304
"Rafael Devers","SFG",159,686,592,151,85,34,1,31,92,95,84,11,166,6,4,0,,2,1,0.255245,0.122172,0.241327,0.50625,0.351433,0.473776,0.351403,0.825209,0.218531,2.70689,0.300518,0,-1.0891,102.415,21.3587,128.701,-1.0891,-1.16704,22.246432542800903,-14.667039513587952,3.11058,61.619998931884766,,,,,,,920.3,5.788050314,920.3,5.788050314,,,,,,,,,,,,,,,,,,,"Rafael Devers","17350",646240
"Bryson Stott","PHI",141,609,542,141,100,24,3,14,75,67,56,1,100,3,6,2,,25,4,0.260355,0.0912281,0.164912,0.553191,0.329225,0.392505,0.31598,0.72173,0.13215,5.83519,0.293103,0,2.12069,73.4044,1.44636,100.431,2.12069,5.42809,2.4320098757743835,7.703094959259033,3.10996,181.44000244140625,,,,,,,679.2,4.817021276,679.2,4.817021276,,,,,,,,,,,,,,,,,,,"Bryson Stott","26294",681082
"Michael Busch","CHC",139,602,529,135,76,28,3,28,84,88,61,2,148,9,3,0,,4,0,0.254369,0.100683,0.245734,0.409722,0.33959,0.475728,0.350648,0.815319,0.221359,4.55074,0.299712,0,-0.127627,89.5051,18.3742,127.583,-0.127627,1.49878,19.55242909491062,-9.301224708557129,3.09801,106.45999908447266,,,,,,,806.1,5.799280575,806.1,5.799280575,,,,,,,,,,,,,,,,,,,"Michael Busch","26319",683737
"Ian Happ","CHC",152,658,569,139,82,34,1,23,83,83,80,2,155,5,4,0,,8,3,0.245009,0.120879,0.235479,0.513333,0.340659,0.428312,0.335282,0.768972,0.183303,3.76544,0.295039,0,-0.700577,89.6219,11.8742,117.056,-0.700577,2.61144,12.600922286510468,-4.538560152053833,3.06469,184.86000061035156,,,,,,,791.7,5.208552631,791.7,5.208552631,,,,,,,,,,,,,,,,,,,"Ian Happ","17919",664023
"Jazz Chisholm Jr.","NYY",139,602,531,128,78,19,2,29,80,95,61,2,159,6,3,1,,31,8,0.24109,0.101664,0.264325,0.384615,0.324074,0.448637,0.333555,0.772711,0.207547,5.97761,0.286174,0,2.10129,81.1508,10.0199,115.446,2.10129,-5.814,13.060534954071045,-3.863999605178833,3.06082,19.520000457763672,,,,,,,762.4,5.484892086,762.4,5.484892086,,,,,,,,,,,,,,,,,,,"Jazz Chisholm Jr.","20454",665862
"Taylor Ward","BAL",152,658,574,142,83,29,2,28,82,90,72,0,159,6,7,0,,6,2,0.246628,0.109244,0.242017,0.451389,0.332773,0.44894,0.338475,0.781713,0.202312,3.60664,0.289326,0,-0.858472,91.3279,13.5801,119.151,-0.858472,0.319469,13.993586838245392,-6.730531632900238,3.0602,148.42999267578125,,,,,,,819.7,5.392763157,819.7,5.392763157,,,,,,,,,,,,,,,,,,,"Taylor Ward","17548",621493
"Gleyber Torres","DET",152,658,572,148,103,26,1,18,83,72,74,1,117,4,6,1,,6,3,0.259124,0.112698,0.177778,0.633929,0.344992,0.40146,0.328296,0.746452,0.142336,3.47195,0.294118,0,-1.22267,85.89,8.14227,110.444,-1.22267,-2.04403,6.876922011375427,0.3059730529785156,3.052,261.510009765625,,,,,,,744.1,4.895394736,744.1,4.895394736,,,,,,,,,,,,,,,,,,,"Gleyber Torres","16997",650402
"Ezequiel Tovar","COL",151,651,604,161,99,37,5,20,79,77,34,0,161,4,5,5,,8,5,0.266409,0.0519713,0.247312,0.210145,0.306859,0.442085,0.321768,0.748944,0.175676,4.90494,0.3297,0,-1.17888,81.5258,4.60509,92.3535,-1.17888,8.1468,-7.078680515289307,15.121799945831299,3.03889,209.22999572753906,,,,,,,736.6,4.878145695,736.6,4.878145695,,,,,,,,,,,,,,,,,,,"Ezequiel Tovar","24064",678662
"Trevor Story","BOS",154,665,619,160,100,35,2,22,83,92,35,2,186,6,4,1,,24,1,0.258893,0.0533088,0.279412,0.190789,0.303867,0.43083,0.315687,0.734697,0.171937,6.2832,0.333333,0,3.46911,79.9957,1.42081,97.8124,3.46911,-2.06731,1.7545320987701416,5.0576865673065186,3.03873,111.33000183105469,,,,,,,762.5,4.951298701,762.5,4.951298701,,,,,,,,,,,,,,,,,,,"Trevor Story","12564",596115
"Nick Kurtz","ATH",143,616,538,139,75,31,1,33,96,107,72,3,170,3,3,0,,2,1,0.258824,0.116438,0.275685,0.42236,0.347603,0.501961,0.362847,0.849563,0.243137,3.12541,0.314642,0,-0.977953,97.6876,24.9025,131.676,-0.977953,-2.34958,22.019653499126434,-13.549582719802856,3.0358,19.8700008392334,,,,,,,872.2,6.099300699,872.2,6.099300699,,,,,,,,,,,,,,,,,,,"Nick Kurtz","35110",701762
"Brendan Donovan","SEA",130,560,491,130,92,26,1,11,67,59,52,2,83,11,4,1,,4,3,0.264887,0.0936937,0.147748,0.634146,0.34657,0.390144,0.324935,0.736714,0.125257,3.20115,0.296482,0,-1.44491,71.5699,5.40157,114.911,-1.44491,0.281739,8.396780729293823,1.7817391455173492,3.01339,268.5799865722656,,,,,,,609.7,4.69,609.7,4.69,,,,,,,,,,,,,,,,,,,"Brendan Donovan","24679",680977
"Xavier Edwards","MIA",139,602,538,152,121,22,4,4,72,52,52,1,82,2,4,5,,28,6,0.282609,0.0865724,0.136042,0.636364,0.345811,0.363636,0.3143,0.709447,0.0810277,6.06922,0.324009,0,1.76582,71.7395,0.608609,99.5499,1.76582,5.69945,1.4446885883808136,7.849454879760742,3.00009,182.42999267578125,,,,,,,635.8,4.574100719,635.8,4.574100719,,,,,,,,,,,,,,,,,,,"Xavier Edwards","22266",669364
"Jeff McNeil","ATH",134,581,515,143,95,32,4,13,65,63,47,2,68,12,5,2,,5,1,0.277904,0.0808081,0.117172,0.689655,0.348884,0.428246,0.337965,0.77713,0.150342,4.17683,0.296791,0,-0.541249,80.4001,11.7505,114.536,-0.541249,-1.73714,9.412559390068054,-0.1621384620666504,2.99238,440.5199890136719,,,,,,,707.3,5.278358208,707.3,5.278358208,,,,,,,,,,,,,,,,,,,"Jeff McNeil","15362",643446
"Andy Pages","LAD",141,609,554,143,87,30,2,24,75,84,37,0,136,10,6,1,,9,4,0.257463,0.0611205,0.224109,0.272727,0.312925,0.447761,0.327505,0.760686,0.190299,4.37557,0.297158,0,-0.71993,79.103,7.14495,110.446,-0.71993,0.0945906,6.819926559925079,1.9695904850959778,2.97229,133.4199981689453,,,,,,,717.7,5.090070921,717.7,5.090070921,,,,,,,,,,,,,,,,,,,"Andy Pages","24816",681624
"Dillon Dingler","DET",109,429,392,95,60,20,2,13,48,60,28,1,110,7,2,0,,1,1,0.242347,0.0652681,0.25641,0.254545,0.30303,0.403061,0.306925,0.706092,0.160714,3.14687,0.302583,0,-0.829688,48.5319,-2.1341,95.7223,-0.829688,8.80054,-2.991599202156067,17.175540924072266,2.96118,254.6199951171875,,,,,,,435.7,3.997247706,435.7,3.997247706,,,,,,,,,,,,,,,,,,,"Dillon Dingler","27464",693307
"Ben Rice","NYY",128,546,477,119,64,25,2,27,77,83,56,0,118,9,4,0,,4,2,0.248858,0.101796,0.215569,0.472222,0.335329,0.481735,0.351306,0.817064,0.232877,4.08462,0.271845,0,-0.869393,81.4408,16.9504,127.674,-0.869393,0.658125,16.93266600370407,-6.9168747663497925,2.94674,53.189998626708984,,,,,,,724.1,5.65703125,724.1,5.65703125,,,,,,,,,,,,,,,,,,,"Ben Rice","29576",700250
"Luis Robert Jr.","NYM",131,567,515,123,76,25,0,22,71,83,42,4,156,6,2,1,,28,7,0.239437,0.0746269,0.275053,0.271318,0.303419,0.415493,0.31031,0.718912,0.176056,5.14737,0.298932,0,1.79255,65.7316,-1.26379,101.458,1.79255,4.76308,2.772617518901825,6.5880773067474365,2.88776,105.63999938964844,,,,,,,630.7,4.814503816,630.7,4.814503816,,,,,,,,,,,,,,,,,,,"Luis Robert Jr.","20043",673357
"Jarren Duran","BOS",139,602,543,141,78,37,8,18,82,74,48,1,143,7,3,1,,22,5,0.260274,0.0802469,0.237654,0.337662,0.327666,0.457192,0.337792,0.784858,0.196918,7.33066,0.321256,0,1.68,83.2215,12.0906,113.04,1.68,5.42274,10.932236075401306,-3.627263069152832,2.86729,64.04000091552734,,,,,,,761.5,5.478417266,761.5,5.478417266,,,,,,,,,,,,,,,,,,,"Jarren Duran","24617",680776
"Yandy Díaz","TBR",151,651,576,169,118,31,1,19,78,81,64,2,95,7,4,0,,2,1,0.293666,0.098472,0.14601,0.674419,0.368421,0.449136,0.355619,0.817557,0.15547,2.6009,0.322275,0,-1.24364,99.418,22.4973,128.634,-1.24364,0,20.726965308189392,-15.125,2.8656,138.63999938964844,,,,,,,858.6,5.686092715,858.6,5.686092715,,,,,,,,,,,,,,,,,,,"Yandy Diaz","16578",650490
"Iván Herrera","STL",139,594,514,141,96,24,1,19,75,78,63,1,118,12,5,0,,10,3,0.273632,0.105603,0.198276,0.532609,0.362069,0.437811,0.34947,0.79988,0.164179,4.14669,0.317726,0,-0.115721,87.6883,17.5499,127.131,-0.115721,0,18.972103022038937,-10.75,2.86182,178.42999267578125,,,,,,,765.1,5.504316546,765.1,5.504316546,,,,,,,,,,,,,,,,,,,"Ivan Herrera","20599",671056
"Brandon Nimmo","TEX",146,630,554,138,89,26,3,20,79,73,60,1,139,11,4,1,,8,1,0.25,0.095315,0.221325,0.430657,0.333333,0.419118,0.328804,0.752451,0.169118,4.75296,0.296675,0,0.163476,82.495,8.05564,112.45,0.163476,4.40459,9.408016040921211,-3.245412826538086,2.84901,145.4600067138672,,,,,,,724.7,4.96369863,724.7,4.96369863,,,,,,,,,,,,,,,,,,,"Brandon Nimmo","12927",607043
"Jonathan Aranda","TBR",141,609,533,144,98,26,0,20,80,81,60,3,152,11,5,0,,1,1,0.26972,0.0979955,0.249443,0.392857,0.351893,0.43257,0.341614,0.784463,0.16285,2.12253,0.337037,0,-1.37659,86.0791,14.1211,118.987,-1.37659,6.37342,12.251728653907776,-5.401578426361084,2.84541,195.60000610351562,,,,,,,748.9,5.311347517,748.9,5.311347517,,,,,,,,,,,,,,,,,,,"Jonathan Aranda","21837",666018
"Caleb Durbin","BOS",130,560,492,128,85,31,2,10,75,65,40,0,56,20,3,4,,23,7,0.260181,0.0715706,0.0994036,0.72,0.338677,0.393665,0.323681,0.732343,0.133484,6.0085,0.274611,0,0.98493,70.9995,4.83122,103.319,0.98493,3.29143,3.175823390483856,5.291428565979004,2.83831,219.8300018310547,,,,,,,624.2,4.801538461,624.2,4.801538461,,,,,,,,,,,,,,,,,,,"Caleb Durbin","29646",702332
"Brenton Doyle","COL",138,595,548,136,87,25,5,19,75,72,36,0,160,3,5,2,,20,3,0.248447,0.0610687,0.269084,0.22695,0.296935,0.416149,0.307961,0.713084,0.167702,6.51369,0.31307,0,1.8532,67.8428,-2.46099,82.8953,1.8532,15.9975,-10.2090345621109,18.1225004196167,2.835,166.25,,,,,,,639.8,4.636231884,639.8,4.636231884,,,,,,,,,,,,,,,,,,,"Brenton Doyle","25479",686668
"Otto Lopez","MIA",141,609,558,149,109,24,5,11,71,69,41,1,91,5,3,1,,15,6,0.26749,0.0679245,0.149057,0.455696,0.321361,0.388889,0.310458,0.71025,0.121399,5.26789,0.3,0,-0.381729,70.674,-1.28404,96.918,-0.381729,3.49701,-2.606319338083267,10.022007465362549,2.83173,229.16000366210938,,,,,,,627.6,4.451063829,627.6,4.451063829,,,,,,,,,,,,,,,,,,,"Otto Lopez","19608",672640
"CJ Abrams","WSN",146,630,573,146,91,31,5,19,89,73,38,2,119,14,4,1,,31,6,0.254799,0.0603175,0.188889,0.319328,0.314785,0.425829,0.32017,0.740614,0.17103,7.28928,0.289294,0,2.81206,78.0788,3.63942,104.932,2.81206,-5.81495,6.4948203563690186,0.18505287170410156,2.82793,65,,,,,,,739.7,5.066438356,739.7,5.066438356,,,,,,,,,,,,,,,,,,,"CJ Abrams","25768",682928
"Jacob Wilson","ATH",143,616,571,164,117,34,1,12,75,85,33,1,47,7,2,2,,6,2,0.288172,0.0537849,0.0756972,0.710526,0.334,0.417204,0.32696,0.751204,0.129032,3.76207,0.295943,0,-0.806748,79.7394,6.95428,106.955,-0.806748,-4.33382,4.2426638007164,2.1661763191223145,2.82491,196.44000244140625,,,,,,,690.3,4.827272727,690.3,4.827272727,,,,,,,,,,,,,,,,,,,"Jacob Wilson","33266",805779
"Seiya Suzuki","CHC",131,567,497,130,75,25,4,25,71,84,61,2,142,3,6,0,,7,4,0.26087,0.107794,0.250415,0.430464,0.341625,0.480151,0.351868,0.821776,0.219282,4.33977,0.310924,0,-1.13016,84.8629,17.8675,128.418,-1.13016,-1.24389,17.967262148857117,-9.318887829780579,2.81488,113.43000030517578,,,,,,,755.4,5.766412213,755.4,5.766412213,,,,,,,,,,,,,,,,,,,"Seiya Suzuki","30116",673548
"Kyle Schwarber","PHI",159,686,573,127,63,21,1,42,99,108,102,5,198,8,3,0,,6,2,0.221223,0.148649,0.288288,0.515625,0.345345,0.482014,0.355161,0.82736,0.260791,3.53092,0.251534,0,-0.715982,104.508,23.4517,127.271,-0.715982,0,21.457157969474792,-16.94999885559082,2.79626,24.690000534057617,,,,,,,935.4,5.883018867,935.4,5.883018867,,,,,,,,,,,,,,,,,,,"Kyle Schwarber","16478",656941
"Austin Wells","NYY",117,461,410,95,53,21,1,19,50,69,40,0,113,5,6,0,,5,1,0.231343,0.0862832,0.245575,0.351351,0.303097,0.430348,0.316482,0.733446,0.199005,3.67134,0.266187,0,-0.0441781,55.8018,1.28382,103.685,-0.0441781,0.676588,1.9596368856728077,9.37658804655075,2.78463,246.13999938964844,,,,,,,508.9,4.349572649,508.9,4.349572649,,,,,,,,,,,,,,,,,,,"Austin Wells","27562",669224
"Matt Wallner","MIN",110,476,409,98,49,23,3,23,61,67,52,1,149,13,2,0,,5,2,0.240826,0.110236,0.312992,0.352201,0.344488,0.483945,0.357032,0.828433,0.243119,4.53893,0.314961,0,-0.578918,73.2388,16.9957,129.732,-0.578918,0.0816279,16.101419508457184,-5.318372189998627,2.77944,340.5899963378906,,,,,,,638.7,5.806363636,638.7,5.806363636,,,,,,,,,,,,,,,,,,,"Matt Wallner","26466",670242
"Wilyer Abreu","BOS",120,518,455,111,64,25,1,21,69,73,56,3,130,2,5,0,,8,3,0.24505,0.108696,0.25,0.434783,0.328261,0.445545,0.332777,0.773805,0.200495,4.01208,0.291971,0,-0.594945,69.5,8.29428,109.585,-0.594945,9.0149,5.257029116153717,3.3649020195007324,2.70623,199.89999389648438,,,,,,,623,5.191666666,623,5.191666666,,,,,,,,,,,,,,,,,,,"Wilyer Abreu","23772",677800
"Konnor Griffin","PIT",109,469,421,108,74,19,2,12,76,64,28,1,119,17,2,2,,24,7,0.255639,0.0590219,0.254637,0.231788,0.324873,0.396617,0.316924,0.72149,0.140977,7.30324,0.327913,0,1.05244,56.8892,1.47322,100.805,1.05244,4.08045,1.4997815191745758,9.105451107025146,2.68151,999,,,,,,,524.1,4.80825688,524.1,4.80825688,,,,,,,,,,,,,,,,,,,"Konnor Griffin","sa3065496",804606
"J.T. Realmuto","PHI",126,500,452,115,75,23,3,14,58,57,35,1,119,9,3,0,,8,2,0.255034,0.0708502,0.238866,0.29661,0.319838,0.41387,0.31923,0.733708,0.158837,5.01849,0.314465,0,0.00867011,61.5608,2.50563,102.657,0.00867011,-1.52122,1.5827787071466446,7.9287803173065186,2.67445,212.27000427246094,,,,,,,549,4.357142857,549,4.357142857,,,,,,,,,,,,,,,,,,,"J.T. Realmuto","11739",592663
"Jung Hoo Lee","SFG",143,616,561,151,104,30,8,10,69,63,46,1,60,6,2,1,,7,5,0.269777,0.0739372,0.0979667,0.754717,0.32963,0.405679,0.320698,0.735309,0.135903,5.01179,0.286374,0,-1.51358,76.6075,3.82235,107.667,-1.51358,6.53063,4.083847165107727,1.3306255340576172,2.65081,339.44000244140625,,,,,,,666.5,4.66083916,666.5,4.66083916,,,,,,,,,,,,,,,,,,,"Jung Hoo Lee","33824",808982
"Francisco Alvarez","NYM",110,438,388,90,52,16,1,21,52,64,43,1,120,6,2,0,,1,0,0.232143,0.0970655,0.273138,0.355372,0.316027,0.438776,0.327023,0.754803,0.206633,2.86547,0.277778,0,-0.461712,56.7463,4.96962,112.908,-0.461712,-1.97259,6.2420461773872375,5.0274118185043335,2.64462,165.25,,,,,,,514.4,4.676363636,514.4,4.676363636,,,,,,,,,,,,,,,,,,,"Francisco Alvarez","26121",682626
"J.P. Crawford","SEA",136,588,508,123,87,23,1,12,65,55,68,1,111,5,3,4,,5,1,0.241715,0.116162,0.188552,0.616071,0.335593,0.360624,0.310886,0.696217,0.118908,3.5198,0.285714,0,-0.467615,68.4413,-1.0354,105.233,-0.467615,-3.90159,3.159109115600586,2.3984057903289795,2.6392,748.5399780273438,,,,,,,591.7,4.350735294,591.7,4.350735294,,,,,,,,,,,,,,,,,,,"J.P. Crawford","15491",641487
"Joey Ortiz","MIL",146,630,569,144,95,31,5,12,81,70,46,0,111,6,4,5,,14,5,0.252747,0.0734127,0.176587,0.41573,0.314,0.391209,0.308538,0.705209,0.138462,5.83454,0.292479,0,-0.271334,72.129,-2.31036,97.6984,-0.271334,0,-1.9899027049541473,6.75,2.63151,743.4400024414062,,,,,,,637.2,4.364383561,637.2,4.364383561,,,,,,,,,,,,,,,,,,,"Joey Ortiz","25493",687401
"Mike Trout","LAA",130,560,469,109,63,19,1,26,75,73,80,7,174,7,4,0,,2,0,0.233161,0.143167,0.310195,0.461538,0.35141,0.443005,0.343096,0.794415,0.209845,3.40543,0.306667,0,-0.460388,79.8271,13.6588,119.712,-0.460388,0,12.550029456615448,-6.199999809265137,2.62169,178.44000244140625,,,,,,,711.4,5.472307692,711.4,5.472307692,,,,,,,,,,,,,,,,,,,"Mike Trout","10155",545361
"Alec Bohm","PHI",141,609,556,156,107,30,2,16,69,79,40,2,93,5,8,0,,3,1,0.28125,0.0659537,0.153298,0.430233,0.331551,0.431641,0.329079,0.763191,0.150391,3.33486,0.308612,0,-0.789366,79.8811,7.9231,109.404,-0.789366,-2.4012,5.998688876628876,-0.8261997699737549,2.60222,239.8699951171875,,,,,,,704.3,4.99503546,704.3,4.99503546,,,,,,,,,,,,,,,,,,,"Alec Bohm","21618",664761
"Randy Arozarena","SEA",157,679,586,140,87,30,1,22,88,78,67,1,178,22,4,0,,27,7,0.238434,0.0983103,0.262673,0.374269,0.336406,0.405694,0.327149,0.742099,0.16726,5.39501,0.302139,0,1.28384,87.999,7.76995,116.436,1.28384,-5.265,14.437439918518066,-12.739999771118164,2.56472,89.37999725341797,,,,,,,796.2,5.071337579,796.2,5.071337579,,,,,,,,,,,,,,,,,,,"Randy Arozarena","19290",668227
"Jared Triolo","PIT",117,504,445,110,77,22,3,8,60,46,52,1,114,3,2,1,,15,3,0.247423,0.102506,0.225513,0.454545,0.328767,0.365979,0.307815,0.694747,0.118557,5.92077,0.31338,0,0.710487,57.4074,-2.14412,94.565,0.710487,7.57662,-2.5360628366470337,10.676615476608276,2.54848,735.5399780273438,,,,,,,512.2,4.377777777,512.2,4.377777777,,,,,,,,,,,,,,,,,,,"Jared Triolo","25807",669707
"Lawrence Butler","ATH",134,581,525,129,79,28,2,21,78,80,51,0,152,1,3,1,,18,5,0.245779,0.0881356,0.261017,0.337662,0.312394,0.424015,0.319661,0.736409,0.178236,5.35875,0.304709,0,0.664103,71.7656,3.11601,101.927,0.664103,7.13461,1.9834725856781006,2.9096121788024902,2.54657,157.22000122070312,,,,,,,663.6,4.952238805,663.6,4.952238805,,,,,,,,,,,,,,,,,,,"Lawrence Butler","22542",671732
"Bo Naylor","CLE",115,454,398,87,47,22,1,17,57,55,49,1,108,2,3,2,,3,2,0.218421,0.108295,0.237327,0.456311,0.305556,0.405263,0.309593,0.710819,0.186842,3.35966,0.253788,0,-0.872145,52.4135,-1.27732,98.9953,-0.872145,1.58971,-1.4102323651313782,10.464707374572754,2.52652,574.2899780273438,,,,,,,471.6,4.100869565,471.6,4.100869565,,,,,,,,,,,,,,,,,,,"Bo Naylor","21865",666310
"Willson Contreras","BOS",141,609,526,134,78,33,1,21,73,85,57,1,152,23,3,1,,5,1,0.254808,0.093361,0.248963,0.375,0.351351,0.444712,0.347721,0.796063,0.189904,3.57629,0.316726,0,-0.54093,89.0985,17.1405,119.88,-0.54093,1.33856,13.728160977363586,-10.136441111564636,2.51203,168.1999969482422,,,,,,,769.9,5.460283687,769.9,5.460283687,,,,,,,,,,,,,,,,,,,"Willson Contreras","11609",575929
"Jake Cronenworth","SDP",146,630,538,128,83,27,4,15,75,68,70,1,125,14,6,2,,5,2,0.238612,0.111111,0.198148,0.560748,0.33829,0.386117,0.320577,0.724407,0.147505,4.14316,0.280347,0,-1.11588,78.2869,3.84757,108.929,-1.11588,-3.456,5.551596999168396,-2.005999803543091,2.50726,738.2999877929688,,,,,,,676.8,4.635616438,676.8,4.635616438,,,,,,,,,,,,,,,,,,,"Jake Cronenworth","18036",630105
"Jordan Westburg","BAL",99,427,394,101,60,21,2,17,61,59,27,0,98,5,1,0,,4,2,0.255814,0.0622318,0.229614,0.271028,0.311159,0.451163,0.328968,0.762322,0.195349,4.53996,0.298361,0,-0.628408,55.9702,5.51683,112.602,-0.628408,3.73902,5.713846981525421,4.0640175342559814,2.50405,646.8400268554688,,,,,,,501.7,5.067676767,501.7,5.067676767,,,,,,,,,,,,,,,,,,,"Jordan Westburg","27815",676059
"Ramón Laureano","SDP",128,553,496,122,71,26,2,22,73,76,42,1,154,12,2,0,,9,4,0.246231,0.0765766,0.279279,0.274194,0.31982,0.444724,0.330635,0.764543,0.198492,4.84361,0.310078,0,-0.608698,73.2345,7.89327,115.82,-0.608698,2.23855,9.759835362434387,-3.6864540576934814,2.50377,224.47999572753906,,,,,,,648.7,5.06796875,648.7,5.06796875,,,,,,,,,,,,,,,,,,,"Ramon Laureano","17128",657656
"Royce Lewis","MIN",133,574,524,130,81,27,0,23,65,81,41,1,123,3,6,0,,14,3,0.248649,0.0716049,0.214815,0.333333,0.303704,0.42973,0.315565,0.733433,0.181081,4.08972,0.280443,0,0.859752,68.9921,1.1696,101.167,0.859752,1.35771,1.6490066051483154,3.00771427154541,2.49774,193.64999389648438,,,,,,,648.7,4.877443609,648.7,4.877443609,,,,,,,,,,,,,,,,,,,"Royce Lewis","20437",668904
"Colson Montgomery","CHW",139,602,542,118,69,19,3,26,73,94,48,1,185,9,2,0,,2,1,0.2173,0.0798479,0.307985,0.259259,0.290875,0.411392,0.304705,0.702267,0.194093,3.87165,0.274914,0,-0.834445,67.0495,-4.08145,94.1862,-0.834445,2.10086,-4.959499418735504,8.550856828689575,2.48734,254.75,,,,,,,607.4,4.369784172,607.4,4.369784172,,,,,,,,,,,,,,,,,,,"Colson Montgomery","29712",695657
"Sal Frelick","MIL",118,511,462,126,94,20,4,8,65,55,39,1,68,5,3,2,,15,4,0.273256,0.0770578,0.1331,0.578947,0.335677,0.387597,0.31782,0.723274,0.114341,5.98375,0.304147,0,0.300475,62.3553,1.9767,104.056,0.300475,8.48387,2.7571849822998047,3.8088693618774414,2.41121,216.39999389648438,,,,,,,548.9,4.651694915,548.9,4.651694915,,,,,,,,,,,,,,,,,,,"Sal Frelick","29622",686217
"Max Muncy","LAD",105,455,374,81,45,15,1,21,61,62,69,2,115,7,5,0,,2,0,0.218023,0.152745,0.252983,0.603774,0.346062,0.430233,0.338626,0.776295,0.212209,3.5174,0.25,0,-0.347041,63.2079,9.44614,118.064,-0.347041,-2.40686,9.394141644239426,-1.0818572044372559,2.39925,234.3699951171875,,,,,,,558,5.314285714,558,5.314285714,,,,,,,,,,,,,,,,,,,"Max Muncy","13301",571970
"Yainer Diaz","HOU",130,517,487,131,88,23,2,18,57,68,23,1,90,3,5,0,,1,1,0.269871,0.043554,0.174216,0.25,0.303136,0.436229,0.317112,0.739365,0.166359,2.5852,0.295775,0,-0.931615,62.766,1.70209,103.565,-0.931615,-3.21766,1.240146517753601,4.382344722747803,2.39513,113.04000091552734,,,,,,,571,4.392307692,571,4.392307692,,,,,,,,,,,,,,,,,,,"Yainer Diaz","23003",673237
"Jakob Marsee","MIA",134,581,496,117,74,24,5,14,72,68,68,0,118,7,3,7,,33,12,0.236364,0.11646,0.203416,0.572519,0.334906,0.389091,0.320546,0.723997,0.152727,6.77521,0.282555,0,0.890444,72.183,3.5334,103.828,0.890444,-1.36277,3.5265421271324158,0.41222965717315674,2.38069,137.0800018310547,,,,,,,643,4.798507462,643,4.798507462,,,,,,,,,,,,,,,,,,,"Jakob Marsee","31370",805300
"Nolan Arenado","ARI",141,609,552,141,95,28,1,16,63,82,43,4,85,6,7,0,,4,1,0.255034,0.0709939,0.139959,0.507246,0.312373,0.39821,0.307243,0.710584,0.143177,3.09835,0.272237,0,-0.694369,69.0842,-2.87381,95.0722,-0.694369,4.5279,-4.25119411945343,6.5029003620147705,2.30339,638.0599975585938,,,,,,,626.7,4.444680851,626.7,4.444680851,,,,,,,,,,,,,,,,,,,"Nolan Arenado","9777",571448
"Kyle Stowers","MIA",112,483,425,106,59,22,3,22,59,71,46,2,134,7,4,0,,3,1,0.249383,0.0956522,0.278261,0.34375,0.330435,0.471605,0.343542,0.80204,0.222222,4.18258,0.307692,0,-0.527828,69.0257,11.9555,119.582,-0.527828,0.807322,10.681742131710052,-4.367677867412567,2.29012,164.42999267578125,,,,,,,618.2,5.519642857,618.2,5.519642857,,,,,,,,,,,,,,,,,,,"Kyle Stowers","26151",669065
"Munetaka Murakami","CHW",136,588,494,118,72,19,0,27,76,80,85,6,202,6,4,0,,9,5,0.238095,0.144,0.344,0.418605,0.354,0.440476,0.344766,0.794476,0.202381,3.15344,0.337719,0,-1.07732,84.6154,15.1387,121.783,-1.07732,-1.72125,14.018783330917358,-12.071250438690186,2.26986,999,,,,,,,751.8,5.527941176,751.8,5.527941176,,,,,,,,,,,,,,,,,,,"Munetaka Murakami","37120",808959
"Mike Yastrzemski","ATL",110,476,410,96,52,23,2,18,65,55,56,2,115,4,3,2,,4,2,0.233415,0.118644,0.241525,0.491228,0.329787,0.432432,0.330664,0.76222,0.199017,4.14206,0.276978,0,-0.751534,63.0485,6.80544,111.63,-0.751534,5.346,5.809644937515259,0.24599981307983398,2.23985,656.0999755859375,,,,,,,556.9,5.062727272,556.9,5.062727272,,,,,,,,,,,,,,,,,,,"Mike Yastrzemski","14854",573262
"Teoscar Hernández","LAD",138,595,548,145,88,28,1,27,74,95,37,1,159,6,4,0,,6,2,0.265385,0.0619469,0.267257,0.231788,0.316814,0.471154,0.337456,0.787968,0.205769,3.69574,0.322767,0,-0.46088,82.0913,11.7875,117.262,-0.46088,-3.39261,11.712401807308197,-9.767608642578125,2.22433,125.41999816894531,,,,,,,739.5,5.358695652,739.5,5.358695652,,,,,,,,,,,,,,,,,,,"Teoscar Hernandez","13066",606192
"Jake Meyers","HOU",109,469,422,103,73,19,2,9,54,43,37,0,101,6,2,2,,12,3,0.244505,0.0790123,0.214815,0.367816,0.312655,0.365385,0.299825,0.67804,0.120879,5.24533,0.298893,0,0.128866,50.3782,-5.03778,91.6574,0.128866,8.27847,-4.4826870411634445,9.953474760055542,2.21128,738.1500244140625,,,,,,,449.3,4.122018348,449.3,4.122018348,,,,,,,,,,,,,,,,,,,"Jake Meyers","20308",676694
"Alec Burleson","STL",139,602,548,152,104,26,2,20,66,78,44,0,86,5,5,1,,6,1,0.277207,0.0728972,0.142056,0.513158,0.333333,0.443532,0.33647,0.776865,0.166324,3.66675,0.29471,0,-0.338406,82.5752,11.4442,118.226,-0.338406,-0.544596,12.665472120046616,-11.344595968723297,2.18433,175.19000244140625,,,,,,,733.6,5.277697841,733.6,5.277697841,,,,,,,,,,,,,,,,,,,"Alec Burleson","27615",676475
"Brandon Marsh","PHI",115,497,438,114,74,22,3,14,61,59,49,1,139,2,5,2,,11,3,0.259169,0.0991379,0.280172,0.353846,0.333333,0.420538,0.3275,0.753871,0.161369,5.3996,0.343173,0,0.00605604,64.5531,5.82876,108.323,0.00605604,3.80581,4.908510413952172,-0.11919116973876953,2.18178,609.72998046875,,,,,,,578.4,5.029565217,578.4,5.029565217,,,,,,,,,,,,,,,,,,,"Brandon Marsh","20202",669016
"Isaac Paredes","HOU",115,497,425,101,61,19,1,20,55,68,57,0,87,12,3,0,,0,1,0.238095,0.114815,0.174074,0.659574,0.342593,0.430736,0.339257,0.773328,0.192641,1.77401,0.252149,0,-1.23362,69.2971,10.5727,118.82,-1.23362,-0.7056,9.790773391723633,-5.580600023269653,2.1809,243.60000610351562,,,,,,,593.6,5.16173913,593.6,5.16173913,,,,,,,,,,,,,,,,,,,"Isaac Paredes","20036",670623
"Ryan Jeffers","MIN",130,523,459,111,70,25,1,15,56,58,49,1,110,11,2,1,,2,1,0.242588,0.0945626,0.210402,0.449438,0.329384,0.398922,0.320279,0.728306,0.156334,2.84391,0.286765,0,-0.868482,64.8391,3.06627,104.414,-0.868482,-3.348,1.8513726592063904,1.251999855041504,2.15852,298.05999755859375,,,,,,,562.8,4.329230769,562.8,4.329230769,,,,,,,,,,,,,,,,,,,"Ryan Jeffers","24618",680777
"Colton Cowser","BAL",117,504,444,105,64,22,1,18,64,64,48,1,158,8,3,0,,14,3,0.235849,0.0956341,0.313929,0.304636,0.320166,0.410377,0.319235,0.730544,0.174528,5.20188,0.320463,0,0.648449,62.0802,2.52869,105.897,0.648449,-2.40992,4.151404857635498,-0.609917402267456,2.13714,251.72000122070312,,,,,,,568.9,4.862393162,568.9,4.862393162,,,,,,,,,,,,,,,,,,,"Colton Cowser","29591",681297
"Carson Kelly","CHC",94,373,330,78,52,14,1,11,41,46,34,0,76,5,3,0,,2,0,0.235849,0.091922,0.203343,0.452055,0.314763,0.386792,0.308696,0.701556,0.150943,3.54977,0.270042,0,-0.188004,42.7526,-1.32023,98.8438,-0.188004,2.79529,-0.6991249322891235,9.145293951034546,2.13383,591.9099731445312,,,,,,,377.3,4.013829787,377.3,4.013829787,,,,,,,,,,,,,,,,,,,"Carson Kelly","13620",608348
"Chase Meidroth","CHW",130,560,481,120,94,18,1,7,67,47,64,0,86,10,2,2,,13,4,0.25,0.114754,0.153005,0.75,0.349177,0.336864,0.311424,0.686042,0.0868644,4.54062,0.289817,0,-0.129897,65.4268,-0.74149,98.8151,-0.129897,0,-0.9119507819414139,2.450000047683716,2.12936,646.8699951171875,,,,,,,550.2,4.232307692,550.2,4.232307692,,,,,,,,,,,,,,,,,,,"Chase Meidroth","31580",805367
"Harrison Bader","SFG",120,518,472,117,81,20,1,15,64,59,33,0,124,8,5,0,,15,7,0.248744,0.0640732,0.240275,0.266667,0.306636,0.394472,0.30612,0.701109,0.145729,4.86229,0.302817,0,-0.636626,58.2891,-2.91658,97.6807,-0.636626,3.78568,-2.060530722141266,5.635684132575989,2.12904,554.3099975585938,,,,,,,519.8,4.331666666,519.8,4.331666666,,,,,,,,,,,,,,,,,,,"Harrison Bader","18030",664056
"Jose Altuve","HOU",144,623,560,148,100,27,1,20,80,70,53,3,111,7,3,0,,12,4,0.264706,0.0846561,0.178131,0.475248,0.333333,0.423529,0.328555,0.756863,0.158824,4.33188,0.296954,0,-0.412594,81.4526,7.84033,111.449,-0.412594,-8.26565,7.993916302919388,-8.640654504299164,2.12768,116.5199966430664,,,,,,,732.4,5.086111111,732.4,5.086111111,,,,,,,,,,,,,,,,,,,"Jose Altuve","5417",514888
"George Springer","TOR",138,595,522,134,87,23,2,22,86,77,63,1,116,7,3,0,,13,2,0.255717,0.105839,0.195255,0.542056,0.341241,0.432432,0.337383,0.773673,0.176715,5.16684,0.288515,0,0.691553,82.0561,11.7523,117.558,0.691553,0,13.00446093082428,-12.774999618530273,2.11873,94.37999725341797,,,,,,,742.4,5.379710144,742.4,5.379710144,,,,,,,,,,,,,,,,,,,"George Springer","12856",543807
"Justin Crawford","PHI",123,532,484,138,105,22,4,7,83,55,37,0,108,2,2,7,,29,8,0.286013,0.0702087,0.203036,0.345794,0.338462,0.392484,0.321042,0.730946,0.106472,7.17723,0.354223,0,1.59481,66.3096,3.44971,103.899,1.59481,-2.92662,4.052990078926086,-1.1266231536865234,2.11031,999,,,,,,,590.9,4.80406504,590.9,4.80406504,,,,,,,,,,,,,,,,,,,"Justin Crawford","31791",702222
"Spencer Torkelson","DET",147,637,559,133,72,30,1,30,84,93,66,3,164,7,5,0,,2,0,0.237077,0.103286,0.258216,0.4,0.322379,0.454545,0.333989,0.776924,0.217469,3.04921,0.277628,0,-0.535756,86.0932,10.8267,114.366,-0.535756,-0.274974,10.249647617340088,-11.899973690509796,2.0743,188.35000610351562,,,,,,,783.3,5.328571428,783.3,5.328571428,,,,,,,,,,,,,,,,,,,"Spencer Torkelson","27465",679529
"Eugenio Suárez","CIN",141,609,536,128,67,23,1,37,80,103,54,1,188,11,8,0,,3,1,0.238361,0.0885246,0.308197,0.287234,0.316393,0.49162,0.34397,0.808014,0.253259,3.09894,0.284375,0,-0.673231,87.2438,15.2858,116.335,-0.673231,0,11.117553651332855,-11.174999237060547,2.06714,97.91999816894531,,,,,,,798.9,5.665957446,798.9,5.665957446,,,,,,,,,,,,,,,,,,,"Eugenio Suarez","12552",553993
"Carlos Correa","HOU",131,567,511,131,89,24,1,17,62,62,50,2,117,3,3,0,,0,0,0.256729,0.0876866,0.20709,0.423423,0.324627,0.407867,0.319069,0.732494,0.151139,1.75173,0.300836,0,-0.92182,69.764,2.7686,104.914,-0.92182,-4.06884,2.3620660305023193,-1.7438371181488037,2.0599,281.2300109863281,,,,,,,616.7,4.707633587,616.7,4.707633587,,,,,,,,,,,,,,,,,,,"Carlos Correa","14162",621043
"Josh Smith","TEX",117,504,439,109,73,22,2,12,64,49,50,1,96,11,2,3,,10,4,0.249467,0.0983302,0.191095,0.514563,0.339552,0.392324,0.323652,0.731876,0.142857,4.73956,0.292958,0,-0.351123,63.8877,4.33622,108.901,-0.351123,-3.67496,4.936217218637466,-2.224958658218384,2.0522,428.9100036621094,,,,,,,550.2,4.702564102,550.2,4.702564102,,,,,,,,,,,,,,,,,,,"Josh Smith","26396",669701
"Lars Nootbaar","STL",115,497,429,104,66,21,2,15,63,51,61,2,102,3,4,1,,5,3,0.243011,0.122449,0.205937,0.594595,0.33829,0.404301,0.325591,0.742591,0.16129,3.92152,0.283626,0,-1.05687,63.783,5.0586,110.774,-1.05687,3.1524,5.289351224899292,-1.8726000785827637,2.04135,745.989990234375,,,,,,,559.8,4.867826086,559.8,4.867826086,,,,,,,,,,,,,,,,,,,"Lars Nootbaar","21454",663457
"Adolis García","PHI",141,609,553,137,80,28,1,28,78,92,42,1,156,7,7,0,,12,4,0.246988,0.0693431,0.255474,0.271429,0.304745,0.451807,0.324076,0.756552,0.204819,4.47313,0.289086,0,-0.21922,77.4071,5.44907,105.977,-0.21922,2.10358,4.09480819106102,-4.421417951583862,2.0396,213.99000549316406,,,,,,,722.9,5.126950354,722.9,5.126950354,,,,,,,,,,,,,,,,,,,"Adolis Garcia","19287",666969
"Anthony Volpe","NYY",109,469,425,98,57,24,3,14,55,56,35,0,115,4,3,2,,17,5,0.229803,0.0749186,0.245928,0.304636,0.292484,0.396768,0.299707,0.689252,0.166966,6.00311,0.280612,0,0.535888,50.3333,-5.08266,92.1291,0.535888,2.28505,-3.8149197101593018,7.310052871704102,2.00915,641.989990234375,,,,,,,477.4,4.379816513,477.4,4.379816513,,,,,,,,,,,,,,,,,,,"Anthony Volpe","27647",683011
"Connor Norby","MIA",115,497,454,117,76,24,2,15,69,61,34,0,133,5,4,0,,10,3,0.256842,0.0692308,0.267308,0.258993,0.313462,0.418947,0.317847,0.732409,0.162105,5.34477,0.32716,0,-0.0198349,60.6579,1.93351,101.979,-0.0198349,1.21566,1.1460967678576708,1.9406585693359375,2.00758,728.1400146484375,,,,,,,550.8,4.789565217,550.8,4.789565217,,,,,,,,,,,,,,,,,,,"Connor Norby","29592",681393
"Spencer Horwitz","PIT",115,497,436,118,76,30,1,12,60,55,53,1,89,6,3,0,,2,1,0.270925,0.106178,0.179537,0.591398,0.355212,0.422908,0.340864,0.77812,0.151982,2.86734,0.315341,0,-0.889563,69.9459,11.2216,117.205,-0.889563,2.7983,9.244867980480194,-6.276702880859375,1.99545,738.1500244140625,,,,,,,608.3,5.289565217,608.3,5.289565217,,,,,,,,,,,,,,,,,,,"Spencer Horwitz","26477",687462
"Miguel Vargas","CHW",139,602,524,125,74,32,2,17,85,65,66,0,111,7,5,0,,8,2,0.238589,0.110108,0.184116,0.598039,0.32852,0.406639,0.322367,0.735159,0.16805,4.6493,0.268293,0,-0.337142,75.6822,4.55122,106.353,-0.337142,-6.85366,4.17047592997551,-5.403663992881775,1.99373,303.0899963378906,,,,,,,668.6,4.810071942,668.6,4.810071942,,,,,,,,,,,,,,,,,,,"Miguel Vargas","20178",678246
"Sal Stewart","CIN",117,504,453,119,75,26,0,19,71,75,42,0,97,6,4,0,,11,2,0.263374,0.0831793,0.192237,0.432692,0.330869,0.444444,0.336127,0.775313,0.18107,4.47765,0.295082,0,0.667167,68.9926,9.44113,110.963,0.667167,4.18599,7.215874433517456,-4.51401424407959,1.99203,161.8699951171875,,,,,,,626.7,5.356410256,626.7,5.356410256,,,,,,,,,,,,,,,,,,,"Sal Stewart","31505",701398
"Evan Carter","TEX",110,476,415,99,64,18,6,11,61,55,51,1,111,8,2,0,,20,5,0.238356,0.107399,0.23389,0.459184,0.331742,0.391781,0.318716,0.723523,0.153425,7.28268,0.297297,0,1.42635,58.4309,2.18781,105.501,1.42635,-2.244,4.512449145317078,-1.4439998865127563,1.99014,280.4800109863281,,,,,,,530.2,4.82,530.2,4.82,,,,,,,,,,,,,,,,,,,"Evan Carter","27790",694497
"Heliot Ramos","SFG",147,637,572,148,97,27,2,22,79,80,48,2,148,12,5,0,,6,3,0.258681,0.074883,0.232449,0.322148,0.326053,0.427083,0.326675,0.753136,0.168403,3.8405,0.309756,0,-1.05181,82.3103,7.04388,111.761,-1.05181,-2.14863,7.827658653259277,-9.67363166809082,1.97946,218.8000030517578,,,,,,,736.3,5.008843537,736.3,5.008843537,,,,,,,,,,,,,,,,,,,"Heliot Ramos","22515",671218
"Addison Barger","TOR",120,518,468,115,66,29,1,19,62,75,44,2,123,4,2,0,,4,2,0.24569,0.0856031,0.237354,0.360656,0.315175,0.435345,0.324001,0.75052,0.189655,3.38464,0.292308,0,-0.757671,65.8093,4.60361,108.34,-0.757671,-0.0894627,4.334002137184143,-2.939462825655937,1.96678,193.08999633789062,,,,,,,590.4,4.92,590.4,4.92,,,,,,,,,,,,,,,,,,,"Addison Barger","24598",680718
"Denzel Clarke","ATH",110,476,424,96,61,20,5,10,62,56,38,0,160,10,3,1,,16,4,0.226866,0.0797872,0.335106,0.238095,0.304,0.370149,0.297457,0.674149,0.143284,7.50678,0.334975,0,1.01746,50.2147,-6.02832,86.6311,1.01746,7.61745,-6.48281466960907,9.317446947097778,1.96622,728.3300170898438,,,,,,,457.3,4.157272727,457.3,4.157272727,,,,,,,,,,,,,,,,,,,"Denzel Clarke","29858",672016
"Dylan Crews","WSN",109,469,422,101,69,16,4,13,62,52,34,0,107,9,3,0,,21,6,0.240099,0.0734967,0.227171,0.323529,0.309577,0.386139,0.305399,0.695715,0.14604,7.00519,0.290102,0,0.866882,52.5005,-2.91548,94.8131,0.866882,8.62505,-2.016333758831024,5.600053310394287,1.96312,282.2200012207031,,,,,,,487.1,4.468807339,487.1,4.468807339,,,,,,,,,,,,,,,,,,,"Dylan Crews","33541",686611
"Ha-Seong Kim","ATL",96,413,360,88,64,15,1,8,48,40,44,1,73,4,4,2,,16,4,0.244792,0.106576,0.176871,0.602564,0.330296,0.361979,0.307427,0.692275,0.117188,5.06259,0.282392,0,0.920525,46.912,-1.88711,95.7118,0.920525,2.1527,-1.178523600101471,6.57770299911499,1.95824,748.3800048828125,,,,,,,420.4,4.379166666,420.4,4.379166666,,,,,,,,,,,,,,,,,,,"Ha-Seong Kim","27506",673490
"Luis Arraez","SFG",144,623,579,180,141,30,3,7,71,63,31,2,25,4,4,6,,8,3,0.311258,0.0492308,0.04,1.23077,0.347826,0.407285,0.328928,0.755111,0.0960265,4.00321,0.314783,0,-0.78925,81.6412,8.02894,113.305,-0.78925,-9.477,9.034928739070892,-10.652000188827515,1.95522,280.04998779296875,,,,,,,710.7,4.935416666,710.7,4.935416666,,,,,,,,,,,,,,,,,,,"Luis Arraez","18568",650333
"Sean Murphy","ATL",94,383,334,74,42,16,0,17,42,48,38,1,104,9,2,0,,0,0,0.221875,0.0980926,0.27248,0.36,0.316076,0.41875,0.3207,0.734826,0.196875,1.16621,0.26699,0,-0.579019,47.6565,2.37845,104.804,-0.579019,3.46275,1.602790892124176,4.71274995803833,1.95056,746.0599975585938,,,,,,,427.6,4.54893617,427.6,4.54893617,,,,,,,,,,,,,,,,,,,"Sean Murphy","19352",669221
"Freddy Fermin","SDP",122,480,438,105,76,19,0,10,48,53,31,1,95,3,4,4,,1,1,0.24,0.0638298,0.197568,0.323077,0.291411,0.353333,0.282142,0.644744,0.113333,2.12088,0.281385,0,-1.01842,44.6685,-12.0472,82.6002,-1.01842,4.46327,-10.917158603668213,13.838265419006348,1.93277,735.3099975585938,,,,,,,400.2,3.280327868,400.2,3.280327868,,,,,,,,,,,,,,,,,,,"Freddy Fermin","21840",666023
"Tommy Edman","LAD",94,406,372,92,61,18,2,12,54,47,26,0,73,4,3,1,,10,1,0.248021,0.0652174,0.178744,0.364865,0.302663,0.401055,0.306103,0.703719,0.153034,5.90855,0.277027,0,0.957657,45.6805,-2.29151,95.785,0.957657,4.83223,-1.0705792307853699,6.332228660583496,1.92034,730.1199951171875,,,,,,,425.8,4.529787234,425.8,4.529787234,,,,,,,,,,,,,,,,,,,"Tommy Edman","19470",669242
"Ozzie Albies","ATL",146,630,570,143,94,28,2,18,77,75,47,1,96,6,6,0,,10,3,0.25046,0.075,0.151667,0.494505,0.311667,0.401473,0.310154,0.71314,0.151013,4.61742,0.269841,0,-0.160426,72.9554,-1.48392,97.5797,-0.160426,-2.4817,-1.9676373451948166,-0.23170232772827148,1.91948,150.5,,,,,,,662.2,4.535616438,662.2,4.535616438,,,,,,,,,,,,,,,,,,,"Ozzie Albies","16556",645277
"Kyle Manzardo","CLE",120,518,454,110,62,24,2,22,59,70,51,2,124,6,7,0,,2,0,0.243304,0.0978474,0.238748,0.409836,0.322896,0.453125,0.332789,0.776021,0.209821,3.35731,0.279743,0,-0.364113,69.5052,8.29951,114.974,-0.364113,2.226,8.778103679418564,-8.074000120162964,1.89614,253.4600067138672,,,,,,,624.6,5.205,624.6,5.205,,,,,,,,,,,,,,,,,,,"Kyle Manzardo","29794",700932
"Josh Jung","TEX",128,553,518,129,85,24,2,18,62,67,30,0,141,3,1,0,,3,1,0.24838,0.0546559,0.255061,0.214286,0.293522,0.406048,0.303558,0.69957,0.157667,3.81463,0.307453,0,-0.570122,61.077,-4.26426,95.0586,-0.570122,1.23852,-3.7907888889312744,3.2135162353515625,1.88829,610.5,,,,,,,556.5,4.34765625,556.5,4.34765625,,,,,,,,,,,,,,,,,,,"Josh Jung","26299",673962
"Carson Williams","TBR",109,469,422,91,55,15,4,17,59,60,39,0,163,4,2,2,,14,7,0.216433,0.0830325,0.34657,0.239583,0.288043,0.392786,0.297067,0.680829,0.176353,6.44852,0.304498,0,-0.712755,49.3281,-6.08786,88.3002,-0.712755,4.32587,-7.180081009864807,9.35086965560913,1.87365,724.5499877929688,,,,,,,449.7,4.125688073,449.7,4.125688073,,,,,,,,,,,,,,,,,,,"Carson Williams","30038",700246
"TJ Friedl","CIN",144,623,535,130,93,20,4,14,72,65,65,0,104,14,5,4,,14,3,0.244094,0.10473,0.16723,0.626263,0.338435,0.374016,0.317218,0.712451,0.129921,5.26212,0.276808,0,0.310843,75.7182,2.10591,98.0099,0.310843,-0.901125,-1.1586104333400726,-1.2761249542236328,1.87156,265.1499938964844,,,,,,,660.6,4.5875,660.6,4.5875,,,,,,,,,,,,,,,,,,,"TJ Friedl","19522",670770
"Josh Bell","MIN",133,574,501,128,83,24,1,20,59,69,65,1,107,5,3,0,,0,2,0.255914,0.11257,0.185741,0.606061,0.345216,0.430108,0.338707,0.775323,0.174194,1.71277,0.285714,0,-1.88448,79.777,11.9545,117.108,-1.88448,0,9.689648151397705,-11.25,1.86166,636.3300170898438,,,,,,,683.5,5.139097744,683.5,5.139097744,,,,,,,,,,,,,,,,,,,"Josh Bell","13145",605137
"Carlos Narváez","BOS",107,423,373,85,52,21,0,11,43,48,42,1,113,4,3,1,,2,1,0.227027,0.1,0.266667,0.375,0.310263,0.372973,0.301022,0.683235,0.145946,2.34709,0.292,0,-0.654522,45.848,-4.13274,87.7102,-0.654522,2.39318,-6.781657457351685,10.343181610107422,1.85395,443.010009765625,,,,,,,406.3,3.797196261,406.3,3.797196261,,,,,,,,,,,,,,,,,,,"Carlos Narvaez","19722",665966
"Jordan Lawlar","ARI",120,518,459,108,66,26,4,12,67,60,47,1,140,7,2,2,,20,5,0.234667,0.0898345,0.269504,0.333333,0.313539,0.386667,0.30711,0.700206,0.152,6.5972,0.3083,0,1.12854,58.7056,-2.5001,94.9815,1.12854,4.00235,-1.9525198936462402,2.70235276222229,1.83997,261.6499938964844,,,,,,,542.8,4.523333333,542.8,4.523333333,,,,,,,,,,,,,,,,,,,"Jordan Lawlar","29976",691783
"Max Muncy","ATH",94,406,365,92,58,21,1,12,48,59,28,1,117,8,3,2,,4,3,0.25266,0.069378,0.287081,0.241667,0.317308,0.412234,0.317252,0.729542,0.159574,3.75519,0.336032,0,-1.03182,49.3556,1.38356,100.268,-1.03182,3.219,-0.9037436693906784,4.818999886512756,1.83028,672.719970703125,,,,,,,436.8,4.64680851,436.8,4.64680851,,,,,,,,,,,,,,,,,,,"Max Muncy","29779",691777
"Brett Baty","NYM",100,434,391,99,64,17,1,17,55,57,38,0,106,4,2,0,,5,1,0.253521,0.0866808,0.243129,0.356522,0.323467,0.434272,0.329468,0.75774,0.180751,3.87357,0.302721,0,-0.154799,57.0637,5.78326,114.582,-0.154799,1.08211,7.345975533127785,-3.9178906679153442,1.82806,292.9200134277344,,,,,,,510.9,5.109,510.9,5.109,,,,,,,,,,,,,,,,,,,"Brett Baty","26123",683146
"Hunter Goodman","COL",144,583,537,135,74,31,3,28,72,90,36,0,150,6,4,0,,1,1,0.251429,0.0614035,0.257895,0.238095,0.303509,0.474286,0.332262,0.777794,0.222857,3.25835,0.295775,0,-0.977969,78.0311,9.09785,99.5427,-0.977969,-4.56092,-1.2941811084747314,-0.3359231948852539,1.81909,67.36000061035156,,,,,,,714.3,4.960416666,714.3,4.960416666,,,,,,,,,,,,,,,,,,,"Hunter Goodman","29715",696100
"Victor Scott II","STL",133,574,501,112,83,18,3,8,67,49,47,0,122,11,6,10,,41,8,0.223947,0.0812379,0.212766,0.381818,0.301181,0.31929,0.278527,0.620472,0.0953437,7.20681,0.277286,0,4.10234,51.7314,-16.0911,78.5332,4.10234,7.13038,-10.501678466796875,9.180382490158081,1.81869,391.1300048828125,,,,,,,500.2,3.760902255,500.2,3.760902255,,,,,,,,,,,,,,,,,,,"Victor Scott II","31349",687363
"Ryan McMahon","NYY",113,490,431,90,55,18,1,16,53,57,53,2,158,3,3,0,,3,3,0.21,0.108963,0.323374,0.336957,0.300527,0.37,0.295305,0.670527,0.16,2.74041,0.286667,0,-1.26898,50.8357,-7.06157,89.0966,-1.26898,6.60205,-7.565921783447266,8.352054595947266,1.80593,732.8599853515625,,,,,,,446.6,3.952212389,446.6,3.952212389,,,,,,,,,,,,,,,,,,,"Ryan McMahon","15112",641857
"Nick Gonzales","PIT",100,434,396,104,67,24,4,8,50,47,28,0,91,6,4,0,,3,3,0.262332,0.0633947,0.210634,0.300971,0.316973,0.40583,0.314142,0.722803,0.143498,4.40996,0.318584,0,-1.2258,51.6636,0.38311,98.8992,-1.2258,3.09046,-1.7920082807540894,4.890461444854736,1.79433,999,,,,,,,453.3,4.533,453.3,4.533,,,,,,,,,,,,,,,,,,,"Nick Gonzales","27490",693304
"Parker Meadows","DET",104,448,398,93,58,18,6,11,56,52,42,1,110,3,4,2,,12,3,0.232558,0.0929752,0.245868,0.378151,0.307054,0.388372,0.30338,0.695426,0.155814,6.81703,0.290429,0,0.597269,49.4157,-3.51898,93.2805,0.597269,3.42671,-2.9507657885551453,5.02671205997467,1.79,745.6900024414062,,,,,,,462,4.442307692,462,4.442307692,,,,,,,,,,,,,,,,,,,"Parker Meadows","23800",678009
"Vinnie Pasquantino","KCR",147,637,568,147,86,32,1,28,67,96,56,3,92,6,7,0,,2,0,0.258182,0.0875203,0.144246,0.606742,0.327391,0.465455,0.339158,0.792845,0.207273,2.47593,0.260771,0,-0.541227,88.7664,13.5,115.16,-0.541227,-3.26645,10.84081643819809,-15.291448593139648,1.7878,77.0999984741211,,,,,,,806.7,5.487755102,806.7,5.487755102,,,,,,,,,,,,,,,,,,,"Vinnie Pasquantino","27676",686469
"Ke'Bryan Hayes","CIN",125,539,495,120,89,19,2,10,55,54,38,1,107,4,2,0,,12,3,0.24197,0.0707269,0.198428,0.356436,0.300589,0.346895,0.285932,0.647484,0.104925,4.66124,0.289694,0,0.168839,51.8175,-11.8695,76.5776,0.168839,12.378,-14.79399773478508,14.303045988082886,1.78451,999,,,,,,,477.9,3.8232,477.9,3.8232,,,,,,,,,,,,,,,,,,,"Ke'Bryan Hayes","18577",663647
"Jackson Holliday","BAL",113,490,435,107,72,20,2,14,65,51,49,1,109,4,2,0,,12,7,0.246503,0.100932,0.22205,0.454545,0.32764,0.396853,0.318491,0.724493,0.15035,5.00751,0.297821,0,-1.18827,60.0597,2.16243,105.384,-1.18827,-3.22927,1.9213601350784302,-1.3792716264724731,1.78096,203.14999389648438,,,,,,,527.4,4.667256637,527.4,4.667256637,,,,,,,,,,,,,,,,,,,"Jackson Holliday","31781",702616
"Danny Jansen","TEX",89,352,303,63,34,15,0,14,39,40,40,0,83,5,3,0,,0,0,0.209386,0.114907,0.236025,0.486842,0.310559,0.400722,0.312311,0.711281,0.191336,1.27091,0.235602,0,-0.526822,41.3789,-0.212572,101.089,-0.526822,-1.61138,-0.07511976361274719,5.263616919517517,1.77039,999,,,,,,,359.9,4.043820224,359.9,4.043820224,,,,,,,,,,,,,,,,,,,"Danny Jansen","16535",643376
"Carter Jensen","KCR",99,401,357,88,58,16,3,12,48,50,39,1,106,1,3,1,,5,1,0.247601,0.0974359,0.264957,0.367742,0.321918,0.410749,0.319203,0.732666,0.163148,5.16365,0.315341,0,0.173541,49.4074,2.00256,101.414,0.173541,0.3483,0.8421774655580521,2.5732998847961426,1.76224,999,,,,,,,438.8,4.432323232,438.8,4.432323232,,,,,,,,,,,,,,,,,,,"Carter Jensen","29478",695600
"Christian Yelich","MIL",147,637,558,141,96,23,2,20,87,84,74,6,162,5,1,0,,18,5,0.25355,0.115453,0.253996,0.454545,0.344583,0.411765,0.330222,0.756347,0.158215,5.36387,0.321321,0,0.65429,84.1447,8.87821,112.552,0.65429,0,10.13086473941803,-14.22499942779541,1.74944,127.22000122070312,,,,,,,754.9,5.135374149,754.9,5.135374149,,,,,,,,,,,,,,,,,,,"Christian Yelich","11477",592885
"Ryan O'Hearn","PIT",126,546,484,129,87,25,1,16,64,60,52,3,106,6,5,0,,3,1,0.267606,0.0956341,0.193347,0.494624,0.343035,0.422535,0.332513,0.765571,0.15493,3.12868,0.309598,0,-0.7205,73.1396,8.62549,111.483,-0.7205,0.0827737,6.710684776306152,-7.8672260865569115,1.74023,285.44000244140625,,,,,,,643.9,5.11031746,643.9,5.11031746,,,,,,,,,,,,,,,,,,,"Ryan O'Hearn","16442",656811
"Jorge Polanco","NYM",125,539,475,120,74,21,0,25,64,77,54,1,108,3,4,2,,4,2,0.252358,0.0997921,0.199584,0.5,0.329854,0.45283,0.337897,0.782684,0.200472,2.59708,0.274194,0,-0.879465,74.5584,10.8714,120.357,-0.879465,-3.30694,12.124962747097015,-13.231942176818848,1.72148,209.42999267578125,,,,,,,665.9,5.3272,665.9,5.3272,,,,,,,,,,,,,,,,,,,"Jorge Polanco","13152",593871
"Christian Walker","HOU",136,588,523,120,69,24,1,26,68,80,50,2,151,8,6,0,,3,1,0.228628,0.0849558,0.256637,0.331034,0.302655,0.427435,0.314634,0.73009,0.198807,3.10539,0.265487,0,-0.626213,70.2307,0.753934,101.859,-0.626213,6.22866,0.6620951294898987,-4.321338176727295,1.69621,212.94000244140625,,,,,,,645.6,4.747058823,645.6,4.747058823,,,,,,,,,,,,,,,,,,,"Christian Walker","13419",572233
"Nolan Gorman","STL",123,532,474,106,61,21,1,24,64,72,54,1,169,1,3,0,,3,1,0.224638,0.101075,0.31828,0.317568,0.303226,0.425121,0.315092,0.728347,0.200483,3.50245,0.290323,0,-0.53736,63.7397,0.87985,103.581,-0.53736,0.632448,1.7207910418510437,-2.8675519824028015,1.69358,653.1400146484375,,,,,,,579.7,4.71300813,579.7,4.71300813,,,,,,,,,,,,,,,,,,,"Nolan Gorman","22263",669357
"Cole Young","SEA",100,434,382,90,61,18,2,9,50,52,42,1,75,6,2,2,,6,3,0.236897,0.095941,0.173432,0.553191,0.319109,0.366876,0.303613,0.685986,0.129979,4.54435,0.272,0,-0.898984,47.9534,-3.32708,100.223,-0.898984,0.727826,-0.7849725633859634,2.3778260946273804,1.69127,704.2899780273438,,,,,,,417.2,4.172,417.2,4.172,,,,,,,,,,,,,,,,,,,"Cole Young","31680",702284
"Josh Lowe","LAA",118,511,464,118,73,26,3,15,65,61,40,2,142,2,3,1,,22,3,0.254717,0.0792291,0.278373,0.284615,0.315451,0.424528,0.319161,0.739979,0.169811,6.62702,0.332155,0,2.28131,62.9119,2.53335,103.224,2.28131,0,4.222985029220581,-5.375,1.68159,297.0899963378906,,,,,,,589.7,4.997457627,589.7,4.997457627,,,,,,,,,,,,,,,,,,,"Josh Lowe","19953",666139
"Jake Mangum","PIT",86,371,347,98,73,19,3,3,38,36,18,0,61,3,2,1,,14,4,0.282927,0.0479452,0.164384,0.291667,0.322654,0.382927,0.308911,0.705581,0.1,5.7104,0.333333,0,0.524844,42.5884,-1.24813,95.3159,0.524844,8.43268,-1.5348049998283386,5.457679271697998,1.66423,672.4199829101562,,,,,,,380.6,4.425581395,380.6,4.425581395,,,,,,,,,,,,,,,,,,,"Jake Mangum","26202",663968
"Tyler Soderstrom","ATH",134,581,525,134,81,27,2,25,65,91,47,2,134,6,3,0,,4,2,0.255361,0.0809859,0.230634,0.351145,0.322183,0.454191,0.334074,0.776374,0.19883,3.25,0.296399,0,-0.890577,78.5644,9.91476,111.855,-0.890577,-4.57347,7.227542698383331,-11.048469543457031,1.65502,82.8499984741211,,,,,,,711.1,5.306716417,711.1,5.306716417,,,,,,,,,,,,,,,,,,,"Tyler Soderstrom","27467",691016
"Kyle Isbel","KCR",113,490,441,108,73,20,6,9,62,47,31,0,93,5,4,10,,10,5,0.244382,0.0631313,0.189394,0.333333,0.298969,0.376404,0.294982,0.675374,0.132022,6.2868,0.288809,0,-0.765955,50.7073,-7.19,84.7293,-0.765955,7.12047,-9.585130631923676,8.870465278625488,1.65238,999,,,,,,,453.6,4.014159292,453.6,4.014159292,,,,,,,,,,,,,,,,,,,"Kyle Isbel","21614",664728
"Tyler O'Neill","BAL",100,434,380,92,55,15,1,21,57,59,45,2,119,5,4,0,,6,1,0.242718,0.104816,0.274788,0.381443,0.328612,0.453074,0.336304,0.781686,0.210356,4.34191,0.292929,0,0.0441894,59.4727,8.1923,117.656,0.0441894,-1.6254,9.075441267341375,-8.075400233268738,1.63062,477.6400146484375,,,,,,,540.4,5.404,540.4,5.404,,,,,,,,,,,,,,,,,,,"Tyler O'Neill","15711",641933
"Kyle Teel","CHW",92,374,328,82,58,14,1,9,49,40,40,0,97,3,1,1,,5,1,0.248879,0.108268,0.259843,0.416667,0.335306,0.376682,0.316471,0.711987,0.127803,4.18776,0.325658,0,-0.242871,45.2042,1.0368,102.292,-0.242871,-0.438968,0.766852617263794,2.1860322654247284,1.61843,266.8800048828125,,,,,,,397.8,4.323913043,397.8,4.323913043,,,,,,,,,,,,,,,,,,,"Kyle Teel","33549",691019
"Yoán Moncada","LAA",105,455,403,95,56,20,3,16,53,56,45,1,132,5,1,0,,1,0,0.23569,0.0985075,0.289552,0.340206,0.319403,0.420875,0.322132,0.740278,0.185185,3.86952,0.306878,0,-0.418775,57.1148,3.35301,105.27,-0.418775,-2.8674,2.4073981940746307,-2.442400097846985,1.59867,746.1500244140625,,,,,,,506.4,4.822857142,506.4,4.822857142,,,,,,,,,,,,,,,,,,,"Yoan Moncada","17232",660162
"Jac Caglianone","KCR",105,455,407,106,65,20,1,20,60,63,38,2,95,7,3,0,,3,1,0.259414,0.0842697,0.209738,0.401786,0.331461,0.462343,0.341826,0.793804,0.202929,3.59658,0.289855,0,-0.381663,64.3901,10.6284,116.998,-0.381663,-3.186,8.733909755945206,-8.861000299453735,1.58925,164.58999633789062,,,,,,,576.2,5.487619047,576.2,5.487619047,,,,,,,,,,,,,,,,,,,"Jac Caglianone","35041",695506
"Davis Schneider","TOR",75,322,274,60,34,13,1,12,38,40,42,0,91,4,2,0,,4,1,0.219577,0.130337,0.283146,0.460317,0.330337,0.404762,0.324079,0.735099,0.185185,4.57831,0.280335,0,-0.254576,40.9288,2.88203,108.393,-0.254576,3.03097,2.9308460354804993,1.3809677362442017,1.57505,999,,,,,,,361,4.813333333,361,4.813333333,,,,,,,,,,,,,,,,,,,"Davis Schneider","23565",676914
"Marcell Ozuna","PIT",122,525,452,114,71,22,0,21,59,60,67,1,123,3,3,0,,0,0,0.251546,0.127886,0.234458,0.545455,0.349911,0.437113,0.343762,0.787025,0.185567,1.00768,0.299401,0,-0.923414,75.1218,13.089,119.19,-0.923414,0,11.017189621925354,-13.125,1.57142,377.510009765625,,,,,,,657.6,5.390163934,657.6,5.390163934,,,,,,,,,,,,,,,,,,,"Marcell Ozuna","10324",542303
"Tyler Stephenson","CIN",112,450,396,94,56,21,1,16,53,60,46,1,128,5,3,0,,0,1,0.237467,0.102088,0.285383,0.357724,0.322506,0.414248,0.321347,0.736754,0.176781,2.37653,0.307377,0,-1.13063,56.2005,3.02954,100.838,-1.13063,-3.37966,-0.6836082637310028,1.0453448295593262,1.56879,294.75,,,,,,,497.6,4.442857142,497.6,4.442857142,,,,,,,,,,,,,,,,,,,"Tyler Stephenson","17988",663886
"Brandon Lowe","PIT",126,546,492,119,73,23,1,21,67,67,45,1,143,4,4,0,,3,1,0.241535,0.0833333,0.262195,0.317829,0.308943,0.422122,0.316442,0.731065,0.180587,3.35484,0.294314,0,-0.594498,66.0153,1.50123,100.474,-0.594498,-4.17019,-0.28756827116012573,-2.6201932430267334,1.56106,187.57000732421875,,,,,,,594.1,4.715079365,594.1,4.715079365,,,,,,,,,,,,,,,,,,,"Brandon Lowe","18882",664040
"Colt Keith","DET",115,497,446,115,74,26,2,14,65,64,44,1,113,3,4,0,,2,1,0.259023,0.0895238,0.226667,0.394958,0.327619,0.420382,0.325066,0.748001,0.161359,3.65409,0.313783,0,-0.802707,63.5711,4.8467,108.219,-0.802707,0,4.011758506298065,-5.875,1.55952,502.489990234375,,,,,,,558.4,4.855652173,558.4,4.855652173,,,,,,,,,,,,,,,,,,,"Colt Keith","27899",690993
"Joey Loperfido","HOU",99,427,385,95,61,20,3,12,51,52,30,1,120,7,2,3,,10,4,0.246544,0.0706861,0.280665,0.251852,0.311715,0.400922,0.310828,0.712637,0.154378,5.43698,0.326389,0,-0.145813,49.6814,-0.77194,99.2372,-0.145813,5.29115,-0.529696062207222,0.9661498069763184,1.54831,746.02001953125,,,,,,,453.7,4.582828282,453.7,4.582828282,,,,,,,,,,,,,,,,,,,"Joey Loperfido","29630",694388
"Austin Hays","CHW",112,483,442,113,67,26,3,16,66,59,33,1,121,4,4,0,,7,1,0.256158,0.0675676,0.25,0.27027,0.310811,0.440887,0.322826,0.751697,0.184729,5.65049,0.31338,0,0.17767,60.9017,3.83155,106.669,0.17767,0.0892373,3.9742301553487778,-5.485762521624565,1.5462,572.469970703125,,,,,,,555.2,4.957142857,555.2,4.957142857,,,,,,,,,,,,,,,,,,,"Austin Hays","19363",669720
"Owen Caissie","MIA",97,420,371,94,58,22,2,13,50,52,43,1,133,3,2,0,,4,2,0.253247,0.10325,0.3174,0.325301,0.334608,0.424242,0.330729,0.75885,0.170996,3.82979,0.35689,0,-0.867439,55.653,6.02673,110.804,-0.867439,1.29339,4.510638654232025,-3.7066129446029663,1.51193,528.5,,,,,,,492.8,5.080412371,492.8,5.080412371,,,,,,,,,,,,,,,,,,,"Owen Caissie","27496",683357
"Garrett Mitchell","MIL",87,378,333,76,49,16,3,9,49,43,38,0,123,3,2,2,,16,3,0.229167,0.100917,0.325688,0.309859,0.313364,0.375,0.304092,0.688364,0.145833,7.13179,0.333333,0,1.1057,41.9128,-2.75083,94.6524,1.1057,2.39865,-1.2900567054748535,3.4486451148986816,1.50755,691.1699829101562,,,,,,,385.7,4.433333333,385.7,4.433333333,,,,,,,,,,,,,,,,,,,"Garrett Mitchell","27555",669003
"Cedric Mullins","TBR",110,476,423,94,57,20,2,15,57,55,44,0,107,4,4,2,,20,4,0.222482,0.0914761,0.224532,0.407407,0.298539,0.384075,0.299087,0.682614,0.161592,6.05787,0.25974,0,1.64488,50.8448,-5.39832,89.6912,1.64488,1.04088,-4.138574004173279,2.440881848335266,1.50251,321.5,,,,,,,484.6,4.405454545,484.6,4.405454545,,,,,,,,,,,,,,,,,,,"Cedric Mullins","17929",656775
"Jesús Sánchez","TOR",97,420,380,94,58,19,2,15,52,56,35,1,100,3,2,0,,9,2,0.24605,0.0838446,0.239264,0.350427,0.312883,0.426637,0.320352,0.73952,0.180587,5.06866,0.293548,0,0.39061,52.1146,2.48834,105.826,0.39061,1.64601,3.2746761739254,-3.053985118865967,1.50158,617.4299926757812,,,,,,,479.4,4.942268041,479.4,4.942268041,,,,,,,,,,,,,,,,,,,"Jesus Sanchez","19913",660821
"Kerry Carpenter","DET",115,497,456,116,69,20,3,23,62,82,33,2,119,6,2,0,,2,2,0.254079,0.0662393,0.239316,0.276786,0.311966,0.4662,0.332845,0.778166,0.212121,3.55466,0.292929,0,-1.14608,66.71,7.9856,113.578,-1.14608,-0.459213,6.807289123535156,-9.284212410449982,1.49673,236.22000122070312,,,,,,,600.1,5.218260869,600.1,5.218260869,,,,,,,,,,,,,,,,,,,"Kerry Carpenter","25961",681481
"Gabriel Arias","CLE",107,462,424,99,62,22,2,13,49,51,28,1,142,6,3,1,,7,4,0.234719,0.0605381,0.307175,0.19708,0.289888,0.391198,0.2955,0.681086,0.156479,4.42492,0.316794,0,-0.875752,48.004,-6.58483,89.2874,-0.875752,0.994605,-6.708983898162842,5.394604802131653,1.49242,748.3800048828125,,,,,,,431.9,4.036448598,431.9,4.036448598,,,,,,,,,,,,,,,,,,,"Gabriel Arias","22563",672356
"Brayan Rocchio","CLE",117,504,449,108,71,25,3,9,57,51,40,0,93,7,4,4,,11,5,0.24,0.0784314,0.185383,0.423077,0.308797,0.368,0.298196,0.676797,0.128,4.94868,0.28133,0,-0.828252,53.471,-6.0805,91.1441,-0.828252,-0.313128,-6.0888267159461975,3.236872434616089,1.48301,999,,,,,,,477.9,4.084615384,477.9,4.084615384,,,,,,,,,,,,,,,,,,,"Brayan Rocchio","23690",677587
"Isaac Collins","KCR",104,448,382,90,57,20,5,8,57,45,55,1,92,6,3,2,,15,6,0.236842,0.123318,0.206278,0.597826,0.34009,0.378947,0.318806,0.719037,0.142105,6.44462,0.289753,0,-0.230529,55.0266,2.09198,101.141,-0.230529,3.39792,0.3719218373298645,-1.4020841121673584,1.4722,666.1699829101562,,,,,,,478.4,4.6,478.4,4.6,,,,,,,,,,,,,,,,,,,"Isaac Collins","25477",686555
"Jo Adell","LAA",141,609,556,129,70,24,1,33,73,102,41,1,171,10,2,0,,8,5,0.23176,0.0666667,0.280392,0.237762,0.294118,0.459227,0.322847,0.753345,0.227468,3.7296,0.26936,0,-1.0726,76.7998,4.84179,105.763,-1.0726,-4.36001,3.0640422105789185,-9.685014724731445,1.46714,120.33000183105469,,,,,,,706.1,5.007801418,706.1,5.007801418,,,,,,,,,,,,,,,,,,,"Jo Adell","20220",666176
"Nathan Lukes","TOR",68,294,262,71,51,13,1,6,35,36,25,1,47,3,2,2,,3,2,0.269886,0.0835443,0.159494,0.52381,0.336735,0.397727,0.321665,0.734462,0.127841,3.92005,0.306338,0,-0.829993,36.7936,2.05526,106.731,-0.829993,5.36829,1.502278983592987,2.7182936668395996,1.46712,999,,,,,,,319.5,4.698529411,319.5,4.698529411,,,,,,,,,,,,,,,,,,,"Nathan Lukes","18123",664770
"CJ Kayfus","CLE",84,364,320,81,47,19,5,10,45,47,34,0,101,6,3,1,,4,1,0.253363,0.0946746,0.278107,0.340426,0.333992,0.43722,0.33473,0.771212,0.183857,5.71796,0.335593,0,-0.448315,49.415,6.40559,116.311,-0.448315,0.486,6.549444228410721,-4.814000219106674,1.45936,999,,,,,,,436,5.19047619,436,5.19047619,,,,,,,,,,,,,,,,,,,"CJ Kayfus","33704",692216
"Pedro Pagés","STL",91,358,328,74,51,14,1,8,32,39,22,1,95,3,4,2,,1,0,0.225714,0.0626632,0.263708,0.237624,0.278215,0.351429,0.274792,0.629644,0.125714,2.85696,0.286885,0,-0.307058,31.2136,-11.1342,75.9742,-0.307058,5.85017,-10.51267495751381,12.850168228149414,1.45913,748.2899780273438,,,,,,,284.8,3.129670329,284.8,3.129670329,,,,,,,,,,,,,,,,,,,"Pedro Pages","25782",686780
"Logan O'Hoppe","LAA",113,452,410,96,63,12,1,20,47,57,33,0,126,6,1,1,,3,2,0.23399,0.0738255,0.279642,0.264,0.300448,0.416256,0.312147,0.716705,0.182266,2.81925,0.28626,0,-0.894919,53.027,-0.332986,98.392,-0.894919,-6.55754,-1.750803828239441,0.39246129989624023,1.4513,246.50999450683594,,,,,,,473.2,4.187610619,473.2,4.187610619,,,,,,,,,,,,,,,,,,,"Logan O'Hoppe","24729",681351
"Salvador Perez","KCR",151,618,572,144,89,28,1,26,56,88,30,5,130,12,4,0,,0,0,0.25188,0.0486956,0.210435,0.231405,0.30087,0.43985,0.316001,0.740719,0.18797,1.28597,0.28133,0,-0.830158,74.4998,1.47834,99.2086,-0.830158,-6.77068,-1.4065706133842468,-5.745680809020996,1.44448,91.13999938964844,,,,,,,691.7,4.580794701,691.7,4.580794701,,,,,,,,,,,,,,,,,,,"Salvador Perez","7304",521692
"Jake Burger","TEX",138,595,549,133,74,27,1,30,71,91,32,1,151,10,5,0,,1,1,0.241685,0.0531697,0.253579,0.209677,0.292434,0.461197,0.321627,0.753631,0.219512,2.52706,0.27451,0,-1.01001,74.4446,4.14075,107.506,-1.01001,0,4.2535892724990845,-10.725000381469727,1.43314,236.72000122070312,,,,,,,686.9,4.977536231,686.9,4.977536231,,,,,,,,,,,,,,,,,,,"Jake Burger","22275",669394
"Agustín Ramírez","MIA",120,493,448,109,64,26,1,18,66,63,36,2,100,5,3,0,,12,2,0.244367,0.0740158,0.20315,0.364341,0.307087,0.426343,0.316623,0.73343,0.181976,5.12901,0.275058,0,0.683108,59.6557,1.4276,101.141,0.683108,-3.94632,1.3496170043945312,-4.2963197231292725,1.37599,86.8499984741211,,,,,,,552.9,4.6075,552.9,4.6075,,,,,,,,,,,,,,,,,,,"Agustin Ramirez","26546",682663
"Dylan Beavers","BAL",86,371,323,80,52,15,3,11,48,43,41,1,87,2,3,2,,10,3,0.247899,0.111517,0.234004,0.476562,0.334559,0.411765,0.326331,0.746324,0.163866,5.7097,0.303571,0,0.0235898,47.8354,3.99886,110.785,0.0235898,-0.660462,4.739622762426734,-4.135461688041687,1.36826,505.0400085449219,,,,,,,428.6,4.98372093,428.6,4.98372093,,,,,,,,,,,,,,,,,,,"Dylan Beavers","31695",687637
"Cam Smith","HOU",125,539,484,118,77,25,3,12,63,59,46,0,140,7,2,0,,8,2,0.243056,0.0852391,0.259875,0.328,0.316008,0.384259,0.30827,0.700268,0.141204,4.94822,0.315436,0,-0.207116,61.5929,-2.09412,97.4747,-0.207116,1.782,-1.8113887906074524,-3.392999768257141,1.36558,341.8699951171875,,,,,,,547.8,4.3824,547.8,4.3824,,,,,,,,,,,,,,,,,,,"Cam Smith","35108",701358
"Jonathan India","KCR",115,497,425,105,68,24,2,11,62,46,54,0,92,13,4,1,,4,3,0.245833,0.108734,0.185383,0.586538,0.346429,0.385417,0.325679,0.731845,0.139583,3.61202,0.288043,0,-1.27449,63.8182,5.0938,105.875,-1.27449,-4.536,2.1668673753738403,-6.16100013256073,1.3415,607.719970703125,,,,,,,547.6,4.76173913,547.6,4.76173913,,,,,,,,,,,,,,,,,,,"Jonathan India","21523",663697
"Brady House","WSN",126,546,512,129,88,24,2,15,63,71,25,1,149,5,4,0,,5,3,0.250973,0.0456204,0.273723,0.166667,0.290146,0.392996,0.295493,0.683142,0.142023,3.92229,0.322946,0,-0.997295,56.7288,-7.78526,88.0275,-0.997295,1.72722,-8.74499499797821,3.6772230863571167,1.34007,710.1199951171875,,,,,,,523.5,4.154761904,523.5,4.154761904,,,,,,,,,,,,,,,,,,,"Brady House","29993",691781
"Chase DeLauter","CLE",115,497,445,112,70,30,0,12,62,62,47,0,84,0,5,0,,2,2,0.251397,0.095,0.17,0.558824,0.32,0.402235,0.315278,0.722235,0.150838,2.53807,0.28169,0,-1.29169,59.6215,0.897104,102.912,-1.29169,0.899265,0.4139516353607178,-4.525734901428223,1.32946,999,,,,,,,521.2,4.532173913,521.2,4.532173913,,,,,,,,,,,,,,,,,,,"Chase DeLauter","32127",800050
"Ben Williamson","TBR",62,266,243,65,47,12,2,3,32,28,18,0,52,3,1,0,,6,1,0.26694,0.0692884,0.196629,0.352381,0.326454,0.371663,0.307591,0.698117,0.104723,5.7855,0.328042,0,0.129721,30.2499,-1.18009,95.5494,0.129721,3.44012,-1.2655936181545258,4.99011754989624,1.31777,999,,,,,,,267,4.306451612,267,4.306451612,,,,,,,,,,,,,,,,,,,"Ben Williamson","33197",810938
"Victor Caratini","MIN",97,400,353,87,63,13,0,10,35,41,32,0,70,11,5,0,,1,0,0.245675,0.0792683,0.17378,0.45614,0.323171,0.366782,0.306204,0.689953,0.121107,1.98891,0.276316,0,-0.456747,45.0605,-2.22624,94.718,-0.456747,1.60364,-2.948170989751816,1.8036364316940308,1.29218,681.02001953125,,,,,,,396.8,4.090721649,396.8,4.090721649,,,,,,,,,,,,,,,,,,,"Victor Caratini","14968",605170
"Nolan Schanuel","LAA",143,616,530,138,100,24,1,13,74,62,68,2,87,11,4,3,,6,1,0.259635,0.109948,0.141361,0.777778,0.352632,0.381339,0.32578,0.73397,0.121704,3.86071,0.287129,0,-0.314119,79.1493,6.36419,107.783,-0.314119,-3.1794,5.336812287569046,-14.17939567565918,1.26449,594.6599731445312,,,,,,,685.9,4.796503496,685.9,4.796503496,,,,,,,,,,,,,,,,,,,"Nolan Schanuel","33189",694384
"Luis Torrens","NYM",55,218,199,49,33,10,1,6,20,24,15,0,49,2,2,1,,1,1,0.248,0.0693431,0.226277,0.306452,0.304029,0.392,0.3036,0.696029,0.144,2.57763,0.300546,0,-0.491443,24.0406,-1.67052,96.8616,-0.491443,2.16607,-1.3008297979831696,6.416067361831665,1.26406,999,,,,,,,216.6,3.938181818,216.6,3.938181818,,,,,,,,,,,,,,,,,,,"Luis Torrens","15905",620443
"Blaze Alexander","BAL",60,259,227,54,37,10,1,6,28,29,21,0,79,7,2,2,,5,3,0.238806,0.0829694,0.303493,0.273381,0.320879,0.375622,0.308605,0.696501,0.136816,4.37953,0.333333,0,-0.682436,29.6671,-0.935764,98.5747,-0.682436,3.55576,-1.1175341606140137,4.430762529373169,1.25104,745.9099731445312,,,,,,,251.6,4.193333333,251.6,4.193333333,,,,,,,,,,,,,,,,,,,"Blaze Alexander","23789",677942
"Jose Trevino","CIN",71,282,261,62,44,12,1,5,29,28,16,0,41,2,2,1,,0,0,0.236948,0.0557621,0.144981,0.384615,0.283582,0.349398,0.277688,0.63298,0.11245,2.35119,0.26087,0,-0.407743,25.1872,-8.08598,70.9305,-0.407743,7.20993,-10.10981035232544,12.709931373596191,1.22458,999,,,,,,,227.7,3.207042253,227.7,3.207042253,,,,,,,,,,,,,,,,,,,"Jose Trevino","16725",624431
"Kyle Higashioka","TEX",71,282,260,59,36,12,1,10,28,37,17,0,71,1,3,1,,2,1,0.228346,0.0615942,0.25,0.246377,0.276364,0.401575,0.292157,0.677938,0.173228,3.33449,0.269663,0,-0.36748,28.556,-4.78811,87.2054,-0.36748,1.60138,-4.62304151058197,6.801379084587097,1.21662,999,,,,,,,259.9,3.66056338,259.9,3.66056338,,,,,,,,,,,,,,,,,,,"Kyle Higashioka","5517",543309
"Ramón Urías","STL",73,315,284,70,47,14,1,8,32,34,24,0,70,3,3,0,,3,0,0.244776,0.0754717,0.221024,0.341463,0.307278,0.38806,0.303968,0.695337,0.143284,3.86648,0.291498,0,0.0217819,34.8958,-2.3239,95.9613,0.0217819,1.7389,-1.486018043011427,2.863898992538452,1.21322,999,,,,,,,316.2,4.331506849,316.2,4.331506849,,,,,,,,,,,,,,,,,,,"Ramon Urias","18795",602104
"Samuel Basallo","BAL",107,445,403,96,54,21,0,21,53,65,35,2,111,5,3,0,,1,1,0.237136,0.0789474,0.248988,0.317073,0.303644,0.442953,0.320722,0.746597,0.205817,1.96175,0.273026,0,-0.795672,55.375,2.77121,106.921,-0.795672,-3.29226,2.8361416459083557,-6.3422582149505615,1.20902,160.94000244140625,,,,,,,512,4.785046728,512,4.785046728,,,,,,,,,,,,,,,,,,,"Samuel Basallo","28824",694212
"Gavin Lux","TBR",92,399,354,90,63,19,3,6,46,36,42,0,89,1,2,0,,3,1,0.252983,0.105932,0.222458,0.47619,0.332627,0.369928,0.311763,0.702555,0.116945,4.09894,0.320388,0,-0.536559,46.7264,-0.418494,98.4236,-0.536559,-2.3085,-1.2778853178024292,-0.8334997892379761,1.18903,745.989990234375,,,,,,,410.5,4.461956521,410.5,4.461956521,,,,,,,,,,,,,,,,,,,"Gavin Lux","19955",666158
"Willi Castro","COL",128,553,490,126,82,24,6,14,76,55,45,1,125,15,2,1,,16,6,0.257009,0.0807453,0.225673,0.357798,0.3361,0.413551,0.328193,0.749651,0.156542,6.64775,0.317152,0,-0.0682291,72.138,6.79676,96.7551,-0.0682291,-5.86168,-2.1949829012155533,-4.586679577827454,1.18854,256.3399963378906,,,,,,,644.6,5.0359375,644.6,5.0359375,,,,,,,,,,,,,,,,,,,"Willi Castro","17338",650489
"Brooks Lee","MIN",138,595,549,135,92,25,2,15,60,68,38,1,102,3,5,0,,5,2,0.245283,0.0638298,0.172147,0.370787,0.295938,0.381551,0.294737,0.67749,0.136268,3.46369,0.274406,0,-0.895639,61.4546,-8.84921,86.8191,-0.895639,-5.19023,-10.139109790325165,1.0847692489624023,1.16888,542.5700073242188,,,,,,,558.8,4.049275362,558.8,4.049275362,,,,,,,,,,,,,,,,,,,"Brooks Lee","31595",686797
"Bryan Reynolds","PIT",149,644,576,145,94,30,3,18,68,74,56,2,158,9,3,0,,5,2,0.251799,0.0868167,0.245981,0.352941,0.326367,0.406475,0.320083,0.732841,0.154676,3.73422,0.316195,0,-0.85158,79.7685,3.67491,102.969,-0.85158,-4.02686,1.4146620631217957,-11.426856994628906,1.16778,204.72000122070312,,,,,,,708.2,4.753020134,708.2,4.753020134,,,,,,,,,,,,,,,,,,,"Bryan Reynolds","19326",668804
"Paul Goldschmidt","NYY",89,385,347,91,58,20,0,13,50,50,35,2,89,2,1,0,,4,1,0.262712,0.0896947,0.230916,0.38843,0.332061,0.434322,0.331626,0.766383,0.17161,3.34213,0.316418,0,-0.177312,51.2958,5.8051,114.117,-0.177312,-0.419727,6.228564351797104,-8.144727170467377,1.1597,748.3599853515625,,,,,,,458.6,5.152808988,458.6,5.152808988,,,,,,,,,,,,,,,,,,,"Paul Goldschmidt","9218",502671
"Joe Mack","MIA",63,250,226,51,33,10,1,8,29,33,19,1,69,3,2,0,,2,1,0.226164,0.0744467,0.277666,0.268116,0.291751,0.374723,0.291633,0.666473,0.148559,3.832,0.289037,0,-0.161963,25.1509,-4.34123,84.022,-0.161963,2.9484,-4.888683661818504,7.823400020599365,1.14989,999,,,,,,,236.5,3.753968253,236.5,3.753968253,,,,,,,,,,,,,,,,,,,"Joe Mack","sa3017374",691788
"Lourdes Gurriel Jr.","ARI",110,476,438,117,78,23,2,15,50,62,28,1,76,6,5,0,,6,2,0.267782,0.0578035,0.159923,0.361446,0.315992,0.42887,0.321345,0.744863,0.161088,4.02731,0.291667,0,-0.193734,59.4467,3.20365,104.732,-0.193734,0.632571,2.4760669469833374,-7.167428731918335,1.1403,689.0700073242188,,,,,,,544.1,4.946363636,544.1,4.946363636,,,,,,,,,,,,,,,,,,,"Lourdes Gurriel Jr.","19238",666971
"Travis Bazzana","CLE",58,252,219,49,30,11,2,6,37,29,29,0,74,4,0,1,,4,1,0.221925,0.113689,0.294664,0.385827,0.323256,0.36631,0.308107,0.689566,0.144385,5.72502,0.308017,0,-0.194125,28.7634,-1.01233,97.9719,-0.194125,2.23855,-0.7964887768030167,3.1385453939437866,1.12702,999,,,,,,,258.9,4.463793103,258.9,4.463793103,,,,,,,,,,,,,,,,,,,"Travis Bazzana","sa3025129",683953
"Will Benson","CIN",73,315,275,64,36,12,3,12,45,42,34,1,93,3,2,1,,8,3,0.232804,0.108545,0.295612,0.367187,0.321759,0.433862,0.327318,0.755622,0.201058,6.44568,0.300847,0,-0.0714655,40.8675,3.64786,104.929,-0.0714655,1.63884,1.768629029393196,-1.3361626863479614,1.11649,999,,,,,,,365.9,5.012328767,365.9,5.012328767,,,,,,,,,,,,,,,,,,,"Will Benson","21853",666181
"Victor Robles","SEA",68,294,260,65,46,12,1,6,36,30,19,0,65,8,2,5,,15,4,0.251142,0.0645161,0.221774,0.290909,0.319672,0.374429,0.306657,0.694101,0.123288,6.43723,0.310559,0,1.14061,33.2111,-1.52724,102.32,1.14061,1.72368,1.9444342255592346,-1.2263200283050537,1.10877,727.5399780273438,,,,,,,299.2,4.4,299.2,4.4,,,,,,,,,,,,,,,,,,,"Victor Robles","18363",645302
"Jacob Young","WSN",89,385,343,85,67,13,2,2,48,33,27,0,67,6,2,7,,19,7,0.247113,0.0699589,0.174897,0.4,0.312369,0.318707,0.283417,0.631076,0.0715935,6.54992,0.299712,0,0.218588,36.2262,-9.26447,79.7548,0.218588,5.6025,-9.019397720694542,6.977499961853027,1.10161,746.0700073242188,,,,,,,316.4,3.555056179,316.4,3.555056179,,,,,,,,,,,,,,,,,,,"Jacob Young","29931",696285
"Joc Pederson","TEX",97,420,361,83,48,14,1,19,51,52,47,2,100,9,2,0,,2,1,0.228758,0.11236,0.238764,0.470588,0.331461,0.431373,0.33175,0.762833,0.202614,3.24966,0.26087,0,-0.688827,56.0012,6.37496,114.479,-0.688827,0,6.478729665279388,-10.350000381469727,1.08292,999,,,,,,,497.7,5.130927835,497.7,5.130927835,,,,,,,,,,,,,,,,,,,"Joc Pederson","11899",592626
"José Caballero","NYY",71,308,266,58,38,13,1,6,38,32,31,0,76,6,2,2,,31,8,0.218563,0.100775,0.248062,0.40625,0.3125,0.344311,0.294313,0.656811,0.125749,6.85347,0.27897,0,2.44941,31.7059,-4.68671,88.4134,2.44941,-0.521561,-1.7566752433776855,1.528439223766327,1.06125,200.02999877929688,,,,,,,306.1,4.311267605,306.1,4.311267605,,,,,,,,,,,,,,,,,,,"Jose Caballero","23401",676609
"Jake McCarthy","COL",81,350,316,87,63,14,5,5,46,34,23,0,58,7,1,3,,17,4,0.275701,0.0654008,0.166667,0.392405,0.33617,0.401869,0.323576,0.738039,0.126168,7.58361,0.322674,0,1.27536,44.3449,2.98968,93.5922,1.27536,2.8063,-1.382750153541565,0.05629920959472656,1.05567,506.760009765625,,,,,,,398.4,4.918518518,398.4,4.918518518,,,,,,,,,,,,,,,,,,,"Jake McCarthy","21622",664983
"Colt Emerson","SEA",68,294,261,60,41,12,3,5,34,33,25,1,65,6,3,0,,5,3,0.231068,0.0843374,0.22031,0.382812,0.309811,0.353398,0.293148,0.663209,0.12233,5.41653,0.28534,0,-0.59297,29.9866,-4.75178,93.0141,-0.59297,2.01027,-3.0136895179748535,3.210272789001465,1.05541,999,,,,,,,268,3.94117647,268,3.94117647,,,,,,,,,,,,,,,,,,,"Colt Emerson","sa3022923",806068
"Luisangel Acuña","CHW",99,427,393,100,78,16,2,4,58,34,26,0,83,3,3,3,,24,7,0.254386,0.0606061,0.193939,0.3125,0.302846,0.335526,0.282725,0.638372,0.0811404,6.4688,0.310056,0,1.29847,39.9386,-10.5148,79.0456,1.29847,3.09734,-9.247244834899902,4.822343230247498,1.05093,395.510009765625,,,,,,,375.4,3.791919191,375.4,3.791919191,,,,,,,,,,,,,,,,,,,"Luisangel Acuna","26548",682668
"Edmundo Sosa","PHI",57,245,227,58,37,12,2,7,30,30,9,0,54,6,2,2,,3,1,0.254753,0.0352113,0.221831,0.15873,0.297872,0.414449,0.308189,0.712321,0.159696,5.42743,0.304124,0,-0.00484632,27.9806,-0.968007,95.0938,-0.00484632,3.32182,-1.4294808977283537,3.546818345785141,1.0506,999,,,,,,,257.7,4.521052631,257.7,4.521052631,,,,,,,,,,,,,,,,,,,"Edmundo Sosa","17022",624641
"Luis Rengifo","MIL",102,441,406,100,72,15,3,10,47,50,28,0,83,4,2,1,,10,5,0.24605,0.0644491,0.189189,0.340659,0.3,0.370203,0.294231,0.670203,0.124154,5.02641,0.285714,0,-0.550267,45.3676,-6.73999,87.8974,-0.550267,0.877078,-6.875998318195343,2.4520782232284546,1.04852,644.9299926757812,,,,,,,409.6,4.015686274,409.6,4.015686274,,,,,,,,,,,,,,,,,,,"Luis Rengifo","19858",650859
"Miguel Amaya","CHC",73,291,259,61,41,12,1,8,27,38,20,0,61,8,2,2,,0,0,0.237288,0.0679245,0.211321,0.321429,0.307985,0.381356,0.303305,0.689341,0.144068,1.94696,0.28,0,-0.449462,32.0803,-2.30363,95.151,-0.449462,-1.49445,-2.1218605041503906,2.680550217628479,1.04771,745.969970703125,,,,,,,282.3,3.867123287,282.3,3.867123287,,,,,,,,,,,,,,,,,,,"Miguel Amaya","21693",665804
"Zach McKinstry","DET",87,378,337,81,54,15,5,8,46,35,33,1,80,4,3,1,,13,3,0.240695,0.0884956,0.212389,0.416667,0.314856,0.382134,0.305403,0.69699,0.141439,7.065,0.292359,0,0.885178,42.3152,-2.34838,94.6738,0.885178,-0.166836,-1.487715482711792,-1.416835829615593,1.03393,510.30999755859375,,,,,,,391.1,4.495402298,391.1,4.495402298,,,,,,,,,,,,,,,,,,,"Zach McKinstry","19392",656716
"Jake Bauers","MIL",68,294,254,57,29,13,1,14,37,41,37,1,88,3,1,0,,9,2,0.225092,0.124204,0.299363,0.414894,0.328025,0.450184,0.336966,0.77821,0.225092,5.31176,0.282209,0,0.660699,40.4459,5.70757,117.172,0.660699,-1.7804,6.64443963766098,-6.3303961753845215,1.0329,999,,,,,,,371.7,5.46617647,371.7,5.46617647,,,,,,,,,,,,,,,,,,,"Jake Bauers","15194",641343
"Ryan Ritter","COL",60,259,229,59,38,12,2,7,35,33,20,0,70,6,1,3,,4,2,0.259524,0.0777311,0.268908,0.289062,0.334043,0.42381,0.331202,0.757852,0.164286,5.84904,0.341637,0,-0.221755,34.4188,3.81597,98.8162,-0.221755,1.10813,-0.5851531624794006,2.0331345200538635,1.02977,999,,,,,,,293.4,4.89,293.4,4.89,,,,,,,,,,,,,,,,,,,"Ryan Ritter","31500",690022
"Nick Fortes","TBR",79,314,282,63,46,10,0,7,33,32,20,0,52,6,2,3,,2,1,0.222642,0.0644068,0.166102,0.387755,0.287671,0.335849,0.277207,0.62352,0.113208,2.97057,0.246446,0,-0.487336,27.9269,-9.12731,74.6194,-0.487336,2.98657,-9.868382900953293,9.111574172973633,1.02689,999,,,,,,,244.6,3.096202531,244.6,3.096202531,,,,,,,,,,,,,,,,,,,"Nick Fortes","21538",663743
"Luke Raley","SEA",81,350,304,70,42,15,1,12,42,43,27,0,106,16,2,2,,7,2,0.230519,0.0760563,0.304225,0.25,0.322946,0.402597,0.320063,0.725544,0.172078,4.99713,0.310526,0,0.0130352,43.3466,1.99145,111.555,0.0130352,-1.8144,4.779561853967607,-6.864399671554565,1.0192,748.25,,,,,,,386.7,4.774074074,386.7,4.774074074,,,,,,,,,,,,,,,,,,,"Luke Raley","19354",670042
"Mark Vientos","NYM",102,441,401,101,61,19,2,19,49,63,32,0,117,4,3,0,,1,0,0.250526,0.0727969,0.264368,0.275362,0.310345,0.446316,0.326067,0.756661,0.195789,2.92803,0.304075,0,-0.472421,56.7665,4.65894,112.253,-0.472421,-1.00145,5.931736797094345,-10.676454782485962,1.0157,652.5700073242188,,,,,,,519.6,5.094117647,519.6,5.094117647,,,,,,,,,,,,,,,,,,,"Mark Vientos","22184",668901
"Brooks Baldwin","CHW",73,315,288,73,49,13,1,10,37,39,21,0,71,1,1,3,,6,2,0.255319,0.0669546,0.226782,0.295238,0.30786,0.416076,0.314258,0.723936,0.160756,4.81088,0.304918,0,-0.0828169,37.5274,0.307704,100.767,-0.0828169,-0.776803,0.2020704448223114,-1.3518033027648926,0.991619,748.22998046875,,,,,,,330,4.520547945,330,4.520547945,,,,,,,,,,,,,,,,,,,"Brooks Baldwin","31394",681460
"Sung-Mun Song","SDP",66,287,260,63,44,11,1,6,32,29,24,2,53,0,2,0,,5,0,0.24283,0.0847751,0.185121,0.457944,0.306759,0.370937,0.29521,0.677696,0.128107,5.12734,0.280098,0,0.446517,29.753,-4.15825,91.552,0.446517,1.83399,-2.4271026253700256,2.5089850425720215,0.985315,999,,,,,,,268.3,4.065151515,268.3,4.065151515,,,,,,,,,,,,,,,,,,,"Sung-Mun Song","sa3012529",823550
"Joey Bart","PIT",71,282,247,58,41,10,0,7,28,28,28,0,80,6,1,0,,1,1,0.234483,0.0996979,0.283988,0.351064,0.326284,0.358621,0.306806,0.684905,0.124138,1.88102,0.31746,0,-0.672492,31.8446,-1.42864,93.8739,-0.672492,-2.5245,-2.7170974612236023,2.9754998683929443,0.984994,999,,,,,,,273.7,3.854929577,273.7,3.854929577,,,,,,,,,,,,,,,,,,,"Joey Bart","21524",663698
"Andrew Vaughn","MIL",130,560,508,127,79,27,1,20,54,81,41,0,109,7,4,0,,0,0,0.250474,0.0740103,0.194492,0.380531,0.313253,0.426945,0.32112,0.740198,0.176471,1.43831,0.279597,0,-0.839924,69.8352,3.66692,106.317,-0.839924,-2.44699,3.3530301451683044,-12.446993112564087,0.975793,272.2699890136719,,,,,,,619.2,4.763076923,619.2,4.763076923,,,,,,,,,,,,,,,,,,,"Andrew Vaughn","26197",683734
"Sam Haggerty","TEX",65,280,247,62,43,12,4,4,36,29,26,1,58,4,2,2,,15,3,0.250923,0.0912052,0.208469,0.4375,0.327869,0.372694,0.308536,0.700563,0.121771,7.75081,0.312195,0,1.32842,32.0567,-1.02741,98.4879,1.32842,1.215,0.8294076323509216,-1.084999918937683,0.95985,999,,,,,,,305.5,4.7,305.5,4.7,,,,,,,,,,,,,,,,,,,"Sam Haggerty","18054",664059
"Alek Thomas","ARI",97,420,386,95,64,18,4,10,52,46,23,0,95,4,4,4,,6,3,0.246512,0.0555556,0.226496,0.245283,0.293103,0.388372,0.295919,0.681476,0.14186,5.4701,0.299685,0,-0.444519,43.7827,-5.84356,87.3146,-0.444519,1.71529,-6.759126901626587,2.1152942776679993,0.954542,746.030029296875,,,,,,,399,4.113402061,399,4.113402061,,,,,,,,,,,,,,,,,,,"Alek Thomas","23792",677950
"Pavin Smith","ARI",105,455,396,96,59,20,2,14,53,54,54,1,117,1,4,0,,4,1,0.241791,0.119481,0.257143,0.464646,0.332468,0.41194,0.325156,0.744408,0.170149,4.04739,0.303965,0,-0.523874,58.2321,4.47038,107.343,-0.523874,0,3.4362094402313232,-9.375,0.94119,999,,,,,,,512.4,4.88,512.4,4.88,,,,,,,,,,,,,,,,,,,"Pavin Smith","19892",656976
"Luis García Jr.","WSN",113,490,458,122,84,23,2,14,60,64,26,1,77,1,5,0,,12,5,0.267717,0.0533088,0.158088,0.337209,0.305147,0.419291,0.311626,0.724438,0.151575,4.86445,0.291262,0,-0.227878,57.3287,-0.568586,99.079,-0.227878,-1.69123,-0.7627563327550888,-6.391233921051025,0.935999,261.8500061035156,,,,,,,524.7,4.643362831,524.7,4.643362831,,,,,,,,,,,,,,,,,,,"Luis Garcia Jr.","20391",671277
"Lane Thomas","KCR",97,420,374,89,53,18,4,13,52,53,36,0,109,5,4,0,,14,5,0.238876,0.085595,0.258873,0.330645,0.311065,0.416862,0.315835,0.727927,0.177986,6.51592,0.296928,0,0.0262305,50.5743,0.948063,99.0942,0.0262305,-2.49025,-0.42214118875563145,-4.890247821807861,0.935477,726.6699829101562,,,,,,,457.2,4.713402061,457.2,4.713402061,,,,,,,,,,,,,,,,,,,"Lane Thomas","16939",657041
"Coby Mayo","BAL",44,189,169,40,22,9,1,7,22,25,16,0,52,3,1,0,,1,1,0.233405,0.084453,0.274472,0.307692,0.307102,0.426124,0.317468,0.733226,0.192719,3.93665,0.289902,0,-0.272733,23.009,0.677214,104.68,-0.272733,1.29232,0.7698320150375366,1.6673182249069214,0.914901,459.1600036621094,,,,,,,208.7,4.743181818,208.7,4.743181818,,,,,,,,,,,,,,,,,,,"Coby Mayo","28312",691723
"Jake Rogers","DET",49,192,172,36,22,8,1,6,23,24,16,0,57,1,2,1,,0,0,0.208163,0.0839416,0.29562,0.283951,0.278388,0.359184,0.2797,0.637572,0.15102,2.88528,0.27044,0,-0.259055,17.4867,-5.19954,76.9681,-0.259055,4.00235,-5.4710458517074585,7.752352714538574,0.909521,999,,,,,,,165.9,3.385714285,165.9,3.385714285,,,,,,,,,,,,,,,,,,,"Jake Rogers","19452",668670
"Dominic Canzone","SEA",97,420,384,96,62,18,1,16,53,55,30,2,94,3,3,0,,4,2,0.250608,0.0712695,0.224944,0.316832,0.30735,0.425791,0.315787,0.73314,0.175182,3.65578,0.290541,0,-0.629158,50.5579,0.931713,108.609,-0.629158,-0.425415,3.632645606994629,-9.22541481256485,0.906791,477.1600036621094,,,,,,,462.9,4.772164948,462.9,4.772164948,,,,,,,,,,,,,,,,,,,"Dominic Canzone","26438",686527
"Kody Clemens","MIN",58,252,230,53,29,11,3,10,32,35,18,1,61,3,1,1,,3,1,0.229692,0.0714286,0.242347,0.294737,0.29156,0.434174,0.311504,0.725734,0.204482,5.88434,0.266129,0,0.0570571,29.4583,-0.317435,98.369,0.0570571,3.06379,-0.4273574948310852,0.5637893676757812,0.901359,700.7000122070312,,,,,,,275.7,4.753448275,275.7,4.753448275,,,,,,,,,,,,,,,,,,,"Kody Clemens","20572",665019
"Giancarlo Stanton","NYY",96,413,369,82,43,13,0,26,43,71,40,2,131,2,2,0,,0,0,0.222222,0.0963173,0.31728,0.303571,0.300283,0.466667,0.327109,0.76695,0.244444,0.66115,0.262295,0,-0.548388,53.5115,4.71241,111.005,-0.548388,0,4.808493793010712,-10.22499942779541,0.900174,251.4600067138672,,,,,,,498.3,5.190625,498.3,5.190625,,,,,,,,,,,,,,,,,,,"Giancarlo Stanton","4949",519317
"Rhys Hoskins","CLE",92,399,344,79,46,17,1,16,43,46,46,1,108,5,5,0,,2,1,0.229947,0.115207,0.271889,0.423729,0.324885,0.419786,0.324179,0.744671,0.18984,2.905,0.282787,0,-0.639955,50.7486,3.60364,109.043,-0.639955,-0.392367,3.6127986907958984,-8.71736678481102,0.88279,737.989990234375,,,,,,,457.8,4.976086956,457.8,4.976086956,,,,,,,,,,,,,,,,,,,"Rhys Hoskins","16472",656555
"Dalton Rushing","LAD",42,168,145,33,19,6,0,6,21,23,18,0,47,4,1,0,,0,0,0.226866,0.105398,0.280206,0.376147,0.326478,0.41194,0.323492,0.738418,0.185075,3.19092,0.285047,0,-0.1847,21.2995,1.42533,107.697,-0.1847,-0.8424,1.3496984392404556,1.6576000452041626,0.880231,745.8300170898438,,,,,,,179.6,4.276190476,179.6,4.276190476,,,,,,,,,,,,,,,,,,,"Dalton Rushing","31382",687221
"Spencer Steer","CIN",86,371,329,78,47,18,1,13,43,49,36,0,80,5,1,0,,6,1,0.238095,0.0962838,0.214527,0.448819,0.320946,0.413333,0.321528,0.734279,0.175238,4.51962,0.276316,0,0.160891,46.3885,2.55203,100.962,0.160891,0.223448,0.5837745815515518,-4.351551532745361,0.877379,335.70001220703125,,,,,,,419.5,4.877906976,419.5,4.877906976,,,,,,,,,,,,,,,,,,,"Spencer Steer","26323",668715
"Chandler Simpson","TBR",105,455,422,121,105,13,3,0,60,35,25,0,47,0,2,7,,42,9,0.286267,0.05386,0.102334,0.526316,0.324226,0.332689,0.29155,0.656914,0.0464217,7.38486,0.320346,0,3.96368,45.8176,-7.94418,84.4998,3.96368,1.41382,-4.348636865615845,-2.8611819744110107,0.864596,180.19000244140625,,,,,,,440,4.19047619,440,4.19047619,,,,,,,,,,,,,,,,,,,"Chandler Simpson","31912",802415
"Alex Call","LAD",36,154,129,31,20,6,0,4,20,19,20,0,28,3,1,2,,3,1,0.241486,0.126943,0.178756,0.710145,0.350785,0.390093,0.329662,0.740878,0.148607,4.41632,0.275304,0,-0.213418,20.2727,2.07645,111.924,-0.213418,1.90705,1.9628926664590836,1.3570526242256165,0.863882,999,,,,,,,171.5,4.763888888,171.5,4.763888888,,,,,,,,,,,,,,,,,,,"Alex Call","19296",669743
"Luis Campusano","SDP",45,182,162,40,27,7,0,6,22,22,17,0,37,1,1,0,,0,0,0.249364,0.0954545,0.202273,0.47191,0.325,0.40458,0.320088,0.72958,0.155216,2.81148,0.287671,0,-0.219895,22.4945,1.03701,108.595,-0.219895,-1.63705,1.6299694627523422,0.6629472970962524,0.852754,999,,,,,,,192.7,4.282222222,192.7,4.282222222,,,,,,,,,,,,,,,,,,,"Luis Campusano","22217",669134
"Marcelo Mayer","BOS",107,462,420,100,64,22,3,12,60,53,35,1,110,3,4,0,,4,3,0.237654,0.0758427,0.238764,0.317647,0.297753,0.385802,0.29704,0.683555,0.148148,4.58633,0.291846,0,-0.943938,48.5817,-6.00719,84.9676,-0.943938,0.1152,-9.129398167133331,1.4151999577879906,0.837642,589.5399780273438,,,,,,,446.9,4.176635514,446.9,4.176635514,,,,,,,,,,,,,,,,,,,"Marcelo Mayer","29668",691785
"Daylen Lile","WSN",128,553,505,131,86,24,11,10,69,65,36,0,103,7,4,1,,14,6,0.25969,0.0654867,0.185841,0.352381,0.315603,0.408915,0.314528,0.724518,0.149225,6.79635,0.306173,0,-0.5173,66.0025,0.661302,101.067,-0.5173,-2.8843,0.18204420804977417,-10.40930438041687,0.836014,206.50999450683594,,,,,,,593.7,4.63828125,593.7,4.63828125,,,,,,,,,,,,,,,,,,,"Daylen Lile","29995",695734
"Zach Cole","HOU",75,322,285,61,34,13,3,11,38,44,30,1,130,5,1,0,,11,4,0.214452,0.0929752,0.404959,0.229592,0.299587,0.400932,0.304688,0.700519,0.18648,7.09602,0.344037,0,0.179312,35.8593,-2.18744,95.0073,0.179312,0.192724,-1.715496376156807,-1.2572759091854095,0.829749,743.5999755859375,,,,,,,329.5,4.393333333,329.5,4.393333333,,,,,,,,,,,,,,,,,,,"Zach Cole","31583",805904
"Tyler Heineman","TOR",39,154,132,29,22,4,1,3,18,15,13,0,29,4,1,3,,3,1,0.22293,0.0874317,0.185792,0.470588,0.312849,0.324841,0.288124,0.63769,0.101911,5.26163,0.264463,0,-0.10055,15.0398,-3.10918,83.625,-0.10055,2.8682,-3.0650035440921783,5.868196725845337,0.827693,999,,,,,,,129.8,3.328205128,129.8,3.328205128,,,,,,,,,,,,,,,,,,,"Tyler Heineman","13897",623168
"Leo Rivas","SEA",39,168,138,31,24,4,1,2,23,15,24,0,41,2,2,2,,8,2,0.224551,0.142857,0.246305,0.58,0.3425,0.320359,0.303014,0.662859,0.0958084,6.42462,0.297414,0,0.569516,18.4808,-1.36966,99.81,0.569516,0.58492,0.531897846609354,1.6849203705787659,0.818409,999,,,,,,,159.3,4.084615384,159.3,4.084615384,,,,,,,,,,,,,,,,,,,"Leo Rivas","21009",660844
"Mickey Moniak","COL",112,483,450,118,69,22,5,22,63,69,25,1,120,4,3,0,,9,4,0.262651,0.0516854,0.249438,0.207207,0.305618,0.479518,0.333974,0.785136,0.216867,5.79576,0.310105,0,-0.686207,65.2735,8.20329,100.715,-0.686207,0.330378,-0.27687060832977295,-7.844622254371643,0.813183,245.8300018310547,,,,,,,602.8,5.382142857,602.8,5.382142857,,,,,,,,,,,,,,,,,,,"Mickey Moniak","19956",666160
"David Hamilton","MIL",47,203,183,40,27,7,1,5,27,23,17,0,53,1,1,1,,18,4,0.219585,0.0855615,0.259358,0.329897,0.290323,0.356083,0.285641,0.646406,0.136499,7.6177,0.277056,0,1.83397,19.4677,-4.51827,82.0132,1.83397,2.8275,-2.4936139583587646,3.652500092983246,0.809573,743.3300170898438,,,,,,,191,4.063829787,191,4.063829787,,,,,,,,,,,,,,,,,,,"David Hamilton","27531",666152
"Matt Shaw","CHC",60,259,229,56,36,10,2,8,33,32,23,0,50,3,2,0,,10,3,0.245243,0.0898876,0.192884,0.466019,0.320826,0.408034,0.318301,0.728859,0.162791,6.30578,0.278552,0,0.429086,31.706,1.10316,105.424,0.429086,0.396783,2.0940597355365753,-2.828217327594757,0.806513,336.67999267578125,,,,,,,288.8,4.813333333,288.8,4.813333333,,,,,,,,,,,,,,,,,,,"Matt Shaw","33322",807713
"Trevor Larnach","MIN",96,413,365,89,57,18,1,13,48,49,41,2,99,2,5,0,,2,2,0.245495,0.0994036,0.240557,0.413223,0.322068,0.407658,0.31707,0.729725,0.162162,3.02057,0.297125,0,-0.835719,50.1453,1.34612,102.203,-0.835719,0,0.236741304397583,-6.625,0.800752,748.52001953125,,,,,,,440.7,4.590625,440.7,4.590625,,,,,,,,,,,,,,,,,,,"Trevor Larnach","21501",663616
"Henry Davis","PIT",65,256,226,51,32,11,1,7,28,29,20,1,64,7,1,1,,3,1,0.224551,0.0793651,0.248677,0.319149,0.305851,0.377245,0.300735,0.683097,0.152695,4.28228,0.277056,0,-0.261945,27.6877,-2.56067,89.7149,-0.261945,-2.3097,-3.3825836777687073,2.6902971267700195,0.800585,999,,,,,,,246.9,3.798461538,246.9,3.798461538,,,,,,,,,,,,,,,,,,,"Henry Davis","29617",680779
"Edouard Julien","COL",87,378,322,81,55,15,2,9,41,37,51,1,108,3,1,1,,4,2,0.25,0.134357,0.285988,0.469799,0.355769,0.38964,0.331225,0.745409,0.13964,4.07617,0.347368,0,-0.879486,50.2398,5.5762,98.8317,-0.879486,-3.51443,-1.4028989672660828,-3.364432692527771,0.79894,746.0499877929688,,,,,,,435.1,5.001149425,435.1,5.001149425,,,,,,,,,,,,,,,,,,,"Edouard Julien","27534",666397
"Romy Gonzalez","BOS",45,196,182,48,30,10,2,5,25,27,10,1,49,2,2,0,,5,2,0.265574,0.0516717,0.25228,0.204819,0.306991,0.436066,0.317653,0.743056,0.170492,6.23754,0.331797,0,-0.297983,23.8907,0.731747,99.1673,-0.297983,1.55647,-0.4903525710105896,1.3564705103635788,0.778815,999,,,,,,,214.1,4.757777777,214.1,4.757777777,,,,,,,,,,,,,,,,,,,"Romy Gonzalez","21562",663853
"Austin Martin","MIN",76,329,283,70,53,14,1,3,37,26,36,0,53,7,2,2,,13,5,0.248387,0.108033,0.160665,0.672414,0.345404,0.332258,0.307525,0.677662,0.083871,5.21195,0.294821,0,0.0539866,37.3967,-1.47718,95.6283,0.0539866,-0.237938,-1.6411988101899624,-2.162937581539154,0.76934,748.5599975585938,,,,,,,323.2,4.252631578,323.2,4.252631578,,,,,,,,,,,,,,,,,,,"Austin Martin","27462",668885
"Travis d'Arnaud","LAA",58,231,211,45,26,12,1,7,23,25,14,0,68,4,1,0,,0,0,0.214286,0.0615385,0.292308,0.210526,0.276923,0.378151,0.286245,0.655074,0.163866,2.42464,0.277419,0,-0.293267,22.2661,-5.02833,80.5488,-0.293267,0.91946,-5.589064508676529,5.119459331035614,0.765404,999,,,,,,,201.3,3.470689655,201.3,3.470689655,,,,,,,,,,,,,,,,,,,"Travis d'Arnaud","7739",518595
"Nasim Nuñez","WSN",87,378,329,73,60,10,1,3,47,30,40,0,91,3,3,4,,30,6,0.223097,0.105023,0.239726,0.438095,0.309469,0.283465,0.27155,0.592933,0.0603675,6.51954,0.297101,0,2.89488,31.9258,-12.7378,71.6259,2.89488,2.6244,-9.81696629524231,4.6743998527526855,0.760549,583.0999755859375,,,,,,,311.9,3.585057471,311.9,3.585057471,,,,,,,,,,,,,,,,,,,"Nasim Nunez","25979",683083
"Andrés Chaparro","WSN",60,259,233,57,34,12,1,9,28,33,21,1,62,3,2,0,,1,0,0.242857,0.0815451,0.238197,0.342342,0.311159,0.421429,0.317566,0.732587,0.178571,3.01897,0.288136,0,-0.159276,31.5514,0.948533,103.148,-0.159276,2.81798,0.8070732951164246,-2.00701642036438,0.758857,999,,,,,,,285.2,4.753333333,285.2,4.753333333,,,,,,,,,,,,,,,,,,,"Andres Chaparro","21797",665953
"Kyle Karros","COL",55,238,213,55,38,12,1,3,30,25,20,1,55,3,1,0,,3,0,0.259091,0.0855397,0.232179,0.368421,0.329939,0.377273,0.310872,0.707212,0.118182,5.11239,0.332298,0,-0.0168329,27.6997,-0.421815,84.8897,-0.0168329,3.07003,-4.27914622053504,3.770032823085785,0.758054,999,,,,,,,238.4,4.334545454,238.4,4.334545454,,,,,,,,,,,,,,,,,,,"Kyle Karros","33252",691720
"Alan Roden","MIN",45,196,172,45,31,9,1,4,25,22,17,0,31,5,1,0,,4,1,0.260417,0.0890411,0.157534,0.565217,0.344749,0.385417,0.323156,0.730166,0.125,5.11877,0.296774,0,-0.00502779,24.7662,1.60732,106.396,-0.00502779,1.16582,1.4724160241894424,-1.134178638458252,0.724806,999,,,,,,,220.2,4.893333333,220.2,4.893333333,,,,,,,,,,,,,,,,,,,"Alan Roden","31564",702176
"George Valera","CLE",91,392,349,82,53,16,1,13,46,46,38,0,113,2,3,0,,1,1,0.236066,0.0962099,0.28863,0.333333,0.311953,0.396721,0.310137,0.708675,0.160656,2.88332,0.308081,0,-0.850575,45.3892,-0.928591,99.3704,-0.850575,0.240141,-1.1414442658424377,-5.359858721494675,0.715236,748.3099975585938,,,,,,,403.6,4.435164835,403.6,4.435164835,,,,,,,,,,,,,,,,,,,"George Valera","22541",671655
"Graham Pauley","MIA",76,329,295,66,41,15,1,9,38,38,28,1,68,4,1,1,,5,1,0.224691,0.0862832,0.205752,0.419355,0.299335,0.37284,0.295203,0.672174,0.148148,4.83098,0.261589,0,-0.0576493,34.1052,-4.76865,86.4675,-0.0576493,2.18425,-5.334411811083555,1.3592541813850403,0.713195,999,,,,,,,311.1,4.093421052,311.1,4.093421052,,,,,,,,,,,,,,,,,,,"Graham Pauley","31363",688363
"Carson Benge","NYM",96,413,366,90,58,17,5,10,56,51,39,2,88,6,2,0,,9,2,0.24622,0.0956023,0.212237,0.45045,0.328872,0.401728,0.319676,0.7306,0.155508,6.36224,0.296188,0,0.0894151,51.0192,2.22005,107.874,0.0894151,-7.14842,3.943879194557667,-10.773419857025146,0.707089,999,,,,,,,456.3,4.753125,456.3,4.753125,,,,,,,,,,,,,,,,,,,"Carson Benge","35177",701807
"Jake Fraley","TBR",94,406,360,87,61,16,1,9,47,41,38,1,82,6,1,0,,14,4,0.241379,0.0948012,0.201835,0.469697,0.324159,0.365517,0.305875,0.689676,0.124138,5.22638,0.288991,0,0.517628,45.6052,-2.3668,94.3674,0.517628,-0.173228,-2.1776671409606934,-4.923227712512016,0.70319,999,,,,,,,411.3,4.375531914,411.3,4.375531914,,,,,,,,,,,,,,,,,,,"Jake Fraley","19260",641584
"Harry Ford","WSN",55,224,194,45,32,8,0,4,27,24,25,0,50,4,1,0,,4,2,0.232877,0.110672,0.22332,0.495575,0.332016,0.349315,0.306768,0.681331,0.116438,4.24844,0.290221,0,-0.424747,25.3465,-1.14445,95.7511,-0.424747,0,-1.553773581981659,0.9500000476837158,0.701395,725.52001953125,,,,,,,207.8,3.778181818,207.8,3.778181818,,,,,,,,,,,,,,,,,,,"Harry Ford","29958",695670
"Christian Moore","LAA",78,336,300,67,46,10,4,8,37,37,31,1,107,2,2,1,,6,2,0.224057,0.0926316,0.317895,0.291391,0.299578,0.358491,0.28989,0.658069,0.134434,5.89753,0.316981,0,-0.255599,33.3815,-6.31946,83.06,-0.255599,0.995328,-6.964105069637299,2.1953280568122864,0.695295,748.3499755859375,,,,,,,307,3.935897435,307,3.935897435,,,,,,,,,,,,,,,,,,,"Christian Moore","34979",695681
"Andy Ibáñez","ATH",62,266,243,61,40,14,1,5,28,30,19,0,52,3,2,0,,4,2,0.25,0.0712251,0.193732,0.367647,0.310541,0.38125,0.303637,0.691791,0.13125,4.15233,0.295547,0,-0.273102,29.3959,-2.03402,90.8884,-0.273102,1.42983,-3.129685252904892,0.6798261404037476,0.686049,999,,,,,,,259.9,4.191935483,259.9,4.191935483,,,,,,,,,,,,,,,,,,,"Andy Ibanez","18819",628451
"José Tena","WSN",53,231,211,54,37,11,1,4,26,25,17,0,59,1,1,1,,6,3,0.254386,0.074,0.254,0.291339,0.311871,0.377193,0.302593,0.689064,0.122807,5.32881,0.332298,0,-0.207579,25.3322,-1.9622,92.891,-0.207579,0.671707,-2.1538912653923035,0.9967073798179626,0.667921,999,,,,,,,223.6,4.218867924,223.6,4.218867924,,,,,,,,,,,,,,,,,,,"Jose Tena","23691",677588
"Andrew Benintendi","CHW",120,518,468,119,80,21,2,16,58,63,44,2,92,2,4,0,,4,1,0.253933,0.0851927,0.178499,0.477273,0.318458,0.408989,0.31555,0.727447,0.155056,3.90239,0.283237,0,-0.408216,62.2552,1.04947,101.658,-0.408216,-5.26761,0.6037330627441406,-11.917612552642822,0.66655,735.8099975585938,,,,,,,563.9,4.699166666,563.9,4.699166666,,,,,,,,,,,,,,,,,,,"Andrew Benintendi","17901",643217
"Mauricio Dubón","ATL",104,448,418,107,77,22,1,7,52,42,22,0,56,2,3,2,,4,1,0.256,0.0497512,0.124378,0.4,0.295,0.362667,0.287519,0.657667,0.106667,4.15219,0.279503,0,-0.23433,43.6462,-9.28844,82.0738,-0.23433,0.079145,-9.752660974860191,1.2791450843214989,0.658028,743.3800048828125,,,,,,,393.3,3.781730769,393.3,3.781730769,,,,,,,,,,,,,,,,,,,"Mauricio Dubon","16530",643289
"James Outman","MIN",49,210,183,40,23,8,2,8,30,23,22,0,72,4,2,0,,6,1,0.221239,0.104046,0.342967,0.303371,0.314066,0.415929,0.317932,0.729995,0.19469,6.79215,0.310078,0,0.482494,25.6446,0.831432,102.797,0.482494,-0.774783,1.17477685213089,-2.0247825980186462,0.652534,999,,,,,,,237.4,4.844897959,237.4,4.844897959,,,,,,,,,,,,,,,,,,,"James Outman","24770",681546
"Dane Myers","CIN",65,280,254,64,46,10,1,8,34,37,21,0,69,4,1,0,,10,3,0.253602,0.075718,0.245431,0.308511,0.318538,0.391931,0.312081,0.710469,0.138329,5.31007,0.315574,0,0.381303,32.8627,-0.221451,94.4905,0.381303,-1.5,-1.4470522999763489,-1.4999999701976776,0.651589,999,,,,,,,299.9,4.613846153,299.9,4.613846153,,,,,,,,,,,,,,,,,,,"Dane Myers","22054",667472
"Oswald Peraza","LAA",63,273,249,54,38,9,0,7,31,27,19,0,71,4,1,0,,12,3,0.218579,0.0698254,0.259352,0.269231,0.284289,0.344262,0.278794,0.628552,0.125683,5.05203,0.27381,0,0.795022,24.6631,-7.59391,75.4166,0.795022,3.55387,-7.114989459514618,4.078874945640564,0.650718,999,,,,,,,228.7,3.63015873,228.7,3.63015873,,,,,,,,,,,,,,,,,,,"Oswald Peraza","22823",672724
"Brandon Lockridge","MIL",37,161,144,35,26,7,1,2,20,16,13,0,42,2,1,2,,9,1,0.246875,0.0807799,0.261838,0.308511,0.315493,0.35,0.295553,0.665493,0.103125,7.51896,0.334821,0,1.06614,16.7356,-2.28784,88.803,1.06614,2.14962,-1.0704602003097534,2.0246152877807617,0.64566,999,,,,,,,156.1,4.218918918,156.1,4.218918918,,,,,,,,,,,,,,,,,,,"Brandon Lockridge","21496",663604
"Ryan Vilade","TBR",47,203,181,44,30,8,2,5,24,24,17,0,48,3,2,0,,3,2,0.245327,0.0854167,0.235417,0.362832,0.317328,0.38785,0.30948,0.705178,0.142523,5.38345,0.305195,0,-0.342759,23.3967,-0.589267,96.8506,-0.342759,2.42602,-1.0962742865085602,0.4010162353515625,0.643717,999,,,,,,,207.1,4.406382978,207.1,4.406382978,,,,,,,,,,,,,,,,,,,"Ryan Vilade","22165",668723
"Jordan Beck","COL",134,581,530,133,83,28,4,17,66,63,47,0,165,2,2,0,,16,6,0.250485,0.0814159,0.283186,0.2875,0.313274,0.417476,0.317705,0.73075,0.16699,5.51267,0.329412,0,-0.111798,70.8431,2.19346,89.5704,-0.111798,0.384171,-7.2936698496341705,-5.840828478336334,0.633879,232.9199981689453,,,,,,,639.2,4.770149253,639.2,4.770149253,,,,,,,,,,,,,,,,,,,"Jordan Beck","31431",687597
"Rafael Marchán","PHI",36,141,124,29,20,7,0,2,13,15,12,0,21,3,1,1,,0,0,0.233918,0.0824742,0.149485,0.551724,0.310881,0.339181,0.290362,0.650062,0.105263,1.28673,0.262411,0,-0.229983,14.0424,-2.59422,82.8818,-0.229983,1.8144,-3.0866229087114334,4.56439995765686,0.630473,999,,,,,,,122.5,3.402777777,122.5,3.402777777,,,,,,,,,,,,,,,,,,,"Rafael Marchan","21646",665561
"J.C. Escarra","NYY",32,130,115,28,17,6,1,3,15,15,12,0,23,2,1,0,,1,0,0.239057,0.0898204,0.173653,0.517241,0.314371,0.387205,0.307907,0.701577,0.148148,4.08332,0.269231,0,-0.206378,14.7943,-0.542542,97.7776,-0.206378,0.438968,-0.5463724136352539,2.0889677107334137,0.614909,999,,,,,,,137,4.28125,137,4.28125,,,,,,,,,,,,,,,,,,,"J.C. Escarra","20084",641555
"Casey Schmitt","SFG",50,217,197,50,33,10,1,7,24,27,15,1,48,3,2,1,,2,1,0.251908,0.0671296,0.222222,0.302083,0.308585,0.40458,0.309463,0.713165,0.152672,3.66425,0.298611,0,-0.132151,25.0073,-0.632919,99.9704,-0.132151,-0.901385,-0.13976052403450012,-1.1263846158981323,0.609117,999,,,,,,,238.5,4.77,238.5,4.77,,,,,,,,,,,,,,,,,,,"Casey Schmitt","27577",669477
"Austin Hedges","CLE",36,141,122,23,18,3,0,3,11,10,12,0,37,1,1,4,,1,1,0.192771,0.0885417,0.260417,0.34,0.272727,0.289157,0.254198,0.561884,0.0963855,2.69328,0.245614,0,-0.215152,9.90825,-6.72835,60.8356,-0.215152,5.049,-6.71444596350193,7.798999786376953,0.606781,999,,,,,,,81.8,2.272222222,81.8,2.272222222,,,,,,,,,,,,,,,,,,,"Austin Hedges","12976",595978
"Drew Millas","WSN",39,154,140,34,24,6,1,2,15,16,12,0,28,0,1,0,,3,1,0.242857,0.0779221,0.181818,0.428571,0.302932,0.360714,0.290671,0.663646,0.117857,5.64619,0.285068,0,0.0526852,15.3576,-2.79145,84.7244,0.0526852,0.509143,-2.728196434676647,3.5091428756713867,0.602749,999,,,,,,,131.2,3.364102564,131.2,3.364102564,,,,,,,,,,,,,,,,,,,"Drew Millas","25643",686452
"Miguel Rojas","LAD",37,161,147,36,27,7,0,3,16,15,10,0,22,1,1,1,,3,0,0.247492,0.0642202,0.134557,0.477273,0.301538,0.354515,0.288265,0.656053,0.107023,3.89198,0.270916,0,0.13892,15.7829,-3.24051,83.5649,0.13892,2.89398,-2.997190088033676,3.4689807295799255,0.596308,999,,,,,,,141.8,3.832432432,141.8,3.832432432,,,,,,,,,,,,,,,,,,,"Miguel Rojas","7802",500743
"Hunter Feduccia","TBR",66,262,230,51,33,11,2,5,29,24,30,0,69,1,2,0,,1,0,0.221574,0.112532,0.263427,0.427184,0.309463,0.355685,0.295317,0.665148,0.134111,3.85504,0.289362,0,-0.282236,27.2257,-3.77892,87.0946,-0.282236,-4.14303,-4.273462414741516,0.9819703102111816,0.587263,999,,,,,,,240.8,3.648484848,240.8,3.648484848,,,,,,,,,,,,,,,,,,,"Hunter Feduccia","23372",676439
"Blake Perkins","MIL",34,147,129,29,21,6,1,3,19,15,15,0,40,1,1,0,,5,2,0.228477,0.104651,0.270349,0.387097,0.311953,0.344371,0.292601,0.656324,0.115894,6.0104,0.305825,0,0.0829809,14.9279,-2.44124,86.7806,0.0829809,2.39529,-2.2201730459928513,2.9202858209609985,0.572013,999,,,,,,,136.6,4.017647058,136.6,4.017647058,,,,,,,,,,,,,,,,,,,"Blake Perkins","19921",663368
"Javier Sanoja","MIA",50,217,200,52,36,11,2,3,23,23,13,0,21,1,2,2,,5,3,0.260304,0.058,0.096,0.604167,0.304435,0.381779,0.298829,0.686214,0.121475,5.13277,0.27561,0,-0.793669,23.1339,-2.50632,88.9519,-0.793669,1.51744,-3.6351314187049866,1.9924388229846954,0.570592,999,,,,,,,205.8,4.116,205.8,4.116,,,,,,,,,,,,,,,,,,,"Javier Sanoja","28253",691594
"Jahmai Jones","DET",32,140,120,30,17,7,2,4,20,19,15,0,32,4,0,1,,3,1,0.252366,0.108108,0.22973,0.470588,0.353261,0.44164,0.346914,0.794901,0.189274,6.09191,0.310811,0,-0.172431,20.3907,3.8486,123.269,-0.172431,0.243,3.6670885533094406,-2.956999808549881,0.565651,999,,,,,,,177.2,5.5375,177.2,5.5375,,,,,,,,,,,,,,,,,,,"Jahmai Jones","18872",663330
"Alex Freeland","LAD",37,161,140,31,20,7,0,5,20,18,18,0,44,2,1,0,,4,1,0.223301,0.111111,0.271044,0.409938,0.318718,0.374757,0.307055,0.693476,0.151456,4.74063,0.28739,0,0.0554794,18.2391,-0.784289,96.437,0.0554794,0.136985,-0.6244093887507915,0.7619853019714355,0.562114,999,,,,,,,165.7,4.478378378,165.7,4.478378378,,,,,,,,,,,,,,,,,,,"Alex Freeland","31665",690976
"Matt Vierling","DET",75,322,291,73,48,13,3,8,39,35,26,1,73,3,2,0,,4,1,0.24937,0.0797267,0.225513,0.353535,0.314351,0.397985,0.310325,0.712336,0.148615,5.16719,0.303448,0,-0.370857,37.333,-0.713744,98.0643,-0.370857,-3.26842,-1.1054848730564117,-4.6184210777282715,0.548273,999,,,,,,,339.6,4.528,339.6,4.528,,,,,,,,,,,,,,,,,,,"Matt Vierling","21558",663837
"Jorge Soler","LAA",118,511,447,99,55,22,0,22,61,64,54,1,147,6,4,0,,0,0,0.221024,0.106132,0.287736,0.368852,0.311321,0.415094,0.316396,0.726415,0.19407,1.41006,0.273504,0,-0.755845,61.7646,1.38599,101.319,-0.755845,-3.0975,0.03846561908721924,-12.372499704360962,0.537525,634.8099975585938,,,,,,,558,4.728813559,558,4.728813559,,,,,,,,,,,,,,,,,,,"Jorge Soler","14221",624585
"Griffin Conine","MIA",92,399,354,80,52,15,2,12,44,49,39,0,135,4,2,0,,1,1,0.227147,0.0982801,0.339066,0.289855,0.309582,0.379501,0.303963,0.689084,0.152355,3.27244,0.328638,0,-0.833174,44.1994,-2.9455,92.4683,-0.833174,2.62257,-4.394894599914551,-3.6524338722229004,0.534838,999,,,,,,,389.8,4.236956521,389.8,4.236956521,,,,,,,,,,,,,,,,,,,"Griffin Conine","21626",665052
"Daniel Schneemann","CLE",45,196,175,39,24,9,1,5,23,20,18,0,53,1,1,0,,4,1,0.225131,0.0936768,0.271663,0.344828,0.300469,0.374346,0.296926,0.674815,0.149215,5.056,0.291829,0,-0.0255723,20.5922,-2.56672,90.2694,-0.0255723,0.449851,-2.2734303176403046,0.749851256608963,0.534319,999,,,,,,,184,4.088888888,184,4.088888888,,,,,,,,,,,,,,,,,,,"Daniel Schneemann","25180",682177
"Zack Gelof","ATH",32,140,125,29,17,6,0,5,18,18,13,0,45,1,1,1,,4,1,0.231678,0.0907173,0.320675,0.282895,0.305085,0.401891,0.308661,0.706976,0.170213,5.46596,0.317829,0,0.259405,16.0426,-0.499482,94.3493,0.259405,0.966316,-0.6730028092861176,1.0663157925009727,0.533241,999,,,,,,,148.6,4.64375,148.6,4.64375,,,,,,,,,,,,,,,,,,,"Zack Gelof","29766",680869
"Michael Massey","KCR",58,252,233,58,39,12,1,6,25,28,12,0,48,3,3,1,,2,1,0.247475,0.0490654,0.189252,0.259259,0.290398,0.386364,0.29369,0.676762,0.138889,3.45736,0.281553,0,-0.368808,25.8136,-3.96211,83.8391,-0.368808,1.14395,-5.168780326843262,1.6439473628997803,0.526766,999,,,,,,,234.7,4.046551724,234.7,4.046551724,,,,,,,,,,,,,,,,,,,"Michael Massey","27684",686681
"Rob Refsnyder","SEA",62,266,231,54,34,12,0,8,31,32,27,1,78,5,2,0,,3,1,0.233333,0.103306,0.293388,0.352113,0.326446,0.385714,0.313671,0.712161,0.152381,3.37346,0.313433,0,-0.22601,31.5629,0.132994,107.151,-0.22601,-0.706909,2.0160422325134277,-6.106908738613129,0.518154,999,,,,,,,280.3,4.520967741,280.3,4.520967741,,,,,,,,,,,,,,,,,,,"Rob Refsnyder","13770",608701
"Austin Wynns","ATH",42,166,151,36,24,8,0,3,15,21,11,0,44,1,1,1,,0,0,0.234848,0.0689655,0.262069,0.263158,0.291667,0.356061,0.285023,0.647727,0.121212,1.16259,0.304348,0,-0.242432,15.8743,-3.78716,78.066,-0.242432,0.61425,-4.544158041477203,3.8642500042915344,0.516403,999,,,,,,,138,3.285714285,138,3.285714285,,,,,,,,,,,,,,,,,,,"Austin Wynns","15271",642851
"Moisés Ballesteros","CHC",91,389,353,94,68,15,1,9,40,50,30,2,67,3,3,0,,1,1,0.265655,0.0774527,0.172117,0.45,0.325301,0.396584,0.314085,0.721886,0.13093,2.63628,0.301435,0,-0.930306,46.2887,0.325377,102.536,-0.930306,0,0.23888367414474487,-8.149999618530273,0.514735,594.3599853515625,,,,,,,405.3,4.453846153,405.3,4.453846153,,,,,,,,,,,,,,,,,,,"Moises Ballesteros","28820",694208
"Esteury Ruiz","MIA",19,84,73,18,12,4,1,2,12,10,7,0,18,3,0,1,,8,2,0.249423,0.0865191,0.217304,0.398148,0.336714,0.394919,0.323551,0.731633,0.145497,7.93177,0.306962,0,0.718853,10.6411,0.71582,105.887,0.718853,0.780661,1.304942011833191,0.8806613385677338,0.509547,748.530029296875,,,,,,,103.5,5.447368421,103.5,5.447368421,,,,,,,,,,,,,,,,,,,"Esteury Ruiz","21780",665923
"Colby Thomas","ATH",34,147,134,33,18,8,1,5,18,23,8,0,44,3,1,0,,2,1,0.243902,0.0573013,0.299445,0.191358,0.301852,0.432927,0.316905,0.734779,0.189024,5.06414,0.31962,0,-0.209456,17.8286,0.459454,100.028,-0.209456,1.1844,-0.2045744569040835,0.10939991474151611,0.507913,748.5900268554688,,,,,,,160.7,4.726470588,160.7,4.726470588,,,,,,,,,,,,,,,,,,,"Colby Thomas","31855",687515
"Eli White","ATL",32,140,128,31,22,5,1,4,20,16,9,0,38,2,0,0,,6,1,0.245552,0.0618892,0.273616,0.22619,0.303922,0.380783,0.29929,0.684704,0.135231,7.276,0.321053,0,0.595408,14.9774,-1.56464,90.1374,0.595408,2.61087,-1.041078507900238,1.3108739852905273,0.504158,999,,,,,,,145,4.53125,145,4.53125,,,,,,,,,,,,,,,,,,,"Eli White","19346",642201
"Wenceel Pérez","DET",70,301,271,64,42,12,3,7,38,36,24,0,65,3,3,1,,7,3,0.236585,0.0791209,0.217582,0.363636,0.301762,0.385366,0.300094,0.687128,0.14878,6.44133,0.282895,0,-0.0780891,32.3979,-3.16753,91.0164,-0.0780891,0.666313,-3.265144020318985,-2.258686900138855,0.494794,748.5399780273438,,,,,,,291,4.157142857,291,4.157142857,,,,,,,,,,,,,,,,,,,"Wenceel Perez","22857",672761
"Starling Marte","KCR",63,273,247,66,47,12,2,5,31,27,18,0,57,6,2,1,,8,2,0.268041,0.0652174,0.208075,0.313433,0.330218,0.391753,0.317483,0.721971,0.123711,5.80238,0.327273,0,0.531099,33.2386,0.981529,100.23,0.531099,0,0.60494564473629,-5.224999904632568,0.488661,999,,,,,,,297.4,4.72063492,297.4,4.72063492,,,,,,,,,,,,,,,,,,,"Starling Marte","9241",516782
"Bryce Teodosio","LAA",60,259,236,52,38,8,3,3,28,24,14,0,85,5,2,3,,14,3,0.22029,0.0527704,0.327177,0.16129,0.274667,0.321739,0.263909,0.596406,0.101449,7.71965,0.324201,0,1.24415,20.2683,-10.3346,65.1629,1.24415,4.52377,-9.390292048454285,5.248773694038391,0.488321,999,,,,,,,198.9,3.315,198.9,3.315,,,,,,,,,,,,,,,,,,,"Bryce Teodosio","29524",669326
"Christian Vázquez","HOU",40,160,146,32,24,5,0,3,14,14,11,0,32,1,1,1,,1,1,0.218623,0.0664207,0.199262,0.333333,0.275093,0.315789,0.262609,0.590882,0.097166,1.99854,0.257895,0,-0.35756,12.3521,-6.55316,66.0208,-0.35756,2.87089,-6.765309005975723,5.9958860874176025,0.484707,999,,,,,,,111,2.775,111,2.775,,,,,,,,,,,,,,,,,,,"Christian Vazquez","9774",543877
"Tyrone Taylor","NYM",60,259,237,55,32,15,2,5,32,27,12,1,59,6,2,2,,7,2,0.230519,0.047619,0.229167,0.207792,0.284431,0.37987,0.288328,0.664301,0.149351,6.91567,0.283186,0,0.425389,25.4031,-5.19973,86.4001,0.425389,1.63473,-3.749365657567978,-0.14027273654937744,0.483668,999,,,,,,,234.6,3.91,234.6,3.91,,,,,,,,,,,,,,,,,,,"Tyrone Taylor","13675",621438
"Liam Hicks","MIA",76,318,271,67,51,11,1,4,31,31,34,0,47,9,3,1,,2,0,0.246377,0.106436,0.148515,0.716667,0.344913,0.336232,0.308521,0.681145,0.0898551,3.08269,0.28169,0,-0.303134,36.3578,-1.16911,95.5911,-0.303134,-2.37204,-1.9627523720264435,-3.9470367431640625,0.476453,748.5399780273438,,,,,,,312.2,4.107894736,312.2,4.107894736,,,,,,,,,,,,,,,,,,,"Liam Hicks","29844",689414
"Gavin Sheets","SDP",113,490,442,107,65,23,1,17,45,64,40,1,99,4,4,0,,1,1,0.241935,0.0810811,0.201663,0.402062,0.307692,0.417051,0.313863,0.724743,0.175115,1.9381,0.271605,0,-0.926309,58.2185,0.32125,104.33,-0.926309,-3.94586,1.5882081985473633,-13.345856666564941,0.464987,684.8099975585938,,,,,,,520.5,4.60619469,520.5,4.60619469,,,,,,,,,,,,,,,,,,,"Gavin Sheets","19901",657757
"Ezequiel Duran","TEX",57,245,227,57,37,13,1,6,29,26,13,0,58,3,1,1,,7,2,0.25,0.0546875,0.236979,0.230769,0.29765,0.390449,0.299742,0.6881,0.140449,5.35186,0.310078,0,0.270208,26.3004,-2.6482,92.4303,0.270208,-3.10617,-1.9156379699707031,-1.9811739921569824,0.464058,999,,,,,,,247.7,4.345614035,247.7,4.345614035,,,,,,,,,,,,,,,,,,,"Ezequiel Duran","23733",677649
"Darell Hernaiz","ATH",37,161,145,38,27,8,1,2,18,17,12,0,23,1,1,2,,3,1,0.260536,0.0757315,0.142857,0.53012,0.32,0.3659,0.302364,0.6859,0.105364,4.69718,0.295195,0,-0.166795,17.6259,-1.3975,90.0117,-0.166795,0.157437,-2.0621577203273773,1.0324366241693497,0.461597,999,,,,,,,157.4,4.254054054,157.4,4.254054054,,,,,,,,,,,,,,,,,,,"Darell Hernaiz","26224",687231
"Jared Oliva","SFG",26,112,102,24,16,4,1,2,16,13,7,0,25,2,0,1,,9,1,0.238532,0.0611111,0.225,0.271605,0.29972,0.370031,0.294574,0.66975,0.131498,8.908,0.295833,0,1.12641,11.5531,-1.68059,89.7709,1.12641,1.71072,-0.23144149780273438,1.0107199549674988,0.460974,999,,,,,,,109.8,4.223076923,109.8,4.223076923,,,,,,,,,,,,,,,,,,,"Jared Oliva","19968",666931
"José Fermín","STL",41,175,150,35,24,9,0,3,21,18,19,1,19,4,1,2,,5,2,0.234899,0.106628,0.10951,0.973684,0.331395,0.342282,0.30255,0.673677,0.107383,4.34258,0.252918,0,-0.120443,19.1851,-1.49254,94.9899,-0.120443,0.243,-1.1595993787050247,-0.18200001120567322,0.458431,999,,,,,,,173.2,4.224390243,173.2,4.224390243,,,,,,,,,,,,,,,,,,,"Jose Fermin","21746",665877
"Jon Berti",,31,133,119,29,23,4,0,2,16,10,11,0,30,1,1,0,,8,2,0.244275,0.0821918,0.226027,0.363636,0.312715,0.332061,0.288262,0.644776,0.0877863,6.20857,0.309278,0,0.662086,13.0377,-2.67723,82.7293,0.662086,1.39006,-2.0527616143226624,2.0150644779205322,0.456682,999,,,,,,,119.4,3.851612903,119.4,3.851612903,,,,,,,,,,,,,,,,,,,"Jon Berti","12037",542932
"Carlos Santana","ARI",83,357,312,70,48,14,0,9,36,40,40,1,66,2,2,0,,3,0,0.225641,0.112108,0.183857,0.609756,0.316144,0.353846,0.298176,0.66999,0.128205,3.11392,0.256667,0,0.0485171,37.8696,-4.3127,88.8611,0.0485171,3.69047,-4.664576131850481,-2.7845261096954346,0.453078,999,,,,,,,336.9,4.059036144,336.9,4.059036144,,,,,,,,,,,,,,,,,,,"Carlos Santana","2396",467793
"Thomas Saggese","STL",44,189,173,43,30,8,1,4,22,20,11,0,50,2,1,0,,2,1,0.247505,0.0604396,0.263736,0.229167,0.300917,0.367265,0.293397,0.668183,0.11976,4.20781,0.322857,0,-0.302388,19.3152,-3.01657,88.7194,-0.302388,0.6804,-2.829295516014099,0.9553999304771423,0.451626,999,,,,,,,174.3,3.961363636,174.3,3.961363636,,,,,,,,,,,,,,,,,,,"Thomas Saggese","27883",695336
"Gary Sánchez","MIL",37,150,133,28,16,5,0,7,16,22,12,0,43,3,1,0,,0,0,0.212245,0.0833333,0.286232,0.291139,0.293478,0.408163,0.306028,0.701641,0.195918,1.23157,0.251613,0,-0.21112,16.8228,-0.853561,95.9785,-0.21112,-1.44159,-0.9241535514593124,0.2334049940109253,0.438561,999,,,,,,,149.1,4.029729729,149.1,4.029729729,,,,,,,,,,,,,,,,,,,"Gary Sanchez","11442",596142
"Masataka Yoshida","BOS",40,175,158,44,30,9,0,4,19,22,13,1,22,3,1,0,,2,0,0.281337,0.0728643,0.128141,0.568627,0.344221,0.428969,0.335507,0.77319,0.147632,3.78039,0.302326,0,0.0527759,23.8677,3.19009,111.466,0.0527759,0,2.41775831207633,-4.175000190734863,0.436462,748.3300170898438,,,,,,,203.9,5.0975,203.9,5.0975,,,,,,,,,,,,,,,,,,,"Masataka Yoshida","31837",807799
"Edgar Quero","CHW",117,483,431,107,82,17,0,8,41,53,42,0,91,6,4,0,,0,1,0.247573,0.0865801,0.188312,0.45977,0.320346,0.34466,0.296863,0.665007,0.0970874,1.14967,0.292835,0,-1.28395,50.7206,-6.34954,88.7848,-1.28395,-2.59475,-7.668474078178406,-4.694745779037476,0.435939,475.1000061035156,,,,,,,433.9,3.708547008,433.9,3.708547008,,,,,,,,,,,,,,,,,,,"Edgar Quero","28022",700337
"Jesse Winker",,47,203,170,40,27,7,1,5,22,22,28,1,44,3,1,1,,2,1,0.232787,0.14011,0.217033,0.64557,0.349862,0.370492,0.322479,0.720354,0.137705,3.73399,0.283105,0,-0.161446,25.5393,1.55329,106.235,-0.161446,0,1.3344280570745468,-3.9750001430511475,0.432764,999,,,,,,,221,4.702127659,221,4.702127659,,,,,,,,,,,,,,,,,,,"Jesse Winker","13590",608385
"Heriberto Hernández","MIA",70,301,264,61,36,12,1,11,36,41,32,0,91,3,2,1,,4,1,0.229829,0.104925,0.301927,0.347518,0.317597,0.410758,0.31867,0.728355,0.180929,4.39423,0.30315,0,-0.222507,36.9377,1.37227,102.544,-0.222507,-0.552393,0.6848957538604736,-6.47739315032959,0.431948,999,,,,,,,331.3,4.732857142,331.3,4.732857142,,,,,,,,,,,,,,,,,,,"Heriberto Hernandez","24878",681715
"Jimmy Crooks","STL",24,97,88,21,15,4,0,2,11,11,7,0,27,1,1,0,,0,0,0.240964,0.0681319,0.276923,0.246032,0.299559,0.368675,0.293531,0.668234,0.127711,3.44568,0.319149,0,-0.104705,9.88274,-1.5313,88.8111,-0.104705,0.776432,-1.385731264948845,2.3514324426651,0.427626,999,,,,,,,84,3.5,84,3.5,,,,,,,,,,,,,,,,,,,"Jimmy Crooks","31354",699625
"TJ Rumfield","COL",97,420,374,99,67,21,1,10,50,46,35,1,79,6,4,0,,3,2,0.264392,0.0836502,0.188213,0.444444,0.334601,0.407249,0.324295,0.74185,0.142857,3.35544,0.30663,0,-0.726824,53.4591,3.83285,94.0848,-0.726824,1.55972,-3.6713255047798157,-6.240279316902161,0.415583,999,,,,,,,464.1,4.784536082,464.1,4.784536082,,,,,,,,,,,,,,,,,,,"TJ Rumfield","29805",681198
"James McCann","ARI",53,213,196,47,31,11,0,5,22,23,11,0,57,3,2,1,,1,0,0.238298,0.0507812,0.269531,0.188406,0.286275,0.370213,0.28638,0.656487,0.131915,2.82294,0.306748,0,-0.130205,20.5544,-4.61315,80.7801,-0.130205,-1.31351,-4.982243299484253,1.9114863872528076,0.410867,999,,,,,,,190,3.58490566,190,3.58490566,,,,,,,,,,,,,,,,,,,"James McCann","12859",543510
"Endy Rodríguez","PIT",26,105,94,23,14,6,1,2,14,12,9,0,22,1,1,0,,1,1,0.240997,0.084788,0.209476,0.404762,0.309227,0.393352,0.306926,0.702579,0.152355,4.51523,0.287823,0,-0.264793,11.8614,-0.521547,93.9555,-0.264793,0.561386,-1.0155760645866394,1.4613860845565796,0.402347,999,,,,,,,105.8,4.069230769,105.8,4.069230769,,,,,,,,,,,,,,,,,,,"Endy Rodriguez","25332",682848
"Jonny DeLuca","TBR",70,301,274,63,42,12,3,7,32,34,21,1,60,5,1,1,,9,2,0.231788,0.0692771,0.198795,0.348485,0.296073,0.374172,0.293159,0.670245,0.142384,6.27251,0.270742,0,0.633771,30.7031,-4.86235,85.6076,0.633771,-0.704427,-4.47211879491806,-2.0294269919395447,0.394761,999,,,,,,,286,4.085714285,286,4.085714285,,,,,,,,,,,,,,,,,,,"Jonny DeLuca","26365",676356
"Connor Wong","BOS",53,211,191,47,31,10,1,5,25,21,15,0,53,3,1,1,,3,2,0.243671,0.0716332,0.252149,0.284091,0.307471,0.379747,0.301918,0.687218,0.136076,4.27161,0.310811,0,-0.461909,23.0452,-1.90966,88.328,-0.461909,-4.23446,-3.3673498034477234,-0.10945558547973633,0.388005,999,,,,,,,208,3.924528301,208,3.924528301,,,,,,,,,,,,,,,,,,,"Connor Wong","19896",657136
"Ryan Waldschmidt","ARI",26,112,97,23,16,4,1,2,15,13,12,0,25,2,1,0,,3,1,0.233663,0.106164,0.22089,0.48062,0.330479,0.350495,0.305059,0.680974,0.116832,5.63063,0.291892,0,-0.171928,12.5066,-0.727092,93.5763,-0.171928,2.14036,-1.0246323496103287,1.0403634309768677,0.382853,999,,,,,,,112.8,4.338461538,112.8,4.338461538,,,,,,,,,,,,,,,,,,,"Ryan Waldschmidt","sa3025261",814439
"Nick Loftin","KCR",26,112,98,24,16,5,0,2,13,12,12,0,17,1,1,0,,2,1,0.243316,0.102804,0.154206,0.666667,0.327869,0.371658,0.310196,0.699527,0.128342,4.2293,0.270627,0,-0.0945557,12.9737,-0.259982,95.2095,-0.0945557,0.864,-0.7269206717610359,0.46400001645088196,0.3675,999,,,,,,,109.7,4.219230769,109.7,4.219230769,,,,,,,,,,,,,,,,,,,"Nick Loftin","27630",679845
"Jasson Domínguez","NYY",23,98,88,22,15,4,0,3,14,13,9,0,25,0,1,0,,5,1,0.255319,0.0932203,0.254237,0.366667,0.326271,0.420804,0.32487,0.747075,0.165485,6.38848,0.317241,0,0.454607,12.5195,0.940066,109.463,0.454607,-0.390393,1.5475974380970001,-1.3403934836387634,0.3663,421.5400085449219,,,,,,,108.7,4.726086956,108.7,4.726086956,,,,,,,,,,,,,,,,,,,"Jasson Dominguez","28080",691176
"JJ Bleday","CIN",53,231,204,48,26,11,0,10,31,32,25,0,53,1,1,0,,1,1,0.232609,0.107692,0.228846,0.470588,0.317308,0.43913,0.327609,0.756438,0.206522,3.20339,0.2625,0,-0.437491,30.024,2.72962,105.128,-0.437491,-2.83258,0.9664291441440582,-5.107582092285156,0.362624,748.5800170898438,,,,,,,267.8,5.052830188,267.8,5.052830188,,,,,,,,,,,,,,,,,,,"JJ Bleday","26368",668709
"Vaughn Grissom","LAA",28,119,107,27,19,5,0,3,15,12,9,0,22,2,1,0,,2,1,0.251185,0.0765957,0.187234,0.409091,0.321277,0.374408,0.307599,0.695684,0.123223,4.80958,0.293578,0,0.0477935,13.5336,-0.527163,95.259,0.0477935,-0.421784,-0.617156945168972,0.05321621894836426,0.361352,999,,,,,,,120.9,4.317857142,120.9,4.317857142,,,,,,,,,,,,,,,,,,,"Vaughn Grissom","26031",687093
"Otto Kemp","PHI",53,231,203,48,29,10,1,7,33,33,16,0,65,10,2,0,,4,2,0.23718,0.0712946,0.27955,0.255034,0.320826,0.403846,0.317438,0.724672,0.166667,5.58025,0.308442,0,-0.470668,28.1164,0.821937,101.43,-0.470668,-1.5829,-0.07926478981971741,-4.107900619506836,0.357916,999,,,,,,,246.3,4.647169811,246.3,4.647169811,,,,,,,,,,,,,,,,,,,"Otto Kemp","31792",805249
"Taylor Walls","TBR",52,224,197,42,28,8,1,4,27,20,23,0,53,1,2,1,,9,3,0.211921,0.104651,0.235465,0.444444,0.295322,0.327815,0.278444,0.623136,0.115894,6.29395,0.266055,0,0.412705,20.1726,-6.29468,75.4709,0.412705,0.0484486,-6.063216745853424,1.8484485521912575,0.357577,999,,,,,,,185.4,3.565384615,185.4,3.565384615,,,,,,,,,,,,,,,,,,,"Taylor Walls","22458",670764
"Max Kepler",,29,126,112,26,16,5,0,5,16,15,12,0,25,1,1,0,,1,0,0.231959,0.0940367,0.201835,0.465909,0.309633,0.407216,0.31218,0.71685,0.175258,3.88306,0.25784,0,-0.01548,14.7984,-0.0894867,99.1598,-0.01548,0.71621,-0.14060690719634295,-0.6337895393371582,0.357069,999,,,,,,,136,4.689655172,136,4.689655172,,,,,,,,,,,,,,,,,,,"Max Kepler","12144",596146
"Keibert Ruiz","WSN",81,320,298,73,52,13,0,8,28,36,15,0,36,4,2,0,,2,1,0.243523,0.0483092,0.111111,0.434783,0.28744,0.365285,0.285553,0.652725,0.121762,2.19968,0.252252,0,-0.476809,30.6652,-7.14531,81.2182,-0.476809,-5.82897,-7.6001012325286865,0.42102813720703125,0.354759,720.3499755859375,,,,,,,281.7,3.477777777,281.7,3.477777777,,,,,,,,,,,,,,,,,,,"Keibert Ruiz","19610",660688
"Reese McGuire","CHW",34,134,123,27,19,5,0,3,11,14,7,0,29,1,2,1,,1,0,0.223256,0.0553192,0.217021,0.254902,0.270386,0.344186,0.268993,0.614572,0.12093,2.39331,0.26087,0,-0.0706212,11.0724,-4.80801,69.5861,-0.0706212,0.984789,-4.888369292020798,3.609789490699768,0.342466,999,,,,,,,96.8,2.847058823,96.8,2.847058823,,,,,,,,,,,,,,,,,,,"Reese McGuire","15674",624512
"Jeremiah Jackson","BAL",47,203,191,46,29,9,0,7,21,26,9,0,47,2,1,0,,3,2,0.240166,0.0466926,0.229572,0.20339,0.280156,0.399586,0.29387,0.679742,0.15942,3.83792,0.282051,0,-0.442713,20.8239,-3.16207,88.424,-0.442713,-0.874047,-3.2123648524284363,-0.4490465521812439,0.340242,999,,,,,,,191.6,4.076595744,191.6,4.076595744,,,,,,,,,,,,,,,,,,,"Jeremiah Jackson","22239",669236
"Jett Williams","MIL",28,119,105,24,14,6,2,3,16,15,12,0,32,1,1,0,,4,1,0.228745,0.101604,0.270945,0.375,0.314286,0.396761,0.311497,0.711047,0.168016,7.30401,0.301205,0,-0.0222799,13.9102,-0.150553,99.7251,-0.0222799,-1.17728,-0.06105009652674198,-0.6022823452949524,0.337204,999,,,,,,,130.2,4.65,130.2,4.65,,,,,,,,,,,,,,,,,,,"Jett Williams","sa3020134",702518
"Nathaniel Lowe","CIN",37,161,143,37,26,6,1,5,18,21,16,1,38,1,1,0,,0,0,0.260456,0.10118,0.237774,0.425532,0.338954,0.422053,0.331893,0.761008,0.161597,2.37924,0.317935,0,-0.336492,21.4859,2.46248,108.063,-0.336492,-0.0924161,1.2020137012004852,-3.2674160599708557,0.336721,999,,,,,,,185.3,5.008108108,185.3,5.008108108,,,,,,,,,,,,,,,,,,,"Nathaniel Lowe","19566",663993
"Richie Palacios","TBR",52,224,195,44,32,8,1,3,27,20,24,1,44,2,2,1,,7,2,0.226708,0.105691,0.197832,0.534247,0.315217,0.329193,0.288648,0.64441,0.102484,5.93889,0.275304,0,0.334416,22.0284,-4.43888,82.5002,0.334416,1.12919,-4.285704970359802,-0.2708117961883545,0.322612,999,,,,,,,194.2,3.734615384,194.2,3.734615384,,,,,,,,,,,,,,,,,,,"Richie Palacios","24589",680700
"Christian Koss","SFG",21,91,83,21,15,4,0,2,12,10,5,0,21,1,1,1,,2,1,0.255245,0.0511182,0.226837,0.225352,0.304207,0.374126,0.297398,0.678333,0.118881,4.97426,0.317536,0,-0.148413,9.59556,-1.15679,91.7058,-0.148413,1.04168,-1.0429745614528656,1.1666773706674576,0.322417,999,,,,,,,84,4,84,4,,,,,,,,,,,,,,,,,,,"Christian Koss","27653",683766
"Tyler Locklear","ARI",36,154,137,34,22,7,1,4,19,21,12,0,40,4,1,0,,3,1,0.251073,0.08,0.257143,0.311111,0.329524,0.407725,0.322936,0.737249,0.156652,5.40068,0.321875,0,0.0332142,19.4317,1.23544,105.822,0.0332142,0.036878,1.0959329791367054,-3.113122045993805,0.317827,999,,,,,,,167.9,4.663888888,167.9,4.663888888,,,,,,,,,,,,,,,,,,,"Tyler Locklear","31396",682988
"Everson Pereira","CHW",52,224,201,47,30,7,1,8,32,26,18,0,73,3,1,0,,5,2,0.232984,0.0823529,0.327059,0.251799,0.305882,0.405759,0.310888,0.711641,0.172775,5.79911,0.318777,0,-0.0398014,26.0731,-0.394214,98.4454,-0.0398014,-2.46368,-0.45024024695158005,-4.163683295249939,0.316738,999,,,,,,,230.3,4.428846153,230.3,4.428846153,,,,,,,,,,,,,,,,,,,"Everson Pereira","23695",677592
"Derek Hill","CHW",24,105,95,23,16,4,1,3,13,11,7,0,30,1,1,1,,3,1,0.239203,0.0664653,0.29003,0.229167,0.295732,0.378738,0.294796,0.674469,0.139535,6.58021,0.321608,0,0.0897493,10.85,-1.55658,87.3606,0.0897493,0.914516,-1.4744411632418633,0.889516144990921,0.309905,999,,,,,,,106.2,4.425,106.2,4.425,,,,,,,,,,,,,,,,,,,"Derek Hill","16947",656537
"Tristan Gray","MIN",36,154,140,31,18,8,1,5,17,18,10,0,46,2,1,0,,0,0,0.223077,0.0675991,0.298368,0.226562,0.28271,0.389744,0.291079,0.672454,0.166667,3.50119,0.29249,0,-0.271907,15.4485,-2.74777,84.2992,-0.271907,-0.0937895,-3.121719181537628,0.7562105432152748,0.300279,999,,,,,,,145.5,4.041666666,145.5,4.041666666,,,,,,,,,,,,,,,,,,,"Tristan Gray","19877",656484
"Angel Martínez","CLE",65,280,254,60,38,14,2,6,31,30,17,0,61,3,3,3,,4,2,0.236402,0.0608365,0.21673,0.280702,0.289827,0.374477,0.289753,0.664304,0.138075,5.00749,0.284916,0,-0.406827,27.7867,-5.29746,85.328,-0.406827,0.285882,-5.248766362667084,-1.4641175270080566,0.299188,748.5800170898438,,,,,,,252.4,3.883076923,252.4,3.883076923,,,,,,,,,,,,,,,,,,,"Angel Martinez","26540",682657
"Tyler Tolbert","KCR",28,119,106,24,17,4,1,1,16,11,7,0,32,2,1,3,,9,1,0.230964,0.0586907,0.266366,0.220339,0.288372,0.335025,0.275654,0.623397,0.104061,8.9393,0.313869,0,1.26655,10.4472,-3.6136,71.4146,1.26655,1.35479,-2.742705821990967,1.5297903269529343,0.294954,999,,,,,,,96.4,3.442857142,96.4,3.442857142,,,,,,,,,,,,,,,,,,,"Tyler Tolbert","25779",686475
"Triston Casas","BOS",31,133,115,27,16,6,0,5,14,18,17,1,34,1,0,0,,0,0,0.23871,0.128134,0.253482,0.505494,0.339833,0.425806,0.33303,0.765639,0.187097,0.932951,0.291262,0,-0.217671,17.872,2.15701,109.76,-0.217671,-0.389152,1.312256246805191,-3.0641521513462067,0.289109,746.0599975585938,,,,,,,154.6,4.987096774,154.6,4.987096774,,,,,,,,,,,,,,,,,,,"Triston Casas","22514",671213
"Nathan Church","STL",50,217,196,50,37,8,1,3,27,22,14,0,29,4,1,2,,6,2,0.252232,0.0646465,0.133333,0.484848,0.311609,0.352679,0.293405,0.664288,0.100446,5.87467,0.280423,0,0.0628306,22.1783,-3.46194,88.7253,0.0628306,-0.281232,-2.836906559765339,-1.606231927871704,0.284071,999,,,,,,,200.9,4.018,200.9,4.018,,,,,,,,,,,,,,,,,,,"Nathan Church","31357",701675
"Amed Rosario","NYY",52,224,213,55,40,9,2,4,24,27,9,0,39,2,1,0,,5,1,0.257373,0.0381679,0.173028,0.220588,0.290076,0.372654,0.288431,0.66273,0.115281,5.36954,0.296667,0,0.114005,21.989,-4.47831,84.3613,0.114005,-1.2,-4.014758490025997,-0.9500000178813934,0.280843,999,,,,,,,209.8,4.034615384,209.8,4.034615384,,,,,,,,,,,,,,,,,,,"Amed Rosario","15518",642708
"Bryce Eldridge","SFG",73,315,283,66,38,15,1,13,30,43,26,3,97,3,3,0,,1,1,0.233853,0.084,0.308,0.272727,0.302,0.42539,0.311469,0.72739,0.191537,1.9871,0.303571,0,-0.55622,36.814,-0.405704,101.345,-0.55622,-0.266143,-0.05421715974807739,-7.691143035888672,0.279801,999,,,,,,,344.1,4.71369863,344.1,4.71369863,,,,,,,,,,,,,,,,,,,"Bryce Eldridge","33390",805811
"Ronny Mauricio","NYM",24,105,98,24,15,5,0,3,12,12,6,1,26,1,0,0,,3,1,0.242424,0.0607375,0.251627,0.241379,0.292842,0.398601,0.298344,0.691443,0.156177,4.93859,0.297659,0,0.120299,11.1524,-1.25415,93.2612,0.120299,0.864,-0.7183201983571053,-0.06099998950958252,0.277682,999,,,,,,,103,4.291666666,103,4.291666666,,,,,,,,,,,,,,,,,,,"Ronny Mauricio","23698",677595
"Troy Johnston","COL",41,175,158,42,27,9,2,4,20,22,12,0,34,4,1,0,,5,1,0.263982,0.0688259,0.196356,0.350515,0.327935,0.420582,0.325364,0.748517,0.1566,6.13892,0.31085,0,0.201827,22.4265,1.74886,94.8169,0.201827,0.731613,-0.873212143778801,-2.24338698387146,0.276826,748.4099731445312,,,,,,,207,5.048780487,207,5.048780487,,,,,,,,,,,,,,,,,,,"Troy Johnston","26143",687859
"Carlos Cortes","ATH",36,154,139,33,20,8,0,4,17,18,13,0,33,1,2,0,,0,0,0.234807,0.0845771,0.21393,0.395349,0.300995,0.38674,0.30039,0.687735,0.151934,2.63372,0.275093,0,-0.305344,16.6128,-1.58352,88.652,-0.305344,1.419,-2.3650771975517273,-0.23099982738494873,0.276689,999,,,,,,,148.6,4.127777777,148.6,4.127777777,,,,,,,,,,,,,,,,,,,"Carlos Cortes","21842",666126
"Ryan Mountcastle","BAL",34,147,136,35,22,7,0,5,16,18,8,0,36,1,2,0,,1,0,0.260143,0.0572687,0.246696,0.232143,0.303965,0.434368,0.317199,0.738332,0.174224,3.47135,0.313131,0,-0.0152064,17.8638,0.494598,104.495,-0.0152064,-0.0159107,0.7635535253211856,-3.140910714864731,0.274417,748.0900268554688,,,,,,,156.2,4.594117647,156.2,4.594117647,,,,,,,,,,,,,,,,,,,"Ryan Mountcastle","18373",663624
"Bryce Johnson","SDP",32,140,123,29,21,5,1,2,17,14,12,0,38,2,0,2,,6,2,0.233108,0.0857988,0.269231,0.318681,0.313253,0.331081,0.28946,0.644334,0.097973,6.40732,0.321782,0,0.331688,13.8601,-2.68198,87.6132,0.331688,0.445872,-1.7236417829990387,-0.25412842631340027,0.274204,999,,,,,,,126.2,3.94375,126.2,3.94375,,,,,,,,,,,,,,,,,,,"Bryce Johnson","20002",669369
"Cody Freeman","TEX",44,189,175,42,29,8,0,5,22,22,10,0,30,1,2,1,,2,1,0.242171,0.0541586,0.156673,0.345679,0.285437,0.382046,0.28904,0.667483,0.139875,4.03092,0.262211,0,-0.271083,18.6468,-3.68505,85.0584,-0.271083,-0.902571,-3.599461257457733,-0.22757142782211304,0.273997,999,,,,,,,164.4,3.736363636,164.4,3.736363636,,,,,,,,,,,,,,,,,,,"Cody Freeman","25629",683227
"Tyler Freeman","COL",65,280,244,64,48,12,1,3,35,27,22,0,33,11,2,1,,9,4,0.264305,0.0781991,0.118483,0.66,0.35,0.365123,0.32029,0.715123,0.100817,5.51561,0.292064,0,-0.306877,34.7289,1.6447,91.3411,-0.306877,0.0659469,-3.1804092824459076,-3.4840530529618263,0.271252,745.8599853515625,,,,,,,288,4.43076923,288,4.43076923,,,,,,,,,,,,,,,,,,,"Tyler Freeman","22532",671289
"Andruw Monasterio","BOS",26,112,99,25,17,5,0,2,14,12,11,0,25,1,1,0,,3,2,0.255591,0.0960452,0.220339,0.435897,0.333333,0.383387,0.316557,0.71672,0.127796,5.03079,0.316017,0,-0.146025,13.5521,0.318397,98.4117,-0.146025,-0.879429,-0.35569407045841217,-0.8794285655021667,0.268032,999,,,,,,,110.4,4.246153846,110.4,4.246153846,,,,,,,,,,,,,,,,,,,"Andruw Monasterio","19455",655316
"Dom Keegan","TBR",16,64,58,13,8,3,0,2,7,7,5,0,18,1,1,0,,0,0,0.228571,0.0745501,0.282776,0.263636,0.293059,0.374286,0.291755,0.667345,0.145714,2.78806,0.297872,0,-0.0923216,6.45532,-1.10677,84.6409,-0.0923216,0.379149,-1.2508790343999863,1.629148930311203,0.264073,999,,,,,,,60.3,3.76875,60.3,3.76875,,,,,,,,,,,,,,,,,,,"Dom Keegan","sa3020194",681371
"Leody Taveras","BAL",18,77,70,18,12,3,1,2,10,8,5,0,16,0,1,0,,3,1,0.251521,0.0703704,0.203704,0.345455,0.303538,0.383367,0.299525,0.686905,0.131846,6.66876,0.297872,0,0.273864,8.25231,-0.845836,92.32,0.273864,0.373846,-0.4231259524822235,0.3488461524248123,0.26355,999,,,,,,,81.9,4.55,81.9,4.55,,,,,,,,,,,,,,,,,,,"Leody Taveras","18900",665750
"Jonah Heim","ATL",18,70,65,15,11,2,0,2,7,8,5,0,14,0,0,0,,0,0,0.232737,0.0704225,0.194836,0.361446,0.288732,0.360614,0.285065,0.649346,0.127877,3.12001,0.266667,0,-0.0386309,6.71847,-1.59984,80.3932,-0.0386309,0.498356,-1.6745942048728466,1.8733559250831604,0.259975,999,,,,,,,58.6,3.255555555,58.6,3.255555555,,,,,,,,,,,,,,,,,,,"Jonah Heim","16930",641680
"Emmanuel Rodriguez","MIN",13,56,47,10,6,2,1,2,8,6,8,0,20,1,0,0,,1,0,0.221014,0.151515,0.357576,0.423729,0.345455,0.387681,0.326888,0.733136,0.166667,6.47454,0.346667,0,-0.00111721,7.24577,0.628935,108.967,-0.00111721,0.147646,0.5907116126036271,-0.05235445499420166,0.252281,999,,,,,,,68.2,5.246153846,68.2,5.246153846,,,,,,,,,,,,,,,,,,,"Emmanuel Rodriguez","sa3014693",691181
"Brice Matthews","HOU",15,63,55,13,8,2,1,2,8,8,6,0,21,1,0,0,,4,1,0.225734,0.0994036,0.337972,0.294118,0.314741,0.399549,0.314119,0.71429,0.173815,7.02545,0.322957,0,0.243956,7.49836,0.0544235,101.504,0.243956,-0.0120496,0.35563431680202484,-0.08704957459121943,0.24933,740.969970703125,,,,,,,73.9,4.926666666,73.9,4.926666666,,,,,,,,,,,,,,,,,,,"Brice Matthews","33280",694728
"Mitch Garver","SEA",28,109,95,19,12,3,0,3,11,12,12,0,32,1,1,0,,1,0,0.198529,0.111821,0.297125,0.376344,0.297125,0.349265,0.287267,0.646389,0.150735,3.79837,0.25731,0,-0.0261817,10.5776,-2.27797,88.963,-0.0261817,-1.99428,-1.4414956718683243,0.13072407245635986,0.249023,999,,,,,,,89.2,3.185714285,89.2,3.185714285,,,,,,,,,,,,,,,,,,,"Mitch Garver","15161",641598
"Braxton Fulford","COL",16,64,57,13,9,3,0,2,8,8,5,0,17,2,1,0,,1,0,0.236486,0.0720721,0.267267,0.269663,0.310241,0.388514,0.306738,0.698754,0.152027,4.89655,0.303483,0,-0.102624,7.23384,-0.328258,82.0575,-0.102624,0.515455,-1.4636213853955269,1.7654545307159424,0.248735,999,,,,,,,66.2,4.1375,66.2,4.1375,,,,,,,,,,,,,,,,,,,"Braxton Fulford","29704",690924
"Leo Jiménez","MIA",18,77,66,15,10,3,0,1,10,9,6,0,17,4,1,0,,1,0,0.227723,0.0823864,0.21875,0.376623,0.324786,0.343234,0.301056,0.668021,0.115512,4.23604,0.282511,0,-0.180773,8.34798,-0.750165,92.5334,-0.180773,0.0183711,-0.8583881109952927,0.5933711230754852,0.244036,999,,,,,,,68,3.777777777,68,3.777777777,,,,,,,,,,,,,,,,,,,"Leo Jimenez","23782",677870
"Ildemaro Vargas","ARI",21,91,84,21,16,4,1,1,8,10,5,0,10,1,1,1,,1,0,0.251613,0.0537313,0.110448,0.486486,0.297297,0.348387,0.2842,0.645684,0.0967742,3.98432,0.273063,0,-0.0899269,8.62043,-2.13192,79.2869,-0.0899269,1.45628,-2.323910892009735,1.6812765449285507,0.244011,999,,,,,,,80.2,3.819047619,80.2,3.819047619,,,,,,,,,,,,,,,,,,,"Ildemaro Vargas","13324",545121
"Jorge Mateo","ATL",34,147,135,30,18,7,2,3,19,15,9,0,39,1,2,1,,11,2,0.220974,0.0586207,0.265517,0.220779,0.267361,0.363296,0.273433,0.630657,0.142322,8.55051,0.283422,0,1.11793,12.6403,-4.72886,72.4248,1.11793,0.904787,-3.6863659620285034,1.1797872483730316,0.243928,999,,,,,,,138.2,4.064705882,138.2,4.064705882,,,,,,,,,,,,,,,,,,,"Jorge Mateo","17273",622761
"Juan Brito","CLE",23,98,86,19,12,5,0,2,11,11,10,0,20,1,1,1,,1,1,0.226164,0.100775,0.207364,0.485981,0.311891,0.368071,0.300269,0.679962,0.141907,4.10803,0.267857,0,-0.312686,10.5621,-1.01739,92.5721,-0.312686,-0.171529,-1.1706432104110718,0.17847058176994324,0.243589,999,,,,,,,85.8,3.730434782,85.8,3.730434782,,,,,,,,,,,,,,,,,,,"Juan Brito","sa3009808",682877
"Dylan Carlson","CHC",19,84,72,17,11,3,0,2,9,9,9,0,19,1,1,0,,1,0,0.230284,0.111413,0.228261,0.488095,0.326087,0.362776,0.306842,0.688863,0.132492,4.32968,0.283843,0,-0.149008,9.5015,-0.42375,97.5739,-0.149008,0.572786,-0.3905463367700577,-0.027214229106903076,0.243191,999,,,,,,,82.6,4.347368421,82.6,4.347368421,,,,,,,,,,,,,,,,,,,"Dylan Carlson","20126",666185
"Daniel Susac","SFG",19,77,71,17,12,3,0,2,7,9,4,0,21,1,1,0,,1,0,0.236842,0.0512195,0.278049,0.184211,0.282927,0.365789,0.283039,0.648716,0.128947,3.68179,0.307692,0,-0.113623,7.20287,-1.87164,81.8692,-0.113623,0.0762353,-1.763959862291813,1.576235294342041,0.242218,999,,,,,,,68.6,3.610526315,68.6,3.610526315,,,,,,,,,,,,,,,,,,,"Daniel Susac","sa3019997",691740
"Brett Harris","ATH",18,77,67,16,11,3,0,2,9,9,7,0,15,2,1,0,,1,0,0.235127,0.0918114,0.198511,0.4625,0.319202,0.359773,0.302351,0.678975,0.124646,4.03784,0.277154,0,-0.0953438,8.42897,-0.669169,90.0028,-0.0953438,0.891,-1.0026221945881844,0.716000035405159,0.241825,999,,,,,,,79,4.388888888,79,4.388888888,,,,,,,,,,,,,,,,,,,"Brett Harris","29788",695391
"Will Brennan","SFG",26,112,105,29,21,6,1,2,11,12,6,0,14,1,1,0,,2,1,0.27762,0.0503979,0.127321,0.395833,0.318302,0.393768,0.309692,0.71207,0.116147,4.10544,0.305648,0,-0.310577,12.9278,-0.305829,100.127,-0.310577,0.218547,-0.29366531036794186,-1.0814527869224548,0.240552,999,,,,,,,121.3,4.665384615,121.3,4.665384615,,,,,,,,,,,,,,,,,,,"Will Brennan","25660",686823
"Austin Slater","MIA",28,119,103,24,17,5,1,3,16,12,13,0,35,2,1,1,,2,1,0.235294,0.106383,0.293617,0.362319,0.324786,0.362745,0.306035,0.687531,0.127451,4.89094,0.325758,0,-0.107464,13.3825,-0.678223,93.8882,-0.107464,0.508891,-0.969473123550415,-0.6661086082458496,0.237731,999,,,,,,,125.8,4.492857142,125.8,4.492857142,,,,,,,,,,,,,,,,,,,"Austin Slater","16153",596103
"Justyn-Henry Malloy","TBR",19,84,71,18,12,4,0,2,10,10,11,0,22,1,1,0,,1,0,0.245902,0.129225,0.262425,0.492424,0.351889,0.395785,0.331918,0.747673,0.149883,2.75844,0.319298,0,-0.158627,11.2117,1.28646,112.308,-0.158627,-0.338954,1.0598647892475128,-1.6389538049697876,0.236552,999,,,,,,,98.1,5.163157894,98.1,5.163157894,,,,,,,,,,,,,,,,,,,"Justyn-Henry Malloy","29606",669234
"Nick Yorke","PIT",32,140,128,33,24,6,1,2,16,13,10,0,31,1,1,0,,3,1,0.253061,0.0692884,0.224719,0.308333,0.308989,0.359184,0.294021,0.668172,0.106122,4.7951,0.317808,0,-0.132608,14.3786,-2.1635,85.1157,-0.132608,0.154286,-2.6023370027542114,0.20428571105003357,0.231204,999,,,,,,,134.6,4.20625,134.6,4.20625,,,,,,,,,,,,,,,,,,,"Nick Yorke","27504",694377
"Jerar Encarnacion","SFG",36,154,141,35,23,6,0,6,17,23,11,0,47,1,1,0,,1,0,0.248503,0.0686813,0.304945,0.225225,0.304945,0.416168,0.313288,0.721113,0.167665,2.8912,0.327014,0,-0.151232,18.2254,0.0291215,102.591,-0.151232,0.163705,0.321657732129097,-3.1862946450710297,0.231122,999,,,,,,,166.7,4.630555555,166.7,4.630555555,,,,,,,,,,,,,,,,,,,"Jerar Encarnacion","21871",666464
"Myles Straw","TOR",42,182,163,39,29,7,1,1,23,14,14,0,34,0,1,3,,6,1,0.236413,0.0756098,0.185366,0.407895,0.295285,0.317935,0.273056,0.61322,0.0815217,6.54546,0.287671,0,0.592166,15.5942,-5.91051,73.2457,0.592166,2.106,-5.146859645843506,1.055999994277954,0.222354,999,,,,,,,141.4,3.366666666,141.4,3.366666666,,,,,,,,,,,,,,,,,,,"Myles Straw","17620",664702
"Yohel Pozo","STL",42,172,166,43,29,10,0,5,18,22,5,0,19,1,1,0,,1,1,0.262069,0.0298013,0.112583,0.264706,0.284768,0.403448,0.296457,0.688217,0.141379,2.16611,0.272,0,-0.349492,18.0471,-2.32326,90.8158,-0.349492,-1.99029,-2.226103037595749,-1.3402858972549438,0.221957,999,,,,,,,167.9,3.997619047,167.9,3.997619047,,,,,,,,,,,,,,,,,,,"Yohel Pozo","18848",650968
"Miguel Andujar","SDP",83,357,332,88,60,18,1,9,37,43,20,1,53,2,3,0,,3,1,0.264,0.057072,0.148883,0.383333,0.307692,0.402667,0.307606,0.710359,0.138667,3.29112,0.288961,0,-0.369288,40.6029,-1.57939,100.044,-0.369288,-1.96287,-0.35072766058146954,-9.387874007225037,0.218834,722.9099731445312,,,,,,,372.2,4.484337349,372.2,4.484337349,,,,,,,,,,,,,,,,,,,"Miguel Andujar","15878",609280
"Christopher Morel","MIA",81,350,312,71,41,14,2,13,41,43,33,1,107,4,1,1,,7,4,0.228029,0.0930233,0.30444,0.305556,0.307203,0.415677,0.314168,0.72288,0.187648,5.06939,0.298851,0,-0.691239,41.6715,0.316326,99.4595,-0.691239,-2.14744,-0.9154589176177979,-8.597441673278809,0.218098,999,,,,,,,372.9,4.603703703,372.9,4.603703703,,,,,,,,,,,,,,,,,,,"Christopher Morel","21897",666624
"Thairo Estrada",,23,98,91,22,15,4,0,2,11,12,4,0,20,2,1,0,,2,1,0.241935,0.0401003,0.200501,0.2,0.285714,0.370968,0.286774,0.656682,0.129032,4.61129,0.280702,0,-0.150418,9.48834,-2.09112,81.7069,-0.150418,0.710182,-2.2692536264657974,1.0601817667484283,0.215641,999,,,,,,,81.6,3.547826086,81.6,3.547826086,,,,,,,,,,,,,,,,,,,"Thairo Estrada","16426",642731
"Blaine Crim","COL",31,133,119,31,20,7,1,4,16,17,11,0,27,2,1,0,,1,0,0.264228,0.0852995,0.201452,0.423423,0.333938,0.441057,0.334715,0.774995,0.176829,3.97861,0.304348,0,-0.167551,18.0539,2.33893,101.223,-0.167551,0.226047,0.025215551257133484,-2.348953530192375,0.21498,999,,,,,,,159.1,5.132258064,159.1,5.132258064,,,,,,,,,,,,,,,,,,,"Blaine Crim","25714",688760
"Mike Tauchman","NYM",19,84,72,17,11,3,0,2,11,9,10,0,21,1,0,0,,1,0,0.236527,0.121134,0.244845,0.494737,0.337629,0.371257,0.315606,0.708886,0.134731,3.92625,0.301724,0,-0.107401,10.0992,0.173938,105.086,-0.107401,0.166459,0.39895953238010406,-1.1335412412881851,0.210776,999,,,,,,,85.6,4.505263157,85.6,4.505263157,,,,,,,,,,,,,,,,,,,"Mike Tauchman","15274",643565
"Ryan Bliss","SEA",19,84,75,16,11,4,0,2,10,9,7,0,23,1,1,0,,4,2,0.214447,0.0809717,0.269231,0.300752,0.286585,0.331828,0.275164,0.618414,0.117381,6.28246,0.282895,0,-0.143396,7.34107,-2.58417,80.6254,-0.143396,0.939051,-2.0615511536598206,1.1890507936477661,0.206532,999,,,,,,,71,3.736842105,71,3.736842105,,,,,,,,,,,,,,,,,,,"Ryan Bliss","29547",669208
"Chris Taylor","LAA",32,140,123,27,17,6,1,3,15,13,14,0,47,2,1,0,,3,1,0.21673,0.0966667,0.336667,0.287129,0.304348,0.34981,0.28996,0.654158,0.13308,5.49818,0.322785,0,-0.0347901,13.9169,-2.62516,83.8956,-0.0347901,-0.0334021,-2.6995473355054855,-0.03340206295251846,0.205163,999,,,,,,,130.4,4.075,130.4,4.075,,,,,,,,,,,,,,,,,,,"Chris Taylor","13757",621035
"Eric Wagaman","MIN",26,112,103,27,17,6,0,3,13,12,8,0,22,0,1,0,,1,1,0.26009,0.0681818,0.198347,0.34375,0.311983,0.410314,0.313768,0.722297,0.150224,4.02731,0.304985,0,-0.220931,13.2985,0.0647979,99.9287,-0.220931,0,-0.23034591879695654,-1.649999976158142,0.202017,748.2100219726562,,,,,,,116.9,4.496153846,116.9,4.496153846,,,,,,,,,,,,,,,,,,,"Eric Wagaman","23395",676572
"Ty France","SDP",26,112,100,25,17,5,0,3,12,12,7,0,21,4,1,0,,0,0,0.247265,0.0607843,0.184314,0.329787,0.319608,0.376368,0.307542,0.695975,0.129103,2.21233,0.285311,0,-0.1402,12.7323,-0.501366,99.9996,-0.1402,0.248481,-0.14024844940649928,-1.651518777012825,0.197924,999,,,,,,,115.7,4.45,115.7,4.45,,,,,,,,,,,,,,,,,,,"Ty France","17982",664034
"Sam Antonacci","CHW",10,42,35,9,6,2,0,0,6,5,4,0,7,2,0,1,,2,0,0.24826,0.0910853,0.168605,0.54023,0.359528,0.348028,0.320916,0.707556,0.099768,7.61653,0.30117,0,0.125541,5.23069,0.268064,105.354,0.125541,-0.0735126,0.39056268334388733,0.07648739963769913,0.195685,999,,,,,,,43,4.3,43,4.3,,,,,,,,,,,,,,,,,,,"Sam Antonacci","sa3025363",803011
"Michael Helman","TEX",15,63,57,13,8,3,0,2,9,8,4,0,15,1,1,0,,2,0,0.220963,0.0592784,0.234536,0.252747,0.277202,0.376771,0.284523,0.653973,0.155807,6.59172,0.262745,0,0.142763,5.98451,-1.45942,81.9464,0.142763,0.62694,-1.1977713108062744,0.9019400179386139,0.191583,999,,,,,,,62.1,4.14,62.1,4.14,,,,,,,,,,,,,,,,,,,"Michael Helman","24605",680737
"Andrew McCutchen","TEX",47,203,175,39,26,7,0,6,21,22,25,1,50,2,1,0,,1,1,0.225064,0.123348,0.246696,0.5,0.325991,0.365729,0.307099,0.69172,0.140665,2.34862,0.27881,0,-0.443305,23.0043,-0.981727,97.498,-0.443305,0,-1.0419415533542633,-4.074999809265137,0.191323,999,,,,,,,200.2,4.259574468,200.2,4.259574468,,,,,,,,,,,,,,,,,,,"Andrew McCutchen","9847",457705
"Johan Rojas","PHI",16,70,64,16,12,2,1,1,9,7,4,0,15,1,0,1,,4,1,0.242347,0.0536131,0.216783,0.247312,0.289786,0.331633,0.274567,0.621419,0.0892857,7.77597,0.306397,0,0.441924,6.08365,-2.18739,72.0621,0.441924,1.14585,-1.8759323954582214,1.3958536386489868,0.189159,999,,,,,,,66.3,4.14375,66.3,4.14375,,,,,,,,,,,,,,,,,,,"Johan Rojas","24336",679032
"Dylan Moore","PHI",19,84,73,16,9,3,1,3,11,10,8,0,25,2,1,0,,5,1,0.217228,0.100649,0.292208,0.344444,0.314935,0.411985,0.317266,0.72692,0.194757,7.14184,0.275449,0,0.297354,10.2124,0.287201,101.312,0.297354,-0.862122,0.42799676954746246,-1.4621217250823975,0.180129,999,,,,,,,95.9,5.047368421,95.9,5.047368421,,,,,,,,,,,,,,,,,,,"Dylan Moore","18042",664238
"Jacob Melton","TBR",32,140,129,28,18,6,0,4,18,16,10,0,39,1,0,0,,7,2,0.218935,0.0733696,0.277174,0.264706,0.279891,0.366864,0.283594,0.646755,0.147929,6.34176,0.278761,0,0.475805,13.1933,-3.34878,79.0186,0.475805,0.627097,-2.9862521290779114,-0.07290321588516235,0.18001,727.5700073242188,,,,,,,123.5,3.859375,123.5,3.859375,,,,,,,,,,,,,,,,,,,"Jacob Melton","31661",689200
"Brett Sullivan","COL",39,154,139,33,22,7,2,3,18,16,11,0,24,1,2,0,,2,1,0.238853,0.0722543,0.15896,0.454545,0.294798,0.372611,0.290643,0.667409,0.133758,5.50713,0.267442,0,-0.231182,15.3541,-2.79494,71.0323,-0.231182,-0.917393,-5.5046945214271545,2.082606792449951,0.172726,999,,,,,,,142.7,3.658974358,142.7,3.658974358,,,,,,,,,,,,,,,,,,,"Brett Sullivan","18217",664954
"Jose Iglesias",,24,105,97,24,19,5,0,1,11,10,5,0,18,2,1,1,,1,0,0.253205,0.0501475,0.171091,0.293103,0.302671,0.339744,0.284753,0.642414,0.0865385,3.17802,0.297619,0,-0.110717,9.99379,-2.41277,80.3187,-0.110717,-0.100206,-2.5531818568706512,0.6747938469052315,0.171401,999,,,,,,,84.2,3.508333333,84.2,3.508333333,,,,,,,,,,,,,,,,,,,"Jose Iglesias","10231",578428
"Javier Báez","DET",104,448,423,98,67,18,2,11,48,56,16,0,108,5,3,0,,7,1,0.232323,0.0357995,0.24105,0.148515,0.267303,0.361111,0.273033,0.628414,0.128788,5.30231,0.284722,0,0.473173,38.3772,-14.5574,72.3751,0.473173,-3.21133,-14.113321214914322,0.3386726379394531,0.168282,740.6500244140625,,,,,,,366.3,3.522115384,366.3,3.522115384,,,,,,,,,,,,,,,,,,,"Javier Baez","12979",595879
"Curtis Mead","WSN",16,70,63,15,11,3,0,1,8,8,5,0,14,2,0,0,,1,0,0.246073,0.0682353,0.204706,0.333333,0.315294,0.36911,0.302806,0.684404,0.123037,3.85206,0.294118,0,-0.0854514,7.68857,-0.582469,92.8786,-0.0854514,-0.0433929,-0.6729910224676132,-0.09339285269379616,0.168089,999,,,,,,,62,3.875,62,3.875,,,,,,,,,,,,,,,,,,,"Curtis Mead","23986",678554
"Jorbit Vivas","WSN",45,196,171,40,29,7,1,2,22,17,18,0,26,5,1,0,,4,2,0.23176,0.0917603,0.134831,0.680556,0.320826,0.324034,0.290715,0.64486,0.0922747,4.81193,0.260204,0,-0.361545,19.6038,-3.55507,84.7543,-0.361545,0.316465,-3.9031311571598053,-0.9835348427295685,0.16721,999,,,,,,,168.8,3.751111111,168.8,3.751111111,,,,,,,,,,,,,,,,,,,"Jorbit Vivas","23917",678391
"Kazuma Okamoto","TOR",130,560,504,110,74,21,2,13,59,53,42,1,144,6,4,3,,10,3,0.21721,0.0754939,0.257085,0.293654,0.283942,0.341144,0.276294,0.625086,0.123933,4.66681,0.27552,0,-0.0588024,49.4542,-16.7141,75.476,-0.0588024,0,-16.245245683938265,-1.4000000953674316,0.166672,999,,,,,,,461.1,3.546923076,461.1,3.546923076,,,,,,,,,,,,,,,,,,,"Kazuma Okamoto","37123",672960
"Alex Jackson","MIN",8,32,29,6,3,2,0,1,4,4,2,0,10,1,0,0,,0,0,0.208661,0.0714286,0.317857,0.224719,0.278571,0.405512,0.296994,0.684083,0.19685,4.13343,0.270968,0,-0.0156212,3.36377,-0.417281,88.374,-0.0156212,0.316098,-0.454105619341135,0.9410975575447083,0.162511,999,,,,,,,28.8,3.6,28.8,3.6,,,,,,,,,,,,,,,,,,,"Alex Jackson","17276",656577
"Oswaldo Cabrera","NYY",24,105,94,22,15,4,0,2,13,11,9,0,22,1,1,1,,2,1,0.233577,0.0819672,0.209836,0.390625,0.30033,0.357664,0.290619,0.657994,0.124088,4.70717,0.278049,0,-0.101335,10.4939,-1.91271,85.8684,-0.101335,0.396196,-1.8501926437020302,-0.1788043975830078,0.162158,999,,,,,,,90.6,3.775,90.6,3.775,,,,,,,,,,,,,,,,,,,"Oswaldo Cabrera","21707",665828
"Nick Allen","HOU",28,119,107,24,19,4,0,1,11,9,9,0,23,1,1,2,,2,1,0.22716,0.0752212,0.196903,0.382022,0.289888,0.301235,0.265378,0.591122,0.0740741,4.09819,0.279365,0,-0.252893,9.45435,-4.60642,67.928,-0.252893,1.50218,-4.7511670887470245,2.1771817803382874,0.155699,999,,,,,,,79.4,2.835714285,79.4,2.835714285,,,,,,,,,,,,,,,,,,,"Nick Allen","22277",669397
"Gio Urshela",,13,56,51,13,9,3,0,1,5,6,4,0,10,0,1,0,,0,0,0.262626,0.0674847,0.187117,0.360656,0.311728,0.377104,0.300992,0.688833,0.114478,2.54547,0.310638,0,-0.124445,6.06836,-0.548471,91.474,-0.124445,0.0986087,-0.688755951821804,0.29860869795084,0.153994,999,,,,,,,51.9,3.992307692,51.9,3.992307692,,,,,,,,,,,,,,,,,,,"Gio Urshela","10681",570482
"Johnathan Rodríguez","BAL",13,56,51,13,9,2,0,2,6,7,5,0,16,0,0,0,,0,0,0.255507,0.0874751,0.284294,0.307692,0.324056,0.420705,0.324082,0.744761,0.165198,3.01652,0.334459,0,-0.137054,7.1182,0.501365,108.976,-0.137054,-0.091125,0.45541398227214813,-0.8911250159144402,0.152621,999,,,,,,,61.4,4.723076923,61.4,4.723076923,,,,,,,,,,,,,,,,,,,"Johnathan Rodriguez","22530",671286
"Jesus Rodriguez","SFG",8,33,30,8,6,1,0,0,4,3,3,0,5,0,0,0,,1,0,0.275424,0.0769231,0.159615,0.481928,0.336538,0.368644,0.311597,0.705183,0.0932203,4.77943,0.321244,0,-0.0510533,3.81334,-0.0386007,101.432,-0.0510533,-0.150242,0.004286512732505798,0.3747580349445343,0.14975,999,,,,,,,28.6,3.575,28.6,3.575,,,,,,,,,,,,,,,,,,,"Jesus Rodriguez","sa3008916",683679
"Tim Tawa","ARI",31,133,120,26,17,5,0,4,15,14,11,0,34,1,1,0,,2,1,0.219512,0.0813187,0.254945,0.318966,0.288546,0.356098,0.28437,0.644644,0.136585,4.17113,0.273684,0,-0.2041,12.6175,-3.09751,79.4035,-0.2041,0.716431,-3.450770914554596,0.3914310038089752,0.139718,748.489990234375,,,,,,,114.7,3.7,114.7,3.7,,,,,,,,,,,,,,,,,,,"Tim Tawa","29571",694374
"Jace Jung","DET",8,35,30,7,4,2,0,1,4,4,4,0,9,0,0,0,,0,0,0.227848,0.120879,0.252747,0.478261,0.324176,0.394515,0.316185,0.718691,0.166667,3.46354,0.282609,0,-0.0703242,4.22447,0.0889477,102.101,-0.0703242,0.169254,0.016353480517864227,0.14425372332334518,0.139682,999,,,,,,,36.4,4.55,36.4,4.55,,,,,,,,,,,,,,,,,,,"Jace Jung","31437",690291
"Santiago Espinal","LAD",31,133,121,30,23,5,0,2,13,13,9,0,18,1,1,1,,2,1,0.244444,0.0691643,0.132565,0.521739,0.299419,0.326984,0.278427,0.626403,0.0825397,3.3287,0.272388,0,-0.145716,11.9757,-3.73931,76.8254,-0.145716,0.360486,-3.7987812161445618,0.7354864776134491,0.139314,999,,,,,,,111.3,3.59032258,111.3,3.59032258,,,,,,,,,,,,,,,,,,,"Santiago Espinal","19997",669289
"Kristian Campbell","BOS",19,84,74,18,12,3,0,2,10,10,8,0,22,2,0,0,,1,0,0.244399,0.0982143,0.258929,0.37931,0.335714,0.370672,0.315393,0.706386,0.126273,4.60803,0.324405,0,-0.123811,10.0847,0.159478,97.6105,-0.123811,-0.469565,-0.3603827878832817,-1.219565212726593,0.134152,746.1400146484375,,,,,,,86.2,4.536842105,86.2,4.536842105,,,,,,,,,,,,,,,,,,,"Kristian Campbell","33644",692225
"Hyeseong Kim","LAD",18,77,72,17,12,3,1,2,9,10,3,0,23,1,0,0,,5,0,0.233533,0.0446927,0.301676,0.148148,0.27809,0.350299,0.275641,0.628389,0.116766,8.19473,0.322727,0,0.789925,6.75913,-2.33901,74.9172,0.789925,-0.0473097,-1.4991593956947327,0.22769026830792427,0.132018,740.77001953125,,,,,,,77.9,4.327777777,77.9,4.327777777,,,,,,,,,,,,,,,,,,,"Hyeseong Kim","35322",808975
"Anthony Santander","TOR",13,56,50,11,6,2,0,3,6,8,5,0,13,1,0,0,,0,0,0.228381,0.0944882,0.228346,0.413793,0.309055,0.443459,0.324178,0.752514,0.215078,1.86785,0.249201,0,-0.0565491,7.12256,0.505729,108.462,-0.0565491,0,0.5019427575170994,-1.149999976158142,0.130896,748.4199829101562,,,,,,,63.6,4.892307692,63.6,4.892307692,,,,,,,,,,,,,,,,,,,"Anthony Santander","14551",623993
"Jhostynxon Garcia","PIT",42,182,166,39,25,7,1,5,23,19,12,0,51,2,1,0,,2,1,0.235426,0.0655738,0.282787,0.231884,0.293635,0.390135,0.297973,0.683769,0.154709,5.70678,0.306397,0,-0.118901,19.2761,-2.22864,87.8227,-0.118901,-0.400314,-2.74564266204834,-2.050313889980316,0.128835,999,,,,,,,168.4,4.009523809,168.4,4.009523809,,,,,,,,,,,,,,,,,,,"Jhostynxon Garcia","28142",691373
"Nate Eaton","BOS",15,63,57,14,9,3,0,1,8,7,4,0,15,1,0,0,,2,1,0.245192,0.0655022,0.244541,0.267857,0.303297,0.387019,0.301623,0.690316,0.141827,6.41146,0.309764,0,0.120916,6.8592,-0.584736,88.1247,0.120916,0.42329,-0.7608563527464867,-0.1517096757888794,0.128483,999,,,,,,,55.5,3.7,55.5,3.7,,,,,,,,,,,,,,,,,,,"Nate Eaton","25055",681987
"Aidan Miller","PHI",10,42,37,8,6,2,0,1,5,5,4,0,11,1,0,0,,2,1,0.228814,0.100746,0.272388,0.369863,0.31903,0.358051,0.302459,0.677081,0.129237,6.12844,0.306962,0,0.048598,4.60131,-0.361311,91.1691,0.048598,-0.0567,-0.3909922279417515,0.24329998344182968,0.127856,999,,,,,,,39,3.9,39,3.9,,,,,,,,,,,,,,,,,,,"Aidan Miller","sa3022609",805795
"Alejandro Osuna","TEX",13,56,49,12,8,2,0,1,7,6,5,0,12,1,0,1,,2,1,0.249337,0.0881671,0.215777,0.408602,0.330211,0.37931,0.313143,0.709521,0.129973,5.95194,0.308244,0,-0.0498007,6.62081,0.00397564,101.661,-0.0498007,-0.137628,0.05985487625002861,-0.7376283556222916,0.127855,999,,,,,,,52.4,4.03076923,52.4,4.03076923,,,,,,,,,,,,,,,,,,,"Alejandro Osuna","27915",696030
"Gabriel Gonzalez","MIN",10,42,38,10,7,3,0,1,4,5,3,0,7,1,0,0,,0,0,0.272541,0.0598131,0.175701,0.340426,0.327103,0.420082,0.324702,0.747185,0.147541,3.86636,0.314433,0,-0.08428,5.35977,0.397144,107.461,-0.08428,-0.0379688,0.28503458201885223,-0.4879687689244747,0.127137,999,,,,,,,48.1,4.81,48.1,4.81,,,,,,,,,,,,,,,,,,,"Gabriel Gonzalez","sa3015723",694224
"Tommy Pham","NYM",36,154,137,33,23,6,0,3,17,15,15,0,35,1,1,0,,3,1,0.242507,0.0946602,0.228155,0.414894,0.315534,0.367847,0.300813,0.683381,0.125341,4.16541,0.298507,0,-0.0345399,16.6656,-1.5307,91.3509,-0.0345399,-0.7128,-1.6087982133030891,-2.3627999424934387,0.126911,999,,,,,,,144.3,4.008333333,144.3,4.008333333,,,,,,,,,,,,,,,,,,,"Tommy Pham","2967",502054
"Tanner Murray","CHW",13,56,52,12,8,3,0,1,6,6,3,0,13,1,0,0,,0,0,0.237792,0.049505,0.231683,0.213675,0.281746,0.358811,0.280194,0.640557,0.121019,3.37133,0.293948,0,-0.101888,5.12275,-1.49408,77.3018,-0.101888,0.724535,-1.600027933716774,0.8745354115962982,0.122973,999,,,,,,,45.3,3.484615384,45.3,3.484615384,,,,,,,,,,,,,,,,,,,"Tanner Murray","sa3016805",695020
"Heston Kjerstad","BAL",13,56,51,12,8,2,0,2,7,7,4,0,15,1,0,0,,0,0,0.242424,0.0648379,0.261845,0.247619,0.306733,0.402204,0.308294,0.708937,0.15978,4.30659,0.305221,0,-0.0852247,6.40038,-0.216451,98.3607,-0.0852247,0,-0.1934237703680992,-0.6000000238418579,0.116023,999,,,,,,,55.8,4.292307692,55.8,4.292307692,,,,,,,,,,,,,,,,,,,"Heston Kjerstad","31166",677008
"Zach Dezenzo","HOU",23,98,89,22,14,5,0,3,13,12,7,0,30,1,1,0,,1,0,0.244275,0.0729167,0.302083,0.241379,0.305556,0.400763,0.308091,0.706319,0.156489,4.10991,0.327381,0,-0.0131436,11.1845,-0.394981,97.3515,-0.0131436,-0.869918,-0.3190626706928015,-1.9699177742004395,0.110909,999,,,,,,,102.8,4.469565217,102.8,4.469565217,,,,,,,,,,,,,,,,,,,"Zach Dezenzo","31562",701305
"John Rave","KCR",21,91,80,19,12,4,1,2,11,10,8,0,24,1,1,1,,3,1,0.235431,0.0924025,0.262834,0.351562,0.310417,0.384615,0.304962,0.695032,0.149184,6.66659,0.307167,0,0.116327,10.1544,-0.597927,91.6042,0.116327,-0.300857,-0.7841600403189659,-1.2758570909500122,0.109685,999,,,,,,,92.4,4.4,92.4,4.4,,,,,,,,,,,,,,,,,,,"John Rave","26284",670231
"Kameron Misner","KCR",8,35,31,7,4,2,0,1,4,4,4,0,11,0,0,0,,1,0,0.217722,0.110865,0.310421,0.357143,0.308889,0.374684,0.302003,0.683572,0.156962,6.89386,0.304878,0,0.100225,3.82145,-0.314072,89.5655,0.100225,0.349138,-0.3302159979939461,0.1741379350423813,0.107281,999,,,,,,,37.3,4.6625,37.3,4.6625,,,,,,,,,,,,,,,,,,,"Kameron Misner","26374",670224
"Brock Wilken","MIL",10,42,36,7,4,2,0,1,4,5,5,0,15,0,0,0,,0,0,0.192192,0.126615,0.356589,0.355072,0.302326,0.357357,0.294926,0.659683,0.165165,2.9233,0.278689,0,-0.0420596,4.34442,-0.618199,88.3736,-0.0420596,0.0731613,-0.6208054274320602,0.22316129505634308,0.102282,999,,,,,,,33.4,3.34,33.4,3.34,,,,,,,,,,,,,,,,,,,"Brock Wilken","sa3022499",694385
"Jose Siri","LAA",8,35,32,6,4,1,0,1,5,4,2,0,13,0,0,0,,1,0,0.201219,0.0640668,0.364902,0.175573,0.259777,0.378049,0.276752,0.637825,0.176829,6.21919,0.27957,0,0.0330914,3.10391,-1.03161,74.0099,0.0330914,0.6975,-1.0390422344207764,0.8224999904632568,0.101095,999,,,,,,,21.8,2.725,21.8,2.725,,,,,,,,,,,,,,,,,,,"Jose Siri","17452",642350
"Joey Wiemer","WSN",34,147,132,27,18,6,0,4,16,16,12,0,44,2,1,0,,4,1,0.208,0.0839329,0.297362,0.282258,0.282974,0.338667,0.275201,0.62164,0.130667,5.0278,0.279835,0,0.0648277,12.8513,-4.51793,74.1265,0.0648277,1.21088,-4.442992389202118,0.5358812808990479,0.100636,999,,,,,,,121,3.558823529,121,3.558823529,,,,,,,,,,,,,,,,,,,"Joey Wiemer","27690",686894
"Nelson Rada","LAA",16,70,61,15,12,2,0,0,8,6,6,0,17,1,0,1,,4,1,0.244701,0.0916667,0.238333,0.384615,0.329372,0.300578,0.287855,0.62995,0.0558767,5.69297,0.329787,0,0.0400986,6.83882,-1.43222,81.658,0.0400986,0.27931,-1.4731754250824451,0.02931034564971924,0.0987747,999,,,,,,,54.6,3.4125,54.6,3.4125,,,,,,,,,,,,,,,,,,,"Nelson Rada","sa3018421",703185
"Abimelec Ortiz","WSN",47,203,183,42,26,8,1,7,24,25,16,0,55,2,2,0,,1,1,0.227368,0.0779468,0.269962,0.288732,0.294677,0.395789,0.300151,0.690466,0.168421,3.93316,0.282132,0,-0.530479,21.8592,-2.12676,91.2185,-0.530479,0.565791,-2.64327871799469,-3.15920889377594,0.0973372,999,,,,,,,200,4.255319148,200,4.255319148,,,,,,,,,,,,,,,,,,,"Abimelec Ortiz","sa3016926",694673
"Jorge Barrosa","ARI",18,77,69,16,11,3,0,1,9,7,6,0,18,0,0,1,,1,1,0.227571,0.0843137,0.227451,0.37069,0.296443,0.33698,0.280534,0.633423,0.109409,4.84682,0.287834,0,-0.183197,7.06502,-2.03313,76.7756,-0.183197,1.0989,-2.3026813864707947,0.6738999485969543,0.0954604,999,,,,,,,55.8,3.1,55.8,3.1,,,,,,,,,,,,,,,,,,,"Jorge Barrosa","23968",678489
"LaMonte Wade Jr.","CHW",16,70,58,13,9,2,0,2,8,6,10,0,16,1,1,0,,1,0,0.222973,0.142857,0.226891,0.62963,0.343662,0.358108,0.31415,0.70177,0.135135,4.06309,0.272727,0,-0.0105031,8.33328,0.0622415,100.513,-0.0105031,-0.264808,0.03193833865225315,-1.5148077011108398,0.0906726,999,,,,,,,74.3,4.64375,74.3,4.64375,,,,,,,,,,,,,,,,,,,"LaMonte Wade Jr.","18126",664774
"César Salazar","HOU",5,19,16,4,2,1,0,0,2,2,2,0,4,1,0,0,,0,0,0.217573,0.088968,0.185053,0.480769,0.318996,0.334728,0.295573,0.653724,0.117155,2.90338,0.25,0,-0.0335788,1.99611,-0.272517,88.7285,-0.0335788,0.112154,-0.28864726796746254,0.4871538430452347,0.0879212,999,,,,,,,18.3,3.66,18.3,3.66,,,,,,,,,,,,,,,,,,,"Cesar Salazar","21587",663967
"Nelson Velázquez","STL",24,105,94,21,13,4,0,4,12,13,9,0,27,1,1,0,,2,1,0.218837,0.0895522,0.261194,0.342857,0.293532,0.387812,0.297454,0.681344,0.168975,4.21262,0.263375,0,-0.157473,11.0766,-1.32996,91.499,-0.157473,0,-1.2153983563184738,-1.4249999523162842,0.0872703,748.5599975585938,,,,,,,103.8,4.325,103.8,4.325,,,,,,,,,,,,,,,,,,,"Nelson Velazquez","23359",676369
"Noelvi Marte","CIN",117,504,465,118,79,22,2,15,62,65,30,1,115,5,3,0,,14,5,0.254673,0.0603448,0.228448,0.264151,0.306034,0.408879,0.30978,0.714913,0.154206,5.33931,0.305466,0,-0.152897,58.2113,-1.34023,92.9142,-0.152897,-6.13366,-4.385550782084465,-11.533655166625977,0.086863,147.7100067138672,,,,,,,529.6,4.526495726,529.6,4.526495726,,,,,,,,,,,,,,,,,,,"Noelvi Marte","26517",682622
"Robert Hassell III","WSN",55,238,218,53,40,9,0,4,26,23,17,0,58,1,0,1,,6,2,0.243187,0.0711538,0.244231,0.291339,0.301158,0.337526,0.283138,0.638685,0.0943396,4.68565,0.314869,0,0.0565333,22.3405,-5.78099,79.5638,0.0565333,-0.417273,-5.708087999373674,-1.3672727942466736,0.0862451,999,,,,,,,202.3,3.678181818,202.3,3.678181818,,,,,,,,,,,,,,,,,,,"Robert Hassell III","27482",690987
"Maximo Acosta","MIA",13,56,51,12,8,2,0,1,6,6,4,0,14,0,0,0,,2,1,0.22833,0.075,0.242308,0.309524,0.290944,0.342495,0.280439,0.633439,0.114165,5.53543,0.286136,0,-0.0521724,5.13389,-1.48294,76.3539,-0.0521724,0.189415,-1.6216030158102512,0.5894153863191605,0.0850162,999,,,,,,,44.4,3.415384615,44.4,3.415384615,,,,,,,,,,,,,,,,,,,"Maximo Acosta","27963",691185
"Tommy Troy","ARI",11,49,44,10,7,2,0,1,5,5,4,0,11,1,0,0,,1,0,0.235043,0.0767754,0.224568,0.34188,0.302505,0.344017,0.286942,0.646522,0.108974,4.89586,0.293948,0,-0.00533045,4.75088,-1.03885,81.1656,-0.00533045,0.1134,-1.0991380279883742,0.2884000167250633,0.0838455,999,,,,,,,44.1,4.009090909,44.1,4.009090909,,,,,,,,,,,,,,,,,,,"Tommy Troy","sa3022561",694371
"Taylor Trammell","HOU",8,35,30,7,4,2,0,1,4,4,4,0,10,0,0,0,,1,0,0.219672,0.116477,0.284091,0.41,0.315341,0.409836,0.317153,0.725177,0.190164,4.98039,0.276923,0,0.0043068,4.25197,0.116449,103.594,0.0043068,-0.264653,0.15256360499188304,-0.539653480052948,0.0836459,999,,,,,,,38.3,4.7875,38.3,4.7875,,,,,,,,,,,,,,,,,,,"Taylor Trammell","19960",666211
"Drew Gilbert","SFG",16,70,63,14,9,3,1,2,7,8,6,0,13,1,0,0,,1,0,0.230068,0.0814664,0.191446,0.425532,0.305499,0.375854,0.300085,0.681353,0.145786,4.51398,0.264881,0,-0.139878,7.53389,-0.737153,93.5462,-0.139878,-0.187438,-0.67531818151474,-0.8374379873275757,0.0835035,999,,,,,,,71.5,4.46875,71.5,4.46875,,,,,,,,,,,,,,,,,,,"Drew Gilbert","31545",687551
"Ryan Kreidler","MIN",11,49,42,8,5,2,0,1,5,5,5,0,15,1,0,0,,1,1,0.198225,0.109694,0.303571,0.361345,0.298201,0.319527,0.279153,0.617727,0.121302,5.62039,0.280374,0,-0.00485271,4.44097,-1.34876,76.0836,-0.00485271,0.21,-1.3860781751573086,0.48500001430511475,0.0803585,999,,,,,,,35.1,3.19090909,35.1,3.19090909,,,,,,,,,,,,,,,,,,,"Ryan Kreidler","25867",668952
"Leo De Vries","ATH",8,35,31,7,4,2,0,1,4,4,3,0,9,0,0,0,,0,0,0.225532,0.082218,0.254302,0.323308,0.298851,0.382979,0.297581,0.681829,0.157447,4.99003,0.285276,0,-0.0919349,3.69579,-0.439729,86.7166,-0.0919349,-0.1755,-0.639894925057888,0.19950000941753387,0.0781922,999,,,,,,,32.4,4.05,32.4,4.05,,,,,,,,,,,,,,,,,,,"Leo De Vries","sa3023363",815888
"Brett Wisely","ATL",5,21,19,5,3,1,0,0,3,2,2,0,5,0,0,0,,0,0,0.242894,0.0850575,0.229885,0.37,0.313225,0.377261,0.302995,0.690486,0.134367,4.80078,0.302491,0,-0.0343454,2.30978,-0.17153,92.6753,-0.0343454,0.15239,-0.21665143221616745,0.2773898243904114,0.0776975,999,,,,,,,17.9,3.58,17.9,3.58,,,,,,,,,,,,,,,,,,,"Brett Wisely","27735",689172
"Stuart Fairchild","CLE",6,28,25,5,3,1,0,1,4,3,2,0,8,1,0,0,,1,0,0.224066,0.0836364,0.287273,0.291139,0.308824,0.377593,0.302,0.686417,0.153527,7.00252,0.301282,0,0.0989328,3.05709,-0.251327,93.7646,0.0989328,0.0945,-0.10684244334697723,-0.1055000051856041,0.0768748,999,,,,,,,26.2,4.366666666,26.2,4.366666666,,,,,,,,,,,,,,,,,,,"Stuart Fairchild","20321",656413
"Mason McCoy","SDP",6,28,25,5,3,1,0,0,3,3,2,0,9,0,0,0,,1,0,0.206806,0.0796253,0.316159,0.251852,0.274882,0.319372,0.263269,0.594253,0.112565,6.01401,0.296296,0,0.0249825,2.17662,-1.1318,69.6717,0.0249825,0.487434,-0.9814855325967073,0.7874336540699005,0.075457,999,,,,,,,13.8,2.3,13.8,2.3,,,,,,,,,,,,,,,,,,,"Mason McCoy","22232",669200
"Randal Grichuk","NYY",32,140,130,29,18,6,0,5,17,17,8,0,31,1,1,0,,0,0,0.227414,0.0605187,0.221902,0.272727,0.279539,0.395639,0.291579,0.675178,0.168224,3.29901,0.260684,0,-0.262986,14.101,-2.44111,86.53,-0.262986,0,-2.485627442598343,-1.600000023841858,0.0749894,999,,,,,,,123.8,3.86875,123.8,3.86875,,,,,,,,,,,,,,,,,,,"Randal Grichuk","10243",545341
"Ben Gamel","ATL",8,35,30,7,4,2,0,1,4,4,4,0,10,0,0,0,,0,0,0.231373,0.115646,0.295918,0.390805,0.327645,0.384314,0.314362,0.711959,0.152941,3.69018,0.31677,0,-0.107257,4.17266,0.037136,100.462,-0.107257,0,-0.088081369176507,-0.375,0.0717597,999,,,,,,,36.4,4.55,36.4,4.55,,,,,,,,,,,,,,,,,,,"Ben Gamel","12160",592325
"Vidal Bruján","NYM",8,35,31,7,5,1,0,0,4,3,3,0,7,0,0,0,,1,1,0.230189,0.0810811,0.209459,0.387097,0.301695,0.332075,0.281323,0.63377,0.101887,5.90659,0.283582,0,-0.110598,3.23379,-0.901725,81.6014,-0.110598,0.28102,-0.8738133683800697,0.4060204327106476,0.0712776,999,,,,,,,19.2,2.4,19.2,2.4,,,,,,,,,,,,,,,,,,,"Vidal Brujan","20536",660644
"Walker Jenkins","MIN",8,35,31,7,5,2,0,1,4,4,3,0,7,1,0,0,,1,0,0.24269,0.0953608,0.213918,0.445783,0.324742,0.383041,0.312257,0.707783,0.140351,5.70441,0.295276,0,0.0307245,4.11285,-0.0226664,98.8883,0.0307245,-0.445955,-0.015133494511246681,-0.520955041050911,0.0684015,999,,,,,,,37.3,4.6625,37.3,4.6625,,,,,,,,,,,,,,,,,,,"Walker Jenkins","sa3022894",805805
"Michael Conforto","CHC",29,126,110,23,14,5,0,4,14,13,13,0,34,2,1,0,,0,0,0.213158,0.105505,0.266055,0.396552,0.307339,0.365789,0.298038,0.673129,0.152632,3.07546,0.267717,0,-0.1368,13.3517,-1.53621,91.5433,-0.1368,-0.808639,-1.399695172905922,-2.1586387157440186,0.0648372,999,,,,,,,115.9,3.996551724,115.9,3.996551724,,,,,,,,,,,,,,,,,,,"Michael Conforto","16376",624424
"Will Wagner","SDP",5,21,19,5,3,1,0,0,2,2,2,0,4,0,0,0,,0,0,0.250737,0.0966057,0.174935,0.552239,0.329843,0.362832,0.308278,0.692675,0.112094,3.27488,0.294776,0,-0.0485689,2.39986,-0.0814561,100.504,-0.0485689,0.0925714,-0.03602783381938934,-0.032428570091724396,0.0644793,999,,,,,,,17.9,3.58,17.9,3.58,,,,,,,,,,,,,,,,,,,"Will Wagner","29634",695238
"Paul DeJong","NYY",5,21,19,4,2,1,0,1,2,3,1,0,7,0,0,0,,0,0,0.205357,0.0650407,0.325203,0.2,0.265583,0.377976,0.279734,0.643559,0.172619,2.89205,0.263415,0,-0.0387647,1.91318,-0.568131,78.3701,-0.0387647,0.355154,-0.5741257295012474,0.4801538586616516,0.0643355,999,,,,,,,18.7,3.74,18.7,3.74,,,,,,,,,,,,,,,,,,,"Paul DeJong","18015",657557
"Luis Urías","ARI",6,28,24,6,4,1,0,1,3,3,3,0,5,1,0,0,,0,0,0.239193,0.0954774,0.175879,0.542857,0.329146,0.363112,0.309069,0.692258,0.123919,3.16097,0.273063,0,-0.0362942,3.2178,-0.0906194,96.3231,-0.0362942,-0.254355,-0.15831658616662025,-0.15435513108968735,0.0633207,999,,,,,,,33.9,5.65,33.9,5.65,,,,,,,,,,,,,,,,,,,"Luis Urias","16622",649966
"Adael Amador","COL",15,63,56,14,10,2,0,1,7,7,6,0,11,1,0,0,,2,1,0.246014,0.0985915,0.167002,0.590361,0.327935,0.36902,0.310091,0.696956,0.123007,4.51156,0.280347,0,-0.0935546,7.29234,-0.151596,84.3548,-0.0935546,-0.441076,-1.2617533430457115,-0.21607562899589539,0.0632492,999,,,,,,,59.6,3.973333333,59.6,3.973333333,,,,,,,,,,,,,,,,,,,"Adael Amador","27962",691182
"Gabriel Rincones Jr.","PHI",8,35,31,7,4,2,0,1,5,4,4,0,9,0,0,0,,1,0,0.218605,0.102041,0.267347,0.381679,0.308163,0.376744,0.301189,0.684907,0.15814,5.13016,0.275261,0,0.000930418,3.79834,-0.337183,90.2991,0.000930418,0.2025,-0.401485096430406,-0.17249999940395355,0.0604128,999,,,,,,,37.3,4.6625,37.3,4.6625,,,,,,,,,,,,,,,,,,,"Gabriel Rincones Jr.","sa3020758",687282
"David Fry","CLE",45,192,172,37,22,8,1,6,20,24,16,1,52,4,1,0,,1,0,0.212996,0.0806452,0.270968,0.297619,0.290323,0.375451,0.291414,0.665774,0.162455,3.7954,0.264865,0,-0.0180663,19.353,-3.3805,86.4729,-0.0180663,0,-3.0855606459081173,-2.950000047683716,0.0600098,999,,,,,,,182.4,4.053333333,182.4,4.053333333,,,,,,,,,,,,,,,,,,,"David Fry","24934",681807
"Tyler Fitzgerald","SFG",5,21,19,4,3,1,0,1,3,3,1,0,6,0,0,0,,1,0,0.23516,0.060166,0.29668,0.202797,0.292887,0.381279,0.294766,0.674166,0.146119,5.74883,0.315789,0,0.0211252,2.16948,-0.311834,89.9025,0.0211252,0.139968,-0.23019508831202984,0.11496799066662788,0.059694,999,,,,,,,20.6,4.12,20.6,4.12,,,,,,,,,,,,,,,,,,,"Tyler Fitzgerald","26208",666149
"Spencer Jones","NYY",5,21,19,5,2,1,0,1,3,3,2,0,8,0,0,0,,1,0,0.238494,0.0814394,0.38447,0.211823,0.304924,0.458159,0.327088,0.763083,0.219665,6.54773,0.351779,0,0.0333865,2.72057,0.239255,110.99,0.0333865,-0.229171,0.3054113872349262,-0.45417073369026184,0.0587301,999,,,,,,,29.2,5.84,29.2,5.84,,,,,,,,,,,,,,,,,,,"Spencer Jones","sa3019969",682987
"Tyler Callihan","PIT",8,35,31,7,5,1,0,1,4,3,3,0,10,0,0,1,,1,0,0.231672,0.0738786,0.274406,0.269231,0.294906,0.357771,0.28778,0.652677,0.1261,6.04724,0.311688,0,0.0385007,3.41729,-0.718234,80.8402,0.0385007,0.133608,-0.7562911249697208,0.15860825031995773,0.0579882,999,,,,,,,31.4,3.925,31.4,3.925,,,,,,,,,,,,,,,,,,,"Tyler Callihan","27497",682997
"Rafael Flores Jr.","PIT",11,47,42,11,7,2,0,1,5,5,4,0,14,0,0,0,,0,0,0.251894,0.0777202,0.290155,0.267857,0.314335,0.395833,0.311069,0.710168,0.143939,3.12003,0.340058,0,-0.0245016,5.431,-0.075146,96.7939,-0.0245016,-0.92925,-0.20157905668020248,-0.8042500019073486,0.0557157,999,,,,,,,46.8,4.254545454,46.8,4.254545454,,,,,,,,,,,,,,,,,,,"Rafael Flores Jr.","31991",804668
"Miles Mastrobuoni","SEA",3,14,12,3,2,1,0,0,2,1,1,0,3,0,0,0,,0,0,0.240385,0.0994318,0.190341,0.522388,0.315186,0.333333,0.290107,0.64852,0.0929487,5.42443,0.292181,0,0.0229607,1.39336,-0.260843,90.9191,0.0229607,0.125321,-0.12687930651009083,0.17532074823975563,0.0542562,999,,,,,,,10.7,3.566666666,10.7,3.566666666,,,,,,,,,,,,,,,,,,,"Miles Mastrobuoni","20017",670156
"Max Schuemann","NYY",5,21,18,4,3,1,0,0,3,2,2,0,5,0,0,0,,1,0,0.223565,0.110256,0.223077,0.494253,0.326425,0.329305,0.297074,0.65573,0.10574,5.96937,0.282158,0,0.0257531,2.20883,-0.272479,90.3152,0.0257531,-0.163397,-0.21395586617290974,0.0116034597158432,0.0532469,999,,,,,,,15.2,3.04,15.2,3.04,,,,,,,,,,,,,,,,,,,"Max Schuemann","24488",680474
"Tom Murphy",,13,51,46,11,7,2,0,2,6,6,5,0,16,0,1,0,,0,0,0.234568,0.0888889,0.322222,0.275862,0.3,0.395062,0.302674,0.695062,0.160494,1.34077,0.32,0,-0.0751124,5.61814,-0.431538,92.6294,-0.0751124,-1.71257,-0.5211331993341446,-0.7125715017318726,0.0510666,999,,,,,,,55.2,4.246153846,55.2,4.246153846,,,,,,,,,,,,,,,,,,,"Tom Murphy","13499",608596
"Alika Williams","PIT",3,14,13,3,2,1,0,0,2,1,1,0,3,0,0,0,,0,0,0.24581,0.0634518,0.19797,0.320513,0.302564,0.349162,0.288275,0.651726,0.103352,4.08427,0.297101,0,-0.0300678,1.37254,-0.28167,81.1791,-0.0300678,0.217964,-0.34236135706305504,0.36796364188194275,0.0502749,999,,,,,,,9.7,3.233333333,9.7,3.233333333,,,,,,,,,,,,,,,,,,,"Alika Williams","27604",675961
"Luis Matos","MIL",6,28,26,6,4,1,0,1,3,4,2,0,3,0,0,0,,1,0,0.24826,0.0536481,0.124464,0.431034,0.296774,0.401392,0.303311,0.698166,0.153132,4.92813,0.256906,0,0.0434849,3.08689,-0.221521,95.7561,0.0434849,-0.0481983,-0.09735118597745895,-0.3481983579695225,0.0497257,999,,,,,,,27.8,4.633333333,27.8,4.633333333,,,,,,,,,,,,,,,,,,,"Luis Matos","26467",682641
"Mark Canha","TEX",15,63,54,13,9,3,0,1,6,6,6,0,13,2,1,0,,1,0,0.233553,0.0909091,0.207386,0.438356,0.326705,0.358553,0.305321,0.685257,0.125,3.53345,0.277533,0,-0.00301959,7.04833,-0.395608,96.2733,-0.00301959,-0.48114,-0.2797375477384776,-1.4061400294303894,0.0493637,999,,,,,,,62.8,4.186666666,62.8,4.186666666,,,,,,,,,,,,,,,,,,,"Mark Canha","11445",592192
"Braden Montgomery","CHW",32,140,127,30,18,8,1,3,15,16,10,0,43,2,1,0,,2,1,0.235656,0.0707635,0.307263,0.230303,0.298507,0.383197,0.297287,0.681704,0.147541,5.30024,0.330159,0,-0.258273,14.7498,-1.79226,89.0768,-0.258273,-1.09624,-2.0606764554977417,-2.2962405681610107,0.0472331,999,,,,,,,135.1,4.221875,135.1,4.221875,,,,,,,,,,,,,,,,,,,"Braden Montgomery","sa3038253",695731
"Weston Wilson","BAL",3,14,12,3,2,1,0,1,2,2,1,0,4,0,0,0,,0,0,0.221574,0.0958549,0.284974,0.336364,0.298701,0.390671,0.300641,0.689372,0.169096,5.14263,0.279279,0,-0.00722529,1.5131,-0.141105,93.0887,-0.00722529,0.0489057,-0.12126679113134742,0.09890566021203995,0.0470122,999,,,,,,,20.1,6.7,20.1,6.7,,,,,,,,,,,,,,,,,,,"Weston Wilson","19358",642215
"Yohandy Morales","WSN",13,56,51,12,8,3,0,1,7,6,4,0,17,0,0,0,,0,0,0.24359,0.0740741,0.296296,0.25,0.304094,0.371795,0.29608,0.675888,0.128205,4.46834,0.33657,0,-0.0871146,5.84502,-0.771808,88.4295,-0.0871146,0.438968,-0.8550701141357422,-0.5610322654247284,0.0457369,999,,,,,,,46.3,3.561538461,46.3,3.561538461,,,,,,,,,,,,,,,,,,,"Yohandy Morales","sa3022672",691002
"Joshua Báez","STL",3,14,12,3,2,1,0,0,2,2,1,0,4,0,0,0,,1,0,0.23445,0.0767591,0.298507,0.257143,0.307692,0.38756,0.305066,0.695252,0.15311,6.41178,0.315985,0,0.0608786,1.5634,-0.0908057,96.7134,0.0608786,0.123559,0.006343912333250046,-0.026440687477588654,0.0455993,999,,,,,,,12.6,4.2,12.6,4.2,,,,,,,,,,,,,,,,,,,"Joshua Baez","sa3017022",695491
"Isiah Kiner-Falefa","BOS",36,154,142,37,29,6,1,1,16,15,8,0,23,2,1,1,,5,1,0.258065,0.0503432,0.15103,0.333333,0.30485,0.332506,0.282835,0.637356,0.0744417,5.44764,0.300595,0,0.153558,14.4177,-3.77855,75.182,0.153558,-0.918844,-4.35107846558094,-0.5188437700271606,0.0440463,746.1500244140625,,,,,,,134.4,3.733333333,134.4,3.733333333,,,,,,,,,,,,,,,,,,,"Isiah Kiner-Falefa","16512",643396
"Drew Waters","KCR",3,14,13,3,2,1,0,0,2,1,1,0,4,0,0,0,,0,0,0.231527,0.0801782,0.293987,0.272727,0.299107,0.391626,0.301234,0.690733,0.160099,6.93049,0.315789,0,-0.0150086,1.51985,-0.134363,89.0361,-0.0150086,0.085686,-0.19591924734413624,0.13568595424294472,0.0431374,999,,,,,,,9.7,3.233333333,9.7,3.233333333,,,,,,,,,,,,,,,,,,,"Drew Waters","20505",671221
"Grant McCray","SFG",6,28,25,6,4,1,0,1,4,3,2,0,8,0,0,0,,1,0,0.228457,0.0794224,0.299639,0.26506,0.29529,0.366733,0.290694,0.662023,0.138277,7.40235,0.313846,0,0.0674126,2.80008,-0.508335,87.1135,0.0674126,-0.0528,-0.3602370172739029,-0.15280000865459442,0.0428208,999,,,,,,,28.8,4.8,28.8,4.8,,,,,,,,,,,,,,,,,,,"Grant McCray","25690",687529
"Tomás Nido","DET",3,13,12,3,2,0,0,0,1,1,1,0,3,0,0,0,,0,0,0.236364,0.0462185,0.252101,0.183333,0.277778,0.354545,0.277017,0.632323,0.118182,1.71084,0.296774,0,-0.0181075,1.1379,-0.374517,75.12,-0.0181075,0.109459,-0.39345429092645645,0.35945945978164673,0.0415962,999,,,,,,,7.8,2.6,7.8,2.6,,,,,,,,,,,,,,,,,,,"Tomas Nido","13755",621512
"Trey Sweeney","DET",3,14,13,3,2,1,0,0,2,2,1,0,4,0,0,0,,0,0,0.223005,0.0864979,0.270042,0.320312,0.295359,0.356808,0.287364,0.652166,0.133803,5.28804,0.287197,0,0.00172688,1.36218,-0.292024,82.2472,0.00172688,0.062208,-0.29120547987986356,0.21220801025629044,0.0412176,999,,,,,,,9.7,3.233333333,9.7,3.233333333,,,,,,,,,,,,,,,,,,,"Trey Sweeney","29575",700242
"Jonah Bride","TEX",3,14,12,3,2,1,0,0,1,1,2,0,3,0,0,0,,0,0,0.216901,0.120482,0.216867,0.555556,0.320482,0.335211,0.294725,0.655693,0.11831,2.27321,0.264368,0,-0.0447128,1.44586,-0.208348,88.9745,-0.0447128,0.0896786,-0.22664045169949532,0.13967857137322426,0.0404027,999,,,,,,,13.7,4.566666666,13.7,4.566666666,,,,,,,,,,,,,,,,,,,"Jonah Bride","24703",681146
"Nick Madrigal","LAA",3,14,13,3,3,1,0,0,1,1,1,0,1,0,0,0,,0,0,0.254545,0.0458333,0.1,0.458333,0.310924,0.313636,0.280856,0.624561,0.0590909,4.68068,0.285714,0,-0.0010979,1.28821,-0.365994,76.837,-0.0010979,0.228462,-0.38330228184349835,0.2784615345299244,0.0385735,999,,,,,,,9.7,3.233333333,9.7,3.233333333,,,,,,,,,,,,,,,,,,,"Nick Madrigal","20521",663611
"Tre' Morgan","TBR",5,21,18,4,3,1,0,0,2,2,2,0,4,0,0,0,,0,0,0.248571,0.118227,0.20197,0.585366,0.344828,0.351429,0.311039,0.696256,0.102857,4.47038,0.30566,0,-0.0517732,2.44694,-0.0343766,97.9246,-0.0517732,0.122727,-0.1031409502029419,-0.25227272510528564,0.0375868,999,,,,,,,13.3,2.66,13.3,2.66,,,,,,,,,,,,,,,,,,,"Tre' Morgan","sa3022919",691003
"Chas McCormick","CHC",5,21,18,4,3,1,0,1,2,2,2,0,6,0,0,0,,1,0,0.225694,0.0823171,0.277439,0.296703,0.301538,0.361111,0.291546,0.66265,0.135417,5.06325,0.291667,0,-0.0221779,2.11459,-0.366725,87.096,-0.0221779,0.118216,-0.3433504104614258,-0.006783783435821533,0.0356601,999,,,,,,,24.6,4.92,24.6,4.92,,,,,,,,,,,,,,,,,,,"Chas McCormick","19599",676801
"Brandon Valenzuela","TOR",3,13,12,2,2,0,0,0,1,1,1,0,4,0,0,0,,0,0,0.206549,0.0821918,0.273973,0.3,0.273973,0.337531,0.26932,0.611504,0.130982,2.80786,0.263941,0,-0.0176414,1.0579,-0.454515,70.6717,-0.0176414,0.112954,-0.4600965827703476,0.36295412480831146,0.0351354,999,,,,,,,2.2,0.733333333,2.2,0.733333333,,,,,,,,,,,,,,,,,,,"Brandon Valenzuela","sa3005729",678218
"Luis Vázquez","BAL",3,14,13,3,2,1,0,0,1,2,1,0,3,0,0,0,,0,0,0.235821,0.0592992,0.247978,0.23913,0.29235,0.358209,0.286178,0.650559,0.122388,3.93372,0.298319,0,-0.044755,1.34871,-0.305501,83.1256,-0.044755,0.0841154,-0.32319314777851105,0.18411538749933243,0.0350706,999,,,,,,,9.7,3.233333333,9.7,3.233333333,,,,,,,,,,,,,,,,,,,"Luis Vazquez","23442",676679
"Petey Halpin","CLE",11,49,45,10,7,2,0,1,6,5,4,0,15,0,0,0,,1,0,0.221992,0.0754717,0.301887,0.25,0.283554,0.346473,0.277375,0.630027,0.124481,6.04035,0.306962,0,0.0017434,4.37025,-1.41948,76.8015,0.0017434,0.116079,-1.3380211975891143,-0.00892125815153122,0.034741,999,,,,,,,40.1,3.645454545,40.1,3.645454545,,,,,,,,,,,,,,,,,,,"Petey Halpin","27931",690984
"Bryan Torres","STL",3,14,12,3,3,1,0,0,2,1,2,0,2,0,0,0,,0,0,0.278061,0.117137,0.164859,0.710526,0.365044,0.357143,0.324273,0.722187,0.0790816,4.53817,0.332278,0,-0.0121822,1.78171,0.127505,109.87,-0.0121822,-0.229846,0.15159335266798735,-0.2798461690545082,0.0345336,999,,,,,,,13.7,4.566666666,13.7,4.566666666,,,,,,,,,,,,,,,,,,,"Bryan Torres","sa885119",663494
"Pedro León","PHI",5,21,19,4,2,1,0,1,3,3,2,0,7,1,0,0,,1,0,0.218673,0.0743983,0.310722,0.239437,0.295154,0.388206,0.2998,0.683361,0.169533,6.24521,0.293651,0,-0.0141065,2.25531,-0.226001,89.3472,-0.0141065,0.0363365,-0.27924709487706423,-0.08866354823112488,0.0338413,999,,,,,,,26.6,5.32,26.6,5.32,,,,,,,,,,,,,,,,,,,"Pedro Leon","27781",694175
"Enmanuel Valdez","PIT",2,7,6,1,1,0,0,0,1,1,1,0,2,0,0,0,,0,0,0.239766,0.0961039,0.220779,0.435294,0.315104,0.406433,0.315025,0.721537,0.166667,3.60144,0.282258,0,-0.00721939,0.838301,0.0111969,99.504,-0.00721939,0.0825577,-0.011334042064845562,0.10755769349634647,0.0336726,999,,,,,,,2.6,1.3,2.6,1.3,,,,,,,,,,,,,,,,,,,"Enmanuel Valdez","21716",665839
"Blake Dunn","CIN",3,14,12,3,2,0,0,0,2,2,1,0,4,0,0,0,,1,0,0.241706,0.0899795,0.280164,0.321168,0.333333,0.35782,0.310066,0.691153,0.116114,6.26246,0.33213,0,0.0482935,1.62024,-0.0339709,93.1105,0.0482935,-0.0306142,-0.0660226009786129,-0.08061417937278748,0.0326527,999,,,,,,,9.7,3.233333333,9.7,3.233333333,,,,,,,,,,,,,,,,,,,"Blake Dunn","29487",694362
"Josh Rojas","KCR",3,14,12,3,2,1,0,0,2,1,1,0,3,0,0,0,,0,0,0.238095,0.103352,0.212291,0.486842,0.317416,0.35873,0.298816,0.676146,0.120635,4.91133,0.292373,0,0.0080801,1.49235,-0.161853,87.3701,0.0080801,-0.0124615,-0.2003206703811884,0.037538462318480015,0.0326454,999,,,,,,,10.7,3.566666666,10.7,3.566666666,,,,,,,,,,,,,,,,,,,"Josh Rojas","19734",668942
"Willie MacIver","TEX",2,6,6,1,1,0,0,0,1,1,1,0,2,0,0,0,,0,0,0.232787,0.0843023,0.264535,0.318681,0.309038,0.370492,0.299869,0.67953,0.137705,5.03866,0.301435,0,0.000737267,0.687691,-0.0685186,92.5176,0.000737267,0.0276136,-0.05570364190498367,0.15261363610625267,0.0324523,999,,,,,,,2.6,1.3,2.6,1.3,,,,,,,,,,,,,,,,,,,"Willie MacIver","24641",680862
"Tyler Wade","TEX",11,49,43,10,8,2,0,0,6,4,5,0,12,0,0,1,,2,1,0.22695,0.0934579,0.239875,0.38961,0.306962,0.301418,0.276101,0.60838,0.0744681,5.90136,0.300493,0,0.063195,4.31955,-1.47018,76.1445,0.063195,-0.2835,-1.3145104497671127,-0.058500006794929504,0.0320739,999,,,,,,,34.8,3.163636363,34.8,3.163636363,,,,,,,,,,,,,,,,,,,"Tyler Wade","15730",642180
"Jonatan Clase","TOR",3,14,13,3,2,1,0,0,2,2,1,0,4,0,0,0,,1,0,0.225108,0.0834951,0.287379,0.290541,0.294922,0.37013,0.29211,0.665052,0.145022,7.35256,0.301639,0,0.0596425,1.41613,-0.238076,86.3711,0.0596425,0.0433701,-0.16524232551455498,-0.006629925221204758,0.0317153,999,,,,,,,11.6,3.866666666,11.6,3.866666666,,,,,,,,,,,,,,,,,,,"Jonatan Clase","26599",682729
"Eric Haase",,3,13,12,3,2,0,0,0,1,2,1,0,4,0,0,0,,0,0,0.225664,0.0650406,0.321138,0.202532,0.277551,0.358407,0.278365,0.635958,0.132743,2.52707,0.309859,0,-0.00745559,1.1519,-0.360515,78.6673,-0.00745559,-0.0373846,-0.33108606981113553,0.21261538565158844,0.0314497,999,,,,,,,7.8,2.6,7.8,2.6,,,,,,,,,,,,,,,,,,,"Eric Haase","14111",606992
"Eduardo Valencia","DET",2,6,6,1,1,0,0,0,1,1,0,0,1,0,0,0,,0,0,0.241758,0.0675,0.22,0.306818,0.298246,0.417582,0.30873,0.715828,0.175824,2.03806,0.272727,0,-0.00918953,0.733737,-0.0224721,96.9658,-0.00918953,-0.0235922,-0.03207673877477646,0.10140776634216309,0.0296306,999,,,,,,,-0.4,-0.2,-0.4,-0.2,,,,,,,,,,,,,,,,,,,"Eduardo Valencia","sa3006622",680664
"Shay Whitcomb","HOU",2,7,6,1,1,0,0,0,1,1,0,0,2,0,0,0,,0,0,0.231915,0.0699029,0.304854,0.229299,0.293204,0.412766,0.305574,0.70597,0.180851,4.92452,0.298305,0,0.00623159,0.784588,-0.0425157,95.6179,0.00623159,0.0518906,-0.029922483023256063,0.0768906231969595,0.0294554,999,,,,,,,-0.4,-0.2,-0.4,-0.2,,,,,,,,,,,,,,,,,,,"Shay Whitcomb","27789",694376
"Hao-Yu  Lee","DET",2,7,6,1,1,0,0,0,1,1,1,0,1,0,0,0,,0,0,0.237395,0.0808271,0.210526,0.383929,0.31015,0.378151,0.302043,0.688302,0.140756,6.24196,0.283708,0,0.00446891,0.76452,-0.0625838,92.3593,0.00446891,0.0776529,-0.05856894142925739,0.10265289433300495,0.0291604,999,,,,,,,2.6,1.3,2.6,1.3,,,,,,,,,,,,,,,,,,,"Hao-Yu  Lee","sa3017863",701678
"Nacho Alvarez Jr.","ATL",2,7,6,1,1,0,0,0,1,1,1,0,1,0,0,0,,0,0,0.236504,0.0823799,0.208238,0.395604,0.316514,0.326478,0.29016,0.642992,0.0899743,3.26451,0.293515,0,-0.00926222,0.696981,-0.130123,83.8828,-0.00926222,0.118093,-0.14297737274318933,0.1930934637784958,0.0289552,999,,,,,,,2.6,1.3,2.6,1.3,,,,,,,,,,,,,,,,,,,"Nacho Alvarez Jr.","31765",805373
"Manuel Margot",,5,21,19,5,4,1,0,0,2,2,1,0,4,0,0,0,,0,0,0.247273,0.0635452,0.177258,0.358491,0.301003,0.345455,0.285734,0.646458,0.0981818,4.10695,0.290909,0,-0.0347206,2.01549,-0.465827,80.9926,-0.0347206,0,-0.5064874589443207,0.07500000298023224,0.0285701,999,,,,,,,14.9,2.98,14.9,2.98,,,,,,,,,,,,,,,,,,,"Manuel Margot","14712",622534
"Adrian Del Castillo","ARI",29,124,112,25,16,6,1,4,13,15,10,0,37,1,1,0,,0,0,0.227882,0.0823245,0.2954,0.278689,0.2954,0.386059,0.296785,0.681458,0.158177,3.45478,0.301653,0,-0.114007,12.9715,-1.63277,87.9079,-0.114007,0,-1.8853976875543594,-1.9500000476837158,0.0283205,999,,,,,,,121.7,4.196551724,121.7,4.196551724,,,,,,,,,,,,,,,,,,,"Adrian Del Castillo","29554",680728
"Mickey Gasper","BOS",2,6,6,1,1,0,0,0,1,1,1,0,1,0,0,0,,0,0,0.242958,0.103976,0.174312,0.596491,0.336391,0.376761,0.317377,0.713152,0.133803,4.36563,0.279279,0,0.000502103,0.778669,0.0224595,98.9771,0.000502103,-0.0616304,-0.007213571399915963,0.06336956471204758,0.0282826,999,,,,,,,2.6,1.3,2.6,1.3,,,,,,,,,,,,,,,,,,,"Mickey Gasper","24759",681508
"Orlando Arcia","MIN",21,91,83,18,12,4,0,2,8,9,6,0,18,0,1,0,,0,0,0.221354,0.0714286,0.202381,0.352941,0.278571,0.346354,0.27475,0.624926,0.125,1.71049,0.255973,0,-0.172698,7.92222,-2.83013,73.0507,-0.172698,-0.330694,-3.063124343752861,0.19430583715438843,0.0269341,999,,,,,,,66.2,3.152380952,66.2,3.152380952,,,,,,,,,,,,,,,,,,,"Orlando Arcia","13185",606115
"Jeferson Quero","MIL",2,6,6,1,1,0,0,0,1,1,0,0,1,0,0,0,,0,0,0.23053,0.0736544,0.1983,0.371429,0.291785,0.373832,0.291649,0.665617,0.143302,2.99747,0.259259,0,-0.00220342,0.644981,-0.111228,86.1289,-0.00220342,0.0289286,-0.10742000327445567,0.1539285723119974,0.0265438,999,,,,,,,-0.4,-0.2,-0.4,-0.2,,,,,,,,,,,,,,,,,,,"Jeferson Quero","28272",691620
"Korey Lee","CHW",3,13,12,3,2,1,0,0,2,1,1,0,4,0,0,0,,0,0,0.228228,0.0616246,0.27451,0.22449,0.280112,0.369369,0.284355,0.649481,0.141141,4.85898,0.293333,0,-0.00385644,1.21416,-0.29826,80.1683,-0.00385644,-0.1296,-0.3030437142588198,0.12039999663829803,0.0263876,999,,,,,,,10.7,3.566666666,10.7,3.566666666,,,,,,,,,,,,,,,,,,,"Korey Lee","25543",686676
"Cameron Cauley","TEX",5,21,19,4,3,1,0,1,3,2,1,0,7,0,0,0,,1,0,0.219239,0.0659794,0.317526,0.207792,0.272727,0.373602,0.28082,0.646329,0.154362,7.4066,0.302817,0,0.0322603,1.9317,-0.549607,79.3956,0.0322603,-0.218288,-0.4777170903980732,0.0067118555307388314,0.0257603,999,,,,,,,20.6,4.12,20.6,4.12,,,,,,,,,,,,,,,,,,,"Cameron Cauley","sa3017167",695508
"Shane McGuire","ATH",3,13,11,2,2,0,0,0,1,1,1,0,3,0,0,0,,0,0,0.213115,0.105714,0.245714,0.430233,0.304598,0.288525,0.271596,0.593122,0.0754098,2.86465,0.281106,0,-0.0150041,1.08156,-0.430859,68.8167,-0.0150041,0.0446897,-0.48544534109532833,0.2946896553039551,0.0255576,999,,,,,,,3.2,1.066666666,3.2,1.066666666,,,,,,,,,,,,,,,,,,,"Shane McGuire","sa3017284",676063
"RJ Schreck","TOR",2,7,6,1,1,0,0,0,1,1,1,0,2,0,0,0,,0,0,0.216066,0.113744,0.241706,0.470588,0.324582,0.398892,0.319636,0.723474,0.182825,4.79706,0.255144,0,-0.00827737,0.864505,0.0374014,105.333,-0.00827737,0.0441818,0.035719433799386024,-0.030818182975053787,0.0251515,999,,,,,,,2.6,1.3,2.6,1.3,,,,,,,,,,,,,,,,,,,"RJ Schreck","sa3022602",702302
"Max Anderson","DET",2,7,7,2,1,0,0,0,1,1,0,0,1,0,0,0,,0,0,0.252016,0.047081,0.177024,0.265957,0.293785,0.403226,0.29959,0.697011,0.15121,3.59851,0.28133,0,-0.015097,0.750576,-0.0765283,90.6692,-0.015097,0.0668571,-0.09207932092249393,0.09185713715851307,0.0246273,999,,,,,,,4.2,2.1,4.2,2.1,,,,,,,,,,,,,,,,,,,"Max Anderson","sa3022567",801194
"Kyren Paris","LAA",3,14,12,3,2,0,0,0,2,2,1,0,5,0,0,0,,1,0,0.20339,0.0945274,0.350746,0.269504,0.29,0.344633,0.282432,0.634633,0.141243,7.50631,0.302439,0,0.0617944,1.30613,-0.34808,77.9227,0.0617944,0.00934615,-0.30249587446451187,0.059346155263483524,0.0244228,999,,,,,,,9.7,3.233333333,9.7,3.233333333,,,,,,,,,,,,,,,,,,,"Kyren Paris","26420",677347
"Samad Taylor","SDP",2,7,6,2,1,0,0,0,1,1,1,0,2,0,0,0,,0,0,0.25,0.0845771,0.235489,0.359155,0.317487,0.373106,0.303866,0.690593,0.123106,7.36064,0.317585,0,0.0225232,0.774881,-0.0522231,97.482,0.0225232,-0.0216761,0.0016324575990438461,0.0033239442855119705,0.0243348,999,,,,,,,8.2,4.1,8.2,4.1,,,,,,,,,,,,,,,,,,,"Samad Taylor","22274",669392
"Rodolfo Durán","SDP",2,6,6,1,1,0,0,0,1,1,0,0,2,0,0,0,,0,0,0.229508,0.0570571,0.243243,0.234568,0.279635,0.383607,0.288353,0.663242,0.154098,4.09037,0.277778,0,-0.000686328,0.627853,-0.128356,86.855,-0.000686328,-0.00381176,-0.10039568995125592,0.12118823523633182,0.0239127,999,,,,,,,-0.4,-0.2,-0.4,-0.2,,,,,,,,,,,,,,,,,,,"Rodolfo Duran","sa877500",660710
"Matt Mervis","WSN",5,21,19,4,2,1,0,1,2,3,1,0,6,0,0,0,,0,0,0.222785,0.0712644,0.294253,0.242188,0.287356,0.412658,0.302403,0.700015,0.189873,3.81197,0.277778,0,-0.0182126,2.29969,-0.181625,92.7607,-0.0182126,0.10255,-0.19839308969676495,-0.2724495455622673,0.0233101,999,,,,,,,18.7,3.74,18.7,3.74,,,,,,,,,,,,,,,,,,,"Matt Mervis","27845",670223
"Kevin Alcántara","CHC",5,21,19,5,3,1,0,1,2,2,2,0,7,0,0,0,,0,0,0.236111,0.0761099,0.325581,0.233766,0.298097,0.37037,0.293907,0.668468,0.134259,4.0779,0.335821,0,-0.0240427,2.15484,-0.326472,88.7133,-0.0240427,-0.054,-0.30496202409267426,-0.17899999767541885,0.0219678,999,,,,,,,27.3,5.46,27.3,5.46,,,,,,,,,,,,,,,,,,,"Kevin Alcantara","25971",682634
"Denzer Guzman","LAA",5,21,19,4,3,1,0,1,2,2,2,0,7,0,0,0,,0,0,0.219844,0.0788091,0.309982,0.254237,0.290493,0.357977,0.286438,0.64847,0.138132,4.45284,0.304615,0,-0.0164454,2.02749,-0.453824,80.682,-0.0164454,-0.14175,-0.49458445981144905,-0.016749992966651917,0.0216341,999,,,,,,,21.7,4.34,21.7,4.34,,,,,,,,,,,,,,,,,,,"Denzer Guzman","28816",694203
"Ryan Ward","LAD",2,7,6,1,1,0,0,0,1,1,1,0,2,0,0,0,,0,0,0.228625,0.0780985,0.258065,0.302632,0.29202,0.431227,0.310843,0.723247,0.202602,5.14358,0.267956,0,-0.007142,0.814534,-0.0125696,99.0321,-0.007142,0.0655147,-0.015172426588833332,-0.009485296905040741,0.0213049,999,,,,,,,2.6,1.3,2.6,1.3,,,,,,,,,,,,,,,,,,,"Ryan Ward","sa1169792",669899
"César Prieto","STL",3,14,13,3,2,1,0,0,2,2,1,0,2,0,0,0,,0,0,0.259336,0.0462428,0.150289,0.307692,0.302913,0.373444,0.296259,0.676357,0.114108,3.90204,0.29397,0,-0.0661485,1.46329,-0.190919,90.6799,-0.0661485,-0.0925714,-0.22079657018184662,-0.04257142171263695,0.0207096,999,,,,,,,9.7,3.233333333,9.7,3.233333333,,,,,,,,,,,,,,,,,,,"Cesar Prieto","30163",693409
"Rhylan Thomas","SEA",2,7,6,2,1,0,0,0,1,1,0,0,1,0,0,0,,0,0,0.270217,0.0609319,0.0770609,0.790698,0.317518,0.341223,0.291274,0.658741,0.0710059,4.83807,0.286638,0,-0.000262794,0.703315,-0.123789,91.723,-0.000262794,0.10125,-0.06855034540058114,0.026249997317790985,0.0203222,999,,,,,,,5.2,2.6,5.2,2.6,,,,,,,,,,,,,,,,,,,"Rhylan Thomas","31793",689041
"Jared Young","NYM",2,7,6,1,1,0,0,0,1,1,1,0,2,0,0,0,,0,0,0.238095,0.0980392,0.242647,0.40404,0.324324,0.420168,0.325212,0.744492,0.182073,4.64879,0.284553,0,-0.00810834,0.896197,0.0690927,111.667,-0.00810834,-0.0482885,0.0886862501502037,-0.12328846380114555,0.0202875,999,,,,,,,2.6,1.3,2.6,1.3,,,,,,,,,,,,,,,,,,,"Jared Young","20404",676724
"Dominic Fletcher","PIT",2,7,6,2,1,0,0,0,1,1,0,0,1,0,0,0,,0,0,0.243373,0.0596026,0.209713,0.284211,0.297118,0.368675,0.291801,0.665792,0.125301,4.5311,0.295238,0,-0.013835,0.70631,-0.120794,83.5947,-0.013835,0.0882321,-0.14994095358997583,0.11323214508593082,0.020072,999,,,,,,,5.2,2.6,5.2,2.6,,,,,,,,,,,,,,,,,,,"Dominic Fletcher","26149",666150
"Ben Rortvedt","NYM",3,13,11,2,2,1,0,0,1,1,1,0,4,0,0,0,,0,0,0.2,0.0892857,0.278571,0.320513,0.285199,0.306122,0.267062,0.591321,0.106122,1.74613,0.268293,0,-0.0377336,1.03444,-0.477977,71.8323,-0.0377336,-0.0148966,-0.4650552570819855,0.23510344792157412,0.0200438,999,,,,,,,6.1,2.033333333,6.1,2.033333333,,,,,,,,,,,,,,,,,,,"Ben Rortvedt","20287",666163
"Rowdy Tellez","ATL",8,35,32,8,5,1,0,1,3,5,3,0,8,0,0,0,,0,0,0.241176,0.0771277,0.239362,0.322222,0.303192,0.420588,0.311438,0.72378,0.179412,1.82424,0.277311,0,-0.0323879,4.08957,-0.0459455,98.4594,-0.0323879,0,-0.09629401937127113,-0.875,0.0197631,999,,,,,,,34.1,4.2625,34.1,4.2625,,,,,,,,,,,,,,,,,,,"Rowdy Tellez","15679",642133
"Steward Berroa","MIL",2,7,6,1,1,0,0,0,1,1,1,0,2,0,0,0,,0,0,0.21148,0.0976253,0.316623,0.308333,0.294118,0.314199,0.273276,0.608317,0.102719,7.81435,0.311005,0,0.0285509,0.601027,-0.226077,73.5427,0.0285509,0.1215,-0.19095064140856266,0.1465000007301569,0.0192799,999,,,,,,,2.6,1.3,2.6,1.3,,,,,,,,,,,,,,,,,,,"Steward Berroa","22766",672642
"Andrew Knizner",,3,13,11,2,2,0,0,0,1,1,1,0,3,0,0,0,,0,0,0.220096,0.0762712,0.199153,0.382979,0.297872,0.301435,0.271457,0.599308,0.0813397,2.51354,0.267081,0,-0.032489,1.08011,-0.432307,78.0716,-0.032489,-0.14256,-0.3633072152733803,0.10743999481201172,0.0188959,999,,,,,,,3.2,1.066666666,3.2,1.066666666,,,,,,,,,,,,,,,,,,,"Andrew Knizner","19514",668800
"Trei Cruz","DET",3,14,12,3,2,1,0,0,2,1,2,0,4,0,0,0,,0,0,0.222467,0.115385,0.251923,0.458015,0.314066,0.348018,0.294945,0.662083,0.125551,4.82386,0.287975,0,-0.0348008,1.44836,-0.205853,87.4695,-0.0348008,-0.156689,-0.24156146869063377,-0.05668852478265762,0.0187853,999,,,,,,,13.7,4.566666666,13.7,4.566666666,,,,,,,,,,,,,,,,,,,"Trei Cruz","sa3014420",669360
"Junior Perez","ATH",6,28,25,5,3,1,0,1,3,3,3,0,10,0,0,0,,1,0,0.208768,0.0942699,0.354898,0.265625,0.287313,0.367432,0.287198,0.654746,0.158664,6.0809,0.309091,0,0.0324111,2.72059,-0.587823,79.5642,0.0324111,-0.0389774,-0.6419971287250519,-0.13897745311260223,0.0186966,999,,,,,,,26.2,4.366666666,26.2,4.366666666,,,,,,,,,,,,,,,,,,,"Junior Perez","sa3005744",678577
"Tyler Black","MIL",3,14,12,3,2,0,0,0,2,2,2,0,3,0,0,0,,1,0,0.230769,0.115044,0.243363,0.472727,0.331858,0.371795,0.312595,0.703653,0.141026,7.12562,0.296703,0,0.03015,1.64898,-0.00522823,100.477,0.03015,-0.0802286,0.03807277325540781,-0.3302285671234131,0.0177643,999,,,,,,,12.7,4.233333333,12.7,4.233333333,,,,,,,,,,,,,,,,,,,"Tyler Black","29949",672012
"Cristian Pache","NYM",2,7,6,1,1,0,0,0,1,1,1,0,2,0,0,0,,0,0,0.213178,0.0868056,0.3125,0.277778,0.286713,0.317829,0.270756,0.604543,0.104651,4.20784,0.304878,0,-0.0110528,0.586706,-0.240398,74.363,-0.0110528,0.137872,-0.22374862618744373,0.16287233866751194,0.0175993,999,,,,,,,2.6,1.3,2.6,1.3,,,,,,,,,,,,,,,,,,,"Cristian Pache","19948",665506
"Vimael Machín","COL",2,7,6,2,1,0,0,0,1,1,1,0,1,0,0,0,,0,0,0.262136,0.0772627,0.187638,0.411765,0.320088,0.407767,0.315236,0.727855,0.145631,4.16675,0.303125,0,-0.00502847,0.839497,0.0123933,87.8788,-0.00502847,0.018,-0.10559101914986968,0.04299999959766865,0.0174239,999,,,,,,,8.2,4.1,8.2,4.1,,,,,,,,,,,,,,,,,,,"Vimael Machin","17684",605353
"Jonathon Long","CHC",2,7,6,2,1,0,0,0,1,1,1,0,2,0,0,0,,0,0,0.245509,0.1,0.231579,0.431818,0.329825,0.373253,0.312347,0.703078,0.127744,2.69348,0.301676,0,-0.0101102,0.823081,-0.0040228,101.345,-0.0101102,0.0547941,0.001051291823387146,-0.07020588219165802,0.0167524,999,,,,,,,8.2,4.1,8.2,4.1,,,,,,,,,,,,,,,,,,,"Jonathon Long","sa3022864",675085
"Gustavo Campero","LAA",2,7,6,2,1,0,0,0,1,1,1,0,1,0,0,0,,0,0,0.246711,0.0724638,0.185507,0.390625,0.326531,0.404605,0.320978,0.731136,0.157895,7.10824,0.286325,0,0.0123239,0.872133,0.0450286,104.475,0.0123239,-0.0585957,0.04924733750522137,-0.13359574973583221,0.0160201,999,,,,,,,8.2,4.1,8.2,4.1,,,,,,,,,,,,,,,,,,,"Gustavo Campero","22707",672569
"Maverick Handley","BAL",2,6,6,1,1,0,0,0,1,1,1,0,2,0,0,0,,0,0,0.205882,0.0945455,0.258182,0.366197,0.297794,0.289916,0.268541,0.58771,0.0840336,4.05072,0.277108,0,-0.015545,0.524904,-0.231305,70.9758,-0.015545,0.0426316,-0.23447866924107075,0.1676315777003765,0.0156979,999,,,,,,,2.6,1.3,2.6,1.3,,,,,,,,,,,,,,,,,,,"Maverick Handley","26106",668974
"Justin Dean","CHC",3,14,12,3,2,0,0,0,2,1,1,0,5,0,0,0,,1,0,0.20977,0.0920716,0.327366,0.28125,0.29156,0.304598,0.269051,0.596158,0.0948276,7.67201,0.313364,0,0.0399497,1.15403,-0.500175,71.6863,0.0399497,0.0612973,-0.4298563562333584,0.11129729449748993,0.0150629,999,,,,,,,9.7,3.233333333,9.7,3.233333333,,,,,,,,,,,,,,,,,,,"Justin Dean","25005",681909
"Garrett Stubbs","PHI",2,6,6,1,1,0,0,0,1,1,1,0,2,0,0,0,,0,0,0.226496,0.0798479,0.243346,0.328125,0.3,0.34188,0.284254,0.64188,0.115385,5.21553,0.289157,0,-0.0152904,0.606551,-0.149659,78.6975,-0.0152904,-0.0147273,-0.17687709722667933,0.11027272790670395,0.0149709,999,,,,,,,2.6,1.3,2.6,1.3,,,,,,,,,,,,,,,,,,,"Garrett Stubbs","18067",596117
"Victor Mesa Jr.","TBR",2,7,6,1,1,0,0,0,1,1,0,0,1,0,0,0,,0,0,0.233062,0.0671642,0.208955,0.321429,0.289277,0.363144,0.286504,0.65242,0.130081,3.95532,0.274368,0,-0.00707981,0.676206,-0.150898,81.0235,-0.00707981,0.0400825,-0.16364171029999852,0.0650824774056673,0.0145662,999,,,,,,,-0.4,-0.2,-0.4,-0.2,,,,,,,,,,,,,,,,,,,"Victor Mesa Jr.","25999",683748
"Bryan Ramos","BAL",3,14,13,3,2,1,0,0,1,2,1,0,3,0,0,0,,0,0,0.211401,0.0668103,0.243534,0.274336,0.276458,0.342043,0.273417,0.618501,0.130641,3.80963,0.257525,0,-0.0264164,1.20366,-0.450548,74.3352,-0.0264164,0.0511579,-0.44990150071680546,0.10115789249539375,0.0136192,999,,,,,,,9.7,3.233333333,9.7,3.233333333,,,,,,,,,,,,,,,,,,,"Bryan Ramos","25621",682868
"Ryan Clifford","NYM",2,7,6,1,1,0,0,0,1,1,1,0,2,0,0,0,,0,0,0.21063,0.115843,0.303237,0.382022,0.310051,0.40748,0.313787,0.717531,0.19685,2.97814,0.265372,0,-0.0106187,0.831262,0.00415837,103.84,-0.0106187,0.00335172,0.021241536363959312,-0.12164827575907111,0.0135549,999,,,,,,,2.6,1.3,2.6,1.3,,,,,,,,,,,,,,,,,,,"Ryan Clifford","sa3020126",691775
"Christian Franklin","WSN",15,63,55,13,10,2,0,1,8,6,7,0,15,1,0,0,,2,1,0.237089,0.104294,0.239264,0.435897,0.32716,0.34507,0.301859,0.672231,0.107981,5.35683,0.306931,0,-0.093859,6.87125,-0.572685,92.3883,-0.093859,-0.630153,-0.6622100695967674,-1.3051524758338928,0.0131638,999,,,,,,,58,3.866666666,58,3.866666666,,,,,,,,,,,,,,,,,,,"Christian Franklin","sa3017510",681047
"Akil Baddoo","MIL",3,14,12,3,2,1,0,0,2,2,1,0,4,0,0,0,,1,0,0.221687,0.104478,0.283582,0.368421,0.304904,0.383133,0.301447,0.688037,0.161446,6.57603,0.287823,0,0.0252548,1.52227,-0.131942,92.8409,0.0252548,-0.0990744,-0.0935361236333847,-0.24907438457012177,0.0126021,999,,,,,,,12.6,4.2,12.6,4.2,,,,,,,,,,,,,,,,,,,"Akil Baddoo","22168",668731
"Elias Díaz","KCR",3,13,12,3,2,1,0,0,1,1,1,0,3,0,0,0,,0,0,0.233553,0.0662651,0.231928,0.285714,0.287879,0.355263,0.282631,0.643142,0.121711,1.86669,0.288288,0,-0.0185801,1.19624,-0.316176,76.2212,-0.0185801,-0.190588,-0.3773143235594034,0.05941176414489746,0.0125489,999,,,,,,,10.7,3.566666666,10.7,3.566666666,,,,,,,,,,,,,,,,,,,"Elias Diaz","11680",553869
"Kahlil Watson","CLE",2,7,6,1,1,0,0,0,1,1,1,0,2,0,0,0,,0,0,0.218182,0.0835267,0.331787,0.251748,0.293023,0.392208,0.299091,0.685231,0.174026,6.15556,0.30303,0,-0.0106844,0.747743,-0.0793605,91.7612,-0.0106844,-0.0681308,-0.07865705527365208,-0.043130842968821526,0.0121896,999,,,,,,,2.6,1.3,2.6,1.3,,,,,,,,,,,,,,,,,,,"Kahlil Watson","sa3017513",696135
"Kevin Newman","KCR",2,7,6,2,1,0,0,0,1,1,0,0,1,0,0,0,,0,0,0.255814,0.0567376,0.170213,0.333333,0.301075,0.344961,0.284236,0.646037,0.0891473,5.01222,0.303318,0,0.00384186,0.663316,-0.163788,77.3267,0.00384186,0.0334565,-0.18322029593400657,0.05845652334392071,0.0118851,999,,,,,,,5.2,2.6,5.2,2.6,,,,,,,,,,,,,,,,,,,"Kevin Newman","17696",621028
"A.J. Vukovich","ARI",3,14,13,3,2,1,0,0,2,2,1,0,4,0,0,0,,0,0,0.231915,0.0631164,0.315582,0.2,0.284024,0.374468,0.286723,0.658492,0.142553,4.38525,0.318792,0,-0.0258166,1.3549,-0.299304,81.0156,-0.0258166,0.140754,-0.3408221174031496,-0.009245902299880981,0.0118391,999,,,,,,,9.7,3.233333333,9.7,3.233333333,,,,,,,,,,,,,,,,,,,"A.J. Vukovich","sa3014525",691021
"Scott Kingery","CHC",3,14,13,3,2,0,0,0,2,1,1,0,5,0,0,0,,0,0,0.202312,0.0708661,0.341207,0.207692,0.262599,0.32659,0.260158,0.589189,0.124277,6.61948,0.291866,0,0.0397642,1.05294,-0.601267,65.5938,0.0397642,0.128971,-0.5311339311301708,0.17897087708115578,0.0116248,999,,,,,,,6.8,2.266666666,6.8,2.266666666,,,,,,,,,,,,,,,,,,,"Scott Kingery","17975",664068
"Billy Cook","PIT",16,70,63,15,10,3,0,2,8,7,5,0,20,1,0,0,,2,0,0.230958,0.0730089,0.283186,0.257812,0.296214,0.371007,0.29212,0.667221,0.140049,5.97475,0.306273,0,0.110154,7.08124,-1.1898,83.8133,0.110154,-0.586552,-1.2327631264925003,-0.9865516722202301,0.0112137,999,,,,,,,70.3,4.39375,70.3,4.39375,,,,,,,,,,,,,,,,,,,"Billy Cook","29573",695257
"Nick Sogard","BOS",3,14,12,3,2,1,0,0,2,1,1,0,3,0,0,0,,0,0,0.243619,0.105691,0.203252,0.52,0.328571,0.336427,0.298929,0.664998,0.0928074,4.68628,0.303951,0,-0.00880664,1.49364,-0.160569,86.2686,-0.00880664,-0.09072,-0.2353834705427289,-0.14072000235319138,0.0108199,999,,,,,,,10.7,3.566666666,10.7,3.566666666,,,,,,,,,,,,,,,,,,,"Nick Sogard","25483",686765
"Matt Thaiss","BOS",2,6,5,1,1,0,0,0,1,1,1,0,2,0,0,0,,0,0,0.219828,0.128205,0.241758,0.530303,0.327206,0.323276,0.295548,0.650482,0.103448,3.66752,0.286585,0,-0.00207529,0.665237,-0.0909718,83.9395,-0.00207529,-0.118,-0.12322232965379953,0.006999999284744263,0.0106462,999,,,,,,,3.6,1.8,3.6,1.8,,,,,,,,,,,,,,,,,,,"Matt Thaiss","19318",642136
"Josh Kasevich","TOR",2,7,6,2,1,0,0,0,1,1,0,0,1,0,0,0,,0,0,0.247978,0.0689655,0.135468,0.509091,0.305419,0.315364,0.277856,0.620783,0.0673855,3.34002,0.281646,0,-0.00883121,0.627054,-0.20005,76.5518,-0.00883121,-0.0128317,-0.20228604599833488,0.06216831970959902,0.0103142,999,,,,,,,5.2,2.6,5.2,2.6,,,,,,,,,,,,,,,,,,,"Josh Kasevich","sa3020203",688460
"Rece Hinds","CIN",2,7,6,2,1,0,0,0,1,1,0,0,2,0,0,0,,0,0,0.243848,0.0597938,0.34433,0.173653,0.294845,0.46085,0.32205,0.755696,0.217002,6.42248,0.332061,0,0.00199836,0.878224,0.0511198,101.32,0.00199836,-0.0784286,0.01294557610526681,-0.1534285768866539,0.00945457,999,,,,,,,5.2,2.6,5.2,2.6,,,,,,,,,,,,,,,,,,,"Rece Hinds","27493",677956
"Matt Koperniak","STL",2,7,6,2,1,0,0,0,1,1,1,0,2,0,0,0,,0,0,0.240938,0.0721248,0.214425,0.336364,0.300195,0.353945,0.288117,0.65414,0.113006,3.9353,0.290598,0,-0.0115597,0.685372,-0.141732,85.1025,-0.0115597,0.0645366,-0.13515565730631351,-0.010463416576385498,0.00892908,999,,,,,,,8.2,4.1,8.2,4.1,,,,,,,,,,,,,,,,,,,"Matt Koperniak","sa3014834",689288
"Michael Siani","LAD",2,7,6,1,1,0,0,0,1,1,1,0,2,0,0,0,,0,0,0.20297,0.0936819,0.265795,0.352459,0.282561,0.299505,0.262436,0.582066,0.0965347,6.84927,0.269784,0,0.0191034,0.53942,-0.287684,65.8716,0.0191034,0.0898594,-0.2640415709465742,0.11485937424004078,0.00856453,999,,,,,,,2.6,1.3,2.6,1.3,,,,,,,,,,,,,,,,,,,"Michael Siani","22557",672279
"Dairon Blanco","TEX",2,7,6,1,1,0,0,0,1,1,0,0,2,0,0,0,,1,0,0.231317,0.0662461,0.264984,0.25,0.296774,0.345196,0.284766,0.64197,0.113879,7.63038,0.305699,0,0.0585495,0.666329,-0.160775,82.114,0.0585495,0,-0.08901529386639595,-0.07500000298023224,0.0078692,999,,,,,,,1.5,0.75,1.5,0.75,,,,,,,,,,,,,,,,,,,"Dairon Blanco","19779",680118
"MJ Melendez","NYM",6,28,26,6,3,1,0,1,3,4,2,0,8,0,0,0,,0,0,0.220833,0.0777989,0.29981,0.259494,0.28463,0.410417,0.300169,0.695047,0.189583,4.59235,0.279605,0,-0.0706894,3.01546,-0.292954,94.5113,-0.0706894,-0.304657,-0.25283561646938324,-0.6046567261219025,0.00757874,999,,,,,,,25.9,4.316666666,25.9,4.316666666,,,,,,,,,,,,,,,,,,,"MJ Melendez","22197",669004
"Sergio Alcántara","PHI",2,7,6,1,1,0,0,0,1,1,1,0,2,0,0,0,,0,0,0.220159,0.104895,0.230769,0.454545,0.30445,0.297082,0.273027,0.601532,0.0769231,3.51703,0.28777,0,-0.0185788,0.599613,-0.227491,72.6378,-0.0185788,0.00945,-0.24558795243501663,0.08445000275969505,0.00734131,999,,,,,,,2.6,1.3,2.6,1.3,,,,,,,,,,,,,,,,,,,"Sergio Alcantara","16417",642727
"Jared Serna","MIA",5,21,19,4,3,1,0,0,2,2,1,0,4,0,0,0,,0,0,0.225,0.0681818,0.191288,0.356436,0.288425,0.327083,0.273164,0.615508,0.102083,4.80892,0.26738,0,-0.0580213,1.80116,-0.680149,71.37,-0.0580213,0.0159344,-0.770603571087122,0.14093442633748055,0.00706017,999,,,,,,,9.3,1.86,9.3,1.86,,,,,,,,,,,,,,,,,,,"Jared Serna","sa3015579",691858
"Hayden Senger","NYM",2,6,6,1,1,0,0,0,1,1,0,0,2,0,0,0,,0,0,0.20082,0.0555556,0.307407,0.180723,0.262172,0.290984,0.248023,0.553156,0.0901639,3.65547,0.283019,0,-0.0138859,0.418289,-0.33792,58.7898,-0.0138859,0.0553671,-0.32647873647511005,0.1803670898079872,0.00683631,999,,,,,,,-0.4,-0.2,-0.4,-0.2,,,,,,,,,,,,,,,,,,,"Hayden Senger","21489",663584
"Seby Zavala","LAD",2,6,6,1,1,0,0,0,1,1,1,0,2,0,0,0,,0,0,0.174107,0.0905512,0.385827,0.234694,0.257937,0.3125,0.25502,0.570437,0.138393,2.70297,0.264463,0,-0.00294502,0.454648,-0.301561,60.7913,-0.00294502,0.0184557,-0.3003561014775187,0.14345569536089897,0.00573248,999,,,,,,,2.6,1.3,2.6,1.3,,,,,,,,,,,,,,,,,,,"Seby Zavala","18887",664874
"Cavan Biggio","HOU",2,7,6,1,1,0,0,0,1,1,1,0,2,0,0,0,,0,0,0.205387,0.111748,0.292264,0.382353,0.314121,0.316498,0.28741,0.630619,0.111111,4.15974,0.287958,0,-0.0161779,0.681354,-0.14575,83.105,-0.0161779,-0.0560187,-0.1555666346102953,-0.031018691137433052,0.00556,999,,,,,,,2.6,1.3,2.6,1.3,,,,,,,,,,,,,,,,,,,"Cavan Biggio","19252",624415
"Dom Nuñez","CLE",2,6,5,1,1,0,0,0,1,1,1,0,2,0,0,0,,0,0,0.171548,0.121429,0.339286,0.357895,0.280576,0.284519,0.259095,0.565094,0.112971,3.09675,0.255319,0,-0.0141445,0.475822,-0.280387,64.2092,-0.0141445,-0.01728,-0.2841197280213237,0.10772000066936016,0.00448926,999,,,,,,,3.6,1.8,3.6,1.8,,,,,,,,,,,,,,,,,,,"Dom Nunez","15055",624513
"Justin Foscue","TEX",3,14,12,3,2,1,0,0,2,2,1,0,2,0,0,0,,0,0,0.225962,0.0858369,0.167382,0.512821,0.303226,0.382212,0.301606,0.685437,0.15625,3.95575,0.247706,0,-0.0149916,1.52407,-0.130133,93.7146,-0.0149916,-0.072,-0.11870498489588499,-0.32200000435113907,0.00421039,999,,,,,,,10.7,3.566666666,10.7,3.566666666,,,,,,,,,,,,,,,,,,,"Justin Foscue","27501",679822
"James Triantos","CHC",2,7,6,2,1,0,0,0,1,1,0,0,1,0,0,0,,0,0,0.240088,0.055102,0.159184,0.346154,0.287755,0.332599,0.273778,0.620354,0.092511,6.4863,0.275401,0,0.0141472,0.603879,-0.223225,74.9241,0.0141472,-0.023339,-0.1938935248181224,0.0016610175371170044,0.00415995,999,,,,,,,5.2,2.6,5.2,2.6,,,,,,,,,,,,,,,,,,,"James Triantos","sa3017295",701649
"Trey Lipscomb","WSN",2,7,7,2,1,0,0,0,1,1,0,0,1,0,0,0,,0,0,0.24026,0.0546559,0.204453,0.267327,0.283976,0.337662,0.27294,0.621638,0.0974026,4.2127,0.292135,0,-0.0108708,0.599117,-0.227987,72.578,-0.0108708,0.0164531,-0.23837605398148298,0.041453124955296516,0.00368006,999,,,,,,,4.2,2.1,4.2,2.1,,,,,,,,,,,,,,,,,,,"Trey Lipscomb","31567",702358
"Riley Adams","WSN",5,19,17,4,2,1,0,1,2,2,1,0,6,0,0,0,,0,0,0.210317,0.0714286,0.328571,0.217391,0.282143,0.357143,0.28192,0.639286,0.146825,3.40884,0.292208,0,-0.0129942,1.78328,-0.485349,78.7296,-0.0129942,-0.486,-0.49702221527695656,-0.11100003123283386,0.00314779,999,,,,,,,20.7,4.14,20.7,4.14,,,,,,,,,,,,,,,,,,,"Riley Adams","19864",656180
"Brennen Davis","SEA",2,7,6,1,1,0,0,0,1,1,1,0,2,0,0,0,,0,0,0.191304,0.0766283,0.325671,0.235294,0.279693,0.352174,0.279057,0.631867,0.16087,3.54061,0.253623,0,-0.00427526,0.633881,-0.193223,83.3071,-0.00427526,0,-0.14199657272547483,-0.07500000298023224,0.00244855,999,,,,,,,2.6,1.3,2.6,1.3,,,,,,,,,,,,,,,,,,,"Brennen Davis","sa3007876",680695
"Will Banfield","CIN",2,6,6,1,1,0,0,0,1,1,0,0,2,0,0,0,,0,0,0.214706,0.043956,0.285714,0.153846,0.252747,0.335294,0.255854,0.588041,0.120588,2.35119,0.27897,0,-0.00789299,0.458982,-0.297227,55.9734,-0.00789299,0.02754,-0.34184908401221037,0.15254000015556812,0.00241667,999,,,,,,,-0.4,-0.2,-0.4,-0.2,,,,,,,,,,,,,,,,,,,"Will Banfield","23790",677943
"Anthony Seigler","BOS",2,7,6,1,1,0,0,0,1,1,1,0,1,0,0,0,,0,0,0.222222,0.128205,0.210256,0.609756,0.326478,0.339339,0.299885,0.665817,0.117117,5.81688,0.274194,0,0.0125296,0.752254,-0.0748495,86.9273,0.0125296,-0.148114,-0.09532408136874437,-0.12311429344117641,0.00230103,999,,,,,,,2.6,1.3,2.6,1.3,,,,,,,,,,,,,,,,,,,"Anthony Seigler","23802",678011
"Tim Elko","CHW",2,7,7,2,1,0,0,0,1,1,0,0,2,0,0,0,,0,0,0.233684,0.0568627,0.34902,0.162921,0.282353,0.389474,0.292221,0.671827,0.155789,3.12979,0.330961,0,-0.0042052,0.708694,-0.11841,85.5864,-0.0042052,0.0287419,-0.12312187952920794,-0.09625806473195553,0.0022047,999,,,,,,,4.2,2.1,4.2,2.1,,,,,,,,,,,,,,,,,,,"Tim Elko","31522",671284
"José Azocar","ATL",2,7,6,2,1,0,0,0,1,1,0,0,2,0,0,0,,0,0,0.250804,0.0505952,0.22619,0.223684,0.296407,0.353698,0.285543,0.650105,0.102894,6.82821,0.317597,0,0.00911423,0.670744,-0.15636,80.7204,0.00911423,0.0132545,-0.15083786193281412,-0.06174545828253031,0.0020778,999,,,,,,,5.2,2.6,5.2,2.6,,,,,,,,,,,,,,,,,,,"Jose Azocar","18821",640492
"Garrett Hampson","CIN",3,14,12,3,2,0,0,0,2,1,1,0,4,0,0,0,,0,0,0.219731,0.0876494,0.270916,0.323529,0.290323,0.304933,0.267323,0.595255,0.0852018,6.18203,0.298701,0,0.0214666,1.13439,-0.51982,63.83,0.0214666,0.0237798,-0.5786987375468016,0.12377981841564178,0.00111157,999,,,,,,,7.8,2.6,7.8,2.6,,,,,,,,,,,,,,,,,,,"Garrett Hampson","19262",641658
"Christian Encarnacion-Strand","CIN",2,7,6,2,1,0,0,0,1,1,0,0,2,0,0,0,,0,0,0.243961,0.0493274,0.266816,0.184874,0.29148,0.439614,0.314091,0.731093,0.195652,3.20946,0.296429,0,-0.0187302,0.832989,0.00588473,95.8672,-0.0187302,0,-0.053018057718873024,-0.17499999701976776,0.000498635,999,,,,,,,5.2,2.6,5.2,2.6,,,,,,,,,,,,,,,,,,,"Christian Encarnacion-Strand","30011",687952
"Jose Herrera","TEX",2,6,5,1,1,0,0,0,1,0,1,0,1,0,0,0,,0,0,0.191781,0.101167,0.225681,0.448276,0.278226,0.251142,0.244592,0.529367,0.0593607,1.50649,0.248447,0,-0.00986398,0.40046,-0.355749,54.4393,-0.00986398,0.006075,-0.35353533178567886,0.13107500039041042,-0.00022332,999,,,,,,,3.6,1.8,3.6,1.8,,,,,,,,,,,,,,,,,,,"Jose Herrera","17040",645444
"Héctor Rodríguez","CIN",2,7,7,2,1,0,0,0,1,1,0,0,1,0,0,0,,0,0,0.249545,0.0430293,0.170396,0.252525,0.284483,0.3898,0.291364,0.674282,0.140255,5.27308,0.276888,0,-0.0127662,0.703828,-0.123276,80.299,-0.0127662,0.0158601,-0.1762145832180977,-0.05913986265659332,-0.00025197,999,,,,,,,4.2,2.1,4.2,2.1,,,,,,,,,,,,,,,,,,,"Hector Rodriguez","sa3015828",699302
"Austin Barnes",,16,64,57,12,9,2,0,0,6,4,6,0,14,1,0,0,,0,0,0.204918,0.0869565,0.224638,0.387097,0.284672,0.262295,0.251355,0.546967,0.057377,3.32723,0.263736,0,-0.0113423,4.35605,-3.20604,57.3765,-0.0113423,-0.184091,-3.235484415665269,1.0659090876579285,-0.000362131,999,,,,,,,37,2.3125,37,2.3125,,,,,,,,,,,,,,,,,,,"Austin Barnes","12158",605131
"Kemp Alderman","MIA",2,7,7,2,1,0,0,0,1,1,0,0,2,0,0,0,,0,0,0.25,0.0533333,0.262857,0.202899,0.295238,0.397541,0.300534,0.692779,0.147541,5.04817,0.315634,0,-0.0246471,0.755943,-0.0711606,90.1197,-0.0246471,-0.0638182,-0.10661866888403893,-0.1388181820511818,-0.00128353,999,,,,,,,4.2,2.1,4.2,2.1,,,,,,,,,,,,,,,,,,,"Kemp Alderman","sa3022562",694580
"Sterlin Thompson","COL",2,7,6,2,1,0,0,0,1,1,1,0,2,0,0,0,,0,0,0.248322,0.0722892,0.242972,0.297521,0.319277,0.389262,0.311547,0.708539,0.14094,5.11355,0.314465,0,-0.0118561,0.818534,-0.00856977,85.3521,-0.0118561,-0.0374876,-0.13338166940957308,-0.11248760670423508,-0.00132777,999,,,,,,,8.2,4.1,8.2,4.1,,,,,,,,,,,,,,,,,,,"Sterlin Thompson","sa3019999",694514
"Eloy Jiménez","TOR",3,14,13,3,2,1,0,0,1,2,1,0,3,0,0,0,,0,0,0.247706,0.0702247,0.202247,0.347222,0.303371,0.385321,0.300304,0.688692,0.137615,1.8363,0.287449,0,-0.0134234,1.50927,-0.144942,92.0154,-0.0134234,0,-0.1451744670048356,-0.3499999940395355,-0.00136252,999,,,,,,,9.7,3.233333333,9.7,3.233333333,,,,,,,,,,,,,,,,,,,"Eloy Jimenez","17484",650391
"Nicky Lopez","COL",2,7,6,2,1,0,0,0,1,0,1,0,1,0,0,0,,0,0,0.252336,0.0833333,0.136111,0.612245,0.322129,0.323988,0.289933,0.646116,0.0716511,4.90812,0.29304,0,-0.0249868,0.695694,-0.13141,70.5458,-0.0249868,-0.00454206,-0.2693521846085787,0.02045794390141964,-0.00163726,999,,,,,,,8.2,4.1,8.2,4.1,,,,,,,,,,,,,,,,,,,"Nicky Lopez","19339",670032
"Trey Mancini","LAA",2,7,6,1,1,0,0,0,1,1,0,0,2,0,0,0,,0,0,0.232026,0.0680473,0.272189,0.25,0.295858,0.375817,0.292348,0.671675,0.143791,2.25065,0.294686,0,-0.0144565,0.709418,-0.117686,84.7532,-0.0144565,0.00744828,-0.14024763740599155,-0.11755172396078706,-0.00172609,999,,,,,,,-0.4,-0.2,-0.4,-0.2,,,,,,,,,,,,,,,,,,,"Trey Mancini","15149",641820
"Jase Bowen","SDP",2,7,6,1,1,0,0,0,1,1,0,0,2,0,0,0,,0,0,0.220049,0.0602679,0.323661,0.186207,0.276405,0.356968,0.277558,0.633373,0.136919,6.37281,0.308594,0,0.00539155,0.625361,-0.201743,79.4598,0.00539155,-0.011469,-0.1650189459323883,-0.08646903000772,-0.00190263,999,,,,,,,-0.4,-0.2,-0.4,-0.2,,,,,,,,,,,,,,,,,,,"Jase Bowen","sa3011267",687749
"Jhonkensy Noel","BAL",3,14,13,3,2,1,0,1,2,2,1,0,4,0,0,0,,0,0,0.216814,0.0552147,0.288344,0.191489,0.271984,0.393805,0.289115,0.665789,0.176991,2.67901,0.266212,0,-0.0237649,1.38209,-0.272117,85.1488,-0.0237649,0.00354745,-0.2688183896243572,-0.24645255459472537,-0.00341864,999,,,,,,,19.1,6.366666666,19.1,6.366666666,,,,,,,,,,,,,,,,,,,"Jhonkensy Noel","24257",678877
"Ben Cowles","CHC",2,7,6,1,1,0,0,0,1,1,0,0,2,0,0,0,,0,0,0.212528,0.0653061,0.336735,0.193939,0.274029,0.313199,0.261537,0.587228,0.100671,5.28256,0.316547,0,-0.00486803,0.534309,-0.292795,66.5386,-0.00486803,-0.0156774,-0.28247902169823647,0.009322579950094223,-0.00411959,999,,,,,,,-0.4,-0.2,-0.4,-0.2,,,,,,,,,,,,,,,,,,,"Ben Cowles","sa3016976",701496
"Edwin Arroyo","CIN",5,21,19,5,4,1,0,0,2,2,1,0,4,0,0,0,,0,0,0.256461,0.0512821,0.203297,0.252252,0.300184,0.335984,0.280628,0.636168,0.0795229,4.2002,0.317259,0,-0.0589312,1.92843,-0.552878,72.9444,-0.0589312,-0.0934615,-0.7323268242180347,-0.01846153289079666,-0.00533184,999,,,,,,,14.9,2.98,14.9,2.98,,,,,,,,,,,,,,,,,,,"Edwin Arroyo","sa3017626",695490
"Bryan De La Cruz","PHI",3,14,13,3,2,1,0,0,1,2,1,0,4,0,0,0,,0,0,0.238298,0.0591716,0.282051,0.20979,0.285996,0.382979,0.291146,0.668975,0.144681,3.02358,0.304762,0,-0.00356488,1.40518,-0.249032,83.4191,-0.00356488,-0.0925714,-0.2786902093794197,-0.24257143586874008,-0.00567612,999,,,,,,,9.7,3.233333333,9.7,3.233333333,,,,,,,,,,,,,,,,,,,"Bryan De La Cruz","19600",650559
"Patrick Wisdom","SEA",2,7,6,1,1,0,0,0,1,1,1,0,3,0,0,0,,0,0,0.17847,0.0886076,0.4,0.221519,0.258883,0.379603,0.27742,0.638487,0.201133,3.93875,0.251397,0,-0.0044628,0.624577,-0.202527,82.1794,-0.0044628,-0.0309273,-0.1514884759671986,-0.15592727065086365,-0.00680246,999,,,,,,,2.6,1.3,2.6,1.3,,,,,,,,,,,,,,,,,,,"Patrick Wisdom","13602",621550
"Dominic Smith","ATL",49,210,189,46,31,9,0,5,23,23,16,0,43,3,1,0,,1,0,0.241558,0.0772834,0.203747,0.37931,0.309133,0.379221,0.301839,0.688354,0.137662,3.67961,0.282759,0,-0.0328373,22.9007,-1.91238,91.8835,-0.0328373,0.0642414,-2.0529798232018948,-5.035758525133133,-0.0104346,999,,,,,,,200.6,4.093877551,200.6,4.093877551,,,,,,,,,,,,,,,,,,,"Dominic Smith","15653",642086
"Ethan Murray","MIL",3,14,12,2,2,1,0,0,1,1,1,0,4,0,0,0,,0,0,0.197101,0.0876289,0.309278,0.283333,0.277202,0.286957,0.255896,0.564159,0.0898551,4.86793,0.283784,0,0.000238854,1.0045,-0.649706,61.6369,0.000238854,0.00952941,-0.6363161027256865,0.05952941253781319,-0.011357,999,,,,,,,5.1,1.7,5.1,1.7,,,,,,,,,,,,,,,,,,,"Ethan Murray","sa3017051",696140
"Sebastián Rivero","LAA",2,6,6,1,1,0,0,0,1,1,0,0,2,0,0,0,,0,0,0.198473,0.045614,0.235088,0.19403,0.245552,0.29771,0.240284,0.543262,0.0992367,3.07773,0.248705,0,-0.0124139,0.378076,-0.378134,48.8882,-0.0124139,-0.0683133,-0.39795800391584635,0.05668674409389496,-0.0123792,999,,,,,,,-0.4,-0.2,-0.4,-0.2,,,,,,,,,,,,,,,,,,,"Sebastian Rivero","21735",665861
"Kristian Robinson","ARI",2,7,6,1,1,0,0,0,1,1,1,0,3,0,0,0,,0,0,0.210526,0.101695,0.358051,0.284024,0.29661,0.325359,0.278312,0.621969,0.114833,5.87976,0.326446,0,0.00301814,0.629645,-0.197459,75.2534,0.00301814,-0.0823729,-0.20229112054221332,-0.157372884452343,-0.0129704,999,,,,,,,2.6,1.3,2.6,1.3,,,,,,,,,,,,,,,,,,,"Kristian Robinson","sa3006884",677565
"Jose Miranda","SDP",3,14,13,3,2,1,0,0,1,1,1,0,3,0,0,0,,0,0,0.221649,0.0592417,0.189573,0.3125,0.277251,0.342784,0.273119,0.620035,0.121134,2.80201,0.254967,0,-0.0198079,1.20026,-0.453945,76.4188,-0.0198079,-0.0817297,-0.41108847968280315,-0.1817297264933586,-0.0129973,999,,,,,,,9.7,3.233333333,9.7,3.233333333,,,,,,,,,,,,,,,,,,,"Jose Miranda","20538",669304
"Kyle Farmer","ATL",15,63,58,13,9,2,0,1,6,7,4,0,14,1,0,0,,0,0,0.227119,0.0559006,0.229814,0.243243,0.285714,0.345763,0.279022,0.631477,0.118644,2.73521,0.277778,0,-0.214113,5.70315,-1.74078,76.2534,-0.214113,-0.343059,-1.9872250258922577,-0.26805882155895233,-0.0162941,999,,,,,,,45,3,45,3,,,,,,,,,,,,,,,,,,,"Kyle Farmer","14813",571657
"Tristan Peters","CHW",6,28,25,6,4,1,0,0,3,3,2,0,6,0,0,0,,0,0,0.229787,0.0860421,0.198853,0.432692,0.300766,0.348936,0.287097,0.649702,0.119149,4.99726,0.275,0,-0.0890062,2.7183,-0.590117,82.0569,-0.0890062,-0.277008,-0.6811509057879448,-0.4770076274871826,-0.0198941,999,,,,,,,17.5,2.916666666,17.5,2.916666666,,,,,,,,,,,,,,,,,,,"Tristan Peters","30063",671976
"Victor Bericoto","SFG",3,14,13,3,2,1,0,0,1,2,1,0,4,0,0,0,,0,0,0.240175,0.0588235,0.255578,0.230159,0.286004,0.362445,0.283351,0.648449,0.122271,2.87731,0.304615,0,-0.0380135,1.31657,-0.337635,82.0832,-0.0380135,-0.1404,-0.33530543372035027,-0.34039999544620514,-0.0214777,999,,,,,,,9.7,3.233333333,9.7,3.233333333,,,,,,,,,,,,,,,,,,,"Victor Bericoto","sa3008767",682674
"Andrew Pintar","MIA",3,14,13,3,2,1,0,0,1,1,1,0,4,0,0,0,,0,0,0.222874,0.072,0.290667,0.247706,0.286096,0.325513,0.271961,0.611609,0.102639,5.79294,0.310044,0,0.0230312,1.18711,-0.467101,70.5463,0.0230312,-0.198581,-0.46569161862134933,-0.24858064204454422,-0.0254235,999,,,,,,,9.7,3.233333333,9.7,3.233333333,,,,,,,,,,,,,,,,,,,"Andrew Pintar","sa3020715",801464
"Deyvison De Los Santos","MIA",21,91,85,20,14,3,0,3,10,11,5,0,23,1,0,0,,1,1,0.238589,0.0541586,0.257253,0.210526,0.286267,0.375519,0.288474,0.661786,0.136929,4.00815,0.295522,0,-0.10229,8.93619,-1.81616,81.8579,-0.10229,0.54432,-2.0589885488152504,-1.230679988861084,-0.0268137,999,,,,,,,81,3.857142857,81,3.857142857,,,,,,,,,,,,,,,,,,,"Deyvison De Los Santos","27969",691277
"Kris Bryant","COL",3,14,12,3,2,1,0,0,1,1,1,0,4,0,0,0,,0,0,0.22831,0.0890688,0.255061,0.349206,0.311741,0.3379,0.291681,0.64964,0.109589,1.38353,0.296053,0,-0.0235736,1.41125,-0.242956,71.7429,-0.0235736,0,-0.4924414288252592,-0.3499999940395355,-0.0385368,999,,,,,,,10.7,3.566666666,10.7,3.566666666,,,,,,,,,,,,,,,,,,,"Kris Bryant","15429",592178
"Jarred Kelenic","CHW",10,42,38,9,6,2,0,1,4,4,4,0,13,0,0,0,,1,0,0.228235,0.0835118,0.297645,0.280576,0.293362,0.371765,0.291022,0.665127,0.143529,4.53413,0.307971,0,-0.0822333,4.21128,-0.751345,84.7604,-0.0822333,-0.457258,-0.8366200551390648,-1.0072580873966217,-0.0407517,999,,,,,,,41.5,4.15,41.5,4.15,,,,,,,,,,,,,,,,,,,"Jarred Kelenic","22558",672284
"Jeimer Candelario","LAA",39,168,151,31,17,8,1,5,17,19,13,0,49,3,1,0,,1,1,0.205584,0.0755149,0.290618,0.259843,0.276888,0.370558,0.28352,0.647446,0.164975,3.34531,0.264591,0,-0.374281,15.8219,-4.02858,78.672,-0.374281,-0.564771,-4.597380369901657,-1.7147706151008606,-0.0542117,999,,,,,,,145.6,3.733333333,145.6,3.733333333,,,,,,,,,,,,,,,,,,,"Jeimer Candelario","13621",600869
"Zac Veen","COL",28,119,107,26,17,5,1,3,13,13,9,0,30,1,1,1,,4,1,0.239796,0.0781609,0.250575,0.311927,0.30485,0.377551,0.298523,0.682401,0.137755,5.93414,0.304348,0,0.0799477,12.6567,-1.40408,76.4298,0.0799477,-0.129906,-3.244381181895733,-1.404905766248703,-0.0706087,743.6599731445312,,,,,,,121.8,4.35,121.8,4.35,,,,,,,,,,,,,,,,,,,"Zac Veen","27770",691728
"Matthew Lugo","LAA",10,42,39,9,5,2,0,1,5,5,2,0,13,1,0,0,,1,0,0.224944,0.049896,0.318087,0.156863,0.272917,0.378619,0.283169,0.651536,0.153675,5.89,0.312281,0,-0.091539,3.94352,-1.0191,78.4304,-0.091539,-0.605508,-1.1592730730772018,-1.0555081963539124,-0.0786998,999,,,,,,,37.5,3.75,37.5,3.75,,,,,,,,,,,,,,,,,,,"Matthew Lugo","25980",683090
"Charlie Condon","COL",29,126,112,27,18,4,1,3,12,16,10,0,37,3,1,0,,1,1,0.239474,0.0774648,0.293427,0.264,0.316901,0.381579,0.308491,0.69848,0.142105,3.62456,0.325203,0,-0.330916,14.4209,-0.466933,83.2583,-0.330916,0.509143,-2.831054776906967,-2.140857219696045,-0.0797896,999,,,,,,,122.8,4.234482758,122.8,4.234482758,,,,,,,,,,,,,,,,,,,"Charlie Condon","sa3025257",809707
"Jordan Walker","STL",123,532,484,112,74,22,2,14,52,57,39,1,145,6,3,0,,8,4,0.232365,0.0735849,0.271698,0.270833,0.296226,0.373444,0.293276,0.66967,0.141079,4.20092,0.299694,0,-0.82015,54.3167,-8.54322,88.6367,-0.82015,-5.0616,-7.985067129135132,-10.961599826812744,-0.127573,511.7200012207031,,,,,,,489,3.975609756,489,3.975609756,,,,,,,,,,,,,,,,,,,"Jordan Walker","27475",691023
"Lenyn Sosa","CHW",99,427,402,100,68,18,1,14,43,56,19,0,95,2,2,2,,2,2,0.249497,0.0435606,0.221591,0.196581,0.285171,0.400402,0.296493,0.685574,0.150905,2.57976,0.29235,0,-0.926152,44.7117,-5.74168,88.5298,-0.926152,-3.14328,-6.6987611055374146,-9.418283700942993,-0.145325,487.05999755859375,,,,,,,408.7,4.128282828,408.7,4.128282828,,,,,,,,,,,,,,,,,,,"Lenyn Sosa","22896",672820
"Wilmer Flores",,37,161,144,32,22,6,0,4,15,20,13,0,29,2,2,0,,0,0,0.224658,0.0786241,0.179361,0.438356,0.29484,0.356164,0.287632,0.651005,0.131507,1.15621,0.249123,0,-0.245478,15.7002,-3.3232,82.2966,-0.245478,0,-3.614214986562729,-3.375,-0.15759,999,,,,,,,135.2,3.654054054,135.2,3.654054054,,,,,,,,,,,,,,,,,,,"Wilmer Flores","5827",527038
"Enrique Hernández","LAD",39,168,153,33,21,7,0,4,19,19,12,0,41,0,2,0,,0,0,0.214953,0.0710227,0.241477,0.294118,0.270655,0.345794,0.27018,0.61645,0.130841,2.51792,0.25974,0,-0.323704,14.0023,-5.84818,71.1762,-0.323704,-0.943689,-6.062946200370789,-1.1436893045902252,-0.165463,999,,,,,,,125.7,3.223076923,125.7,3.223076923,,,,,,,,,,,,,,,,,,,"Enrique Hernandez","10472",571771
"Nick Castellanos","SDP",86,371,343,84,55,17,1,11,41,44,22,1,88,3,3,0,,3,1,0.244231,0.0587189,0.238434,0.246269,0.293594,0.394231,0.29821,0.687825,0.15,4.04368,0.296791,0,-0.133163,39.3649,-4.47157,93.6073,-0.133163,-4.32771,-2.9441182762384415,-11.302714347839355,-0.194759,631.0399780273438,,,,,,,363.7,4.229069767,363.7,4.229069767,,,,,,,,,,,,,,,,,,,"Nick Castellanos","11737",592206
"Adam Frazier","LAA",60,259,234,55,40,10,1,4,27,24,17,1,47,4,2,2,,4,3,0.233062,0.0661765,0.181373,0.364865,0.293827,0.330623,0.276593,0.62445,0.097561,3.89186,0.273973,0,-0.676211,22.9355,-7.66738,73.9002,-0.676211,-1.80307,-8.643484354019165,-2.1780731081962585,-0.19513,999,,,,,,,208.5,3.475,208.5,3.475,,,,,,,,,,,,,,,,,,,"Adam Frazier","15223",624428
"Tyler Austin","CHC",31,133,120,26,18,5,0,3,14,13,10,0,34,1,1,1,,2,1,0.21721,0.0754939,0.257085,0.293654,0.283942,0.341143,0.276294,0.625086,0.123933,4.66681,0.27552,0,-0.0139656,11.7454,-3.96959,76.6476,-0.0139656,0,-3.6950582936406136,-2.9749999046325684,-0.229703,999,,,,,,,102.3,3.3,102.3,3.3,,,,,,,,,,,,,,,,,,,"Tyler Austin","11850",592122